action_id,score
1-Mar,8.48
2-Mar,2.1
A1BG,5.16
A1CF,0.148
A2M,0.0
A2ML1,1.3
A3GALT2,0.239
A4GALT,1.44
A4GNT,0.477
AAAS,15.1
AACS,0.00113
AADAC,3.38
AADACL2,2.34
AADACL3,0.156
AADACL4,2.29
AADAT,1.76
AAED1,0.491
AAGAB,12.1
AAK1,0.136
AAMDC,0.115
AAMP,7.55
AANAT,0.801
AAR2,0.0426
AARD,0.0
AARS,6.04
AARS2,2.9
AARSD1,0.0741
AASDH,5.07
AASDHPPT,6.38
AASS,0.0
AATF,0.0741
AATK,0.975
ABAT,0.672
ABCA1,0.638
ABCA10,0.00726
ABCA12,9.22
ABCA13,0.14
ABCA2,4.85
ABCA3,0.642
ABCA4,4.23
ABCA5,0.646
ABCA6,0.437
ABCA7,0.0
ABCA8,0.642
ABCA9,0.752
ABCB1,2.52
ABCB10,0.238
ABCB11,0.166
ABCB4,1.34
ABCB5,0.818
ABCB6,0.202
ABCB7,6.46
ABCB8,0.849
ABCB9,9.73
ABCC1,0.0
ABCC10,14.6
ABCC11,0.133
ABCC12,0.0
ABCC2,0.0
ABCC3,0.904
ABCC4,0.114
ABCC5,6.31
ABCC6,2.68
ABCC8,1.3
ABCC9,2.88
ABCD1,24.2
ABCD2,0.00434
ABCD3,1.86
ABCD4,1.8
ABCE1,0.416
ABCF1,7.91
ABCF2,0.269
ABCF3,0.063
ABCG1,2.69
ABCG2,0.749
ABCG4,3.05
ABCG5,0.872
ABCG8,2.68
ABHD1,2.18
ABHD10,0.524
ABHD11,1.28
ABHD12,0.427
ABHD12B,0.0
ABHD13,1.07
ABHD14A,0.0997
ABHD14A-ACY1,1.68
ABHD14B,0.464
ABHD15,0.206
ABHD16A,7.28
ABHD16B,0.607
ABHD17A,0.409
ABHD17B,0.0
ABHD17C,5.0
ABHD18,1.4
ABHD2,3.04
ABHD3,0.217
ABHD4,1.79
ABHD5,8.24
ABHD6,0.899
ABHD8,0.416
ABI1,88.7
ABI2,0.263
ABI3,5.28
ABI3BP,1.25
ABL1,0.0449
ABL2,0.111
ABLIM1,2.78
ABLIM2,0.0
ABLIM3,0.543
ABR,8.68
ABRA,0.0403
ABRACL,0.383
ABRAXAS1,0.242
ABRAXAS2,0.893
ABT1,0.0758
ABTB1,1.83
ABTB2,6.76
AC000003.2,0.132
AC002310.13,0.173
AC002365.1,8.38
AC002398.9,4.66
AC002451.1,0.25
AC002472.1,0.0524
AC002472.13,0.673
AC002985.3,0.0172
AC003002.4,0.0
AC003002.6,1.63
AC003005.4,0.0
AC003006.7,0.0
AC003043.1,0.201
AC003101.1,0.0
AC003102.1,4.62
AC004017.1,2.41
AC004076.7,0.0909
AC004076.9,0.407
AC004381.6,5.48
AC004466.1,1.11
AC004817.1,0.0849
AC004824.2,0.24
AC004899.1,0.328
AC005003.1,0.0495
AC005008.2,1.36
AC005358.1,0.945
AC005477.1,2.91
AC005481.5,0.326
AC005493.1,0.619
AC005544.1,0.0717
AC005549.3,2.83
AC005606.1,3.99
AC005609.1,0.905
AC005779.2,0.00125
AC005841.1,0.0364
AC006116.20,9.47
AC006126.3,0.62
AC006156.1,0.0
AC006372.1,0.0335
AC006435.1,0.318
AC006449.1,0.0214
AC006455.1,0.0
AC006486.1,0.142
AC006486.9,0.0
AC006538.4,0.0608
AC006547.14,0.0
AC006946.15,0.356
AC006967.1,2.17
AC007040.11,1.41
AC007204.1,5.88
AC007375.1,0.0
AC007382.1,2.2
AC007401.2,0.23
AC007461.1,0.155
AC007557.1,0.52
AC007773.3,0.892
AC007919.2,2.57
AC007952.1,3.77
AC007952.5,0.36
AC007952.6,9.0
AC007956.1,0.00503
AC007965.1,0.0503
AC008060.7,0.359
AC008132.1,7.17
AC008132.13,1.27
AC008267.1,2.24
AC008271.1,3.34
AC008394.1,3.38
AC008443.1,10.3
AC008498.1,6.47
AC008686.1,1.78
AC008948.1,1.04
AC008964.1,12.4
AC009060.1,5.74
AC009065.1,0.529
AC009365.3,8.69
AC009403.2,5.11
AC009802.1,0.0
AC009977.1,0.0
AC010327.2,2.06
AC010336.1,0.151
AC010441.1,1.35
AC010536.1,0.0432
AC010547.9,0.0
AC010642.1,0.279
AC010646.3,0.0
AC010877.1,0.484
AC011239.1,3.57
AC011294.3,1.69
AC011298.1,0.0
AC011366.3,0.078
AC011484.1,0.0296
AC011500.1,0.0345
AC011530.4,1.31
AC011551.3,0.0723
AC011755.1,3.45
AC011897.1,0.0201
AC011997.1,4.92
AC012123.1,0.655
AC012215.1,3.5
AC012313.1,0.0534
AC012360.2,0.0
AC012414.1,2.52
AC012485.1,1.12
AC012493.2,0.486
AC013269.5,0.758
AC013449.1,0.373
AC013469.1,0.122
AC015660.1,3.65
AC015688.3,0.0837
AC015987.2,2.15
AC015989.2,1.72
AC016251.1,1.16
AC016559.1,2.79
AC016586.1,0.0965
AC016757.3,0.711
AC016885.1,0.495
AC017028.1,1.9
AC017104.2,0.0
AC018445.1,0.0
AC018470.1,0.609
AC018630.1,0.492
AC018755.1,3.83
AC018816.3,4.54
AC018867.2,2.09
AC019171.1,0.0401
AC019206.1,0.888
AC019294.1,0.743
AC020907.1,1.38
AC020922.1,3.75
AC020952.1,0.0
AC021218.2,0.0481
AC021860.1,3.09
AC022210.1,0.596
AC022400.2,0.224
AC022431.2,3.47
AC022498.1,0.0349
AC022532.1,0.0
AC023469.1,1.59
AC023590.1,0.0
AC023632.1,6.86
AC024257.1,3.49
AC024580.1,1.32
AC024592.12,0.887
AC024940.1,0.421
AC025262.1,0.427
AC025263.3,1.14
AC025278.1,26.7
AC025287.1,1.52
AC026202.1,0.188
AC026310.1,0.0
AC026369.1,0.84
AC026407.1,0.0
AC026461.1,0.0
AC026703.1,8.15
AC026740.1,0.479
AC027228.1,0.0786
AC027307.3,2.43
AC027309.1,0.602
AC027763.2,0.11
AC037199.1,0.652
AC037459.4,0.13
AC040160.1,0.615
AC040977.1,0.608
AC055736.1,1.29
AC061975.10,2.02
AC061992.1,0.141
AC062017.1,0.0
AC064874.1,0.212
AC068533.7,0.0354
AC068620.1,3.01
AC068987.1,5.44
AC069368.3,0.307
AC069547.1,0.0829
AC069547.2,1.83
AC073188.1,0.0
AC073333.1,4.82
AC073342.1,0.0
AC073343.1,1.25
AC073610.5,0.936
AC074091.13,0.569
AC074212.3,1.32
AC074389.6,0.0277
AC078925.1,1.93
AC079210.1,0.0
AC079341.1,0.0
AC079354.1,4.87
AC079354.2,2.31
AC079602.1,3.44
AC079612.1,0.0
AC083862.1,0.762
AC087239.1,0.0
AC087477.1,0.0
AC087645.1,3.47
AC090186.1,0.027
AC090427.1,0.249
AC090574.1,0.325
AC090616.2,0.0
AC091150.1,3.66
AC091801.1,19.5
AC091948.1,0.567
AC092291.2,0.2
AC092675.3,0.628
AC092687.4,5.94
AC092811.1,5.69
AC092850.1,0.0175
AC092964.2,0.178
AC093157.1,3.73
AC093323.1,0.0778
AC093677.1,0.647
AC093802.1,1.0
AC096582.1,0.0
AC096677.1,0.984
AC097381.1,0.663
AC099344.1,2.29
AC099552.4,0.0498
AC102948.2,1.03
AC103801.2,0.261
AC103809.2,0.0
AC104057.1,0.105
AC104472.1,1.14
AC104532.2,0.0
AC104534.3,2.51
AC104667.3,0.959
AC104794.4,1.67
AC104809.3,0.311
AC104841.2,1.17
AC105020.1,0.689
AC106017.1,1.72
AC106873.4,0.299
AC106876.2,1.53
AC107021.1,0.312
AC108868.1,2.65
AC109583.1,0.0198
AC109829.1,3.72
AC110615.1,11.4
AC110619.2,0.0
AC110771.1,0.0
AC110781.3,0.27
AC110792.1,5.87
AC111200.1,0.76
AC112693.2,1.21
AC112715.2,0.0
AC112721.1,0.0856
AC114494.1,0.478
AC114546.1,0.18
AC114783.1,0.0
AC115618.1,0.513
AC116407.2,0.0559
AC117395.1,2.72
AC117834.1,0.114
AC119673.1,1.08
AC120194.1,0.0
AC121757.1,0.131
AC124890.1,1.12
AC126614.1,0.0
AC127496.1,0.0711
AC129492.6,2.04
AC131097.4,1.85
AC131935.1,0.0
AC131971.1,0.0
AC132186.1,2.17
AC132192.1,0.225
AC132216.1,1.51
AC132872.2,5.16
AC135048.1,0.141
AC135178.1,0.0102
AC135983.2,0.148
AC136297.1,0.228
AC136604.1,1.4
AC137056.1,1.6
AC137932.1,2.73
AC138517.1,0.0901
AC138647.1,0.0
AC138655.1,1.55
AC139100.2,0.0124
AC139426.2,4.04
AC140061.12,2.36
AC140481.2,2.59
AC142381.1,1.11
AC144568.2,0.404
AC145676.2,0.871
AC174470.1,1.79
AC187652.1,0.159
AC226150.4,3.58
ACAA1,4.79
ACAA2,0.165
ACACA,9.06
ACACB,0.0
ACAD10,6.86
ACAD11,4.43
ACAD8,0.0281
ACAD9,2.65
ACADL,0.912
ACADM,6.94
ACADS,3.32
ACADSB,0.45
ACADVL,2.81
ACAN,2.2
ACAP1,1.56
ACAP2,3.32
ACAP3,0.0358
ACAT1,0.498
ACAT2,0.0441
ACBD3,3.01
ACBD4,6.15
ACBD5,0.0
ACBD6,2.33
ACBD7,0.0711
ACCS,0.00304
ACCSL,0.668
ACD,0.0523
ACE,0.923
ACE2,1.29
ACER1,10.7
ACER2,1.76
ACER3,0.966
ACHE,0.0
ACIN1,3.18
ACKR1,1.2
ACKR2,0.95
ACKR3,0.119
ACKR4,11.0
ACLY,0.855
ACMSD,2.22
ACO1,1.53
ACO2,3.38
ACOD1,2.6
ACOT1,0.142
ACOT11,0.00615
ACOT12,0.99
ACOT13,0.00756
ACOT2,3.53
ACOT4,0.242
ACOT6,0.0
ACOT7,1.79
ACOT8,0.699
ACOT9,1.93
ACOX1,0.0475
ACOX2,0.0
ACOX3,0.0654
ACOXL,2.09
ACP1,0.0823
ACP2,0.0
ACP5,2.14
ACP6,0.335
ACP7,0.0
ACPP,0.296
ACPT,0.534
ACR,5.11
ACRBP,2.16
ACRV1,0.499
ACSBG1,0.0
ACSBG2,0.291
ACSF2,1.29
ACSF3,4.47
ACSL1,2.0
ACSL3,0.914
ACSL4,0.0202
ACSL5,0.61
ACSL6,1.07
ACSM1,8.8
ACSM2A,6.68
ACSM2B,0.293
ACSM3,0.0
ACSM4,4.93
ACSM5,1.63
ACSM6,1.98
ACSS1,0.403
ACSS2,1.77
ACSS3,0.173
ACTA1,0.494
ACTA2,1.05
ACTB,22.5
ACTBL2,0.551
ACTC1,4.26
ACTG1,1.63
ACTG2,4.15
ACTL10,0.0488
ACTL6A,3.02
ACTL6B,0.7
ACTL7A,9.66
ACTL7B,1.18
ACTL8,0.0465
ACTL9,3.06
ACTN1,0.152
ACTN2,0.249
ACTN3,2.27
ACTN4,0.536
ACTR10,0.143
ACTR1A,0.0
ACTR1B,0.983
ACTR2,56.1
ACTR3,67.6
ACTR3B,0.0
ACTR3C,1.88
ACTR5,61.9
ACTR6,1.46
ACTR8,0.0
ACTRT1,1.72
ACTRT2,0.0143
ACTRT3,0.252
ACVR1,1.83
ACVR1B,1.7
ACVR1C,0.433
ACVR2A,0.0781
ACVR2B,2.22
ACVRL1,0.00681
ACY1,3.54
ACY3,0.0971
ACYP1,3.06
ACYP2,0.804
AD000671.6,0.535
ADA,1.32
ADA2,0.0359
ADAD1,4.69
ADAD2,0.0264
ADAL,0.102
ADAM10,0.262
ADAM11,2.82
ADAM12,0.0104
ADAM15,0.0908
ADAM17,10.4
ADAM18,5.55
ADAM19,0.0728
ADAM2,0.736
ADAM20,4.59
ADAM21,0.679
ADAM22,0.261
ADAM23,2.78
ADAM28,2.18
ADAM29,3.42
ADAM30,5.04
ADAM32,3.81
ADAM33,0.089
ADAM7,6.19
ADAM8,0.121
ADAM9,3.19
ADAMDEC1,0.0705
ADAMTS1,1.07
ADAMTS10,3.49
ADAMTS12,0.0
ADAMTS13,5.28
ADAMTS14,0.131
ADAMTS15,0.73
ADAMTS16,17.6
ADAMTS17,0.0
ADAMTS18,2.1
ADAMTS19,1.54
ADAMTS2,3.5
ADAMTS20,0.373
ADAMTS3,1.62
ADAMTS4,3.59
ADAMTS5,3.07
ADAMTS6,3.78
ADAMTS7,10.1
ADAMTS8,1.46
ADAMTS9,0.104
ADAMTSL1,0.0
ADAMTSL2,2.45
ADAMTSL3,1.32
ADAMTSL4,0.69
ADAMTSL4-AS1,0.124
ADAMTSL5,0.0
ADAP1,1.37
ADAP2,0.0
ADAR,6.28
ADARB1,4.17
ADARB2,1.79
ADAT1,2.45
ADAT2,6.02
ADAT3,10.7
ADCK1,5.53
ADCK2,0.14
ADCK5,0.558
ADCY1,11.8
ADCY10,0.1
ADCY2,0.0167
ADCY3,1.21
ADCY4,0.0
ADCY5,3.34
ADCY6,0.45
ADCY7,0.0
ADCY8,0.0
ADCY9,1.31
ADCYAP1,0.000991
ADCYAP1R1,0.0239
ADD1,0.66
ADD2,1.0
ADD3,0.381
ADGB,0.147
ADGRA1,4.74
ADGRA2,21.3
ADGRA3,11.3
ADGRB1,0.181
ADGRB2,4.73
ADGRB3,0.91
ADGRD1,1.62
ADGRD2,0.257
ADGRE1,0.741
ADGRE2,4.38
ADGRE3,0.0
ADGRE5,7.25
ADGRF1,0.0
ADGRF2,0.883
ADGRF3,4.04
ADGRF4,0.0
ADGRF5,4.03
ADGRG1,1.58
ADGRG2,0.0
ADGRG3,0.198
ADGRG4,0.00926
ADGRG5,3.14
ADGRG6,0.011
ADGRG7,0.446
ADGRL1,1.09
ADGRL2,2.25
ADGRL3,0.028
ADGRL4,1.51
ADGRV1,0.0
ADH1A,0.562
ADH1B,6.41
ADH1C,0.0064
ADH4,0.0
ADH5,0.143
ADH6,0.543
ADH7,0.0
ADHFE1,0.0
ADI1,0.131
ADIG,2.24
ADIPOQ,1.97
ADIPOR1,0.0
ADIPOR2,4.53
ADIRF,0.0962
ADK,0.125
ADM,0.111
ADM2,0.125
ADM5,2.76
ADNP,0.699
ADNP2,0.123
ADO,0.124
ADORA1,0.0466
ADORA2A,0.128
ADORA2B,2.2
ADORA3,2.17
ADPGK,0.769
ADPRH,0.708
ADPRHL1,0.15
ADPRHL2,0.0
ADPRM,8.14
ADRA1A,0.00481
ADRA1B,0.0
ADRA1D,0.688
ADRA2A,1.07
ADRA2B,1.51
ADRA2C,2.59
ADRB1,0.314
ADRB2,0.413
ADRB3,0.22
ADRM1,0.0581
ADSL,0.811
ADSS,0.305
ADSSL1,2.11
ADTRP,0.306
AE000662.92,0.056
AEBP1,7.61
AEBP2,1.34
AEN,6.11
AES,0.0362
AF131215.5,7.04
AF165138.7,3.68
AF196779.12,0.603
AFAP1,3.11
AFAP1L1,1.31
AFAP1L2,0.0
AFDN,0.672
AFF1,3.07
AFF2,32.7
AFF3,0.0699
AFF4,0.656
AFG1L,0.0381
AFG3L2,9.23
AFM,0.0547
AFMID,0.0162
AFP,0.0
AFTPH,0.0361
AGA,4.75
AGAP1,0.0
AGAP10P,0.0308
AGAP2,0.012
AGAP2-AS1,0.644
AGAP3,5.36
AGAP4,1.83
AGAP5,0.309
AGAP6,0.61
AGAP7P,1.21
AGAP9,1.08
AGBL1,0.218
AGBL2,6.21
AGBL3,0.0267
AGBL4,7.18
AGBL5,1.64
AGER,2.17
AGFG1,9.55
AGFG2,0.0551
AGGF1,0.614
AGK,4.3
AGL,9.56
AGMAT,0.404
AGMO,8.08
AGO1,1.38
AGO2,0.0
AGO3,0.0
AGO4,3.79
AGPAT1,4.63
AGPAT2,0.00218
AGPAT3,0.553
AGPAT4,7.21
AGPAT5,0.0
AGPS,13.0
AGR2,0.0
AGR3,0.16
AGRN,0.0
AGRP,0.0441
AGT,0.0138
AGTPBP1,5.02
AGTR1,0.694
AGTR2,0.0651
AGTRAP,4.77
AGXT,0.343
AGXT2,0.0601
AHCTF1,0.765
AHCY,0.949
AHCYL1,3.33
AHCYL2,6.9
AHDC1,4.76
AHI1,1.03
AHNAK,2.88
AHNAK2,0.0
AHR,54.8
AHRR,0.0023
AHSA1,27.2
AHSA2,0.000798
AHSG,0.49
AHSP,0.258
AICDA,0.58
AIDA,0.752
AIF1,1.45
AIF1L,0.06
AIFM1,1.3
AIFM2,0.0
AIFM3,3.89
AIG1,1.67
AIM2,0.512
AIMP1,0.0
AIMP2,0.278
AIP,35.6
AIPL1,0.0
AIRE,2.56
AJAP1,0.0
AJUBA,0.0
AK1,5.57
AK2,1.48
AK3,1.96
AK4,6.99
AK5,0.258
AK7,6.58
AK8,0.15
AK9,5.12
AKAIN1,3.85
AKAP1,3.36
AKAP10,4.46
AKAP11,0.393
AKAP12,0.0
AKAP13,0.0262
AKAP14,2.6
AKAP17A,7.05
AKAP2,0.0
AKAP3,1.04
AKAP4,6.19
AKAP5,5.65
AKAP6,1.19
AKAP7,1.37
AKAP8,0.0992
AKAP8L,1.83
AKAP9,2.5
AKIP1,1.14
AKIRIN1,2.07
AKIRIN2,0.151
AKNA,1.23
AKNAD1,0.458
AKR1A1,0.326
AKR1B1,2.47
AKR1B10,0.166
AKR1B15,0.407
AKR1C1,0.0
AKR1C2,0.234
AKR1C3,2.93
AKR1C4,0.256
AKR1C8P,0.000925
AKR1D1,0.66
AKR1E2,0.699
AKR7A2,0.262
AKR7A3,0.805
AKR7L,0.505
AKT1,29.0
AKT1S1,1.53
AKT2,1.74
AKT3,7.51
AKTIP,0.0
AL009178.1,0.895
AL020996.1,0.0
AL021546.6,1.4
AL022328.1,0.0
AL031663.1,4.03
AL031663.2,1.77
AL031666.2,1.34
AL033381.1,0.0
AL035252.1,0.551
AL035406.1,0.949
AL049747.1,0.0
AL049829.1,1.35
AL049840.1,1.33
AL050302.1,0.0
AL050303.1,0.359
AL078585.1,0.0
AL079342.1,1.4
AL109659.1,1.11
AL109927.1,0.0
AL117190.2,0.974
AL117190.3,0.061
AL118506.1,0.0817
AL121761.2,2.64
AL121901.1,1.14
AL121963.1,0.0
AL132989.1,1.88
AL133262.1,0.451
AL133318.1,0.0
AL133373.1,0.0215
AL133481.1,0.119
AL135998.1,0.884
AL136115.1,0.077
AL136218.1,1.65
AL136376.1,2.58
AL136531.1,4.17
AL137026.1,0.594
AL138764.1,4.35
AL138815.1,6.45
AL138815.2,3.34
AL138847.1,1.95
AL139080.1,0.546
AL139099.1,0.16
AL139147.1,3.82
AL158091.1,0.0
AL158147.2,0.014
AL160175.1,0.00297
AL160274.1,0.107
AL160286.1,1.65
AL161645.2,10.6
AL161784.1,0.0
AL161915.1,0.632
AL162389.1,0.406
AL162407.1,0.0
AL162424.1,0.231
AL162431.1,0.0
AL163636.6,1.96
AL353354.1,2.17
AL353354.2,0.0
AL353583.1,3.53
AL353608.1,1.91
AL353698.1,6.42
AL353791.1,1.47
AL354718.1,6.96
AL354808.2,0.0
AL354898.1,0.0294
AL354993.1,0.0295
AL355390.1,0.0
AL355490.1,0.0
AL355531.2,0.0
AL356356.1,0.691
AL357673.1,2.32
AL358113.1,0.123
AL358333.1,1.24
AL359091.2,0.0
AL359195.1,1.12
AL359693.1,0.222
AL359736.1,0.575
AL359878.1,0.306
AL360004.1,2.46
AL360181.1,1.77
AL365202.1,2.55
AL390778.1,0.197
AL391152.1,0.124
AL391421.1,0.0966
AL441883.1,1.7
AL445665.1,1.26
AL445989.1,0.0
AL450307.1,0.244
AL513478.1,0.127
AL583828.1,0.452
AL589739.1,7.92
AL589765.1,5.43
AL590235.1,0.00624
AL590452.1,10.7
AL590483.1,2.93
AL590560.1,0.742
AL590708.2,0.0654
AL590714.1,0.00688
AL590822.1,2.87
AL590822.2,0.0
AL590867.1,3.24
AL591479.1,1.87
AL591684.1,1.4
AL591806.1,2.88
AL592284.1,0.333
AL603965.1,1.71
AL626787.1,9.14
AL627171.1,4.15
AL627171.2,0.0159
AL627309.1,0.139
AL645608.1,0.118
AL645728.1,0.0
AL645730.2,0.441
AL645922.1,0.0
AL646016.1,2.62
AL807752.1,0.076
AL929472.1,0.0
AL953854.2,6.05
ALAD,1.63
ALAS1,0.471
ALAS2,0.0
ALB,3.82
ALCAM,0.535
ALDH16A1,0.0
ALDH18A1,5.3
ALDH1A1,0.00578
ALDH1A2,0.0399
ALDH1A3,0.725
ALDH1B1,1.56
ALDH1L1,1.31
ALDH1L2,0.639
ALDH2,1.73
ALDH3A1,0.0
ALDH3A2,0.473
ALDH3B1,0.547
ALDH3B2,0.646
ALDH4A1,0.841
ALDH5A1,3.54
ALDH6A1,0.0262
ALDH7A1,3.62
ALDH8A1,0.948
ALDH9A1,0.552
ALDOA,4.3
ALDOB,2.01
ALDOC,1.3
ALG1,4.24
ALG10,2.97
ALG10B,3.5
ALG11,2.02
ALG12,12.5
ALG13,0.0169
ALG14,2.63
ALG1L,0.197
ALG2,0.33
ALG3,5.51
ALG5,1.56
ALG6,0.919
ALG8,0.126
ALG9,11.0
ALK,9.15
ALKAL1,4.12
ALKAL2,2.32
ALKBH1,0.309
ALKBH2,0.368
ALKBH3,0.0
ALKBH4,0.0
ALKBH5,0.989
ALKBH6,1.4
ALKBH7,5.05
ALKBH8,3.3
ALLC,0.14
ALMS1,0.297
ALOX12,0.053
ALOX12B,9.37
ALOX15,0.0
ALOX15B,0.0
ALOX5,1.84
ALOX5AP,5.58
ALOXE3,0.0
ALPI,0.0
ALPK1,2.16
ALPK2,0.587
ALPK3,2.08
ALPL,7.3
ALPP,0.837
ALPPL2,0.0604
ALS2,0.711
ALS2CL,2.45
ALS2CR12,0.587
ALX1,0.0
ALX3,0.0
ALX4,3.32
ALYREF,5.66
AMACR,0.122
AMBN,0.0835
AMBP,0.0063
AMBRA1,54.9
AMD1,6.37
AMDHD1,2.64
AMDHD2,1.02
AMELX,4.31
AMELY,0.0
AMER1,0.356
AMER2,0.0922
AMER3,3.24
AMFR,2.82
AMH,2.08
AMHR2,0.0307
AMIGO1,0.126
AMIGO2,2.01
AMIGO3,1.18
AMMECR1,0.142
AMMECR1L,0.0
AMN,5.96
AMN1,3.14
AMOT,0.464
AMOTL1,0.0
AMOTL2,1.71
AMPD1,0.00445
AMPD2,0.0726
AMPD3,2.79
AMPH,0.0
AMT,0.039
AMTN,8.86
AMY1A,0.0154
AMY1B,2.86
AMY2A,1.59
AMY2B,5.17
AMZ1,1.72
AMZ2,0.0281
ANAPC1,3.36
ANAPC10,8.05
ANAPC11,2.85
ANAPC13,4.46
ANAPC15,0.155
ANAPC16,4.68
ANAPC2,11.5
ANAPC4,1.71
ANAPC5,3.65
ANAPC7,26.9
ANG,0.0652
ANGEL1,0.673
ANGEL2,5.42
ANGPT1,0.812
ANGPT2,0.0258
ANGPT4,1.07
ANGPTL1,0.104
ANGPTL2,6.18
ANGPTL3,1.2
ANGPTL4,3.06
ANGPTL5,0.0
ANGPTL6,0.0749
ANGPTL7,0.00419
ANGPTL8,0.593
ANHX,1.45
ANK1,3.11
ANK2,3.7
ANK3,7.94
ANKAR,0.0
ANKDD1A,0.723
ANKDD1B,0.0
ANKEF1,0.0
ANKFN1,2.59
ANKFY1,0.0
ANKH,0.00048
ANKHD1,5.85
ANKHD1-EIF4EBP3,1.12
ANKIB1,1.15
ANKK1,0.663
ANKLE1,0.354
ANKLE2,7.03
ANKMY1,0.0
ANKMY2,0.099
ANKRA2,4.78
ANKRD1,0.0
ANKRD10,0.24
ANKRD11,4.06
ANKRD12,0.802
ANKRD13A,8.4
ANKRD13B,1.7
ANKRD13C,2.27
ANKRD13D,3.39
ANKRD16,0.624
ANKRD17,8.62
ANKRD18A,1.88
ANKRD18B,1.63
ANKRD2,4.37
ANKRD20A1,0.836
ANKRD20A2,0.814
ANKRD20A3,0.381
ANKRD20A4,1.77
ANKRD22,0.668
ANKRD23,0.56
ANKRD24,0.459
ANKRD26,4.02
ANKRD27,1.1
ANKRD28,0.168
ANKRD29,0.579
ANKRD30A,7.73
ANKRD30B,0.423
ANKRD30BL,2.14
ANKRD31,0.0767
ANKRD33,0.841
ANKRD33B,1.45
ANKRD34A,1.45
ANKRD34B,0.598
ANKRD34C,0.505
ANKRD35,0.0259
ANKRD36,3.8
ANKRD36C,0.0
ANKRD37,2.2
ANKRD39,5.96
ANKRD40,0.617
ANKRD42,0.0
ANKRD44,0.0
ANKRD45,0.48
ANKRD46,0.239
ANKRD49,0.0508
ANKRD50,2.08
ANKRD52,0.0973
ANKRD53,0.332
ANKRD54,0.0443
ANKRD55,0.0442
ANKRD6,0.355
ANKRD60,1.28
ANKRD61,0.0
ANKRD62,0.0
ANKRD63,0.0
ANKRD65,1.77
ANKRD66,4.92
ANKRD7,2.89
ANKRD9,1.01
ANKS1A,2.81
ANKS1B,0.214
ANKS3,0.038
ANKS4B,0.0
ANKS6,1.19
ANKUB1,2.37
ANKZF1,0.748
ANLN,3.05
ANO1,0.263
ANO10,0.0
ANO2,0.15
ANO3,1.89
ANO4,0.415
ANO5,4.0
ANO6,1.09
ANO7,10.2
ANO8,0.112
ANO9,2.69
ANOS1,1.11
ANP32A,0.969
ANP32B,1.23
ANP32D,0.0
ANP32E,5.58
ANPEP,0.00681
ANTXR1,2.41
ANTXR2,1.14
ANTXRL,0.905
ANXA1,0.262
ANXA10,0.613
ANXA11,1.99
ANXA13,0.224
ANXA2,0.505
ANXA2R,0.419
ANXA3,3.19
ANXA4,2.62
ANXA5,0.00438
ANXA6,2.86
ANXA7,1.98
ANXA8,0.546
ANXA8L1,0.178
ANXA9,0.616
AOAH,3.76
AOC1,0.0
AOC2,1.45
AOC3,0.0604
AOX1,0.215
AP000295.9,0.106
AP000304.12,3.45
AP000322.53,0.0
AP000349.1,0.0218
AP000350.10,0.253
AP000350.4,0.717
AP000679.2,0.942
AP000688.1,4.08
AP000695.1,0.451
AP000708.1,0.0
AP000721.4,0.081
AP000758.1,0.706
AP000769.1,0.0
AP000783.1,0.236
AP000867.1,0.0
AP000889.3,0.0
AP000974.1,10.4
AP001024.1,8.02
AP001024.2,0.893
AP001055.1,0.771
AP001094.1,3.98
AP001350.1,0.807
AP001362.1,0.171
AP001421.1,4.29
AP001468.1,0.0
AP001579.1,1.32
AP001631.10,0.682
AP001652.1,0.094
AP001816.1,0.000854
AP001885.1,1.95
AP001888.1,0.211
AP002348.1,0.0
AP002884.2,0.0
AP002884.3,6.11
AP002956.1,0.829
AP003041.2,0.428
AP003062.1,2.65
AP003068.23,0.121
AP003733.1,3.71
AP003774.4,0.656
AP005482.1,0.738
AP006621.5,0.0
AP1AR,0.286
AP1B1,5.68
AP1G1,19.4
AP1G2,3.05
AP1M1,9.27
AP1M2,2.55
AP1S1,2.18
AP1S2,1.17
AP1S3,12.2
AP2A1,28.6
AP2A2,2.75
AP2B1,13.0
AP2M1,0.579
AP2S1,0.0
AP3B1,14.1
AP3B2,2.05
AP3D1,6.15
AP3M1,1.32
AP3M2,8.67
AP3S1,10.7
AP3S2,4.23
AP4B1,0.335
AP4E1,1.91
AP4M1,1.03
AP4S1,1.42
AP5B1,0.0177
AP5M1,0.0
AP5S1,0.0656
AP5Z1,0.998
APAF1,13.1
APBA1,7.77
APBA2,1.0
APBA3,0.718
APBB1,0.969
APBB1IP,4.88
APBB2,1.02
APBB3,16.9
APC,3.81
APC2,3.01
APCDD1,0.00327
APCDD1L,0.0486
APCS,0.0692
APEH,37.6
APEX1,0.0247
APEX2,0.469
APH1A,6.09
APH1B,0.74
API5,26.8
APIP,1.13
APLF,1.3
APLN,0.439
APLNR,2.46
APLP1,0.277
APLP2,0.0
APMAP,0.438
APOA1,2.86
APOA2,6.34
APOA4,0.273
APOA5,2.95
APOB,2.7
APOBEC1,1.35
APOBEC2,0.169
APOBEC3A,0.00144
APOBEC3B,0.0323
APOBEC3C,0.487
APOBEC3D,3.35
APOBEC3F,0.468
APOBEC3G,0.0434
APOBEC3H,0.0
APOBEC4,1.88
APOBR,7.69
APOC1,6.5
APOC2,0.41
APOC3,0.161
APOC4,0.314
APOC4-APOC2,0.856
APOD,0.0
APOE,0.327
APOF,8.86
APOH,1.21
APOL1,1.95
APOL2,0.0769
APOL3,0.0
APOL4,7.77
APOL5,0.0
APOL6,0.848
APOLD1,0.524
APOM,2.22
APOO,3.79
APOOL,3.12
APOPT1,0.709
APP,0.0825
APPBP2,11.6
APPL1,1.7
APPL2,1.47
APRT,8.48
APTX,1.24
AQP1,1.81
AQP10,6.62
AQP11,3.9
AQP12A,0.0191
AQP12B,3.36
AQP2,2.69
AQP3,0.842
AQP4,0.207
AQP5,1.63
AQP6,0.126
AQP7,1.95
AQP8,4.75
AQP9,0.29
AQR,0.23
AR,1.55
ARAF,52.7
ARAP1,0.324
ARAP2,3.99
ARAP3,0.0
ARC,1.14
ARCN1,5.29
AREG,1.73
AREL1,1.68
ARF1,8.4
ARF3,6.34
ARF4,1.49
ARF5,2.23
ARF6,9.29
ARFGAP1,0.256
ARFGAP2,0.0
ARFGAP3,10.5
ARFGEF1,0.918
ARFGEF2,2.71
ARFGEF3,0.0126
ARFIP1,0.661
ARFIP2,4.69
ARFRP1,10.2
ARG1,0.247
ARG2,0.814
ARGFX,1.17
ARGLU1,0.335
ARHGAP1,0.85
ARHGAP10,1.77
ARHGAP11A,0.0
ARHGAP11B,12.6
ARHGAP12,0.578
ARHGAP15,0.229
ARHGAP17,4.4
ARHGAP18,9.13
ARHGAP19,0.00166
ARHGAP19-SLIT1,5.29
ARHGAP20,0.0
ARHGAP21,1.89
ARHGAP22,2.62
ARHGAP23,0.124
ARHGAP24,0.0105
ARHGAP25,0.117
ARHGAP26,2.48
ARHGAP27,3.63
ARHGAP28,0.0045
ARHGAP29,0.921
ARHGAP30,5.66
ARHGAP31,7.69
ARHGAP32,3.87
ARHGAP33,3.39
ARHGAP35,0.0
ARHGAP36,0.0853
ARHGAP39,0.0875
ARHGAP4,23.2
ARHGAP40,3.1
ARHGAP42,4.59
ARHGAP44,2.45
ARHGAP45,6.1
ARHGAP5,0.0477
ARHGAP6,2.47
ARHGAP8,1.27
ARHGAP9,0.0807
ARHGDIA,9.03
ARHGDIB,5.21
ARHGDIG,7.9
ARHGEF1,0.0
ARHGEF10,1.42
ARHGEF10L,0.163
ARHGEF11,0.0
ARHGEF12,1.41
ARHGEF15,0.0
ARHGEF16,0.0
ARHGEF17,2.18
ARHGEF18,3.5
ARHGEF19,0.0974
ARHGEF2,0.0
ARHGEF25,2.58
ARHGEF26,5.95
ARHGEF28,0.282
ARHGEF3,0.0
ARHGEF33,2.13
ARHGEF35,2.22
ARHGEF37,0.126
ARHGEF38,0.0122
ARHGEF39,3.11
ARHGEF4,0.187
ARHGEF40,0.0282
ARHGEF5,2.34
ARHGEF6,0.486
ARHGEF7,0.0
ARHGEF9,0.0105
ARID1A,1.16
ARID1B,4.26
ARID2,0.386
ARID3A,7.01
ARID3B,0.103
ARID3C,2.59
ARID4A,3.77
ARID4B,0.971
ARID5A,5.37
ARID5B,0.49
ARIH1,0.363
ARIH2,30.7
ARIH2OS,3.52
ARL1,0.561
ARL10,0.14
ARL11,0.0174
ARL13A,0.579
ARL13B,0.968
ARL14,3.42
ARL14EP,0.0143
ARL14EPL,0.504
ARL15,0.778
ARL16,0.0598
ARL17A,12.4
ARL17B,0.625
ARL2,1.45
ARL2BP,0.0
ARL3,3.41
ARL4A,5.06
ARL4C,2.47
ARL4D,1.31
ARL5A,2.45
ARL5B,0.624
ARL5C,0.0
ARL6,2.33
ARL6IP1,6.27
ARL6IP4,0.0595
ARL6IP5,5.23
ARL6IP6,6.17
ARL8A,0.367
ARL8B,0.301
ARL9,0.879
ARMC1,0.0298
ARMC10,1.68
ARMC12,0.311
ARMC2,0.855
ARMC3,0.0
ARMC4,0.564
ARMC5,0.696
ARMC6,1.77
ARMC7,1.55
ARMC8,0.44
ARMC9,0.0
ARMCX1,5.73
ARMCX2,3.82
ARMCX3,1.1
ARMCX4,0.203
ARMCX5,0.043
ARMCX6,10.5
ARMS2,2.72
ARMT1,0.019
ARNT,59.6
ARNT2,2.58
ARNTL,0.164
ARNTL2,0.0277
ARPC1A,5.86
ARPC1B,0.0
ARPC2,57.4
ARPC3,47.9
ARPC4,21.8
ARPC4-TTLL3,34.8
ARPC5,7.14
ARPC5L,0.223
ARPIN,0.228
ARPP19,0.235
ARPP21,0.339
ARR3,0.0
ARRB1,0.743
ARRB2,1.3
ARRDC1,0.672
ARRDC1-AS1,0.425
ARRDC2,0.000676
ARRDC3,2.28
ARRDC4,0.44
ARRDC5,3.54
ARSA,0.407
ARSB,12.3
ARSD,0.0
ARSE,1.68
ARSF,0.42
ARSG,8.94
ARSH,0.0
ARSI,3.32
ARSJ,0.167
ARSK,4.32
ART1,0.0191
ART3,0.739
ART4,4.58
ART5,0.563
ARTN,0.7
ARV1,2.73
ARVCF,0.298
ARX,0.0
AS3MT,1.22
ASAH1,2.31
ASAH2,0.183
ASAH2B,4.61
ASAP1,1.58
ASAP2,0.186
ASAP3,0.0
ASB1,7.39
ASB10,5.95
ASB11,5.96
ASB12,2.43
ASB13,3.52
ASB14,4.12
ASB15,1.57
ASB16,3.48
ASB17,3.14
ASB18,3.2
ASB2,1.64
ASB3,3.7
ASB4,8.52
ASB5,7.72
ASB6,10.1
ASB7,8.2
ASB8,2.44
ASB9,6.79
ASCC1,2.14
ASCC2,7.57
ASCC3,5.01
ASCL1,1.56
ASCL2,0.253
ASCL3,0.728
ASCL4,0.0
ASCL5,0.14
ASF1A,2.21
ASF1B,0.00051
ASGR1,1.84
ASGR2,4.15
ASH1L,1.78
ASH2L,3.85
ASIC1,6.13
ASIC2,1.32
ASIC3,2.81
ASIC4,4.82
ASIC5,0.296
ASIP,0.0
ASL,0.0
ASMT,0.7
ASMTL,0.145
ASNA1,11.7
ASNS,0.473
ASNSD1,1.72
ASPA,1.63
ASPDH,1.38
ASPG,1.05
ASPH,2.5
ASPHD1,5.17
ASPHD2,0.441
ASPM,2.36
ASPN,0.131
ASPRV1,0.0
ASPSCR1,0.448
ASRGL1,0.923
ASS1,1.69
ASTE1,0.293
ASTL,3.07
ASTN1,1.65
ASTN2,0.0
ASXL1,0.601
ASXL2,16.8
ASXL3,0.478
ASZ1,0.939
ATAD1,10.3
ATAD2,2.46
ATAD2B,0.163
ATAD3A,0.0
ATAD3B,3.97
ATAD3C,0.0
ATAD5,11.6
ATAT1,3.51
ATCAY,0.0
ATE1,5.95
ATF1,1.77
ATF2,0.649
ATF3,1.14
ATF4,7.67
ATF5,1.56
ATF6,23.4
ATF6B,1.01
ATF7,6.29
ATF7IP,1.73
ATF7IP2,0.0
ATG10,2.95
ATG101,6.38
ATG12,2.72
ATG13,5.93
ATG14,3.25
ATG16L1,1.06
ATG16L2,3.18
ATG2A,0.162
ATG2B,0.313
ATG3,6.51
ATG4A,0.0
ATG4B,12.9
ATG4C,5.26
ATG4D,1.37
ATG5,0.215
ATG7,9.45
ATG9A,5.2
ATG9B,13.6
ATIC,2.86
ATL1,0.063
ATL2,1.42
ATL3,1.13
ATM,0.138
ATMIN,0.00695
ATN1,0.0787
ATOH1,0.0687
ATOH7,0.0
ATOH8,0.385
ATOX1,0.0
ATP10A,1.36
ATP10B,6.34
ATP10D,0.436
ATP11A,2.53
ATP11AUN,0.139
ATP11B,0.428
ATP11C,4.83
ATP12A,0.0432
ATP13A1,7.69
ATP13A2,1.65
ATP13A3,1.37
ATP13A4,1.03
ATP13A5,4.59
ATP1A1,9.45
ATP1A2,1.24
ATP1A3,2.62
ATP1A4,1.94
ATP1B1,1.47
ATP1B2,1.54
ATP1B3,2.56
ATP1B4,1.02
ATP23,0.0854
ATP2A1,6.16
ATP2A2,0.626
ATP2A3,0.122
ATP2B1,3.02
ATP2B2,0.00538
ATP2B3,1.88
ATP2B4,1.86
ATP2C1,13.7
ATP2C2,0.152
ATP4A,0.0
ATP4B,1.67
ATP5A1,2.32
ATP5B,0.325
ATP5C1,4.74
ATP5D,23.1
ATP5EP2,0.827
ATP5F1,7.65
ATP5G1,6.77
ATP5G2,8.34
ATP5G3,3.78
ATP5H,3.76
ATP5I,2.88
ATP5J,5.2
ATP5J2,1.76
ATP5J2-PTCD1,4.42
ATP5L,2.42
ATP5L2,0.0
ATP5O,1.68
ATP5S,0.1
ATP6AP1,3.24
ATP6AP1L,9.15
ATP6AP2,8.54
ATP6C,0.144
ATP6V0A1,1.92
ATP6V0A2,4.7
ATP6V0A4,0.0
ATP6V0B,4.3
ATP6V0C,2.07
ATP6V0D1,2.07
ATP6V0D2,1.71
ATP6V0E1,2.49
ATP6V0E2,1.83
ATP6V1A,0.508
ATP6V1B1,7.04
ATP6V1B2,3.57
ATP6V1C1,0.814
ATP6V1C2,2.87
ATP6V1D,5.87
ATP6V1E1,1.87
ATP6V1E2,0.0789
ATP6V1F,1.31
ATP6V1G1,7.16
ATP6V1G2,0.367
ATP6V1G2-DDX39B,3.22
ATP6V1G3,1.79
ATP6V1H,5.18
ATP7A,2.51
ATP7B,1.24
ATP8A1,0.0
ATP8A2,0.0946
ATP8B1,0.0
ATP8B2,0.932
ATP8B3,3.97
ATP8B4,5.89
ATP9A,8.0
ATP9B,3.18
ATPAF1,1.45
ATPAF2,10.9
ATPIF1,0.0375
ATR,3.86
ATRAID,0.279
ATRIP,0.18
ATRN,0.209
ATRNL1,0.0
ATRX,3.18
ATXN1,0.153
ATXN10,3.46
ATXN1L,0.123
ATXN2,2.45
ATXN2L,15.0
ATXN3,0.531
ATXN3L,3.73
ATXN7,5.4
ATXN7L1,0.00561
ATXN7L2,0.00625
ATXN7L3,0.13
ATXN7L3B,0.682
AUH,0.904
AUNIP,0.822
AUP1,9.77
AURKA,2.88
AURKAIP1,6.17
AURKB,9.64
AURKC,0.112
AUTS2,0.267
AVEN,4.39
AVIL,7.43
AVL9,3.05
AVP,3.16
AVPI1,0.217
AVPR1A,4.23
AVPR1B,0.412
AVPR2,10.4
AWAT1,0.325
AWAT2,11.9
AXDND1,2.31
AXIN1,8.54
AXIN2,1.25
AXL,0.388
AZGP1,0.2
AZI2,0.00764
AZIN1,5.8
AZIN2,0.729
AZU1,8.63
B2M,0.275
B3GALNT1,0.933
B3GALNT2,2.86
B3GALT1,0.0439
B3GALT2,2.17
B3GALT4,0.159
B3GALT5,0.132
B3GALT5-AS1,0.119
B3GALT6,0.00211
B3GAT1,0.0
B3GAT2,0.627
B3GAT3,0.0223
B3GLCT,4.2
B3GNT2,4.79
B3GNT3,0.704
B3GNT4,0.495
B3GNT5,8.47
B3GNT6,0.666
B3GNT7,0.0424
B3GNT8,0.681
B3GNT9,0.194
B3GNTL1,0.657
B4GALNT1,4.57
B4GALNT2,21.6
B4GALNT3,1.55
B4GALNT4,0.303
B4GALT1,2.31
B4GALT2,1.59
B4GALT3,0.407
B4GALT4,0.142
B4GALT5,5.85
B4GALT6,0.97
B4GALT7,6.81
B4GAT1,1.45
B9D1,0.696
B9D2,0.384
BAALC,2.02
BAALC-AS2,1.86
BAAT,3.0
BABAM1,0.204
BABAM2,0.376
BACE1,3.52
BACE2,3.45
BACH1,0.0882
BACH2,0.14
BAD,3.11
BAG1,0.00619
BAG2,8.12
BAG3,0.495
BAG4,2.56
BAG5,2.58
BAG6,0.812
BAHD1,9.77
BAIAP2,1.23
BAIAP2L1,0.21
BAIAP2L2,0.426
BAIAP3,0.104
BAK1,0.582
BAMBI,1.22
BANF1,1.58
BANF2,0.0
BANK1,0.0
BANP,7.46
BAP1,6.21
BARD1,0.426
BARHL1,0.59
BARHL2,0.013
BARX1,0.481
BARX2,2.36
BASP1,0.0
BATF,0.308
BATF2,0.0345
BATF3,12.3
BAX,10.3
BAZ1A,0.0
BAZ1B,0.995
BAZ2A,0.101
BAZ2B,3.02
BBC3,0.242
BBIP1,3.07
BBOF1,8.03
BBOX1,0.397
BBS1,0.0449
BBS10,1.66
BBS12,1.13
BBS2,0.102
BBS4,2.01
BBS7,1.41
BBS9,1.75
BBX,0.118
BCAM,4.62
BCAN,0.428
BCAP29,0.0
BCAP31,2.77
BCAR1,1.43
BCAR3,0.138
BCAS1,1.22
BCAS2,3.63
BCAS3,0.0
BCAS4,0.0
BCAT1,0.0359
BCAT2,2.52
BCCIP,3.02
BCDIN3D,2.39
BCHE,0.127
BCKDHA,0.397
BCKDHB,0.0124
BCKDK,1.7
BCL10,0.188
BCL11A,43.8
BCL11B,0.527
BCL2,6.91
BCL2A1,57.6
BCL2L1,4.26
BCL2L10,4.5
BCL2L11,9.49
BCL2L12,7.07
BCL2L13,1.94
BCL2L14,0.0
BCL2L15,0.377
BCL2L2,0.0189
BCL2L2-PABPN1,2.76
BCL3,0.0
BCL6,29.7
BCL6B,0.0
BCL7A,5.51
BCL7B,0.406
BCL7C,2.76
BCL9,0.393
BCL9L,0.0779
BCLAF1,3.92
BCO1,0.516
BCO2,0.463
BCOR,4.19
BCORL1,0.396
BCR,0.19
BCS1L,2.78
BDH1,0.0
BDH2,0.539
BDKRB1,3.42
BDKRB2,0.788
BDNF,1.81
BDP1,2.08
BEAN1,0.0
BECN1,10.6
BEGAIN,0.256
BEND2,0.0
BEND3,0.215
BEND4,0.98
BEND5,0.448
BEND6,0.245
BEND7,0.761
BEST1,0.869
BEST2,12.4
BEST3,0.0434
BEST4,4.52
BET1,1.69
BET1L,2.1
BEX1,0.00118
BEX2,0.0
BEX3,0.0227
BEX4,1.89
BEX5,1.21
BFAR,9.15
BFSP1,1.29
BFSP2,0.0
BGLAP,0.0
BGN,3.02
BHLHA15,0.0
BHLHA9,6.23
BHLHB9,0.0
BHLHE22,1.17
BHLHE23,0.0559
BHLHE40,3.72
BHLHE41,0.0
BHMT,0.65
BHMT2,0.955
BICC1,0.00321
BICD1,0.0708
BICD2,2.42
BICDL1,1.68
BICDL2,7.03
BICRA,7.88
BICRAL,3.09
BID,0.244
BIK,1.58
BIN1,0.639
BIN2,26.7
BIN3,0.046
BIRC2,2.75
BIRC3,0.0997
BIRC5,2.2
BIRC6,8.66
BIRC7,0.952
BIRC8,1.17
BIVM,0.308
BIVM-ERCC5,4.01
BLACE,0.65
BLCAP,9.3
BLID,0.0
BLK,0.119
BLM,0.827
BLMH,3.64
BLNK,0.569
BLOC1S1,0.0996
BLOC1S2,2.67
BLOC1S3,0.492
BLOC1S4,0.377
BLOC1S5,0.0198
BLOC1S5-TXNDC5,0.0176
BLOC1S6,2.82
BLVRA,0.0
BLVRB,2.18
BLZF1,4.51
BMF,0.688
BMI1,2.0
BMP1,10.0
BMP10,4.66
BMP15,2.63
BMP2,0.223
BMP2K,2.85
BMP3,0.0
BMP4,0.729
BMP5,1.35
BMP6,1.39
BMP7,1.36
BMP8A,0.0631
BMP8B,1.75
BMPER,0.2
BMPR1A,1.82
BMPR1B,0.844
BMPR2,0.0
BMS1,3.54
BMT2,0.343
BMX,0.199
BNC1,1.11
BNC2,0.0
BNIP1,1.02
BNIP2,1.04
BNIP3,0.00164
BNIP3L,3.85
BNIPL,1.95
BOC,0.271
BOD1,7.33
BOD1L1,6.95
BOD1L2,0.0
BOK,0.0367
BOLA1,0.415
BOLA2,9.66
BOLA2B,0.259
BOLA3,4.9
BOLL,0.915
BOP1,9.93
BORA,7.03
BORCS5,2.53
BORCS6,0.522
BORCS7,0.187
BORCS8,0.0
BORCS8-MEF2B,8.43
BPGM,6.03
BPHL,2.42
BPI,2.52
BPIFA1,0.00282
BPIFA2,0.279
BPIFA3,0.504
BPIFB1,0.895
BPIFB2,0.338
BPIFB3,3.67
BPIFB4,0.109
BPIFB6,0.102
BPIFC,2.41
BPNT1,0.874
BPTF,2.78
BPY2,0.0367
BPY2C,0.907
BRAF,10.6
BRAP,73.8
BRAT1,17.1
BRCA1,1.77
BRCA2,0.0155
BRCC3,1.37
BRD1,12.9
BRD2,13.7
BRD3,2.22
BRD4,16.6
BRD7,7.41
BRD8,3.29
BRD9,12.4
BRDT,0.764
BRF1,1.71
BRF2,1.34
BRI3,14.7
BRI3BP,1.55
BRICD5,6.99
BRINP1,0.0
BRINP2,3.37
BRINP3,1.89
BRIP1,1.29
BRIX1,3.68
BRK1,21.7
BRMS1,0.695
BRMS1L,0.258
BROX,0.0878
BRPF1,13.5
BRPF3,3.08
BRS3,0.194
BRSK1,0.0
BRSK2,5.98
BRWD1,1.3
BRWD3,0.0
BSCL2,6.12
BSDC1,0.0
BSG,54.3
BSN,0.189
BSND,5.77
BSPH1,0.00462
BSPRY,0.0
BST1,0.0702
BST2,2.93
BSX,0.0
BTAF1,0.607
BTBD1,0.131
BTBD10,3.43
BTBD11,3.58
BTBD16,1.52
BTBD17,0.00709
BTBD18,3.15
BTBD19,0.432
BTBD2,0.823
BTBD3,0.969
BTBD6,2.87
BTBD7,5.99
BTBD8,2.19
BTBD9,4.67
BTC,0.528
BTD,1.32
BTF3,0.182
BTF3L4,0.109
BTG1,6.2
BTG2,3.36
BTG3,0.665
BTG4,0.223
BTK,0.356
BTLA,4.45
BTN1A1,1.92
BTN2A1,3.01
BTN2A2,4.12
BTN3A1,4.94
BTN3A2,0.76
BTN3A3,12.2
BTNL2,0.0
BTNL3,1.92
BTNL8,0.297
BTNL9,3.67
BTRC,12.2
BUB1,3.19
BUB1B,3.29
BUB3,0.411
BUD13,9.14
BUD23,0.982
BUD31,5.46
BVES,0.807
BX088651.1,1.09
BX088651.2,0.0
BX255923.1,4.95
BX649567.1,0.0
BX842679.1,0.196
BYSL,2.39
BZW1,3.07
BZW2,0.33
C10orf10,0.0
C10orf105,0.0304
C10orf107,0.747
C10orf111,16.4
C10orf113,0.0225
C10orf120,0.0
C10orf126,0.0
C10orf128,5.16
C10orf25,0.511
C10orf35,0.445
C10orf53,0.333
C10orf55,2.17
C10orf62,0.124
C10orf67,2.95
C10orf71,0.0192
C10orf76,1.26
C10orf82,0.288
C10orf88,5.84
C10orf90,0.268
C10orf91,0.0703
C10orf95,2.75
C10orf99,0.314
C11orf1,1.44
C11orf16,0.0
C11orf21,0.43
C11orf24,0.484
C11orf40,0.159
C11orf42,0.317
C11orf44,2.56
C11orf45,0.0238
C11orf48,0.0
C11orf49,0.0271
C11orf52,0.0455
C11orf53,1.45
C11orf54,0.0827
C11orf57,2.44
C11orf58,2.29
C11orf63,1.2
C11orf65,2.12
C11orf68,1.67
C11orf70,1.12
C11orf71,1.74
C11orf72,0.936
C11orf74,0.165
C11orf80,3.79
C11orf84,3.63
C11orf86,0.0
C11orf87,0.0271
C11orf88,0.0462
C11orf91,0.0628
C11orf94,2.63
C11orf96,0.323
C12orf10,0.0
C12orf29,0.316
C12orf4,3.76
C12orf40,2.89
C12orf42,0.687
C12orf43,1.5
C12orf45,9.09
C12orf49,7.52
C12orf50,1.81
C12orf54,1.35
C12orf56,1.45
C12orf57,0.407
C12orf60,0.0
C12orf65,2.93
C12orf66,17.8
C12orf71,0.0
C12orf73,0.225
C12orf74,1.11
C12orf75,0.501
C12orf76,1.74
C12orf77,0.0
C14orf105,3.39
C14orf119,0.969
C14orf132,0.0
C14orf144,3.74
C14orf159,0.257
C14orf166,1.5
C14orf177,1.4
C14orf178,0.0
C14orf180,0.355
C14orf2,0.57
C14orf28,2.65
C14orf37,2.15
C14orf39,0.00659
C14orf79,2.62
C14orf80,3.42
C14orf93,1.38
C15ORF31,0.217
C15orf32,0.0384
C15orf39,1.94
C15orf40,0.0843
C15orf41,6.58
C15orf48,0.0
C15orf52,6.03
C15orf53,0.518
C15orf54,1.38
C15orf56,0.0
C15orf59,0.227
C15orf61,0.152
C15orf62,0.175
C15orf65,2.08
C16orf45,4.31
C16orf46,3.43
C16orf47,1.12
C16orf52,0.21
C16orf54,6.47
C16orf58,0.246
C16orf59,1.26
C16orf62,1.04
C16orf70,0.239
C16orf71,0.632
C16orf72,42.4
C16orf74,0.637
C16orf78,0.277
C16orf86,0.311
C16orf87,0.906
C16orf89,2.91
C16orf90,1.01
C16orf91,1.87
C16orf92,1.04
C16orf95,0.869
C16orf96,0.188
C16orf97,0.177
C17orf100,3.28
C17orf102,2.9
C17orf105,1.05
C17orf107,8.59
C17orf112,0.344
C17orf47,0.0
C17orf49,1.93
C17orf50,0.525
C17orf51,0.0
C17orf53,0.644
C17orf58,0.123
C17orf62,2.04
C17orf64,0.0
C17orf67,0.00641
C17orf74,0.274
C17orf75,3.51
C17orf77,0.0
C17orf78,3.6
C17orf80,0.908
C17orf82,0.867
C17orf97,3.13
C17orf98,0.227
C17orf99,0.228
C18orf21,6.23
C18orf25,4.07
C18orf32,0.357
C18orf54,0.0719
C18orf63,2.06
C18orf8,4.58
C19orf12,3.36
C19orf18,0.0
C19orf24,2.64
C19orf25,44.7
C19orf33,2.05
C19orf35,6.39
C19orf38,6.82
C19orf44,0.112
C19orf47,1.52
C19orf48,2.24
C19orf53,2.53
C19orf54,5.07
C19orf57,0.377
C19orf60,0.986
C19orf66,0.0957
C19orf67,0.557
C19orf68,2.08
C19orf70,0.244
C19orf71,2.74
C19orf73,2.01
C19orf81,1.34
C19orf84,0.115
C1D,7.24
C1GALT1,0.761
C1GALT1C1,20.2
C1QA,0.0
C1QB,0.0
C1QBP,0.669
C1QC,3.49
C1QL1,0.0
C1QL2,8.37
C1QL3,0.58
C1QL4,0.0
C1QTNF1,0.0
C1QTNF1-AS1,0.016
C1QTNF12,2.35
C1QTNF2,0.188
C1QTNF3,1.63
C1QTNF4,0.00924
C1QTNF5,0.918
C1QTNF6,8.72
C1QTNF7,2.48
C1QTNF8,3.3
C1QTNF9,0.0419
C1QTNF9B,0.921
C1R,0.0
C1RL,2.62
C1S,0.104
C1orf100,0.0
C1orf105,6.44
C1orf106,0.52
C1orf109,2.82
C1orf112,1.37
C1orf115,0.115
C1orf116,0.0
C1orf122,2.12
C1orf123,1.03
C1orf127,1.48
C1orf131,2.16
C1orf134,0.0
C1orf137,2.84
C1orf141,0.117
C1orf143,0.0
C1orf146,0.0
C1orf147,0.0199
C1orf158,0.033
C1orf159,0.759
C1orf162,0.0
C1orf167,0.775
C1orf174,0.0383
C1orf185,0.0
C1orf186,4.6
C1orf189,0.0
C1orf194,3.3
C1orf195,1.15
C1orf198,0.0145
C1orf21,0.232
C1orf210,0.00442
C1orf216,1.72
C1orf220,2.03
C1orf226,0.0
C1orf228,1.25
C1orf229,2.01
C1orf27,7.05
C1orf35,3.55
C1orf43,1.81
C1orf50,3.0
C1orf52,1.73
C1orf53,0.388
C1orf54,4.3
C1orf56,1.84
C1orf61,9.31
C1orf64,3.22
C1orf68,0.0
C1orf74,0.0
C1orf87,0.831
C1orf94,0.604
C2,1.84
C20orf141,0.567
C20orf144,0.782
C20orf173,2.24
C20orf187,1.42
C20orf194,1.11
C20orf196,0.0291
C20orf197,0.0
C20orf202,0.877
C20orf24,5.23
C20orf27,0.945
C20orf78,0.0
C20orf85,1.29
C20orf96,0.0
C21orf140,1.62
C21orf2,0.0
C21orf33,2.51
C21orf58,0.0
C21orf59,2.68
C21orf62,1.79
C21orf62-AS1,7.39
C21orf91,2.28
C22orf15,3.1
C22orf23,0.0
C22orf24,0.0
C22orf31,6.91
C22orf34,0.0
C22orf39,0.883
C22orf42,0.0
C22orf46,0.0707
C2CD2,1.23
C2CD2L,0.000731
C2CD3,0.0168
C2CD4A,0.73
C2CD4B,0.314
C2CD4C,0.00637
C2CD4D,2.18
C2CD5,0.0
C2CD6,0.0
C2orf15,0.75
C2orf16,0.0
C2orf27A,1.99
C2orf27B,11.0
C2orf40,0.0977
C2orf42,5.07
C2orf48,0.161
C2orf49,0.00653
C2orf50,0.0
C2orf54,0.438
C2orf66,3.29
C2orf68,3.82
C2orf69,3.45
C2orf70,0.0472
C2orf71,0.0
C2orf72,0.0
C2orf73,0.0926
C2orf74,0.831
C2orf76,8.28
C2orf78,0.527
C2orf80,0.0
C2orf81,0.257
C2orf82,0.414
C2orf83,0.00561
C2orf88,0.521
C2orf91,0.0175
C3,0.0
C3AR1,1.26
C3orf14,0.534
C3orf18,9.67
C3orf20,0.0
C3orf22,3.0
C3orf30,2.28
C3orf33,2.47
C3orf35,4.6
C3orf36,0.0
C3orf38,5.0
C3orf49,2.86
C3orf52,0.0
C3orf56,3.86
C3orf58,2.94
C3orf62,1.49
C3orf67,4.59
C3orf70,0.0113
C3orf79,1.61
C3orf80,0.626
C3orf84,1.74
C4A,0.631
C4B,0.0
C4BPA,1.52
C4BPB,2.98
C4orf17,0.458
C4orf19,3.09
C4orf22,0.752
C4orf26,1.36
C4orf3,0.81
C4orf32,2.94
C4orf33,0.0
C4orf36,2.07
C4orf45,0.0644
C4orf46,0.0
C4orf47,1.31
C4orf48,0.0
C4orf50,2.8
C4orf51,4.35
C5,0.206
C5AR1,0.681
C5AR2,0.0571
C5orf15,2.38
C5orf17,0.853
C5orf22,1.56
C5orf24,0.695
C5orf30,0.132
C5orf34,3.5
C5orf38,1.5
C5orf42,0.0671
C5orf46,0.0
C5orf47,6.0
C5orf49,1.02
C5orf51,0.0884
C5orf52,1.96
C5orf56,0.0211
C5orf58,4.41
C5orf60,0.0
C5orf63,0.0
C5orf64,0.0
C5orf66,1.68
C6,2.48
C6ORF50,0.492
C6orf10,11.1
C6orf106,0.405
C6orf118,4.67
C6orf120,2.42
C6orf132,3.72
C6orf136,6.16
C6orf141,10.1
C6orf15,2.37
C6orf163,0.0
C6orf183,1.5
C6orf201,0.0
C6orf203,2.83
C6orf222,3.08
C6orf223,4.66
C6orf226,3.4
C6orf229,0.269
C6orf47,3.74
C6orf48,1.07
C6orf52,1.35
C6orf58,5.69
C6orf62,5.43
C6orf89,5.59
C6orf99,3.42
C7,4.74
C7orf13,0.635
C7orf25,1.17
C7orf26,23.2
C7orf31,0.32
C7orf33,0.0452
C7orf34,0.0
C7orf43,1.31
C7orf49,0.909
C7orf50,1.42
C7orf55-LUC7L2,0.0
C7orf57,0.0
C7orf61,0.0641
C7orf65,0.0
C7orf66,0.26
C7orf69,1.35
C7orf71,3.43
C7orf72,0.368
C7orf73,0.0647
C8A,0.00934
C8B,0.0715
C8G,1.28
C8orf17,0.0421
C8orf22,0.0991
C8orf31,1.89
C8orf33,1.0
C8orf34,3.47
C8orf37,0.26
C8orf4,1.62
C8orf44,0.656
C8orf44-SGK3,0.323
C8orf46,1.01
C8orf48,0.612
C8orf49,0.0171
C8orf58,0.866
C8orf59,2.15
C8orf74,1.15
C8orf76,0.0799
C8orf82,0.0
C8orf86,0.301
C8orf87,1.84
C8orf88,0.0
C9,0.0178
C9orf116,0.217
C9orf129,0.48
C9orf131,0.0
C9orf135,0.633
C9orf139,0.132
C9orf142,0.255
C9orf147,0.193
C9orf152,0.143
C9orf153,0.158
C9orf16,0.0
C9orf163,0.0962
C9orf170,1.04
C9orf172,1.35
C9orf24,0.0
C9orf3,5.98
C9orf38,0.0
C9orf40,7.95
C9orf43,3.73
C9orf47,0.17
C9orf50,1.49
C9orf57,0.12
C9orf62,0.686
C9orf64,5.28
C9orf66,0.169
C9orf72,0.573
C9orf78,0.528
C9orf84,0.218
C9orf85,3.65
C9orf92,4.09
CA1,0.85
CA10,1.77
CA11,0.0
CA12,3.2
CA13,0.0
CA14,2.74
CA2,0.0482
CA3,1.54
CA4,0.801
CA5A,0.527
CA5B,0.107
CA6,1.89
CA7,0.0
CA8,2.25
CA9,2.8
CAAP1,0.584
CAB39,9.38
CAB39L,1.25
CABIN1,14.7
CABLES1,0.0
CABLES2,0.903
CABP1,1.97
CABP2,0.0
CABP4,0.0
CABP5,1.04
CABP7,0.0
CABS1,0.0
CABYR,0.981
CACFD1,0.381
CACHD1,0.59
CACNA1A,1.97
CACNA1B,0.316
CACNA1C,0.00597
CACNA1D,7.38
CACNA1E,1.26
CACNA1F,0.161
CACNA1G,1.41
CACNA1H,0.128
CACNA1I,0.0
CACNA1S,0.287
CACNA2D1,0.372
CACNA2D2,3.48
CACNA2D3,2.47
CACNA2D4,8.91
CACNB1,0.71
CACNB2,2.6
CACNB3,0.639
CACNB4,0.753
CACNG1,0.0281
CACNG2,0.109
CACNG3,1.57
CACNG4,0.399
CACNG5,0.0
CACNG6,1.3
CACNG7,0.0
CACNG8,0.274
CACTIN,1.41
CACUL1,2.59
CACYBP,1.03
CAD,1.52
CADM1,2.11
CADM2,5.96
CADM3,0.0934
CADM4,0.875
CADPS,0.0
CADPS2,1.75
CAGE1,1.8
CALB1,4.73
CALB2,1.62
CALCA,0.0
CALCB,2.27
CALCOCO1,0.0
CALCOCO2,0.0215
CALCR,6.21
CALCRL,0.943
CALD1,0.319
CALHM1,0.0
CALHM2,0.0573
CALHM3,7.97
CALM1,0.713
CALM2,6.4
CALM3,0.317
CALML3,6.94
CALML4,0.55
CALML5,1.84
CALML6,0.649
CALN1,4.66
CALR,7.97
CALR3,3.17
CALU,3.09
CALY,0.11
CAMK1,0.242
CAMK1D,1.05
CAMK1G,0.0
CAMK2A,2.55
CAMK2B,2.06
CAMK2D,0.0
CAMK2G,0.0
CAMK2N1,2.08
CAMK2N2,0.0194
CAMK4,1.81
CAMKK1,0.0204
CAMKK2,9.81
CAMKMT,1.1
CAMKV,0.0
CAMLG,4.91
CAMP,0.86
CAMSAP1,0.0
CAMSAP2,3.24
CAMSAP3,0.0
CAMTA1,0.845
CAMTA2,0.232
CAND1,20.4
CAND2,2.79
CANT1,0.153
CANX,1.39
CAP1,7.69
CAP2,6.48
CAPG,0.112
CAPN1,0.47
CAPN10,0.0575
CAPN11,2.12
CAPN12,1.84
CAPN13,2.02
CAPN14,0.304
CAPN15,0.462
CAPN2,0.109
CAPN3,0.132
CAPN5,1.82
CAPN6,2.23
CAPN7,3.29
CAPN8,3.32
CAPN9,11.2
CAPNS1,0.304
CAPNS2,0.126
CAPRIN1,0.831
CAPRIN2,0.0
CAPS,0.731
CAPS2,1.78
CAPSL,0.0
CAPZA1,0.0109
CAPZA2,0.125
CAPZA3,3.04
CAPZB,14.2
CARD10,2.22
CARD11,0.735
CARD14,2.14
CARD16,0.0
CARD17,1.89
CARD18,0.232
CARD19,8.51
CARD6,0.0
CARD8,0.169
CARD9,0.0
CARF,0.0558
CARHSP1,0.0
CARM1,22.8
CARMIL1,3.02
CARMIL2,2.44
CARMIL3,0.0
CARNMT1,0.0
CARNS1,3.61
CARS,1.31
CARS2,0.754
CARTPT,1.51
CASC1,0.0
CASC10,2.8
CASC3,18.5
CASC4,3.98
CASD1,5.68
CASK,2.09
CASKIN1,0.0138
CASKIN2,0.00628
CASP1,0.0
CASP10,1.56
CASP12,1.12
CASP14,5.95
CASP16P,1.18
CASP2,0.0874
CASP3,2.65
CASP4,3.03
CASP5,1.03
CASP6,16.6
CASP7,0.0
CASP8,8.91
CASP9,5.8
CASQ1,0.224
CASQ2,1.51
CASR,1.84
CASS4,0.0
CAST,0.439
CASTOR1,0.0452
CASTOR2,0.991
CASZ1,0.0521
CAT,3.09
CATIP,1.43
CATSPER1,0.149
CATSPER2,0.462
CATSPER3,4.58
CATSPER4,0.36
CATSPERB,0.807
CATSPERD,3.69
CATSPERE,0.196
CATSPERG,1.35
CATSPERZ,0.0995
CATX-2,0.0
CAV1,0.0
CAV2,6.11
CAV3,0.952
CAVIN1,4.07
CAVIN2,0.0179
CAVIN3,0.0
CAVIN4,1.69
CBARP,0.486
CBFA2T2,1.25
CBFA2T3,1.64
CBFB,8.17
CBL,10.2
CBLB,5.19
CBLC,25.9
CBLL1,0.964
CBLN1,4.14
CBLN2,0.0363
CBLN3,2.18
CBLN4,5.01
CBR1,1.06
CBR3,0.925
CBR4,0.201
CBS,1.13
CBWD1,2.71
CBWD2,1.39
CBWD3,0.784
CBWD5,0.0
CBWD6,4.72
CBX1,2.56
CBX2,0.988
CBX3,22.3
CBX4,2.87
CBX5,1.09
CBX6,9.03
CBX7,0.00316
CBX8,4.7
CBY1,0.204
CBY3,0.68
CC2D1A,4.25
CC2D1B,0.0
CC2D2A,0.225
CC2D2B,5.8
CCAR1,13.1
CCAR2,14.0
CCBE1,0.384
CCDC102A,0.489
CCDC102B,0.946
CCDC103,1.3
CCDC105,1.28
CCDC106,0.0
CCDC107,0.0
CCDC110,1.59
CCDC112,1.98
CCDC113,10.0
CCDC114,6.33
CCDC115,4.37
CCDC116,1.11
CCDC117,0.116
CCDC12,0.87
CCDC120,1.29
CCDC121,1.74
CCDC122,1.38
CCDC124,0.0
CCDC125,1.52
CCDC126,3.11
CCDC127,0.0197
CCDC129,0.0679
CCDC13,1.95
CCDC130,0.47
CCDC134,17.1
CCDC136,0.258
CCDC137,0.329
CCDC138,1.67
CCDC14,0.167
CCDC140,0.00142
CCDC141,15.5
CCDC142,0.138
CCDC144A,1.26
CCDC144NL,0.583
CCDC146,0.158
CCDC148,2.62
CCDC149,4.91
CCDC15,0.165
CCDC150,0.284
CCDC151,0.222
CCDC152,1.16
CCDC153,1.61
CCDC154,0.485
CCDC155,0.008
CCDC157,0.00422
CCDC158,2.66
CCDC159,1.01
CCDC160,0.226
CCDC163,0.322
CCDC166,0.0
CCDC167,2.39
CCDC168,4.48
CCDC169,2.45
CCDC169-SOHLH2,3.36
CCDC17,2.66
CCDC170,0.0165
CCDC171,1.29
CCDC172,0.0883
CCDC173,1.05
CCDC174,6.04
CCDC175,1.72
CCDC177,5.18
CCDC178,0.0248
CCDC179,0.0
CCDC18,0.0366
CCDC180,0.0
CCDC181,1.25
CCDC182,1.01
CCDC183,0.0
CCDC184,0.0778
CCDC185,1.29
CCDC186,0.645
CCDC189,1.3
CCDC190,0.228
CCDC191,2.92
CCDC22,16.1
CCDC24,0.337
CCDC25,2.68
CCDC27,4.54
CCDC28A,4.9
CCDC28B,0.0517
CCDC3,0.733
CCDC30,6.22
CCDC32,26.9
CCDC33,0.328
CCDC34,1.08
CCDC36,4.71
CCDC38,0.215
CCDC39,0.338
CCDC40,0.0
CCDC42,0.0359
CCDC43,4.92
CCDC47,1.76
CCDC50,2.03
CCDC51,2.97
CCDC54,0.0
CCDC57,3.42
CCDC58,5.08
CCDC59,1.27
CCDC6,10.5
CCDC60,0.977
CCDC61,0.178
CCDC62,1.82
CCDC63,2.63
CCDC65,0.993
CCDC66,1.03
CCDC68,0.0
CCDC69,0.778
CCDC7,0.752
CCDC70,2.28
CCDC71,3.19
CCDC71L,0.137
CCDC73,7.13
CCDC74A,1.64
CCDC74B,6.39
CCDC77,0.0
CCDC78,12.7
CCDC8,1.96
CCDC80,13.9
CCDC81,0.0
CCDC82,7.98
CCDC83,10.1
CCDC84,4.32
CCDC85A,0.189
CCDC85B,3.67
CCDC85C,0.473
CCDC86,1.09
CCDC87,0.0
CCDC88A,0.0
CCDC88B,13.6
CCDC88C,0.0
CCDC89,1.12
CCDC9,7.79
CCDC90B,0.0
CCDC91,0.0
CCDC92,1.1
CCDC93,0.124
CCDC94,5.44
CCDC96,7.47
CCDC97,0.148
CCER1,7.74
CCER2,0.0
CCHCR1,3.12
CCIN,7.51
CCK,0.112
CCKAR,5.14
CCKBR,0.776
CCL1,0.0
CCL11,0.186
CCL13,0.135
CCL14,8.85
CCL15-CCL14,1.57
CCL16,0.197
CCL17,0.279
CCL18,2.21
CCL19,1.26
CCL2,0.0111
CCL20,0.0038
CCL21,2.39
CCL22,0.584
CCL23,2.15
CCL24,7.39
CCL25,1.23
CCL26,2.87
CCL27,2.23
CCL28,0.0432
CCL3,0.0
CCL3L1,0.247
CCL3L3,0.148
CCL4,2.03
CCL4L1,0.0
CCL4L2,0.225
CCL5,4.66
CCL7,0.481
CCL8,0.0757
CCM2,5.25
CCM2L,0.0
CCNA1,0.192
CCNA2,18.3
CCNB1,8.51
CCNB1IP1,0.803
CCNB2,1.11
CCNB3,1.8
CCNC,49.5
CCND1,0.429
CCND2,0.0
CCND3,17.2
CCNDBP1,4.08
CCNE1,0.0796
CCNE2,7.0
CCNF,0.573
CCNG1,0.106
CCNG2,0.319
CCNH,9.59
CCNI,0.0378
CCNI2,0.179
CCNJ,2.71
CCNJL,8.5
CCNK,8.65
CCNL1,6.77
CCNL2,1.66
CCNO,0.86
CCNT1,1.55
CCNT2,6.02
CCNY,0.0
CCNYL1,0.597
CCP110,8.74
CCPG1,0.51
CCR1,4.7
CCR10,3.24
CCR2,2.23
CCR3,0.622
CCR4,1.4
CCR5,0.51
CCR6,4.09
CCR7,9.42
CCR8,0.716
CCR9,0.0913
CCRL2,5.62
CCS,3.98
CCSAP,0.0
CCSER1,0.0557
CCSER2,0.648
CCT2,1.48
CCT3,0.573
CCT4,4.76
CCT5,0.0
CCT6A,3.55
CCT6B,0.933
CCT7,4.43
CCT8,1.28
CCT8L2,13.3
CCZ1,2.15
CCZ1B,0.179
CD101,2.16
CD109,0.0435
CD14,0.119
CD151,2.43
CD160,4.68
CD163,0.0886
CD163L1,2.12
CD164,0.851
CD164L2,8.55
CD177,2.67
CD180,0.373
CD19,0.0
CD1A,0.0307
CD1B,0.0
CD1C,5.18
CD1D,0.184
CD1E,2.69
CD2,2.91
CD200,0.0
CD200R1,0.0
CD200R1L,0.761
CD207,10.2
CD209,0.103
CD22,7.2
CD226,9.05
CD244,7.98
CD247,0.639
CD248,0.71
CD27,2.13
CD274,1.5
CD276,2.35
CD28,0.0
CD2AP,9.45
CD2BP2,0.821
CD300A,6.66
CD300C,0.0
CD300E,0.344
CD300LB,0.0
CD300LD,0.529
CD300LF,1.28
CD300LG,7.25
CD302,0.688
CD320,0.0
CD33,4.56
CD34,6.5
CD36,0.0
CD37,6.7
CD38,0.0
CD3D,1.24
CD3E,1.14
CD3EAP,9.68
CD3G,5.55
CD4,0.0
CD40,0.0
CD40LG,0.618
CD44,1.38
CD46,1.09
CD47,2.38
CD48,0.219
CD5,0.757
CD52,3.02
CD53,3.66
CD55,0.00909
CD58,0.84
CD59,0.557
CD5L,6.72
CD6,0.895
CD63,8.58
CD68,3.11
CD69,1.27
CD7,1.78
CD70,0.0878
CD72,9.4
CD74,1.48
CD79A,1.37
CD79B,0.0
CD80,0.093
CD81,0.0148
CD82,0.125
CD83,15.7
CD84,1.6
CD86,1.15
CD8A,0.762
CD8B,0.575
CD9,0.0
CD93,0.00442
CD96,2.95
CD99,0.93
CD99L2,11.1
CDA,0.206
CDADC1,4.53
CDAN1,3.37
CDC123,3.99
CDC14A,0.371
CDC14B,0.0118
CDC16,12.4
CDC20,0.314
CDC20B,0.0
CDC23,0.736
CDC25A,0.0234
CDC25B,0.0193
CDC25C,0.0309
CDC26,0.421
CDC27,0.0223
CDC34,0.0
CDC37,4.95
CDC37L1,3.44
CDC40,2.93
CDC42,13.2
CDC42BPA,0.339
CDC42BPB,2.09
CDC42BPG,1.24
CDC42EP1,2.03
CDC42EP2,0.0
CDC42EP3,0.0855
CDC42EP4,0.0678
CDC42EP5,0.0
CDC42SE1,4.66
CDC42SE2,1.83
CDC45,8.88
CDC5L,5.45
CDC6,1.43
CDC7,6.6
CDC73,8.62
CDCA2,0.0924
CDCA3,6.47
CDCA4,0.214
CDCA5,1.68
CDCA7,0.178
CDCA7L,0.0681
CDCA8,10.7
CDCP1,10.1
CDCP2,0.0
CDH1,2.85
CDH10,0.00456
CDH11,0.737
CDH12,0.136
CDH13,0.0
CDH15,9.62
CDH16,1.88
CDH17,5.77
CDH18,0.342
CDH19,7.72
CDH2,0.0
CDH20,0.197
CDH22,0.0
CDH23,1.56
CDH24,6.8
CDH26,3.32
CDH3,0.339
CDH4,0.321
CDH5,0.0456
CDH6,8.72
CDH7,4.33
CDH8,6.3
CDH9,0.0122
CDHR1,7.74
CDHR2,3.2
CDHR3,0.493
CDHR4,15.7
CDHR5,1.6
CDIP1,2.99
CDIPT,0.444
CDK1,5.25
CDK10,8.87
CDK11A,0.352
CDK11B,0.0
CDK12,1.96
CDK13,2.78
CDK14,1.08
CDK15,1.87
CDK16,2.19
CDK17,0.361
CDK18,3.92
CDK19,3.19
CDK2,61.6
CDK20,0.413
CDK2AP1,1.42
CDK2AP2,15.4
CDK3,0.127
CDK4,4.22
CDK5,2.73
CDK5R1,0.0
CDK5R2,3.74
CDK5RAP1,0.967
CDK5RAP2,0.0321
CDK5RAP3,8.98
CDK6,3.84
CDK7,10.8
CDK8,3.47
CDK9,5.94
CDKAL1,1.15
CDKL1,1.63
CDKL2,0.629
CDKL3,2.52
CDKL4,0.906
CDKL5,0.817
CDKN1A,20.9
CDKN1B,0.0
CDKN1C,0.0
CDKN2A,1.04
CDKN2A-AS1,3.91
CDKN2AIP,20.0
CDKN2AIPNL,1.1
CDKN2B,1.52
CDKN2C,0.534
CDKN2D,0.119
CDKN3,0.111
CDNF,0.163
CDO1,0.0
CDON,4.9
CDPF1,1.55
CDR1,0.0
CDR2,4.47
CDR2L,1.78
CDRT1,1.69
CDRT15,0.0
CDRT15L2,1.13
CDRT4,0.377
CDS1,0.399
CDS2,9.15
CDSN,0.559
CDT1,1.39
CDV3,1.46
CDX1,0.153
CDX2,3.61
CDX4,0.0266
CDY1,0.034
CDY1B,0.427
CDY2A,9.25
CDY2B,0.0
CDYL,3.94
CDYL2,0.445
CEA,17.6
CEACAM1,0.057
CEACAM16,19.4
CEACAM18,0.105
CEACAM19,14.0
CEACAM21,0.59
CEACAM3,0.026
CEACAM4,0.0
CEACAM5,0.163
CEACAM6,2.0
CEACAM7,1.92
CEACAM8,1.3
CEBPA,9.59
CEBPB,3.08
CEBPD,0.161
CEBPE,5.73
CEBPG,0.25
CEBPZ,2.18
CEBPZOS,0.523
CECR2,3.84
CECR6,0.0
CEL,0.0
CELA1,2.57
CELA2A,0.171
CELA2B,1.16
CELA3A,1.52
CELA3B,1.11
CELF1,0.00496
CELF2,4.96
CELF3,0.357
CELF4,0.405
CELF5,0.429
CELF6,0.0499
CELSR1,1.69
CELSR2,6.78
CELSR3,2.25
CEMIP,0.506
CEMP1,4.76
CEND1,14.8
CENPA,1.01
CENPB,4.34
CENPBD1,0.000981
CENPC,10.2
CENPE,0.288
CENPF,0.153
CENPH,4.46
CENPI,4.71
CENPJ,0.269
CENPK,1.27
CENPL,3.33
CENPM,0.27
CENPN,4.73
CENPO,3.26
CENPP,0.47
CENPQ,3.5
CENPS,2.09
CENPS-CORT,0.501
CENPT,6.99
CENPU,0.259
CENPV,0.493
CENPW,1.65
CENPX,3.14
CEP104,0.0
CEP112,0.324
CEP120,2.29
CEP126,0.95
CEP128,0.0547
CEP131,0.0
CEP135,0.0
CEP152,2.75
CEP162,0.0492
CEP164,0.888
CEP170,7.67
CEP170B,0.0
CEP19,0.469
CEP192,0.902
CEP250,2.04
CEP290,0.00816
CEP295,4.68
CEP295NL,2.1
CEP350,2.91
CEP41,0.0
CEP44,0.708
CEP55,4.81
CEP57,0.0
CEP57L1,0.723
CEP63,0.313
CEP68,0.114
CEP70,1.73
CEP72,1.72
CEP76,0.254
CEP78,5.22
CEP83,1.55
CEP85,4.54
CEP85L,0.077
CEP89,6.78
CEP95,0.271
CEP97,11.8
CEPT1,3.34
CER1,1.34
CERCAM,0.0193
CERK,0.219
CERKL,0.0
CERS1,4.01
CERS2,145.0
CERS3,3.0
CERS4,0.247
CERS5,0.483
CERS6,16.3
CES1,1.12
CES2,1.61
CES3,0.0
CES4A,2.62
CES5A,1.31
CETN1,0.0
CETN2,20.1
CETN3,4.07
CETP,0.548
CFAP100,0.0
CFAP126,0.68
CFAP157,2.25
CFAP161,1.79
CFAP20,13.1
CFAP206,2.35
CFAP221,0.387
CFAP36,0.11
CFAP43,4.21
CFAP44,4.47
CFAP45,0.0
CFAP46,0.6
CFAP47,8.56
CFAP52,2.18
CFAP53,0.978
CFAP54,3.13
CFAP57,0.979
CFAP58,0.435
CFAP61,2.31
CFAP65,3.28
CFAP69,0.755
CFAP70,3.51
CFAP73,4.56
CFAP74,0.112
CFAP77,0.00225
CFAP97,0.337
CFB,0.567
CFC1,1.96
CFC1B,7.11
CFD,0.0194
CFDP1,1.37
CFH,1.69
CFHR1,11.7
CFHR2,4.6
CFHR3,0.0467
CFHR4,0.557
CFHR5,1.94
CFI,0.772
CFL1,1.19
CFL2,12.7
CFLAR,5.52
CFP,0.0157
CFTR,0.0
CGA,0.254
CGB1,0.0
CGB2,1.0
CGB3,1.35
CGB5,0.0
CGB7,0.74
CGB8,0.333
CGGBP1,0.0
CGN,0.0749
CGNL1,0.0387
CGREF1,0.0426
CGRRF1,0.675
CH17-132F21.1,0.0213
CH25H,2.54
CHAC1,0.0112
CHAC2,0.395
CHAD,2.37
CHADL,4.07
CHAF1A,3.61
CHAF1B,4.76
CHAMP1,0.956
CHAT,0.634
CHCHD1,6.93
CHCHD10,0.493
CHCHD2,8.09
CHCHD3,11.1
CHCHD4,8.31
CHCHD5,0.29
CHCHD6,0.314
CHCHD7,0.632
CHD1,0.559
CHD1L,5.45
CHD2,5.32
CHD3,0.0
CHD4,7.48
CHD5,2.05
CHD6,0.416
CHD7,0.0
CHD8,8.92
CHD9,0.711
CHDH,0.877
CHEK1,3.17
CHEK2,3.12
CHERP,1.57
CHFR,0.473
CHGA,8.62
CHGB,0.0
CHI3L1,0.0216
CHI3L2,1.44
CHIA,5.35
CHIC1,3.48
CHIC2,10.6
CHID1,6.58
CHIT1,0.0
CHKA,0.143
CHKB,0.195
CHKB-CPT1B,0.0
CHL1,0.00294
CHM,0.309
CHML,0.0
CHMP1A,1.42
CHMP1B,6.33
CHMP2A,1.82
CHMP2B,2.69
CHMP3,1.9
CHMP4A,8.11
CHMP4B,1.78
CHMP4C,0.0
CHMP5,1.62
CHMP6,3.88
CHMP7,1.31
CHN1,2.41
CHN2,0.441
CHODL,3.83
CHORDC1,1.82
CHP1,0.362
CHP2,1.79
CHPF,0.192
CHPF2,1.01
CHPT1,0.0
CHRAC1,0.0
CHRD,0.0
CHRDL1,19.1
CHRDL2,0.153
CHRFAM7A,2.69
CHRM1,1.87
CHRM2,0.0747
CHRM3,2.2
CHRM4,0.424
CHRM5,0.387
CHRNA1,0.0314
CHRNA10,0.171
CHRNA2,0.171
CHRNA3,0.473
CHRNA4,0.00857
CHRNA5,0.899
CHRNA6,0.341
CHRNA7,0.234
CHRNA9,4.93
CHRNB1,4.31
CHRNB2,0.801
CHRNB3,0.0
CHRNB4,1.11
CHRND,0.0074
CHRNE,1.07
CHRNG,0.668
CHST1,0.253
CHST10,0.0
CHST11,7.47
CHST12,0.169
CHST13,1.22
CHST14,0.447
CHST15,0.952
CHST2,1.11
CHST3,7.91
CHST4,0.00288
CHST5,0.0
CHST6,0.0103
CHST7,3.15
CHST8,0.219
CHST9,2.12
CHSY1,5.98
CHSY3,0.139
CHTF18,0.856
CHTF8,6.21
CHTOP,4.07
CHUK,4.82
CHURC1,1.82
CHURC1-FNTB,0.491
CIAO1,3.69
CIAPIN1,5.7
CIART,0.0
CIB1,0.0292
CIB2,0.0752
CIB3,1.8
CIB4,1.21
CIC,4.03
CIDEA,0.577
CIDEB,0.0
CIDEC,1.32
CIITA,0.177
CILP,0.119
CILP2,3.89
CINP,0.753
CIPC,0.00416
CIR1,1.57
CIRBP,0.607
CISD1,0.0647
CISD2,0.4
CISD3,0.0
CISH,6.95
CIT,6.58
CITED1,7.74
CITED2,1.04
CITED4,0.294
CIZ1,0.0448
CKAP2,4.38
CKAP2L,2.03
CKAP4,0.338
CKAP5,1.57
CKB,0.0905
CKLF,0.0556
CKLF-CMTM1,0.962
CKM,0.0945
CKMT1A,0.702
CKMT1B,0.773
CKMT2,0.0
CKS1B,1.26
CKS2,0.501
CLASP1,4.94
CLASP2,0.0
CLASRP,4.57
CLC,1.74
CLCA1,0.0
CLCA2,0.0177
CLCA4,0.125
CLCC1,3.15
CLCF1,0.791
CLCN1,0.808
CLCN2,7.71
CLCN3,1.18
CLCN4,1.76
CLCN5,7.31
CLCN6,5.18
CLCN7,2.5
CLCNKA,2.05
CLCNKB,2.91
CLDN1,0.536
CLDN10,1.12
CLDN11,12.1
CLDN12,0.0123
CLDN14,5.01
CLDN15,1.83
CLDN16,0.707
CLDN17,0.0631
CLDN18,0.0
CLDN19,1.42
CLDN2,1.44
CLDN20,2.76
CLDN22,0.0145
CLDN23,11.5
CLDN24,0.0
CLDN25,5.28
CLDN3,0.107
CLDN4,0.0
CLDN5,0.0
CLDN6,5.92
CLDN7,8.13
CLDN8,0.0607
CLDN9,0.162
CLDND1,2.25
CLDND2,0.116
CLEC10A,0.0244
CLEC11A,8.62
CLEC12A,0.589
CLEC12B,0.883
CLEC14A,0.172
CLEC16A,0.637
CLEC17A,0.528
CLEC18A,0.0
CLEC18B,0.0132
CLEC18C,1.85
CLEC19A,1.28
CLEC1A,1.32
CLEC1B,0.0
CLEC2A,0.169
CLEC2B,2.18
CLEC2D,4.77
CLEC2L,1.98
CLEC3A,0.451
CLEC3B,0.564
CLEC4A,2.73
CLEC4C,0.516
CLEC4D,0.238
CLEC4E,7.54
CLEC4F,19.6
CLEC4G,0.01
CLEC4M,3.46
CLEC5A,0.186
CLEC6A,11.1
CLEC7A,0.381
CLEC9A,2.81
CLECL1,0.324
CLGN,0.0721
CLHC1,0.164
CLIC1,0.85
CLIC2,0.204
CLIC3,1.97
CLIC4,0.204
CLIC5,9.38
CLIC6,0.0
CLINT1,0.0
CLIP1,2.32
CLIP2,0.351
CLIP3,0.512
CLIP4,3.07
CLK1,0.647
CLK2,0.00791
CLK3,0.0658
CLK4,1.49
CLLU1,0.0
CLLU1OS,1.77
CLMN,2.22
CLMP,1.07
CLN3,1.36
CLN5,3.18
CLN6,8.99
CLN8,0.557
CLNK,2.13
CLNS1A,1.78
CLOCK,1.36
CLP1,8.11
CLPB,0.0592
CLPP,2.94
CLPS,4.26
CLPSL1,2.72
CLPSL2,13.9
CLPTM1,11.8
CLPTM1L,2.55
CLPX,1.66
CLRN1,6.32
CLRN2,1.37
CLRN3,8.07
CLSPN,0.0276
CLSTN1,0.0422
CLSTN2,0.129
CLSTN3,4.01
CLTA,5.11
CLTB,0.528
CLTC,2.12
CLTCL1,0.913
CLU,2.19
CLUAP1,0.122
CLUH,2.66
CLUL1,2.71
CLVS1,1.44
CLVS2,0.718
CLYBL,0.0
CMA1,0.239
CMAS,0.776
CMBL,0.0322
CMC1,1.35
CMC2,0.759
CMC4,2.71
CMIP,1.97
CMKLR1,1.01
CMPK1,5.06
CMPK2,0.00619
CMSS1,0.958
CMTM1,0.772
CMTM2,4.44
CMTM3,11.8
CMTM4,0.728
CMTM5,0.0322
CMTM6,0.108
CMTM7,0.0
CMTM8,0.29
CMTR1,4.86
CMTR2,1.53
CMYA5,0.0
CNBD1,8.8
CNBD2,0.0794
CNBP,15.8
CNDP1,8.27
CNDP2,5.7
CNEP1R1,0.631
CNFN,4.18
CNGA1,0.0
CNGA2,0.998
CNGA3,0.205
CNGA4,0.534
CNGB1,0.875
CNGB3,0.0924
CNIH1,1.71
CNIH2,9.6
CNIH3,0.607
CNIH4,2.86
CNKSR1,2.27
CNKSR2,0.0982
CNKSR3,3.6
CNMD,5.08
CNN1,1.36
CNN2,0.603
CNN3,3.24
CNNM1,0.466
CNNM2,2.11
CNNM3,2.64
CNNM4,0.23
CNOT1,12.7
CNOT10,9.91
CNOT11,2.34
CNOT2,3.27
CNOT3,4.43
CNOT4,0.0338
CNOT6,2.62
CNOT6L,0.64
CNOT7,1.27
CNOT8,0.151
CNOT9,1.55
CNP,0.00297
CNPPD1,0.0
CNPY1,0.465
CNPY2,1.25
CNPY3,3.18
CNPY4,2.07
CNR1,1.17
CNR2,0.0
CNRIP1,0.0144
CNST,1.13
CNTD1,0.0536
CNTD2,1.45
CNTF,0.181
CNTFR,0.519
CNTLN,0.0
CNTN1,2.22
CNTN2,0.0
CNTN3,0.0
CNTN4,0.0
CNTN5,0.126
CNTN6,0.137
CNTNAP1,0.0
CNTNAP2,5.55
CNTNAP3,0.208
CNTNAP3B,0.0838
CNTNAP4,1.59
CNTNAP5,1.69
CNTRL,0.0
CNTROB,2.18
COA1,5.1
COA3,4.61
COA4,0.38
COA5,0.0
COA6,0.121
COA7,1.87
COASY,8.25
COBL,0.00333
COBLL1,1.11
COCH,0.164
COG1,13.8
COG2,1.08
COG3,2.11
COG4,11.3
COG5,4.05
COG6,4.93
COG7,6.47
COG8,5.53
COIL,0.0
COL10A1,0.355
COL11A1,2.5
COL11A2,8.36
COL12A1,0.0
COL13A1,0.864
COL14A1,2.94
COL15A1,0.353
COL16A1,0.747
COL17A1,0.654
COL18A1,1.41
COL19A1,0.866
COL1A1,0.0351
COL1A2,0.962
COL20A1,5.57
COL21A1,0.81
COL22A1,0.0
COL23A1,2.4
COL24A1,0.917
COL25A1,3.9
COL26A1,2.74
COL27A1,0.808
COL28A1,0.0331
COL2A1,0.702
COL3A1,0.389
COL4A1,0.534
COL4A2,2.66
COL4A3,0.545
COL4A3BP,0.0
COL4A4,1.37
COL4A5,0.289
COL4A6,1.48
COL5A1,0.393
COL5A2,6.06
COL5A3,0.0
COL6A1,0.692
COL6A2,0.0397
COL6A3,0.0891
COL6A5,0.046
COL6A6,1.29
COL7A1,0.0
COL8A1,1.06
COL8A2,8.04
COL9A1,0.0
COL9A2,0.0
COL9A3,3.43
COLCA1,2.32
COLCA2,0.616
COLEC10,0.0807
COLEC11,0.222
COLEC12,0.0237
COLGALT1,0.587
COLGALT2,0.223
COLQ,1.85
COMMD1,2.37
COMMD10,2.04
COMMD2,0.0
COMMD3,3.5
COMMD3-BMI1,15.9
COMMD4,4.1
COMMD5,0.0018
COMMD6,0.286
COMMD7,0.863
COMMD8,0.436
COMMD9,12.6
COMP,0.122
COMT,1.33
COMTD1,0.856
COPA,1.75
COPB1,6.4
COPB2,1.82
COPE,0.373
COPG1,1.32
COPG2,0.95
COPRS,1.6
COPS2,10.4
COPS3,11.2
COPS4,6.95
COPS5,3.77
COPS6,1.84
COPS7A,0.591
COPS7B,2.05
COPS8,13.0
COPS9,2.68
COPZ1,8.07
COPZ2,0.0
COQ10A,0.41
COQ10B,3.68
COQ2,2.67
COQ3,4.51
COQ4,10.4
COQ5,4.91
COQ6,0.916
COQ7,1.56
COQ8A,2.67
COQ8B,0.656
COQ9,5.18
CORIN,3.19
CORO1A,7.21
CORO1B,0.0
CORO1C,0.608
CORO2A,6.01
CORO2B,0.0
CORO6,1.83
CORO7,0.00676
CORO7-PAM16,1.86
CORT,2.56
COTL1,0.0472
COX10,6.48
COX11,0.535
COX14,1.96
COX15,0.802
COX16,16.3
COX17,0.206
COX18,4.06
COX19,0.376
COX20,4.4
COX4I1,3.68
COX4I2,1.24
COX5A,17.5
COX5B,5.46
COX6A1,0.0
COX6A1P2,0.447
COX6A2,0.00278
COX6B1,4.24
COX6B2,0.000632
COX6C,5.67
COX7A1,4.42
COX7A2,0.00187
COX7A2L,0.736
COX7B,9.7
COX7B2,0.0228
COX7C,2.95
COX8A,4.36
COX8C,0.332
CP,0.0
CPA1,0.251
CPA2,0.0774
CPA3,10.7
CPA4,2.26
CPA5,7.72
CPA6,0.124
CPAMD8,0.61
CPB1,0.767
CPB2,0.0623
CPD,1.18
CPE,0.407
CPEB1,0.0789
CPEB2,0.0
CPEB3,0.0285
CPEB4,1.92
CPED1,0.0
CPLX1,2.45
CPLX2,0.895
CPLX3,0.00234
CPLX4,3.15
CPM,0.0
CPN1,2.46
CPN2,3.1
CPNE1,0.0
CPNE2,0.0
CPNE3,0.323
CPNE4,1.9
CPNE5,0.0
CPNE6,1.41
CPNE7,2.1
CPNE8,0.0
CPNE9,7.22
CPO,0.871
CPOX,19.1
CPPED1,0.0
CPQ,2.14
CPS1,2.82
CPSF1,0.0
CPSF2,0.283
CPSF3,4.27
CPSF4,1.58
CPSF4L,0.105
CPSF6,2.49
CPSF7,14.8
CPT1A,0.846
CPT1B,0.0
CPT1C,5.08
CPT2,1.7
CPTP,0.075
CPVL,1.14
CPXCR1,0.323
CPXM1,0.0373
CPXM2,1.01
CPZ,1.68
CR1,0.148
CR1L,0.474
CR2,1.79
CR769776.1,22.2
CRABP1,3.52
CRABP2,1.64
CRACR2A,0.42
CRACR2B,1.52
CRADD,4.28
CRAMP1,3.0
CRAT,0.0
CRB1,1.61
CRB2,0.411
CRB3,1.49
CRBN,4.29
CRCP,28.4
CRCT1,2.37
CREB1,0.644
CREB3,0.258
CREB3L1,0.0
CREB3L2,1.23
CREB3L3,0.642
CREB3L4,1.14
CREB5,2.84
CREBBP,55.8
CREBL2,1.21
CREBRF,0.0
CREBZF,3.48
CREG1,0.116
CREG2,0.402
CRELD1,1.64
CRELD2,7.37
CREM,1.01
CRH,2.93
CRHBP,1.62
CRHR1,8.95
CRHR2,0.164
CRIM1,5.24
CRIP1,3.31
CRIP2,0.439
CRIP3,0.904
CRIPAK,0.0
CRIPT,0.0426
CRISP1,1.54
CRISP2,6.08
CRISP3,3.75
CRISPLD1,3.06
CRISPLD2,5.26
CRK,0.0
CRKL,11.0
CRLF1,0.632
CRLF2,2.13
CRLF3,0.0449
CRLS1,9.75
CRMP1,0.934
CRNKL1,0.00552
CRNN,5.22
CROCC,0.46
CROT,2.02
CRP,3.59
CRTAC1,6.63
CRTAM,0.197
CRTAP,0.404
CRTC1,0.671
CRTC2,0.905
CRTC3,1.96
CRX,1.73
CRY1,0.263
CRY2,1.05
CRYAA,0.783
CRYAB,2.07
CRYBA1,0.458
CRYBA2,9.81
CRYBA4,9.61
CRYBB1,0.709
CRYBB2,0.262
CRYBB3,0.0252
CRYBG1,0.139
CRYBG2,0.0273
CRYBG3,0.521
CRYGA,0.709
CRYGB,0.908
CRYGC,0.988
CRYGD,0.00333
CRYGN,0.0884
CRYGS,2.9
CRYL1,1.23
CRYM,1.3
CRYZ,0.341
CRYZL1,2.67
CS,2.14
CSAD,0.766
CSAG1,0.918
CSDC2,0.669
CSDE1,12.5
CSE1L,3.92
CSF1,0.0
CSF1R,0.363
CSF2,0.614
CSF2RA,30.4
CSF2RB,58.3
CSF3,4.11
CSF3R,0.423
CSGALNACT1,0.928
CSGALNACT2,1.99
CSH1,0.122
CSH2,0.0214
CSHL1,5.02
CSK,33.9
CSMD1,0.255
CSMD2,2.02
CSMD3,0.764
CSN1S1,0.651
CSN2,10.1
CSN3,0.0
CSNK1A1,22.1
CSNK1A1L,0.258
CSNK1D,5.37
CSNK1E,2.09
CSNK1G1,4.23
CSNK1G2,1.56
CSNK1G3,3.28
CSNK2A1,12.1
CSNK2A2,7.03
CSNK2A3,2.15
CSNK2B,3.4
CSNK2B-LY6G5B-1181,0.0
CSPG4,0.0
CSPG5,0.687
CSPP1,3.32
CSRNP1,0.127
CSRNP2,0.0558
CSRNP3,0.407
CSRP1,0.736
CSRP2,0.052
CSRP3,0.116
CST1,1.95
CST11,0.0748
CST2,1.19
CST3,0.449
CST4,2.72
CST5,0.0
CST6,0.511
CST7,0.0
CST8,0.715
CST9,1.74
CST9L,0.737
CSTA,1.86
CSTB,1.43
CSTF1,8.6
CSTF2,5.33
CSTF2T,0.129
CSTF3,8.1
CSTL1,0.445
CT45A5,0.00151
CT45A6,14.2
CT47A6,0.0167
CT47A8,4.67
CT47B1,0.306
CT55,4.77
CT62,0.445
CT83,2.1
CTA-299D3.8,0.237
CTAG1A,0.0469
CTAG1B,0.0
CTAG2,0.0
CTAGE1,18.4
CTAGE15,1.57
CTAGE4,2.18
CTAGE6,7.09
CTAGE8,1.36
CTAGE9,5.26
CTB-102L5.4,1.25
CTB-129P6.11,0.0
CTB-133G6.1,1.23
CTB-134H23.2,0.184
CTB-167G5.5,4.85
CTB-186H2.3,0.574
CTB-50L17.14,1.73
CTB-54O9.9,0.0
CTB-58E17.5,0.0
CTB-60B18.6,0.0
CTB-78H18.1,2.01
CTB-96E2.2,0.213
CTBP1,2.21
CTBP2,0.265
CTBS,2.23
CTC-236F12.4,2.23
CTC-241N9.1,1.66
CTC-260F20.3,2.54
CTC-273B12.7,0.812
CTC-326K19.6,5.29
CTC-360G5.8,0.946
CTC-398G3.6,0.474
CTC-429P9.4,0.784
CTC-432M15.3,1.74
CTC-435M10.3,0.995
CTC-454I21.3,1.22
CTC-479C5.12,0.81
CTC-490E21.12,4.63
CTC-512J12.6,0.0
CTC-534A2.2,2.7
CTC-554D6.1,2.39
CTC-786C10.1,0.352
CTC1,8.66
CTCF,8.57
CTCFL,0.0321
CTD-2006C1.10,2.94
CTD-2014B16.3,0.0
CTD-2021H9.3,0.0373
CTD-2054N24.2,0.17
CTD-2105E13.6,0.025
CTD-2116N17.1,1.34
CTD-2117L12.1,0.299
CTD-2132N18.3,3.45
CTD-2140B24.4,0.258
CTD-2144E22.5,2.59
CTD-2162K18.4,1.54
CTD-2192J16.20,1.48
CTD-2192J16.22,0.444
CTD-2192J16.24,0.321
CTD-2203A3.1,3.55
CTD-2207O23.10,0.0453
CTD-2207O23.12,1.14
CTD-2207O23.3,1.09
CTD-2210P24.4,1.13
CTD-2215E18.1,0.881
CTD-2228K2.5,0.405
CTD-2260A17.2,8.21
CTD-2267D19.3,0.436
CTD-2278I10.6,2.35
CTD-2287O16.3,0.0487
CTD-2330K9.3,0.683
CTD-2349B8.1,0.00389
CTD-2368P22.1,0.397
CTD-2369P2.10,1.6
CTD-2369P2.12,0.0
CTD-2370N5.3,2.21
CTD-2410N18.5,5.83
CTD-2510F5.6,4.39
CTD-2521M24.10,3.46
CTD-2528L19.4,4.89
CTD-2535L24.2,2.56
CTD-2545G14.7,11.3
CTD-2545M3.6,4.54
CTD-2547L24.3,0.626
CTD-2561J22.3,2.73
CTD-2583A14.10,4.07
CTD-2583A14.9,0.316
CTD-2587H24.4,0.0
CTD-2600O9.1,2.9
CTD-2616J11.11,0.0
CTD-3074O7.11,2.25
CTD-3088G3.8,0.0
CTD-3105H18.14,0.0468
CTD-3105H18.16,0.0
CTD-3105H18.18,7.84
CTD-3138B18.4,0.359
CTD-3148I10.9,3.32
CTD-3193O13.9,1.46
CTD-3203P2.2,1.3
CTD-3214H19.16,1.79
CTD-3214H19.4,0.807
CTD-3222D19.2,7.94
CTDNEP1,1.11
CTDP1,0.121
CTDSP1,0.0232
CTDSP2,0.382
CTDSPL,0.112
CTDSPL2,2.76
CTF1,11.7
CTGF,0.136
CTH,1.21
CTHRC1,0.0798
CTIF,0.537
CTLA4,0.52
CTNNA1,2.29
CTNNA2,0.0487
CTNNA3,0.0942
CTNNAL1,4.41
CTNNB1,1.69
CTNNBIP1,1.69
CTNNBL1,8.27
CTNND1,0.399
CTNND2,0.00553
CTNS,0.708
CTPS1,0.651
CTPS2,0.145
CTR9,7.56
CTRB1,1.82
CTRB2,2.24
CTRC,3.64
CTRL,5.39
CTSA,7.15
CTSB,0.0
CTSC,8.1
CTSD,0.0436
CTSE,3.4
CTSF,0.268
CTSG,2.24
CTSH,0.13
CTSK,2.65
CTSL,0.604
CTSO,2.31
CTSS,0.922
CTSV,0.884
CTSW,3.91
CTSZ,1.29
CTTN,3.52
CTTNBP2,0.785
CTTNBP2NL,0.516
CTU1,5.66
CTU2,1.57
CTXN1,3.69
CTXN2,4.69
CTXN3,0.125
CUBN,1.76
CUEDC1,2.25
CUEDC2,0.75
CUL1,1.28
CUL2,2.77
CUL3,16.0
CUL4A,0.00408
CUL4B,2.08
CUL5,25.8
CUL7,4.06
CUL9,16.5
CUTA,4.2
CUTC,2.15
CUX1,0.0812
CUX2,1.93
CUZD1,4.82
CWC15,5.16
CWC22,0.232
CWC25,0.132
CWC27,0.378
CWF19L1,6.83
CWF19L2,2.13
CWH43,0.0659
CX3CL1,1.09
CX3CR1,5.22
CXADR,0.838
CXCL1,0.0
CXCL10,0.686
CXCL11,0.741
CXCL12,0.111
CXCL13,3.33
CXCL14,0.467
CXCL16,0.582
CXCL17,2.81
CXCL2,0.455
CXCL3,0.606
CXCL5,1.1
CXCL6,0.0895
CXCL8,1.24
CXCL9,0.00727
CXCR1,2.62
CXCR2,0.138
CXCR3,0.457
CXCR4,0.99
CXCR5,0.449
CXCR6,0.277
CXXC1,8.01
CXXC4,0.0915
CXXC5,0.296
CXorf21,0.0143
CXorf23,0.0155
CXorf36,0.263
CXorf38,0.684
CXorf40A,2.33
CXorf40B,0.085
CXorf56,0.0
CXorf57,0.5
CXorf58,0.619
CXorf65,0.206
CXorf66,0.683
CXorf67,1.67
CYB561,2.4
CYB561A3,6.68
CYB561D1,6.33
CYB561D2,4.32
CYB5A,0.00588
CYB5B,0.824
CYB5D1,1.67
CYB5D2,0.303
CYB5R1,3.99
CYB5R2,0.0
CYB5R3,1.6
CYB5R4,33.5
CYB5RL,1.26
CYBA,0.223
CYBB,3.4
CYBRD1,1.23
CYC1,5.07
CYCS,0.565
CYFIP1,48.6
CYFIP2,0.209
CYGB,0.078
CYHR1,13.3
CYLC1,0.0
CYLC2,1.92
CYLD,10.9
CYP11A1,0.0
CYP11B1,1.02
CYP11B2,3.42
CYP17A1,0.0
CYP19A1,0.00515
CYP1A1,0.848
CYP1A2,1.11
CYP1B1,1.55
CYP20A1,0.0
CYP21A2,1.62
CYP24A1,0.0
CYP26A1,0.596
CYP26B1,1.47
CYP26C1,6.44
CYP27A1,3.89
CYP27B1,0.0
CYP27C1,0.16
CYP2A13,0.00171
CYP2A6,0.0
CYP2A7,0.0
CYP2B6,1.19
CYP2C18,0.00123
CYP2C19,3.18
CYP2C8,0.0419
CYP2C9,0.0944
CYP2D6,4.32
CYP2D7,2.81
CYP2E1,2.31
CYP2F1,3.91
CYP2J2,1.63
CYP2R1,0.544
CYP2S1,1.16
CYP2U1,0.902
CYP2W1,0.0
CYP39A1,0.297
CYP3A4,0.058
CYP3A43,0.341
CYP3A5,0.00315
CYP3A7,3.81
CYP46A1,1.03
CYP4A11,0.41
CYP4A22,3.49
CYP4B1,4.7
CYP4F11,1.04
CYP4F12,0.096
CYP4F2,0.754
CYP4F22,0.894
CYP4F3,0.482
CYP4F31P,16.0
CYP4V2,0.00832
CYP4X1,2.66
CYP4Z1,9.27
CYP51A1,0.276
CYP7A1,0.61
CYP7B1,1.1
CYP8B1,1.06
CYR61,0.0
CYS1,1.11
CYSLTR1,8.85
CYSLTR2,0.104
CYSRT1,0.0
CYSTM1,1.89
CYTH1,0.196
CYTH2,0.76
CYTH3,3.2
CYTH4,3.79
CYTIP,2.94
CYTL1,0.0325
CYYR1,0.131
D2HGDH,1.48
DAAM1,0.857
DAAM2,1.54
DAB1,1.84
DAB2,2.06
DAB2IP,2.62
DACH1,1.75
DACH2,0.147
DACT1,0.0
DACT2,0.321
DACT3,0.312
DAD1,2.69
DAG1,4.26
DAGLA,0.185
DAGLB,0.752
DALRD3,5.65
DAND5,0.499
DAO,1.19
DAOA,0.396
DAP,0.134
DAP3,0.0
DAPK1,0.0404
DAPK2,0.622
DAPK3,0.909
DAPL1,3.99
DAPP1,0.795
DARS,2.25
DARS2,2.16
DAW1,0.286
DAXX,3.46
DAZ1,0.61
DAZ4,0.0
DAZAP1,44.9
DAZAP2,1.44
DAZL,9.26
DBF4,2.72
DBF4B,0.0
DBH,0.0
DBI,1.02
DBN1,0.0
DBNDD1,6.09
DBNDD2,0.7
DBNL,4.6
DBP,0.00566
DBR1,2.04
DBT,1.96
DBX1,0.0693
DBX2,1.86
DCAF1,0.354
DCAF10,0.0166
DCAF11,2.24
DCAF12,0.533
DCAF12L1,0.0
DCAF12L2,0.0
DCAF13,1.4
DCAF15,9.75
DCAF16,0.369
DCAF17,0.676
DCAF4,5.51
DCAF4L1,4.7
DCAF4L2,0.171
DCAF5,0.149
DCAF6,0.569
DCAF7,5.61
DCAF8,3.35
DCAF8L1,0.0
DCAF8L2,15.4
DCAKD,0.386
DCANP1,3.6
DCBLD1,9.53
DCBLD2,0.721
DCC,0.0
DCD,6.83
DCDC1,0.418
DCDC2,0.0
DCDC2B,3.41
DCDC2C,0.0
DCHS1,5.54
DCHS2,2.65
DCK,1.28
DCLK1,0.0
DCLK2,1.25
DCLK3,0.868
DCLRE1A,0.0935
DCLRE1B,8.76
DCLRE1C,0.496
DCN,0.713
DCP1A,16.0
DCP1B,0.164
DCP2,4.81
DCPS,6.93
DCST1,0.805
DCST2,7.22
DCSTAMP,0.0
DCT,0.487
DCTD,2.51
DCTN1,0.522
DCTN2,10.5
DCTN3,8.3
DCTN4,5.67
DCTN5,13.6
DCTN6,7.87
DCTPP1,0.12
DCUN1D1,5.35
DCUN1D2,3.08
DCUN1D3,14.2
DCUN1D4,2.42
DCUN1D5,2.12
DCX,0.808
DCXR,0.207
DDA1,4.73
DDAH1,0.274
DDAH2,0.0
DDB1,2.43
DDB2,0.0
DDC,1.15
DDHD1,2.88
DDHD2,4.16
DDI1,5.54
DDI2,11.3
DDIAS,0.0
DDIT3,3.05
DDIT4,0.321
DDIT4L,0.0
DDN,0.548
DDO,3.73
DDOST,2.81
DDR1,0.0468
DDR2,2.42
DDRGK1,5.93
DDT,0.345
DDTL,0.129
DDX1,0.792
DDX10,1.25
DDX11,2.28
DDX17,5.42
DDX18,1.91
DDX19A,2.61
DDX19B,1.2
DDX20,0.339
DDX21,11.2
DDX23,7.38
DDX24,13.1
DDX25,0.077
DDX27,2.71
DDX28,13.8
DDX31,3.84
DDX39A,3.59
DDX39B,5.76
DDX3X,6.42
DDX3Y,2.06
DDX4,0.771
DDX41,1.09
DDX42,4.69
DDX43,0.411
DDX46,0.956
DDX47,1.99
DDX49,5.85
DDX5,7.6
DDX50,2.74
DDX51,6.67
DDX52,0.224
DDX53,1.11
DDX54,0.152
DDX55,8.3
DDX56,2.38
DDX58,0.179
DDX59,0.0423
DDX6,17.2
DDX60,0.0
DDX60L,0.798
DEAF1,4.4
DEC1,0.234
DECR1,0.0
DECR2,18.2
DEDD,0.203
DEDD2,0.0
DEF6,3.78
DEF8,3.84
DEFA1B,0.0824
DEFA3,0.131
DEFA4,6.13
DEFA5,0.0
DEFA6,0.0234
DEFB1,0.114
DEFB103A,0.0566
DEFB104A,0.451
DEFB104B,0.206
DEFB105A,0.0368
DEFB105B,7.69
DEFB106B,10.7
DEFB107A,1.62
DEFB108B,8.28
DEFB110,2.39
DEFB112,0.129
DEFB113,0.427
DEFB114,0.629
DEFB115,3.79
DEFB116,3.01
DEFB118,2.57
DEFB119,0.0
DEFB121,1.07
DEFB123,2.38
DEFB124,0.801
DEFB125,1.3
DEFB126,5.49
DEFB127,1.71
DEFB128,0.258
DEFB129,1.57
DEFB130A,8.08
DEFB131A,1.75
DEFB132,1.13
DEFB133,0.124
DEFB134,1.66
DEFB135,0.333
DEFB136,0.739
DEFB4A,2.92
DEFB4B,4.37
DEGS1,7.13
DEGS2,12.3
DEK,0.106
DENND1A,5.93
DENND1B,0.0
DENND1C,0.365
DENND2A,0.0119
DENND2C,5.14
DENND2D,10.9
DENND3,5.24
DENND4A,2.69
DENND4B,10.3
DENND4C,4.4
DENND5A,4.04
DENND5B,5.04
DENND6A,3.5
DENND6B,0.492
DENR,3.6
DEPDC1,0.19
DEPDC1B,0.537
DEPDC4,0.367
DEPDC5,27.9
DEPDC7,1.6
DEPTOR,0.194
DERA,5.81
DERL1,0.238
DERL2,2.77
DERL3,1.07
DES,2.83
DESI1,1.05
DESI2,8.76
DET1,3.88
DEUP1,0.0
DEXI,0.0
DFFA,1.57
DFFB,1.06
DFNA5,0.325
DFNB59,1.21
DGAT1,1.02
DGAT2,0.787
DGAT2L6,0.501
DGCR2,1.11
DGCR6,3.68
DGCR6L,0.601
DGCR8,0.374
DGKA,0.0
DGKB,5.97
DGKD,0.0
DGKE,4.76
DGKG,0.741
DGKH,0.0244
DGKI,6.27
DGKQ,0.0543
DGKZ,1.26
DGUOK,0.265
DHCR24,1.63
DHCR7,0.0
DHDDS,4.1
DHDH,0.0
DHFR,1.25
DHFR2,0.0
DHH,5.79
DHODH,0.647
DHPS,5.84
DHRS1,6.69
DHRS11,4.28
DHRS12,0.749
DHRS13,0.602
DHRS2,0.0
DHRS3,0.104
DHRS4,1.35
DHRS4-AS1,0.353
DHRS4L2,0.149
DHRS7,2.55
DHRS7B,13.5
DHRS7C,1.81
DHRS9,2.91
DHRSX,5.71
DHTKD1,2.22
DHX15,3.67
DHX16,2.75
DHX29,1.0
DHX30,5.79
DHX32,1.75
DHX33,1.89
DHX34,0.289
DHX35,4.59
DHX36,10.8
DHX37,1.59
DHX38,0.23
DHX40,5.52
DHX57,0.684
DHX58,0.0
DHX8,14.0
DHX9,7.83
DIABLO,2.28
DIAPH1,1.97
DIAPH2,1.03
DIAPH3,0.542
DICER1,2.46
DIDO1,0.84
DIEXF,4.09
DIMT1,3.04
DIO1,0.68
DIO2,1.07
DIO3,3.37
DIP2A,0.353
DIP2B,4.58
DIP2C,0.0
DIRAS1,0.932
DIRAS2,2.22
DIRAS3,0.221
DIRC1,0.574
DIRC2,4.99
DIRC3,0.0123
DIS3,9.52
DIS3L,0.0
DIS3L2,9.34
DISC1,1.19
DISP1,0.334
DISP2,1.85
DISP3,0.629
DIXDC1,2.15
DKC1,2.62
DKFZP434A062,13.1
DKFZP434E1119,2.96
DKFZP434H0512,0.619
DKFZP434O1614,0.668
DKFZP547L112,0.341
DKFZP761J1410,0.0
DKFZP761K2322,0.0116
DKFZP779J2370,0.0385
DKFZP779L1853,0.0
DKK1,1.49
DKK2,0.000169
DKK3,3.58
DKK4,1.63
DKKL1,2.24
DLAT,1.63
DLC1,0.381
DLD,1.35
DLEC1,0.639
DLEU1,7.51
DLEU2L,0.0
DLEU7,2.25
DLG1,0.00774
DLG2,5.85
DLG3,0.243
DLG4,2.1
DLG5,0.0
DLGAP1,0.432
DLGAP2,0.0537
DLGAP3,3.27
DLGAP4,0.761
DLGAP5,2.64
DLK1,2.77
DLK2,9.04
DLL1,0.0
DLL3,0.0
DLL4,1.43
DLST,21.6
DLX1,1.29
DLX2,13.4
DLX3,0.494
DLX4,1.08
DLX5,1.08
DLX6,0.0485
DMAC1,0.0
DMAC2,8.98
DMAP1,0.455
DMBT1,0.473
DMBX1,0.543
DMC1,0.0268
DMD,0.697
DMGDH,0.811
DMKN,0.451
DMP1,1.8
DMPK,0.0
DMRT1,0.0
DMRT2,3.91
DMRT3,3.89
DMRTA1,4.03
DMRTA2,0.0447
DMRTB1,1.88
DMRTC1,0.00294
DMRTC1B,0.0
DMRTC2,1.1
DMTF1,0.635
DMTN,0.496
DMWD,0.921
DMXL1,1.13
DMXL2,5.51
DNA2,2.07
DNAAF1,0.0
DNAAF2,2.22
DNAAF3,0.0488
DNAAF4,0.0251
DNAAF5,3.69
DNAH1,0.331
DNAH10,0.0
DNAH10OS,0.0799
DNAH11,0.43
DNAH12,0.00899
DNAH14,1.5
DNAH17,0.628
DNAH17-AS1,0.211
DNAH2,9.86
DNAH3,0.299
DNAH5,2.13
DNAH6,0.092
DNAH7,2.37
DNAH8,0.45
DNAH9,2.3
DNAI1,1.6
DNAI2,2.53
DNAJA1,54.9
DNAJA2,8.65
DNAJA3,8.95
DNAJA4,4.45
DNAJB1,2.26
DNAJB11,3.18
DNAJB12,5.68
DNAJB13,1.52
DNAJB14,3.98
DNAJB2,1.73
DNAJB4,1.66
DNAJB5,0.211
DNAJB6,6.07
DNAJB7,3.79
DNAJB8,0.93
DNAJB9,1.95
DNAJC1,0.0107
DNAJC10,4.36
DNAJC11,6.06
DNAJC12,0.000154
DNAJC13,0.599
DNAJC14,0.0532
DNAJC15,0.118
DNAJC16,1.01
DNAJC17,9.43
DNAJC18,3.81
DNAJC19,4.94
DNAJC2,4.65
DNAJC21,4.96
DNAJC22,4.48
DNAJC24,1.02
DNAJC25,2.26
DNAJC25-GNG10,1.55
DNAJC27,2.18
DNAJC28,1.17
DNAJC3,0.698
DNAJC30,9.8
DNAJC4,1.36
DNAJC5,2.48
DNAJC5B,0.0
DNAJC5G,4.44
DNAJC6,0.463
DNAJC7,13.2
DNAJC8,3.23
DNAJC9,6.81
DNAL1,0.324
DNAL4,1.29
DNALI1,0.0474
DNASE1,4.85
DNASE1L1,0.296
DNASE1L2,0.106
DNASE1L3,0.00404
DNASE2,1.55
DNASE2B,1.48
DND1,1.94
DNER,0.22
DNHD1,1.93
DNLZ,1.75
DNM1,1.71
DNM1L,2.42
DNM2,3.58
DNM3,0.0
DNMBP,0.809
DNMT1,3.82
DNMT3A,0.0
DNMT3B,1.51
DNMT3L,0.846
DNPEP,1.59
DNPH1,0.0419
DNTT,1.02
DNTTIP1,1.89
DNTTIP2,0.161
DOC2A,0.0
DOC2B,0.0
DOCK1,0.453
DOCK10,11.0
DOCK11,0.462
DOCK2,75.1
DOCK3,0.0
DOCK4,2.9
DOCK5,0.0
DOCK6,0.0
DOCK7,2.82
DOCK8,6.16
DOCK9,0.0
DOHH,0.564
DOK1,1.89
DOK2,0.0205
DOK3,0.0
DOK4,1.02
DOK5,0.217
DOK6,3.47
DOK7,0.235
DOLK,17.0
DOLPP1,0.0
DONSON,1.31
DOPEY1,9.13
DOPEY2,1.57
DOT1L,0.572
DPAGT1,5.3
DPCD,1.72
DPCR1,2.61
DPEP1,0.743
DPEP2,7.23
DPEP3,13.7
DPF1,0.0502
DPF2,6.86
DPF3,4.61
DPH1,0.0
DPH2,0.38
DPH3,0.737
DPH5,1.88
DPH6,5.14
DPH7,1.8
DPM1,9.73
DPM2,2.5
DPM3,5.53
DPP10,1.44
DPP3,0.302
DPP4,2.83
DPP6,0.269
DPP7,5.63
DPP8,3.23
DPP9,1.67
DPPA2,3.66
DPPA3,2.66
DPPA4,1.53
DPPA5,0.0
DPRX,0.00764
DPT,0.348
DPY19L1,0.598
DPY19L2,0.988
DPY19L3,5.11
DPY19L4,7.48
DPY30,2.79
DPYD,4.96
DPYS,1.27
DPYSL2,0.324
DPYSL3,1.93
DPYSL4,4.23
DPYSL5,0.153
DQX1,6.56
DR1,5.98
DRAM1,0.786
DRAM2,1.96
DRAP1,7.21
DRAXIN,0.277
DRC1,0.0
DRC3,0.826
DRC7,0.0
DRD1,3.38
DRD2,6.13
DRD3,1.04
DRD4,1.04
DRD5,0.0979
DRG1,3.72
DRG2,2.46
DRGX,0.0
DRICH1,0.0413
DROSHA,0.0741
DRP2,0.0382
DSC1,3.77
DSC2,1.74
DSC3,0.341
DSCAM,1.82
DSCAML1,0.441
DSCC1,2.69
DSCR3,3.89
DSCR4,4.54
DSCR8,3.08
DSE,1.35
DSEL,1.66
DSG1,1.94
DSG2,5.62
DSG3,0.457
DSG4,0.749
DSN1,0.213
DSP,0.0
DSPP,0.205
DST,0.634
DSTN,0.758
DSTYK,0.0
DTD1,0.0
DTD2,0.905
DTHD1,0.0102
DTL,11.8
DTNA,2.19
DTNB,0.0326
DTNBP1,10.9
DTWD1,3.17
DTWD2,5.73
DTX1,0.432
DTX2,2.22
DTX3,0.401
DTX3L,0.025
DTX4,0.0
DTYMK,2.19
DUOX1,0.0112
DUOX2,5.84
DUOXA1,5.43
DUOXA2,0.0
DUPD1,1.17
DUS1L,1.16
DUS2,2.81
DUS3L,16.9
DUS4L,4.03
DUSP1,1.79
DUSP10,0.131
DUSP11,2.66
DUSP12,0.0443
DUSP13,0.243
DUSP14,0.0378
DUSP15,0.237
DUSP16,0.0495
DUSP18,0.0
DUSP19,0.00436
DUSP2,1.71
DUSP21,0.456
DUSP22,1.12
DUSP23,0.232
DUSP26,0.201
DUSP27,0.384
DUSP28,0.0
DUSP3,0.267
DUSP4,16.1
DUSP5,13.4
DUSP6,0.0
DUSP7,0.65
DUSP8,2.21
DUSP9,0.0
DUT,0.0
DUX4L4,1.9
DUX4L5,2.81
DUX4L7,0.443
DUXA,1.05
DVL1,1.11
DVL2,0.188
DVL3,0.37
DXO,1.03
DYDC1,0.0
DYDC2,5.61
DYM,0.731
DYNAP,0.00492
DYNC1H1,9.48
DYNC1I1,0.272
DYNC1I2,3.1
DYNC1LI1,0.0645
DYNC1LI2,2.57
DYNC2H1,3.17
DYNC2LI1,0.00437
DYNLL1,15.3
DYNLL2,2.32
DYNLRB1,0.499
DYNLRB2,0.0381
DYNLT1,0.0
DYNLT3,0.585
DYRK1A,20.4
DYRK1B,0.0
DYRK2,4.07
DYRK3,0.0375
DYRK4,8.81
DYSF,0.551
DYTN,0.31
DZANK1,1.57
DZIP1,0.324
DZIP1L,0.0
DZIP3,1.82
E2F1,0.348
E2F2,5.54
E2F3,12.9
E2F4,1.94
E2F5,0.0
E2F6,0.051
E2F7,0.485
E2F8,0.374
E4F1,5.46
EAF1,0.26
EAF2,0.755
EAPP,0.0552
EARS2,12.1
EBAG9,0.916
EBF1,0.0
EBF2,0.0
EBF3,0.188
EBF4,0.0
EBI3,0.538
EBLN1,0.138
EBLN2,1.56
EBNA1BP2,1.08
EBP,0.444
EBPL,1.63
ECD,0.689
ECE1,1.84
ECE2,1.23
ECEL1,1.12
ECH1,0.0258
ECHDC1,0.000316
ECHDC2,2.82
ECHDC3,0.0
ECHS1,1.36
ECI1,0.0
ECI2,1.83
ECM1,0.00351
ECM2,0.0
ECSCR,0.098
ECSIT,3.88
ECT2,15.5
ECT2L,0.627
EDA,0.59
EDA2R,0.45
EDAR,4.46
EDARADD,1.55
EDC3,12.3
EDC4,9.38
EDDM3A,5.42
EDDM3B,0.146
EDEM1,6.29
EDEM2,2.96
EDEM3,3.28
EDF1,16.8
EDIL3,0.0
EDN1,4.45
EDN2,3.6
EDN3,0.0
EDNRA,2.58
EDNRB,0.834
EDRF1,1.71
EEA1,1.12
EED,5.33
EEF1A1,1.04
EEF1A2,0.322
EEF1AKMT1,3.74
EEF1AKMT2,4.68
EEF1AKMT3,13.3
EEF1B2,2.23
EEF1D,0.0
EEF1E1,3.8
EEF1E1-BLOC1S5,5.4
EEF1G,0.696
EEF2,2.17
EEF2K,0.338
EEF2KMT,1.27
EEFSEC,1.62
EEPD1,0.54
EFCAB1,2.81
EFCAB10,0.276
EFCAB11,1.37
EFCAB12,2.0
EFCAB13,2.63
EFCAB14,5.76
EFCAB2,0.141
EFCAB3,0.0466
EFCAB5,0.0
EFCAB6,0.218
EFCAB7,0.00634
EFCAB8,0.596
EFCAB9,0.00922
EFCC1,0.608
EFEMP1,1.12
EFEMP2,0.195
EFHB,2.7
EFHC1,3.01
EFHC2,4.41
EFHD1,3.35
EFHD2,2.28
EFL1,4.17
EFNA1,0.533
EFNA2,8.68
EFNA3,18.6
EFNA4,5.7
EFNA5,0.0102
EFNB1,2.32
EFNB2,4.1
EFNB3,0.0
EFR3A,0.0358
EFR3B,0.137
EFS,0.607
EFTUD2,6.15
EGF,0.0338
EGFL6,0.0695
EGFL7,0.94
EGFL8,5.44
EGFLAM,0.632
EGFR,0.0536
EGLN1,3.93
EGLN2,5.69
EGLN3,2.11
EGR1,3.21
EGR2,6.85
EGR3,0.322
EGR4,0.0982
EHBP1,7.57
EHBP1L1,0.0496
EHD1,1.44
EHD2,4.37
EHD3,4.34
EHD4,1.39
EHF,3.83
EHHADH,0.377
EHMT1,0.662
EHMT2,0.137
EI24,3.38
EID1,0.0
EID2,0.107
EID2B,0.00492
EID3,1.29
EIF1,6.88
EIF1AD,1.01
EIF1AX,1.29
EIF1AY,0.389
EIF1B,1.33
EIF2A,5.24
EIF2AK1,0.0343
EIF2AK2,0.612
EIF2AK3,14.2
EIF2AK4,20.6
EIF2B1,26.7
EIF2B2,6.49
EIF2B3,0.662
EIF2B4,0.0357
EIF2B5,2.19
EIF2D,0.249
EIF2S1,0.68
EIF2S2,0.00931
EIF2S3,0.76
EIF2S3L,0.906
EIF3A,7.81
EIF3B,0.0308
EIF3CL,11.2
EIF3D,7.99
EIF3E,0.221
EIF3F,8.42
EIF3G,0.843
EIF3H,2.57
EIF3I,2.43
EIF3J,0.258
EIF3K,9.55
EIF3L,11.1
EIF3M,5.53
EIF4A1,0.441
EIF4A2,1.88
EIF4A3,2.04
EIF4B,5.4
EIF4E,0.939
EIF4E1B,0.995
EIF4E2,5.97
EIF4E3,0.122
EIF4EBP1,22.0
EIF4EBP2,0.0
EIF4EBP3,0.867
EIF4ENIF1,20.0
EIF4G1,2.72
EIF4G2,3.94
EIF4G3,1.75
EIF4H,7.05
EIF5,3.79
EIF5A,8.6
EIF5A2,0.301
EIF5AL1,0.0444
EIF5B,0.507
EIF6,0.121
EIPR1,0.0
ELAC1,3.73
ELAC2,3.8
ELANE,7.27
ELAVL1,26.8
ELAVL2,0.171
ELAVL3,2.1
ELAVL4,0.0024
ELF1,10.7
ELF2,4.73
ELF3,0.178
ELF4,23.9
ELF5,0.148
ELFN1,5.27
ELFN2,0.595
ELK1,9.04
ELK3,0.0
ELK4,0.0866
ELL,0.656
ELL2,0.594
ELL3,0.507
ELMO1,5.74
ELMO2,3.04
ELMO3,3.74
ELMOD1,2.45
ELMOD2,0.0
ELMOD3,2.52
ELMSAN1,10.4
ELN,0.972
ELOA,5.07
ELOA2,0.531
ELOA3B,3.68
ELOA3D,2.79
ELOB,4.17
ELOC,2.44
ELOF1,0.0356
ELOVL1,84.1
ELOVL2,0.041
ELOVL3,0.0337
ELOVL4,0.0
ELOVL5,24.3
ELOVL6,0.0
ELOVL7,0.0
ELP1,1.33
ELP2,1.91
ELP3,2.13
ELP4,4.0
ELP5,8.06
ELP6,6.4
ELSPBP1,2.38
EMB,0.318
EMC1,5.04
EMC10,14.9
EMC2,0.356
EMC3,7.48
EMC4,19.4
EMC6,5.44
EMC7,1.54
EMC8,0.00669
EMC9,2.52
EMCN,0.911
EMD,2.56
EME1,0.0
EME2,0.0
EMG1,0.0
EMID1,2.08
EMILIN1,2.13
EMILIN2,0.0724
EMILIN3,0.0427
EML1,0.104
EML2,11.1
EML2-AS1,22.8
EML3,5.81
EML4,5.97
EML5,0.834
EML6,0.0
EMP1,1.2
EMP2,0.0
EMP3,5.61
EMSY,6.15
EMX1,0.468
EMX2,0.384
EN1,1.52
EN2,0.0
ENAH,0.105
ENAM,0.0156
ENC1,3.95
ENDOD1,6.72
ENDOG,0.252
ENDOU,0.0523
ENDOV,7.2
ENG,11.1
ENGASE,3.95
ENHO,3.27
ENKD1,1.24
ENKUR,0.37
ENO1,0.737
ENO2,0.0181
ENO3,1.21
ENO4,0.0717
ENOPH1,0.00802
ENOSF1,2.04
ENOX1,0.235
ENOX2,1.15
ENPEP,1.09
ENPP1,2.58
ENPP2,0.774
ENPP3,0.617
ENPP4,0.00732
ENPP5,0.0303
ENPP6,0.619
ENPP7,0.476
ENSA,0.0
ENTHD1,0.142
ENTPD1,10.8
ENTPD2,0.0727
ENTPD3,1.1
ENTPD4,1.42
ENTPD5,0.00138
ENTPD6,0.0835
ENTPD7,5.38
ENTPD8,0.195
ENY2,1.09
EOGT,0.469
EOMES,0.908
EP300,17.7
EP400,3.82
EP400NL,0.217
EPAS1,2.6
EPB41,1.08
EPB41L1,0.273
EPB41L2,4.67
EPB41L3,0.785
EPB41L4A,0.0
EPB41L4A-AS2,0.501
EPB41L4B,0.381
EPB41L5,1.14
EPB42,0.342
EPC1,8.87
EPC2,6.16
EPCAM,0.00598
EPDR1,0.0
EPG5,5.7
EPGN,0.017
EPHA1,3.16
EPHA10,4.85
EPHA2,0.0
EPHA3,1.2
EPHA4,0.0822
EPHA5,0.0
EPHA6,2.13
EPHA7,0.419
EPHA8,0.598
EPHB1,0.0
EPHB2,1.57
EPHB3,0.13
EPHB4,2.75
EPHB6,1.57
EPHX1,5.69
EPHX2,0.0
EPHX3,3.23
EPHX4,2.58
EPM2A,3.36
EPM2AIP1,9.98
EPN1,0.35
EPN2,0.0
EPN3,5.42
EPO,0.0
EPOP,0.503
EPOR,0.0735
EPPIN,2.67
EPPIN-WFDC6,1.12
EPPK1,0.0
EPRS,12.4
EPS15,6.95
EPS15L1,2.76
EPS8,14.8
EPS8L1,0.23
EPS8L2,0.192
EPS8L3,0.0
EPSTI1,5.71
EPX,5.31
EPYC,1.85
EQTN,1.21
ERAL1,2.87
ERAP1,0.327
ERAP2,10.7
ERAS,0.205
ERBB2,2.89
ERBB3,6.0
ERBB4,0.625
ERBIN,5.04
ERC1,0.158
ERC2,3.57
ERCC1,1.69
ERCC2,0.768
ERCC3,31.1
ERCC4,1.21
ERCC5,0.522
ERCC6,0.574
ERCC6-PGBD3,1.65
ERCC6L,6.79
ERCC6L2,1.93
ERCC8,0.0
EREG,1.17
ERF,2.98
ERFE,3.26
ERG,0.585
ERG28,2.11
ERGIC1,2.19
ERGIC2,3.29
ERGIC3,0.478
ERH,10.3
ERI1,13.3
ERI2,0.364
ERI3,0.0102
ERICH1,3.31
ERICH2,0.0773
ERICH3,2.86
ERICH4,0.0
ERICH5,1.25
ERICH6,2.77
ERICH6B,7.1
ERLEC1,2.78
ERLIN1,7.78
ERLIN2,7.52
ERMAP,0.263
ERMARD,1.73
ERMN,2.46
ERMP1,2.74
ERN1,7.6
ERN2,0.121
ERO1A,2.64
ERO1B,1.27
ERP27,0.388
ERP29,10.4
ERP44,56.7
ERRFI1,0.139
ERV3-1,2.2
ERVFRD-1,1.18
ERVMER34-1,1.8
ERVV-1,5.07
ERVV-2,0.249
ERVW-1,1.19
ESAM,16.0
ESCO1,9.66
ESCO2,9.22
ESD,1.2
ESF1,1.19
ESM1,4.02
ESPL1,2.97
ESPN,0.721
ESPNL,0.161
ESR1,1.63
ESR2,0.25
ESRP1,1.66
ESRP2,0.933
ESRRA,4.0
ESRRB,0.00206
ESRRG,0.0796
ESS2,8.8
ESX1,1.74
ESYT1,1.57
ESYT2,4.1
ESYT3,0.76
ETAA1,0.0232
ETF1,2.44
ETFA,1.95
ETFB,1.54
ETFBKMT,2.43
ETFDH,8.95
ETFRF1,0.000993
ETHE1,0.00269
ETNK1,8.05
ETNK2,1.13
ETNPPL,0.143
ETS1,3.33
ETS2,1.01
ETV1,0.811
ETV2,0.000419
ETV3,2.06
ETV3L,5.26
ETV4,0.00134
ETV5,17.7
ETV6,1.23
ETV7,3.55
EVA1A,0.98
EVA1B,8.66
EVA1C,1.86
EVC,1.44
EVC2,1.81
EVI2A,1.56
EVI2B,0.271
EVI5,0.0138
EVI5L,2.27
EVL,0.0
EVPL,0.106
EVPLL,0.933
EVX1,2.35
EVX2,3.46
EWSR1,1.37
EXD1,0.312
EXD2,0.797
EXD3,0.0561
EXO1,0.0178
EXO5,1.1
EXOC1,1.16
EXOC2,0.238
EXOC3,2.05
EXOC3-AS1,0.945
EXOC3L1,0.708
EXOC3L2,0.0105
EXOC3L4,1.44
EXOC4,5.9
EXOC5,6.66
EXOC6,4.52
EXOC6B,0.763
EXOC7,8.92
EXOC8,1.91
EXOG,0.237
EXOSC1,21.1
EXOSC10,1.27
EXOSC2,0.00104
EXOSC3,1.29
EXOSC4,1.65
EXOSC5,0.187
EXOSC6,1.23
EXOSC7,0.75
EXOSC8,2.17
EXOSC9,3.45
EXPH5,0.0156
EXT1,3.16
EXT2,0.158
EXTL1,0.123
EXTL2,2.42
EXTL3,3.05
EYA1,1.76
EYA2,0.126
EYA3,0.39
EYA4,0.382
EYS,0.999
EZH1,3.61
EZH2,2.69
EZR,2.1
F10,0.0
F11,3.71
F11R,0.239
F12,4.44
F13A1,1.17
F13B,0.0
F2,2.06
F2R,1.99
F2RL1,4.98
F2RL2,6.01
F2RL3,6.29
F3,0.0
F5,2.69
F7,0.0
F8,0.383
F8A1,0.0746
F8A3,0.132
F9,0.724
FA2H,0.429
FAAH,0.0
FAAH2,1.57
FAAP100,1.19
FAAP20,2.89
FAAP24,10.6
FABP1,16.0
FABP12,2.07
FABP2,8.03
FABP3,1.32
FABP4,0.515
FABP5,7.07
FABP6,1.11
FABP7,9.72
FABP9,0.0
FADD,84.4
FADS1,0.222
FADS2,0.382
FADS3,4.94
FADS6,2.41
FAF1,10.9
FAF2,0.298
FAH,0.414
FAHD1,0.0
FAHD2A,0.849
FAHD2B,1.56
FAIM,0.218
FAIM2,2.64
FAM102A,0.845
FAM102B,0.785
FAM103A1,1.11
FAM104A,3.23
FAM104B,2.73
FAM105A,3.79
FAM106A,11.8
FAM107A,2.34
FAM107B,0.0775
FAM109A,0.0
FAM109B,0.0
FAM110A,2.7
FAM110B,0.684
FAM110C,1.99
FAM110D,1.68
FAM111A,0.928
FAM111B,0.109
FAM114A1,4.73
FAM114A2,12.2
FAM117A,2.17
FAM117B,8.04
FAM118A,0.153
FAM118B,0.636
FAM120A,2.2
FAM120AOS,1.44
FAM120B,0.358
FAM120C,0.0
FAM122A,0.843
FAM122B,3.37
FAM122C,0.0868
FAM124A,4.81
FAM124B,4.46
FAM126A,3.08
FAM126B,0.191
FAM129A,10.2
FAM129B,11.5
FAM129C,11.8
FAM131A,0.0298
FAM131B,0.0
FAM131C,6.77
FAM133A,1.39
FAM133B,5.84
FAM135A,0.12
FAM135B,2.13
FAM136A,0.494
FAM13A,3.74
FAM13B,4.63
FAM13C,0.0
FAM149A,0.000169
FAM149B1,3.16
FAM151A,0.0
FAM151B,1.02
FAM153A,1.45
FAM153B,0.435
FAM153C,2.29
FAM155A,0.857
FAM155B,0.0701
FAM156A,1.55
FAM156B,1.84
FAM159A,2.49
FAM159B,0.0277
FAM160A1,1.81
FAM160A2,1.19
FAM160B1,0.0
FAM160B2,1.98
FAM161A,1.48
FAM161B,0.0
FAM162A,11.8
FAM162B,1.09
FAM163A,2.8
FAM163B,0.275
FAM166A,0.0
FAM166B,3.92
FAM167A,3.47
FAM167A-AS1,0.0
FAM167B,6.9
FAM168A,1.19
FAM168B,1.13
FAM169A,0.0
FAM169B,0.599
FAM170A,8.94
FAM170B,0.0
FAM171A1,0.987
FAM171A2,3.39
FAM171B,0.0
FAM172A,1.93
FAM173A,8.32
FAM173B,1.79
FAM174A,8.9
FAM174B,2.3
FAM177A1,0.374
FAM177B,1.28
FAM178B,2.8
FAM180A,2.27
FAM180B,1.48
FAM181A,2.32
FAM181B,0.415
FAM182B,0.0198
FAM183A,8.53
FAM183BP,24.0
FAM184A,3.74
FAM184B,1.06
FAM185A,1.51
FAM186A,6.7
FAM186B,1.96
FAM187A,0.442
FAM187B,0.497
FAM189A1,0.0
FAM189A2,0.256
FAM189B,7.63
FAM192A,8.98
FAM193A,11.2
FAM193B,0.163
FAM196A,5.18
FAM196B,0.199
FAM197Y1,0.0802
FAM198A,0.658
FAM198B,0.295
FAM199X,1.35
FAM19A1,0.0
FAM19A2,6.99
FAM19A3,0.161
FAM19A4,0.126
FAM19A5,0.71
FAM200A,0.898
FAM200B,4.61
FAM204A,1.64
FAM205A,0.559
FAM206A,0.0
FAM207A,0.0
FAM208A,3.52
FAM208B,0.0
FAM209A,2.84
FAM209B,1.84
FAM20A,1.96
FAM20B,5.67
FAM20C,0.229
FAM210A,5.4
FAM210B,0.0
FAM212A,0.975
FAM212B,3.94
FAM213A,0.533
FAM213B,1.6
FAM214A,0.0
FAM214B,2.79
FAM215A,1.27
FAM216A,1.31
FAM216B,0.648
FAM217A,0.214
FAM217B,0.000575
FAM218A,0.325
FAM219A,0.772
FAM219B,9.12
FAM21A,0.0
FAM21D,0.713
FAM220A,0.24
FAM221A,1.28
FAM221B,0.284
FAM222A,0.247
FAM222B,1.2
FAM227A,1.29
FAM227B,0.656
FAM228A,0.427
FAM228B,2.29
FAM229A,8.47
FAM229B,0.702
FAM230A,0.514
FAM231A,4.39
FAM231B,6.26
FAM231C,8.21
FAM231D,8.15
FAM234A,12.9
FAM234B,2.55
FAM24A,0.0
FAM24B,0.321
FAM25A,1.87
FAM25C,0.00249
FAM25E,0.103
FAM25G,2.37
FAM26D,0.0
FAM26E,5.2
FAM26F,0.363
FAM27B,6.15
FAM27C,10.7
FAM27D1,0.0
FAM27E2,3.7
FAM27E3,0.339
FAM30A,6.76
FAM32A,11.3
FAM35A,0.368
FAM3A,0.365
FAM3B,0.367
FAM3C,6.06
FAM3D,3.99
FAM43A,0.689
FAM43B,0.0
FAM45A,1.79
FAM46A,2.19
FAM46B,0.772
FAM46C,0.133
FAM46D,2.21
FAM47A,0.559
FAM47B,6.46
FAM47C,0.401
FAM47E,0.573
FAM47E-STBD1,1.84
FAM49A,5.46
FAM49B,69.9
FAM50A,0.388
FAM50B,0.0313
FAM53A,0.0
FAM53B,2.57
FAM53C,0.00772
FAM57A,0.356
FAM57B,1.18
FAM58A,1.38
FAM60A,5.11
FAM69A,5.19
FAM69B,0.628
FAM69C,0.538
FAM71A,11.0
FAM71B,0.0298
FAM71C,0.527
FAM71D,1.03
FAM71E1,0.0
FAM71E2,0.234
FAM71F1,2.86
FAM71F2,1.16
FAM72A,23.3
FAM72B,0.753
FAM72C,0.0
FAM72D,0.0749
FAM76A,7.28
FAM76B,4.24
FAM78A,0.0576
FAM78B,0.523
FAM81A,0.367
FAM81B,0.44
FAM83A,1.26
FAM83B,0.647
FAM83C,0.193
FAM83D,1.18
FAM83E,0.244
FAM83F,0.0388
FAM83G,0.0
FAM83H,3.37
FAM84A,0.0
FAM84B,0.631
FAM86B1,1.49
FAM86B2,3.58
FAM86C1,3.31
FAM89A,1.36
FAM89B,0.623
FAM8A1,8.48
FAM90A1,0.0
FAM90A26,8.6
FAM91A1,1.04
FAM92A,1.1
FAM92B,0.0677
FAM96A,0.135
FAM96B,1.56
FAM98A,2.88
FAM98B,40.7
FAM98C,1.28
FAM9A,0.685
FAM9B,0.312
FAM9C,2.72
FAN1,0.0
FANCA,1.66
FANCB,2.69
FANCC,1.86
FANCD2,0.933
FANCD2OS,1.54
FANCE,16.3
FANCF,0.304
FANCG,6.34
FANCI,5.05
FANCL,0.0
FANCM,0.308
FANK1,1.34
FAP,1.97
FAR1,0.657
FAR2,0.000787
FARP1,2.15
FARP2,0.259
FARS2,0.0883
FARSA,1.86
FARSB,2.89
FAS,0.0
FASLG,0.384
FASN,5.91
FASTK,0.0
FASTKD1,2.05
FASTKD2,1.13
FASTKD3,1.34
FASTKD5,3.89
FAT1,0.000103
FAT2,0.235
FAT3,0.578
FAT4,0.0
FATE1,0.145
FAU,10.4
FAXC,0.812
FAXDC2,2.21
FBF1,0.774
FBL,17.9
FBLIM1,0.123
FBLL1,2.84
FBLN1,0.0506
FBLN2,0.186
FBLN5,0.0
FBLN7,2.06
FBN1,1.08
FBN2,0.0
FBN3,1.11
FBP1,0.198
FBP2,2.86
FBRS,1.49
FBRSL1,1.45
FBXL12,0.398
FBXL13,8.65
FBXL14,2.59
FBXL15,0.0882
FBXL16,1.51
FBXL17,2.7
FBXL18,0.184
FBXL19,1.64
FBXL2,1.39
FBXL20,0.309
FBXL21,2.68
FBXL22,0.615
FBXL3,3.59
FBXL4,3.4
FBXL5,4.77
FBXL6,0.155
FBXL7,7.7
FBXL8,3.19
FBXO10,5.33
FBXO11,66.8
FBXO15,0.623
FBXO16,10.1
FBXO17,3.39
FBXO18,6.2
FBXO2,0.101
FBXO21,9.87
FBXO22,3.03
FBXO24,0.112
FBXO25,0.0195
FBXO27,1.24
FBXO28,2.51
FBXO3,4.17
FBXO30,7.32
FBXO31,5.86
FBXO32,0.319
FBXO33,2.83
FBXO34,0.0
FBXO36,9.21
FBXO38,18.6
FBXO39,5.18
FBXO4,0.0615
FBXO40,14.3
FBXO41,6.15
FBXO42,6.94
FBXO43,3.78
FBXO44,0.0
FBXO45,0.571
FBXO46,1.78
FBXO47,3.15
FBXO48,17.5
FBXO5,0.79
FBXO6,3.98
FBXO7,6.41
FBXO8,1.54
FBXO9,5.83
FBXW10,3.76
FBXW11,2.24
FBXW12,4.07
FBXW2,0.58
FBXW4,2.1
FBXW5,8.39
FBXW7,2.33
FBXW8,2.62
FBXW9,1.47
FCAMR,1.52
FCAR,0.0
FCER1A,4.96
FCER1G,0.632
FCER2,0.481
FCF1,3.83
FCGBP,0.322
FCGR1A,2.89
FCGR1B,6.17
FCGR2A,0.0
FCGR2B,0.0
FCGR2C,0.71
FCGR3A,0.2
FCGR3B,0.0
FCGRT,11.2
FCHO1,6.35
FCHO2,1.34
FCHSD1,0.219
FCHSD2,1.91
FCMR,1.27
FCN1,0.244
FCN2,0.128
FCN3,7.37
FCRL1,1.21
FCRL2,0.208
FCRL3,1.66
FCRL4,0.0
FCRL5,1.55
FCRL6,0.367
FCRLA,0.517
FCRLB,0.0
FDCSP,0.982
FDFT1,0.0395
FDPS,0.0
FDX1,23.5
FDX1L,0.0532
FDXACB1,0.00263
FDXR,0.0988
FECH,3.99
FEM1A,3.1
FEM1B,0.37
FEM1C,0.794
FEN1,2.84
FER,1.93
FER1L6,5.9
FERD3L,0.0
FERMT1,3.9
FERMT2,5.48
FERMT3,150.0
FES,0.00431
FETUB,0.525
FEV,0.0
FEZ1,2.08
FEZ2,0.0
FEZF1,0.408
FEZF2,0.372
FFAR1,1.43
FFAR2,1.18
FFAR3,1.38
FFAR4,3.65
FGA,0.0127
FGB,1.13
FGD1,0.32
FGD2,0.0317
FGD3,0.0888
FGD4,0.628
FGD5,0.019
FGD6,0.0474
FGF1,0.0643
FGF10,9.74
FGF11,2.23
FGF12,0.0
FGF13,5.42
FGF14,0.535
FGF16,0.278
FGF17,0.0389
FGF18,0.0236
FGF19,0.353
FGF2,0.0
FGF20,0.0808
FGF21,0.934
FGF22,6.72
FGF23,0.823
FGF3,7.38
FGF4,0.0
FGF5,3.37
FGF6,4.59
FGF7,0.0467
FGF8,1.78
FGF9,0.101
FGFBP1,0.0
FGFBP2,8.8
FGFBP3,0.259
FGFR1,0.727
FGFR1OP,1.71
FGFR1OP2,4.4
FGFR2,0.883
FGFR3,0.539
FGFR4,0.698
FGFRL1,0.679
FGG,3.37
FGGY,0.558
FGL1,2.05
FGL2,0.0
FGR,0.0
FH,4.78
FHAD1,1.25
FHDC1,0.0924
FHIT,0.64
FHL1,6.54
FHL2,8.74
FHL3,0.0
FHL5,1.49
FHOD1,1.2
FHOD3,0.0
FIBCD1,0.168
FIBIN,2.14
FIBP,0.0
FICD,0.0
FIG4,1.66
FIGLA,1.27
FIGN,0.261
FIGNL1,0.713
FILIP1,3.76
FILIP1L,6.43
FIP1L1,1.85
FIS1,2.62
FITM1,6.07
FITM2,0.52
FIZ1,1.61
FJX1,1.51
FKBP10,0.0179
FKBP11,1.62
FKBP14,0.516
FKBP15,3.79
FKBP1A,0.891
FKBP1B,2.64
FKBP1C,4.86
FKBP2,8.66
FKBP3,4.12
FKBP4,0.892
FKBP5,1.23
FKBP6,9.28
FKBP7,4.5
FKBP8,0.231
FKBP9,0.0
FKBPL,2.57
FKRP,0.263
FKSG48,3.61
FKSG49,4.13
FKSG62,1.73
FKSG63,4.82
FKTN,1.67
FLAD1,2.34
FLCN,30.0
FLG,16.7
FLG2,4.68
FLI1,18.6
FLII,27.5
FLJ00104,0.733
FLJ00273,2.07
FLJ00325,0.392
FLJ00388,3.18
FLJ00418,2.56
FLJ20306,2.62
FLJ20373,0.0165
FLJ27365,0.22
FLJ45079,0.695
FLNA,3.25
FLNB,0.0
FLNC,4.64
FLOT1,2.84
FLOT2,2.09
FLRT1,3.87
FLRT2,1.64
FLRT3,0.0105
FLT1,0.0
FLT3,0.668
FLT3LG,0.0
FLT4,1.5
FLVCR1,17.1
FLVCR2,4.62
FLYWCH1,0.401
FLYWCH2,0.454
FMC1,0.782
FMN1,0.444
FMN2,0.663
FMNL1,0.0
FMNL2,7.51
FMNL3,0.00794
FMO1,6.6
FMO2,0.254
FMO3,1.55
FMO4,1.6
FMO5,3.31
FMO6P,0.00222
FMOD,0.0651
FMR1,0.397
FMR1NB,1.84
FN1,0.059
FN3K,0.000695
FN3KRP,0.413
FNBP1,2.56
FNBP1L,0.0864
FNBP4,3.78
FNDC1,3.93
FNDC10,0.734
FNDC11,4.13
FNDC3A,6.07
FNDC3B,8.59
FNDC4,0.582
FNDC5,2.18
FNDC7,0.0
FNDC8,0.66
FNDC9,0.245
FNIP1,0.675
FNIP2,29.0
FNTA,3.25
FNTB,0.0
FOCAD,3.11
FOLH1,0.023
FOLR1,4.87
FOLR2,2.5
FOLR3,4.97
FOPNL,0.468
FOS,7.35
FOSB,3.92
FOSL1,3.35
FOSL2,15.0
FOXA1,2.34
FOXA2,0.685
FOXA3,0.504
FOXB1,1.03
FOXB2,0.0214
FOXC1,0.0
FOXC2,0.18
FOXD1,2.4
FOXD2,0.0
FOXD3,1.42
FOXD4,2.33
FOXD4L1,0.0954
FOXD4L2,0.83
FOXD4L3,1.2
FOXD4L4,3.71
FOXD4L5,2.43
FOXD4L6,1.32
FOXE1,0.0
FOXE3,0.0159
FOXF1,0.62
FOXF2,2.08
FOXG1,0.0
FOXH1,0.0
FOXI1,3.87
FOXI2,2.04
FOXJ1,0.0625
FOXJ2,0.0
FOXJ3,24.6
FOXK1,2.37
FOXK2,1.72
FOXL1,0.236
FOXL2,0.999
FOXL2NB,0.111
FOXM1,1.54
FOXN1,0.814
FOXN2,2.69
FOXN3,0.00746
FOXN4,0.0
FOXO1,0.733
FOXO3,0.274
FOXO4,0.712
FOXO6,0.488
FOXP1,16.8
FOXP2,0.612
FOXP3,0.524
FOXP4,29.9
FOXQ1,0.179
FOXR1,0.327
FOXR2,0.55
FOXRED1,0.356
FOXRED2,3.73
FOXS1,1.36
FP15737,3.07
FPGS,6.42
FPGT,2.62
FPGT-TNNI3K,1.04
FPR1,0.221
FPR2,2.11
FPR3,2.99
FRA10AC1,0.0
FRAS1,0.0
FRAT1,0.823
FRAT2,0.923
FREM1,0.0
FREM2,0.439
FREM3,0.0
FRG1,8.56
FRG1BP,3.93
FRG2,2.14
FRG2B,1.35
FRG2C,0.0915
FRK,0.0336
FRMD1,0.0
FRMD3,0.0
FRMD4A,0.158
FRMD4B,0.687
FRMD5,1.57
FRMD6,10.6
FRMD7,2.17
FRMD8,0.781
FRMPD1,0.0224
FRMPD2,1.08
FRMPD3,0.00706
FRMPD4,0.0
FRRS1,3.01
FRRS1L,1.1
FRS2,1.36
FRS3,1.93
FRY,0.253
FRYL,0.262
FRZB,0.0
FSBP,2.48
FSCB,0.598
FSCN1,0.0
FSCN2,0.0111
FSCN3,0.0
FSD1,1.21
FSD1L,0.0258
FSD2,0.493
FSHB,0.473
FSHR,0.564
FSIP1,4.52
FSIP2,0.0886
FST,0.0278
FSTL1,0.272
FSTL3,0.00569
FSTL4,0.921
FSTL5,0.0
FTCD,0.409
FTCDNL1,2.1
FTH1,0.031
FTHL17,0.774
FTL,1.27
FTMT,0.127
FTO,4.05
FTSJ1,2.58
FTSJ3,3.35
FUBP1,3.46
FUBP3,2.76
FUCA1,1.05
FUCA2,0.425
FUK,1.04
FUNDC1,3.57
FUNDC2,1.11
FUOM,2.48
FURIN,46.6
FUS,0.0
FUT1,3.41
FUT10,1.35
FUT11,0.0
FUT2,0.0
FUT3,3.64
FUT4,6.77
FUT5,1.42
FUT6,0.565
FUT7,0.0271
FUT8,3.71
FUT9,1.11
FUZ,0.00162
FXN,0.773
FXR1,0.0
FXR2,0.0
FXYD1,0.292
FXYD2,0.0
FXYD3,3.84
FXYD4,0.0255
FXYD5,6.33
FXYD6,2.22
FXYD6-FXYD2,0.253
FXYD7,0.911
FYB1,0.74
FYB2,0.921
FYCO1,0.901
FYN,2.68
FYTTD1,1.13
FZD1,0.0415
FZD10,0.914
FZD2,0.328
FZD3,0.0
FZD4,4.8
FZD5,0.285
FZD6,0.973
FZD7,0.789
FZD8,0.372
FZD9,5.04
FZR1,8.6
G0S2,0.0
G2E3,1.95
G3BP1,1.44
G3BP2,6.64
G6PC,1.54
G6PC2,0.258
G6PC3,1.54
G6PD,0.171
GAA,0.0
GAB1,68.3
GAB2,7.41
GAB3,29.5
GAB4,0.232
GABARAP,5.27
GABARAPL1,0.425
GABARAPL2,6.16
GABARAPL3,0.226
GABBR1,4.65
GABBR2,0.822
GABPA,11.3
GABPB1,5.58
GABPB2,0.301
GABRA1,0.257
GABRA2,0.0419
GABRA3,1.5
GABRA4,0.369
GABRA5,0.0568
GABRA6,0.0932
GABRB1,0.0
GABRB2,0.492
GABRB3,2.11
GABRD,1.75
GABRE,1.55
GABRG1,0.0
GABRG2,0.16
GABRG3,0.193
GABRP,0.00685
GABRQ,5.25
GABRR1,1.07
GABRR2,6.03
GABRR3,0.0
GAD1,0.769
GAD2,0.0373
GADD45A,0.765
GADD45B,24.5
GADD45G,0.0
GADD45GIP1,4.01
GADL1,2.62
GAGE1,1.05
GAGE10,4.34
GAGE12C,0.0
GAGE12F,1.2
GAGE12H,0.0832
GAGE12J,0.141
GAGE13,1.32
GAGE2A,0.445
GAGE2D,0.123
GAK,1.86
GAL,2.01
GAL3ST1,0.0
GAL3ST2,1.63
GAL3ST3,0.311
GAL3ST4,1.18
GALC,4.03
GALE,1.56
GALK1,0.408
GALK2,0.538
GALM,0.698
GALNS,0.0139
GALNT1,5.48
GALNT10,1.45
GALNT11,1.2
GALNT12,1.93
GALNT13,4.15
GALNT14,0.0
GALNT15,2.55
GALNT16,0.0452
GALNT17,0.441
GALNT18,6.96
GALNT2,2.28
GALNT3,1.74
GALNT4,0.317
GALNT5,0.0
GALNT6,0.619
GALNT7,3.34
GALNT8,6.93
GALNT9,0.696
GALNTL5,0.159
GALNTL6,0.0
GALP,1.5
GALR1,1.19
GALR2,1.78
GALR3,0.442
GALT,2.32
GAMT,1.77
GAN,0.0404
GANAB,6.27
GANC,0.146
GAP43,0.601
GAPDHS,0.717
GAPT,2.33
GAPVD1,8.31
GAR1,3.39
GAREM1,2.21
GAREM2,0.0
GARNL3,4.34
GARS,0.218
GART,2.48
GAS1,0.111
GAS2,0.0
GAS2L1,0.548
GAS2L2,0.145
GAS2L3,0.0
GAS6,2.16
GAS7,11.7
GAS8,1.0
GAS8-AS1,0.719
GAST,0.0
GATA1,1.74
GATA2,1.79
GATA3,0.244
GATA4,0.938
GATA5,0.0
GATA6,0.0577
GATAD1,0.531
GATAD2A,20.2
GATAD2B,27.2
GATB,4.48
GATC,0.0114
GATD1,5.36
GATM,0.0
GATS,1.21
GBA,0.0821
GBA2,0.0185
GBA3,1.6
GBE1,0.347
GBF1,8.33
GBGT1,7.86
GBP1,0.0
GBP2,0.26
GBP3,1.13
GBP4,0.0
GBP5,1.81
GBP6,0.0
GBP7,2.04
GBX1,0.802
GBX2,0.00162
GC,4.15
GCA,5.64
GCAT,6.95
GCC1,0.0224
GCC2,1.28
GCDH,0.0
GCFC2,0.0
GCG,0.0
GCGR,0.0
GCH1,3.35
GCHFR,0.0
GCK,0.0
GCKR,1.94
GCLC,7.92
GCLM,0.124
GCM1,11.2
GCM2,0.932
GCN1,4.08
GCNA,3.21
GCNT1,0.0
GCNT2,0.0
GCNT3,2.01
GCNT4,4.2
GCNT6,0.122
GCNT7,1.6
GCOM1,1.36
GCSAM,2.94
GCSAML,0.563
GCSH,5.89
GDA,0.0624
GDAP1,12.2
GDAP1L1,0.269
GDAP2,7.69
GDE1,0.00408
GDF1,0.414
GDF10,0.347
GDF11,4.06
GDF15,1.79
GDF2,0.215
GDF3,0.597
GDF5,3.15
GDF5OS,0.0941
GDF6,0.309
GDF7,0.969
GDF9,0.182
GDI1,0.0627
GDI2,11.5
GDNF,9.97
GDPD1,3.92
GDPD2,0.0
GDPD3,7.29
GDPD4,6.93
GDPD5,5.63
GDPGP1,0.543
GEM,1.94
GEMIN2,1.08
GEMIN4,3.47
GEMIN5,5.4
GEMIN6,1.56
GEMIN7,3.49
GEMIN8,3.4
GEN1,4.98
GET4,0.0
GFAP,0.192
GFER,0.364
GFI1,30.0
GFI1B,0.368
GFM1,3.49
GFM2,9.77
GFOD1,0.0539
GFOD2,0.189
GFPT1,4.46
GFPT2,2.12
GFRA1,0.0882
GFRA2,0.0447
GFRA3,1.12
GFRA4,0.0356
GFRAL,0.0776
GFY,0.0
GGA1,2.37
GGA2,0.11
GGA3,7.71
GGACT,0.0391
GGCT,4.45
GGCX,0.244
GGH,0.321
GGN,0.495
GGNBP1,8.97
GGNBP2,21.4
GGPS1,6.78
GGT1,0.0341
GGT2,0.373
GGT5,0.0
GGT6,10.1
GGT7,7.11
GGTLC1,4.53
GGTLC2,7.69
GGTLC3,3.98
GH1,0.019
GH2,1.96
GHDC,0.646
GHITM,1.28
GHR,2.56
GHRH,2.35
GHRHR,5.46
GHRL,0.0
GHSR,6.7
GID4,9.47
GID8,4.64
GIF,0.793
GIGYF1,0.0
GIGYF2,11.4
GIMAP1,6.04
GIMAP2,2.8
GIMAP4,4.33
GIMAP5,0.949
GIMAP6,5.88
GIMAP7,0.609
GIMAP8,1.17
GIN1,0.331
GINM1,0.681
GINS1,4.35
GINS2,0.762
GINS3,3.05
GINS4,4.09
GIP,1.25
GIPC1,4.12
GIPC2,0.11
GIPC3,0.0
GIPR,0.925
GIT1,2.54
GIT2,0.0117
GJA1,0.727
GJA10,0.904
GJA3,0.474
GJA4,2.91
GJA5,0.649
GJA8,1.29
GJA9,0.146
GJB1,2.44
GJB2,1.59
GJB3,1.4
GJB4,1.49
GJB5,0.177
GJB6,1.69
GJB7,0.0
GJC1,7.71
GJC2,0.0
GJC3,22.2
GJD2,0.0
GJD3,1.04
GJD4,0.00692
GJE1,2.47
GK,2.43
GK2,0.128
GK5,2.71
GKAP1,1.58
GKN1,0.0624
GKN2,0.048
GLA,3.45
GLB1,2.0
GLB1L,0.671
GLB1L2,0.008
GLB1L3,0.103
GLCCI1,0.719
GLCE,2.46
GLDC,0.22
GLDN,2.85
GLE1,5.3
GLG1,0.0354
GLI1,0.481
GLI2,5.07
GLI3,4.46
GLI4,0.00329
GLIPR1,0.0
GLIPR1L1,0.388
GLIPR1L2,0.815
GLIPR2,0.0
GLIS1,0.203
GLIS2,1.8
GLIS3,0.0
GLMN,1.31
GLMP,6.58
GLO1,3.95
GLOD4,0.0
GLOD5,0.0
GLP1R,0.0
GLP2R,2.06
GLRA1,2.65
GLRA2,1.47
GLRA3,1.28
GLRA4,9.37
GLRB,4.75
GLRX,0.438
GLRX2,1.54
GLRX3,3.81
GLRX5,1.26
GLS,12.3
GLS2,0.258
GLT1D1,3.4
GLT6D1,0.568
GLT8D1,0.0881
GLT8D2,2.75
GLTP,0.227
GLTPD2,0.856
GLUD1,4.26
GLUD2,0.273
GLUL,0.268
GLYAT,0.901
GLYATL1,0.0898
GLYATL2,0.0
GLYATL3,1.07
GLYCTK,4.74
GLYR1,2.66
GM2A,0.384
GMCL1,0.919
GMDS,0.0
GMEB1,0.278
GMEB2,1.05
GMFB,4.02
GMFG,2.71
GMIP,0.877
GML,0.205
GMNC,3.83
GMNN,0.0
GMPPA,0.792
GMPPB,2.74
GMPR,0.192
GMPR2,1.09
GMPS,5.82
GNA11,6.39
GNA12,1.45
GNA13,4.64
GNA14,3.69
GNA15,0.0
GNAI1,0.0
GNAI2,39.0
GNAI3,1.36
GNAL,0.0
GNAO1,9.14
GNAQ,1.02
GNAS,1.69
GNAT1,2.01
GNAT2,0.105
GNAT3,0.0728
GNAZ,0.494
GNB1,25.1
GNB1L,0.00149
GNB2,10.1
GNB3,0.0
GNB4,2.5
GNB5,0.0353
GNE,29.9
GNG10,2.34
GNG11,1.27
GNG12,1.05
GNG13,0.895
GNG2,0.111
GNG3,0.0
GNG4,0.0
GNG5,1.5
GNG5P2,2.84
GNG7,0.0152
GNG8,0.0694
GNGT1,2.1
GNGT2,0.0379
GNL1,1.15
GNL2,8.86
GNL3,4.18
GNL3L,1.41
GNLY,0.00245
GNMT,5.55
GNPAT,9.2
GNPDA1,0.0
GNPDA2,3.12
GNPNAT1,1.83
GNPTAB,1.91
GNPTG,19.7
GNRH1,0.437
GNRH2,0.206
GNRHR,0.00309
GNS,4.17
GOLGA1,1.98
GOLGA2,7.71
GOLGA3,3.78
GOLGA4,1.67
GOLGA5,0.0346
GOLGA6A,1.41
GOLGA6B,0.0888
GOLGA6C,0.366
GOLGA6D,4.19
GOLGA6L1,6.93
GOLGA6L10,19.7
GOLGA6L19,14.0
GOLGA6L2,0.0
GOLGA6L4,5.02
GOLGA6L6,4.14
GOLGA6L9,4.22
GOLGA7,23.4
GOLGA7B,1.17
GOLGA8A,0.483
GOLGA8B,0.0
GOLGA8G,5.38
GOLGA8H,0.826
GOLGA8IP,5.27
GOLGA8J,1.92
GOLGA8K,2.83
GOLGA8M,0.231
GOLGA8N,1.31
GOLGA8O,0.156
GOLGA8Q,0.0796
GOLGA8R,3.51
GOLGA8S,7.84
GOLGA8T,0.0825
GOLGB1,2.63
GOLIM4,1.63
GOLM1,1.75
GOLPH3,0.212
GOLPH3L,0.65
GOLT1A,4.44
GOLT1B,0.837
GON4L,4.08
GON7,0.0559
GOPC,2.2
GORAB,0.259
GORASP1,0.0398
GORASP2,9.22
GOSR1,2.33
GOSR2,5.89
GOT1,6.79
GOT1L1,0.816
GOT2,0.0615
GP1BA,1.68
GP1BB,5.64
GP2,0.0267
GP5,0.0
GP6,4.76
GP9,1.11
GPA33,0.559
GPAA1,0.0
GPALPP1,0.0
GPAM,0.098
GPANK1,0.604
GPAT2,0.638
GPAT3,0.558
GPAT4,1.98
GPATCH1,3.83
GPATCH11,2.0
GPATCH2,0.382
GPATCH2L,5.5
GPATCH3,2.46
GPATCH4,1.34
GPATCH8,3.09
GPBAR1,4.74
GPBP1,0.0
GPBP1L1,2.63
GPC1,0.0
GPC2,1.93
GPC3,0.0698
GPC4,0.864
GPC5,1.29
GPC6,0.0116
GPCPD1,0.536
GPD1,0.764
GPD1L,1.41
GPD2,0.0122
GPER1,0.907
GPHA2,0.58
GPHN,1.13
GPI,18.6
GPIHBP1,2.85
GPKOW,5.09
GPLD1,0.0667
GPM6A,0.0231
GPM6B,0.383
GPN1,3.89
GPN2,0.79
GPN3,1.44
GPNMB,0.0
GPR1,0.397
GPR101,0.726
GPR107,3.63
GPR108,7.67
GPR119,7.36
GPR12,1.8
GPR132,0.169
GPR135,1.27
GPR137,2.23
GPR137B,0.0
GPR137C,5.34
GPR139,0.738
GPR141,0.0615
GPR142,0.865
GPR143,0.0
GPR146,7.74
GPR148,5.44
GPR149,0.099
GPR15,0.265
GPR150,3.89
GPR151,0.00542
GPR152,1.15
GPR153,2.8
GPR155,0.596
GPR156,3.38
GPR157,0.572
GPR158,1.33
GPR160,1.73
GPR161,0.361
GPR162,2.63
GPR17,0.0747
GPR171,0.484
GPR173,3.86
GPR174,0.468
GPR176,0.459
GPR179,0.58
GPR18,0.484
GPR180,8.13
GPR182,1.18
GPR183,1.54
GPR19,0.701
GPR20,5.75
GPR21,2.28
GPR22,0.819
GPR25,0.0837
GPR26,4.67
GPR27,0.183
GPR3,1.73
GPR31,0.342
GPR32,0.0158
GPR33,2.68
GPR34,0.404
GPR35,0.39
GPR37,3.8
GPR37L1,0.0462
GPR39,0.879
GPR4,0.0143
GPR42,3.68
GPR45,6.35
GPR50,0.523
GPR52,0.829
GPR55,0.375
GPR6,0.198
GPR61,3.03
GPR62,1.34
GPR63,0.00641
GPR65,4.55
GPR68,0.0
GPR75,1.69
GPR75-ASB3,4.76
GPR78,5.04
GPR82,0.0281
GPR83,0.913
GPR84,5.38
GPR85,1.36
GPR87,0.0
GPR88,1.13
GPR89A,0.233
GPR89B,32.2
GPRASP1,2.11
GPRASP2,0.997
GPRC5A,0.0294
GPRC5B,0.0
GPRC5C,0.0
GPRC5D,0.0661
GPRC6A,1.07
GPRIN1,0.0
GPRIN2,1.99
GPRIN3,0.124
GPS1,9.1
GPS2,11.4
GPSM1,0.277
GPSM2,0.0
GPSM3,0.347
GPT,0.178
GPT2,0.0514
GPX1,1.24
GPX2,0.0455
GPX3,1.96
GPX4,1.26
GPX5,0.286
GPX6,0.424
GPX7,0.407
GPX8,6.56
GRAMD1A,2.04
GRAMD1B,0.0
GRAMD1C,1.69
GRAMD2A,5.42
GRAMD2B,3.59
GRAMD4,0.0
GRAP,0.0114
GRAP2,0.112
GRAPL,3.01
GRASP,0.935
GRB10,0.491
GRB14,1.38
GRB2,10.4
GRB7,0.0
GREB1,0.395
GREB1L,0.343
GREM1,1.07
GREM2,0.779
GRHL1,2.37
GRHL2,0.0
GRHL3,1.23
GRHPR,2.25
GRIA1,4.78
GRIA2,4.15
GRIA3,0.479
GRIA4,3.32
GRID1,0.118
GRID2,0.536
GRID2IP,0.781
GRIK1,3.15
GRIK1-AS2,0.0
GRIK2,0.0697
GRIK3,1.68
GRIK4,0.0
GRIK5,0.514
GRIN1,0.563
GRIN2A,2.82
GRIN2B,0.551
GRIN2C,0.00424
GRIN2D,0.514
GRIN3A,0.433
GRIN3B,1.33
GRINA,13.3
GRIP1,0.236
GRIPAP1,0.4
GRK1,0.019
GRK2,0.188
GRK3,3.46
GRK4,0.289
GRK5,3.19
GRK6,1.11
GRK7,1.63
GRM1,3.52
GRM2,0.0
GRM3,0.13
GRM4,0.00279
GRM5,0.0363
GRM6,0.0
GRM7,0.399
GRM8,1.02
GRN,1.1
GRP,0.0
GRPEL1,15.2
GRPEL2,1.78
GRPR,0.00352
GRSF1,4.38
GRTP1,0.19
GRWD1,0.279
GRXCR1,0.682
GRXCR2,0.259
GS1-259H13.10,0.708
GS1-393G12.13,1.6
GSAP,3.49
GSC,0.324
GSC2,1.83
GSDMA,0.0
GSDMB,0.0
GSDMC,0.228
GSDMD,3.91
GSE1,10.4
GSG1,2.11
GSG1L,0.0516
GSK3A,0.0
GSK3B,5.03
GSKIP,1.47
GSN,0.0
GSPT1,7.67
GSPT2,0.0705
GSR,0.00787
GSS,2.18
GSTA1,0.0041
GSTA2,1.29
GSTA3,0.343
GSTA4,0.0
GSTA5,0.873
GSTCD,0.165
GSTK1,0.491
GSTM1,0.567
GSTM2,0.313
GSTM3,1.1
GSTM4,0.0
GSTM5,3.24
GSTO1,0.00164
GSTO2,0.484
GSTP1,1.85
GSTT1,0.0
GSTT2,0.782
GSTT2B,2.45
GSTZ1,0.876
GSX1,1.18
GSX2,0.913
GTDC1,0.872
GTF2A1,12.4
GTF2A1L,0.0
GTF2A2,0.0396
GTF2B,4.02
GTF2E1,7.68
GTF2E2,4.64
GTF2F1,2.29
GTF2F2,4.7
GTF2H1,0.435
GTF2H2,1.59
GTF2H2C,0.0
GTF2H3,0.996
GTF2H4,2.92
GTF2H5,8.8
GTF2I,10.6
GTF2IRD1,1.63
GTF2IRD2,0.0
GTF2IRD2B,0.417
GTF3A,1.3
GTF3C1,6.4
GTF3C2,1.3
GTF3C3,1.4
GTF3C4,1.88
GTF3C5,0.442
GTF3C6,0.0
GTPBP1,2.02
GTPBP10,3.08
GTPBP2,1.17
GTPBP3,0.0
GTPBP4,1.92
GTPBP6,7.75
GTPBP8,8.13
GTSCR1,0.188
GTSE1,12.1
GTSF1,4.36
GTSF1L,2.82
GUCA1A,9.73
GUCA1B,4.21
GUCA1C,0.000516
GUCA2A,1.35
GUCA2B,2.42
GUCD1,0.769
GUCY1A2,1.27
GUCY1A3,0.275
GUCY1B3,3.6
GUCY2C,1.65
GUCY2D,0.772
GUCY2F,10.3
GUF1,0.0
GUK1,0.597
GULP1,6.28
GUSB,0.0476
GVQW1,4.54
GXYLT1,0.0897
GXYLT2,4.06
GYG1,0.00311
GYG2,0.0
GYPA,10.5
GYPB,4.2
GYPC,0.218
GYPE,2.51
GYS1,1.15
GYS2,10.0
GZF1,1.0
GZMA,22.2
GZMB,1.13
GZMH,4.55
GZMK,0.543
GZMM,4.84
H1F0,0.00379
H1FNT,1.88
H1FOO,2.7
H1FX,1.32
H2AFB1,1.91
H2AFB2,0.49
H2AFB3,0.657
H2AFJ,8.83
H2AFV,0.238
H2AFX,8.52
H2AFY,0.119
H2AFY2,0.18
H2AFZ,17.5
H2BFM,1.29
H2BFWT,1.16
H3F3A,0.477
H3F3B,0.562
H3F3C,0.0201
H6PD,0.0
HAAO,7.5
HABP2,2.0
HABP4,1.63
HACD1,1.01
HACD2,25.1
HACD3,0.295
HACD4,1.27
HACE1,0.107
HACL1,2.16
HADH,0.141
HADHA,0.0
HADHB,0.122
HAGH,1.96
HAGHL,0.334
HAL,1.42
HAMP,0.192
HAND1,2.04
HAND2,0.818
HAO1,0.0
HAO2,0.0406
HAP1,0.0268
HAPLN1,1.12
HAPLN2,6.49
HAPLN3,2.0
HAPLN4,4.66
HARBI1,6.11
HARS,2.0
HARS2,13.9
HAS1,9.02
HAS2,1.45
HAS3,0.668
HASPIN,1.42
HAT1,5.92
HAUS1,3.95
HAUS2,0.936
HAUS3,1.06
HAUS4,9.39
HAUS5,2.78
HAUS6,2.17
HAUS7,3.69
HAUS8,0.0
HAVCR1,0.0
HAVCR2,6.76
HAX1,10.7
HBA2,0.399
HBB,4.37
HBCBP,0.151
HBD,2.0
HBE1,4.25
HBEGF,1.2
HBG1,0.215
HBG2,3.74
HBM,1.57
HBP1,2.53
HBQ1,1.81
HBS1L,0.0725
HBZ,0.0243
HCAR1,0.192
HCAR2,1.22
HCAR3,2.55
HCCS,0.802
HCFC1,4.41
HCFC1R1,1.89
HCFC2,7.71
HCG27,0.348
HCK,1.54
HCLS1,0.465
HCN1,0.318
HCN2,0.18
HCN3,5.02
HCN4,0.0
HCRT,0.127
HCRTR1,1.57
HCRTR2,0.741
HCST,5.49
HDAC1,11.4
HDAC10,0.318
HDAC11,0.205
HDAC2,3.18
HDAC3,4.28
HDAC4,0.418
HDAC5,0.304
HDAC6,0.423
HDAC7,0.0
HDAC8,5.5
HDAC9,2.97
HDC,0.132
HDDC2,0.0
HDDC3,5.68
HDGF,0.0
HDGFL1,6.33
HDGFL2,9.31
HDGFL3,0.0648
HDHD2,5.99
HDHD3,0.791
HDHD5,4.91
HDLBP,11.3
HDX,0.0948
HEATR1,11.6
HEATR3,0.953
HEATR4,0.0
HEATR5A,6.5
HEATR5B,0.254
HEATR6,0.076
HEATR9,1.46
HEBP1,0.203
HEBP2,0.0646
HECA,0.0263
HECTD1,10.6
HECTD2,0.0511
HECTD3,5.42
HECTD4,0.81
HECW1,5.21
HECW2,2.11
HEG1,0.146
HELB,0.354
HELLS,1.09
HELQ,0.376
HELT,2.83
HELZ,0.842
HELZ2,0.448
HEMGN,5.91
HEMK1,0.778
HENMT1,0.0
HEPACAM,0.0436
HEPACAM2,1.2
HEPH,0.0
HEPHL1,0.0
HEPN1,0.0242
HERC1,10.2
HERC2,0.529
HERC3,0.878
HERC4,0.484
HERC5,1.87
HERC6,8.68
HERPUD1,1.71
HERPUD2,8.95
HES1,2.75
HES2,0.0936
HES3,3.29
HES4,4.69
HES5,0.345
HES6,0.818
HES7,0.0
HESX1,1.67
HEXA,0.0674
HEXB,2.93
HEXDC,0.0576
HEXIM1,1.94
HEXIM2,0.0
HEY1,0.975
HEY2,0.34
HEYL,0.0558
HFE,0.176
HFE2,7.03
HFM1,2.09
HGD,7.06
HGF,1.24
HGFAC,3.27
HGH1,25.3
HGS,0.115
HGSNAT,13.6
HHAT,0.212
HHATL,1.02
HHEX,0.373
HHIP,2.05
HHIPL1,2.0
HHIPL2,0.133
HHLA1,0.95
HHLA2,0.522
HHLA3,0.0853
HIBADH,0.43
HIBCH,2.95
HIC1,0.0
HIC2,0.297
HID1,0.999
HIF1A,0.119
HIF1AN,0.286
HIF3A,19.5
HIGD1A,3.46
HIGD1B,2.46
HIGD1C,3.27
HIGD2A,0.0
HIGD2B,1.65
HIKESHI,0.0107
HILPDA,0.144
HINFP,4.83
HINT1,12.5
HINT2,0.234
HINT3,0.732
HIP1,0.0139
HIP1R,5.94
HIPK1,0.116
HIPK2,2.03
HIPK3,0.914
HIPK4,0.083
HIRA,12.2
HIRIP3,0.317
HIST1H1A,3.36
HIST1H1B,6.29
HIST1H1C,12.9
HIST1H1D,0.185
HIST1H1E,2.94
HIST1H1T,0.255
HIST1H2AA,0.0
HIST1H2AB,0.871
HIST1H2AC,6.56
HIST1H2AD,5.37
HIST1H2AE,6.58
HIST1H2AG,5.61
HIST1H2AH,2.97
HIST1H2AI,0.915
HIST1H2AJ,8.35
HIST1H2AK,0.799
HIST1H2AL,0.741
HIST1H2AM,2.52
HIST1H2BA,0.239
HIST1H2BB,2.94
HIST1H2BC,12.6
HIST1H2BD,0.507
HIST1H2BE,3.31
HIST1H2BF,3.18
HIST1H2BG,3.13
HIST1H2BH,3.09
HIST1H2BI,0.0124
HIST1H2BJ,13.4
HIST1H2BK,2.17
HIST1H2BL,4.42
HIST1H2BM,5.83
HIST1H2BN,5.06
HIST1H2BO,0.682
HIST1H3A,3.38
HIST1H3B,4.36
HIST1H3C,9.9
HIST1H3D,11.2
HIST1H3E,0.226
HIST1H3F,2.67
HIST1H3G,6.26
HIST1H3H,3.1
HIST1H3I,1.73
HIST1H3J,2.74
HIST1H4A,2.45
HIST1H4B,2.43
HIST1H4C,12.2
HIST1H4D,13.5
HIST1H4E,0.283
HIST1H4F,0.0
HIST1H4G,0.0
HIST1H4H,0.792
HIST1H4I,4.83
HIST1H4J,2.09
HIST1H4K,2.21
HIST1H4L,0.0
HIST2H2AA3,0.291
HIST2H2AA4,17.7
HIST2H2AB,6.11
HIST2H2AC,2.02
HIST2H2BE,6.48
HIST2H2BF,1.05
HIST2H3A,21.8
HIST2H3D,3.45
HIST2H3PS2,0.0
HIST2H4B,3.13
HIST3H2A,0.0
HIST3H2BB,0.991
HIST3H3,0.732
HIST4H4,0.364
HIVEP1,10.7
HIVEP2,0.00471
HIVEP3,0.592
HJURP,2.19
HK1,0.598
HK2,11.7
HK3,2.61
HKDC1,0.144
HKR1,1.34
HLA-A,0.314
HLA-B,4.2
HLA-C,1.96
HLA-DMA,0.0
HLA-DMB,10.1
HLA-DOA,1.72
HLA-DOB,1.58
HLA-DPA1,5.16
HLA-DPB1,1.56
HLA-DQA1,0.0
HLA-DQA2,5.48
HLA-DQB1,1.46
HLA-DQB2,0.174
HLA-DRA,0.0878
HLA-DRB1,0.611
HLA-DRB5,3.24
HLA-E,3.23
HLA-F,0.573
HLA-G,0.192
HLCS,2.96
HLF,0.0
HLTF,2.47
HLX,6.74
HM13,5.94
HMBOX1,0.35
HMBS,2.82
HMCES,1.65
HMCN1,0.849
HMCN2,1.73
HMG20A,0.486
HMG20B,3.94
HMGA1,0.175
HMGA2,0.739
HMGB1,2.52
HMGB2,0.926
HMGB3,1.87
HMGB4,0.35
HMGCL,2.2
HMGCLL1,0.813
HMGCR,5.36
HMGCS1,5.15
HMGCS2,0.742
HMGN1,7.4
HMGN2,9.99
HMGN3,0.087
HMGN4,0.0476
HMGN5,0.334
HMGXB3,0.75
HMGXB4,7.67
HMHB1,0.463
HMMR,0.614
HMOX1,0.0736
HMOX2,2.58
HMSD,2.09
HMX1,0.34
HMX2,0.375
HMX3,0.215
HNF1A,1.63
HNF1B,5.07
HNF4A,0.67
HNF4G,0.0
HNMT,0.914
HNRNPA0,0.0656
HNRNPA1,9.84
HNRNPA1L2,5.6
HNRNPA2B1,8.31
HNRNPA3,3.43
HNRNPAB,2.39
HNRNPC,0.307
HNRNPCL1,6.83
HNRNPD,4.78
HNRNPDL,1.15
HNRNPF,14.8
HNRNPH1,3.48
HNRNPH2,5.71
HNRNPH3,2.91
HNRNPK,0.0
HNRNPL,0.0
HNRNPLL,0.168
HNRNPM,8.63
HNRNPR,26.9
HNRNPU,9.34
HNRNPUL1,5.02
HNRNPUL2,7.63
HOGA1,0.834
HOMER1,4.58
HOMER2,0.0878
HOMER3,0.0289
HOMEZ,0.732
HOOK1,0.0
HOOK2,4.35
HOOK3,0.58
HOPX,0.106
HORMAD1,1.8
HORMAD2,0.123
HOXA1,1.57
HOXA10,1.53
HOXA11,4.14
HOXA13,1.81
HOXA2,1.49
HOXA3,0.0
HOXA4,0.0
HOXA5,1.39
HOXA6,0.0
HOXA7,0.0
HOXA9,3.6
HOXB1,10.7
HOXB13,0.0
HOXB2,0.18
HOXB3,0.933
HOXB4,1.15
HOXB5,4.17
HOXB6,2.79
HOXB7,0.21
HOXB8,3.37
HOXB9,1.2
HOXC10,3.02
HOXC11,0.0038
HOXC12,0.0639
HOXC13,1.12
HOXC4,0.167
HOXC5,0.0157
HOXC6,0.326
HOXC8,3.18
HOXC9,0.828
HOXD1,8.72
HOXD10,0.825
HOXD11,3.97
HOXD12,7.84
HOXD13,1.1
HOXD3,1.51
HOXD4,0.0513
HOXD8,0.823
HOXD9,0.539
HP,4.19
HP1BP3,1.12
HPCA,1.03
HPCAL1,2.89
HPCAL4,6.74
HPD,1.6
HPDL,0.558
HPF1,0.0561
HPGD,0.596
HPGDS,0.0
HPN,0.385
HPR,0.776
HPRT1,1.49
HPS1,6.55
HPS3,2.09
HPS4,5.0
HPS5,0.647
HPS6,33.8
HPSE,0.413
HPSE2,0.0
HPX,0.0192
HR,1.82
HRAS,2.44
HRASLS,0.0
HRASLS2,1.29
HRASLS5,1.69
HRC,7.52
HRCT1,4.95
HRG,3.66
HRH1,0.0
HRH2,0.165
HRH3,0.0113
HRH4,0.284
HRK,0.15
HRNR,0.123
HS1BP3,0.337
HS2ST1,0.129
HS3ST1,0.652
HS3ST2,1.36
HS3ST3A1,4.47
HS3ST3B1,0.453
HS3ST4,2.45
HS3ST5,0.00916
HS3ST6,0.0
HS6ST1,0.369
HS6ST2,0.0
HS6ST3,8.44
HSBP1,2.96
HSBP1L1,0.255
HSCB,3.59
HSD11B1,0.449
HSD11B1L,4.74
HSD11B2,1.61
HSD17B1,0.00822
HSD17B10,9.0
HSD17B11,0.0
HSD17B12,0.799
HSD17B13,3.27
HSD17B14,0.0
HSD17B2,0.0
HSD17B3,0.00938
HSD17B4,0.389
HSD17B6,0.0416
HSD17B7,0.299
HSD17B8,0.623
HSD3B1,5.02
HSD3B2,0.0
HSD3B7,0.0798
HSDL1,1.63
HSDL2,0.00881
HSF1,2.33
HSF2,2.26
HSF2BP,4.56
HSF4,1.71
HSF5,0.0
HSFX1,1.13
HSFY1,0.00564
HSFY2,0.267
HSH2D,1.13
HSP90AA1,0.324
HSP90AB1,4.7
HSP90B1,15.1
HSPA12A,1.54
HSPA12B,9.86
HSPA13,2.85
HSPA14,2.22
HSPA1A,0.0711
HSPA1B,2.74
HSPA1L,0.28
HSPA2,0.657
HSPA4,0.693
HSPA4L,0.345
HSPA5,0.115
HSPA6,20.6
HSPA8,8.08
HSPA9,6.92
HSPB1,0.0
HSPB11,3.0
HSPB2,6.74
HSPB2-C11orf52,13.0
HSPB3,15.2
HSPB6,0.0
HSPB7,1.81
HSPB8,0.163
HSPB9,0.75
HSPBAP1,5.9
HSPBP1,0.0762
HSPD1,0.367
HSPE1-MOB4,1.89
HSPG2,0.00801
HSPH1,2.32
HTATIP2,4.39
HTATSF1,0.947
HTN1,0.664
HTR1A,0.0607
HTR1B,0.433
HTR1D,13.8
HTR1E,0.522
HTR1F,1.41
HTR2A,0.0
HTR2B,5.64
HTR2C,0.513
HTR3A,0.0
HTR3B,1.41
HTR3C,2.21
HTR3D,1.85
HTR3E,0.735
HTR4,0.0294
HTR5A,0.0
HTR5A-AS1,0.358
HTR6,4.01
HTR7,0.716
HTRA1,1.52
HTRA2,2.46
HTRA3,2.03
HTRA4,2.6
HTT,0.0
HUG1,0.117
HUNK,2.05
HUS1,2.57
HUS1B,0.0
HUWE1,1.71
HVCN1,0.554
HYAL1,3.95
HYAL2,0.423
HYAL3,6.99
HYAL4,0.533
HYDIN,0.353
HYI,0.605
HYKK,3.12
HYLS1,0.158
HYOU1,5.1
HYPK,1.58
HYPM,0.0
IAH1,3.38
IAPP,0.18
IARS,0.831
IARS2,14.3
IBA57,3.82
IBA57-AS1,2.79
IBSP,0.0
IBTK,0.0
ICA1,0.305
ICA1L,0.0
ICAM1,6.03
ICAM2,9.55
ICAM3,1.35
ICAM4,5.14
ICAM5,0.0
ICE1,3.52
ICE2,0.0716
ICK,5.84
ICMT,22.4
ICOS,0.0
ICOSLG,1.22
ID1,0.353
ID2,0.00996
ID3,0.0
ID4,0.785
IDE,1.48
IDH1,0.0
IDH2,1.68
IDH3A,0.0318
IDH3B,0.129
IDH3G,0.468
IDI1,0.687
IDI2,0.946
IDNK,0.337
IDO1,1.14
IDO2,1.3
IDS,4.72
IDUA,0.801
IER2,2.33
IER3,9.85
IER3IP1,9.19
IER5,0.83
IER5L,1.05
IFFO1,0.901
IFFO2,1.58
IFI16,0.0034
IFI27,0.643
IFI27L1,5.41
IFI27L2,1.79
IFI30,2.71
IFI35,1.55
IFI44,0.371
IFI44L,8.33
IFI6,0.215
IFIH1,10.4
IFIT1,3.99
IFIT1B,1.6
IFIT2,3.03
IFIT3,3.37
IFIT5,0.769
IFITM1,1.13
IFITM10,2.72
IFITM2,0.15
IFITM3,5.17
IFITM5,0.378
IFNA1,0.944
IFNA10,0.0931
IFNA13,0.0
IFNA14,3.05
IFNA16,3.43
IFNA17,2.75
IFNA2,0.291
IFNA21,3.01
IFNA4,0.0243
IFNA5,7.93
IFNA6,0.741
IFNA7,22.3
IFNA8,1.07
IFNAR1,4.82
IFNAR2,0.14
IFNB1,0.227
IFNE,0.183
IFNG,1.36
IFNGR1,0.0
IFNGR2,0.54
IFNK,2.2
IFNL1,0.199
IFNL2,3.08
IFNL3,7.28
IFNL4,0.489
IFNLR1,0.838
IFNW1,0.689
IFRD1,9.74
IFRD2,0.226
IFT122,1.5
IFT140,3.5
IFT172,4.33
IFT20,14.8
IFT22,1.07
IFT27,1.41
IFT43,0.722
IFT46,0.251
IFT52,5.28
IFT57,0.664
IFT74,0.0
IFT80,1.46
IFT81,0.0599
IFT88,12.9
IGBP1,4.89
IGDCC3,2.92
IGDCC4,0.0
IGF1,0.181
IGF1R,0.581
IGF2,0.0124
IGF2BP1,0.946
IGF2BP2,0.0
IGF2BP2-AS1,0.371
IGF2BP3,1.25
IGF2R,0.0
IGFALS,0.0
IGFBP1,0.000833
IGFBP2,0.677
IGFBP3,0.166
IGFBP4,3.71
IGFBP5,0.153
IGFBP6,0.746
IGFBP7,0.888
IGFBPL1,2.65
IGFL1,0.0
IGFL2,1.15
IGFL3,0.0
IGFL4,2.05
IGFLR1,5.77
IGFN1,0.383
IGHA1,0.243
IGHA2,0.0
IGHD,4.8
IGHD3-16,0.443
IGHD3-22,0.0
IGHE,0.149
IGHG1,5.17
IGHG2,1.97
IGHG3,4.57
IGHG4,0.627
IGHJ1,1.11
IGHJ2,0.0
IGHJ3,2.95
IGHJ5,0.296
IGHJ6,0.662
IGHM,0.0
IGHMBP2,0.00588
IGHV1-18,10.4
IGHV1-2,7.83
IGHV1-24,5.14
IGHV1-3,0.0696
IGHV1-45,7.44
IGHV1-46,1.27
IGHV1-58,0.00466
IGHV1-69,1.35
IGHV1-8,0.108
IGHV1OR15-1,0.165
IGHV1OR15-9,2.09
IGHV1OR21-1,0.0
IGHV2-26,0.0
IGHV2-5,11.8
IGHV2-70,0.303
IGHV2OR16-5,3.33
IGHV3-11,0.204
IGHV3-13,1.38
IGHV3-15,1.17
IGHV3-16,4.96
IGHV3-20,0.159
IGHV3-21,4.98
IGHV3-23,2.01
IGHV3-30,2.62
IGHV3-33,4.05
IGHV3-35,1.25
IGHV3-38,1.72
IGHV3-43,1.82
IGHV3-48,1.73
IGHV3-49,4.54
IGHV3-53,5.46
IGHV3-64,2.94
IGHV3-66,0.0
IGHV3-7,0.383
IGHV3-72,0.0896
IGHV3-73,0.731
IGHV3-74,0.0
IGHV3-9,1.0
IGHV3OR15-7,0.0719
IGHV3OR16-10,0.013
IGHV3OR16-12,0.376
IGHV3OR16-13,14.4
IGHV3OR16-8,0.0
IGHV3OR16-9,0.0
IGHV4-28,2.56
IGHV4-31,0.0951
IGHV4-34,0.933
IGHV4-39,0.0
IGHV4-4,0.00728
IGHV4-59,2.69
IGHV4-61,2.37
IGHV4OR15-8,1.77
IGHV5-51,1.45
IGHV6-1,2.94
IGHV7-81,0.00708
IGIP,1.12
IGKC,0.0
IGKJ1,0.0
IGKJ2,0.00495
IGKJ3,0.0
IGKJ5,1.68
IGKV1-12,1.35
IGKV1-16,4.44
IGKV1-17,5.44
IGKV1-27,0.574
IGKV1-33,3.27
IGKV1-37,0.841
IGKV1-39,4.25
IGKV1-5,0.0117
IGKV1-6,4.49
IGKV1-8,2.61
IGKV1-9,0.0191
IGKV1D-12,1.0
IGKV1D-13,1.13
IGKV1D-16,2.19
IGKV1D-17,0.0
IGKV1D-33,4.83
IGKV1D-39,4.47
IGKV1D-42,0.368
IGKV1D-43,0.0215
IGKV1D-8,1.11
IGKV1OR2-108,0.777
IGKV2-24,4.98
IGKV2-28,0.407
IGKV2-30,0.335
IGKV2-40,0.843
IGKV2D-24,0.709
IGKV2D-26,1.89
IGKV2D-28,0.71
IGKV2D-29,2.8
IGKV2D-30,0.012
IGKV2D-40,0.232
IGKV3-11,1.11
IGKV3-15,0.0
IGKV3-20,0.0
IGKV3-7,0.518
IGKV3D-11,0.333
IGKV3D-15,0.928
IGKV3D-20,0.0
IGKV3D-7,1.04
IGKV3OR2-268,0.0656
IGKV4-1,0.329
IGKV5-2,0.127
IGKV6-21,0.0
IGKV6D-21,2.49
IGKV6D-41,0.0997
IGLC1,0.00434
IGLC2,0.145
IGLC3,0.139
IGLC7,0.998
IGLJ1,0.00443
IGLJ2,1.3
IGLJ3,0.0
IGLJ5,0.874
IGLJ6,0.0
IGLJ7,0.0
IGLL1,0.00552
IGLL5,1.32
IGLON5,3.56
IGLV1-36,0.902
IGLV1-40,0.239
IGLV1-44,0.0
IGLV1-47,4.66
IGLV1-50,2.7
IGLV1-51,0.224
IGLV10-54,1.57
IGLV11-55,0.809
IGLV2-11,4.6
IGLV2-14,0.0
IGLV2-18,0.476
IGLV2-23,0.15
IGLV2-33,0.0196
IGLV2-8,0.0466
IGLV3-1,0.289
IGLV3-10,1.76
IGLV3-12,0.689
IGLV3-16,0.0
IGLV3-19,1.28
IGLV3-21,0.152
IGLV3-22,0.278
IGLV3-25,1.89
IGLV3-27,1.4
IGLV3-32,0.036
IGLV3-9,0.0112
IGLV4-3,3.6
IGLV4-60,0.0947
IGLV4-69,0.684
IGLV5-37,2.04
IGLV5-45,3.22
IGLV5-48,0.32
IGLV5-52,0.872
IGLV6-57,1.49
IGLV7-43,12.6
IGLV7-46,0.0
IGLV8-61,0.0
IGLV9-49,3.3
IGSF1,3.41
IGSF10,3.51
IGSF11,0.0517
IGSF21,0.69
IGSF22,0.03
IGSF23,0.0
IGSF3,5.99
IGSF5,0.3
IGSF6,0.988
IGSF8,3.28
IGSF9,1.03
IGSF9B,0.476
IHH,2.93
IK,4.03
IKBIP,2.94
IKBKB,11.4
IKBKE,1.72
IKBKG,0.495
IKZF1,11.6
IKZF2,0.269
IKZF3,1.8
IKZF4,0.0952
IKZF5,1.28
IL10,0.0
IL10RA,0.0
IL10RB,0.297
IL11,6.66
IL11RA,0.143
IL12A,0.545
IL12B,6.57
IL12RB1,0.0157
IL12RB2,10.4
IL13,0.914
IL13RA1,14.6
IL13RA2,0.0
IL15,3.75
IL15RA,1.12
IL16,4.29
IL17A,0.395
IL17B,1.1
IL17C,1.19
IL17D,0.848
IL17F,1.03
IL17RA,14.5
IL17RB,3.59
IL17RC,12.8
IL17RD,1.45
IL17RE,1.18
IL17REL,0.0634
IL18,0.793
IL18BP,0.786
IL18R1,2.71
IL18RAP,2.45
IL19,0.0
IL1A,0.0565
IL1B,0.00509
IL1F10,0.779
IL1R1,0.0295
IL1R2,0.0
IL1RAP,0.832
IL1RAPL1,1.37
IL1RAPL2,0.0
IL1RL1,9.0
IL1RL2,0.311
IL1RN,0.919
IL2,0.157
IL20,4.78
IL20RA,0.0
IL20RB,8.72
IL21,6.89
IL21R,0.00352
IL22,2.77
IL22RA1,0.817
IL22RA2,0.0
IL23A,0.0227
IL23R,5.36
IL24,0.305
IL25,0.103
IL26,0.0867
IL27,0.0
IL27RA,10.5
IL2RA,0.37
IL2RB,3.85
IL2RG,0.321
IL3,0.271
IL31,0.0
IL31RA,0.0823
IL32,2.9
IL33,0.104
IL34,0.0
IL36A,1.76
IL36B,2.2
IL36G,0.00707
IL36RN,1.79
IL37,0.0768
IL3RA,0.948
IL4,0.0
IL4I1,0.0392
IL4R,6.92
IL5,1.99
IL5RA,0.291
IL6,1.06
IL6R,1.82
IL6ST,0.0637
IL7,2.92
IL7R,0.0
IL9,0.486
IL9R,0.167
ILDR1,0.512
ILDR2,10.9
ILF2,7.38
ILF3,8.43
ILK,2.98
ILKAP,4.17
ILVBL,2.78
IMMP1L,0.364
IMMP2L,7.28
IMMT,0.512
IMP3,1.41
IMP4,7.17
IMPA1,0.0581
IMPA2,1.88
IMPACT,2.17
IMPAD1,8.51
IMPDH1,0.0
IMPDH2,4.69
IMPG1,0.744
IMPG2,6.42
INA,0.0
INAFM1,4.62
INCA1,0.0323
INCENP,2.29
INF2,0.0956
ING1,4.86
ING2,4.88
ING3,1.8
ING4,18.0
ING5,1.83
INHA,6.57
INHBA,0.0
INHBB,1.95
INHBC,0.685
INHBE,0.557
INIP,3.85
INMT,0.362
INMT-MINDY4,0.272
INO80,23.1
INO80B,3.29
INO80C,0.245
INO80D,2.97
INO80E,1.53
INPP1,4.85
INPP4A,0.0
INPP4B,0.896
INPP5A,7.75
INPP5B,1.92
INPP5D,1.01
INPP5E,0.0253
INPP5F,0.229
INPP5J,2.3
INPP5K,13.7
INPPL1,0.334
INS,0.406
INS-IGF2,0.293
INSC,0.0
INSIG1,0.00336
INSIG2,1.01
INSL3,0.0
INSL4,0.123
INSL5,2.15
INSL6,2.28
INSM1,0.0
INSM2,0.00769
INSR,4.64
INSRR,0.0872
INTS1,3.84
INTS10,9.74
INTS11,1.78
INTS12,5.0
INTS13,5.34
INTS14,11.4
INTS2,9.73
INTS3,13.7
INTS4,2.31
INTS5,9.14
INTS6,2.25
INTS6L,2.45
INTS7,9.87
INTS8,1.33
INTS9,7.65
INTU,1.76
INVS,0.00224
IP6K1,3.17
IP6K2,0.999
IP6K3,0.639
IPCEF1,0.0115
IPMK,0.03
IPO11,4.71
IPO13,8.43
IPO4,2.49
IPO5,3.03
IPO7,0.708
IPO8,0.0
IPO9,4.85
IPP,4.1
IPPK,6.2
IQCA1,0.747
IQCB1,3.9
IQCC,0.123
IQCD,4.23
IQCE,2.37
IQCF1,0.962
IQCF2,0.0641
IQCF3,0.125
IQCF5,0.0112
IQCF6,0.00319
IQCG,0.0
IQCH,0.308
IQCJ,0.781
IQCJ-SCHIP1,0.145
IQCK,0.0
IQGAP1,1.65
IQGAP2,2.1
IQGAP3,0.691
IQSEC1,0.0907
IQSEC2,1.32
IQSEC3,0.0
IQUB,1.73
IRAK1,10.7
IRAK1BP1,1.37
IRAK2,0.905
IRAK3,0.0
IRAK4,13.9
IREB2,20.1
IRF1,1.68
IRF2,0.132
IRF2BP1,9.85
IRF2BP2,25.0
IRF2BPL,0.0
IRF3,1.55
IRF4,0.0
IRF5,1.74
IRF6,0.0153
IRF7,0.0
IRF8,37.9
IRF9,0.617
IRGC,0.238
IRGM,0.0
IRGQ,3.34
IRS1,3.02
IRS2,4.82
IRS4,0.0413
IRX1,0.493
IRX2,0.0
IRX3,1.91
IRX4,0.0
IRX5,0.0165
IRX6,1.24
ISCA1,13.3
ISCA2,2.26
ISCU,6.24
ISG15,3.2
ISG20,6.53
ISG20L2,1.11
ISL1,0.333
ISL2,3.15
ISLR,0.0
ISLR2,0.144
ISM1,0.0
ISM2,0.345
ISOC1,1.17
ISOC2,1.55
ISPD,1.27
IST1,1.04
ISX,0.0115
ISY1,0.858
ISY1-RAB43,3.46
ISYNA1,0.0
ITCH,0.611
ITFG1,6.55
ITFG2,1.88
ITGA1,0.698
ITGA10,6.78
ITGA11,7.24
ITGA2,1.22
ITGA2B,1.96
ITGA3,6.93
ITGA4,0.881
ITGA5,0.0122
ITGA6,8.46
ITGA7,4.61
ITGA8,1.05
ITGA9,0.0
ITGAD,1.26
ITGAE,4.48
ITGAL,16.7
ITGAM,3.54
ITGAV,0.961
ITGAX,4.69
ITGB1,8.42
ITGB1BP1,0.0123
ITGB1BP2,0.597
ITGB2,186.0
ITGB3,3.11
ITGB3BP,0.0
ITGB4,1.9
ITGB5,0.0
ITGB6,0.694
ITGB7,7.63
ITGB8,0.447
ITGBL1,3.58
ITIH1,12.9
ITIH2,0.328
ITIH3,1.33
ITIH4,5.78
ITIH5,0.0259
ITIH6,3.0
ITK,0.137
ITLN1,2.04
ITLN2,1.12
ITM2A,1.29
ITM2B,0.0936
ITM2C,4.37
ITPA,1.78
ITPK1,0.99
ITPKA,2.11
ITPKB,0.084
ITPKC,2.29
ITPR1,0.305
ITPR2,0.796
ITPR3,0.0
ITPRIP,0.16
ITPRIPL1,0.946
ITPRIPL2,0.946
ITSN1,0.867
ITSN2,1.27
IVD,1.14
IVL,1.92
IVNS1ABP,15.3
IWS1,3.76
IYD,3.27
IZUMO1,1.16
IZUMO1R,3.08
IZUMO2,0.072
IZUMO3,0.0103
IZUMO4,9.15
JADE1,1.82
JADE2,5.89
JADE3,11.1
JAG1,2.93
JAG2,2.74
JAGN1,2.32
JAK1,58.7
JAK2,32.7
JAK3,0.0
JAKMIP1,0.155
JAKMIP2,2.01
JAKMIP3,2.24
JAM2,4.78
JAM3,1.41
JAML,5.8
JARID2,0.0
JAZF1,1.01
JCAD,0.0
JCHAIN,1.65
JDP2,0.00589
JKAMP,0.893
JMJD1C,0.468
JMJD4,0.0
JMJD6,6.1
JMJD7,3.56
JMJD7-PLA2G4B,0.469
JMJD8,0.582
JMY,1.14
JOSD1,0.889
JOSD2,0.333
JPH1,2.93
JPH2,0.0
JPH3,0.042
JPH4,0.932
JPT1,0.41
JPT2,1.33
JRKL,0.0702
JSRP1,1.38
JTB,1.69
JUN,12.2
JUNB,85.5
JUND,2.25
JUP,5.74
KAAG1,0.619
KALRN,0.0
KANK1,0.209
KANK2,1.29
KANK3,1.14
KANK4,0.0
KANSL1,0.739
KANSL1L,3.86
KANSL2,1.54
KANSL3,8.88
KARS,0.373
KAT14,2.03
KAT2A,49.1
KAT2B,0.192
KAT5,0.0633
KAT6A,58.3
KAT6B,1.12
KAT7,17.5
KAT8,1.63
KATNA1,13.8
KATNAL1,1.15
KATNAL2,0.883
KATNB1,7.82
KATNBL1,3.7
KAZALD1,0.352
KAZN,4.04
KB-1507C5.2,3.76
KB-1980E6.3,0.921
KBTBD11,5.6
KBTBD12,11.8
KBTBD13,0.427
KBTBD2,2.96
KBTBD3,4.56
KBTBD4,3.54
KBTBD6,1.76
KBTBD7,15.3
KBTBD8,4.01
KCMF1,2.27
KCNA1,3.77
KCNA10,0.00534
KCNA2,2.22
KCNA3,0.792
KCNA4,0.207
KCNA5,0.363
KCNA6,0.0
KCNA7,0.295
KCNAB1,0.00631
KCNAB2,2.71
KCNAB3,1.27
KCNB1,0.0
KCNB2,0.0
KCNC1,4.67
KCNC2,3.92
KCNC3,11.2
KCNC4,0.529
KCND1,0.55
KCND2,1.52
KCND3,0.0
KCNE1,0.93
KCNE2,15.1
KCNE3,2.93
KCNE4,4.32
KCNE5,0.213
KCNF1,0.0
KCNG1,0.814
KCNG2,0.0
KCNG3,1.37
KCNG4,0.717
KCNH1,1.87
KCNH2,0.153
KCNH3,0.0
KCNH4,0.0
KCNH5,0.0
KCNH6,0.0
KCNH7,0.584
KCNH8,0.048
KCNIP1,0.111
KCNIP2,3.13
KCNIP3,0.195
KCNIP4,4.99
KCNJ1,0.333
KCNJ10,1.28
KCNJ11,0.0
KCNJ12,0.386
KCNJ13,7.39
KCNJ14,0.0
KCNJ15,4.05
KCNJ16,1.11
KCNJ2,0.0
KCNJ3,2.98
KCNJ4,5.33
KCNJ5,0.552
KCNJ6,1.93
KCNJ8,0.0
KCNJ9,1.33
KCNK1,3.38
KCNK10,1.3
KCNK12,0.0318
KCNK13,1.38
KCNK15,0.132
KCNK16,0.0
KCNK17,2.97
KCNK18,0.0127
KCNK2,4.14
KCNK3,0.0921
KCNK4,0.571
KCNK5,4.43
KCNK6,0.0278
KCNK7,0.0
KCNK9,0.00719
KCNMA1,0.0746
KCNMB1,1.55
KCNMB2,0.0
KCNMB3,8.35
KCNMB4,0.597
KCNN1,0.783
KCNN2,0.0
KCNN3,0.0
KCNN4,2.01
KCNQ1,1.17
KCNQ2,0.0401
KCNQ3,0.0534
KCNQ4,2.33
KCNQ5,7.83
KCNRG,4.73
KCNS1,1.34
KCNS2,4.37
KCNS3,2.58
KCNT1,0.488
KCNT2,1.56
KCNU1,0.0
KCNV1,5.68
KCNV2,0.0
KCTD1,1.91
KCTD10,3.95
KCTD11,0.0782
KCTD12,1.15
KCTD13,0.622
KCTD14,0.384
KCTD15,5.16
KCTD16,1.86
KCTD17,0.352
KCTD18,5.06
KCTD19,2.59
KCTD2,3.85
KCTD20,0.891
KCTD21,2.94
KCTD3,1.74
KCTD4,9.93
KCTD5,69.1
KCTD6,4.21
KCTD7,7.47
KCTD8,12.4
KCTD9,8.95
KDELC1,3.67
KDELC2,1.76
KDELR1,2.64
KDELR2,0.0
KDELR3,0.0
KDF1,0.589
KDM1A,21.3
KDM1B,29.1
KDM2A,9.24
KDM2B,2.48
KDM3A,0.424
KDM3B,4.31
KDM4A,10.7
KDM4B,5.91
KDM4C,1.85
KDM4D,0.187
KDM4E,0.0
KDM5A,0.561
KDM5B,2.48
KDM5C,16.1
KDM5D,0.166
KDM6A,4.57
KDM6B,0.0
KDM7A,2.85
KDM8,3.7
KDR,2.88
KDSR,11.1
KEAP1,0.154
KEL,2.68
KERA,0.614
KHDC1,0.349
KHDC1L,2.17
KHDC3L,10.6
KHDRBS1,0.812
KHDRBS2,4.35
KHDRBS3,0.314
KHK,5.81
KHNYN,3.92
KHSRP,7.12
KIAA0040,0.0801
KIAA0087,0.171
KIAA0100,0.781
KIAA0141,0.757
KIAA0232,0.386
KIAA0319,2.66
KIAA0319L,0.0
KIAA0355,0.0029
KIAA0368,0.0
KIAA0391,3.32
KIAA0408,8.95
KIAA0513,0.0925
KIAA0556,1.22
KIAA0586,1.74
KIAA0753,0.483
KIAA0754,6.66
KIAA0825,0.0504
KIAA0895,0.0378
KIAA0895L,2.91
KIAA0907,6.88
KIAA0930,1.15
KIAA1024,6.9
KIAA1024L,0.504
KIAA1107,1.89
KIAA1109,4.12
KIAA1143,0.317
KIAA1147,0.0
KIAA1161,3.84
KIAA1191,0.0
KIAA1210,3.53
KIAA1211,2.48
KIAA1211L,2.46
KIAA1217,0.263
KIAA1257,0.443
KIAA1324,1.35
KIAA1324L,7.07
KIAA1328,0.269
KIAA1456,0.0278
KIAA1468,19.1
KIAA1522,2.55
KIAA1524,4.75
KIAA1549,0.0
KIAA1549L,0.089
KIAA1551,8.74
KIAA1586,0.203
KIAA1614,1.61
KIAA1644,0.283
KIAA1671,0.0858
KIAA1683,0.962
KIAA1755,3.88
KIAA1841,0.0258
KIAA1958,0.321
KIAA2013,1.13
KIAA2026,0.0
KIDINS220,8.28
KIF11,0.417
KIF12,0.558
KIF13A,0.0
KIF13B,1.67
KIF14,1.25
KIF15,6.71
KIF16B,0.13
KIF17,0.421
KIF18A,5.92
KIF18B,0.918
KIF19,0.587
KIF1A,2.93
KIF1B,2.39
KIF1BP,29.0
KIF1C,1.14
KIF20A,0.28
KIF20B,0.843
KIF21A,0.0
KIF21B,2.31
KIF22,4.05
KIF23,41.6
KIF24,1.76
KIF25,1.02
KIF26A,2.3
KIF26B,2.46
KIF27,2.62
KIF2A,20.4
KIF2B,0.0128
KIF2C,0.624
KIF3A,3.32
KIF3B,3.55
KIF3C,2.28
KIF4A,5.62
KIF4B,1.19
KIF5A,0.488
KIF5B,1.57
KIF5C,0.0455
KIF6,0.018
KIF7,0.15
KIF9,0.619
KIFAP3,0.8
KIFC1,0.138
KIFC2,5.23
KIFC3,0.446
KIN,17.7
KIR2DL1,0.63
KIR2DL3,0.107
KIR2DL4,0.664
KIR2DS4,0.0116
KIR3DL1,5.93
KIR3DL2,0.0
KIR3DL3,0.0641
KIR3DX1,0.831
KIRREL,2.12
KIRREL2,3.8
KIRREL3,0.221
KISS1,2.7
KISS1R,5.9
KIT,0.267
KITLG,0.275
KL,0.476
KLB,2.36
KLC1,4.64
KLC2,0.0
KLC3,0.144
KLC4,4.05
KLF1,0.263
KLF10,0.0
KLF11,0.271
KLF12,0.278
KLF13,1.1
KLF14,0.844
KLF15,0.0
KLF16,7.52
KLF17,0.722
KLF2,0.0
KLF3,0.0
KLF4,1.29
KLF5,0.0
KLF6,5.74
KLF7,2.99
KLF8,0.0
KLF9,0.0415
KLHDC1,0.103
KLHDC10,2.08
KLHDC2,3.09
KLHDC3,19.8
KLHDC4,2.81
KLHDC7A,0.217
KLHDC7B,0.243
KLHDC8A,0.0193
KLHDC8B,2.28
KLHDC9,0.673
KLHL1,10.2
KLHL10,5.14
KLHL11,3.3
KLHL12,9.14
KLHL13,0.736
KLHL14,2.83
KLHL15,2.45
KLHL17,0.291
KLHL18,2.54
KLHL2,14.8
KLHL20,0.801
KLHL21,0.084
KLHL22,0.339
KLHL23,4.17
KLHL24,5.75
KLHL25,4.72
KLHL26,3.46
KLHL28,0.376
KLHL29,0.00645
KLHL3,0.818
KLHL30,1.64
KLHL31,0.974
KLHL32,3.41
KLHL33,0.0796
KLHL34,3.06
KLHL35,0.677
KLHL36,0.878
KLHL38,1.16
KLHL4,0.0615
KLHL40,0.207
KLHL41,15.4
KLHL42,5.62
KLHL5,0.224
KLHL6,2.65
KLHL7,4.98
KLHL8,0.46
KLHL9,2.52
KLK1,0.0
KLK10,1.61
KLK11,0.909
KLK12,0.138
KLK13,6.44
KLK14,7.85
KLK15,0.402
KLK2,4.29
KLK3,0.19
KLK4,0.0122
KLK5,7.66
KLK6,0.278
KLK7,1.07
KLK8,1.55
KLK9,1.72
KLKB1,4.3
KLLN,0.552
KLRB1,0.0
KLRC1,0.783
KLRC2,0.488
KLRC3,8.94
KLRC4,0.0
KLRC4-KLRK1,0.0
KLRD1,1.76
KLRF1,1.29
KLRF2,0.77
KLRG1,1.05
KLRG2,3.6
KLRK1,1.83
KM-PA-2,4.44
KMO,0.717
KMT2A,3.64
KMT2B,1.06
KMT2C,4.9
KMT2D,4.48
KMT2E,0.17
KMT5A,0.153
KMT5B,0.217
KMT5C,1.22
KNCN,0.0
KNDC1,1.94
KNG1,0.342
KNL1,0.0214
KNOP1,1.52
KNSTRN,0.305
KNTC1,5.31
KPNA1,2.04
KPNA2,12.8
KPNA3,2.89
KPNA4,1.39
KPNA5,3.46
KPNA6,2.68
KPNA7,0.954
KPNB1,2.95
KPRP,1.12
KPTN,1.07
KRAS,47.3
KRBA1,0.537
KRBA2,7.14
KRBOX1,4.76
KRBOX4,0.0151
KRCC1,0.0
KREMEN1,8.29
KREMEN2,0.65
KRI1,3.69
KRIT1,0.0382
KRR1,9.27
KRT1,6.84
KRT10,0.818
KRT12,0.606
KRT13,0.00388
KRT14,3.15
KRT15,0.0536
KRT16,0.422
KRT17,0.0687
KRT18,0.0
KRT19,0.0141
KRT2,1.0
KRT20,6.14
KRT222,1.02
KRT23,1.43
KRT24,0.177
KRT25,0.0
KRT26,0.0777
KRT27,1.74
KRT28,10.2
KRT3,0.442
KRT31,0.0
KRT32,0.0273
KRT33A,3.44
KRT33B,0.381
KRT34,0.0528
KRT35,1.78
KRT36,1.45
KRT37,0.000903
KRT38,0.626
KRT39,0.0
KRT4,2.55
KRT40,0.0
KRT5,5.18
KRT6A,1.22
KRT6B,0.309
KRT6C,1.58
KRT7,0.0203
KRT71,0.932
KRT72,11.7
KRT73,9.22
KRT74,0.707
KRT75,0.161
KRT76,0.388
KRT77,0.242
KRT78,15.6
KRT79,0.0593
KRT8,1.89
KRT80,0.0
KRT81,2.67
KRT82,0.222
KRT83,0.88
KRT84,0.000687
KRT85,0.237
KRT86,0.0
KRT9,0.355
KRTAP1-1,0.206
KRTAP1-3,3.05
KRTAP1-4,1.8
KRTAP1-5,4.42
KRTAP10-1,1.11
KRTAP10-10,0.474
KRTAP10-11,1.96
KRTAP10-12,0.359
KRTAP10-2,4.54
KRTAP10-3,4.31
KRTAP10-4,1.56
KRTAP10-5,6.31
KRTAP10-6,0.36
KRTAP10-7,3.06
KRTAP10-8,4.05
KRTAP10-9,4.21
KRTAP11-1,0.954
KRTAP12-1,5.61
KRTAP12-2,0.0
KRTAP12-3,3.42
KRTAP12-4,0.339
KRTAP13-1,0.456
KRTAP13-2,1.42
KRTAP13-3,0.243
KRTAP13-4,0.0
KRTAP15-1,0.0
KRTAP16-1,0.0552
KRTAP17-1,0.108
KRTAP19-1,0.392
KRTAP19-2,0.0
KRTAP19-3,1.03
KRTAP19-4,0.244
KRTAP19-5,0.00172
KRTAP19-6,0.288
KRTAP19-7,1.0
KRTAP19-8,2.75
KRTAP2-1,0.00701
KRTAP2-2,0.129
KRTAP2-3,0.99
KRTAP2-4,1.27
KRTAP20-1,0.0
KRTAP20-2,0.141
KRTAP20-3,0.00618
KRTAP20-4,0.411
KRTAP21-1,0.0
KRTAP21-2,0.286
KRTAP21-3,3.17
KRTAP22-1,0.0
KRTAP22-2,0.939
KRTAP23-1,0.0
KRTAP24-1,0.638
KRTAP25-1,0.0
KRTAP26-1,0.121
KRTAP27-1,0.0
KRTAP29-1,0.067
KRTAP3-1,3.47
KRTAP3-2,4.81
KRTAP3-3,1.59
KRTAP4-1,3.23
KRTAP4-11,1.09
KRTAP4-12,0.981
KRTAP4-16,2.21
KRTAP4-2,0.97
KRTAP4-3,0.832
KRTAP4-4,9.01
KRTAP4-5,2.47
KRTAP4-6,8.74
KRTAP4-7,1.46
KRTAP4-8,6.8
KRTAP4-9,0.611
KRTAP5-1,2.03
KRTAP5-10,0.35
KRTAP5-11,0.945
KRTAP5-2,0.0
KRTAP5-3,1.92
KRTAP5-4,0.00961
KRTAP5-5,0.00639
KRTAP5-6,0.0
KRTAP5-7,0.0
KRTAP5-8,0.0
KRTAP5-9,0.169
KRTAP6-1,0.0
KRTAP6-2,0.669
KRTAP6-3,0.0
KRTAP8-1,0.0
KRTAP9-1,0.608
KRTAP9-2,1.56
KRTAP9-3,4.8
KRTAP9-4,0.0
KRTAP9-6,0.0672
KRTAP9-7,1.55
KRTAP9-8,0.301
KRTAP9-9,0.0
KRTCAP2,7.6
KRTCAP3,0.952
KRTDAP,2.17
KSR1,21.4
KSR2,1.6
KTI12,9.68
KTN1,0.343
KXD1,0.996
KY,0.233
KYAT1,0.445
KYAT3,0.0464
KYNU,8.74
L1CAM,0.171
L1TD1,0.854
L2HGDH,0.961
L34079.2,0.0
L3HYPDH,0.992
L3MBTL1,0.0263
L3MBTL2,0.262
L3MBTL3,0.551
L3MBTL4,0.323
L47234.1,0.0
LA16C-431H6.6,14.2
LACC1,2.74
LACRT,0.312
LACTB,0.0574
LACTB2,6.66
LACTBL1,0.612
LAD1,7.04
LAG3,4.27
LAGE3,3.84
LAIR1,0.97
LAIR2,0.0852
LALBA,0.256
LAMA1,0.484
LAMA2,0.0
LAMA3,3.61
LAMA4,0.982
LAMA5,0.0283
LAMB1,0.515
LAMB2,0.257
LAMB3,1.39
LAMB4,2.99
LAMC1,0.33
LAMC2,0.712
LAMC3,0.639
LAMP1,3.21
LAMP2,1.98
LAMP3,2.72
LAMP5,0.664
LAMTOR1,5.46
LAMTOR2,8.31
LAMTOR3,29.1
LAMTOR4,23.5
LAMTOR5,3.8
LANCL1,6.3
LANCL2,0.0
LANCL3,0.0
LAP3,1.1
LAPTM4A,5.62
LAPTM4B,6.69
LAPTM5,5.2
LARGE1,3.37
LARGE2,0.115
LARP1,2.84
LARP1B,0.0
LARP4,36.7
LARP4B,0.192
LARP6,0.911
LARP7,16.0
LARS,1.54
LARS2,1.55
LAS1L,10.4
LASP1,0.0
LAT,1.05
LAT2,1.09
LATS1,8.36
LATS2,2.76
LAX1,8.97
LAYN,0.0381
LBH,2.12
LBP,4.4
LBR,0.328
LBX1,1.3
LBX2,1.25
LCA10,0.103
LCA5,0.0
LCA5L,0.0
LCAT,6.53
LCE1A,4.16
LCE1B,15.6
LCE1C,1.02
LCE1D,4.59
LCE1E,1.48
LCE1F,2.27
LCE2A,0.211
LCE2B,0.0
LCE2C,3.56
LCE2D,0.921
LCE3A,15.7
LCE3B,12.5
LCE3C,1.05
LCE3D,3.41
LCE3E,6.94
LCE4A,0.615
LCE5A,0.973
LCE6A,0.219
LCK,5.02
LCLAT1,1.12
LCMT1,4.75
LCMT2,2.03
LCN1,2.41
LCN10,0.263
LCN12,3.48
LCN15,12.4
LCN2,1.01
LCN6,1.04
LCN8,2.56
LCN9,0.126
LCNL1,0.105
LCOR,4.87
LCORL,0.797
LCP1,0.36
LCP2,0.892
LCT,0.389
LCTL,0.0125
LDAH,0.0
LDB1,0.0006
LDB2,0.522
LDB3,0.476
LDHA,1.67
LDHAL6A,0.0
LDHAL6B,0.673
LDHB,0.253
LDHC,0.857
LDHD,0.567
LDLR,9.28
LDLRAD1,0.927
LDLRAD2,0.571
LDLRAD3,2.75
LDLRAD4,0.0
LDLRAP1,2.89
LDOC1,0.0783
LEAP2,0.115
LECT2,0.405
LEF1,0.202
LEFTY1,1.37
LEFTY2,0.468
LEKR1,0.858
LELP1,0.0
LEMD1,0.431
LEMD2,12.1
LEMD3,4.11
LENEP,2.6
LENG1,0.0
LENG8,3.05
LENG9,0.369
LEO1,0.601
LEP,4.32
LEPR,5.43
LEPROT,0.0
LEPROTL1,9.01
LETM1,3.28
LETM2,0.0
LETMD1,0.788
LEUTX,0.0
LEXM,0.0
LFNG,0.976
LGALS1,0.222
LGALS12,0.475
LGALS13,0.0
LGALS14,0.0
LGALS16,0.0
LGALS2,0.455
LGALS3,2.61
LGALS3BP,0.0
LGALS4,0.463
LGALS7,0.00416
LGALS7B,2.12
LGALS8,3.98
LGALS9,0.725
LGALS9B,2.18
LGALS9C,6.46
LGALSL,4.46
LGI1,0.507
LGI2,1.15
LGI3,4.43
LGI4,0.483
LGMN,3.31
LGR4,0.0
LGR5,0.6
LGR6,3.12
LGSN,0.0
LHB,2.18
LHCGR,0.839
LHFP,1.2
LHFPL1,0.49
LHFPL2,10.1
LHFPL3,0.438
LHFPL4,2.44
LHFPL5,0.914
LHPP,0.0
LHX1,0.17
LHX2,4.86
LHX3,0.273
LHX4,1.31
LHX5,2.25
LHX6,3.33
LHX8,3.96
LHX9,2.14
LIAS,4.3
LIF,0.0
LIFR,0.711
LIG1,3.48
LIG3,0.311
LIG4,3.89
LILRA1,2.54
LILRA2,2.33
LILRA3,0.011
LILRA4,0.132
LILRA5,1.15
LILRA6,4.34
LILRB1,0.0155
LILRB1-AS1,8.06
LILRB2,0.82
LILRB3,2.3
LILRB4,0.651
LILRB5,0.199
LIM2,6.3
LIMA1,0.597
LIMCH1,2.61
LIMD1,0.3
LIMD2,1.26
LIME1,0.23
LIMK1,0.0
LIMK2,2.99
LIMS1,2.75
LIMS2,0.646
LIMS3,13.6
LIMS4,21.9
LIN28A,2.83
LIN28B,1.12
LIN37,0.897
LIN52,1.03
LIN54,0.196
LIN7A,0.949
LIN7B,1.86
LIN7C,0.0127
LIN9,3.92
LINC00346,1.38
LINC00632,0.0222
LINC00692,0.311
LINC00696,0.209
LINC00908,0.0
LINC00923,0.0249
LINC00955,1.47
LINC00998,4.31
LINC00999,26.9
LINC01098,0.0357
LINC01100,0.314
LINC01101,0.139
LINC01118,0.358
LINC01119,0.958
LINC01124,4.98
LINC01387,0.0
LINC01465,0.147
LINC01545,2.11
LINC01546,6.11
LINC01547,0.39
LINC01548,0.357
LINC01549,1.37
LINC01550,0.0
LINC01551,0.24
LINC01553,0.0
LINC01554,0.0845
LINC01555,0.00859
LINC01556,1.46
LINC01558,0.0
LINC01559,6.26
LINC01560,0.0271
LINC01561,0.765
LINC01565,2.48
LINC01587,0.0
LINC01588,1.47
LINC01590,4.39
LINC01599,0.361
LINC01600,4.67
LINC01619,1.68
LINC01620,0.631
LINC01644,0.0
LINGO1,3.21
LINGO2,0.00336
LINGO3,9.74
LINGO4,0.74
LINS1,1.94
LIPA,0.0
LIPC,0.0118
LIPE,1.08
LIPF,5.55
LIPG,2.81
LIPH,1.39
LIPI,3.74
LIPJ,0.0
LIPK,9.07
LIPM,3.22
LIPN,0.0173
LIPT1,4.07
LIPT2,2.2
LITAF,0.759
LIX1,12.3
LIX1L,3.59
LKAAEAR1,0.597
LL22NC03-63E9.3,0.151
LLGL1,7.56
LLGL2,1.38
LLPH,0.011
LMAN1,2.51
LMAN1L,0.0
LMAN2,3.74
LMAN2L,1.84
LMBR1,4.5
LMBR1L,0.445
LMBRD1,31.0
LMBRD2,5.24
LMCD1,0.225
LMF1,1.17
LMF2,0.34
LMLN,1.76
LMNA,0.00765
LMNB1,0.0
LMNB2,0.0
LMNTD1,0.184
LMNTD2,1.11
LMO1,1.17
LMO2,0.737
LMO3,0.0
LMO4,0.842
LMO7,0.0
LMO7DN,0.76
LMOD1,0.0
LMOD2,0.0344
LMOD3,3.27
LMTK2,0.0315
LMTK3,0.184
LMX1A,1.02
LMX1B,0.783
LNP1,0.00325
LNPEP,2.43
LNPK,7.58
LNX1,3.7
LNX2,3.9
LOC399716,2.95
LOH12CR2,0.0
LONP1,0.626
LONP2,2.55
LONRF1,9.78
LONRF2,6.72
LONRF3,11.1
LOR,2.73
LOX,0.0
LOXHD1,1.15
LOXL1,2.73
LOXL2,1.74
LOXL3,0.259
LOXL4,2.3
LPA,1.26
LPAR1,0.165
LPAR2,3.55
LPAR3,0.488
LPAR4,5.61
LPAR5,6.02
LPAR6,0.0599
LPCAT1,2.59
LPCAT2,3.09
LPCAT3,8.09
LPCAT4,4.38
LPGAT1,0.338
LPIN1,10.9
LPIN2,1.49
LPIN3,5.85
LPL,1.31
LPO,4.94
LPP,0.0
LPXN,2.29
LRAT,0.201
LRBA,1.11
LRCH1,9.11
LRCH2,3.48
LRCH3,11.9
LRCH4,0.0823
LRFN1,0.138
LRFN2,2.23
LRFN3,4.22
LRFN4,5.24
LRFN5,0.118
LRG1,5.4
LRGUK,0.702
LRIF1,0.422
LRIG1,2.87
LRIG2,0.358
LRIG3,8.78
LRIT1,1.98
LRIT2,1.4
LRIT3,2.47
LRLE1,5.77
LRMDA,0.775
LRMP,8.53
LRP1,1.8
LRP10,4.41
LRP11,0.246
LRP12,13.7
LRP1B,0.0
LRP2,0.339
LRP2BP,0.101
LRP3,0.477
LRP4,0.866
LRP5,0.0
LRP5L,0.0014
LRP6,0.0
LRP8,4.13
LRPAP1,1.72
LRPPRC,0.445
LRR1,1.52
LRRC1,1.45
LRRC10,2.58
LRRC10B,0.157
LRRC14,2.91
LRRC14B,4.79
LRRC15,0.0732
LRRC17,0.0
LRRC18,0.37
LRRC19,2.35
LRRC2,1.25
LRRC2-AS1,2.05
LRRC20,0.549
LRRC23,0.0435
LRRC24,0.217
LRRC25,1.69
LRRC26,0.0
LRRC27,0.912
LRRC28,0.0207
LRRC29,2.3
LRRC3,4.84
LRRC30,0.0
LRRC31,0.577
LRRC32,4.88
LRRC34,0.937
LRRC36,0.16
LRRC37A,0.108
LRRC37A2,21.3
LRRC37A3,0.674
LRRC37B,7.04
LRRC38,0.131
LRRC39,0.0342
LRRC3B,0.0219
LRRC3C,0.0
LRRC4,4.76
LRRC40,2.83
LRRC41,0.143
LRRC42,1.2
LRRC43,0.0107
LRRC45,9.71
LRRC46,4.11
LRRC47,0.112
LRRC49,3.31
LRRC4B,0.404
LRRC4C,1.67
LRRC52,5.77
LRRC53,1.88
LRRC55,0.225
LRRC56,2.88
LRRC57,0.0824
LRRC58,0.0
LRRC59,5.28
LRRC6,1.95
LRRC61,0.101
LRRC63,3.13
LRRC66,0.0733
LRRC69,0.152
LRRC7,0.0
LRRC70,0.0469
LRRC71,6.19
LRRC72,1.89
LRRC73,19.1
LRRC74A,5.72
LRRC75A,0.0701
LRRC75B,0.0
LRRC8A,54.3
LRRC8B,0.545
LRRC8C,2.26
LRRC8D,5.03
LRRC8E,5.26
LRRC9,1.25
LRRCC1,0.0
LRRD1,0.456
LRRFIP1,0.117
LRRFIP2,19.2
LRRIQ1,3.14
LRRIQ3,0.0
LRRIQ4,0.43
LRRK1,0.0
LRRK2,0.491
LRRN1,0.0495
LRRN2,8.64
LRRN3,0.0
LRRN4,0.0755
LRRN4CL,0.966
LRRTM1,3.05
LRRTM2,2.18
LRRTM3,0.0
LRRTM4,3.72
LRSAM1,16.6
LRTM1,0.0275
LRTM2,4.05
LRTOMT,0.507
LRWD1,0.965
LSAMP,1.13
LSG1,0.34
LSM1,7.65
LSM10,0.651
LSM11,4.8
LSM12,8.42
LSM14A,5.76
LSM14B,2.27
LSM2,3.33
LSM3,0.118
LSM4,8.79
LSM5,4.64
LSM6,5.32
LSM7,2.37
LSMEM1,2.47
LSMEM2,0.0135
LSP1,8.44
LSR,7.19
LSS,0.454
LST1,5.93
LST3,4.57
LTA,0.0
LTA4H,5.55
LTB,0.712
LTB4R,4.16
LTB4R2,0.607
LTBP1,2.82
LTBP2,3.67
LTBP3,2.12
LTBP4,0.19
LTBR,0.824
LTC4S,0.196
LTF,0.827
LTK,0.0
LTN1,1.64
LTV1,9.31
LUC7L,0.991
LUC7L2,3.16
LUC7L3,0.0207
LUM,0.942
LURAP1,0.744
LURAP1L,2.08
LUZP1,2.86
LUZP2,6.71
LUZP4,2.74
LUZP6,0.0
LVRN,1.17
LXN,2.71
LY6D,0.429
LY6E,0.311
LY6G5B,0.0182
LY6G5C,7.54
LY6G6C,2.06
LY6G6D,10.0
LY6G6E,0.018
LY6G6F,0.612
LY6H,2.5
LY6K,1.01
LY75-CD302,0.584
LY86,0.266
LY9,10.3
LY96,1.23
LYAR,4.57
LYG1,0.213
LYG2,0.0
LYL1,0.931
LYN,0.146
LYNX1,8.62
LYPD1,8.67
LYPD2,4.99
LYPD3,6.19
LYPD4,1.02
LYPD5,1.38
LYPD6,0.299
LYPD6B,0.528
LYPD8,2.14
LYPLA1,3.42
LYPLA2,4.32
LYPLAL1,0.514
LYRM1,2.39
LYRM2,0.396
LYRM4,2.07
LYRM7,1.06
LYRM9,0.336
LYSMD1,7.65
LYSMD2,0.0
LYSMD3,1.62
LYSMD4,12.8
LYST,0.156
LYVE1,11.0
LYZ,1.62
LYZL1,0.108
LYZL2,1.3
LYZL4,0.484
LYZL6,1.44
LZIC,9.32
LZTFL1,9.06
LZTR1,78.0
LZTS1,0.0
LZTS2,11.6
LZTS3,1.76
M1AP,0.0836
M6PR,1.06
MAATS1,1.34
MAB21L1,0.683
MAB21L2,0.255
MAB21L3,1.51
MACC1,0.697
MACF1,0.575
MACROD1,0.0
MACROD2,2.02
MAD1L1,0.671
MAD2L1,3.21
MAD2L1BP,10.4
MAD2L2,1.28
MADCAM1,0.773
MADD,0.0
MAEA,2.54
MAEL,0.0375
MAF,1.14
MAF1,10.9
MAFA,0.152
MAFB,0.259
MAFF,0.495
MAFG,0.447
MAFK,2.17
MAG,3.11
MAGEA1,0.991
MAGEA10,0.465
MAGEA11,14.7
MAGEA12,0.537
MAGEA2,1.34
MAGEA2B,0.378
MAGEA3,0.737
MAGEA4,0.0833
MAGEA6,0.0
MAGEA8,0.00965
MAGEA9,0.0
MAGEA9B,0.0631
MAGEB1,0.0367
MAGEB10,0.754
MAGEB16,3.54
MAGEB17,1.15
MAGEB18,1.47
MAGEB2,0.0315
MAGEB3,2.36
MAGEB4,1.77
MAGEB5,0.905
MAGEB6,0.0
MAGEC1,1.36
MAGEC2,6.07
MAGEC3,0.0
MAGED1,2.21
MAGED2,0.00794
MAGED4,4.29
MAGED4B,0.778
MAGEE1,0.383
MAGEE2,2.27
MAGEF1,0.0523
MAGEH1,0.817
MAGEL2,0.423
MAGI1,0.693
MAGI2,0.143
MAGI3,0.0
MAGIX,0.0
MAGOH,4.24
MAGOHB,0.73
MAGT1,7.49
MAIP1,0.0
MAJIN,0.00154
MAK,0.00296
MAK16,1.5
MAL,0.8
MAL2,6.25
MALL,1.77
MALRD1,0.0
MALSU1,0.0631
MALT1,0.227
MAMDC2,2.65
MAMDC4,5.02
MAML1,4.03
MAML2,2.18
MAML3,1.34
MAMLD1,7.41
MAMSTR,0.0
MAN1A1,0.0023
MAN1A2,4.4
MAN1B1,0.539
MAN1C1,0.0
MAN2A1,7.96
MAN2A2,3.98
MAN2B1,0.00755
MAN2B2,0.768
MAN2C1,0.0251
MANBA,0.0
MANBAL,1.51
MANEA,0.00591
MANEAL,0.0384
MANF,1.08
MANSC1,0.695
MANSC4,0.00624
MAOA,1.31
MAOB,0.0602
MAP10,0.0
MAP1A,0.0
MAP1B,1.04
MAP1LC3A,0.807
MAP1LC3B,0.0431
MAP1LC3B2,2.79
MAP1LC3C,2.82
MAP1S,3.51
MAP2,0.0111
MAP2K1,14.1
MAP2K2,2.02
MAP2K3,37.5
MAP2K4,0.0
MAP2K5,2.21
MAP2K6,0.685
MAP2K7,0.369
MAP3K1,2.86
MAP3K10,0.979
MAP3K11,0.0865
MAP3K12,2.25
MAP3K13,0.0
MAP3K15,0.0
MAP3K19,1.34
MAP3K2,1.61
MAP3K20,1.5
MAP3K21,1.65
MAP3K3,0.303
MAP3K4,4.72
MAP3K5,2.23
MAP3K6,2.94
MAP3K7,6.4
MAP3K7CL,0.0205
MAP3K8,0.689
MAP3K9,1.91
MAP4,3.47
MAP4K1,0.0
MAP4K2,0.0
MAP4K3,0.261
MAP4K4,2.83
MAP4K5,10.0
MAP6,0.621
MAP6D1,2.84
MAP7,1.16
MAP7D1,0.539
MAP7D2,0.389
MAP7D3,0.0
MAP9,0.144
MAPK1,379.0
MAPK10,0.264
MAPK11,2.62
MAPK12,1.68
MAPK13,0.953
MAPK14,3.81
MAPK15,3.2
MAPK1IP1L,2.99
MAPK3,0.112
MAPK4,3.23
MAPK6,21.3
MAPK7,0.26
MAPK8,0.168
MAPK8IP1,0.0
MAPK8IP2,0.0
MAPK8IP3,0.0286
MAPK9,6.81
MAPKAP1,3.08
MAPKAPK2,6.86
MAPKAPK3,2.62
MAPKAPK5,0.377
MAPKBP1,0.683
MAPRE1,6.72
MAPRE2,0.841
MAPRE3,0.896
MAPT,5.33
MARCH10,1.66
MARCH11,0.528
MARCH3,6.31
MARCH4,1.45
MARCH5,1.67
MARCH6,1.99
MARCH7,4.91
MARCH8,0.659
MARCH9,2.45
MARCKS,2.59
MARCKSL1,3.07
MARCO,2.24
MARF1,0.679
MARK1,0.451
MARK2,0.0
MARK3,0.057
MARK4,0.0687
MARS,1.93
MARS2,0.528
MARVELD1,2.19
MARVELD2,0.781
MARVELD3,0.292
MAS1,2.43
MAS1L,0.104
MASP1,5.62
MASP2,5.79
MAST1,0.992
MAST2,0.435
MAST3,0.817
MAST4,0.16
MASTL,22.7
MAT1A,0.151
MAT2A,4.48
MAT2B,0.914
MATK,0.00425
MATN1,0.873
MATN2,2.87
MATN3,0.319
MATN4,0.148
MATR3,6.88
MAU2,2.68
MAVS,0.0653
MAX,22.4
MAZ,0.63
MB,1.02
MB21D1,5.92
MB21D2,1.27
MBD1,1.08
MBD2,11.8
MBD3,9.32
MBD3L1,0.262
MBD3L2,0.0
MBD3L3,5.73
MBD3L4,0.0
MBD3L5,0.554
MBD4,0.0
MBD5,0.647
MBD6,0.191
MBIP,0.467
MBL2,2.82
MBLAC1,9.86
MBLAC2,0.223
MBNL1,33.8
MBNL2,1.56
MBNL3,0.0597
MBOAT1,1.32
MBOAT2,2.02
MBOAT4,0.575
MBOAT7,8.24
MBP,0.0
MBTD1,7.86
MBTPS1,1.84
MBTPS2,4.62
MC1R,4.2
MC2R,0.214
MC3R,0.983
MC4R,4.57
MC5R,0.0517
MCAM,2.22
MCAT,4.78
MCC,0.384
MCCC1,0.694
MCCC2,1.14
MCCD1,9.96
MCEE,1.28
MCEMP1,9.73
MCF2,2.4
MCF2L,0.81
MCF2L2,0.145
MCFD2,0.603
MCHR1,0.922
MCHR2,0.149
MCIDAS,0.885
MCL1,5.55
MCM10,4.73
MCM2,1.64
MCM3,7.69
MCM3AP,0.0526
MCM4,8.71
MCM5,15.6
MCM6,0.0421
MCM7,0.875
MCM8,0.0
MCM9,0.209
MCMBP,3.88
MCMDC2,0.153
MCOLN1,1.73
MCOLN2,2.67
MCOLN3,0.0018
MCPH1,6.6
MCRIP1,0.583
MCRIP2,0.0
MCRS1,4.06
MCTP1,0.0254
MCTP2,0.207
MCTS1,9.64
MCU,0.116
MCUB,1.92
MCUR1,1.75
MDC1,11.3
MDFI,3.21
MDFIC,0.392
MDGA1,6.97
MDGA2,0.0
MDH1,0.828
MDH1B,1.33
MDH2,16.1
MDK,0.736
MDM1,5.84
MDM2,4.04
MDM4,0.877
MDN1,2.26
MDP1,0.525
MDS2,4.76
ME1,2.42
ME2,0.89
ME3,3.84
MEA1,9.58
MEAF6,0.981
MECOM,0.363
MECP2,2.3
MECR,0.648
MED1,3.57
MED10,1.89
MED11,0.788
MED12,13.1
MED12L,0.0
MED13,0.667
MED13L,10.9
MED14,6.72
MED15,6.13
MED16,1.52
MED17,1.93
MED18,0.0849
MED19,8.04
MED20,4.6
MED21,0.333
MED22,0.466
MED23,3.04
MED24,3.08
MED25,13.9
MED26,1.28
MED27,1.07
MED28,3.61
MED29,0.0
MED30,7.67
MED31,2.48
MED4,11.2
MED6,22.9
MED7,0.86
MED8,2.2
MED9,0.31
MEDAG,1.97
MEF2A,15.5
MEF2B,3.56
MEF2C,4.99
MEF2D,40.1
MEFV,0.63
MEGF10,2.32
MEGF11,0.0169
MEGF6,0.0
MEGF8,6.37
MEGF9,2.23
MEI1,4.08
MEI4,0.157
MEIG1,0.0334
MEIOB,6.52
MEIOC,0.221
MEIS1,13.9
MEIS2,0.0
MEIS3,0.0
MELK,0.0
MELTF,2.82
MEMO1,0.654
MEN1,21.9
MEOX1,12.8
MEOX2,0.738
MEP1A,2.12
MEP1B,0.661
MEPCE,16.8
MEPE,0.966
MERTK,9.63
MESD,4.29
MESP1,0.191
MESP2,0.181
MEST,1.34
MET,1.61
METAP1,5.38
METAP1D,1.73
METAP2,10.8
METRN,4.63
METRNL,5.49
METTL1,4.99
METTL11B,0.448
METTL12,0.679
METTL13,1.79
METTL14,0.303
METTL15,7.77
METTL16,7.82
METTL17,15.9
METTL18,0.952
METTL21A,1.54
METTL21C,0.353
METTL22,1.5
METTL23,7.28
METTL24,0.476
METTL25,2.05
METTL26,0.128
METTL27,0.105
METTL2A,0.101
METTL2B,1.67
METTL3,4.48
METTL4,0.0797
METTL5,7.15
METTL6,0.716
METTL7A,0.543
METTL7B,0.0
METTL8,1.36
METTL9,1.08
MEX3A,3.72
MEX3B,0.365
MEX3C,0.0122
MEX3D,8.55
MFAP1,16.7
MFAP2,2.25
MFAP3,0.0
MFAP3L,0.201
MFAP4,1.84
MFAP5,4.23
MFF,6.74
MFGE8,0.939
MFHAS1,0.0
MFN1,1.43
MFN2,0.17
MFNG,0.0
MFRP,5.84
MFSD1,0.193
MFSD10,7.33
MFSD11,5.8
MFSD12,0.704
MFSD13A,0.803
MFSD14A,0.0
MFSD14B,3.69
MFSD14C,2.33
MFSD2A,0.121
MFSD2B,1.91
MFSD3,5.78
MFSD4A,11.5
MFSD4B,1.03
MFSD5,0.0432
MFSD6,4.28
MFSD6L,0.564
MFSD7,3.75
MFSD8,0.579
MFSD9,2.22
MGA,0.826
MGAM,1.23
MGARP,0.0
MGAT1,3.2
MGAT2,2.71
MGAT3,1.51
MGAT4A,0.95
MGAT4B,1.44
MGAT4C,0.457
MGAT5,4.03
MGAT5B,3.75
MGC10955,3.26
MGC4294,0.495
MGC4771,1.23
MGEA5,15.8
MGLL,7.85
MGME1,1.26
MGMT,0.589
MGP,7.45
MGRN1,13.4
MGST1,0.0
MGST2,0.88
MGST3,0.631
MIA,0.359
MIA-RAB4B,0.0
MIA2,2.11
MIA3,1.23
MIB1,0.0
MIB2,2.61
MICA,0.752
MICAL1,4.4
MICAL2,0.804
MICAL3,0.0341
MICALCL,1.9
MICALL1,0.712
MICALL2,1.36
MICB,0.914
MICU1,2.6
MICU2,0.0
MICU3,0.622
MID1,0.0997
MID1IP1,1.1
MID2,2.57
MIDN,2.52
MIEF1,0.357
MIEF2,0.323
MIEN1,1.48
MIER1,4.34
MIER2,0.404
MIER3,1.41
MIF,0.0228
MIF4GD,0.267
MIGA1,6.09
MIGA2,4.77
MIIP,0.815
MILR1,6.93
MINDY1,1.2
MINDY2,1.58
MINDY3,1.62
MINDY4,0.05
MINDY4B,0.0
MINK1,2.88
MINOS1,0.0414
MINOS1-NBL1,6.86
MINPP1,0.0
MIOS,3.52
MIOX,4.08
MIP,6.77
MIPEP,3.01
MIPOL1,0.756
MIR1-1HG,0.0894
MIR1199,1.18
MIR150,1.93
MIR3654,3.52
MIS12,0.102
MIS18A,0.339
MIS18BP1,4.51
MISP,0.0
MITD1,4.99
MITF,1.15
MIXL1,0.277
MKI67,0.723
MKKS,1.23
MKL1,0.0134
MKL2,0.0878
MKLN1,0.0243
MKNK1,0.0
MKNK2,0.65
MKRN1,1.39
MKRN2,2.52
MKRN2OS,0.0
MKRN3,0.87
MKS1,0.615
MKX,0.0437
MLANA,1.03
MLC1,0.0
MLEC,3.46
MLF1,0.136
MLF2,0.0416
MLH1,2.17
MLH3,0.401
MLIP,2.57
MLKL,0.632
MLLT1,26.0
MLLT10,6.33
MLLT11,0.0932
MLLT3,4.75
MLLT6,6.27
MLN,0.997
MLNR,6.15
MLPH,0.688
MLST8,18.7
MLX,1.95
MLXIP,0.00855
MLXIPL,1.74
MLYCD,1.26
MMAA,4.5
MMAB,0.189
MMACHC,0.124
MMADHC,0.0
MMD,1.51
MMD2,3.21
MME,3.12
MMEL1,0.19
MMGT1,3.9
MMP1,1.92
MMP10,9.17
MMP11,7.21
MMP13,0.544
MMP14,1.78
MMP15,0.396
MMP16,1.1
MMP17,0.579
MMP19,0.0
MMP2,0.0252
MMP20,1.65
MMP21,0.0468
MMP23B,3.25
MMP24,2.07
MMP25,0.0
MMP26,0.938
MMP27,0.707
MMP28,0.0513
MMP3,3.89
MMP7,0.0177
MMP8,0.246
MMP9,2.03
MMRN1,1.4
MMRN2,1.49
MMS19,2.14
MMS22L,8.85
MN1,1.88
MNAT1,7.43
MND1,0.647
MNDA,0.329
MNS1,0.862
MNT,5.17
MNX1,0.162
MOAP1,5.06
MOB1A,19.7
MOB1B,1.67
MOB2,0.778
MOB3A,0.121
MOB3B,1.51
MOB3C,3.08
MOB4,6.53
MOBP,0.0
MOCOS,3.15
MOCS1,4.13
MOCS2,0.111
MOCS3,2.57
MOG,1.06
MOGAT1,0.225
MOGAT2,0.757
MOGAT3,2.8
MOGS,2.79
MOK,0.0
MON1A,0.00319
MON1B,0.313
MON2,13.6
MORC1,0.66
MORC2,0.0
MORC3,0.517
MORC4,0.0
MORF4L1,10.5
MORF4L2,20.8
MORN1,3.47
MORN2,0.358
MORN3,0.692
MORN4,19.2
MORN5,0.746
MOS,0.617
MOSPD1,12.8
MOSPD2,0.00032
MOSPD3,17.7
MOV10,0.583
MOV10L1,0.858
MOXD1,0.975
MPC1,1.08
MPC2,6.86
MPDU1,1.58
MPDZ,0.148
MPEG1,1.3
MPG,0.0
MPHOSPH10,4.69
MPHOSPH6,0.656
MPHOSPH8,2.06
MPHOSPH9,0.0
MPI,8.95
MPIG6B,0.00688
MPL,2.37
MPLKIP,2.46
MPND,0.646
MPO,0.0256
MPP1,1.82
MPP2,1.51
MPP3,0.462
MPP4,1.95
MPP5,0.218
MPP6,1.19
MPP7,1.68
MPPE1,0.588
MPPED1,0.0
MPPED2,2.22
MPRIP,2.78
MPST,0.496
MPV17,7.03
MPV17L,2.81
MPV17L2,3.6
MPZ,5.09
MPZL1,4.52
MPZL2,0.0
MPZL3,0.384
MR1,0.563
MRAP,0.0
MRAP2,0.147
MRAS,0.837
MRC1,3.55
MRC2,0.086
MRE11,0.13
MREG,0.505
MRFAP1,3.1
MRFAP1L1,0.856
MRGBP,0.806
MRGPRD,1.26
MRGPRE,0.511
MRGPRF,6.23
MRGPRG,0.0
MRGPRX1,0.634
MRGPRX2,2.76
MRGPRX3,1.0
MRGPRX4,1.77
MRI1,0.625
MRM1,0.0865
MRM2,0.818
MRM3,2.97
MRNIP,0.097
MRO,0.415
MROH1,1.86
MROH2A,0.0586
MROH2B,1.34
MROH5,0.00336
MROH6,4.69
MROH7,0.68
MROH7-TTC4,0.165
MROH8,0.549
MROH9,0.253
MRPL1,3.03
MRPL10,1.02
MRPL11,6.86
MRPL12,3.77
MRPL13,0.345
MRPL14,0.0
MRPL15,3.4
MRPL16,1.05
MRPL17,1.93
MRPL18,4.09
MRPL19,4.42
MRPL2,6.62
MRPL20,1.31
MRPL21,5.85
MRPL22,0.381
MRPL23,3.2
MRPL24,4.96
MRPL27,0.969
MRPL28,0.89
MRPL3,5.64
MRPL30,0.59
MRPL32,0.0171
MRPL33,1.62
MRPL34,7.84
MRPL35,4.73
MRPL36,11.8
MRPL37,0.328
MRPL38,2.47
MRPL39,13.0
MRPL4,1.6
MRPL40,2.29
MRPL41,9.88
MRPL42,0.349
MRPL43,1.84
MRPL44,2.21
MRPL45,0.179
MRPL46,5.86
MRPL47,5.62
MRPL48,2.94
MRPL49,12.0
MRPL50,8.89
MRPL51,4.15
MRPL52,5.78
MRPL53,0.391
MRPL54,2.1
MRPL55,0.0211
MRPL57,1.34
MRPL58,1.26
MRPL9,6.47
MRPS10,4.76
MRPS11,5.19
MRPS12,3.1
MRPS14,0.65
MRPS15,1.72
MRPS16,6.41
MRPS17,4.69
MRPS18A,6.47
MRPS18B,13.0
MRPS18C,1.01
MRPS2,3.77
MRPS21,3.43
MRPS22,1.79
MRPS23,1.61
MRPS24,0.0857
MRPS25,1.04
MRPS26,0.0599
MRPS27,3.3
MRPS28,3.06
MRPS30,4.22
MRPS31,12.2
MRPS33,10.5
MRPS34,2.81
MRPS35,9.02
MRPS36,0.322
MRPS5,3.16
MRPS6,9.3
MRPS7,0.76
MRPS9,1.45
MRRF,14.7
MRS2,0.28
MRTO4,2.49
MRVI1,2.67
MS4A1,0.189
MS4A10,1.91
MS4A12,1.26
MS4A13,0.321
MS4A14,1.14
MS4A15,0.663
MS4A18,0.111
MS4A2,2.96
MS4A3,0.39
MS4A4A,9.87
MS4A4E,0.199
MS4A5,3.1
MS4A6A,4.47
MS4A6E,0.0603
MS4A7,0.889
MS4A8,29.1
MSANTD1,4.43
MSANTD2,0.0
MSANTD3,0.415
MSANTD3-TMEFF1,1.43
MSANTD4,0.923
MSC,0.274
MSGN1,0.458
MSH2,1.28
MSH3,0.706
MSH4,6.36
MSH5,8.43
MSH5-SAPCD1,1.7
MSH6,4.69
MSI1,3.58
MSI2,0.0544
MSL1,0.89
MSL2,11.6
MSL3,1.64
MSLN,0.0
MSLNL,0.365
MSMB,0.0129
MSMO1,4.25
MSMP,0.53
MSN,14.8
MSR1,7.84
MSRA,0.168
MSRB1,0.0
MSRB2,1.7
MSRB3,2.02
MSS51,0.0696
MST1,1.62
MST1R,4.86
MSTN,5.47
MSTO1,3.46
MSX1,3.31
MSX2,0.0338
MT1A,1.17
MT1B,0.0594
MT1E,2.15
MT1F,1.28
MT1G,4.18
MT1H,0.988
MT1HL1,3.91
MT1M,0.487
MT1X,0.0827
MT2A,1.4
MT3,0.447
MT4,0.936
MTA1,10.3
MTA2,52.0
MTA3,0.699
MTAP,1.58
MTBP,3.59
MTCH1,0.166
MTCH2,3.06
MTCL1,0.0
MTCP1,0.842
MTDH,0.6
MTERF1,3.71
MTERF2,5.91
MTERF3,0.066
MTERF4,2.53
MTF1,0.591
MTF2,3.64
MTFMT,1.57
MTFP1,3.59
MTFR1,0.0
MTFR1L,0.696
MTFR2,2.66
MTG1,1.79
MTG2,0.895
MTHFD1,11.3
MTHFD1L,5.36
MTHFD2,0.411
MTHFD2L,0.0
MTHFR,0.97
MTHFS,0.16
MTHFSD,0.788
MTIF2,0.747
MTIF3,11.3
MTM1,4.38
MTMR1,0.952
MTMR10,2.05
MTMR11,0.0
MTMR12,0.277
MTMR14,0.542
MTMR2,0.62
MTMR3,4.02
MTMR4,0.221
MTMR6,2.21
MTMR7,0.478
MTMR8,0.109
MTMR9,2.94
MTNR1A,1.53
MTNR1B,0.0825
MTO1,5.47
MTOR,11.9
MTPAP,8.93
MTPN,1.09
MTR,18.9
MTRF1,0.732
MTRF1L,14.9
MTRNR2L1,0.106
MTRNR2L10,0.276
MTRNR2L11,0.836
MTRNR2L12,3.06
MTRNR2L13,0.365
MTRNR2L2,0.629
MTRNR2L3,1.24
MTRNR2L4,2.46
MTRNR2L5,3.37
MTRNR2L6,0.426
MTRNR2L7,1.43
MTRNR2L8,2.43
MTRNR2L9,0.018
MTRR,1.81
MTSS1,0.0
MTSS1L,0.845
MTTP,0.0225
MTURN,2.97
MTUS1,3.8
MTUS2,0.0
MTX1,0.0385
MTX2,20.0
MTX3,0.285
MUC1,2.18
MUC12,2.36
MUC13,0.14
MUC15,2.6
MUC16,3.15
MUC17,0.0149
MUC19,0.0
MUC2,0.534
MUC20,5.22
MUC21,0.0292
MUC22,2.4
MUC3A,3.17
MUC4,0.815
MUC5AC,1.89
MUC5B,3.02
MUC6,1.43
MUC7,0.199
MUC8,3.02
MUCL1,0.207
MUL1,5.35
MUM1,0.497
MUM1L1,1.86
MUS81,0.504
MUSK,2.72
MUSTN1,2.9
MUT,0.302
MUTYH,0.0
MVB12A,0.536
MVB12B,0.636
MVD,0.0
MVK,4.24
MVP,0.403
MX1,0.373
MX2,0.0208
MXD1,0.0287
MXD3,1.47
MXD4,0.0
MXI1,0.55
MXRA5,0.46
MXRA7,1.15
MXRA8,0.891
MYADM,3.68
MYADML2,0.8
MYB,22.7
MYBBP1A,0.622
MYBL1,1.84
MYBL2,10.4
MYBPC1,0.225
MYBPC2,7.98
MYBPC3,0.892
MYBPH,0.0
MYBPHL,0.0865
MYC,2.06
MYCBP,0.504
MYCBP2,0.698
MYCBPAP,0.0
MYCL,0.0171
MYCN,0.536
MYCT1,2.2
MYD88,23.9
MYDGF,3.73
MYEF2,5.88
MYEOV,9.09
MYF5,0.164
MYF6,0.0
MYH1,5.51
MYH10,0.0
MYH11,0.0
MYH13,0.0
MYH14,1.43
MYH15,0.0165
MYH2,2.87
MYH3,0.589
MYH4,0.0831
MYH6,0.0
MYH7,3.02
MYH7B,0.0047
MYH8,0.11
MYH9,15.5
MYL1,0.479
MYL10,3.52
MYL12A,1.38
MYL12B,0.319
MYL2,0.0
MYL3,0.162
MYL4,3.15
MYL5,2.96
MYL6,1.34
MYL6B,5.07
MYL7,1.15
MYL9,1.01
MYLIP,19.1
MYLK,2.2
MYLK2,2.51
MYLK3,0.746
MYLK4,0.0998
MYLPF,2.17
MYMK,1.91
MYNN,0.0
MYO10,0.723
MYO15A,0.366
MYO15B,3.41
MYO16,0.0515
MYO18A,2.19
MYO18B,0.817
MYO19,0.161
MYO1A,10.6
MYO1B,0.88
MYO1C,0.95
MYO1D,0.668
MYO1E,1.76
MYO1F,3.81
MYO1G,0.28
MYO1H,1.78
MYO3A,2.7
MYO3B,0.0
MYO5A,0.462
MYO5B,0.311
MYO5C,12.4
MYO6,0.525
MYO7A,4.96
MYO7B,2.9
MYO9A,1.34
MYO9B,15.3
MYOC,0.334
MYOCD,1.48
MYOD1,1.25
MYOF,0.316
MYOG,0.104
MYOM1,0.00348
MYOM2,0.388
MYOM3,0.0447
MYOT,3.36
MYOZ1,1.38
MYOZ2,0.0271
MYOZ3,0.67
MYPN,0.0103
MYPOP,0.143
MYRF,1.22
MYRFL,0.0
MYRIP,3.82
MYSM1,0.731
MYT1,0.0594
MYT1L,0.0
MYZAP,3.64
MZB1,1.31
MZF1,4.71
MZT1,0.895
MZT2A,1.81
MZT2B,0.0
N4BP1,6.96
N4BP2,0.617
N4BP2L1,0.637
N4BP2L2,2.72
N4BP3,0.268
N6AMT1,6.65
NAA10,1.65
NAA11,0.181
NAA15,11.5
NAA16,0.513
NAA20,0.00244
NAA25,13.1
NAA30,10.7
NAA35,4.26
NAA38,10.7
NAA40,1.24
NAA50,12.6
NAA60,2.61
NAAA,13.7
NAALAD2,3.85
NAALADL1,9.61
NAALADL2,0.0879
NAB1,9.93
NAB2,0.0
NABP1,6.14
NABP2,1.1
NACA,0.0424
NACA2,0.777
NACAD,2.46
NACC1,0.874
NACC2,3.47
NADK,0.000738
NADK2,8.67
NADSYN1,0.531
NAE1,19.3
NAF1,0.114
NAGA,0.281
NAGK,10.0
NAGLU,0.0
NAGPA,0.35
NAGS,0.234
NAIF1,0.0
NAIP,0.349
NALCN,8.31
NAMPT,0.653
NAMPTP1,4.51
NANOG,1.68
NANOGNB,0.0
NANOS1,0.118
NANOS2,0.259
NANOS3,0.136
NANP,2.0
NANS,3.48
NAP1L1,0.854
NAP1L2,1.02
NAP1L3,0.584
NAP1L4,5.85
NAP1L5,0.12
NAP1L6,0.0848
NAPA,6.93
NAPB,0.395
NAPEPLD,0.585
NAPG,5.47
NAPRT,0.417
NAPSA,2.55
NARF,0.128
NARFL,3.75
NARS,0.314
NARS2,0.156
NASP,5.38
NAT1,0.00311
NAT10,1.59
NAT14,5.41
NAT16,0.0
NAT2,0.733
NAT6,2.81
NAT8,2.98
NAT8L,0.00473
NAT9,1.65
NATD1,0.26
NAV1,0.0
NAV2,0.173
NAV3,2.84
NAXD,1.68
NAXE,6.38
NBAS,1.4
NBEA,0.963
NBEAL1,2.48
NBEAL2,1.23
NBL1,0.0195
NBN,2.51
NBPF1,13.5
NBPF10,10.0
NBPF11,3.02
NBPF12,2.71
NBPF14,0.265
NBPF15,2.13
NBPF20,0.335
NBPF3,6.21
NBPF4,0.726
NBPF6,1.88
NBPF8,0.259
NBPF9,0.459
NBR1,1.31
NCALD,0.0
NCAM1,0.0975
NCAM2,0.173
NCAN,1.01
NCAPD2,1.98
NCAPD3,18.2
NCAPG,0.681
NCAPG2,13.3
NCAPH,4.61
NCAPH2,3.09
NCBP1,4.49
NCBP2,1.03
NCBP2L,1.53
NCBP3,1.31
NCCRP1,0.629
NCDN,1.47
NCEH1,0.0
NCF1,0.0
NCF2,0.562
NCF4,0.958
NCK1,0.0
NCK2,1.97
NCKAP1,2.12
NCKAP1L,133.0
NCKAP5,2.38
NCKAP5L,0.0
NCKIPSD,1.98
NCL,2.37
NCLN,6.64
NCMAP,0.728
NCOA1,10.8
NCOA2,7.1
NCOA3,2.06
NCOA4,0.899
NCOA5,1.41
NCOA6,18.3
NCOA7,0.357
NCOR1,14.1
NCOR2,8.92
NCR1,0.0648
NCR2,5.46
NCR3,1.78
NCR3LG1,2.56
NCS1,1.65
NCSTN,6.39
NDC1,6.14
NDC80,1.04
NDE1,13.1
NDEL1,1.52
NDFIP1,1.76
NDFIP2,1.19
NDN,0.0
NDNF,0.0
NDOR1,3.81
NDP,2.69
NDRG1,2.38
NDRG2,1.49
NDRG3,0.0
NDRG4,6.66
NDST1,0.0634
NDST2,0.0275
NDST3,3.99
NDST4,0.853
NDUFA1,9.12
NDUFA10,15.6
NDUFA11,0.727
NDUFA12,4.67
NDUFA13,1.48
NDUFA2,1.44
NDUFA3,0.00185
NDUFA4,10.4
NDUFA4L2,0.0
NDUFA5,4.58
NDUFA6,2.72
NDUFA7,6.32
NDUFA8,1.28
NDUFA9,1.56
NDUFAB1,0.991
NDUFAF1,0.305
NDUFAF2,2.81
NDUFAF3,10.1
NDUFAF4,1.89
NDUFAF5,2.04
NDUFAF6,4.1
NDUFAF7,5.64
NDUFAF8,3.25
NDUFB1,4.33
NDUFB10,2.56
NDUFB11,3.18
NDUFB2,1.74
NDUFB3,2.46
NDUFB4,0.0
NDUFB5,1.67
NDUFB6,0.473
NDUFB7,0.971
NDUFB8,4.29
NDUFB9,9.32
NDUFC1,0.00412
NDUFC2,8.91
NDUFC2-KCTD14,4.24
NDUFS1,4.66
NDUFS2,0.0
NDUFS3,1.49
NDUFS4,4.2
NDUFS5,6.7
NDUFS6,0.965
NDUFS7,15.3
NDUFS8,0.182
NDUFV1,1.14
NDUFV2,3.1
NDUFV3,7.09
NEB,0.569
NEBL,0.643
NECAB1,0.205
NECAB2,0.197
NECAB3,0.878
NECAP1,6.63
NECAP2,1.47
NECTIN1,2.79
NECTIN2,0.766
NECTIN3,0.0
NECTIN4,0.0
NEDD1,2.72
NEDD4,0.128
NEDD4L,2.4
NEDD8,0.285
NEDD8-MDP1,0.744
NEDD9,6.82
NEFH,0.0
NEFM,0.651
NEGR1,0.159
NEIL1,0.0
NEIL2,0.0
NEIL3,0.00561
NEK1,0.00472
NEK10,0.0
NEK11,0.222
NEK2,0.947
NEK3,1.04
NEK4,0.0797
NEK5,0.0839
NEK6,2.45
NEK7,0.208
NEK8,0.0754
NEK9,7.67
NELFA,0.951
NELFB,1.36
NELFCD,3.14
NELFE,1.49
NELL1,0.0523
NELL2,0.29
NEMF,0.0
NEMP1,4.01
NEMP2,5.53
NENF,2.53
NEO1,0.0122
NEPRO,6.17
NES,0.333
NET1,0.274
NETO1,0.314
NETO2,6.66
NEU1,0.0706
NEU2,1.71
NEU3,0.139
NEU4,0.171
NEURL1,10.4
NEURL1B,0.0831
NEURL2,7.06
NEURL4,0.113
NEUROD1,0.745
NEUROD2,3.55
NEUROD4,0.1
NEUROD6,15.1
NEUROG1,0.697
NEUROG2,4.18
NEUROG3,1.78
NEXMIF,0.0697
NEXN,0.0
NF1,54.2
NF2,2.16
NFAM1,4.93
NFASC,12.2
NFAT5,1.66
NFATC1,0.351
NFATC2,0.43
NFATC2IP,2.22
NFATC3,3.1
NFATC4,0.369
NFE2,0.622
NFE2L1,8.74
NFE2L2,2.35
NFE2L3,0.0
NFIA,3.43
NFIB,0.0
NFIC,5.1
NFIL3,0.127
NFIX,1.29
NFKB1,12.2
NFKB2,0.0
NFKBIA,0.692
NFKBIB,0.908
NFKBID,1.68
NFKBIE,15.7
NFKBIL1,0.0882
NFKBIZ,0.0203
NFRKB,23.5
NFS1,2.91
NFU1,1.3
NFX1,21.1
NFXL1,4.03
NFYA,1.76
NFYB,5.21
NFYC,0.766
NGB,0.266
NGDN,3.0
NGEF,0.0
NGF,0.0
NGFR,0.653
NGLY1,3.78
NGRN,0.333
NHEJ1,5.46
NHLH1,0.025
NHLH2,1.58
NHLRC1,0.0
NHLRC2,308.0
NHLRC3,0.0
NHLRC4,1.47
NHP2,0.789
NHS,0.0
NHSL1,1.98
NHSL2,0.724
NICN1,0.114
NID1,0.234
NID2,1.17
NIF3L1,0.0
NIFK,2.36
NIM1K,1.0
NIN,5.49
NINJ1,4.51
NINJ2,8.09
NINL,1.31
NIP7,1.57
NIPA1,4.52
NIPA2,1.8
NIPAL1,0.0
NIPAL2,1.5
NIPAL3,4.6
NIPAL4,2.11
NIPBL,9.15
NIPSNAP1,0.123
NIPSNAP2,0.312
NIPSNAP3A,1.42
NIPSNAP3B,0.129
NISCH,0.928
NIT1,0.499
NIT2,0.642
NKAIN1,0.0168
NKAIN2,0.0
NKAIN3,0.133
NKAIN4,0.233
NKAP,0.358
NKAPL,0.32
NKD1,1.24
NKD2,5.51
NKG7,8.88
NKIRAS1,2.32
NKIRAS2,0.0704
NKPD1,6.56
NKRF,0.169
NKTR,6.54
NKX1-1,6.25
NKX1-2,9.67
NKX2-1,0.0309
NKX2-2,5.34
NKX2-3,0.00775
NKX2-4,0.0
NKX2-5,1.56
NKX2-6,2.44
NKX2-8,1.56
NKX3-1,0.684
NKX3-2,2.86
NKX6-1,8.52
NKX6-2,2.47
NKX6-3,3.03
NLE1,1.41
NLGN1,1.7
NLGN2,0.219
NLGN3,3.35
NLGN4X,3.48
NLGN4Y,0.284
NLK,1.87
NLN,3.74
NLRC3,0.0
NLRC4,0.428
NLRC5,4.07
NLRP1,1.15
NLRP10,0.105
NLRP11,1.04
NLRP12,0.0
NLRP13,0.138
NLRP14,10.1
NLRP2,0.0
NLRP3,0.0137
NLRP4,0.265
NLRP5,2.44
NLRP6,4.57
NLRP7,0.854
NLRP8,0.146
NLRP9,0.49
NLRX1,0.0
NMB,0.151
NMBR,2.44
NMD3,7.37
NME1,1.71
NME1-NME2,3.26
NME2,0.344
NME3,0.445
NME4,0.45
NME5,0.0152
NME6,0.398
NME7,1.13
NME8,2.91
NME9,0.066
NMI,0.362
NMNAT1,30.0
NMNAT2,0.00541
NMNAT3,0.976
NMRAL1,2.1
NMRK1,0.288
NMRK2,0.759
NMS,3.2
NMT1,6.3
NMT2,0.0
NMU,3.95
NMUR1,3.16
NMUR2,4.38
NNAT,0.527
NNMT,0.269
NNT,1.22
NOA1,5.47
NOB1,6.36
NOBOX,0.498
NOC2L,5.2
NOC3L,4.07
NOC4L,2.5
NOCT,0.0
NOD1,3.93
NOD2,0.0
NODAL,1.05
NOG,0.161
NOL10,2.36
NOL11,0.732
NOL12,0.112
NOL3,3.79
NOL4,0.423
NOL4L,5.74
NOL6,5.29
NOL7,1.69
NOL8,10.4
NOL9,2.58
NOLC1,3.3
NOM1,3.88
NOMO1,0.379
NOMO2,3.26
NOMO3,1.26
NONO,1.26
NOP10,12.0
NOP14,3.76
NOP16,5.07
NOP2,2.57
NOP53,0.124
NOP56,2.05
NOP58,0.413
NOP9,3.86
NOS1,0.0
NOS1AP,1.2
NOS2,1.18
NOS3,0.0
NOSIP,7.41
NOSTRIN,5.97
NOTCH1,1.31
NOTCH2,1.03
NOTCH2NL,1.49
NOTCH3,0.0
NOTCH4,0.0199
NOTO,0.874
NOTUM,0.399
NOV,0.0
NOVA1,0.0
NOVA2,0.0
NOX1,1.04
NOX3,2.4
NOX4,1.18
NOX5,0.0
NOXA1,3.4
NOXO1,3.05
NOXRED1,0.0478
NPAP1,0.224
NPAS1,0.702
NPAS2,0.0437
NPAS3,6.65
NPAS4,1.49
NPAT,3.11
NPB,1.44
NPBWR1,0.796
NPBWR2,0.0
NPC1,0.458
NPC1L1,0.745
NPC2,5.77
NPCDR1,0.0529
NPDC1,5.01
NPEPL1,0.514
NPEPPS,2.59
NPFF,6.55
NPFFR1,0.47
NPFFR2,0.476
NPHP1,1.86
NPHP3,6.9
NPHP4,0.0
NPHS1,11.1
NPHS2,1.33
NPIPA1,4.72
NPIPA2,1.11
NPIPA5,3.8
NPIPA7,0.453
NPIPA8,17.3
NPIPB11,1.87
NPIPB15,1.24
NPIPB3,2.71
NPIPB4,11.4
NPIPB5,0.79
NPIPB6,6.39
NPIPB7,0.122
NPL,3.35
NPLOC4,0.984
NPM1,2.78
NPM2,0.0626
NPM3,0.224
NPNT,1.52
NPPA,0.0
NPPB,0.0487
NPPC,5.22
NPR1,0.101
NPR2,0.101
NPR3,2.86
NPRL2,13.8
NPRL3,13.4
NPS,0.194
NPSR1,3.62
NPTN,4.57
NPTX1,0.668
NPTX2,0.16
NPTXR,1.74
NPVF,1.43
NPW,0.884
NPY,0.311
NPY1R,0.111
NPY2R,2.11
NPY4R,4.79
NPY5R,0.788
NQO1,6.1
NQO2,0.302
NR0B1,0.89
NR0B2,1.02
NR1D1,1.92
NR1D2,0.0
NR1H2,1.12
NR1H3,0.814
NR1H4,8.96
NR1I2,0.0803
NR1I3,1.12
NR2C1,10.5
NR2C2,0.0
NR2C2AP,10.4
NR2E1,0.529
NR2F1,0.0
NR2F2,1.14
NR2F6,0.0799
NR3C1,0.33
NR3C2,1.29
NR4A1,1.24
NR4A2,0.0
NR4A3,0.0
NR5A1,0.457
NR5A2,0.275
NR6A1,0.0
NRAP,0.221
NRARP,5.01
NRAS,1.01
NRBF2,0.174
NRBP1,3.51
NRBP2,1.55
NRCAM,0.343
NRDC,8.71
NRDE2,0.5
NREP,0.0726
NRF1,4.26
NRG1,2.89
NRG2,0.419
NRG3,0.701
NRG4,0.0471
NRGN,0.0
NRIP1,0.546
NRIP2,1.32
NRIP3,0.757
NRK,0.0
NRL,0.412
NRM,6.18
NRN1,1.21
NRN1L,0.498
NRP1,0.387
NRP2,0.242
NRROS,4.15
NRSN1,1.14
NRSN2,4.55
NRTN,0.662
NRXN1,0.000553
NRXN2,3.2
NRXN3,0.545
NSA2,0.339
NSD1,1.27
NSD2,1.66
NSD3,2.96
NSDHL,0.484
NSF,4.82
NSFL1C,4.64
NSG1,0.0
NSG2,1.28
NSL1,1.96
NSMAF,3.99
NSMCE1,2.5
NSMCE2,3.09
NSMCE3,2.57
NSMCE4A,7.15
NSMF,0.0
NSRP1,6.12
NSUN2,2.46
NSUN3,3.82
NSUN4,0.451
NSUN5,0.00565
NSUN6,0.974
NSUN7,0.0455
NT5C,0.231
NT5C1A,0.0363
NT5C1B,0.813
NT5C1B-RDH14,0.0647
NT5C2,12.7
NT5C3A,1.19
NT5C3B,0.0
NT5DC1,4.33
NT5DC2,1.86
NT5DC3,0.0
NT5DC4,0.022
NT5E,1.15
NT5M,0.0
NTAN1,0.409
NTF3,1.07
NTF4,0.0612
NTHL1,1.39
NTM,0.0
NTMT1,0.972
NTN1,0.0
NTN3,1.16
NTN4,0.851
NTN5,2.51
NTNG1,2.09
NTNG2,0.49
NTPCR,10.8
NTRK1,7.43
NTRK2,0.0
NTRK3,0.0
NTS,0.0
NTSR1,0.0
NTSR2,0.459
NUAK1,0.0
NUAK2,0.892
NUB1,8.89
NUBP1,0.403
NUBP2,5.86
NUBPL,3.44
NUCB1,9.67
NUCB2,0.299
NUCKS1,0.374
NUDC,0.0
NUDCD1,9.88
NUDCD2,3.96
NUDCD3,9.09
NUDT1,0.0755
NUDT10,0.926
NUDT11,1.1
NUDT12,3.38
NUDT13,0.7
NUDT14,2.2
NUDT15,0.184
NUDT16,4.87
NUDT16L1,0.361
NUDT17,0.147
NUDT18,2.94
NUDT19,0.0
NUDT2,1.23
NUDT21,1.33
NUDT22,0.0
NUDT3,1.01
NUDT4,7.94
NUDT5,0.383
NUDT6,1.39
NUDT7,0.296
NUDT8,0.0834
NUDT9,0.0343
NUF2,3.22
NUFIP1,1.06
NUFIP2,18.0
NUGGC,0.178
NUMA1,5.19
NUMB,0.425
NUMBL,1.48
NUP107,0.202
NUP133,6.0
NUP153,3.56
NUP155,3.7
NUP160,30.1
NUP188,10.7
NUP205,15.4
NUP210,0.934
NUP210L,1.17
NUP214,10.7
NUP35,5.66
NUP37,2.14
NUP43,0.75
NUP50,0.602
NUP54,0.307
NUP58,11.9
NUP62,2.21
NUP62CL,0.0993
NUP85,0.568
NUP88,0.76
NUP93,3.16
NUP98,0.0794
NUPL2,2.44
NUPR1,0.0776
NUPR2,0.0336
NUS1,7.47
NUSAP1,5.12
NUTF2,0.569
NUTM1,0.105
NUTM2A,3.9
NUTM2B,0.533
NUTM2D,1.25
NUTM2E,1.51
NUTM2F,0.156
NUTM2G,0.762
NVL,1.26
NWD1,0.0
NWD2,0.855
NXF1,20.0
NXF2,0.0
NXF2B,1.48
NXF3,0.603
NXF5,0.0
NXN,0.261
NXNL1,3.0
NXNL2,1.82
NXPE1,0.0
NXPE2,1.28
NXPE3,0.0
NXPE4,3.54
NXPH1,9.73
NXPH2,4.15
NXPH3,0.131
NXPH4,2.82
NXT1,0.502
NXT2,1.64
NYAP1,0.866
NYAP2,0.0557
NYNRIN,0.0
NYX,0.396
OAF,0.903
OARD1,1.8
OAS1,0.0
OAS2,0.817
OAS3,1.24
OASL,4.13
OAT,2.49
OAZ1,0.0214
OAZ2,1.33
OAZ3,0.388
OBP2A,1.12
OBP2B,0.413
OBSCN,1.13
OBSCN-AS1,0.0
OBSL1,0.0601
OC90,0.277
OCA2,0.632
OCEL1,0.0
OCIAD1,0.338
OCIAD2,0.0
OCLM,1.33
OCLN,4.01
OCM,4.59
OCM2,4.08
OCRL,0.0
OCSTAMP,0.00304
ODAM,0.0429
ODC1,1.82
ODF1,16.9
ODF2,0.0385
ODF2L,0.0522
ODF3,4.6
ODF3B,5.28
ODF3L1,1.65
ODF3L2,2.16
ODF4,0.00342
OFCC1,0.444
OFD1,8.36
OGDH,0.144
OGDHL,0.0
OGFOD1,5.28
OGFOD2,2.59
OGFOD3,0.856
OGFR,2.21
OGFRL1,0.0
OGG1,0.783
OGN,2.12
OGT,11.2
OIP5,13.9
OIT3,2.12
OLA1,0.0
OLAH,0.388
OLFM1,5.93
OLFM2,0.267
OLFM3,0.135
OLFM4,0.0
OLFML1,0.75
OLFML2A,0.235
OLFML2B,0.0
OLFML3,1.13
OLIG1,1.46
OLIG2,0.351
OLIG3,0.279
OLR1,4.62
OMA1,3.59
OMD,0.0
OMG,1.66
OMP,0.0111
ONECUT1,2.48
ONECUT2,2.81
ONECUT3,0.702
OOEP,0.0314
OOSP1,2.07
OOSP2,7.31
OPA1,9.5
OPA3,0.0
OPALIN,1.51
OPCML,0.891
OPHN1,0.0
OPLAH,0.293
OPN1LW,3.04
OPN1MW,0.161
OPN1MW2,1.21
OPN1SW,2.14
OPN3,7.78
OPN4,7.72
OPN5,14.1
OPRD1,2.47
OPRK1,0.963
OPRL1,0.171
OPRM1,0.926
OPRPN,0.615
OPTC,0.027
OPTN,0.834
OR10A2,0.792
OR10A3,0.0092
OR10A4,1.24
OR10A5,0.652
OR10A6,1.56
OR10A7,0.792
OR10AC1,0.811
OR10AD1,0.0
OR10AG1,9.01
OR10C1,1.06
OR10D3,0.0
OR10G2,1.25
OR10G3,3.84
OR10G4,0.029
OR10G6,3.78
OR10G7,0.775
OR10G8,0.64
OR10G9,0.0229
OR10H1,2.05
OR10H2,0.743
OR10H3,0.0
OR10H4,1.29
OR10H5,0.193
OR10J1,2.64
OR10J3,0.209
OR10J4,1.49
OR10J5,9.43
OR10K1,0.371
OR10K2,0.876
OR10P1,0.0
OR10Q1,2.92
OR10R2,1.13
OR10S1,0.113
OR10T2,1.78
OR10V1,0.871
OR10W1,0.0
OR10X1,2.92
OR10Z1,1.68
OR11A1,0.311
OR11G2,2.11
OR11H1,0.798
OR11H12,1.43
OR11H4,0.767
OR11H6,2.17
OR11H7,1.03
OR11L1,0.0
OR12D1,1.28
OR12D2,3.82
OR12D3,0.369
OR13A1,1.25
OR13C2,1.65
OR13C3,0.99
OR13C4,1.53
OR13C5,6.17
OR13C7,0.146
OR13C8,6.04
OR13C9,5.23
OR13D1,0.199
OR13F1,1.29
OR13G1,1.17
OR13H1,7.03
OR13J1,0.0
OR14A16,0.312
OR14A2,0.181
OR14C36,0.439
OR14I1,0.0
OR14J1,0.0162
OR14K1,0.218
OR1A1,1.98
OR1A2,2.62
OR1B1,0.0
OR1C1,0.0127
OR1D2,0.503
OR1D5,1.98
OR1E1,11.6
OR1E2,2.56
OR1F1,0.896
OR1G1,6.07
OR1I1,7.83
OR1J1,0.702
OR1J2,0.0371
OR1J4,0.0106
OR1K1,2.41
OR1L1,0.0
OR1L3,0.484
OR1L4,3.15
OR1L6,1.17
OR1L8,2.92
OR1M1,2.74
OR1N1,2.0
OR1N2,3.66
OR1Q1,4.63
OR1S1,0.504
OR1S2,0.0
OR2A1,2.59
OR2A12,0.0982
OR2A14,2.75
OR2A2,0.0
OR2A25,0.704
OR2A4,0.569
OR2A42,2.36
OR2A5,4.73
OR2A7,5.57
OR2AE1,0.275
OR2AG1,2.03
OR2AG2,7.04
OR2AJ1,3.56
OR2AK2,6.72
OR2AP1,1.68
OR2AT4,0.139
OR2B11,0.742
OR2B2,16.0
OR2B3,12.5
OR2B6,0.00339
OR2C1,0.509
OR2C3,0.667
OR2D2,1.95
OR2D3,0.297
OR2F1,0.0275
OR2F2,0.0
OR2G2,2.05
OR2G3,1.47
OR2G6,0.3
OR2H1,2.82
OR2H2,1.25
OR2J1,1.02
OR2J2,2.03
OR2J3,0.428
OR2K2,3.16
OR2L13,0.607
OR2L2,0.474
OR2L3,0.939
OR2L5,0.766
OR2L8,2.67
OR2M2,2.41
OR2M3,0.727
OR2M4,2.23
OR2M5,0.0
OR2M7,0.319
OR2S2,0.162
OR2T1,3.25
OR2T10,2.39
OR2T11,0.591
OR2T12,3.35
OR2T2,0.0
OR2T27,1.77
OR2T29,3.61
OR2T3,0.0
OR2T33,6.46
OR2T34,0.0
OR2T35,6.92
OR2T4,0.405
OR2T5,4.5
OR2T6,0.0298
OR2T7,5.45
OR2T8,0.0
OR2V1,3.66
OR2V2,0.44
OR2W1,7.09
OR2W3,1.4
OR2Y1,0.448
OR2Z1,1.06
OR3A1,5.55
OR3A2,0.0
OR3A3,0.0599
OR4A15,4.87
OR4A16,27.9
OR4A47,15.0
OR4A5,1.08
OR4A8,3.75
OR4B1,0.93
OR4C11,6.23
OR4C12,0.253
OR4C13,0.0
OR4C15,0.796
OR4C16,0.992
OR4C3,12.2
OR4C46,3.28
OR4C5,0.498
OR4C6,2.64
OR4D1,0.308
OR4D10,6.69
OR4D11,0.244
OR4D2,0.217
OR4D5,0.0
OR4D6,3.78
OR4D9,3.16
OR4E2,14.6
OR4F15,2.4
OR4F16,10.6
OR4F17,3.22
OR4F21,3.67
OR4F3,0.0
OR4F4,0.00114
OR4F5,0.00467
OR4F6,2.38
OR4K1,0.928
OR4K13,4.27
OR4K14,5.3
OR4K15,8.56
OR4K17,8.48
OR4K2,0.0322
OR4K5,3.6
OR4L1,1.86
OR4M1,0.0356
OR4M2,0.0
OR4N2,0.287
OR4N4,0.0
OR4N5,0.271
OR4P4,0.846
OR4Q2,2.58
OR4Q3,2.0
OR4S1,0.0391
OR4S2,0.0
OR4X1,0.637
OR4X2,1.8
OR51A2,0.171
OR51A4,0.652
OR51A7,1.4
OR51B2,0.269
OR51B4,0.214
OR51B5,0.286
OR51B6,0.865
OR51D1,0.0592
OR51E1,0.74
OR51E2,0.547
OR51F1,8.41
OR51F2,0.763
OR51G1,0.595
OR51G2,0.338
OR51H1,0.00818
OR51I1,0.265
OR51I2,0.594
OR51J1,0.0
OR51L1,0.943
OR51M1,0.15
OR51Q1,0.0198
OR51S1,0.0
OR51T1,0.0
OR51V1,0.0
OR52A1,0.201
OR52A5,1.65
OR52B1P,2.37
OR52B2,1.94
OR52B4,6.94
OR52B6,0.668
OR52D1,3.76
OR52E1,0.411
OR52E2,0.195
OR52E4,2.55
OR52E6,0.228
OR52E8,0.0976
OR52H1,2.08
OR52I1,0.508
OR52I2,0.517
OR52J3,0.397
OR52K1,0.0
OR52K2,0.0
OR52L1,0.0
OR52M1,0.12
OR52N1,0.126
OR52N2,2.15
OR52N4,3.62
OR52N5,3.48
OR52R1,0.0492
OR52W1,0.0
OR56A1,0.0
OR56A3,3.33
OR56A4,0.0889
OR56B1,0.772
OR56B3P,1.67
OR56B4,0.533
OR5A1,3.72
OR5A2,0.319
OR5AC1,2.32
OR5AC2,0.000529
OR5AK2,4.81
OR5AL1,3.33
OR5AN1,3.24
OR5AP2,2.3
OR5AR1,0.0969
OR5AS1,2.69
OR5AU1,0.399
OR5B12,0.729
OR5B17,0.0
OR5B2,0.0
OR5B21,1.25
OR5B3,0.616
OR5C1,0.0357
OR5D13,1.76
OR5D14,3.44
OR5D16,0.28
OR5D18,20.9
OR5F1,7.01
OR5G3,2.22
OR5H1,8.75
OR5H14,0.902
OR5H15,2.4
OR5H2,1.13
OR5H6,19.8
OR5H8,0.767
OR5I1,5.61
OR5J2,2.77
OR5K1,0.743
OR5K2,2.6
OR5K3,7.15
OR5K4,1.68
OR5L1,6.93
OR5L2,2.85
OR5M1,0.0
OR5M10,0.493
OR5M11,1.55
OR5M3,1.5
OR5M8,0.018
OR5M9,2.93
OR5P2,1.28
OR5P3,2.54
OR5R1,0.0
OR5T1,6.36
OR5T2,0.236
OR5T3,8.87
OR5V1,0.863
OR5W2,0.374
OR6A2,0.0191
OR6B1,0.948
OR6B2,0.488
OR6B3,0.0
OR6C1,5.61
OR6C2,0.235
OR6C3,2.85
OR6C4,4.58
OR6C6,4.25
OR6C65,0.514
OR6C68,0.157
OR6C70,1.49
OR6C74,10.3
OR6C75,0.327
OR6C76,7.87
OR6F1,1.47
OR6J1,0.00547
OR6K2,5.16
OR6K3,2.46
OR6K6,0.153
OR6M1,0.484
OR6N1,9.45
OR6N2,0.0
OR6P1,0.0105
OR6Q1,0.471
OR6S1,3.05
OR6T1,3.5
OR6V1,0.229
OR6X1,0.284
OR6Y1,0.434
OR7A10,1.05
OR7A17,4.72
OR7A5,1.28
OR7C1,2.19
OR7C2,7.15
OR7D2,22.8
OR7D4,1.46
OR7E24,7.37
OR7G1,11.0
OR7G2,0.529
OR7G3,0.141
OR8A1,4.63
OR8B12,0.94
OR8B2,1.18
OR8B3,2.2
OR8B4,0.495
OR8B8,0.37
OR8D1,0.293
OR8D2,3.12
OR8D4,2.81
OR8G1,0.0
OR8G5,2.92
OR8H1,10.6
OR8H2,0.0114
OR8H3,0.788
OR8I2,3.68
OR8J1,0.237
OR8J2,0.458
OR8J3,2.5
OR8K1,1.09
OR8K3,5.62
OR8K5,0.018
OR8S1,0.00399
OR8U1,7.35
OR9A2,3.67
OR9A4,0.877
OR9G1,0.0836
OR9G4,0.806
OR9I1,2.94
OR9K2,0.416
OR9Q1,2.79
OR9Q2,3.58
ORAI1,1.01
ORAI2,0.82
ORAI3,7.55
ORAOV1,16.3
ORC1,10.3
ORC2,0.897
ORC3,1.24
ORC4,6.27
ORC5,1.6
ORC6,0.0
ORM1,1.42
ORM2,0.793
ORMDL1,0.0
ORMDL2,7.2
ORMDL3,2.78
OS9,0.415
OSBP,6.53
OSBP2,9.31
OSBPL10,2.37
OSBPL11,0.949
OSBPL1A,1.05
OSBPL2,0.81
OSBPL3,7.72
OSBPL5,4.23
OSBPL6,3.85
OSBPL7,3.85
OSBPL8,4.44
OSBPL9,6.97
OSCAR,9.2
OSCP1,0.0
OSER1,7.45e-05
OSGEP,0.0345
OSGEPL1,0.767
OSGIN1,4.05
OSGIN2,0.0553
OSM,2.33
OSMR,0.0671
OSR1,3.48
OSR2,3.77
OST4,0.189
OSTC,14.9
OSTF1,0.0
OSTM1,2.7
OSTN,0.00693
OTC,0.119
OTOA,0.825
OTOF,5.33
OTOG,4.35
OTOGL,1.18
OTOL1,0.501
OTOP1,0.951
OTOP2,1.31
OTOP3,0.854
OTOR,0.2
OTOS,0.399
OTP,0.24
OTUB1,1.2
OTUB2,8.73
OTUD1,2.72
OTUD3,0.588
OTUD4,8.88
OTUD5,4.49
OTUD6A,2.08
OTUD6B,9.55
OTUD7A,0.988
OTUD7B,7.52
OTULIN,1.44
OTX1,2.48
OTX2,1.16
OVCA2,0.337
OVCH1,0.0952
OVCH1-AS1,0.0
OVCH2,0.286
OVGP1,0.721
OVOL1,8.0
OVOL2,0.448
OVOL3,2.45
OXA1L,2.11
OXCT1,0.246
OXCT2,0.0
OXER1,2.38
OXGR1,0.52
OXLD1,0.576
OXNAD1,1.1
OXR1,0.498
OXSM,2.59
OXSR1,0.0
OXT,3.82
OXTR,0.0118
P2RX1,1.25
P2RX2,0.388
P2RX3,3.36
P2RX4,1.9
P2RX5,0.834
P2RX5-TAX1BP3,0.0449
P2RX6,2.03
P2RX7,1.26
P2RY1,1.24
P2RY10,0.0
P2RY11,1.79
P2RY12,0.174
P2RY13,0.478
P2RY14,0.024
P2RY2,0.187
P2RY4,3.02
P2RY6,1.06
P2RY8,1.33
P3H1,0.0916
P3H2,0.0675
P3H3,0.0
P3H4,0.897
P4HA1,1.35
P4HA2,1.66
P4HA3,8.61
P4HB,2.88
P4HTM,2.24
PA2G4,18.1
PAAF1,0.0
PABPC1,3.08
PABPC1L,4.69
PABPC1L2A,6.16
PABPC1L2B,0.572
PABPC3,0.832
PABPC4,1.93
PABPC4L,0.197
PABPC5,0.0788
PABPN1,0.00696
PABPN1L,0.0
PACRG,0.37
PACRGL,0.944
PACS1,0.276
PACS2,2.13
PACSIN1,1.79
PACSIN2,0.2
PACSIN3,0.272
PADI1,21.4
PADI2,3.18
PADI3,0.171
PADI4,0.0619
PAEP,1.0
PAF1,5.98
PAFAH1B1,7.99
PAFAH1B2,0.0789
PAFAH1B3,4.43
PAFAH2,1.75
PAG1,0.0321
PAGE1,0.0307
PAGE2,0.107
PAGE2B,0.0789
PAGE3,0.0
PAGE4,1.77
PAGE5,2.53
PAGR1,0.255
PAH,1.96
PAICS,6.24
PAIP1,0.306
PAIP2,0.248
PAIP2B,0.427
PAK1,1.31
PAK1IP1,8.66
PAK2,1.6
PAK3,0.211
PAK4,1.72
PAK5,0.579
PAK6,0.075
PALB2,1.37
PALD1,1.48
PALLD,0.884
PALM,0.526
PALM2,0.0
PALM2-AKAP2,2.11
PALM3,1.82
PALMD,6.17
PAM,1.02
PAM16,2.78
PAMR1,4.31
PAN2,0.0112
PAN3,4.38
PANK1,2.47
PANK2,0.0565
PANK3,5.15
PANK4,8.15
PANX1,0.00614
PANX2,2.06
PANX3,2.69
PAOX,13.8
PAPD4,0.922
PAPD5,23.2
PAPD7,4.32
PAPLN,0.15
PAPOLA,2.79
PAPOLB,0.135
PAPOLG,14.9
PAPPA,1.12
PAPPA-AS1,0.0735
PAPPA2,5.17
PAPSS1,4.83
PAPSS2,0.149
PAQR3,0.216
PAQR4,7.68
PAQR5,3.4
PAQR6,3.55
PAQR7,2.81
PAQR8,2.86
PAQR9,7.58
PARD3,0.679
PARD3B,0.0
PARD6A,1.13
PARD6B,2.09
PARD6G,0.202
PARG,4.74
PARK7,2.59
PARL,11.8
PARM1,0.0689
PARN,0.116
PARP1,1.26
PARP10,3.22
PARP11,1.82
PARP12,0.397
PARP14,1.03
PARP15,0.0542
PARP16,0.0
PARP2,0.269
PARP3,0.256
PARP4,0.0
PARP6,0.586
PARP8,0.582
PARP9,0.681
PARPBP,0.0
PARS2,0.00813
PARVA,0.0354
PARVB,0.0
PARVG,5.57
PASD1,0.00995
PASK,0.336
PATE1,2.27
PATE2,0.335
PATE3,1.05
PATE4,9.69
PATJ,0.0
PATL1,1.3
PATL2,3.69
PATZ1,0.0
PAWR,1.08
PAX1,0.856
PAX2,1.74
PAX3,0.924
PAX4,0.0
PAX5,5.12
PAX6,3.23
PAX7,0.349
PAX8,0.0
PAX9,0.0361
PAXBP1,1.34
PAXIP1,3.59
PAXIP1-AS2,0.148
PBDC1,0.634
PBK,1.51
PBLD,0.178
PBOV1,0.242
PBRM1,1.95
PBX1,2.23
PBX2,8.07
PBX3,0.0
PBX4,0.0477
PBXIP1,0.346
PC,0.0
PCBD1,0.31
PCBD2,0.0908
PCBP1,10.7
PCBP2,4.75
PCBP3,0.402
PCBP4,7.07
PCCA,0.0
PCCB,1.54
PCDH1,5.6
PCDH10,1.83
PCDH11X,0.377
PCDH11Y,0.489
PCDH12,2.14
PCDH15,0.558
PCDH17,0.463
PCDH18,0.614
PCDH19,0.205
PCDH20,1.97
PCDH7,0.501
PCDH8,0.211
PCDH9,2.52
PCDHA1,0.00427
PCDHA10,0.087
PCDHA11,2.07
PCDHA12,0.59
PCDHA13,0.0555
PCDHA2,0.0
PCDHA3,0.312
PCDHA4,0.00684
PCDHA5,0.142
PCDHA6,0.474
PCDHA7,0.306
PCDHA8,1.31
PCDHA9,0.0761
PCDHAC1,0.0
PCDHAC2,2.87
PCDHB1,0.0403
PCDHB10,1.24
PCDHB11,0.582
PCDHB12,3.12
PCDHB13,0.217
PCDHB14,0.892
PCDHB15,2.37
PCDHB16,4.51
PCDHB17P,1.4
PCDHB2,0.838
PCDHB3,1.33
PCDHB4,2.78
PCDHB5,0.499
PCDHB6,0.0
PCDHB7,3.79
PCDHB8,0.399
PCDHGA1,0.694
PCDHGA10,0.879
PCDHGA11,5.28
PCDHGA12,0.39
PCDHGA2,0.231
PCDHGA3,0.889
PCDHGA4,1.05
PCDHGA5,0.547
PCDHGA6,0.0211
PCDHGA7,0.261
PCDHGA8,0.11
PCDHGA9,4.36
PCDHGB1,0.65
PCDHGB2,1.42
PCDHGB3,0.329
PCDHGB4,5.47
PCDHGB6,0.394
PCDHGB7,0.318
PCDHGC3,1.59
PCDHGC4,1.78
PCDHGC5,2.24
PCED1A,1.32
PCED1B,0.699
PCF11,2.09
PCGF1,12.2
PCGF2,8.15
PCGF3,0.692
PCGF5,0.0
PCGF6,11.3
PCID2,7.44
PCIF1,3.2
PCK1,0.67
PCK2,0.0
PCLAF,2.16
PCLO,0.378
PCM1,2.99
PCMT1,3.35
PCMTD1,3.66
PCMTD2,0.0
PCNA,4.3
PCNP,3.69
PCNT,2.22
PCNX1,8.68
PCNX2,1.43
PCNX3,5.31
PCNX4,1.52
PCOLCE,1.56
PCOLCE2,0.00166
PCP2,0.54
PCP4,0.365
PCP4L1,0.0
PCSK1,1.62
PCSK1N,1.95
PCSK2,0.372
PCSK4,5.47
PCSK5,0.252
PCSK6,0.313
PCSK7,0.0
PCSK9,4.43
PCTP,1.15
PCYOX1,0.0448
PCYOX1L,3.71
PCYT1A,9.81
PCYT1B,1.82
PCYT2,10.5
PDAP1,7.78
PDC,0.109
PDCD1,0.0
PDCD10,7.61
PDCD11,4.5
PDCD1LG2,1.37
PDCD2,3.66
PDCD2L,0.175
PDCD4,7.68
PDCD5,2.35
PDCD6,7.69
PDCD6IP,1.98
PDCD7,3.64
PDCL,20.5
PDCL2,1.68
PDCL3,2.1
PDE10A,1.66
PDE11A,2.97
PDE12,0.0173
PDE1A,1.34
PDE1B,0.0
PDE1C,0.628
PDE2A,0.23
PDE3A,0.0303
PDE3B,9.89
PDE4A,0.0
PDE4B,1.66
PDE4C,0.105
PDE4D,0.342
PDE4DIP,0.943
PDE5A,0.203
PDE6A,0.564
PDE6B,0.0
PDE6C,0.217
PDE6D,0.245
PDE6G,0.78
PDE6H,1.24
PDE7A,0.0
PDE7B,0.28
PDE8A,0.0249
PDE8B,0.114
PDE9A,1.46
PDF,0.0
PDGFA,0.691
PDGFB,1.28
PDGFC,0.0199
PDGFD,0.056
PDGFRA,0.146
PDGFRB,0.419
PDGFRL,0.00215
PDHA1,8.52
PDHA2,0.0586
PDHB,5.92e-05
PDHX,0.0
PDIA2,2.29
PDIA3,9.25
PDIA4,2.68
PDIA5,2.5
PDIA6,3.47
PDIK1L,0.609
PDILT,5.39
PDK1,16.0
PDK2,2.08
PDK3,1.49
PDK4,0.132
PDLIM1,4.17
PDLIM2,1.05
PDLIM3,0.0
PDLIM4,0.0478
PDLIM5,0.101
PDLIM7,0.00886
PDP1,0.0124
PDP2,0.334
PDPK1,1.03
PDPN,0.605
PDPR,0.0377
PDRG1,0.0
PDS5A,15.0
PDS5B,14.9
PDSS1,1.39
PDSS2,1.49
PDX1,0.0
PDXDC1,1.26
PDXK,2.47
PDXP,2.42
PDYN,0.0
PDZD11,22.0
PDZD2,1.34
PDZD3,0.942
PDZD4,2.49
PDZD7,0.196
PDZD8,2.1
PDZD9,0.00376
PDZK1,1.87
PDZK1IP1,27.4
PDZRN3,0.957
PDZRN4,7.88
PEA15,2.54
PEAK1,0.246
PEAR1,1.82
PEBP1,3.79
PEBP4,0.661
PECR,0.89
PEF1,2.12
PEG10,3.1
PEG3,1.88
PELI1,0.194
PELI2,0.228
PELI3,0.0697
PELO,0.176
PELP1,0.668
PEMT,0.114
PENK,0.0
PEPD,1.21
PER1,1.11
PER2,5.54
PER3,1.61
PERM1,8.69
PERP,0.81
PES1,0.125
PET100,1.73
PET117,0.683
PEX1,19.5
PEX10,7.36
PEX11A,0.709
PEX11B,2.33
PEX11G,1.44
PEX12,9.03
PEX13,4.42
PEX14,5.04
PEX16,11.5
PEX19,3.92
PEX2,0.00459
PEX26,1.95
PEX3,7.29
PEX5,4.05
PEX5L,0.151
PEX6,0.266
PEX7,3.87
PF4,0.0
PF4V1,0.0
PFAS,0.68
PFDN1,7.23
PFDN2,0.637
PFDN4,3.72
PFDN5,0.369
PFDN6,1.27
PFKFB1,1.6
PFKFB2,0.767
PFKFB3,20.6
PFKFB4,2.18
PFKL,0.0
PFKM,4.08
PFKP,12.5
PFN1,1.75
PFN2,2.73
PFN3,0.383
PFN4,0.584
PGA3,0.0
PGA4,6.89
PGA5,0.173
PGAM1,0.674
PGAM2,0.44
PGAM4,1.6
PGAM5,3.65
PGAP1,1.58
PGAP2,0.0
PGAP3,7.94
PGBD1,0.0
PGBD2,0.79
PGBD3,0.824
PGBD4,0.532
PGBD5,0.457
PGC,4.5
PGD,9.58
PGF,0.0998
PGGHG,0.587
PGGT1B,4.41
PGK1,0.758
PGK2,5.35
PGLS,0.571
PGLYRP1,1.25
PGLYRP2,0.315
PGLYRP3,2.41
PGLYRP4,3.75
PGM1,0.614
PGM2,7.09
PGM2L1,0.393
PGM3,0.735
PGM5,1.78
PGP,2.38
PGPEP1,9.95
PGPEP1L,0.767
PGR,0.001
PGRMC1,0.715
PGRMC2,2.67
PGS1,1.28
PHACTR1,0.667
PHACTR2,0.0
PHACTR3,0.776
PHACTR4,18.6
PHAX,0.824
PHB,1.85
PHB2,1.74
PHC1,4.46
PHC2,0.00533
PHC3,0.552
PHEX,0.127
PHF1,0.293
PHF10,0.0413
PHF11,0.268
PHF12,7.76
PHF13,1.78
PHF14,1.93
PHF19,0.31
PHF2,2.94
PHF20,4.48
PHF20L1,0.407
PHF21A,1.47
PHF21B,0.00824
PHF23,0.92
PHF24,0.217
PHF3,0.971
PHF5A,4.67
PHF6,0.844
PHF7,1.34
PHF8,0.0
PHGDH,1.65
PHGR1,3.15
PHIP,8.07
PHKA1,0.894
PHKA2,0.0143
PHKB,0.0
PHKG1,4.67
PHKG2,1.63
PHLDA1,0.595
PHLDA2,0.0
PHLDA3,2.42
PHLDB1,0.17
PHLDB2,0.351
PHLDB3,1.13
PHLPP1,0.0285
PHLPP2,0.0
PHOSPHO1,3.94
PHOSPHO2,0.195
PHOX2A,0.113
PHOX2B,0.139
PHPT1,6.19
PHRF1,0.0115
PHTF1,11.3
PHTF2,2.08
PHYH,0.0
PHYHD1,2.6
PHYHIP,2.97
PHYHIPL,0.0
PHYKPL,8.95
PI15,0.0
PI16,9.66
PI3,0.0
PI4K2A,5.03
PI4K2B,0.0
PI4KA,14.2
PI4KB,1.45
PIANP,14.1
PIAS1,10.8
PIAS2,0.432
PIAS3,5.03
PIAS4,5.75
PIBF1,2.17
PICALM,4.82
PICK1,0.0
PID1,5.57
PIDD1,0.0497
PIEZO1,2.37
PIEZO2,3.15
PIF1,7.59
PIFO,0.0607
PIGA,0.408
PIGB,1.51
PIGC,0.149
PIGF,0.633
PIGG,1.89
PIGH,1.24
PIGK,0.0
PIGL,3.24
PIGM,1.16
PIGN,0.964
PIGO,3.51
PIGP,2.33
PIGQ,3.22
PIGR,0.974
PIGS,4.14
PIGT,0.113
PIGU,1.86
PIGV,1.49
PIGW,3.74
PIGX,2.24
PIGY,0.0567
PIGZ,0.128
PIH1,9.89
PIH1D1,2.88
PIH1D2,2.05
PIH1D3,1.85
PIK3AP1,2.5
PIK3C2A,0.378
PIK3C2B,0.0
PIK3C2G,3.15
PIK3C3,6.87
PIK3CA,0.0
PIK3CB,0.423
PIK3CD,4.42
PIK3CD-AS1,10.2
PIK3CG,11.4
PIK3IP1,0.334
PIK3R1,0.331
PIK3R2,0.373
PIK3R3,0.0669
PIK3R4,0.174
PIK3R5,30.0
PIK3R6,0.615
PIKFYVE,0.416
PILRA,2.47
PILRB,0.0712
PIM1,0.485
PIM2,3.43
PIM3,0.0011
PIMREG,0.0
PIN1,3.5
PIN4,5.68
PINK1,1.98
PINLYP,0.407
PINX1,11.0
PIP,0.295
PIP4K2A,0.0666
PIP4K2B,0.0
PIP4K2C,0.864
PIP5K1A,1.16
PIP5K1B,0.787
PIP5K1C,3.18
PIP5KL1,1.46
PIPOX,0.251
PIR,0.61
PIRT,1.23
PISD,0.916
PITHD1,1.25
PITPNA,2.79
PITPNB,0.0
PITPNC1,3.47
PITPNM1,2.02
PITPNM2,0.736
PITPNM3,0.154
PITRM1,22.9
PITX1,0.0
PITX2,0.101
PITX3,0.0783
PIWIL1,0.0677
PIWIL2,0.00404
PIWIL3,0.0
PIWIL4,0.027
PJA1,7.42
PJA2,4.76
PKD1,0.138
PKD1L1,0.43
PKD1L2,0.996
PKD2,2.18
PKD2L1,0.104
PKD2L2,0.912
PKDCC,2.99
PKDREJ,0.557
PKHD1,0.0
PKHD1L1,0.00302
PKIA,0.0
PKIB,2.33
PKIG,1.09
PKLR,0.0
PKM,8.78
PKMYT1,7.44
PKN1,6.48
PKN2,2.93
PKN3,2.37
PKNOX1,7.41
PKNOX2,0.0
PKP1,0.578
PKP2,0.824
PKP3,0.775
PKP4,0.494
PLA1A,0.0
PLA2G10,1.18
PLA2G12A,5.9
PLA2G12B,0.0666
PLA2G15,0.185
PLA2G16,0.00871
PLA2G1B,0.309
PLA2G2A,2.7
PLA2G2C,11.1
PLA2G2D,0.0
PLA2G2E,0.0
PLA2G2F,1.55
PLA2G3,4.48
PLA2G4A,0.137
PLA2G4B,0.625
PLA2G4C,0.537
PLA2G4D,2.91
PLA2G4E,5.52
PLA2G4F,3.28
PLA2G5,1.12
PLA2G6,0.146
PLA2G7,0.0
PLA2R1,0.746
PLAA,25.2
PLAC1,0.0
PLAC8,2.11
PLAC8L1,0.0571
PLAC9,0.0
PLAG1,0.257
PLAGL1,4.18
PLAGL2,1.13
PLAT,1.08
PLAU,0.0417
PLAUR,2.66
PLB1,0.96
PLBD1,0.0
PLBD2,2.86
PLCB1,4.03
PLCB2,3.49
PLCB3,0.0
PLCB4,0.0
PLCD1,1.22
PLCD3,0.272
PLCD4,1.68
PLCE1,0.483
PLCG1,0.173
PLCG2,0.605
PLCH1,1.84
PLCH2,0.0849
PLCL1,0.267
PLCL2,1.35
PLCXD1,0.668
PLCXD2,0.0527
PLCXD3,3.92
PLCZ1,3.6
PLD1,11.8
PLD2,0.128
PLD3,0.827
PLD4,1.64
PLD5,0.0
PLD6,0.695
PLEC,3.36
PLEK,202.0
PLEK2,0.0
PLEKHA1,0.0
PLEKHA2,0.328
PLEKHA3,2.62
PLEKHA4,0.0
PLEKHA5,0.0
PLEKHA6,0.227
PLEKHA7,0.0
PLEKHA8,2.5
PLEKHB1,0.0
PLEKHB2,10.7
PLEKHD1,3.57
PLEKHF1,0.621
PLEKHF2,1.55
PLEKHG1,0.129
PLEKHG2,1.19
PLEKHG3,0.948
PLEKHG4,0.885
PLEKHG4B,0.0803
PLEKHG5,1.26
PLEKHG6,1.18
PLEKHG7,5.23
PLEKHH1,0.00106
PLEKHH2,6.62
PLEKHH3,0.354
PLEKHJ1,0.0377
PLEKHM1,0.242
PLEKHM2,1.2
PLEKHM3,3.23
PLEKHN1,0.355
PLEKHO1,2.55
PLEKHO2,0.328
PLEKHS1,0.0834
PLET1,1.12
PLG,1.64
PLGLB1,3.8
PLGLB2,0.0198
PLGRKT,2.1
PLIN1,3.15
PLIN2,2.2
PLIN3,0.315
PLIN4,2.6
PLIN5,0.0941
PLK1,1.59
PLK2,12.1
PLK3,0.0
PLK4,1.05
PLK5,1.94
PLLP,1.69
PLN,0.173
PLOD1,1.91
PLOD2,0.242
PLOD3,0.178
PLP1,0.00987
PLP2,0.0
PLPBP,0.456
PLPP1,0.135
PLPP2,1.51
PLPP3,0.566
PLPP4,0.0
PLPP5,0.876
PLPP6,2.12
PLPP7,2.66
PLPPR1,0.748
PLPPR3,2.3
PLPPR4,0.0
PLPPR5,1.37
PLRG1,0.00396
PLS1,0.245
PLS3,0.408
PLSCR1,0.281
PLSCR2,0.159
PLSCR4,0.0
PLSCR5,0.923
PLTP,0.666
PLVAP,0.0285
PLXDC1,3.35
PLXDC2,0.0
PLXNA1,0.043
PLXNA2,2.1
PLXNA3,1.83
PLXNA4,2.0
PLXNB1,0.0
PLXNB2,1.38
PLXNB3,0.257
PLXNC1,0.856
PLXND1,2.79
PM20D1,7.82
PM20D2,0.109
PMAIP1,4.67
PMCH,1.13
PMEL,0.315
PMEPA1,0.832
PMF1,0.431
PMF1-BGLAP,1.63
PMFBP1,3.05
PML,0.201
PMM1,1.52
PMM2,13.0
PMP2,0.164
PMP22,2.19
PMPCA,3.78
PMPCB,2.37
PMS1,0.0
PMS2,2.24
PMVK,5.7
PNCK,1.98
PNISR,2.59
PNKD,9.06
PNKP,6.54
PNLDC1,2.09
PNLIP,0.796
PNLIPRP1,0.202
PNLIPRP2,1.44
PNLIPRP3,3.69
PNMA1,0.0703
PNMA2,0.213
PNMA3,5.57
PNMA5,1.59
PNMA6A,0.317
PNMA6B,9.59
PNMA8A,0.0574
PNMA8B,0.0
PNMT,3.96
PNN,9.08
PNO1,9.01
PNOC,7.44
PNP,1.62
PNPLA1,4.77
PNPLA2,2.38
PNPLA3,0.0
PNPLA4,0.615
PNPLA5,0.147
PNPLA6,10.6
PNPLA7,3.15
PNPLA8,1.05
PNPO,0.00551
PNPT1,0.21
PNRC1,0.961
PNRC2,14.6
POC1A,0.414
POC1B,1.57
POC1B-GALNT4,6.31
POC5,0.286
PODN,2.76
PODNL1,0.0
PODXL,5.97
PODXL2,0.698
POF1B,0.1
POFUT1,2.39
POFUT2,5.52
POGK,0.26
POGLUT1,0.36
POGZ,0.355
POLA1,2.57
POLA2,7.0
POLB,0.688
POLD1,0.237
POLD2,1.71
POLD3,21.7
POLD4,0.384
POLDIP2,1.91
POLDIP3,0.0
POLE,1.65
POLE2,8.2
POLE3,1.81
POLE4,0.134
POLG,4.01
POLG2,4.79
POLH,4.4
POLI,0.414
POLK,0.0
POLL,0.04
POLM,1.53
POLN,0.153
POLQ,0.00344
POLR1A,0.0
POLR1B,6.19
POLR1C,5.55
POLR1D,1.92
POLR1E,1.7
POLR2A,1.76
POLR2B,0.237
POLR2C,6.29
POLR2D,21.2
POLR2E,7.08
POLR2F,0.0
POLR2G,8.59
POLR2H,0.376
POLR2I,2.14
POLR2J,10.8
POLR2J2,0.0
POLR2J3,0.0
POLR2K,0.0
POLR2L,2.08
POLR2M,0.0
POLR3A,3.21
POLR3B,7.02
POLR3C,5.52
POLR3D,0.106
POLR3E,0.782
POLR3F,13.2
POLR3G,1.81
POLR3GL,0.324
POLR3H,0.836
POLR3K,6.36
POLRMT,1.85
POM121,0.308
POM121C,8.81
POM121L12,1.44
POM121L2,0.286
POM121L7P,0.0307
POMC,0.0152
POMGNT1,0.577
POMGNT2,0.0112
POMK,0.00699
POMP,2.76
POMT1,0.0618
POMT2,0.662
POMZP3,1.15
PON1,1.47e-05
PON2,0.0
PON3,0.485
POP1,6.66
POP4,6.44
POP5,22.3
POP7,0.134
POPDC2,2.29
POPDC3,3.22
POR,0.109
PORCN,0.62
POSTN,0.0255
POT1,1.96
POTEB,0.374
POTEC,5.05
POTED,1.88
POTEE,4.14
POTEF,3.21
POTEG,2.17
POTEH,0.137
POTEI,1.52
POTEJ,3.28
POTEM,3.41
POU1F1,0.443
POU2AF1,0.0207
POU2F1,5.74
POU2F2,2.38
POU2F3,0.0
POU3F1,0.181
POU3F2,1.33
POU3F3,0.0106
POU3F4,0.0
POU4F1,0.0
POU4F2,0.0
POU4F3,0.786
POU5F1,0.00697
POU5F1B,0.345
POU5F2,0.0
POU6F1,1.91
POU6F2,0.44
PP13004,4.74
PP13439,0.0385
PP2D1,0.0326
PPA1,2.03
PPA2,6.41
PPAN,1.82
PPAN-P2RY11,3.86
PPARA,0.564
PPARD,1.2
PPARG,1.51
PPARGC1A,0.541
PPARGC1B,0.0106
PPAT,0.997
PPBP,0.0743
PPCDC,7.56
PPCS,6.39
PPDPF,6.1
PPEF1,0.012
PPEF2,0.78
PPFIA1,0.457
PPFIA2,0.235
PPFIA3,0.53
PPFIA4,0.921
PPFIBP1,0.0746
PPFIBP2,0.741
PPHLN1,4.78
PPIA,0.0469
PPIAL4A,4.53
PPIAL4C,1.27
PPIAL4D,3.4
PPIAL4G,6.97
PPIB,2.29
PPIC,0.367
PPID,1.5
PPIE,2.49
PPIF,0.0
PPIG,0.081
PPIH,3.85
PPIL1,3.35
PPIL2,0.572
PPIL3,3.1
PPIL4,0.708
PPIL6,1.93
PPIP5K1,3.69
PPIP5K2,2.44
PPL,4.17
PPM1A,0.117
PPM1B,13.3
PPM1D,0.306
PPM1E,17.4
PPM1F,5.94
PPM1G,3.11
PPM1H,0.0
PPM1J,0.583
PPM1K,0.694
PPM1L,2.3
PPM1M,4.5
PPM1N,1.06
PPME1,1.26
PPOX,1.61
PPP1CA,23.2
PPP1CB,0.153
PPP1CC,49.4
PPP1R10,0.0553
PPP1R11,1.26
PPP1R12A,0.715
PPP1R12B,0.662
PPP1R12C,0.762
PPP1R13B,1.77
PPP1R13L,2.12
PPP1R14A,0.322
PPP1R14B,0.0
PPP1R14C,2.85
PPP1R14D,0.766
PPP1R15A,0.191
PPP1R15B,1.73
PPP1R16A,0.0437
PPP1R16B,0.481
PPP1R17,0.0
PPP1R18,9.75
PPP1R1A,2.44
PPP1R1B,0.0441
PPP1R1C,0.691
PPP1R2,2.2
PPP1R21,3.01
PPP1R26,0.0
PPP1R27,0.217
PPP1R32,0.262
PPP1R35,0.614
PPP1R36,0.00472
PPP1R37,5.82
PPP1R3A,0.109
PPP1R3B,0.0
PPP1R3C,0.0
PPP1R3D,8.58
PPP1R3E,0.169
PPP1R3F,0.12
PPP1R3G,1.02
PPP1R42,2.14
PPP1R7,2.58
PPP1R8,10.5
PPP1R9A,1.04
PPP1R9B,4.05
PPP2CA,0.727
PPP2CB,9.45
PPP2R1A,1.66
PPP2R1B,0.393
PPP2R2A,2.88
PPP2R2B,0.476
PPP2R2C,1.25
PPP2R2D,0.384
PPP2R3A,0.812
PPP2R3B,0.0
PPP2R3C,5.15
PPP2R5A,0.476
PPP2R5B,0.846
PPP2R5C,0.0
PPP2R5D,0.325
PPP2R5E,1.69
PPP3CA,1.13
PPP3CB,10.2
PPP3CC,0.14
PPP3R1,8.46
PPP3R2,0.952
PPP4C,6.56
PPP4R1,0.00112
PPP4R1L,0.0
PPP4R2,4.08
PPP4R3A,0.478
PPP4R3B,2.46
PPP4R4,0.0102
PPP5C,8.54
PPP5D1,2.67
PPP6C,5.37
PPP6R1,58.5
PPP6R2,0.0
PPP6R3,1.63
PPRC1,6.28
PPT1,1.43
PPT2,1.31
PPT2-EGFL8,4.06
PPTC7,1.16
PPWD1,1.16
PPY,2.17
PQBP1,3.98
PQLC1,0.404
PQLC2,4.18
PQLC2L,0.484
PQLC3,22.1
PRAC1,1.01
PRADC1,0.0
PRAF2,0.396
PRAG1,4.41
PRAM1,0.0
PRAME,0.0
PRAMEF1,1.16
PRAMEF10,0.031
PRAMEF11,0.0889
PRAMEF12,0.77
PRAMEF13,0.458
PRAMEF14,3.78
PRAMEF15,1.68
PRAMEF16,0.854
PRAMEF17,0.194
PRAMEF18,1.44
PRAMEF19,5.32
PRAMEF2,6.22
PRAMEF20,2.29
PRAMEF22,0.0744
PRAMEF26,1.89
PRAMEF3,0.0
PRAMEF4,0.0
PRAMEF5,1.04
PRAMEF6,0.988
PRAMEF7,2.06
PRAMEF8,1.59
PRAP1,0.321
PRB1,0.349
PRB2,2.58
PRB3,0.363
PRB4,0.561
PRC1,4.49
PRCC,1.45
PRCD,0.0318
PRCP,1.16
PRDM1,0.0981
PRDM10,2.9
PRDM11,0.383
PRDM12,0.577
PRDM13,0.0251
PRDM14,1.32
PRDM15,2.73
PRDM16,0.145
PRDM2,2.88
PRDM4,1.32
PRDM5,0.284
PRDM6,0.12
PRDM7,0.135
PRDM8,0.0
PRDM9,0.408
PRDX1,9.89
PRDX2,0.817
PRDX3,0.735
PRDX4,1.71
PRDX5,1.29
PRDX6,0.85
PREB,10.1
PRED58,0.146
PRED60,0.137
PRED62,0.0269
PRELID1,1.52
PRELID2,2.08
PRELID3A,0.272
PRELID3B,1.75
PRELP,3.38
PREP,4.21
PREPL,17.3
PREX1,13.7
PREX2,0.0976
PRF1,0.0039
PRG2,3.02
PRG3,6.71
PRG4,0.0
PRH1,0.191
PRH2,1.03
PRICKLE1,2.02
PRICKLE2,0.0
PRICKLE3,1.36
PRICKLE4,4.96
PRIM1,11.1
PRIM2,2.98
PRIMA1,4.0
PRIMPOL,0.254
PRKAA1,4.08
PRKAA2,0.601
PRKAB1,5.7
PRKAB2,0.268
PRKACA,0.409
PRKACB,2.29
PRKACG,0.00464
PRKAG1,1.36
PRKAG2,1.18
PRKAG3,1.39
PRKAR1A,9.23
PRKAR1B,1.68
PRKAR2A,3.64
PRKAR2B,0.927
PRKCA,0.0768
PRKCB,146.0
PRKCD,308.0
PRKCE,0.0
PRKCG,1.31
PRKCH,1.65
PRKCI,0.273
PRKCQ,1.41
PRKCSH,0.0
PRKCZ,0.421
PRKD1,1.8
PRKD2,187.0
PRKD3,2.41
PRKDC,13.4
PRKG1,1.8
PRKG2,0.00495
PRKN,4.72
PRKRA,8.37
PRKRIP1,5.54
PRKX,2.98
PRL,2.64
PRLH,0.0758
PRLHR,2.0
PRLR,0.143
PRM1,2.12
PRM2,3.24
PRM3,0.0
PRMT1,0.471
PRMT2,1.47
PRMT3,0.0366
PRMT5,2.78
PRMT6,0.971
PRMT7,9.7
PRMT8,0.0
PRMT9,13.9
PRND,0.444
PRNP,1.85
PRNT,1.52
PROB1,0.124
PROC,0.57
PROCA1,8.07
PROCR,0.00134
PRODH,0.0108
PRODH2,0.0748
PROK1,0.0107
PROK2,0.363
PROKR1,0.0
PROKR2,1.33
PROM1,2.6
PROM2,1.0
PROP1,0.0
PRORY,0.228
PROS1,4.0
PROSER1,0.0
PROSER2,0.0
PROSER3,4.12
PROX1,20.5
PROX2,0.956
PROZ,0.0801
PRPF18,0.0
PRPF19,4.02
PRPF3,9.04
PRPF31,12.4
PRPF38A,3.98
PRPF38B,19.3
PRPF39,10.6
PRPF4,0.5
PRPF40A,1.02
PRPF40B,0.116
PRPF4B,0.349
PRPF6,2.25
PRPF8,2.1
PRPH,0.104
PRPH2,11.5
PRPS1,0.714
PRPS1L1,0.0
PRPS2,0.0
PRPSAP1,3.62
PRPSAP2,1.73
PRR11,6.29
PRR12,0.0509
PRR13,2.49
PRR14,3.28
PRR14L,0.344
PRR15,2.44
PRR15L,1.22
PRR16,0.00787
PRR18,0.0
PRR19,0.0
PRR20A,1.33
PRR21,0.904
PRR22,0.113
PRR23A,0.333
PRR23B,0.0
PRR23C,3.01
PRR23D1,4.91
PRR23D2,0.784
PRR25,0.874
PRR26,4.16
PRR27,0.307
PRR29,1.85
PRR3,0.0
PRR30,0.0
PRR31,0.755
PRR32,0.0898
PRR33,2.02
PRR34,0.348
PRR35,0.041
PRR4,3.18
PRR5,0.265
PRR5-ARHGAP8,0.256
PRR5L,1.83
PRR7,6.79
PRR9,1.47
PRRC1,14.1
PRRC2A,18.6
PRRC2B,0.0
PRRC2C,2.57
PRRG1,1.15
PRRG2,4.66
PRRG3,0.0
PRRG4,0.29
PRRT1,10.7
PRRT2,3.01
PRRT3,1.8
PRRT4,0.063
PRRX1,0.198
PRRX2,0.136
PRSS1,0.765
PRSS12,9.69
PRSS16,1.72
PRSS21,4.59
PRSS22,0.0707
PRSS23,6.72
PRSS27,0.643
PRSS3,2.15
PRSS33,3.32
PRSS35,1.49
PRSS36,1.68
PRSS37,1.78
PRSS38,0.305
PRSS42,1.33
PRSS45,5.09
PRSS46,0.00487
PRSS48,1.58
PRSS50,0.807
PRSS53,0.215
PRSS54,6.16
PRSS55,2.66
PRSS56,1.14
PRSS57,0.677
PRSS58,2.71
PRSS8,1.74
PRTFDC1,2.19
PRTG,0.801
PRTN3,2.02
PRUNE1,0.533
PRUNE2,3.02
PRX,1.72
PRY2,0.0
PSAP,4.09
PSAPL1,4.48
PSAT1,0.31
PSCA,0.0195
PSD,0.112
PSD2,2.01
PSD3,0.523
PSD4,1.32
PSEN1,0.0449
PSEN2,6.48
PSENEN,3.07
PSG1,0.0019
PSG11,2.76
PSG2,1.43
PSG3,0.453
PSG4,0.0
PSG5,0.732
PSG6,0.154
PSG7,0.669
PSG8,0.0
PSG9,1.01
PSIP1,17.4
PSKH1,0.0438
PSKH2,1.75
PSMA1,0.857
PSMA2,2.82
PSMA3,2.15
PSMA4,0.249
PSMA5,2.89
PSMA6,5.06
PSMA7,7.69
PSMA8,1.97
PSMB1,3.08
PSMB10,7.9
PSMB11,3.22
PSMB2,9.43
PSMB3,2.71
PSMB4,28.0
PSMB5,1.01
PSMB6,3.53
PSMB7,0.0
PSMB8,0.0
PSMB9,0.0
PSMC1,18.3
PSMC2,5.05
PSMC3,9.23
PSMC3IP,2.26
PSMC4,6.32
PSMC5,3.5
PSMC6,0.0
PSMD1,9.38
PSMD10,0.244
PSMD11,6.31
PSMD12,4.44
PSMD13,23.7
PSMD14,1.11
PSMD2,4.45
PSMD3,23.6
PSMD4,0.222
PSMD5,3.94
PSMD6,2.39
PSMD7,12.2
PSMD8,4.17
PSMD9,0.124
PSME1,2.61
PSME2,0.0
PSME3,1.21
PSME4,6.39
PSMF1,0.0635
PSMG1,0.00689
PSMG2,2.5
PSMG3,13.2
PSMG4,1.26
PSORS1C1,1.61
PSORS1C2,0.0
PSPC1,4.88
PSPH,0.00397
PSPN,2.55
PSRC1,0.00281
PSTK,1.07
PSTPIP1,0.15
PSTPIP2,2.03
PTAFR,0.00869
PTAR1,19.9
PTBP1,1.33
PTBP2,0.181
PTBP3,1.94
PTCD1,0.582
PTCD2,0.796
PTCD3,0.686
PTCH1,5.82
PTCH2,1.09
PTCHD1,0.704
PTCHD3,1.33
PTCHD4,0.0
PTCRA,2.25
PTDSS1,3.0
PTDSS2,1.73
PTEN,7.48
PTER,0.123
PTF1A,2.04
PTGDR,0.918
PTGDR2,0.622
PTGDS,0.0
PTGER1,0.178
PTGER2,0.428
PTGER3,3.39
PTGER4,0.132
PTGES,1.02
PTGES2,0.0
PTGES3,9.94
PTGES3L,0.0
PTGES3L-AARSD1,0.00551
PTGFR,0.765
PTGFRN,1.85
PTGIR,1.27
PTGIS,0.384
PTGR1,0.024
PTGR2,2.52
PTGS1,0.59
PTGS2,0.736
PTH,2.85
PTH1R,0.583
PTH2,4.63
PTH2R,2.2
PTHLH,0.422
PTK2,0.0
PTK2B,3.3
PTK6,1.54
PTK7,0.872
PTMA,1.94
PTMS,1.72
PTN,1.42
PTOV1,0.69
PTP4A1,0.856
PTP4A2,0.696
PTP4A3,0.0
PTPA,2.39
PTPDC1,1.92
PTPMT1,1.54
PTPN1,0.809
PTPN11,0.0277
PTPN12,0.0
PTPN13,2.95
PTPN14,0.00386
PTPN18,0.0342
PTPN2,0.732
PTPN20,2.71
PTPN21,6.07
PTPN22,0.748
PTPN23,4.53
PTPN3,4.19
PTPN4,1.9
PTPN5,0.578
PTPN6,0.963
PTPN7,90.4
PTPN9,11.9
PTPRA,1.9
PTPRB,0.133
PTPRC,1.84
PTPRCAP,1.39
PTPRD,0.0
PTPRE,8.97
PTPRF,0.0395
PTPRG,0.533
PTPRH,0.00543
PTPRJ,1.46
PTPRK,1.68
PTPRM,0.33
PTPRN,0.0
PTPRN2,0.0
PTPRO,0.98
PTPRQ,4.46
PTPRR,0.00114
PTPRS,0.0
PTPRT,0.144
PTPRU,0.0854
PTPRZ1,1.98
PTRH1,1.71
PTRH2,0.989
PTRHD1,0.357
PTS,3.42
PTTG1,5.14
PTTG1IP,2.1
PTTG2,2.22
PTX3,0.0
PTX4,0.233
PUDP,0.554
PUF60,10.6
PUM1,0.0
PUM2,0.174
PUM3,5.1
PURA,8.18
PURB,0.0
PURG,0.0259
PUS1,0.0
PUS10,0.16
PUS3,18.0
PUS7,0.528
PUS7L,0.0179
PUSL1,7.01
PVALB,0.0312
PVR,0.504
PVRIG,0.213
PWP1,1.72
PWP2,0.684
PWWP2A,1.63
PWWP2B,0.0149
PXDC1,0.268
PXDN,0.0422
PXDNL,1.36
PXK,0.0803
PXMP2,0.00459
PXMP4,0.194
PXN,0.0384
PXT1,0.627
PXYLP1,0.114
PYCARD,1.95
PYCARD-AS1,1.76
PYCR1,0.0774
PYCR2,0.283
PYCR3,0.357
PYDC1,1.59
PYDC2,0.0245
PYGB,0.0707
PYGL,2.22
PYGM,0.401
PYGO1,0.199
PYGO2,4.88
PYHIN1,1.57
PYM1,1.1
PYROXD1,7.99
PYROXD2,0.0
PYURF,0.183
PYY,0.286
PZP,1.15
QARS,9.7
QDPR,1.74
QKI,43.7
QPCT,0.785
QPCTL,23.5
QPRT,1.15
QRFP,0.259
QRFPR,0.0
QRICH1,3.42
QRICH2,0.113
QRSL1,1.06
QSER1,0.851
QSOX1,1.75
QSOX2,1.33
QTRT1,5.02
QTRT2,4.19
R3HCC1,6.65
R3HCC1L,0.337
R3HDM1,3.18
R3HDM2,4.71
R3HDM4,0.278
R3HDML,0.949
RAB10,0.0
RAB11A,0.0661
RAB11B,0.0898
RAB11FIP1,1.76
RAB11FIP2,2.9
RAB11FIP3,0.0
RAB11FIP4,0.0
RAB11FIP5,3.15
RAB12,2.7
RAB13,2.87
RAB14,0.0
RAB15,0.546
RAB17,3.34
RAB18,15.9
RAB19,0.177
RAB1A,7.22
RAB1B,3.37
RAB20,3.3
RAB21,3.2
RAB22A,0.211
RAB23,6.51
RAB24,12.2
RAB25,0.596
RAB26,0.268
RAB27A,4.93
RAB27B,0.534
RAB28,0.754
RAB29,0.618
RAB2A,1.35
RAB2B,0.0864
RAB30,0.626
RAB31,0.0
RAB32,7.81
RAB33A,0.241
RAB33B,1.2
RAB34,0.3
RAB35,0.124
RAB36,0.117
RAB37,0.158
RAB38,0.22
RAB39A,2.13
RAB39B,0.548
RAB3A,1.94
RAB3B,0.815
RAB3C,0.695
RAB3D,1.44
RAB3GAP1,0.00294
RAB3GAP2,4.46
RAB3IL1,0.162
RAB3IP,1.16
RAB40A,4.89
RAB40AL,0.362
RAB40B,4.05
RAB40C,3.44
RAB41,0.0848
RAB42,8.39
RAB43,1.23
RAB44,21.5
RAB4A,1.03
RAB4B,2.18
RAB5A,0.192
RAB5B,0.935
RAB5C,0.0
RAB6A,9.86
RAB6B,5.82
RAB6C,15.8
RAB7A,27.6
RAB8A,13.4
RAB8B,3.44
RAB9A,9.66
RAB9B,0.772
RABAC1,5.77
RABEP1,0.687
RABEP2,1.95
RABEPK,0.0809
RABGAP1,1.03
RABGAP1L,9.54
RABGEF1,0.623
RABGGTA,2.62
RABGGTB,0.981
RABIF,6.47
RABL2A,0.467
RABL2B,0.0
RABL3,1.11
RABL6,2.46
RAC1,18.6
RAC2,0.181
RAC3,1.03
RACGAP1,33.2
RACK1,2.27
RAD1,8.37
RAD17,2.9
RAD18,1.81
RAD21,2.67
RAD21L1,0.00726
RAD23A,10.7
RAD23B,1.21
RAD50,1.76
RAD51,3.7
RAD51AP1,0.0
RAD51AP2,0.0
RAD51B,3.21
RAD51C,5.14
RAD51D,4.59
RAD51L3-RFFL,3.65
RAD52,0.0
RAD54B,0.0138
RAD54L,0.413
RAD54L2,8.79
RAD9A,0.433
RAD9B,0.213
RADIL,0.411
RAE1,0.957
RAET1E,0.42
RAET1G,4.04
RAET1L,0.947
RAF1,18.4
RAG1,5.17
RAG2,0.504
RAI1,2.01
RAI14,0.0
RAI2,0.857
RALA,0.0
RALB,7.42
RALBP1,3.21
RALGAPA1,1.79
RALGAPA2,7.69
RALGAPB,7.88
RALGDS,0.273
RALGPS1,4.8
RALGPS2,0.0958
RALY,0.333
RALYL,1.81
RAMP1,0.00936
RAMP2,0.749
RAMP3,12.0
RAN,0.0331
RANBP1,0.0459
RANBP10,7.29
RANBP17,0.0
RANBP2,3.93
RANBP3,0.256
RANBP3L,0.326
RANBP6,4.66
RANBP9,0.327
RANGAP1,0.972
RANGRF,2.54
RAP1A,13.4
RAP1B,1.56
RAP1GAP,0.382
RAP1GAP2,3.76
RAP1GDS1,12.3
RAP2A,0.827
RAP2B,0.0
RAP2C,0.0
RAPGEF1,2.12
RAPGEF2,17.5
RAPGEF3,0.606
RAPGEF4,6.36
RAPGEF5,0.0
RAPGEF6,0.809
RAPGEFL1,0.107
RAPH1,0.0915
RAPSN,0.415
RARA,22.5
RARB,0.0829
RARG,0.254
RARRES1,1.02
RARRES2,2.84
RARRES3,7.76
RARS,5.11
RARS2,1.22
RASA1,6.56
RASA2,77.5
RASA3,3.6
RASA4,9.31
RASA4B,1.1
RASAL1,0.79
RASAL2,0.702
RASAL3,2.89
RASD1,0.417
RASD2,0.148
RASEF,9.55
RASGEF1A,0.465
RASGEF1B,2.35
RASGEF1C,0.397
RASGRF1,0.623
RASGRF2,0.0
RASGRP1,3.2
RASGRP2,0.632
RASGRP3,13.0
RASGRP4,0.0
RASIP1,0.0
RASL10A,1.04
RASL10B,0.0
RASL11A,0.553
RASL11B,0.0
RASL12,0.0
RASSF1,3.49
RASSF2,7.48
RASSF3,1.73
RASSF4,0.0
RASSF5,1.44
RASSF6,0.0183
RASSF7,7.0
RASSF8,1.82
RASSF9,0.0441
RAVER1,0.0698
RAVER2,0.00612
RAX,0.464
RAX2,0.0
RB1,0.98
RB1CC1,1.88
RBAK,0.523
RBAK-RBAKDN,1.56
RBBP4,22.9
RBBP5,2.76
RBBP6,5.54
RBBP7,2.74
RBBP8,20.7
RBBP8NL,1.45
RBBP9,0.785
RBCK1,14.4
RBFA,5.65
RBFOX1,1.41
RBFOX2,1.07
RBFOX3,0.611
RBKS,0.288
RBL1,1.86
RBL2,0.68
RBM10,0.0
RBM11,0.0
RBM12,23.1
RBM12B,1.36
RBM12B-AS1,1.44
RBM14,2.43
RBM14-RBM4,1.49
RBM15,0.0
RBM15B,3.1
RBM17,12.7
RBM18,0.544
RBM19,3.1
RBM20,0.0
RBM22,0.0477
RBM23,1.9
RBM24,0.552
RBM25,1.26
RBM26,7.67
RBM27,1.52
RBM28,2.39
RBM3,1.34
RBM33,4.97
RBM34,0.165
RBM38,0.441
RBM39,6.05
RBM4,0.938
RBM41,1.84
RBM42,6.48
RBM43,0.982
RBM44,0.0
RBM45,0.0555
RBM46,0.556
RBM47,2.82
RBM48,6.91
RBM4B,0.093
RBM5,0.852
RBM6,0.0839
RBM7,4.4
RBM8A,5.07
RBMS1,12.1
RBMS2,0.0
RBMS3,0.0
RBMX,1.04
RBMX2,5.3
RBMXL1,1.3
RBMXL2,0.303
RBMXL3,4.63
RBMY1A1,0.0576
RBMY1B,7.5
RBMY1D,1.33
RBMY1E,0.0
RBMY1F,0.0
RBMY1J,0.2
RBP1,0.175
RBP2,0.0108
RBP3,3.08
RBP4,0.407
RBP5,2.23
RBP7,3.21
RBPJ,0.674
RBPJL,0.0905
RBPMS,0.0104
RBPMS2,0.0604
RBSN,3.39
RBX1,3.07
RC3H1,12.6
RC3H2,2.68
RCAN1,0.0246
RCAN2,1.39
RCAN3,1.24
RCBTB1,0.0
RCBTB2,0.104
RCC1,0.526
RCC1L,1.28
RCC2,10.5
RCCD1,0.687
RCE1,5.6
RCHY1,0.588
RCL1,7.48
RCN1,0.0
RCN2,0.646
RCN3,0.189
RCOR1,24.4
RCOR2,4.28
RCOR3,3.24
RCSD1,0.0
RCVRN,0.0
RD3,3.87
RD3L,0.0
RDH10,0.668
RDH11,0.0
RDH12,0.42
RDH13,1.15
RDH14,0.0924
RDH16,0.00798
RDH5,0.467
RDH8,0.567
RDM1,0.301
RDX,0.741
REC114,0.0
REC8,0.0195
RECK,0.0
RECQL,0.0373
RECQL4,1.89
RECQL5,0.0
REEP1,0.237
REEP2,0.588
REEP3,7.04
REEP4,6.35
REEP5,0.0
REEP6,1.0
REG1A,0.305
REG1B,1.2
REG3A,0.43
REG3G,1.4
REG4,1.47
REL,0.0199
RELA,17.2
RELB,0.608
RELL1,6.58
RELL2,2.57
RELN,0.493
RELT,3.88
REM1,0.0
REM2,0.0566
REN,8.1
RENBP,0.301
REP15,1.54
REPIN1,0.0
REPS1,3.42
REPS2,2.69
RER1,8.23
RERE,0.0
RERG,0.0
RERGL,0.0267
RESP18,0.12
REST,14.0
RET,10.3
RETN,5.58
RETNLB,0.0
RETREG1,2.85
RETREG2,0.139
RETREG3,0.0209
RETSAT,0.0
REV1,0.0
REV3L,3.47
REXO1,12.2
REXO1L10P,6.84
REXO1L11P,13.9
REXO1L1P,29.9
REXO2,10.6
REXO4,1.04
RFC1,3.77
RFC2,0.486
RFC3,6.47
RFC4,4.33
RFC5,1.86
RFESD,2.1
RFFL,1.01
RFK,1.63
RFLNA,0.758
RFLNB,0.0
RFNG,1.48
RFPL1,2.67
RFPL2,5.02
RFPL3,3.82
RFPL3S,1.47
RFPL4A,1.38
RFPL4AL1,1.58
RFPL4B,0.875
RFT1,6.35
RFTN1,0.129
RFTN2,0.817
RFWD2,0.851
RFWD3,1.9
RFX1,0.346
RFX2,0.119
RFX3,1.64
RFX4,1.65
RFX5,0.0799
RFX6,0.00108
RFX7,2.82
RFX8,0.39
RFXANK,0.0655
RFXAP,6.32
RGCC,7.14
RGL1,0.0
RGL2,1.24
RGL3,0.0
RGL4,1.02
RGMA,5.32
RGMB,0.163
RGN,2.57
RGP1,6.24
RGPD1,0.369
RGPD2,0.00403
RGPD3,5.62
RGPD4,0.59
RGPD5,6.94
RGPD6,1.55
RGPD8,5.03
RGR,0.0
RGS1,0.319
RGS10,0.697
RGS11,0.152
RGS12,0.644
RGS13,0.128
RGS14,0.0
RGS16,4.27
RGS17,0.219
RGS18,3.7
RGS19,2.28
RGS2,0.575
RGS20,0.0635
RGS21,0.981
RGS22,1.41
RGS3,0.0108
RGS4,1.73
RGS5,4.19
RGS6,2.13
RGS7,0.0
RGS7BP,0.791
RGS8,0.0192
RGS9,0.159
RGS9BP,1.26
RGSL1,35.9
RHAG,9.91
RHBDD1,2.78
RHBDD2,6.37
RHBDD3,11.3
RHBDF1,11.8
RHBDF2,26.8
RHBDL1,4.74
RHBDL2,7.62
RHBDL3,5.61
RHBG,6.22
RHCE,0.915
RHCG,0.576
RHD,0.634
RHEB,1.2
RHEBL1,0.423
RHNO1,0.679
RHO,2.77
RHOA,3.59
RHOB,0.0631
RHOBTB1,2.96
RHOBTB2,6.67
RHOBTB3,2.87
RHOC,0.169
RHOD,4.7
RHOF,0.704
RHOG,4.9
RHOH,4.1
RHOJ,0.947
RHOQ,0.139
RHOT1,1.43
RHOT2,1.27
RHOU,0.244
RHOV,0.0616
RHOXF1,0.186
RHOXF2,0.778
RHOXF2B,1.57
RHPN1,1.72
RHPN2,1.3
RIBC1,0.0
RIBC2,0.623
RIC1,19.2
RIC3,0.697
RIC8A,24.3
RIC8B,0.0
RICTOR,0.694
RIDA,1.04
RIF1,6.98
RIIAD1,0.13
RILP,1.96
RILPL1,1.57
RILPL2,0.457
RIMBP2,1.74
RIMBP3,1.54
RIMBP3B,4.39
RIMBP3C,2.55
RIMKLA,2.55
RIMKLB,0.237
RIMS1,0.847
RIMS2,1.21
RIMS3,0.0
RIMS4,0.432
RIN1,3.72
RIN2,0.0241
RIN3,0.0
RING1,1.29
RINL,0.0213
RINT1,1.7
RIOK1,4.84
RIOK2,8.08
RIOK3,1.52
RIOX2,0.496
RIPK1,10.3
RIPK2,2.95
RIPK3,0.472
RIPK4,0.183
RIPOR1,7.39
RIPOR2,0.127
RIPOR3,1.01
RIPPLY1,0.537
RIPPLY2,2.07
RIPPLY3,1.63
RIT1,83.5
RIT2,0.669
RITA1,0.0
RLBP1,3.57
RLF,5.26
RLIM,10.5
RLN1,1.33
RLN2,0.745
RLN3,1.59
RMDN1,0.0545
RMDN2,4.64
RMDN3,2.09
RMI1,0.142
RMI2,2.73
RMND1,7.42
RMND5A,0.984
RMND5B,0.494
RNASE1,0.426
RNASE10,1.04
RNASE11,2.29
RNASE12,0.298
RNASE13,0.408
RNASE2,0.39
RNASE3,1.27
RNASE4,4.14
RNASE6,0.00985
RNASE7,1.46
RNASE8,0.507
RNASE9,0.0
RNASEH1,1.45
RNASEH2A,1.61
RNASEH2B,0.0
RNASEH2C,2.72
RNASEK,0.227
RNASEK-C17orf49,0.133
RNASEL,0.56
RNASET2,0.0402
RND1,0.0183
RND2,6.04
RND3,0.291
RNF10,0.106
RNF103,6.47
RNF11,1.08
RNF111,1.94
RNF112,0.0623
RNF113A,2.06
RNF113B,3.65
RNF114,1.13
RNF115,2.95
RNF121,4.41
RNF122,4.79
RNF123,1.79
RNF125,5.74
RNF126,5.09
RNF128,3.43
RNF13,5.64
RNF130,0.234
RNF133,0.624
RNF135,4.03
RNF138,2.7
RNF139,5.16
RNF14,1.2
RNF141,18.5
RNF144A,0.355
RNF144B,0.619
RNF145,8.1
RNF146,1.4
RNF148,0.0205
RNF149,1.78
RNF150,4.5
RNF151,8.79
RNF152,6.58
RNF157,1.17
RNF165,3.4
RNF166,0.349
RNF167,3.75
RNF168,2.82
RNF169,3.96
RNF17,3.04
RNF170,12.5
RNF175,1.96
RNF180,1.87
RNF181,6.95
RNF182,9.45
RNF183,0.0501
RNF185,0.0794
RNF186,1.28
RNF187,4.53
RNF19A,1.11
RNF19B,0.899
RNF2,0.0
RNF20,2.01
RNF207,8.39
RNF208,0.417
RNF212,0.0
RNF212B,1.7
RNF213,0.953
RNF214,0.376
RNF215,0.14
RNF216,0.0
RNF217,1.06
RNF219,14.2
RNF220,0.0
RNF222,3.4
RNF223,0.394
RNF224,4.44
RNF24,3.36
RNF25,7.23
RNF26,1.26
RNF31,8.99
RNF32,0.332
RNF34,0.838
RNF38,3.8
RNF39,0.587
RNF4,0.33
RNF40,2.13
RNF41,1.11
RNF43,0.432
RNF44,1.15
RNF5,2.04
RNF6,1.61
RNF7,16.6
RNF8,2.3
RNFT1,8.72
RNFT2,0.696
RNGTT,2.04
RNH1,7.69
RNLS,0.0
RNMT,1.39
RNPC3,3.91
RNPEP,0.221
RNPEPL1,4.59
RNPS1,3.73
ROBO1,0.063
ROBO2,0.698
ROBO3,2.17
ROBO4,0.0185
ROCK1,5.02
ROCK2,2.46
ROGDI,2.48
ROM1,3.18
ROMO1,9.78
ROPN1,0.0
ROPN1B,2.7
ROPN1L,0.107
ROR1,0.493
ROR2,0.268
RORA,0.505
RORB,0.63
RORC,0.291
ROS1,0.0
RP1,0.329
RP1-102H19.8,0.0
RP1-127H14.3,0.0
RP1-130H16.18,0.0888
RP1-139D8.6,3.48
RP1-170O19.20,0.502
RP1-228P16.5,0.0237
RP1-241P17.4,2.31
RP1-27O5.3,0.666
RP1-309K20.6,1.48
RP1-317E23.6,3.78
RP1-32I10.10,0.0
RP1-4G17.5,0.0
RP1-66C13.4,0.0
RP11-1012A1.4,0.148
RP11-101E3.5,1.28
RP11-1021N1.1,0.0
RP11-1026M7.2,0.492
RP11-1035H13.3,0.092
RP11-1055B8.6,3.13
RP11-1055B8.7,8.25
RP11-105C20.2,4.03
RP11-1070N10.3,0.0742
RP11-1084J3.4,0.781
RP11-1085N6.3,0.165
RP11-108K14.8,5.64
RP11-10A14.4,3.88
RP11-10J21.3,12.7
RP11-1102P16.1,8.03
RP11-1105G2.3,0.159
RP11-111M22.2,0.091
RP11-113D6.10,7.97
RP11-113D6.6,1.72
RP11-114H20.1,0.211
RP11-1167A19.2,0.0854
RP11-116D17.1,7.76
RP11-1220K2.2,1.63
RP11-123K3.4,0.608
RP11-125O5.2,1.45
RP11-126K1.2,1.38
RP11-127H5.1,1.62
RP11-12J10.3,6.73
RP11-131H24.4,0.299
RP11-133K1.2,11.5
RP11-1396O13.13,0.178
RP11-139J15.7,0.203
RP11-1407O15.2,7.87
RP11-144F15.1,0.00596
RP11-145E5.5,2.96
RP11-146D12.2,0.333
RP11-147C23.1,0.0125
RP11-152F13.10,0.205
RP11-155D18.14,0.00439
RP11-156E8.1,0.0
RP11-159D12.5,0.0388
RP11-159G9.5,1.69
RP11-15E18.4,0.0183
RP11-160N1.10,1.44
RP11-162A12.2,1.49
RP11-162P23.2,0.0
RP11-166B2.1,0.352
RP11-166N6.3,0.121
RP11-167N24.6,0.15
RP11-169F17.1,0.0
RP11-171N4.2,3.24
RP11-176H8.1,1.38
RP11-178C3.1,2.52
RP11-178L8.4,0.786
RP11-17M16.1,2.19
RP11-180C1.1,0.486
RP11-181C3.1,5.41
RP11-187E13.1,1.38
RP11-187E13.2,0.296
RP11-190A12.7,0.0
RP11-192H23.4,2.58
RP11-195B21.3,2.53
RP11-195F19.5,0.0
RP11-196G11.1,2.58
RP11-1C1.5,2.95
RP11-201K10.3,0.963
RP11-204N11.1,1.63
RP11-20I23.1,0.423
RP11-210M15.2,7.67
RP11-211G3.3,0.667
RP11-212D19.4,10.3
RP11-215A19.2,3.67
RP11-216L13.17,0.715
RP11-219B4.5,0.227
RP11-219B4.6,0.0401
RP11-234B24.6,14.6
RP11-242G20.1,3.09
RP11-244H3.4,0.715
RP11-247C2.2,0.968
RP11-248J23.6,6.63
RP11-248J23.7,0.00088
RP11-257K9.8,0.0502
RP11-268J15.5,1.04
RP11-272B17.2,0.55
RP11-276H1.3,0.196
RP11-279O9.4,0.0
RP11-286N22.8,0.952
RP11-287D1.3,14.3
RP11-293I14.2,0.0
RP11-293M10.1,0.192
RP11-295D22.1,0.927
RP11-295K3.1,1.63
RP11-295P9.3,1.98
RP11-296A16.1,0.0
RP11-297M9.1,0.0
RP11-297N6.4,0.0
RP11-298I3.5,0.57
RP11-302B13.5,0.224
RP11-302M6.4,10.4
RP11-307N16.6,0.0
RP11-315D16.2,4.11
RP11-315O6.2,0.217
RP11-318A15.7,0.06
RP11-321F6.1,9.67
RP11-321M21.3,0.0
RP11-321N4.5,22.6
RP11-322E11.6,1.78
RP11-322L20.1,7.51
RP11-324D17.1,0.0
RP11-342M21.2,0.0755
RP11-343C2.11,5.29
RP11-343C2.12,5.07
RP11-343C2.7,0.0
RP11-343C2.9,4.26
RP11-345J4.3,2.03
RP11-345J4.5,3.11
RP11-347C12.1,0.944
RP11-351M8.1,0.0
RP11-352D3.2,0.0
RP11-362K2.2,0.2
RP11-363G10.2,0.128
RP11-366L20.2,0.0
RP11-368I7.4,0.0
RP11-371E8.4,0.46
RP11-379H8.1,1.21
RP11-382J12.1,1.06
RP11-383H13.1,0.0618
RP11-385D13.1,1.17
RP11-386G21.1,1.28
RP11-386G21.2,0.342
RP11-399J13.3,0.373
RP11-3B7.1,1.2
RP11-403P17.5,0.0
RP11-404L6.2,2.51
RP11-404P21.8,3.49
RP11-407N17.3,4.6
RP11-408E5.4,2.1
RP11-410N8.4,0.0
RP11-41O4.1,0.198
RP11-422N16.3,0.21
RP11-426L16.10,2.27
RP11-429E11.3,1.11
RP11-432B6.3,0.0366
RP11-433C9.2,0.083
RP11-434D12.1,4.99
RP11-438J1.1,2.63
RP11-444E17.6,1.32
RP11-446E24.4,11.2
RP11-447L10.1,0.0
RP11-451M19.3,0.332
RP11-455G16.1,7.09
RP11-458D21.5,5.28
RP11-45H22.3,0.472
RP11-45M22.4,78.2
RP11-463C8.4,3.85
RP11-463D19.2,6.61
RP11-463J10.2,0.569
RP11-467N20.5,7.4
RP11-468E2.2,0.795
RP11-468E2.4,4.48
RP11-468E2.6,4.03
RP11-474G23.1,0.093
RP11-477N12.3,0.142
RP11-47I22.3,0.0405
RP11-47I22.4,2.52
RP11-480I12.4,0.0795
RP11-481A20.11,9.27
RP11-484M3.5,0.0
RP11-487E13.1,0.978
RP11-497E19.2,1.56
RP11-500M8.7,0.0951
RP11-503N18.3,1.46
RP11-505K9.4,0.691
RP11-507M3.1,0.0
RP11-508N12.4,1.14
RP11-512M8.5,26.3
RP11-514O12.4,0.348
RP11-514P8.7,3.22
RP11-51F16.8,1.1
RP11-51L5.7,0.0162
RP11-520P18.5,0.536
RP11-521M14.2,3.49
RP11-527L4.2,2.46
RP11-529K1.3,0.0247
RP11-536G4.1,0.862
RP11-542C16.2,0.0
RP11-542P2.1,4.57
RP11-544M22.13,0.152
RP11-552F3.12,3.7
RP11-552I14.1,0.0
RP11-553A10.1,4.95
RP11-565P22.6,0.0
RP11-571M6.15,1.72
RP11-574K11.31,2.59
RP11-585F1.10,0.116
RP11-58C22.1,4.7
RP11-595B24.2,1.32
RP11-597K23.2,3.82
RP11-598P20.5,1.98
RP11-599B13.6,0.723
RP11-5A19.5,0.0
RP11-603J24.9,5.45
RP11-613M10.8,0.0163
RP11-613M10.9,0.267
RP11-618P17.4,6.9
RP11-625H11.1,5.11
RP11-62N21.1,20.3
RP11-637O19.3,0.532
RP11-644F5.10,3.61
RP11-650K20.3,0.621
RP11-65D24.2,0.136
RP11-661C8.3,0.0
RP11-664D7.4,0.085
RP11-664I21.6,0.00386
RP11-676J12.7,2.65
RP11-67H2.1,1.29
RP11-680G10.1,0.0676
RP11-683L23.1,10.6
RP11-690P14.4,0.137
RP11-697E2.6,0.179
RP11-6L6.2,0.0579
RP11-701P16.2,0.0
RP11-706O15.1,0.0372
RP11-712L6.5,1.74
RP11-723G8.2,0.00636
RP11-723O4.6,1.03
RP11-724O16.1,0.346
RP11-729L2.2,0.563
RP11-738G5.2,3.28
RP11-73M18.2,23.7
RP11-758M4.1,0.0
RP11-761B3.1,1.01
RP11-762I7.5,0.161
RP11-763F8.1,0.305
RP11-766F14.2,0.0
RP11-770J1.4,0.685
RP11-770J1.5,0.32
RP11-77K12.1,1.85
RP11-77K12.7,0.37
RP11-793H13.10,0.853
RP11-794P6.2,0.0427
RP11-795F19.5,2.84
RP11-796G6.2,0.0257
RP11-80A15.1,0.0517
RP11-812E19.9,0.044
RP11-817J15.3,0.0413
RP11-81K2.1,4.34
RP11-826N14.2,0.0
RP11-830F9.6,2.02
RP11-831H9.11,3.65
RP11-834C11.12,3.95
RP11-849F2.7,0.00526
RP11-849H4.2,0.375
RP11-861L17.3,0.0126
RP11-863K10.7,0.0
RP11-867G23.8,0.00679
RP11-872D17.8,3.13
RP11-87C12.2,0.0
RP11-886H22.1,6.12
RP11-894J14.5,1.32
RP11-89K11.1,8.82
RP11-89N17.1,2.38
RP11-934B9.3,0.315
RP11-93B14.6,0.0
RP11-944C7.1,3.5
RP11-944L7.5,0.141
RP11-94B19.4,8.11
RP11-96O20.4,0.0
RP11-977G19.10,0.142
RP11-986E7.7,0.0
RP11-998D10.1,2.04
RP11-9B6.1,1.77
RP13-279N23.2,0.846
RP13-512J5.1,3.34
RP13-672B3.2,0.0
RP1L1,2.52
RP2,0.421
RP3-422G23.4,2.26
RP4-539M6.19,0.332
RP4-559A3.7,14.1
RP4-576H24.4,0.0
RP4-583P15.14,0.0912
RP4-583P15.15,0.0
RP4-734P14.4,0.0136
RP4-758J18.2,0.0
RP5-1021I20.4,0.746
RP5-1052I5.2,4.6
RP5-850E9.3,1.17
RP5-966M1.6,0.0
RP6-24A23.6,0.746
RP9,0.0
RPA1,0.973
RPA2,6.89
RPA3,10.2
RPA4,0.0
RPAIN,0.395
RPAP1,5.63
RPAP2,8.92
RPAP3,11.0
RPE,0.455
RPE65,4.89
RPEL1,2.1
RPF1,1.24
RPF2,8.25
RPGR,0.055
RPGRIP1,0.032
RPGRIP1L,0.0
RPH3A,5.29
RPH3AL,0.308
RPIA,0.0
RPL10,4.55
RPL10A,12.9
RPL10L,2.3
RPL11,17.9
RPL12,0.903
RPL13,1.08
RPL13A,0.354
RPL14,0.238
RPL15,4.7
RPL17,2.83
RPL17-C18orf32,0.0
RPL18,1.68
RPL18A,8.22
RPL19,0.983
RPL21,17.6
RPL22,2.51
RPL22L1,6.59
RPL23,0.0
RPL23A,9.18
RPL24,30.9
RPL26,0.0
RPL26L1,1.8
RPL27,10.0
RPL27A,6.08
RPL28,9.4
RPL29,0.0
RPL3,0.0675
RPL30,1.51
RPL31,7.38
RPL32,2.07
RPL34,5.34
RPL35,1.44
RPL35A,0.304
RPL36,4.63
RPL36A,1.17
RPL36A-HNRNPH2,4.33
RPL36AL,5.78
RPL37,1.11
RPL37A,1.75
RPL38,1.9
RPL39,1.1
RPL39L,0.0
RPL3L,0.0
RPL4,0.108
RPL5,2.75
RPL6,7.69
RPL7,3.33
RPL7A,4.42
RPL7L1,8.27
RPL8,0.065
RPL9,0.532
RPLP0,4.41
RPLP1,0.773
RPLP2,1.58
RPN1,4.8
RPN2,7.05
RPP14,0.292
RPP21,1.57
RPP25,0.235
RPP25L,6.89
RPP30,0.018
RPP38,2.81
RPP40,1.66
RPRD1A,1.26
RPRD1B,18.0
RPRD2,36.6
RPRM,0.0
RPRML,0.0
RPS10,16.7
RPS10-NUDT3,0.0
RPS11,0.695
RPS12,0.164
RPS13,3.48
RPS14,3.7
RPS15,0.931
RPS15A,0.412
RPS16,1.09
RPS17,0.733
RPS18,3.47
RPS19,1.66
RPS19BP1,3.84
RPS2,0.258
RPS20,2.19
RPS21,3.94
RPS23,0.51
RPS24,1.0
RPS25,4.4
RPS26,6.15
RPS27,9.32
RPS27A,4.33
RPS27L,0.25
RPS28,1.25
RPS29,4.08
RPS3,2.11
RPS3A,0.34
RPS4X,0.194
RPS4Y1,0.0033
RPS4Y2,5.99
RPS5,0.437
RPS6,0.0
RPS6KA1,36.0
RPS6KA2,0.0
RPS6KA3,45.6
RPS6KA4,4.53
RPS6KA5,16.8
RPS6KA6,0.0158
RPS6KB1,3.68
RPS6KB2,0.37
RPS6KC1,0.512
RPS6KL1,1.25
RPS7,1.43
RPS8,3.51
RPS9,1.43
RPSA,2.45
RPSAP58,3.64
RPTN,3.8
RPTOR,2.96
RPUSD1,2.74
RPUSD2,0.05
RPUSD3,8.61
RPUSD4,4.66
RRAD,0.114
RRAGA,48.2
RRAGB,2.08
RRAGC,25.5
RRAGD,0.0
RRAS,0.439
RRAS2,2.4
RRBP1,0.0
RREB1,29.9
RRH,0.274
RRM1,11.1
RRM2,2.02
RRM2B,0.299
RRN3,3.4
RRNAD1,0.0279
RRP1,0.0
RRP12,3.68
RRP15,0.947
RRP1B,5.43
RRP36,2.78
RRP7A,1.22
RRP8,13.6
RRP9,0.0
RRS1,3.68
RS1,0.55
RSAD1,0.191
RSAD2,0.593
RSBN1,0.698
RSBN1L,10.9
RSC1A1,4.09
RSF1,3.09
RSG1,2.71
RSL1D1,2.02
RSL24D1,0.498
RSPH1,1.5
RSPH10B,2.58
RSPH10B2,0.891
RSPH14,4.46
RSPH3,0.119
RSPH4A,0.0541
RSPH6A,0.436
RSPH9,2.39
RSPO1,1.16
RSPO2,0.0
RSPO3,0.342
RSPO4,11.4
RSPRY1,3.32
RSRC1,0.0
RSRC2,8.86
RSRP1,0.62
RSU1,28.9
RTBDN,5.45
RTCA,0.0
RTCB,0.0311
RTEL1,17.7
RTF1,0.262
RTFDC1,5.94
RTKN,0.114
RTKN2,0.108
RTL1,3.65
RTL10,0.0
RTL3,0.128
RTL4,0.00519
RTL5,1.4
RTL6,0.605
RTL8A,0.0
RTL8B,0.0
RTL8C,0.0
RTL9,0.0147
RTN1,0.0265
RTN2,1.21
RTN3,6.9
RTN4,1.64
RTN4IP1,3.33
RTN4R,0.125
RTN4RL1,0.275
RTN4RL2,0.157
RTP1,1.32
RTP2,0.205
RTP3,1.25
RTP4,1.48
RTP5,0.0222
RTTN,1.29
RUBCN,0.45
RUBCNL,0.0
RUFY1,1.58
RUFY2,2.33
RUFY3,0.29
RUFY4,0.204
RUNDC1,0.0
RUNDC3A,0.792
RUNDC3B,1.25
RUNX1,0.71
RUNX1T1,0.347
RUNX2,0.0051
RUNX3,1.62
RUSC1,1.03
RUSC2,1.22
RUVBL1,1.43
RUVBL2,3.17
RWDD1,3.92
RWDD2A,2.61
RWDD2B,2.48
RWDD3,4.2
RWDD4,1.54
RXFP1,1.17
RXFP2,1.84
RXFP3,0.618
RXFP4,0.0176
RXRA,0.816
RXRB,0.0
RXRG,0.00239
RYBP,0.0
RYK,1.56
RYR1,0.742
RYR2,0.0161
RYR3,0.0
S100A1,1.05
S100A10,12.9
S100A11,0.826
S100A12,2.92
S100A13,1.2
S100A14,0.0668
S100A16,1.01
S100A2,0.157
S100A3,4.03
S100A4,0.0
S100A5,3.82
S100A6,14.7
S100A7,0.283
S100A7A,0.0
S100A7L2,0.869
S100A8,3.62
S100A9,0.0
S100B,0.36
S100G,0.0
S100P,0.144
S100PBP,0.0181
S100Z,0.65
S1PR1,1.28
S1PR2,1.33
S1PR3,2.13
S1PR4,0.218
S1PR5,1.56
SAA1,0.757
SAA2,0.0149
SAA4,0.814
SAAL1,2.74
SAC3D1,0.0379
SACM1L,4.09
SACS,0.257
SAE1,3.62
SAFB,0.817
SAFB2,1.73
SAG,0.535
SAGE1,0.492
SALL1,0.243
SALL2,0.503
SALL3,1.85
SALL4,0.0309
SAMD1,18.9
SAMD10,0.304
SAMD11,0.0
SAMD12,5.08
SAMD13,0.175
SAMD14,0.0
SAMD15,1.81
SAMD3,3.12
SAMD4A,5.11
SAMD4B,5.95
SAMD5,6.69
SAMD7,1.31
SAMD8,5.49
SAMD9,0.0
SAMD9L,4.31
SAMHD1,0.33
SAMM50,2.72
SAMSN1,1.52
SAP130,1.07
SAP18,20.5
SAP25,1.42
SAP30,12.3
SAP30BP,0.297
SAP30L,0.441
SAPCD1,2.85
SAPCD2,1.09
SAR1A,11.0
SAR1B,2.92
SARAF,0.0
SARDH,0.231
SARM1,0.287
SARNP,1.08
SARS,9.77
SARS2,0.548
SART1,4.6
SART3,7.1
SASH1,0.021
SASH3,16.8
SASS6,14.3
SAT1,0.2
SAT2,0.0222
SATB1,16.6
SATB2,0.0399
SATL1,0.0
SAV1,3.12
SAXO1,1.63
SAXO2,0.811
SAYSD1,0.14
SBDS,5.62
SBF1,3.01
SBF2,2.82
SBK1,1.15
SBK2,0.187
SBK3,0.83
SBNO1,2.14
SBNO2,0.00164
SBP1,0.128
SBSN,3.18
SBSPON,0.87
SC5D,2.04
SCAF1,0.413
SCAF11,2.44
SCAF4,16.9
SCAF8,14.6
SCAI,0.037
SCAMP1,0.0
SCAMP2,4.16
SCAMP3,4.58
SCAMP4,9.19
SCAMP5,6.47
SCAND1,5.56
SCAP,0.0
SCAPER,5.43
SCARA3,0.386
SCARA5,0.242
SCARB1,4.81
SCARB2,0.413
SCARF1,0.316
SCARF2,8.58
SCCPDH,0.137
SCD,25.7
SCD5,1.5
SCEL,0.0262
SCFD1,2.69
SCFD2,3.4
SCG2,0.114
SCG3,2.31
SCG5,0.941
SCGB1A1,0.0
SCGB1C1,0.415
SCGB1D1,0.0447
SCGB1D2,0.0789
SCGB1D4,1.19
SCGB2A1,0.0
SCGB2A2,0.00923
SCGB2B2,0.0
SCGB3A1,0.569
SCGB3A2,5.57
SCGN,0.0
SCHIP1,0.601
SCIMP,0.898
SCIN,1.27
SCLT1,0.622
SCLY,0.853
SCMH1,1.44
SCML1,0.0
SCML2,0.92
SCML4,0.0
SCN10A,3.69
SCN11A,0.0
SCN1A,0.0
SCN1B,0.827
SCN2A,1.52
SCN2B,1.83
SCN3A,3.66
SCN3B,0.644
SCN4A,0.633
SCN4B,0.331
SCN5A,3.52
SCN7A,0.105
SCN8A,3.59
SCN9A,0.784
SCNM1,14.8
SCNN1A,0.951
SCNN1B,0.0
SCNN1D,2.45
SCNN1G,0.00858
SCO1,27.7
SCO2,4.03
SCOC,0.67
SCP2,0.273
SCP2D1,0.674
SCPEP1,0.0
SCRG1,0.187
SCRIB,12.5
SCRN1,3.23
SCRN2,8.84
SCRN3,0.821
SCRT1,0.176
SCRT2,0.0
SCT,1.14
SCTR,0.0
SCUBE1,0.0
SCUBE2,0.243
SCUBE3,3.56
SCX,0.345
SCYL1,23.3
SCYL2,13.6
SCYL3,1.48
SDAD1,1.5
SDC1,0.418
SDC2,0.205
SDC3,12.5
SDC4,0.532
SDCBP,0.757
SDCBP2,1.93
SDCCAG3,1.23
SDCCAG8,2.27
SDE2,6.07
SDF2,0.398
SDF2L1,0.48
SDF4,1.08
SDHA,11.7
SDHAF1,0.179
SDHAF2,10.5
SDHAF3,2.01
SDHAF4,3.79
SDHB,1.32
SDHC,40.7
SDHD,0.019
SDIM1,3.35
SDK1,0.0402
SDK2,1.55
SDR16C5,0.0
SDR39U1,0.692
SDR42E1,0.509
SDR42E2,0.233
SDR9C7,4.14
SDS,0.551
SDSL,3.59
SEC11A,0.212
SEC11C,0.797
SEC13,1.13
SEC14L1,1.16
SEC14L2,0.0165
SEC14L3,0.961
SEC14L4,0.0175
SEC14L5,0.0
SEC14L6,0.463
SEC16A,0.991
SEC16B,1.84
SEC22A,1.55
SEC22C,6.78
SEC23A,1.56
SEC23B,0.00931
SEC23IP,10.7
SEC24A,3.2
SEC24B,3.11
SEC24C,0.342
SEC24D,4.38
SEC31A,2.6
SEC31B,2.63
SEC61A1,1.31
SEC61A2,0.0
SEC61B,12.5
SEC61G,4.48
SEC62,3.69
SEC63,4.51
SECISBP2,0.54
SECISBP2L,0.876
SECTM1,1.83
SEH1L,2.38
SEL1L,0.0766
SEL1L2,1.4
SEL1L3,3.63
SELE,6.23
SELENBP1,0.0
SELENOF,3.86
SELENOH,0.514
SELENOI,0.0768
SELENOK,0.297
SELENOM,2.55
SELENON,0.511
SELENOO,0.0455
SELENOP,0.432
SELENOS,4.06
SELENOT,0.787
SELENOV,6.82
SELENOW,0.102
SELL,0.0
SELP,0.278
SELPLG,8.87
SEM1,5.6
SEMA3A,1.06
SEMA3C,1.22
SEMA3D,0.0
SEMA3E,0.0161
SEMA3F,2.86
SEMA3G,10.3
SEMA4A,0.269
SEMA4B,0.413
SEMA4C,4.66
SEMA4D,0.886
SEMA4F,0.197
SEMA4G,4.99
SEMA5A,0.0
SEMA5B,0.289
SEMA6A,0.273
SEMA6B,7.42
SEMA6C,7.48
SEMA6D,1.57
SEMA7A,2.34
SEMG1,0.0
SEMG2,0.000329
SENP1,0.107
SENP2,3.14
SENP3,4.33
SENP5,0.462
SENP6,1.04
SENP7,5.97
SENP8,47.8
SEPHS1,0.537
SEPHS2,0.0
SEPSECS,0.0203
SEPT1,6.72
SEPT10,0.0
SEPT11,3.17
SEPT12,0.286
SEPT14,0.104
SEPT2,2.43
SEPT3,0.0
SEPT4,0.0
SEPT5,0.081
SEPT6,0.0157
SEPT7,32.3
SEPT8,4.24
SEPT9,0.0
SERAC1,3.07
SERBP1,11.0
SERF1A,2.01
SERF2,2.72
SERGEF,3.04
SERHL2,2.98
SERINC1,0.94
SERINC2,0.65
SERINC3,0.149
SERINC4,1.08
SERINC5,2.25
SERP1,3.43
SERP2,3.6
SERPINA1,1.01
SERPINA10,0.371
SERPINA11,0.0499
SERPINA12,0.126
SERPINA3,2.24
SERPINA4,2.23
SERPINA5,0.0
SERPINA6,0.139
SERPINA7,0.11
SERPINA9,2.59
SERPINB1,2.86
SERPINB10,0.379
SERPINB11,0.554
SERPINB12,0.399
SERPINB13,0.385
SERPINB2,0.0
SERPINB3,0.0
SERPINB4,1.0
SERPINB5,0.482
SERPINB6,4.94
SERPINB7,0.343
SERPINB8,0.675
SERPINB9,1.77
SERPINC1,0.0
SERPIND1,0.00383
SERPINE1,2.16
SERPINE2,1.82
SERPINE3,1.02
SERPINF1,0.0
SERPINF2,0.0574
SERPING1,0.0
SERPINH1,0.413
SERPINI1,1.86
SERPINI2,0.0103
SERTAD1,0.979
SERTAD2,7.78
SERTAD3,0.0
SERTAD4,0.397
SERTM1,0.0
SESN1,0.689
SESN2,11.1
SESN3,2.52
SESTD1,0.33
SET,4.22
SETBP1,1.3
SETD1A,27.1
SETD1B,11.0
SETD2,0.0825
SETD3,9.29
SETD4,2.67
SETD5,4.07
SETD6,0.0
SETD7,1.28
SETD9,0.104
SETDB1,0.727
SETDB2,4.01
SETMAR,0.0775
SETX,0.797
SEZ6,5.9
SEZ6L,3.29
SEZ6L2,5.7
SF1,0.205
SF3A1,1.84
SF3A2,2.17
SF3A3,15.9
SF3B1,12.8
SF3B2,5.76
SF3B3,2.07
SF3B4,2.26
SF3B5,6.23
SF3B6,1.17
SFI1,2.38
SFMBT1,0.0882
SFMBT2,0.224
SFN,0.0
SFPQ,24.1
SFR1,0.0
SFRP1,0.759
SFRP2,0.0
SFRP4,0.0218
SFRP5,0.222
SFSWAP,1.88
SFT2D1,0.0
SFT2D2,0.295
SFT2D3,2.53
SFTA2,7.58
SFTA3,0.197
SFTPA1,1.93
SFTPA2,4.73
SFTPB,1.98
SFTPC,0.000176
SFTPD,1.62
SFXN1,2.07
SFXN2,1.5
SFXN3,2.42
SFXN4,6.38
SFXN5,13.0
SGCA,0.0493
SGCB,0.0505
SGCD,0.112
SGCE,0.0135
SGCG,4.06
SGCZ,0.798
SGF29,4.4
SGIP1,2.24
SGK1,5.69
SGK2,1.64
SGK3,0.247
SGK494,0.345
SGMS1,13.3
SGMS2,0.0
SGO1,5.16
SGO2,3.2
SGPL1,0.81
SGPP1,0.782
SGPP2,0.0447
SGSH,0.896
SGSM1,0.028
SGSM2,0.671
SGSM3,1.41
SGTA,2.24
SGTB,1.15
SH2B1,1.94
SH2B2,5.36
SH2B3,16.5
SH2D1A,0.35
SH2D1B,0.0
SH2D2A,0.0
SH2D3A,0.781
SH2D3C,0.371
SH2D4A,0.86
SH2D4B,0.00666
SH2D5,4.73
SH2D6,1.13
SH2D7,0.0
SH3BGR,0.213
SH3BGRL,0.0879
SH3BGRL2,0.0
SH3BGRL3,0.286
SH3BP1,0.0
SH3BP2,0.0
SH3BP4,0.523
SH3BP5,0.124
SH3BP5L,0.0431
SH3D19,0.911
SH3D21,0.576
SH3GL1,30.3
SH3GL2,0.488
SH3GL3,0.0399
SH3GLB1,1.45
SH3GLB2,2.72
SH3KBP1,0.96
SH3PXD2A,2.06
SH3PXD2B,3.76
SH3RF1,2.19
SH3RF2,0.208
SH3RF3,0.269
SH3TC1,1.77
SH3TC2,2.99
SH3YL1,0.0
SHANK1,0.0729
SHANK2,0.887
SHANK3,3.84
SHARPIN,2.12
SHB,1.29
SHBG,0.0
SHC1,9.69
SHC2,0.219
SHC3,1.66
SHC4,0.173
SHCBP1,0.135
SHCBP1L,0.0
SHD,1.75
SHE,0.0812
SHF,0.0517
SHH,0.121
SHISA2,14.7
SHISA3,1.92
SHISA4,7.03
SHISA5,0.0
SHISA6,1.7
SHISA7,0.0553
SHISA8,1.18
SHISA9,2.01
SHKBP1,2.68
SHMT1,0.0
SHMT2,1.94
SHOC2,128.0
SHOX,4.86
SHOX2,0.347
SHPK,0.0121
SHPRH,0.0203
SHQ1,3.89
SHROOM1,1.05
SHROOM2,0.0741
SHROOM3,0.0
SHROOM4,0.00447
SHTN1,0.368
SI,0.606
SIAE,1.72
SIAH1,0.488
SIAH2,8.72
SIAH3,0.00561
SIDT1,0.0
SIDT2,0.195
SIGIRR,0.028
SIGLEC1,3.38
SIGLEC10,6.72
SIGLEC11,0.44
SIGLEC12,4.18
SIGLEC14,0.0
SIGLEC15,0.603
SIGLEC5,2.77
SIGLEC6,1.09
SIGLEC7,0.741
SIGLEC8,4.98
SIGLEC9,0.0986
SIGLECL1,9.5
SIGMAR1,1.11
SIK1,0.85
SIK2,3.26
SIK3,0.794
SIKE1,4.82
SIL1,0.936
SIM1,2.08
SIM2,12.7
SIMC1,0.378
SIN3A,5.4
SIN3B,1.27
SIPA1,13.5
SIPA1L1,4.93
SIPA1L2,0.0
SIPA1L3,1.12
SIRPA,0.531
SIRPB1,0.986
SIRPB2,0.905
SIRPD,3.28
SIRPG,2.74
SIRT1,0.302
SIRT2,0.844
SIRT3,0.00262
SIRT4,19.3
SIRT5,1.37
SIRT6,20.4
SIRT7,0.215
SIT1,6.34
SIVA1,6.72
SIX1,0.297
SIX2,0.305
SIX3,0.0
SIX4,0.0
SIX5,0.5
SIX6,0.0
SKA1,0.761
SKA2,0.0
SKA3,6.27
SKAP1,1.54
SKAP2,0.641
SKI,0.0751
SKIDA1,0.00364
SKIL,1.57
SKIV2L,2.64
SKIV2L2,10.0
SKOR1,0.0
SKOR2,0.0
SKP1,1.64
SKP2,18.2
SLA,4.1
SLA2,0.0
SLAIN1,0.945
SLAIN2,2.25
SLAMF1,10.7
SLAMF6,8.52
SLAMF7,0.518
SLAMF8,0.0
SLAMF9,3.28
SLBP,4.23
SLC10A1,2.81
SLC10A2,2.3
SLC10A3,15.1
SLC10A4,5.54
SLC10A5,4.17
SLC10A6,0.263
SLC10A7,5.38
SLC11A1,0.705
SLC11A2,2.49
SLC12A1,1.05
SLC12A2,3.33
SLC12A3,0.0
SLC12A4,0.708
SLC12A5,0.476
SLC12A6,1.32
SLC12A7,0.0748
SLC12A8,3.99
SLC12A9,3.19
SLC13A1,0.19
SLC13A2,4.05
SLC13A3,0.93
SLC13A4,0.299
SLC13A5,2.71
SLC14A1,0.0
SLC14A2,1.56
SLC15A1,0.0
SLC15A2,4.15
SLC15A3,0.565
SLC15A4,12.5
SLC15A5,2.6
SLC16A1,0.388
SLC16A10,5.89
SLC16A11,0.737
SLC16A12,7.82
SLC16A13,3.59
SLC16A14,5.68
SLC16A2,0.0144
SLC16A3,4.05
SLC16A4,5.5
SLC16A5,1.09
SLC16A6,0.824
SLC16A7,0.864
SLC16A8,0.0451
SLC16A9,4.95
SLC17A1,4.66
SLC17A2,0.0
SLC17A3,4.54
SLC17A4,1.36
SLC17A5,0.0
SLC17A6,1.17
SLC17A7,0.435
SLC17A8,3.03
SLC17A9,0.322
SLC18A1,3.07
SLC18A2,0.709
SLC18A3,0.068
SLC18B1,1.72
SLC19A1,0.982
SLC19A2,1.5
SLC19A3,0.275
SLC1A1,0.215
SLC1A2,0.0
SLC1A3,0.055
SLC1A4,2.88
SLC1A5,0.0
SLC1A6,0.552
SLC1A7,0.0108
SLC20A1,1.75
SLC20A2,9.87
SLC22A1,5.85
SLC22A10,3.27
SLC22A11,0.153
SLC22A12,0.615
SLC22A13,0.137
SLC22A14,0.136
SLC22A15,2.21
SLC22A16,3.34
SLC22A17,1.24
SLC22A18,7.4
SLC22A18AS,0.96
SLC22A2,0.686
SLC22A23,1.81
SLC22A24,0.234
SLC22A25,0.0
SLC22A3,0.0441
SLC22A31,6.39
SLC22A4,4.27
SLC22A5,0.0
SLC22A6,0.159
SLC22A7,5.15
SLC22A8,7.33
SLC22A9,1.67
SLC23A1,0.00219
SLC23A2,4.17
SLC23A3,1.52
SLC24A1,5.14
SLC24A2,1.54
SLC24A3,3.21
SLC24A4,0.595
SLC24A5,2.29
SLC25A1,2.29
SLC25A10,1.65
SLC25A11,0.274
SLC25A12,0.0535
SLC25A13,2.93
SLC25A14,1.01
SLC25A15,2.65
SLC25A16,2.34
SLC25A17,5.1
SLC25A18,0.0403
SLC25A19,6.04
SLC25A2,2.44
SLC25A20,0.675
SLC25A21,9.23
SLC25A21-AS1,2.27
SLC25A22,2.11
SLC25A23,0.0
SLC25A24,1.43
SLC25A25,0.335
SLC25A26,4.66
SLC25A27,0.00314
SLC25A28,7.55
SLC25A29,2.08
SLC25A3,10.4
SLC25A30,1.29
SLC25A31,3.6
SLC25A32,2.81
SLC25A33,1.77
SLC25A34,0.458
SLC25A35,0.514
SLC25A36,12.4
SLC25A37,0.474
SLC25A38,3.19
SLC25A39,2.05
SLC25A4,0.0286
SLC25A40,1.57
SLC25A41,0.37
SLC25A42,0.087
SLC25A43,0.821
SLC25A44,2.54
SLC25A45,0.0246
SLC25A46,0.0828
SLC25A47,0.562
SLC25A48,0.0
SLC25A5,5.82
SLC25A51,4.03
SLC25A52,0.025
SLC25A53,0.00996
SLC25A6,2.12
SLC26A1,0.239
SLC26A10,0.759
SLC26A11,6.53
SLC26A2,0.21
SLC26A3,1.28
SLC26A4,2.09
SLC26A5,3.41
SLC26A6,2.12
SLC26A7,0.883
SLC26A8,0.0
SLC26A9,0.0
SLC27A1,0.276
SLC27A2,1.74
SLC27A3,0.0967
SLC27A4,0.948
SLC27A5,0.0
SLC27A6,0.0
SLC28A1,1.69
SLC28A2,0.0823
SLC28A3,1.47
SLC29A1,11.9
SLC29A2,2.14
SLC29A3,2.55
SLC29A4,5.53
SLC2A1,7.1
SLC2A10,4.83
SLC2A11,3.25
SLC2A12,3.4
SLC2A13,0.545
SLC2A14,1.6
SLC2A2,0.0121
SLC2A3,0.0806
SLC2A4,3.35
SLC2A4RG,0.607
SLC2A5,1.28
SLC2A6,0.0
SLC2A7,0.388
SLC2A8,0.343
SLC2A9,4.18
SLC30A1,2.24
SLC30A10,1.75
SLC30A2,7.42
SLC30A3,0.126
SLC30A4,0.273
SLC30A5,0.462
SLC30A6,2.94
SLC30A7,4.45
SLC30A8,0.106
SLC30A9,5.29
SLC31A1,1.56
SLC31A2,9.36
SLC32A1,0.0304
SLC33A1,1.52
SLC34A1,1.33
SLC34A2,0.0
SLC34A3,1.54
SLC35A1,0.681
SLC35A2,10.2
SLC35A3,6.89
SLC35A4,1.45
SLC35A5,12.2
SLC35B1,4.32
SLC35B2,23.7
SLC35B3,0.533
SLC35B4,45.3
SLC35C1,0.137
SLC35C2,0.368
SLC35D1,3.61
SLC35D2,8.9
SLC35D3,4.55
SLC35E1,0.958
SLC35E2,2.69
SLC35E2B,1.92
SLC35E3,0.45
SLC35E4,4.11
SLC35F1,0.238
SLC35F2,0.0
SLC35F3,4.27
SLC35F4,2.17
SLC35F5,0.0
SLC35F6,5.24
SLC35G1,6.23
SLC35G2,0.788
SLC35G3,0.00988
SLC35G5,1.67
SLC35G6,0.819
SLC36A1,0.516
SLC36A2,9.1
SLC36A3,1.51
SLC36A4,2.78
SLC37A1,5.89
SLC37A2,2.35
SLC37A3,0.0
SLC37A4,0.851
SLC38A1,12.9
SLC38A10,0.353
SLC38A11,3.17
SLC38A2,21.6
SLC38A4,0.0
SLC38A5,0.258
SLC38A6,2.89
SLC38A7,4.26
SLC38A8,4.37
SLC38A9,6.57
SLC39A1,3.05
SLC39A10,0.0
SLC39A11,1.96
SLC39A12,0.0808
SLC39A13,1.09
SLC39A14,1.95
SLC39A2,0.00627
SLC39A3,1.79
SLC39A4,0.0
SLC39A5,2.23
SLC39A6,2.84
SLC39A7,4.56
SLC39A8,3.07
SLC39A9,5.42
SLC3A1,5.04
SLC3A2,13.8
SLC40A1,3.05
SLC41A1,4.77
SLC41A2,4.75
SLC41A3,1.78
SLC43A1,4.49
SLC43A2,3.85
SLC43A3,0.0
SLC44A1,0.00814
SLC44A2,7.17
SLC44A3,0.0
SLC44A4,0.000552
SLC44A5,1.33
SLC45A1,0.729
SLC45A2,0.614
SLC45A3,0.0303
SLC45A4,2.02
SLC46A1,0.626
SLC46A2,0.0
SLC46A3,0.0
SLC47A1,7.34
SLC47A2,2.29
SLC48A1,3.17
SLC4A1,0.0
SLC4A10,0.0
SLC4A11,3.1
SLC4A1AP,0.397
SLC4A2,1.65
SLC4A3,3.68
SLC4A4,2.37
SLC4A5,6.85
SLC4A7,0.978
SLC4A8,1.33
SLC4A9,2.22
SLC50A1,0.617
SLC51A,6.03
SLC51B,1.39
SLC52A1,0.545
SLC52A2,30.2
SLC52A3,3.97
SLC5A1,0.505
SLC5A10,0.184
SLC5A11,1.57
SLC5A12,0.246
SLC5A2,0.723
SLC5A3,7.43
SLC5A4,0.684
SLC5A5,1.09
SLC5A6,0.041
SLC5A7,15.4
SLC5A8,0.00648
SLC5A9,2.2
SLC6A1,0.844
SLC6A11,0.0305
SLC6A12,1.11
SLC6A13,0.959
SLC6A14,0.72
SLC6A15,0.277
SLC6A16,1.17
SLC6A17,0.968
SLC6A18,0.571
SLC6A19,2.14
SLC6A2,0.0
SLC6A20,11.5
SLC6A3,3.2
SLC6A4,0.567
SLC6A5,0.143
SLC6A6,1.86
SLC6A7,0.339
SLC6A8,0.721
SLC6A9,0.854
SLC7A1,10.7
SLC7A10,0.0187
SLC7A11,0.0542
SLC7A13,0.0
SLC7A14,0.276
SLC7A2,0.448
SLC7A3,0.279
SLC7A4,1.84
SLC7A5,7.16
SLC7A6,7.38
SLC7A6OS,5.78
SLC7A7,0.0835
SLC7A8,0.0
SLC7A9,1.14
SLC8A1,0.0798
SLC8A2,0.00145
SLC8A3,0.0
SLC8B1,0.359
SLC9A1,0.699
SLC9A2,1.43
SLC9A3,4.09
SLC9A3R1,0.0177
SLC9A3R2,1.03
SLC9A4,0.721
SLC9A5,2.04
SLC9A6,1.25
SLC9A7,0.646
SLC9A8,0.0492
SLC9A9,8.48
SLC9B1,0.0
SLC9B1P1,1.39
SLC9B2,2.11
SLC9C1,0.167
SLC9C2,0.0
SLCO1A2,0.226
SLCO1B1,0.557
SLCO1B3,0.102
SLCO1B7,1.11
SLCO1C1,0.893
SLCO2A1,0.0
SLCO2B1,0.0
SLCO3A1,1.28
SLCO4A1,3.94
SLCO4C1,10.6
SLCO5A1,6.77
SLCO6A1,7.46
SLF1,0.0
SLF2,0.491
SLFN11,0.5
SLFN12,0.558
SLFN12L,0.0118
SLFN13,0.0
SLFN14,0.199
SLFN5,4.55
SLFNL1,4.5
SLIRP,0.309
SLIT1,1.23
SLIT2,0.0
SLIT3,0.301
SLITRK1,4.41
SLITRK2,0.0101
SLITRK3,10.2
SLITRK4,4.11
SLITRK5,13.5
SLITRK6,0.615
SLK,3.04
SLMAP,12.2
SLN,0.489
SLPI,0.86
SLTM,0.297
SLU7,0.77
SLURP1,0.643
SLX1A,0.0347
SLX1B,0.321
SLX4,1.11
SLX4IP,3.01
SMAD1,0.0897
SMAD2,0.0206
SMAD3,0.924
SMAD4,0.502
SMAD5,0.221
SMAD6,0.45
SMAD7,0.0
SMAD9,2.44
SMAGP,2.94
SMAP1,1.91
SMAP2,0.0397
SMARCA1,0.00468
SMARCA2,2.77
SMARCA4,5.08
SMARCA5,0.574
SMARCAD1,7.52
SMARCAL1,10.3
SMARCB1,1.22
SMARCC1,2.65
SMARCC2,1.85
SMARCD1,1.21
SMARCD2,4.3
SMARCD3,0.249
SMARCE1,2.14
SMC1A,3.64
SMC1B,0.324
SMC2,1.71
SMC3,0.95
SMC4,7.96
SMC5,2.33
SMC6,0.837
SMCHD1,0.0
SMCO1,0.0
SMCO2,11.0
SMCO3,3.54
SMCO4,4.91
SMCP,0.0
SMCR8,0.823
SMDT1,0.0643
SMG1,10.8
SMG5,1.22
SMG6,6.99
SMG7,1.09
SMG8,2.09
SMG9,8.28
SMIM1,7.13
SMIM10,0.309
SMIM11A,1.09
SMIM12,2.28
SMIM13,1.76
SMIM14,8.42
SMIM15,0.263
SMIM17,0.0
SMIM18,0.838
SMIM19,4.65
SMIM2,0.0112
SMIM20,0.00886
SMIM21,0.0
SMIM22,0.0
SMIM23,0.979
SMIM24,12.4
SMIM29,0.0
SMIM3,4.2
SMIM4,0.0534
SMIM5,3.37
SMIM6,4.51
SMIM7,2.42
SMIM8,2.32
SMIM9,2.21
SMKR1,0.0367
SMLR1,1.09
SMN1,1.16
SMN2,0.0501
SMNDC1,1.82
SMO,1.75
SMOC1,0.207
SMOC2,2.34
SMOX,3.28
SMPD1,1.47
SMPD2,4.8
SMPD3,2.11
SMPD4,11.0
SMPDL3A,0.982
SMPDL3B,0.658
SMPX,1.36
SMR3A,1.11
SMR3B,0.327
SMS,7.71
SMTN,5.57
SMTNL1,8.9
SMTNL2,4.27
SMU1,2.05
SMUG1,1.79
SMURF1,0.0
SMURF2,6.4
SMYD1,0.309
SMYD2,0.0
SMYD3,0.219
SMYD4,0.156
SMYD5,1.49
SNAI1,3.84
SNAI2,0.768
SNAI3,1.39
SNAP23,1.81
SNAP25,2.22
SNAP29,0.0
SNAP47,0.317
SNAP91,0.238
SNAPC1,2.7
SNAPC2,3.06
SNAPC3,2.32
SNAPC4,0.952
SNAPC5,3.4
SNAPIN,7.59
SNCA,1.72
SNCAIP,0.833
SNCB,0.463
SNCG,0.0
SND1,3.85
SNED1,0.386
SNF8,0.99
SNHG28,1.72
SNIP1,0.0446
SNN,2.58
SNPH,2.04
SNRK,2.01
SNRNP200,4.04
SNRNP25,0.651
SNRNP27,2.04
SNRNP35,1.61
SNRNP40,0.615
SNRNP48,0.0
SNRNP70,1.83
SNRPA,1.74
SNRPA1,3.6
SNRPB,2.33
SNRPB2,2.91
SNRPC,3.75
SNRPD1,1.71
SNRPD2,0.522
SNRPD3,1.93
SNRPE,3.0
SNRPF,22.2
SNRPG,3.01
SNRPN,1.31
SNTA1,1.21
SNTB1,0.0649
SNTB2,0.0
SNTG1,0.0
SNTG2,1.97
SNTN,0.0981
SNU13,3.28
SNUPN,3.99
SNURF,1.43
SNW1,0.538
SNX1,4.05
SNX10,2.38
SNX11,1.4
SNX12,4.82
SNX13,1.28
SNX14,0.00572
SNX15,0.668
SNX16,0.0751
SNX17,6.88
SNX18,3.22
SNX19,2.21
SNX2,0.164
SNX20,9.19
SNX21,0.25
SNX22,2.12
SNX24,0.472
SNX25,0.104
SNX27,0.53
SNX29,1.19
SNX3,1.54
SNX30,1.52
SNX31,2.49
SNX32,4.96
SNX33,1.89
SNX4,0.255
SNX5,3.55
SNX6,0.799
SNX7,0.0965
SNX8,4.82
SNX9,4.03
SOAT1,0.22
SOAT2,1.41
SOBP,0.804
SOCS1,1.24
SOCS2,0.0
SOCS3,4.78
SOCS4,3.21
SOCS5,4.53
SOCS6,0.0306
SOCS7,0.0
SOD1,1.22
SOD2,1.27
SOD3,1.64
SOGA1,5.15
SOGA3,0.754
SOHLH1,0.0118
SOHLH2,0.0466
SON,9.49
SORBS1,3.05
SORBS2,0.335
SORBS3,0.11
SORCS1,1.61
SORCS2,0.0795
SORCS3,0.0792
SORD,4.2
SORL1,0.0967
SORT1,2.27
SOS1,0.0564
SOS2,14.2
SOST,4.42
SOSTDC1,0.0128
SOWAHA,0.411
SOWAHB,0.327
SOWAHC,2.09
SOWAHD,1.13
SOX1,1.51
SOX10,0.0
SOX11,0.782
SOX12,0.00812
SOX13,2.64
SOX14,5.85
SOX15,0.0
SOX17,0.207
SOX18,0.00158
SOX2,8.27
SOX21,4.64
SOX3,0.551
SOX30,0.194
SOX4,0.269
SOX5,1.24
SOX6,0.549
SOX7,4.04
SOX8,0.117
SOX9,1.4
SP1,0.0905
SP100,2.1
SP110,0.118
SP140,0.091
SP140L,1.74
SP2,1.66
SP3,0.0975
SP4,1.86
SP5,0.0168
SP6,1.21
SP7,8.93
SP8,0.322
SP9,3.67
SPA17,0.0
SPACA1,2.01
SPACA3,0.73
SPACA4,0.569
SPACA5,0.525
SPACA7,1.83
SPACA9,0.607
SPAG1,2.22
SPAG11A,1.54
SPAG11B,14.2
SPAG16,1.44
SPAG17,0.108
SPAG4,0.0
SPAG5,0.549
SPAG6,0.0577
SPAG7,0.177
SPAG8,0.00127
SPAG9,1.11
SPAM1,1.11
SPANXA1,3.41
SPANXA2,0.0
SPANXB1,4.95
SPANXC,2.22
SPANXD,1.05
SPANXN1,0.916
SPANXN2,0.214
SPANXN3,0.0
SPANXN4,4.56
SPANXN5,3.08
SPARC,2.31
SPARCL1,4.53
SPART,0.189
SPAST,9.07
SPATA12,0.293
SPATA13,0.186
SPATA16,0.15
SPATA17,1.07
SPATA18,0.252
SPATA19,0.0522
SPATA2,2.36
SPATA20,0.0
SPATA21,0.842
SPATA22,0.435
SPATA24,0.0166
SPATA25,0.0
SPATA2L,1.61
SPATA3,0.127
SPATA31A1,6.49
SPATA31A3,7.05
SPATA31A5,0.00585
SPATA31A6,4.53
SPATA31A7,12.9
SPATA31D1,0.0
SPATA31E1,1.03
SPATA32,1.24
SPATA33,9.58
SPATA4,0.45
SPATA45,0.218
SPATA46,4.96
SPATA5,7.56
SPATA5L1,6.3
SPATA6,0.0306
SPATA6L,0.00191
SPATA7,0.0135
SPATA8,2.89
SPATA9,2.41
SPATC1,0.796
SPATC1L,0.487
SPATS1,5.03
SPATS2,7.37
SPATS2L,3.93
SPC24,4.94
SPC25,4.07
SPCS1,0.207
SPCS2,5.56
SPCS3,1.47
SPDEF,0.0418
SPDL1,9.56
SPDYA,0.855
SPDYC,0.417
SPDYE1,14.7
SPDYE2B,10.8
SPDYE3,0.543
SPDYE4,4.03
SPECC1,1.79
SPECC1L,0.0445
SPECC1L-ADORA2A,0.346
SPEF1,1.17
SPEF2,3.4
SPEG,0.131
SPEM1,5.72
SPEN,0.0164
SPERT,0.409
SPESP1,6.26
SPG11,7.0
SPG20-AS1,0.0161
SPG21,0.331
SPG7,0.7
SPHK1,0.0
SPHK2,0.617
SPHKAP,0.479
SPI1,11.8
SPIB,0.0
SPIC,0.0
SPICE1,0.0
SPIDR,1.33
SPIN1,1.45
SPIN2A,0.000314
SPIN2B,0.548
SPIN3,0.0697
SPIN4,1.42
SPINK1,0.045
SPINK13,0.327
SPINK14,5.76
SPINK2,0.0
SPINK4,0.0
SPINK5,5.23
SPINK6,3.46
SPINK7,1.55
SPINK8,0.0903
SPINK9,0.0
SPINT1,2.02
SPINT2,0.0
SPINT3,0.000736
SPINT4,0.0764
SPIRE1,0.0573
SPIRE2,0.863
SPN,4.72
SPNS1,3.19
SPNS2,0.697
SPNS3,1.24
SPO11,0.0
SPOCD1,2.45
SPOCK1,0.0
SPOCK2,0.881
SPOCK3,0.0839
SPON2,0.0956
SPOP,5.01
SPOPL,5.42
SPOUT1,4.41
SPP1,1.58
SPP2,0.722
SPPL2A,3.04
SPPL2C,6.67
SPPL3,52.7
SPR,0.0672
SPRED1,13.5
SPRED2,32.9
SPRED3,8.12
SPRN,0.0845
SPRR1A,1.72
SPRR1B,2.18
SPRR2A,2.79
SPRR2B,0.0
SPRR2D,0.0195
SPRR2F,3.38
SPRR2G,1.88
SPRR3,5.68
SPRR4,2.62
SPRTN,0.169
SPRY1,0.0122
SPRY2,0.7
SPRY3,0.178
SPRY4,1.1
SPRYD3,0.844
SPRYD4,0.0801
SPRYD7,0.832
SPSB1,1.1
SPSB2,4.01
SPSB3,12.7
SPSB4,3.08
SPTA1,0.679
SPTAN1,1.81
SPTB,1.52
SPTBN1,5.48
SPTBN2,0.0
SPTBN4,0.252
SPTBN5,0.598
SPTLC1,14.6
SPTLC2,16.1
SPTLC3,0.0
SPTSSA,6.58
SPTSSB,16.0
SPTY2D1,1.74
SPX,0.186
SPZ1,1.22
SQLE,3.91
SQOR,0.615
SQSTM1,6.63
SRA1,0.762
SRBD1,6.77
SRC,0.0676
SRCAP,1.21
SRCIN1,0.0
SRD5A1,0.0
SRD5A3,0.264
SREBF1,13.8
SREBF2,8.3
SREK1,3.88
SREK1IP1,1.96
SRF,1.8
SRFBP1,0.802
SRGAP1,1.4
SRGAP2,0.0867
SRGAP3,0.0
SRGN,12.6
SRI,0.63
SRL,1.46
SRM,3.71
SRMS,1.23
SRP14,0.0
SRP19,1.1
SRP54,2.52
SRP68,0.0
SRP72,1.32
SRP9,3.12
SRPK1,0.839
SRPK2,8.55
SRPK3,4.82
SRPRA,11.9
SRPRB,0.806
SRPX,1.11
SRPX2,1.3
SRR,0.664
SRRD,19.1
SRRM1,6.31
SRRM2,2.53
SRRM3,0.0
SRRM4,0.981
SRRM5,0.072
SRRT,1.55
SRSF1,2.03
SRSF10,0.0506
SRSF11,11.1
SRSF12,0.0
SRSF2,2.44
SRSF3,9.59
SRSF4,1.33
SRSF5,8.69
SRSF6,80.5
SRSF7,14.0
SRSF8,3.28
SRSF9,0.857
SRXN1,0.0265
SRY,0.0
SS18,0.0505
SS18L1,3.95
SS18L2,5.7
SSB,2.86
SSBP1,2.52
SSBP2,0.0
SSBP3,4.68
SSBP3-AS1,0.0
SSBP4,0.534
SSC4D,4.21
SSC5D,1.29
SSFA2,0.275
SSH1,0.0311
SSH2,0.94
SSH3,0.0609
SSMEM1,5.88
SSNA1,16.5
SSPN,10.4
SSR1,2.01
SSR2,8.53
SSR3,1.81
SSR4,3.98
SSR4P1,0.0
SSRP1,3.22
SSSCA1,0.31
SST,0.14
SSTR1,2.5
SSTR2,0.0
SSTR3,1.98
SSTR4,8.39
SSTR5,1.17
SSU72,1.33
SSUH2,3.95
SSX1,0.00625
SSX2,2.46
SSX2B,0.587
SSX2IP,0.0
SSX3,0.229
SSX4,0.415
SSX4B,0.972
SSX5,0.0
SSX7,3.03
ST13,0.925
ST14,0.0
ST18,1.91
ST20,4.79
ST20-AS1,0.975
ST20-MTHFS,6.8
ST3GAL1,1.56
ST3GAL2,1.47
ST3GAL3,0.0
ST3GAL4,0.0182
ST3GAL5,7.19
ST3GAL6,0.544
ST5,4.87
ST6GAL1,0.34
ST6GAL2,0.249
ST6GALNAC1,0.137
ST6GALNAC2,0.223
ST6GALNAC3,1.14
ST6GALNAC4,5.76
ST6GALNAC5,1.01
ST6GALNAC6,6.7
ST7,5.28
ST7-OT4,0.437
ST7L,1.16
ST8SIA1,0.155
ST8SIA2,5.81
ST8SIA3,0.186
ST8SIA4,0.696
ST8SIA5,6.92
ST8SIA6,0.528
STAB1,3.51
STAB2,0.0
STAC,0.0
STAC2,0.269
STAC3,0.00256
STAG1,7.75
STAG2,9.7
STAG3,0.177
STAM,5.69
STAM2,10.1
STAMBP,4.14
STAMBPL1,1.13
STAP1,0.0338
STAP2,0.491
STAR,0.107
STARD10,4.21
STARD13,0.0
STARD3,5.96
STARD3NL,0.00193
STARD4,3.32
STARD5,0.604
STARD6,0.278
STARD7,4.79
STARD8,0.142
STARD9,0.218
STAT1,1.96
STAT2,0.356
STAT3,4.85
STAT4,0.116
STAT5A,0.0
STAT5B,2.25
STAT6,0.0
STATH,3.7
STAU1,4.03
STAU2,6.35
STC1,7.7
STC2,1.81
STEAP1,3.17
STEAP1B,0.692
STEAP2,0.997
STEAP3,6.25
STEAP4,0.204
STH,0.494
STIL,0.216
STIM1,0.0914
STIM2,1.6
STIP1,34.8
STK10,1.86
STK11,2.68
STK11IP,0.0632
STK16,0.573
STK17A,0.0
STK17B,0.133
STK19,0.478
STK24,0.0
STK25,2.52
STK26,1.21
STK3,3.98
STK31,0.351
STK32A,1.88
STK32B,0.402
STK32C,1.45
STK33,0.00636
STK35,0.277
STK36,3.19
STK38,2.59
STK38L,0.00127
STK39,0.00477
STK4,6.01
STK40,1.58
STKLD1,3.71
STMN1,41.8
STMN2,0.579
STMN3,3.26
STMN4,0.823
STMND1,0.0858
STN1,1.88
STOM,3.59
STOML1,1.89
STOML2,12.3
STOML3,2.69
STON1,0.654
STON1-GTF2A1L,2.7
STON2,0.0
STOX1,0.0
STOX2,1.2
STPG1,0.159
STPG2,0.0
STPG3,0.432
STPG4,0.0623
STRA6,10.5
STRA8,1.6
STRADA,3.15
STRADB,0.0
STRAP,9.05
STRBP,1.47
STRC,4.46
STRIP1,5.26
STRIP2,0.134
STRN,6.37
STRN3,0.119
STRN4,0.0
STS,0.0
STT3A,63.5
STT3B,24.7
STUB1,61.3
STUM,0.0
STX10,0.0927
STX11,4.24
STX12,4.67
STX16,0.0
STX16-NPEPL1,0.363
STX17,0.0
STX18,5.4
STX19,2.06
STX1A,0.957
STX1B,3.56
STX2,1.7
STX3,1.67
STX4,0.478
STX5,7.57
STX6,0.258
STX7,4.15
STX8,2.03
STXBP1,0.972
STXBP2,0.0491
STXBP3,1.6
STXBP4,0.235
STXBP5,0.0
STXBP5L,4.82
STXBP6,8.52
STYK1,0.843
STYX,0.179
STYXL1,2.41
SUB1,5.73
SUCLA2,5.39
SUCLG1,11.2
SUCLG2,1.93
SUCNR1,123.0
SUCO,0.172
SUDS3,17.4
SUFU,0.449
SUGCT,1.15
SUGP1,7.93
SUGP2,0.964
SUGT1,12.8
SULF1,0.0281
SULF2,0.0
SULT1A1,4.98
SULT1A2,1.04
SULT1A3,10.1
SULT1A4,3.26
SULT1B1,0.807
SULT1C2,0.534
SULT1C3,1.71
SULT1C4,0.285
SULT1E1,1.46
SULT2A1,4.41
SULT2B1,0.0
SULT4A1,0.183
SULT6B1,0.00864
SUMF1,3.81
SUMF2,1.0
SUMO1,5.78
SUMO2,0.323
SUMO3,0.00487
SUMO4,4.81
SUN1,1.29
SUN2,0.17
SUN3,4.74
SUN5,2.07
SUOX,1.45
SUPT16H,6.18
SUPT20H,61.2
SUPT3H,0.682
SUPT4H1,0.0
SUPT5H,2.21
SUPT6H,9.28
SUPT7L,43.8
SUPV3L1,6.88
SURF1,1.46
SURF2,1.35
SURF4,0.0386
SURF6,3.05
SUSD1,0.978
SUSD2,1.79
SUSD3,2.86
SUSD4,1.86
SUSD5,0.391
SUSD6,13.2
SUV39H1,0.0613
SUV39H2,0.481
SUZ12,3.22
SV2A,0.113
SV2B,0.464
SV2C,0.549
SVBP,0.236
SVEP1,0.255
SVIL,1.34
SVIP,1.49
SVOP,4.0
SVOPL,2.37
SWAP70,4.02
SWI5,4.96
SWSAP1,0.608
SWT1,0.351
SYAP1,0.0
SYBU,0.155
SYCE1,0.514
SYCE1L,0.0191
SYCE2,0.0254
SYCE3,0.0277
SYCN,0.874
SYCP1,3.95
SYCP2,0.0692
SYCP2L,0.0
SYCP3,1.36
SYDE1,0.712
SYDE2,2.39
SYF2,2.68
SYK,1.08
SYMPK,0.728
SYN1,2.49
SYN3,0.298
SYNC,0.0333
SYNCRIP,2.65
SYNDIG1,0.519
SYNDIG1L,0.000674
SYNE1,1.55
SYNE2,0.114
SYNE3,5.75
SYNE4,5.87
SYNGAP1,1.34
SYNGR1,0.436
SYNGR2,0.0
SYNGR3,2.28
SYNGR4,2.2
SYNJ1,0.0
SYNJ2,2.1
SYNJ2BP,0.0662
SYNM,0.0
SYNPO,1.44
SYNPO2,1.96
SYNPO2L,0.0
SYNPR,0.599
SYNRG,0.0
SYP,0.0
SYPL1,2.1
SYPL2,10.6
SYS1,8.8
SYS1-DBNDD2,1.4
SYT1,0.0
SYT10,1.84
SYT11,9.32
SYT12,0.138
SYT13,1.24
SYT14,0.0128
SYT15,1.34
SYT16,0.0939
SYT17,0.279
SYT2,3.3
SYT3,0.166
SYT4,0.762
SYT5,1.36
SYT6,10.3
SYT7,3.64
SYT8,0.0128
SYT9,2.26
SYTL1,1.26
SYTL2,3.09
SYTL3,1.55
SYTL4,2.61
SYTL5,0.0662
SYVN1,2.99
SZRD1,4.99
SZT2,5.2
T,0.562
TAAR1,0.249
TAAR2,3.07
TAAR5,3.17
TAAR6,1.72
TAAR8,1.28
TAAR9,1.21
TAB1,6.8
TAB2,18.6
TAB3,3.03
TAC1,0.0
TAC3,0.0
TAC4,1.21
TACC1,0.000338
TACC2,0.511
TACC3,19.1
TACO1,0.94
TACR1,2.95
TACR2,1.83
TACR3,0.0
TACSTD2,0.666
TADA1,15.0
TADA2A,6.95
TADA2B,40.8
TADA3,3.8
TAF1,2.81
TAF10,3.05
TAF11,6.06
TAF12,15.6
TAF13,4.87
TAF15,0.0454
TAF1A,8.16
TAF1B,0.596
TAF1C,10.0
TAF1D,9.52
TAF1L,0.0
TAF2,0.0382
TAF3,2.4
TAF4,0.0
TAF4B,0.0398
TAF5,4.32
TAF5L,37.8
TAF6,2.35
TAF6L,23.4
TAF7,3.18
TAF7L,0.133
TAF8,4.38
TAF9,2.67
TAF9B,0.699
TAGAP,2.74
TAGLN,0.867
TAGLN2,1.61
TAGLN3,1.97
TAL1,0.0
TAL2,3.76
TALDO1,1.77
TAMM41,8.72
TANC1,0.0
TANC2,0.194
TANGO2,6.11
TANGO6,9.08
TANK,3.97
TAOK1,2.22
TAOK2,1.04
TAOK3,0.692
TAP1,0.13
TAP2,0.00793
TAPBP,0.0
TAPBPL,0.0
TAPT1,11.9
TARBP1,0.652
TARBP2,0.174
TARDBP,0.519
TARM1,1.7
TARS,3.3
TARS2,3.33
TARSL2,0.306
TAS1R1,3.77
TAS1R2,0.312
TAS1R3,0.343
TAS2R1,0.421
TAS2R10,0.721
TAS2R13,4.74
TAS2R14,3.95
TAS2R16,0.106
TAS2R19,2.68
TAS2R20,0.0
TAS2R3,0.351
TAS2R30,1.6
TAS2R31,0.849
TAS2R38,0.905
TAS2R39,0.593
TAS2R4,1.06
TAS2R40,0.292
TAS2R41,0.197
TAS2R42,0.214
TAS2R43,1.87
TAS2R46,0.16
TAS2R5,3.25
TAS2R50,0.283
TAS2R60,2.8
TAS2R7,1.08
TAS2R8,15.9
TAS2R9,0.355
TASP1,16.2
TAT,0.891
TATDN1,1.08
TATDN2,0.0
TATDN3,0.0236
TAX1BP1,10.2
TAX1BP3,2.08
TAZ,0.338
TBATA,0.0814
TBC1D1,6.66
TBC1D10A,2.86
TBC1D10B,4.78
TBC1D10C,0.277
TBC1D12,2.45
TBC1D13,1.66
TBC1D14,0.279
TBC1D15,7.99
TBC1D16,0.55
TBC1D17,4.71
TBC1D19,0.287
TBC1D2,0.0
TBC1D20,0.719
TBC1D21,3.21
TBC1D22A,0.532
TBC1D22B,0.607
TBC1D23,0.994
TBC1D24,2.54
TBC1D25,4.4
TBC1D26,9.07
TBC1D28,0.00424
TBC1D29,0.182
TBC1D2B,3.32
TBC1D3,6.98
TBC1D30,0.689
TBC1D31,0.163
TBC1D32,0.969
TBC1D3B,0.212
TBC1D3C,17.5
TBC1D3F,0.0
TBC1D3H,0.0104
TBC1D4,0.734
TBC1D5,4.2
TBC1D7,13.3
TBC1D8,0.165
TBC1D8B,0.994
TBC1D9,2.53
TBC1D9B,0.382
TBCA,3.62
TBCB,0.165
TBCC,5.1
TBCCD1,8.6
TBCD,5.4
TBCE,3.76
TBCEL,2.9
TBCK,0.724
TBK1,2.99
TBKBP1,0.811
TBL1X,0.818
TBL1XR1,28.6
TBL1Y,0.0
TBL2,0.0
TBL3,0.257
TBP,3.21
TBPL1,3.13
TBPL2,4.33
TBR1,0.977
TBRG1,0.0803
TBRG4,0.573
TBX1,0.88
TBX10,3.5
TBX15,1.52
TBX18,1.96
TBX19,0.527
TBX2,0.0
TBX20,0.249
TBX21,0.111
TBX22,6.1
TBX3,0.0
TBX4,0.518
TBX5,1.59
TBX6,5.43
TBXA2R,1.75
TBXAS1,0.181
TC2N,1.57
TCAF1,0.0
TCAF2,0.745
TCAIM,0.72
TCAP,1.44
TCEA1,1.62
TCEA2,0.00636
TCEA3,0.838
TCEAL1,0.0
TCEAL2,0.386
TCEAL3,4.53
TCEAL4,0.0
TCEAL5,3.07
TCEAL6,0.221
TCEAL7,2.39
TCEAL8,0.0
TCEAL9,2.37
TCEANC,2.43
TCEANC2,1.6
TCEB3C,2.18
TCERG1,5.06
TCERG1L,2.47
TCF12,0.282
TCF15,1.48
TCF19,16.3
TCF20,0.063
TCF21,0.153
TCF23,0.235
TCF24,2.5
TCF25,4.44
TCF3,1.61
TCF4,0.825
TCF7,0.152
TCF7L1,0.0
TCF7L2,2.94
TCFL5,5.61
TCHH,0.274
TCHHL1,0.525
TCHP,0.0
TCIRG1,3.03
TCL1A,5.49
TCL1B,0.709
TCN1,0.0487
TCN2,8.14
TCOF1,1.76
TCP1,0.343
TCP10,0.601
TCP10L,0.914
TCP10L2,1.54
TCP11,0.256
TCP11L1,0.89
TCP11L2,3.26
TCP11X1,0.0
TCP11X2,5.55
TCTA,8.38
TCTE1,8.0
TCTE3,0.0
TCTEX1D1,0.00631
TCTEX1D4,0.0
TCTN1,2.33
TCTN2,3.99
TCTN3,7.19
TDG,0.0
TDGF1,0.0
TDO2,0.522
TDP1,1.17
TDP2,3.39
TDRD1,8.64
TDRD10,2.5
TDRD12,3.07
TDRD15,1.17
TDRD3,6.36
TDRD5,7.62
TDRD6,0.14
TDRD7,0.143
TDRD9,0.0
TDRKH,0.0
TDRP,4.31
TEAD1,0.453
TEAD2,2.42
TEAD3,4.62
TEAD4,1.89
TEC,6.86
TECPR1,3.77
TECPR2,1.35
TECR,24.9
TECRL,16.3
TECTA,2.94
TECTB,0.0228
TEDDM1,1.1
TEF,0.521
TEFM,2.16
TEK,3.01
TEKT1,5.83
TEKT2,0.0
TEKT3,0.331
TEKT4,1.42
TEKT5,0.0966
TELO2,8.54
TEN1,25.3
TENM1,1.24
TENM2,0.0463
TENM3,0.746
TENM4,7.15
TEP1,0.0592
TEPP,2.58
TEPSIN,4.91
TERB1,1.47
TERB2,0.262
TERF1,0.0
TERF2,0.167
TERF2IP,0.00216
TERT,0.0147
TES,0.261
TESC,0.592
TESK1,0.744
TESK2,4.23
TESMIN,1.53
TESPA1,2.09
TET1,0.115
TET2,0.533
TET3,0.677
TEX10,2.43
TEX101,0.429
TEX11,0.433
TEX12,0.374
TEX13A,2.33
TEX13B,5.98
TEX14,2.03
TEX15,0.0
TEX19,2.43
TEX2,0.884
TEX22,6.16
TEX26,2.68
TEX264,0.226
TEX28,6.07
TEX28P1,0.0
TEX29,1.14
TEX30,3.18
TEX33,0.594
TEX35,0.0
TEX36,0.0
TEX37,0.0
TEX38,1.16
TEX43,0.0
TEX44,1.03
TEX45,0.706
TEX46,1.15
TEX47,1.66
TEX49,5.37
TEX9,0.466
TF,0.465
TFAM,13.7
TFAP2A,1.33
TFAP2B,1.3
TFAP2C,0.000745
TFAP2D,0.0
TFAP2E,0.512
TFAP4,1.49
TFB1M,4.0
TFB2M,1.14
TFCP2,3.28
TFCP2L1,0.0
TFDP1,19.9
TFDP2,0.0246
TFDP3,0.0
TFE3,2.09
TFEB,19.6
TFEC,1.79
TFF1,2.0
TFF2,0.0674
TFF3,0.356
TFG,5.24
TFIP11,9.4
TFPI,1.18
TFPI2,2.05
TFPT,15.7
TFR2,2.59
TFRC,6.69
TG,0.0
TGDS,0.145
TGFA,0.0
TGFB1,0.0267
TGFB1I1,0.000904
TGFB2,0.208
TGFB3,0.307
TGFBI,0.0
TGFBR1,0.945
TGFBR2,1.17
TGFBR3,4.98
TGFBR3L,0.983
TGFBRAP1,0.78
TGIF1,0.703
TGIF2,0.746
TGIF2-C20orf24,1.75
TGIF2LX,3.05
TGIF2LY,1.64
TGM1,0.228
TGM2,0.944
TGM3,1.69
TGM4,0.0
TGM5,0.786
TGM6,4.28
TGM7,0.202
TGOLN2,10.2
TGS1,1.12
TH,0.0
THADA,0.0
THAP1,0.0
THAP10,4.29
THAP11,1.77
THAP12,0.607
THAP2,0.661
THAP3,13.6
THAP4,0.315
THAP5,5.24
THAP6,0.00334
THAP7,0.0
THAP8,0.986
THAP9,2.11
THBD,0.316
THBS1,0.363
THBS2,0.0
THBS3,0.00938
THBS4,0.00698
THEG,0.72
THEGL,1.45
THEM4,9.85
THEM5,0.145
THEM6,1.79
THEMIS,0.0543
THEMIS2,0.453
THG1L,0.182
THNSL1,0.0
THNSL2,0.263
THOC1,0.301
THOC2,0.168
THOC3,0.00195
THOC5,6.39
THOC6,0.295
THOC7,1.56
THOP1,9.17
THPO,3.45
THRA,3.09
THRAP3,2.16
THRB,0.307
THRSP,0.0
THSD1,0.387
THSD4,0.0361
THSD7A,0.012
THSD7B,0.716
THTPA,2.03
THUMPD1,2.0
THUMPD2,0.0263
THUMPD3,0.0697
THY1,0.0
THYN1,5.58
TIA1,1.4
TIAF1,0.0
TIAL1,8.06
TIAM1,0.828
TIAM2,0.0281
TICAM1,1.89
TICAM2,0.0
TICRR,2.12
TIE1,0.443
TIFA,0.643
TIFAB,0.211
TIGAR,2.21
TIGD1,0.69
TIGD2,0.643
TIGD3,0.0812
TIGD4,0.0
TIGD5,0.0
TIGD6,0.0
TIGD7,0.45
TIGIT,5.26
TIMD4,4.59
TIMELESS,1.07
TIMM10,4.85
TIMM10B,13.2
TIMM13,5.19
TIMM17A,8.49
TIMM17B,0.0705
TIMM21,0.511
TIMM22,7.79
TIMM23,1.59
TIMM23B,2.45
TIMM29,1.83
TIMM44,4.84
TIMM50,1.66
TIMM8A,0.0
TIMM8B,4.69
TIMM9,0.648
TIMMDC1,6.03
TIMP1,5.74
TIMP2,0.0
TIMP3,0.0
TIMP4,1.37
TINAG,3.19
TINAGL1,6.23
TINF2,1.81
TIPARP,0.0
TIPIN,4.36
TIPRL,0.455
TIRAP,5.3
TJAP1,9.56
TJP1,2.49
TJP2,1.82
TJP3,2.46
TK1,0.0772
TK2,0.743
TKFC,2.78
TKT,3.54
TKTL1,0.905
TKTL2,0.907
TLCD1,11.4
TLCD2,8.7
TLDC1,2.55
TLDC2,0.0462
TLE1,0.0469
TLE2,0.051
TLE3,22.6
TLE4,0.637
TLE6,0.353
TLK1,3.29
TLK2,8.51
TLL1,4.54
TLL2,2.58
TLN1,231.0
TLN2,0.871
TLNRD1,0.177
TLR1,1.82
TLR10,0.0
TLR2,3.25
TLR3,1.34
TLR4,0.0
TLR5,0.407
TLR6,3.5
TLR7,1.58
TLR8,0.868
TLR9,0.0335
TLX1,1.24
TLX1NB,0.0175
TLX2,0.0
TLX3,3.87
TM2D1,3.14
TM2D2,0.21
TM2D3,1.0
TM4SF1,0.725
TM4SF18,0.0426
TM4SF19,2.33
TM4SF20,0.294
TM4SF4,6.38
TM4SF5,1.13
TM6SF1,1.31
TM6SF2,0.631
TM7SF2,0.0485
TM7SF3,17.2
TM9SF1,4.75
TM9SF2,11.7
TM9SF3,9.54
TM9SF4,5.9
TMA16,4.08
TMA7,9.61
TMBIM1,2.1
TMBIM4,2.34
TMBIM6,0.0154
TMC1,1.27
TMC2,4.17
TMC3,3.5
TMC4,0.575
TMC5,1.08
TMC6,0.91
TMC7,1.9
TMC8,2.0
TMCC1,1.55
TMCC2,5.81
TMCC3,4.24
TMCO1,3.12
TMCO2,5.38
TMCO3,16.4
TMCO4,6.13
TMCO5A,0.106
TMCO6,1.05
TMED1,0.447
TMED10,9.79
TMED2,9.33
TMED3,0.0467
TMED4,0.0
TMED5,0.26
TMED6,0.837
TMED7,0.715
TMED8,0.529
TMED9,1.95
TMEFF1,0.869
TMEFF2,0.0
TMEM100,0.131
TMEM101,2.17
TMEM102,0.627
TMEM104,4.08
TMEM105,2.83
TMEM106A,2.37
TMEM106B,2.61
TMEM106C,2.12
TMEM107,5.47
TMEM108,0.0
TMEM109,1.03
TMEM11,6.28
TMEM110,4.91
TMEM110-MUSTN1,7.75
TMEM114,6.21
TMEM115,5.37
TMEM116,5.03
TMEM117,0.471
TMEM119,5.58
TMEM120A,1.49
TMEM120B,1.22
TMEM121,3.14
TMEM123,8.58
TMEM125,6.11
TMEM126A,1.57
TMEM126B,1.73
TMEM127,12.8
TMEM128,0.294
TMEM129,0.0
TMEM130,5.58
TMEM131,12.9
TMEM131L,0.0
TMEM132A,3.24
TMEM132B,1.04
TMEM132C,1.31
TMEM132D,0.0
TMEM132E,2.83
TMEM133,2.64
TMEM134,7.72
TMEM135,2.71
TMEM136,5.41
TMEM138,3.96
TMEM139,0.0
TMEM140,1.09
TMEM141,0.0
TMEM143,0.0
TMEM144,10.1
TMEM145,11.4
TMEM147,6.32
TMEM14A,0.0332
TMEM14B,2.8
TMEM14C,0.0
TMEM14EP,0.0
TMEM150A,0.683
TMEM150B,0.156
TMEM150C,1.56
TMEM151A,0.553
TMEM151B,4.6
TMEM154,1.84
TMEM155,0.112
TMEM156,6.79
TMEM158,1.17
TMEM159,5.83
TMEM160,0.286
TMEM161A,0.0
TMEM161B,16.1
TMEM163,4.46
TMEM164,2.79
TMEM165,16.3
TMEM167A,0.872
TMEM167B,0.0
TMEM168,5.68
TMEM169,7.29
TMEM17,2.01
TMEM170A,1.99
TMEM170B,2.64
TMEM171,0.0626
TMEM173,0.246
TMEM174,1.59
TMEM175,0.0373
TMEM176A,2.47
TMEM176B,0.347
TMEM177,7.64
TMEM178A,1.91
TMEM178B,0.0
TMEM179,2.8
TMEM179B,2.95
TMEM18,0.369
TMEM181,4.41
TMEM182,6.73
TMEM183A,6.47
TMEM184A,0.0292
TMEM184B,7.35
TMEM184C,1.42
TMEM185A,1.79
TMEM185B,16.4
TMEM186,1.64
TMEM187,2.4
TMEM189,12.2
TMEM189-UBE2V1,0.0
TMEM19,0.219
TMEM190,5.58
TMEM192,4.28
TMEM196,2.46
TMEM198,4.4
TMEM199,7.92
TMEM2,1.04
TMEM200A,0.491
TMEM200B,5.75
TMEM200C,0.239
TMEM201,1.85
TMEM202,0.271
TMEM203,4.6
TMEM204,3.06
TMEM205,8.64
TMEM206,4.45
TMEM207,1.2
TMEM208,4.27
TMEM209,3.34
TMEM210,0.364
TMEM211,2.04
TMEM212,0.607
TMEM213,0.0726
TMEM214,0.462
TMEM215,0.0
TMEM216,1.49
TMEM217,5.42
TMEM218,9.59
TMEM219,2.4
TMEM220,0.112
TMEM221,0.197
TMEM222,0.0922
TMEM223,0.11
TMEM225,0.619
TMEM229A,3.72
TMEM229B,2.74
TMEM230,23.6
TMEM231,3.78
TMEM232,2.52
TMEM233,0.331
TMEM234,4.78
TMEM235,0.126
TMEM236,1.54
TMEM237,7.35
TMEM238,2.98
TMEM239,0.891
TMEM240,1.44
TMEM241,1.58
TMEM242,3.29
TMEM243,1.63
TMEM244,3.47
TMEM245,1.89
TMEM246,1.43
TMEM247,1.91
TMEM248,2.89
TMEM249,1.42
TMEM25,7.35
TMEM250,0.31
TMEM251,0.576
TMEM252,0.0
TMEM253,1.19
TMEM254,7.59
TMEM255A,0.00186
TMEM255B,9.64
TMEM256,0.524
TMEM256-PLSCR3,0.0
TMEM257,0.0618
TMEM258,5.84
TMEM259,0.66
TMEM26,1.07
TMEM260,2.26
TMEM262,0.0515
TMEM263,0.0951
TMEM266,1.2
TMEM267,2.66
TMEM268,0.0
TMEM27,0.29
TMEM270,0.654
TMEM30A,11.3
TMEM30B,0.874
TMEM30CP,2.69
TMEM31,0.0
TMEM33,0.0
TMEM35A,0.417
TMEM35B,0.0
TMEM37,2.22
TMEM38A,3.6
TMEM38B,2.59
TMEM39A,7.01
TMEM39B,2.19
TMEM40,0.0603
TMEM41A,0.324
TMEM41B,11.8
TMEM42,0.0
TMEM43,1.7
TMEM44,3.68
TMEM45A,1.74
TMEM45B,2.14
TMEM47,0.0468
TMEM5,2.58
TMEM50A,5.5
TMEM50B,0.133
TMEM51,19.3
TMEM52,2.96
TMEM52B,0.0615
TMEM53,0.959
TMEM54,1.78
TMEM55A,6.09
TMEM55B,4.01
TMEM56,0.488
TMEM56-RWDD3,3.13
TMEM57,1.44
TMEM59,2.98
TMEM59L,7.09
TMEM60,9.06
TMEM61,1.15
TMEM62,12.1
TMEM63A,11.3
TMEM63B,8.45
TMEM63C,2.6
TMEM64,6.58
TMEM65,0.369
TMEM67,1.18
TMEM68,1.63
TMEM69,10.8
TMEM70,5.97
TMEM71,0.201
TMEM72,0.786
TMEM74,0.192
TMEM74B,2.35
TMEM75,0.73
TMEM78,0.575
TMEM79,2.85
TMEM80,12.8
TMEM81,4.92
TMEM82,0.0447
TMEM86A,4.29
TMEM86B,3.36
TMEM87A,4.54
TMEM87B,15.4
TMEM88,8.98
TMEM88B,3.82
TMEM89,0.411
TMEM8A,3.27
TMEM8B,0.488
TMEM9,4.28
TMEM91,0.631
TMEM92,5.95
TMEM94,1.69
TMEM95,0.071
TMEM97,9.03
TMEM98,0.227
TMEM99,1.13
TMEM9B,10.2
TMF1,1.82
TMIE,0.95
TMIGD1,0.0425
TMIGD2,5.28
TMLHE,4.25
TMOD1,1.09
TMOD2,0.173
TMOD3,5.26
TMOD4,3.12
TMPO,0.0
TMPPE,1.49
TMPRSS11A,4.45
TMPRSS11B,9.0
TMPRSS11BNL,0.0
TMPRSS11D,2.96
TMPRSS11E,1.38
TMPRSS11F,5.0
TMPRSS12,0.856
TMPRSS13,0.781
TMPRSS15,0.314
TMPRSS2,0.987
TMPRSS3,4.97
TMPRSS4,5.98
TMPRSS5,1.64
TMPRSS6,1.77
TMPRSS7,2.63
TMPRSS9,0.927
TMSB10,1.78
TMSB15A,4.24
TMSB15B,0.0
TMSB4X,3.37
TMSB4Y,1.09
TMTC1,0.0
TMTC2,6.23
TMTC3,7.94
TMTC4,0.637
TMUB1,0.292
TMUB2,3.5
TMX1,0.206
TMX2,3.17
TMX2-CTNND1,0.582
TMX3,0.133
TMX4,0.733
TNC,0.0139
TNF,2.57
TNFAIP1,5.71
TNFAIP2,0.143
TNFAIP3,13.3
TNFAIP6,0.0
TNFAIP8,7.21
TNFAIP8L1,1.29
TNFAIP8L2,6.89
TNFAIP8L3,0.0701
TNFRSF10A,0.142
TNFRSF10B,0.541
TNFRSF10C,0.787
TNFRSF10D,3.74
TNFRSF11A,0.25
TNFRSF11B,0.00521
TNFRSF12A,0.00146
TNFRSF13B,0.676
TNFRSF13C,3.39
TNFRSF14,0.352
TNFRSF17,0.477
TNFRSF18,0.579
TNFRSF19,0.845
TNFRSF1A,15.4
TNFRSF1B,0.95
TNFRSF21,0.254
TNFRSF25,0.0
TNFRSF4,0.89
TNFRSF6B,0.116
TNFRSF8,1.05
TNFRSF9,1.62
TNFSF10,0.614
TNFSF11,0.766
TNFSF12,0.038
TNFSF12-TNFSF13,0.0135
TNFSF13,3.43
TNFSF13B,0.456
TNFSF14,2.57
TNFSF15,0.0
TNFSF18,2.15
TNFSF4,3.01
TNFSF8,4.24
TNFSF9,0.0678
TNIK,0.00315
TNIP1,0.93
TNIP2,1.86
TNIP3,0.0997
TNK1,0.0
TNK2,0.105
TNKS,0.0
TNKS1BP1,1.35
TNKS2,0.251
TNMD,0.408
TNN,0.029
TNNC1,0.224
TNNC2,0.826
TNNI1,0.811
TNNI2,4.03
TNNI3,0.0218
TNNI3K,2.12
TNNT1,1.12
TNNT2,0.285
TNNT3,0.0571
TNP1,1.39
TNP2,0.0
TNPO1,20.8
TNPO2,1.2
TNPO3,0.641
TNR,0.566
TNRC18,5.42
TNRC6A,1.65
TNRC6B,0.0
TNRC6C,2.1
TNS1,2.06
TNS2,0.152
TNS3,0.0
TNS4,0.00512
TNXB,3.53
TOB1,0.175
TOB2,1.63
TOE1,3.6
TOGARAM1,0.0
TOGARAM2,0.0
TOLLIP,5.4
TOM1,0.146
TOM1L1,1.0
TOM1L2,6.92
TOMM20,7.61
TOMM20L,2.34
TOMM22,5.32
TOMM34,0.764
TOMM40,0.0207
TOMM40L,4.84
TOMM5,2.45
TOMM6,0.0
TOMM7,0.526
TOMM70,0.17
TONSL,0.706
TOP1,3.0
TOP1MT,1.86
TOP2A,12.8
TOP2B,5.62
TOP3A,4.67
TOP3B,3.96
TOPAZ1,1.4
TOPBP1,1.75
TOPORS,6.41
TOR1A,4.92
TOR1AIP1,0.434
TOR1AIP2,15.6
TOR1B,8.71
TOR2A,3.09
TOR3A,9.84
TOR4A,0.937
TOX,0.0
TOX2,1.66
TOX3,0.18
TOX4,2.37
TP53,2.32
TP53AIP1,0.166
TP53BP1,2.96
TP53BP2,2.77
TP53I11,1.18
TP53I13,11.8
TP53I3,0.597
TP53INP1,0.0
TP53INP2,2.77
TP53RK,8.84
TP53TG3,0.00677
TP53TG3B,17.9
TP53TG3D,2.67
TP53TG5,0.688
TP63,0.0
TP73,0.0
TPBG,14.9
TPBGL,7.66
TPCN1,0.0
TPCN2,4.3
TPD52,0.0127
TPD52L1,0.273
TPD52L2,1.08
TPD52L3,0.0
TPGS1,0.272
TPGS2,1.51
TPH1,0.259
TPH2,3.11
TPI1,0.325
TPK1,1.64
TPM1,0.00344
TPM2,2.07
TPM3,0.551
TPM4,2.71
TPMT,0.599
TPO,6.3
TPP1,1.33
TPP2,11.9
TPPP,5.38
TPPP2,0.0
TPPP3,12.1
TPR,8.09
TPRA1,2.05
TPRG1,0.126
TPRG1L,0.0104
TPRKB,6.67
TPRN,2.1
TPRX1,0.0
TPRX2P,0.123
TPRXL,0.111
TPSAB1,0.0128
TPSB2,0.804
TPSD1,2.97
TPSG1,1.78
TPST1,0.713
TPST2,0.0
TPT1,10.1
TPTE,0.916
TPTE2,0.95
TPX2,5.86
TRA2A,2.34
TRA2B,5.11
TRABD,1.36
TRABD2A,0.0715
TRABD2B,9.89
TRAC,0.982
TRADD,10.2
TRAF1,0.0504
TRAF2,1.73
TRAF3,28.8
TRAF3IP1,0.000104
TRAF3IP2,0.402
TRAF3IP3,24.3
TRAF4,0.58
TRAF5,0.538
TRAF6,43.1
TRAF7,1.87
TRAFD1,0.978
TRAIP,0.198
TRAJ1,7.29
TRAJ10,1.04
TRAJ11,1.2
TRAJ12,0.186
TRAJ13,4.24
TRAJ14,0.0213
TRAJ16,5.74
TRAJ17,0.129
TRAJ18,3.46
TRAJ19,2.5
TRAJ2,0.0526
TRAJ22,0.831
TRAJ23,1.54
TRAJ24,2.04
TRAJ25,0.995
TRAJ26,0.0
TRAJ27,0.309
TRAJ28,0.00156
TRAJ29,0.00491
TRAJ3,1.29
TRAJ30,3.12
TRAJ31,0.0916
TRAJ32,4.3
TRAJ33,0.779
TRAJ34,0.0
TRAJ35,0.48
TRAJ36,0.699
TRAJ37,6.31
TRAJ38,0.312
TRAJ39,1.04
TRAJ40,0.954
TRAJ41,0.779
TRAJ42,1.06
TRAJ43,0.0914
TRAJ44,0.0
TRAJ45,0.0
TRAJ46,0.822
TRAJ47,7.3
TRAJ48,0.342
TRAJ49,1.49
TRAJ5,0.144
TRAJ50,1.12
TRAJ52,1.93
TRAJ54,3.32
TRAJ56,0.6
TRAJ57,5.14
TRAJ58,4.33
TRAJ59,0.418
TRAJ6,1.84
TRAJ61,1.59
TRAJ7,3.64
TRAJ8,0.198
TRAJ9,0.39
TRAK1,0.0
TRAK2,0.131
TRAM1,0.128
TRAM1L1,0.000762
TRAM2,12.1
TRANK1,0.0811
TRAP1,6.94
TRAPPC1,2.6
TRAPPC10,0.352
TRAPPC11,5.47
TRAPPC12,4.92
TRAPPC13,17.8
TRAPPC2,2.48
TRAPPC2B,3.17
TRAPPC2L,63.1
TRAPPC3,8.13
TRAPPC3L,3.47
TRAPPC4,8.21
TRAPPC5,3.5
TRAPPC6A,0.00297
TRAPPC6B,3.54
TRAPPC8,9.13
TRAPPC9,0.443
TRAT1,0.0867
TRAV1-1,0.291
TRAV1-2,5.61
TRAV10,0.444
TRAV12-1,2.84
TRAV12-2,2.21
TRAV12-3,6.01
TRAV13-1,1.11
TRAV13-2,0.0
TRAV14DV4,0.377
TRAV16,1.61
TRAV17,2.06
TRAV18,0.0
TRAV19,5.71
TRAV2,0.166
TRAV20,3.06
TRAV21,0.0814
TRAV22,0.0193
TRAV23DV6,0.0116
TRAV24,6.32
TRAV25,3.1
TRAV26-1,0.625
TRAV26-2,2.05
TRAV27,0.172
TRAV29DV5,0.0947
TRAV3,0.951
TRAV30,0.0
TRAV34,0.0
TRAV35,1.89
TRAV36DV7,1.1
TRAV38-1,0.0497
TRAV38-2DV8,1.45
TRAV39,0.957
TRAV4,0.182
TRAV40,0.408
TRAV41,0.166
TRAV5,0.262
TRAV6,2.66
TRAV7,2.9
TRAV8-1,0.107
TRAV8-2,0.0
TRAV8-3,2.14
TRAV8-4,0.0
TRAV8-6,0.00886
TRAV8-7,5.29
TRAV9-1,1.67
TRAV9-2,0.0
TRBC2,0.433
TRBJ2-1,0.0
TRBJ2-2,0.609
TRBJ2-2P,0.281
TRBJ2-3,1.48
TRBJ2-4,0.949
TRBJ2-5,0.122
TRBJ2-6,0.00616
TRBJ2-7,0.0
TRBV10-1,3.39
TRBV10-2,0.46
TRBV11-1,2.38
TRBV19,0.143
TRBV2,1.86
TRBV20-1,0.733
TRBV20OR9-2,0.328
TRBV21OR9-2,0.0
TRBV23-1,0.181
TRBV23OR9-2,0.221
TRBV24-1,0.00142
TRBV25-1,5.29
TRBV27,46.4
TRBV28,0.422
TRBV29-1,1.02
TRBV3-1,1.38
TRBV30,3.84
TRBV4-1,0.0263
TRBV4-2,0.0
TRBV5-1,0.0
TRBV5-3,0.439
TRBV5-4,0.0
TRBV5-5,1.67
TRBV5-6,0.367
TRBV5-7,10.4
TRBV6-1,0.152
TRBV6-4,0.0
TRBV6-5,0.248
TRBV6-6,0.0314
TRBV6-7,5.7
TRBV6-8,1.59
TRBV6-9,0.0179
TRBV7-1,2.1
TRBV7-3,0.427
TRBV7-4,0.0104
TRBV7-6,1.05
TRBV7-7,0.0
TRBV7-8,1.92
TRBV9,0.154
TRDC,1.24
TRDJ1,0.0
TRDJ2,0.0495
TRDJ3,0.0
TRDJ4,0.729
TRDMT1,6.46
TRDN,0.262
TRDV1,0.451
TRDV2,3.42
TRDV3,0.563
TREH,1.81
TREM1,4.18
TREM2,0.943
TREML1,12.9
TREML2,12.5
TREML4,2.46
TRERF1,51.9
TREX1,0.645
TREX2,0.0219
TRGC1,0.453
TRGC2,0.0941
TRGJP,0.0798
TRGJP1,0.56
TRGJP2,0.397
TRGV1,2.98
TRGV10,0.203
TRGV11,0.432
TRGV2,0.821
TRGV3,0.349
TRGV4,3.92
TRGV5,0.0102
TRGV8,0.69
TRGV9,0.61
TRH,0.782
TRHDE,10.6
TRHR,0.508
TRIAP1,4.23
TRIB1,2.04
TRIB2,0.274
TRIB3,0.0
TRIM10,11.6
TRIM11,11.6
TRIM13,0.0639
TRIM14,2.04
TRIM15,3.1
TRIM16,0.0
TRIM16L,1.54
TRIM17,1.8
TRIM2,1.83
TRIM21,2.97
TRIM22,1.5
TRIM23,1.82
TRIM24,3.51
TRIM25,0.06
TRIM26,2.32
TRIM27,0.0
TRIM28,0.2
TRIM29,0.569
TRIM3,5.36
TRIM31,1.71
TRIM32,3.83
TRIM33,7.56
TRIM34,1.0
TRIM35,0.901
TRIM36,0.453
TRIM37,5.3
TRIM38,1.89
TRIM39,3.92
TRIM39-RPP21,1.82
TRIM4,0.222
TRIM40,1.13
TRIM41,1.69
TRIM42,0.0495
TRIM43,0.094
TRIM44,0.442
TRIM45,11.3
TRIM46,3.84
TRIM47,9.05
TRIM48,8.11
TRIM49,9.01
TRIM49B,0.0878
TRIM49C,7.17
TRIM49D1,1.55
TRIM5,0.0245
TRIM50,3.74
TRIM51,7.6
TRIM52,6.38
TRIM54,5.83
TRIM55,1.15
TRIM56,0.0303
TRIM58,13.6
TRIM59,2.84
TRIM6,8.46
TRIM6-TRIM34,0.633
TRIM60,9.94
TRIM61,3.53
TRIM62,10.6
TRIM63,0.33
TRIM64B,0.0561
TRIM64C,1.15
TRIM65,1.39
TRIM66,0.139
TRIM67,4.44
TRIM68,6.43
TRIM69,9.16
TRIM7,1.74
TRIM71,2.44
TRIM72,0.802
TRIM73,0.582
TRIM74,6.59
TRIM77,16.9
TRIM8,0.867
TRIM9,0.283
TRIML1,2.44
TRIML2,0.457
TRIO,0.799
TRIOBP,0.236
TRIP10,3.04
TRIP11,2.05
TRIP12,0.244
TRIP13,10.0
TRIP4,0.22
TRIP6,7.26
TRIQK,0.0
TRIR,0.0
TRIT1,9.34
TRMO,0.0
TRMT1,11.8
TRMT10A,0.472
TRMT10B,0.0
TRMT10C,6.15
TRMT11,4.01
TRMT112,8.41
TRMT12,5.08
TRMT13,1.77
TRMT1L,0.0
TRMT2A,0.0145
TRMT2B,0.266
TRMT44,2.16
TRMT5,9.95
TRMT6,3.29
TRMT61A,0.0
TRMT61B,4.83
TRMU,1.49
TRNAU1AP,0.285
TRNP1,4.42
TRNT1,0.432
TRO,0.288
TROAP,5.47
TROVE2,1.52
TRPA1,0.0432
TRPC1,1.38
TRPC3,0.386
TRPC4,0.331
TRPC4AP,5.06
TRPC5,0.0
TRPC6,0.0
TRPC7,0.136
TRPM1,8.44
TRPM2,0.996
TRPM3,0.0
TRPM4,0.0
TRPM5,3.7
TRPM6,0.0
TRPM7,11.3
TRPM8,0.0
TRPS1,0.436
TRPT1,2.5
TRPV1,0.753
TRPV2,0.0
TRPV3,0.0671
TRPV4,1.59
TRPV5,9.52
TRPV6,0.0
TRRAP,8.12
TRUB1,0.263
TRUB2,3.21
TSACC,0.858
TSC1,5.44
TSC2,2.48
TSC22D1,5.52
TSC22D2,0.0
TSC22D3,2.28
TSC22D4,3.31
TSEN15,1.66
TSEN2,11.0
TSEN34,3.05
TSEN54,0.145
TSFM,0.0306
TSG101,2.94
TSGA10,0.464
TSGA10IP,0.917
TSGA13,0.318
TSHB,2.39
TSHR,0.464
TSHZ1,2.17
TSHZ2,1.26
TSHZ3,1.3
TSKS,1.69
TSKU,1.24
TSLP,5.02
TSN,7.38
TSNARE1,0.426
TSNAX,3.23
TSNAX-DISC1,1.46
TSNAXIP1,0.0
TSPAN1,0.282
TSPAN10,2.8
TSPAN11,0.128
TSPAN12,7.4
TSPAN13,0.102
TSPAN14,19.6
TSPAN15,2.85
TSPAN16,1.17
TSPAN17,6.36
TSPAN18,0.107
TSPAN19,0.345
TSPAN2,8.79
TSPAN3,4.28
TSPAN31,1.85
TSPAN32,2.58
TSPAN33,6.03
TSPAN4,12.8
TSPAN5,1.39
TSPAN6,2.0
TSPAN7,2.02
TSPAN8,3.11
TSPAN9,3.75
TSPEAR,0.00238
TSPEAR-AS2,3.31
TSPO,0.0572
TSPO2,5.1
TSPOAP1,0.147
TSPY1,0.441
TSPY2,0.375
TSPY3,0.297
TSPY4,0.0
TSPY6P,0.353
TSPY8,0.857
TSPYL1,14.9
TSPYL2,5.85
TSPYL4,0.532
TSPYL5,6.11
TSPYL6,0.705
TSR1,2.66
TSR2,2.52
TSR3,0.0
TSRM,0.0
TSSC4,3.36
TSSK1B,1.27
TSSK2,2.28
TSSK3,6.64
TSSK4,0.0361
TSSK6,3.55
TST,0.0
TSTA3,2.46
TSTD1,3.12
TSTD2,10.6
TTBK1,0.00213
TTBK2,1.05
TTC1,1.55
TTC12,1.08
TTC13,0.869
TTC14,0.236
TTC16,2.47
TTC17,5.66
TTC19,0.782
TTC21A,0.784
TTC21B,0.55
TTC22,0.644
TTC23,0.107
TTC23L,0.0
TTC24,3.49
TTC26,0.0925
TTC27,0.18
TTC28,0.073
TTC29,0.0899
TTC3,13.9
TTC30A,4.47
TTC30B,0.532
TTC31,0.0
TTC32,6.95
TTC33,12.0
TTC34,0.738
TTC36,11.8
TTC37,4.96
TTC38,0.0819
TTC39A,0.56
TTC39B,0.000471
TTC39C,1.7
TTC4,4.79
TTC5,3.55
TTC6,2.47
TTC7A,0.0
TTC7B,1.04
TTC8,0.0073
TTC9,0.574
TTC9B,1.76
TTC9C,0.561
TTF1,3.25
TTF2,0.398
TTI1,6.9
TTI2,0.235
TTK,9.8
TTL,2.04
TTLL1,0.0
TTLL10,0.91
TTLL11,0.0
TTLL12,0.912
TTLL13P,1.33
TTLL2,3.29
TTLL3,2.28
TTLL4,0.0
TTLL5,0.232
TTLL6,4.38
TTLL7,0.0
TTLL8,0.52
TTLL9,0.537
TTN,0.894
TTPA,0.0
TTPAL,0.606
TTR,0.286
TTYH1,0.512
TTYH2,0.251
TTYH3,0.334
TUB,0.216
TUBA1A,1.91
TUBA1B,3.06
TUBA1C,0.0
TUBA3C,1.6
TUBA3D,5.04
TUBA3E,0.994
TUBA4A,1.68
TUBA8,0.0
TUBAL3,0.0459
TUBB,1.75
TUBB1,0.00847
TUBB2A,14.9
TUBB2B,0.111
TUBB3,5.34
TUBB4A,0.626
TUBB4B,2.44
TUBB6,0.0
TUBB8,1.48
TUBB8P7,12.7
TUBD1,8.75
TUBE1,0.185
TUBG1,1.56
TUBG2,0.0
TUBGCP2,0.747
TUBGCP3,0.0
TUBGCP4,1.81
TUBGCP5,0.472
TUBGCP6,5.17
TUFM,2.9
TUFT1,0.704
TULP1,6.39
TULP2,0.205
TULP3,0.538
TULP4,2.15
TUSC1,2.06
TUSC2,1.25
TUSC3,3.0
TUSC5,1.06
TUT1,0.0101
TVP23A,7.26
TVP23B,17.7
TVP23C,2.92
TVP23C-CDRT4,2.87
TWF1,0.767
TWF2,1.02
TWIST1,0.0
TWIST2,0.0
TWISTNB,2.34
TWNK,8.96
TWSG1,2.97
TXK,0.351
TXLNA,1.04
TXLNB,1.46
TXLNG,0.0
TXN,1.12
TXN2,1.46
TXNDC11,1.46
TXNDC12,0.533
TXNDC15,0.00626
TXNDC16,8.94
TXNDC17,2.11
TXNDC2,0.111
TXNDC5,5.51
TXNDC8,0.0
TXNDC9,0.379
TXNIP,2.49
TXNL1,4.57
TXNL4A,14.3
TXNL4B,0.164
TXNRD1,16.8
TXNRD2,0.0
TXNRD3,0.512
TXNRD3NB,0.681
TYK2,9.06
TYMP,2.41
TYMS,6.93
TYMSOS,0.178
TYR,2.61
TYRO3,0.699
TYROBP,1.39
TYRP1,0.811
TYSND1,0.49
TYW1,6.2
TYW1B,8.25
TYW3,0.755
TYW5,1.09
U2AF1,1.19
U2AF1L4,0.0
U2AF2,0.266
U2SURP,2.22
U82695.9,0.0
UACA,0.0
UAP1,0.0
UAP1L1,1.7
UBA1,0.191
UBA2,6.03
UBA3,7.55
UBA5,0.0
UBA52,0.342
UBA6,6.1
UBA7,8.43
UBAC1,8.52
UBAC2,0.37
UBALD1,2.87
UBALD2,0.17
UBAP1,1.15
UBAP1L,0.866
UBAP2,14.0
UBAP2L,12.6
UBASH3A,2.04
UBASH3B,9.86
UBB,1.75
UBBP4,0.172
UBC,11.6
UBD,0.0737
UBE2A,8.65
UBE2B,0.136
UBE2C,0.11
UBE2D1,4.12
UBE2D2,0.0323
UBE2D3,5.26
UBE2D4,3.81
UBE2E1,6.11
UBE2E2,8.13
UBE2E3,8.78
UBE2F,23.0
UBE2F-SCLY,4.56
UBE2G1,1.93
UBE2G2,0.00724
UBE2H,6.1
UBE2I,2.0
UBE2J1,3.11
UBE2J2,11.6
UBE2K,31.0
UBE2L3,87.5
UBE2L6,8.83
UBE2M,5.02
UBE2N,4.64
UBE2NL,5.21
UBE2O,0.837
UBE2Q1,0.209
UBE2Q2,0.805
UBE2Q2L,15.0
UBE2QL1,4.42
UBE2R2,4.44
UBE2S,0.571
UBE2T,6.93
UBE2U,3.64
UBE2V1,2.43
UBE2V2,0.24
UBE2W,0.532
UBE2Z,7.68
UBE3A,1.3
UBE3B,1.01
UBE3C,2.87
UBE3D,7.1
UBE4A,2.57
UBE4B,0.336
UBFD1,4.97
UBIAD1,1.16
UBL3,0.165
UBL4A,0.789
UBL4B,12.5
UBL5,33.2
UBL7,4.81
UBLCP1,9.78
UBN1,0.0
UBN2,3.92
UBOX5,2.55
UBP1,0.277
UBQLN1,3.21
UBQLN2,8.91
UBQLN3,5.11
UBQLN4,2.12
UBQLNL,8.48
UBR1,0.873
UBR2,13.5
UBR3,11.6
UBR4,2.23
UBR5,2.02
UBR7,1.7
UBTD1,2.14
UBTD2,2.61
UBTF,24.2
UBXN1,0.691
UBXN10,6.38
UBXN11,0.652
UBXN2A,3.44
UBXN2B,0.114
UBXN4,1.89
UBXN6,5.11
UBXN7,6.99
UCHL1,0.639
UCHL3,1.73
UCHL5,7.86
UCK1,3.81
UCK2,4.53
UCKL1,0.0686
UCMA,0.102
UCN,5.67
UCN2,4.97
UCN3,0.0
UCP1,0.0419
UCP2,0.0
UCP3,0.092
UEVLD,4.03
UFC1,7.39
UFD1,1.21
UFL1,4.99
UFM1,1.93
UFSP1,1.63
UFSP2,8.3
UGCG,0.0871
UGDH,2.49
UGGT1,13.6
UGGT2,0.0
UGP2,6.31
UGT1A1,0.0
UGT1A10,1.06
UGT1A3,0.0
UGT1A4,0.0
UGT1A5,0.569
UGT1A6,0.241
UGT1A7,1.44
UGT1A8,0.0955
UGT1A9,0.195
UGT2A1,4.1
UGT2A2,4.53
UGT2A3,0.0
UGT2B10,0.132
UGT2B11,0.0
UGT2B15,0.0868
UGT2B17,0.0256
UGT2B28,1.84
UGT2B4,0.00312
UGT2B7,0.0
UGT3A1,2.4
UGT3A2,1.14
UGT8,0.0
UHMK1,2.24
UHRF1BP1,1.83
UHRF1BP1L,2.27
UHRF2,2.89
UIMC1,1.9
ULBP1,0.0362
ULBP2,5.87
ULBP3,0.816
ULK1,0.0
ULK2,0.668
ULK3,4.22
ULK4,0.049
UMAD1,1.3
UMOD,1.46
UMODL1,0.206
UMODL1-AS1,2.78
UMPS,1.46
UNC119,1.76
UNC119B,0.406
UNC13A,3.12
UNC13B,4.62
UNC13C,0.74
UNC13D,2.85
UNC45A,7.6
UNC45B,5.67
UNC50,21.2
UNC5A,0.0
UNC5B,3.52
UNC5C,0.0708
UNC5CL,2.55
UNC5D,0.0675
UNC79,0.254
UNC80,0.0
UNC93A,4.21
UNC93B1,2.59
UNCX,1.8
UNG,0.542
UNK,2.17
UNKL,6.58
UPB1,0.0542
UPF1,2.63
UPF2,1.5
UPF3A,5.92
UPF3B,5.76
UPK1A,0.0621
UPK1B,0.473
UPK2,0.0522
UPK3A,0.0
UPK3B,2.97
UPK3BL1,0.0128
UPP1,0.0
UPP2,0.55
UPRT,0.119
UQCC1,4.13
UQCC2,9.0
UQCC3,52.5
UQCR10,1.71
UQCR11,18.1
UQCRB,0.0
UQCRC1,0.999
UQCRC2,0.0513
UQCRFS1,1.93
UQCRH,11.8
UQCRQ,8.73
URAD,1.04
URB1,4.95
URB1-AS1,2.82
URB2,2.58
URGCP,3.28
URGCP-MRPS24,14.4
URI1,2.99
URM1,5.03
UROC1,0.00141
UROD,16.5
UROS,5.34
USB1,7.93
USE1,21.8
USF1,8.35
USF2,28.9
USF3,0.186
USH1C,2.31
USH1G,5.1
USH2A,0.0
USHBP1,1.81
USMG5,0.0709
USO1,10.4
USP1,14.3
USP10,2.92
USP11,0.41
USP12,12.8
USP13,5.54
USP14,8.98
USP15,4.76
USP16,1.68
USP17L10,7.75
USP17L11,3.37
USP17L13,2.65
USP17L17,3.5
USP17L18,0.0
USP17L19,5.26
USP17L2,0.43
USP17L20,6.5
USP17L21,0.0
USP17L23,20.5
USP17L29,5.37
USP18,3.85
USP19,1.5
USP2,0.161
USP20,1.0
USP21,1.15
USP22,78.3
USP24,7.11
USP25,4.41
USP26,2.69
USP27X,13.6
USP28,7.32
USP29,3.46
USP3,1.13
USP30,1.51
USP31,8.5
USP32,9.66
USP33,0.946
USP34,0.183
USP35,4.15
USP36,5.1
USP37,10.6
USP38,0.704
USP39,10.8
USP4,5.02
USP40,3.34
USP41,1.93
USP42,0.129
USP43,0.0936
USP44,7.17
USP45,5.75
USP46,6.86
USP47,6.06
USP48,2.58
USP49,5.95
USP5,1.25
USP50,3.55
USP51,0.561
USP53,11.2
USP54,9.98
USP6,2.9
USP6NL,0.153
USP7,8.49
USP8,0.523
USP9X,16.0
USP9Y,5.72
USPL1,11.8
UST,7.06
UTF1,1.76
UTP11,0.0
UTP14A,1.05
UTP14C,1.04
UTP15,29.8
UTP18,1.9
UTP20,3.89
UTP23,1.19
UTP3,2.14
UTP4,2.18
UTP6,0.0
UTRN,0.207
UTS2,3.81
UTS2B,0.622
UTS2R,3.67
UTY,0.347
UVRAG,3.51
UVSSA,0.0007
UXS1,19.1
UXT,9.68
VAC14,2.53
VAMP1,1.26
VAMP2,0.237
VAMP3,1.35
VAMP4,7.78
VAMP5,0.146
VAMP7,0.419
VAMP8,0.596
VANGL1,5.99
VANGL2,1.83
VAPA,0.0111
VAPB,0.187
VARS,0.199
VARS2,2.88
VASH1,0.273
VASH2,0.248
VASN,4.26
VASP,5.82
VAT1,5.23
VAT1L,0.81
VAV1,2.47
VAV2,0.698
VAV3,5.68
VAX1,0.183
VAX2,1.72
VBP1,0.679
VCAM1,0.0395
VCAN,0.0253
VCL,2.71
VCP,5.69
VCPIP1,3.96
VCPKMT,0.0
VCX,0.182
VCX2,4.94
VCX3A,1.31
VCX3B,6.32
VCY,0.11
VCY1B,0.288
VDAC1,8.53
VDAC2,1.55
VDAC3,3.37
VDR,2.73
VEGFA,0.0
VEGFB,1.13
VEGFC,0.0402
VEGFD,0.0
VENTX,2.62
VEPH1,0.0305
VEZF1,1.21
VEZT,5.68
VGF,1.28
VGLL1,0.00186
VGLL2,1.36
VGLL3,0.0195
VGLL4,0.0299
VHL,15.3
VHLL,9.53
VIL1,0.0
VILL,1.72
VIM,1.41
VIP,0.0229
VIPAS39,0.43
VIPR1,1.92
VIPR2,4.17
VIRMA,0.0201
VIT,0.0781
VKORC1,0.0801
VKORC1L1,3.9
VLDLR,0.0
VMA21,5.04
VMAC,0.0
VMO1,2.36
VMP1,5.88
VN1R1,2.56
VN1R2,0.0375
VN1R4,0.293
VNN1,1.56
VNN2,3.05
VNN3,1.02
VOPP1,0.396
VPREB1,5.58
VPREB3,7.18
VPS11,7.16
VPS13A,13.8
VPS13B,0.152
VPS13C,2.4
VPS13D,0.879
VPS16,1.66
VPS18,3.73
VPS25,2.31
VPS26A,2.7
VPS26B,2.71
VPS28,3.83
VPS29,1.33
VPS33A,2.11
VPS33B,11.2
VPS35,9.22
VPS36,1.61
VPS37A,1.95
VPS37B,1.02
VPS37C,0.199
VPS37D,0.313
VPS39,4.5
VPS41,4.6
VPS45,2.17
VPS4A,3.29
VPS4B,4.08
VPS50,1.62
VPS51,2.35
VPS52,2.0
VPS53,0.433
VPS54,2.05
VPS72,2.22
VPS8,11.0
VPS9D1,4.08
VRK1,4.42
VRK2,2.29
VRK3,0.0201
VRTN,0.0
VSIG1,2.02
VSIG10,3.25
VSIG10L,0.619
VSIG2,0.672
VSIG4,4.59
VSIG8,0.0
VSIR,5.97
VSNL1,0.00135
VSTM1,0.161
VSTM2A,4.99
VSTM2B,0.673
VSTM2L,0.0
VSTM4,2.15
VSTM5,3.04
VSX1,0.914
VSX2,4.5
VTA1,2.93
VTCN1,0.0
VTI1A,3.1
VTI1B,6.0
VTN,0.118
VWA1,1.53
VWA2,1.65
VWA3A,1.61
VWA3B,2.03
VWA5A,0.373
VWA5B1,1.68
VWA5B2,5.45
VWA7,0.301
VWA8,0.807
VWC2,4.13
VWC2L,1.0
VWCE,0.544
VWDE,0.0
VWF,0.0254
WAC,0.0
WAPL,16.6
WARS,21.6
WARS2,8.15
WAS,0.342
WASF1,3.68
WASF2,20.0
WASF3,0.961
WASH4P,10.3
WASHC2A,1.8
WASHC2C,0.0752
WASHC3,0.432
WASHC4,6.75
WASHC5,14.5
WASL,0.129
WBP1,4.58
WBP11,7.3
WBP1L,0.734
WBP2,16.5
WBP2NL,0.146
WBP4,0.769
WDCP,0.801
WDFY1,1.99
WDFY2,1.88
WDFY3,6.05
WDFY4,1.82
WDHD1,3.47
WDPCP,0.0176
WDR1,1.27
WDR11,0.417
WDR12,0.0177
WDR13,0.943
WDR17,0.51
WDR18,6.03
WDR19,0.306
WDR20,3.74
WDR24,2.79
WDR25,7.7
WDR26,0.491
WDR27,3.64
WDR3,4.26
WDR31,5.87
WDR33,0.709
WDR34,0.0426
WDR35,0.0286
WDR36,9.97
WDR37,2.54
WDR38,5.07
WDR4,0.00798
WDR41,0.0183
WDR43,0.0
WDR44,0.0
WDR45,3.37
WDR45B,0.0
WDR46,0.671
WDR47,0.551
WDR48,5.4
WDR49,4.1
WDR5,3.86
WDR53,0.108
WDR54,0.687
WDR55,4.25
WDR59,4.76
WDR5B,0.00119
WDR6,4.15
WDR60,0.0
WDR61,1.54
WDR62,4.56
WDR63,0.0418
WDR64,0.0
WDR66,1.54
WDR7,0.00382
WDR70,2.73
WDR72,0.655
WDR73,1.31
WDR74,0.0
WDR75,3.38
WDR76,0.556
WDR77,2.53
WDR78,1.64
WDR81,12.2
WDR82,3.9
WDR83,4.23
WDR83OS,0.279
WDR86,3.38
WDR87,0.195
WDR88,0.77
WDR89,0.0429
WDR90,1.71
WDR91,0.3
WDR92,14.2
WDR93,1.03
WDR97,0.44
WDSUB1,0.00187
WDTC1,6.78
WDYHV1,8.86
WEE1,15.3
WEE2,3.85
WFDC1,0.722
WFDC10A,0.0
WFDC10B,4.81
WFDC11,0.35
WFDC12,0.0597
WFDC13,0.0071
WFDC2,7.08
WFDC3,0.112
WFDC5,0.28
WFDC6,1.24
WFDC8,0.0514
WFDC9,0.12
WFIKKN1,4.77
WFIKKN2,0.0
WFS1,0.0
WHAMM,2.38
WHRN,0.0
WI2-3308P17.2,12.2
WIF1,0.554
WIPF1,0.919
WIPF2,0.0344
WIPF3,0.0
WIPI1,13.9
WIPI2,9.48
WISP1,0.103
WISP2,1.3
WISP3,1.72
WIZ,0.0
WLS,0.735
WNK1,2.58
WNK2,0.886
WNK3,1.02
WNK4,0.0545
WNT1,0.579
WNT10A,0.158
WNT10B,0.0135
WNT11,0.0
WNT16,0.0
WNT2,0.0
WNT2B,1.29
WNT3,0.745
WNT3A,1.98
WNT4,1.03
WNT5A,0.0
WNT5B,0.0441
WNT6,4.53
WNT7A,0.639
WNT7B,0.965
WNT8A,0.0397
WNT8B,0.0173
WNT9A,0.193
WNT9B,0.0716
WRAP53,13.9
WRAP73,1.03
WRB,4.74
WRN,0.0
WRNIP1,0.0
WSB1,2.76
WSB2,7.52
WSCD1,0.0
WSCD2,1.68
WT1,0.511
WTAP,6.77
WTIP,0.86
WWC1,5.29
WWC2,0.788
WWC3,3.06
WWOX,1.13
WWP1,9.21
WWP2,8.37
WWTR1,2.28
XAB2,1.3
XAF1,0.0171
XAGE1E,0.0389
XAGE2,0.742
XAGE3,4.41
XAGE5,0.239
XBP1,0.815
XCL1,0.77
XCL2,0.0549
XCR1,0.0157
XDH,0.0641
XG,7.35
XIAP,10.6
XIRP1,0.0
XIRP2,0.185
XK,5.76
XKR3,2.7
XKR4,1.92
XKR6,1.69
XKR7,2.06
XKR8,3.85
XKR9,1.89
XKRX,1.42
XPA,0.0188
XPC,2.17
XPNPEP1,19.3
XPNPEP2,1.7
XPNPEP3,14.6
XPO1,21.2
XPO4,3.38
XPO5,23.2
XPO6,2.57
XPO7,16.0
XPOT,21.7
XPR1,1.38
XRCC1,0.808
XRCC2,0.0061
XRCC3,0.928
XRCC4,0.26
XRCC5,4.86
XRCC6,14.0
XRN1,23.9
XRN2,3.07
XRRA1,4.93
XXBAC-BPG181M17.5,0.0
XXBAC-BPG32J3.20,0.0
XXCOS-LUCA11.5,0.172
XXYLT1,0.284
XYLB,1.31
XYLT1,1.38
XYLT2,0.00288
YAE1D1,3.09
YAF2,0.0479
YAP1,0.0716
YARS,0.475
YARS2,2.46
YBEY,0.0156
YBX1,1.45
YBX2,0.237
YBX3,3.36
YDJC,0.453
YEATS2,17.9
YEATS4,2.21
YES1,0.0
YIF1A,5.52
YIF1B,1.62
YIPF1,3.09
YIPF2,0.0
YIPF3,8.75
YIPF4,2.26
YIPF5,6.38
YIPF6,5.54
YIPF7,1.3
YJEFN3,2.67
YKT6,3.06
YLPM1,2.42
YME1L1,2.31
YOD1,3.0
YPEL1,3.33
YPEL2,1.25
YPEL3,2.98
YPEL4,2.02
YPEL5,2.65
YRDC,2.31
YTHDC1,1.46
YTHDC2,0.0
YTHDF1,1.45
YTHDF2,1.01
YTHDF3,1.87
YWHAB,0.0
YWHAE,2.82
YWHAG,7.07
YWHAH,0.313
YWHAQ,1.13
YWHAZ,3.07
YY1,17.1
YY1AP1,10.5
YY2,0.211
Z97053.1,0.0
Z98049.1,0.0
ZACN,0.0
ZADH2,0.175
ZAN,0.0
ZAP70,2.52
ZAR1,0.418
ZAR1L,0.26
ZBBX,2.51
ZBED1,1.17
ZBED2,0.0
ZBED3,2.04
ZBED4,0.0
ZBED5,0.86
ZBED6,1.14
ZBED6CL,0.586
ZBED8,0.0
ZBED9,0.0
ZBP1,0.0525
ZBTB1,11.8
ZBTB10,0.484
ZBTB11,3.74
ZBTB12,2.71
ZBTB14,0.163
ZBTB16,0.0
ZBTB17,2.98
ZBTB18,0.868
ZBTB2,31.4
ZBTB20,2.01
ZBTB21,0.304
ZBTB22,0.0
ZBTB24,1.23
ZBTB25,0.00864
ZBTB26,0.823
ZBTB3,0.632
ZBTB32,0.0
ZBTB33,0.133
ZBTB34,0.298
ZBTB37,0.925
ZBTB38,0.45
ZBTB39,0.0
ZBTB4,1.88
ZBTB40,4.57
ZBTB41,0.151
ZBTB42,0.118
ZBTB43,0.0251
ZBTB44,1.05
ZBTB45,0.393
ZBTB46,2.37
ZBTB47,1.94
ZBTB48,11.0
ZBTB49,0.41
ZBTB5,3.79
ZBTB6,0.292
ZBTB7A,16.0
ZBTB7B,12.9
ZBTB7C,1.09
ZBTB8A,0.847
ZBTB8OS,0.701
ZBTB9,1.41
ZC2HC1A,0.159
ZC2HC1B,3.29
ZC2HC1C,0.524
ZC3H10,20.7
ZC3H11A,2.18
ZC3H12A,0.869
ZC3H12B,0.381
ZC3H12C,7.12
ZC3H12D,0.0
ZC3H13,1.14
ZC3H14,3.31
ZC3H15,2.57
ZC3H18,0.79
ZC3H3,3.24
ZC3H4,6.38
ZC3H6,4.34
ZC3H7A,3.42
ZC3H7B,5.81
ZC3H8,2.07
ZC3HAV1,1.17
ZC3HAV1L,2.03
ZC3HC1,5.19
ZC4H2,0.214
ZCCHC10,1.69
ZCCHC11,0.0461
ZCCHC12,1.14
ZCCHC13,2.35
ZCCHC14,0.0772
ZCCHC17,0.00194
ZCCHC18,0.152
ZCCHC2,4.43
ZCCHC24,0.0
ZCCHC3,0.0
ZCCHC4,0.00476
ZCCHC6,0.59
ZCCHC7,16.2
ZCCHC8,10.6
ZCCHC9,13.0
ZCRB1,5.15
ZCWPW1,3.93
ZCWPW2,0.177
ZDBF2,1.02
ZDHHC1,11.2
ZDHHC11,1.6
ZDHHC11B,5.13
ZDHHC12,0.481
ZDHHC13,3.42
ZDHHC14,1.81
ZDHHC15,3.77
ZDHHC16,0.678
ZDHHC17,2.2
ZDHHC18,5.14
ZDHHC19,0.0
ZDHHC2,3.75
ZDHHC20,3.02
ZDHHC21,3.01
ZDHHC22,0.501
ZDHHC23,0.446
ZDHHC24,4.3
ZDHHC3,1.46
ZDHHC4,0.217
ZDHHC5,35.2
ZDHHC6,0.194
ZDHHC7,1.51
ZDHHC8,3.69
ZDHHC9,0.45
ZEB1,0.186
ZEB2,4.02
ZER1,8.89
ZFAND1,1.19
ZFAND2A,1.21
ZFAND2B,9.0
ZFAND3,2.33
ZFAND4,5.3
ZFAND5,21.9
ZFAND6,2.63
ZFAT,0.00877
ZFC3H1,2.99
ZFHX2,2.59
ZFHX3,0.839
ZFHX4,0.00511
ZFP1,0.0
ZFP14,3.15
ZFP2,1.74
ZFP28,1.39
ZFP3,0.0
ZFP30,0.892
ZFP36,0.198
ZFP36L1,0.284
ZFP36L2,18.3
ZFP37,0.333
ZFP41,0.165
ZFP42,0.0
ZFP57,0.0
ZFP62,0.377
ZFP64,0.0973
ZFP69,0.0493
ZFP69B,4.36
ZFP82,5.71
ZFP90,0.0
ZFP91,0.674
ZFP91-CNTF,3.38
ZFP92,0.0
ZFPL1,4.84
ZFPM1,0.0117
ZFPM2,0.185
ZFR,5.25
ZFR2,0.399
ZFX,2.78
ZFY,0.255
ZFYVE1,0.111
ZFYVE16,2.5
ZFYVE19,0.409
ZFYVE21,1.6
ZFYVE26,1.77
ZFYVE27,6.13
ZFYVE28,0.0295
ZFYVE9,0.231
ZG16,0.0
ZG16B,0.222
ZGLP1,0.0917
ZGPAT,0.274
ZGRF1,0.422
ZHX1,0.507
ZHX1-C8orf76,1.43
ZHX2,0.127
ZHX3,1.07
ZIC1,0.2
ZIC2,1.11
ZIC3,0.0
ZIC4,1.37
ZIC5,0.38
ZIK1,0.00774
ZIM2,0.111
ZIM3,0.0
ZKSCAN1,0.629
ZKSCAN2,3.84
ZKSCAN3,1.2
ZKSCAN4,0.384
ZKSCAN5,0.0
ZKSCAN7,0.0253
ZKSCAN8,3.81
ZMAT1,0.265
ZMAT2,3.93
ZMAT3,1.41
ZMAT4,0.126
ZMAT5,4.87
ZMIZ1,3.33
ZMIZ2,0.21
ZMPSTE24,0.00829
ZMYM1,2.52
ZMYM2,0.0
ZMYM3,1.05
ZMYM4,1.37
ZMYM5,7.28
ZMYND10,1.57
ZMYND11,16.7
ZMYND12,1.15
ZMYND15,0.558
ZMYND19,4.54
ZMYND8,103.0
ZNF10,2.12
ZNF100,3.52
ZNF101,0.0625
ZNF106,0.327
ZNF107,0.000548
ZNF112,1.86
ZNF114,0.0118
ZNF117,0.193
ZNF12,2.09
ZNF121,0.039
ZNF124,0.572
ZNF131,4.64
ZNF132,0.546
ZNF133,0.0
ZNF134,0.843
ZNF135,0.0
ZNF136,3.08
ZNF138,0.305
ZNF14,0.481
ZNF140,0.0
ZNF141,0.0
ZNF142,0.778
ZNF143,0.976
ZNF146,1.21
ZNF148,0.0
ZNF154,0.0
ZNF155,0.498
ZNF157,0.208
ZNF16,4.43
ZNF160,0.00121
ZNF165,0.41
ZNF169,0.0
ZNF17,0.0
ZNF174,0.0
ZNF175,0.0
ZNF177,0.000205
ZNF18,0.0
ZNF180,3.35
ZNF181,0.0
ZNF182,0.0964
ZNF184,1.19
ZNF185,0.768
ZNF189,0.000468
ZNF19,0.0
ZNF195,0.79
ZNF197,0.0
ZNF2,0.0
ZNF20,0.0
ZNF200,0.0
ZNF202,0.113
ZNF205,0.6
ZNF207,8.45
ZNF208,0.0193
ZNF211,0.621
ZNF212,0.128
ZNF213,1.45
ZNF214,0.445
ZNF215,2.83
ZNF217,1.94
ZNF219,0.0
ZNF22,6.55
ZNF221,0.825
ZNF222,0.377
ZNF223,0.212
ZNF224,0.0
ZNF225,0.0468
ZNF226,0.323
ZNF227,0.391
ZNF229,1.85
ZNF23,0.13
ZNF230,0.787
ZNF232,0.0351
ZNF233,1.15
ZNF234,5.17
ZNF235,0.00757
ZNF236,0.862
ZNF239,0.306
ZNF24,0.367
ZNF248,0.0
ZNF25,1.16
ZNF250,3.94
ZNF251,2.27
ZNF253,1.03
ZNF254,5.49
ZNF256,1.29
ZNF257,0.0
ZNF26,0.465
ZNF260,0.231
ZNF263,0.235
ZNF264,0.151
ZNF266,0.794
ZNF267,0.0
ZNF268,0.74
ZNF273,0.0
ZNF274,0.0
ZNF275,0.0
ZNF276,0.0308
ZNF277,0.0
ZNF28,0.0
ZNF280A,0.0292
ZNF280B,0.108
ZNF280C,0.0
ZNF280D,0.0373
ZNF281,1.12
ZNF282,0.0794
ZNF283,0.422
ZNF284,0.0
ZNF285,0.0117
ZNF286A,1.81
ZNF286B,1.11
ZNF287,2.45
ZNF292,2.26
ZNF296,1.18
ZNF3,0.651
ZNF30,0.422
ZNF300,1.76
ZNF302,2.52
ZNF304,0.00829
ZNF311,0.0
ZNF317,1.74
ZNF318,1.21
ZNF319,1.23
ZNF32,0.137
ZNF320,1.03
ZNF321P,0.262
ZNF322,3.17
ZNF324,0.249
ZNF324B,0.0
ZNF326,0.416
ZNF329,0.31
ZNF330,0.628
ZNF331,0.211
ZNF333,0.494
ZNF334,0.0956
ZNF335,2.73
ZNF337,0.53
ZNF33A,0.706
ZNF33B,0.0
ZNF34,3.49
ZNF341,0.0
ZNF343,2.37
ZNF345,0.0
ZNF346,0.0294
ZNF347,3.45
ZNF35,0.0
ZNF350,2.02
ZNF354A,2.55
ZNF354B,0.0
ZNF354C,1.42
ZNF358,1.53
ZNF362,1.17
ZNF365,0.0268
ZNF366,0.0
ZNF367,2.14
ZNF37A,0.0695
ZNF382,0.322
ZNF383,2.85
ZNF384,0.0554
ZNF385A,3.15
ZNF385B,0.358
ZNF385C,0.23
ZNF385D,0.0
ZNF391,0.0
ZNF394,0.00698
ZNF395,0.534
ZNF396,0.0142
ZNF397,0.315
ZNF398,1.07
ZNF404,0.177
ZNF407,0.0
ZNF408,0.0
ZNF41,0.00944
ZNF410,0.0811
ZNF414,0.104
ZNF415,0.464
ZNF416,0.0
ZNF417,0.127
ZNF418,0.311
ZNF419,0.0
ZNF420,0.786
ZNF423,2.26
ZNF425,0.0
ZNF426,0.135
ZNF428,0.0
ZNF429,0.0
ZNF43,1.12
ZNF430,0.445
ZNF431,0.25
ZNF432,0.0
ZNF433,1.88
ZNF436,1.95
ZNF436-AS1,0.63
ZNF438,0.0
ZNF439,0.0
ZNF44,1.64
ZNF440,0.0
ZNF441,0.572
ZNF442,0.715
ZNF443,0.144
ZNF444,0.397
ZNF445,0.128
ZNF446,0.118
ZNF449,0.41
ZNF45,0.151
ZNF451,0.0
ZNF454,0.794
ZNF460,0.237
ZNF461,0.271
ZNF462,4.85
ZNF467,7.77
ZNF468,1.86
ZNF469,0.656
ZNF470,2.05
ZNF471,0.0
ZNF473,4.99
ZNF474,0.516
ZNF479,0.0064
ZNF48,0.808
ZNF480,0.268
ZNF483,1.47
ZNF484,0.000878
ZNF485,1.57
ZNF486,0.539
ZNF487,0.781
ZNF488,1.68
ZNF490,2.4
ZNF491,0.1
ZNF492,1.23
ZNF493,5.72
ZNF496,0.556
ZNF497,1.52
ZNF500,1.1
ZNF501,3.51
ZNF502,2.16
ZNF503,0.497
ZNF506,0.0
ZNF507,1.01
ZNF510,0.0
ZNF511,0.0
ZNF512,0.463
ZNF512B,0.0
ZNF513,0.0
ZNF514,0.0
ZNF516,2.62
ZNF517,1.59
ZNF518B,0.543
ZNF519,0.299
ZNF521,0.515
ZNF524,0.851
ZNF525,1.57
ZNF526,1.36
ZNF527,0.000279
ZNF528,0.0
ZNF529,0.433
ZNF530,1.83
ZNF532,0.0
ZNF534,0.0773
ZNF536,0.445
ZNF540,0.413
ZNF541,0.233
ZNF543,0.662
ZNF544,0.307
ZNF546,0.412
ZNF547,0.0
ZNF548,4.1
ZNF549,0.0
ZNF550,0.203
ZNF551,0.162
ZNF552,0.0
ZNF554,1.16
ZNF555,0.00935
ZNF556,0.0327
ZNF557,1.9
ZNF558,1.57
ZNF559,0.444
ZNF559-ZNF177,0.0
ZNF560,1.85
ZNF561,0.0232
ZNF561-AS1,0.477
ZNF562,0.604
ZNF563,0.914
ZNF564,0.0451
ZNF565,0.0
ZNF566,0.0514
ZNF567,0.716
ZNF568,1.09
ZNF569,0.0518
ZNF57,0.0884
ZNF570,4.32
ZNF571,0.652
ZNF572,0.0
ZNF573,3.64
ZNF574,3.7
ZNF575,0.0137
ZNF576,0.0
ZNF577,0.264
ZNF578,0.0655
ZNF579,1.39
ZNF580,2.51
ZNF581,0.0
ZNF582,1.31
ZNF583,0.0
ZNF584,1.26
ZNF585A,0.0411
ZNF585B,0.274
ZNF586,0.00559
ZNF587,0.0674
ZNF587B,1.83
ZNF589,0.542
ZNF592,18.6
ZNF593,0.0
ZNF594,0.953
ZNF595,6.52
ZNF596,0.335
ZNF597,0.0125
ZNF598,1.04
ZNF599,0.0
ZNF600,0.0574
ZNF605,1.51
ZNF606,0.138
ZNF607,0.348
ZNF608,1.48
ZNF609,4.07
ZNF610,0.622
ZNF611,0.0
ZNF613,0.0
ZNF614,1.67
ZNF615,0.737
ZNF616,0.0
ZNF618,0.00826
ZNF619,0.524
ZNF620,1.59
ZNF621,0.287
ZNF622,1.44
ZNF623,1.38
ZNF624,0.0465
ZNF625,3.22
ZNF625-ZNF20,0.147
ZNF626,0.537
ZNF627,4.82
ZNF628,0.0
ZNF629,9.3
ZNF630,2.28
ZNF638,4.75
ZNF639,10.6
ZNF641,3.24
ZNF644,0.0291
ZNF645,6.78
ZNF646,1.26
ZNF648,0.0
ZNF649,0.0
ZNF652,2.12
ZNF653,2.07
ZNF654,0.00129
ZNF655,0.311
ZNF658,2.13
ZNF66,4.96
ZNF660,0.00127
ZNF662,0.352
ZNF664,0.31
ZNF665,0.0
ZNF667,0.584
ZNF668,2.22
ZNF669,1.45
ZNF670,2.45
ZNF671,0.0
ZNF672,0.0107
ZNF674,6.48
ZNF675,0.0139
ZNF676,0.116
ZNF677,0.252
ZNF678,3.04
ZNF679,0.885
ZNF680,1.91
ZNF681,0.0
ZNF682,0.0551
ZNF683,0.524
ZNF684,2.09
ZNF687,11.9
ZNF688,0.0646
ZNF689,0.837
ZNF69,0.0
ZNF691,0.192
ZNF692,0.217
ZNF695,0.164
ZNF696,6.08
ZNF697,4.96
ZNF699,6.87
ZNF7,0.0
ZNF70,12.6
ZNF700,0.428
ZNF701,4.13
ZNF703,0.00854
ZNF704,0.0
ZNF705A,0.396
ZNF705B,0.073
ZNF705D,0.209
ZNF705G,4.77
ZNF706,1.9
ZNF707,0.015
ZNF708,12.7
ZNF709,2.85
ZNF71,0.0
ZNF710,0.077
ZNF711,0.0293
ZNF713,0.0
ZNF714,2.49
ZNF716,0.0
ZNF717,7.35
ZNF720,0.0
ZNF721,0.262
ZNF724,1.69
ZNF726,0.00108
ZNF727,2.08
ZNF728,0.00147
ZNF729,0.0798
ZNF730,0.546
ZNF732,0.199
ZNF736,0.697
ZNF737,0.372
ZNF738,1.44
ZNF74,0.907
ZNF740,2.89
ZNF746,0.298
ZNF747,4.45
ZNF749,0.0
ZNF750,2.35
ZNF75A,1.88
ZNF75D,0.000189
ZNF76,4.13
ZNF763,0.000907
ZNF764,8.08
ZNF765,0.0224
ZNF766,0.193
ZNF768,0.706
ZNF77,0.0
ZNF770,5.02
ZNF771,0.166
ZNF772,0.0
ZNF773,0.102
ZNF774,0.193
ZNF775,0.302
ZNF776,0.141
ZNF777,0.0292
ZNF778,2.06
ZNF780A,3.32
ZNF780B,0.142
ZNF781,0.177
ZNF782,6.42
ZNF783,8.55
ZNF784,1.35
ZNF785,1.05
ZNF786,0.293
ZNF787,4.63
ZNF788,0.0
ZNF789,4.76
ZNF79,0.905
ZNF790,0.0
ZNF791,0.0527
ZNF792,0.0
ZNF793,0.779
ZNF799,0.484
ZNF8,1.5
ZNF80,1.06
ZNF800,0.588
ZNF804A,0.0501
ZNF804B,0.0284
ZNF805,0.231
ZNF808,0.118
ZNF81,0.549
ZNF812P,2.18
ZNF813,0.0
ZNF814,0.0163
ZNF816,1.39
ZNF821,3.7
ZNF823,0.0561
ZNF827,0.0881
ZNF829,0.319
ZNF83,7.95
ZNF830,2.48
ZNF831,0.291
ZNF835,0.0
ZNF836,1.3
ZNF837,0.0
ZNF839,0.126
ZNF84,1.39
ZNF841,0.266
ZNF843,0.583
ZNF844,0.0
ZNF845,0.0
ZNF846,0.0897
ZNF85,0.0
ZNF850,0.0271
ZNF852,0.128
ZNF853,0.12
ZNF860,0.479
ZNF862,0.0
ZNF865,0.379
ZNF878,2.33
ZNF879,2.06
ZNF880,1.66
ZNF891,2.58
ZNF90,0.266
ZNF91,0.0474
ZNF92,0.403
ZNF93,0.0521
ZNF98,0.556
ZNF99,0.0
ZNFX1,3.06
ZNHIT1,1.05
ZNHIT2,2.27
ZNHIT3,7.67
ZNHIT6,6.52
ZNRD1,3.68
ZNRF1,4.95
ZNRF2,0.352
ZNRF3,3.96
ZNRF4,1.94
ZP1,1.88
ZP2,2.69
ZP3,1.2
ZP4,0.194
ZPBP,1.63
ZPBP2,1.76
ZPLD1,2.76
ZPR1,3.15
ZRANB1,26.4
ZRANB2,0.0
ZRANB3,0.509
ZRSR1,0.91
ZRSR2,0.168
ZSCAN1,0.0
ZSCAN10,0.211
ZSCAN12,1.81
ZSCAN16,0.365
ZSCAN18,5.07
ZSCAN2,0.0
ZSCAN20,0.0
ZSCAN21,0.406
ZSCAN22,0.0
ZSCAN23,1.38
ZSCAN25,3.41
ZSCAN29,0.998
ZSCAN30,0.103
ZSCAN31,5.43
ZSCAN32,2.33
ZSCAN4,3.43
ZSCAN5A,0.57
ZSCAN5B,1.31
ZSCAN5C,0.408
ZSCAN5DP,0.0593
ZSCAN9,0.00362
ZSWIM1,6.27
ZSWIM2,1.32
ZSWIM3,0.659
ZSWIM4,1.11
ZSWIM5,5.38
ZSWIM6,0.0
ZSWIM7,1.24
ZSWIM8,14.8
ZUFSP,0.0
ZW10,0.489
ZWILCH,1.64
ZWINT,22.9
ZXDA,1.36
ZXDB,1.24
ZXDC,1.39
ZYG11A,1.23
ZYG11B,2.87
ZYX,0.587
ZZEF1,0.234
ZZZ3,2.69
