action_id,score
A1BG,0.118711654
A1CF,0.017819558
A2M,0.1734344
A2ML1,0.18121157
A3GALT2,0.514313753
A4GALT,0.450811526
A4GNT,-0.004712155
AAAS,0.36372262
AACS,-0.549395969
AADAC,0.001673041
AADACL2,-0.334874571
AADACL3,0.409416501
AADACL4,-0.205947899
AADAT,0.693561289
AAGAB,1.600830641
AAK1,0.033683877
AAMDC,-0.314178942
AAMP,-0.384309496
AANAT,-0.007888552
AAR2,-0.159162745
AARD,0.051444529
AARS1,-0.257249998
AARS2,0.796366938
AARSD1,-0.222708802
AASDH,0.491656604
AASDHPPT,1.242760581
AASS,0.085685304
AATF,1.061482793
AATK,0.046197786
ABALON,-1.505971932
ABAT,0.532501365
ABCA1,-0.242450759
ABCA10,0.286338137
ABCA12,-0.462378376
ABCA13,0.428675721
ABCA2,0.252740023
ABCA3,0.420480375
ABCA4,-0.064975137
ABCA5,-0.770778874
ABCA6,-0.007458729
ABCA7,-0.199595371
ABCA8,-0.812329342
ABCA9,-0.195346406
ABCB1,-0.249922747
ABCB10,0.137954734
ABCB11,0.520133485
ABCB4,-0.07280664
ABCB5,-0.124455702
ABCB6,0.359478254
ABCB7,0.247902407
ABCB8,0.358852137
ABCB9,-0.306254089
ABCC1,0.508708441
ABCC10,-0.374448913
ABCC11,-0.443681306
ABCC12,-0.087010355
ABCC2,0.001436314
ABCC3,-0.647680861
ABCC4,0.12197555
ABCC5,0.256083872
ABCC6,0.457539129
ABCC8,0.302917631
ABCC9,-0.358665906
ABCD1,0.096298785
ABCD2,-0.013302736
ABCD3,-0.184966518
ABCD4,-0.114057119
ABCE1,-0.158682523
ABCF1,0.535610958
ABCF2,0.63835045
ABCF3,0.406959564
ABCG1,0.529565874
ABCG2,0.610952545
ABCG4,-0.223546764
ABCG5,-0.28558819
ABCG8,-0.092457409
ABHD1,-0.523346979
ABHD10,0.904425022
ABHD11,-0.018420526
ABHD12,0.184302998
ABHD12B,0.002342051
ABHD13,-0.207562544
ABHD14A,0.006028862
ABHD14A-ACY1,0.108243532
ABHD14B,-0.074501908
ABHD15,-0.079279287
ABHD16A,0.655901593
ABHD16B,0.177101652
ABHD17A,-1.225672174
ABHD17AP1,-0.881354708
ABHD17B,0.004486582
ABHD17C,0.269965502
ABHD18,0.216039282
ABHD2,-0.484763552
ABHD3,-0.147028433
ABHD4,-0.564249052
ABHD5,-0.629923674
ABHD6,0.48620278
ABHD8,-0.115194308
ABI1,-0.39108768
ABI2,0.26329464
ABI3,-0.148932116
ABI3BP,-0.378958215
ABITRAM,0.020374119
ABL1,-0.125746174
ABL2,0.221301048
ABLIM1,0.010435248
ABLIM2,0.048554645
ABLIM3,-0.224860237
ABO,0.02306768
ABR,-0.055605
ABRA,-0.285168156
ABRACL,-0.530789152
ABRAXAS1,-0.180375069
ABRAXAS2,-0.638914325
ABT1,1.678559959
ABTB1,-0.506908428
ABTB2,0.341807649
ACAA1,0.24031855
ACAA2,-0.144375497
ACACA,0.143931699
ACACB,-0.405684315
ACAD10,-0.688474228
ACAD11,-0.336287281
ACAD8,0.021492927
ACAD9,0.392000838
ACADL,-0.208456166
ACADM,-0.031902869
ACADS,0.013977707
ACADSB,-0.593716802
ACADVL,-0.08042911
ACAN,-0.003791909
ACAP1,0.044848222
ACAP2,0.015257037
ACAP3,-0.164336017
ACAT1,0.135687113
ACAT2,-0.143397864
ACBD3,0.446284528
ACBD4,0.233415811
ACBD5,0.134075187
ACBD6,0.028726348
ACBD7,-0.025954425
ACBD7-DCLRE1CP1,0.002554049
ACCS,0.121634458
ACCSL,0.010941658
ACD,-0.009506556
ACE,0.280155277
ACE2,-0.018432205
ACER1,0.064228764
ACER2,-0.094374863
ACER3,0.133566859
ACHE,-0.01775156
ACIN1,0.145795885
ACKR1,0.281919011
ACKR2,-0.055032852
ACKR3,0.318936211
ACKR4,-0.111243208
ACLY,-0.192260188
ACMSD,0.21384739
ACO1,-0.079326168
ACO2,0.741119265
ACOD1,-0.055486861
ACOT1,0.024450542
ACOT11,0.02669386
ACOT12,-0.031715474
ACOT13,-1.042486067
ACOT2,-0.085154699
ACOT4,-0.247366903
ACOT6,-0.15080026
ACOT7,0.0673225
ACOT8,-0.110867751
ACOT9,-0.100710117
ACOX1,0.007680344
ACOX2,0.080555599
ACOX3,0.085987184
ACOXL,0.683472487
ACP1,-0.169564595
ACP2,-0.313406135
ACP4,0.216641073
ACP5,0.291583864
ACP6,-0.45649398
ACP7,-0.275257876
ACPP,-0.290295834
ACR,-0.222189763
ACRBP,-0.550621788
ACRV1,-0.018582276
ACSBG1,0.206221218
ACSBG2,-0.039037643
ACSF2,-0.170410606
ACSF3,0.178311532
ACSL1,-0.453009962
ACSL3,0.064142124
ACSL4,-0.343450383
ACSL5,-0.034012327
ACSL6,-0.072280356
ACSM1,-0.179265536
ACSM2A,0.506611152
ACSM2B,0.275956998
ACSM3,-0.161305371
ACSM4,0.007221217
ACSM5,0.56290942
ACSM6,0.054421629
ACSS1,-0.073611749
ACSS2,-0.09299433
ACSS3,-0.216563808
ACTA1,-0.408010072
ACTA2,-0.141392964
ACTB,-0.160753644
ACTBL2,0.157755727
ACTC1,0.385634006
ACTG1,-0.746050441
ACTG2,-0.216494153
ACTL10,0.224243686
ACTL6A,-0.041493539
ACTL6B,0.554082747
ACTL7A,-0.093093522
ACTL7B,0.386172099
ACTL8,-0.094785478
ACTL9,0.24653101
ACTN1,-0.664581147
ACTN2,0.287612383
ACTN3,0.152275994
ACTN4,-0.057557814
ACTR10,0.050604293
ACTR1A,0.098299887
ACTR1B,0.116844252
ACTR2,0.285990893
ACTR3,-0.743232988
ACTR3B,0.056372084
ACTR3C,-0.185381602
ACTR5,-1.237492187
ACTR6,-0.854676925
ACTR8,0.770908443
ACTRT1,-0.226662923
ACTRT2,0.126885124
ACTRT3,-0.490862904
ACVR1,0.430524637
ACVR1B,-0.031795268
ACVR1C,0.545113362
ACVR2A,-0.05810079
ACVR2B,0.034456167
ACVRL1,-0.047048852
ACY1,0.231876559
ACY3,-0.449114558
ACYP1,-0.195808957
ACYP2,-0.304821287
ADA,-0.019992263
ADA2,-0.076165954
ADAD1,0.429682714
ADAD2,-0.090416467
ADAL,-0.100434062
ADAM10,-0.770102993
ADAM11,-0.064265991
ADAM12,0.651849666
ADAM15,0.532384782
ADAM17,-1.771866555
ADAM18,0.05532331
ADAM19,0.282219109
ADAM2,-0.031604385
ADAM20,0.153303002
ADAM21,0.093038302
ADAM22,-0.515597718
ADAM23,0.392397642
ADAM28,-0.636534944
ADAM29,0.650655344
ADAM30,-0.1543666
ADAM32,-0.319448596
ADAM33,0.087377339
ADAM7,-0.240343744
ADAM8,-0.314519619
ADAM9,0.288565854
ADAMDEC1,-0.592927931
ADAMTS1,0.982021858
ADAMTS10,0.082026978
ADAMTS12,-0.356673728
ADAMTS13,-0.068073384
ADAMTS14,-0.202993612
ADAMTS15,-0.002733141
ADAMTS16,-0.057446913
ADAMTS17,0.309489311
ADAMTS18,0.125982046
ADAMTS19,-0.108128359
ADAMTS2,-0.34652788
ADAMTS20,0.106103768
ADAMTS3,0.248508712
ADAMTS4,0.395520951
ADAMTS5,0.437441824
ADAMTS6,-0.355007511
ADAMTS7,-0.199431947
ADAMTS8,0.26277874
ADAMTS9,-0.009864326
ADAMTSL1,-0.055978554
ADAMTSL2,-0.007831219
ADAMTSL3,0.098912413
ADAMTSL4,-0.098805627
ADAMTSL5,0.182213513
ADAP1,-0.939082883
ADAP2,-0.155559585
ADAR,-0.590620329
ADARB1,0.352867271
ADARB2,0.315120519
ADAT1,-0.229996842
ADAT2,-0.216047575
ADAT3,-0.099076986
ADCK1,0.018964034
ADCK2,0.157148399
ADCK5,0.183567135
ADCY1,-0.102470591
ADCY10,0.099648858
ADCY2,-0.073820318
ADCY3,-0.166403058
ADCY4,0.040736218
ADCY5,-0.303721195
ADCY6,-0.238978525
ADCY7,0.063499001
ADCY8,-0.437166915
ADCY9,0.462041925
ADCYAP1,-0.202666547
ADCYAP1R1,0.178244551
ADD1,0.386882965
ADD2,-0.027608794
ADD3,-0.441099795
ADGB,-0.497775795
ADGRA1,-0.36022917
ADGRA2,-0.607237833
ADGRA3,-0.079518518
ADGRB1,-0.008767509
ADGRB2,-0.08368617
ADGRB3,0.153234832
ADGRD1,0.347390662
ADGRE1,-0.514056719
ADGRE2,-0.128329477
ADGRE3,-0.187782059
ADGRE5,0.033392103
ADGRF1,0.10197846
ADGRF2,-0.149663747
ADGRF3,-0.354693595
ADGRF4,-0.020031294
ADGRF5,-0.005156537
ADGRG1,-0.358026734
ADGRG2,-0.086468949
ADGRG3,-0.168607077
ADGRG4,-0.214299873
ADGRG5,-0.238204875
ADGRG6,0.073517199
ADGRG7,0.199836267
ADGRL1,0.132853246
ADGRL2,-0.619825176
ADGRL3,0.33029259
ADGRL4,0.219732834
ADGRV1,-0.22306281
ADH1A,-0.354533219
ADH1B,-0.303095463
ADH1C,0.433907434
ADH4,0.405470833
ADH5,0.13230365
ADH6,0.09171761
ADH7,0.41678392
ADHFE1,0.163257279
ADI1,-0.153096908
ADIG,0.194114818
ADIPOQ,-0.027359603
ADIPOQ-AS1,-0.027359603
ADIPOR1,-0.549603772
ADIPOR2,-0.478371654
ADIRF,-0.641456523
ADK,0.366100527
ADM,0.415516193
ADM2,-0.166892306
ADM5,0.242022772
ADNP,0.468612785
ADNP2,-0.39036519
ADO,-0.23073523
ADORA1,-0.235017759
ADORA2A,-0.685338232
ADORA2B,-0.177347399
ADORA3,-0.053429315
ADPGK,0.183521749
ADPRH,-0.232612619
ADPRHL1,-0.250642728
ADPRHL2,-0.043139213
ADPRM,-0.506565004
ADRA1A,0.209682401
ADRA1B,-0.49156438
ADRA1D,-0.033025208
ADRA2A,-0.452731407
ADRA2B,0.493755134
ADRA2C,-0.279121694
ADRB1,0.492772927
ADRB2,0.00222996
ADRB3,-0.184532837
ADRM1,1.108874048
ADSL,-0.412087654
ADSS1,0.039715818
ADSS2,-0.348733721
ADTRP,0.190221674
AEBP1,0.073840624
AEBP2,0.077791793
AEN,-0.072955652
AES,0.155814033
AFAP1,-0.235802864
AFAP1L1,-0.199433298
AFAP1L2,0.03822582
AFDN,-0.465698309
AFF1,-0.005102858
AFF2,-0.120067031
AFF3,-0.062586727
AFF4,-0.762282294
AFG1L,0.017604634
AFG3L2,0.571127071
AFM,0.399124925
AFMID,-0.013652173
AFP,0.253856567
AFTPH,0.010753388
AGA,0.566715515
AGAP1,-0.004759777
AGAP10P,-0.107098604
AGAP11,-0.532230772
AGAP12P,-0.043011625
AGAP2,0.25229687
AGAP3,0.072831153
AGAP4,-0.267761022
AGAP5,-0.409921443
AGAP6,-0.085947258
AGAP7P,-0.107098604
AGAP9,-0.09554984
AGBL1,-0.286270386
AGBL2,-0.395218579
AGBL3,-0.359958468
AGBL4,0.162754745
AGBL5,-0.044736964
AGER,0.133979596
AGFG1,0.018909168
AGFG2,0.015278602
AGGF1,-0.384670282
AGK,0.234427455
AGL,-0.204510394
AGMAT,0.059933355
AGMO,-0.43041341
AGO1,0.05203476
AGO2,-0.00365769
AGO3,0.120105251
AGO4,0.254141835
AGPAT1,-0.466045984
AGPAT2,-0.496266343
AGPAT3,-0.25374098
AGPAT4,0.209137611
AGPAT5,0.305605254
AGPS,0.226110124
AGR2,-0.041304661
AGR3,0.010308908
AGRN,-0.292099248
AGRP,-0.077582136
AGT,-0.044030118
AGTPBP1,0.171699112
AGTR1,0.252176114
AGTR2,-0.08085978
AGTRAP,0.258886017
AGXT,-0.150092465
AGXT2,0.278653111
AHCTF1,-0.426053918
AHCY,0.371489988
AHCYL1,1.528308497
AHCYL2,0.066248082
AHDC1,-0.258752453
AHI1,-0.272834076
AHNAK,0.104654529
AHNAK2,-0.356677122
AHR,-0.163916604
AHRR,-0.230400729
AHSA1,0.469453393
AHSA2P,-0.103775298
AHSG,-0.022212034
AHSP,-0.286237613
AICDA,-0.212530618
AIDA,-0.027103199
AIF1,-0.019561586
AIF1L,0.242166041
AIFM1,1.050801729
AIFM2,-0.774903943
AIFM3,-0.010684343
AIG1,-0.260611005
AIM2,-0.175146171
AIMP1,0.698353124
AIMP2,-0.696360482
AIP,-0.607669042
AIPL1,-0.136725085
AIRE,0.677298003
AJAP1,-0.369018328
AJM1,-0.351745649
AJUBA,0.517172516
AK1,-0.063276602
AK2,0.40077262
AK3,0.149361759
AK4,0.464771814
AK5,-0.52563862
AK6,-0.068624799
AK7,-0.256847816
AK8,-0.046954411
AK9,-0.002505796
AKAIN1,-0.187997126
AKAP1,0.450941083
AKAP10,-0.115091607
AKAP11,0.023015297
AKAP12,-0.266934839
AKAP13,0.034255069
AKAP14,-0.208707522
AKAP17A,0.809853938
AKAP3,0.175053231
AKAP4,-0.082717398
AKAP5,0.261353336
AKAP6,0.176467367
AKAP7,-0.220841323
AKAP8,-0.070070737
AKAP8L,-0.830348982
AKAP9,-0.300310721
AKIP1,-0.366819145
AKIRIN1,0.831850728
AKIRIN2,-0.093562563
AKNA,0.462045558
AKNAD1,0.625110503
AKR1A1,0.177889851
AKR1B1,0.274977085
AKR1B10,-0.169840787
AKR1B15,0.075434169
AKR1C1,0.05672723
AKR1C2,0.208513975
AKR1C3,0.044071681
AKR1C4,0.176365864
AKR1D1,-0.499183773
AKR1E2,0.231252864
AKR7A2,-0.554241494
AKR7A3,-0.338397865
AKT1,0.145139091
AKT1S1,0.225817239
AKT2,-0.119097209
AKT3,0.089913844
AKTIP,0.235318315
ALAD,0.456535553
ALAS1,0.265876838
ALAS2,-0.206316248
ALB,-0.150653224
ALCAM,1.131017851
ALDH16A1,-0.342598955
ALDH18A1,-0.857468107
ALDH1A1,-0.005690535
ALDH1A2,-0.060717556
ALDH1A3,0.190222753
ALDH1B1,0.232566006
ALDH1L1,0.043397887
ALDH1L2,0.241905443
ALDH2,0.100600601
ALDH3A1,0.161888156
ALDH3A2,0.132032001
ALDH3B1,-0.469792184
ALDH3B2,-0.375487983
ALDH4A1,0.341887672
ALDH5A1,-0.361050275
ALDH6A1,0.206330524
ALDH7A1,-0.051648364
ALDH8A1,-0.067743708
ALDH9A1,0.258331163
ALDOA,1.947111379
ALDOB,-0.384410184
ALDOC,0.974215927
ALG1,0.219143738
ALG10,-0.190644699
ALG10B,-0.796013644
ALG11,0.025238051
ALG12,-0.966590749
ALG13,0.500382886
ALG14,0.31237522
ALG1L,0.017667409
ALG1L14P,0.622390028
ALG1L2,0.503946745
ALG1L9P,0.130826307
ALG2,0.111198521
ALG3,-0.824552526
ALG5,-0.220435673
ALG6,-0.35077981
ALG8,-0.580441657
ALG9,-0.959054604
ALK,-0.269182236
ALKAL1,-0.225650803
ALKAL2,-0.162799927
ALKBH1,-0.218749703
ALKBH2,0.384116865
ALKBH3,-0.149510814
ALKBH4,-0.161363831
ALKBH5,0.140511592
ALKBH6,-0.346733338
ALKBH7,-0.334276584
ALKBH8,0.309654333
ALLC,-0.086296635
ALMS1,-0.052181508
ALOX12,-0.059791721
ALOX12B,-0.087047851
ALOX15,0.268249583
ALOX15B,-0.053523592
ALOX5,-0.05874881
ALOX5AP,0.201113156
ALOXE3,-0.209137054
ALPI,-0.150314467
ALPK1,0.506393166
ALPK2,-0.230403912
ALPK3,0.542662598
ALPL,0.072632936
ALPP,0.00679235
ALPPL2,0.021453076
ALS2,0.155493297
ALS2CL,0.226817771
ALX1,0.000654607
ALX3,0.375405282
ALX4,-0.566423322
ALYREF,-0.279526198
AMACR,0.00636124
AMBN,0.337886873
AMBP,-0.746207881
AMBRA1,-0.454528834
AMD1,-0.785941384
AMDHD1,-0.169610285
AMDHD2,0.558478261
AMELX,0.01449469
AMELY,-0.361246443
AMER1,-0.316895616
AMER2,0.022000182
AMER3,0.514216536
AMFR,-0.027405744
AMH,-2.33373e-05
AMHR2,-0.347743712
AMIGO1,-0.150597543
AMIGO2,-0.110475321
AMIGO3,-0.211609187
AMMECR1,-0.275239204
AMMECR1L,0.62400153
AMN,-0.398608373
AMN1,0.065808675
AMOT,0.000387798
AMOTL1,-0.577357885
AMOTL2,0.344618325
AMPD1,-0.592726447
AMPD2,-0.424032144
AMPD3,0.318339596
AMPH,0.619318641
AMT,-0.104270528
AMTN,0.593337721
AMY1A,0.225674887
AMY1B,0.225674887
AMY1C,0.225674887
AMY2A,-0.047136105
AMY2B,-0.127464555
AMYP1,-0.302800779
AMZ1,-0.295274442
AMZ2,-0.342204218
ANAPC1,-0.46251612
ANAPC10,0.285780205
ANAPC11,0.300523538
ANAPC13,0.186389675
ANAPC15,0.236846294
ANAPC16,-0.235960268
ANAPC2,0.411283958
ANAPC4,0.058659363
ANAPC5,0.056755063
ANAPC7,-0.007999802
ANG,0.071635109
ANGEL1,0.095245072
ANGEL2,0.243788874
ANGPT1,0.46336807
ANGPT2,-0.00316112
ANGPT4,0.137650936
ANGPTL1,-0.303518687
ANGPTL2,-0.538876828
ANGPTL3,0.009357562
ANGPTL4,-0.035031731
ANGPTL5,-0.050067259
ANGPTL6,-0.099923911
ANGPTL7,-0.499874847
ANGPTL8,-0.249680945
ANHX,-0.312316305
ANK1,0.196837675
ANK2,0.936387166
ANK3,-0.389879028
ANKAR,0.373276172
ANKDD1A,-0.085343182
ANKDD1B,-0.173377938
ANKEF1,-0.551689127
ANKFN1,-0.297137206
ANKFY1,-0.203234697
ANKH,-0.001995177
ANKHD1,0.538301317
ANKHD1-EIF4EBP3,0.538301317
ANKIB1,0.123924776
ANKK1,-0.528946336
ANKLE1,0.049533908
ANKLE2,0.476977875
ANKMY1,0.198197011
ANKMY2,0.320665364
ANKRA2,0.402857792
ANKRD1,-0.268493191
ANKRD10,0.207352992
ANKRD11,1.36806258
ANKRD12,0.013760273
ANKRD13A,0.311296036
ANKRD13B,-0.187011022
ANKRD13C,0.095229001
ANKRD13D,-0.004775528
ANKRD16,0.351510762
ANKRD17,0.25592965
ANKRD18A,-0.348397818
ANKRD18B,0.022554743
ANKRD2,0.35132665
ANKRD20A1,0.256108547
ANKRD20A11P,0.779105636
ANKRD20A2,0.180156933
ANKRD20A21P,0.731622567
ANKRD20A3,0.162608571
ANKRD20A4,0.290099546
ANKRD20A4-ANKRD20A20P,0.290099546
ANKRD20A7P,0.23820019
ANKRD20A8P,0.305737233
ANKRD22,0.130397841
ANKRD23,-0.002517892
ANKRD24,-0.543918218
ANKRD26,0.063348862
ANKRD27,-0.324883056
ANKRD28,-0.064240018
ANKRD30A,-0.596139998
ANKRD30B,0.321636032
ANKRD31,-0.067753129
ANKRD33,-0.144775236
ANKRD33B,-0.362768627
ANKRD34A,0.005600937
ANKRD34B,-0.287164777
ANKRD34C,0.121371735
ANKRD35,0.276653395
ANKRD36,-0.050220599
ANKRD36B,-0.281674562
ANKRD37,0.120434393
ANKRD39,0.923184181
ANKRD40,0.063764565
ANKRD42,0.039911796
ANKRD44,0.554172811
ANKRD45,0.087459795
ANKRD46,0.036994165
ANKRD49,0.322685151
ANKRD50,0.369142489
ANKRD52,-0.410014085
ANKRD53,-0.439332681
ANKRD54,-0.252865155
ANKRD55,0.071923785
ANKRD6,-0.147730303
ANKRD60,0.913763526
ANKRD61,-0.006485313
ANKRD62,0.034477675
ANKRD63,-0.442337501
ANKRD65,0.061718572
ANKRD66,-0.327865855
ANKRD7,-0.377960694
ANKRD9,0.16455204
ANKS1A,0.334218361
ANKS1B,-0.340217537
ANKS3,0.734724169
ANKS4B,0.388400227
ANKS6,-0.789859552
ANKUB1,0.105182109
ANKZF1,0.081731413
ANLN,0.550985845
ANO1,0.147381082
ANO10,0.01024531
ANO2,0.044632028
ANO3,-0.187313067
ANO4,-0.053689171
ANO5,0.110349948
ANO6,0.035648782
ANO7,-0.035173088
ANO8,-0.18274479
ANO9,-0.045840045
ANOS1,-0.149699054
ANP32A,0.29667635
ANP32B,0.541373962
ANP32C,1.05575024
ANP32D,-0.164204202
ANP32E,-0.103622479
ANPEP,0.056785363
ANTKMT,-0.0156929
ANTXR1,-0.7375402
ANTXR2,0.41854849
ANTXRL,-0.094860109
ANXA1,-0.244729194
ANXA10,0.394599002
ANXA11,-0.376928111
ANXA13,-0.004282485
ANXA2,0.555528293
ANXA2R,0.031887709
ANXA3,0.574315706
ANXA4,0.087673962
ANXA5,0.582473879
ANXA6,-0.089135553
ANXA7,-0.28887579
ANXA8,-0.058673225
ANXA8L1,0.113596781
ANXA9,-0.159477268
AOAH,0.273302015
AOC1,-0.243939166
AOC2,-0.267012356
AOC3,-0.154382794
AOX1,0.138997919
AP1AR,0.885292588
AP1B1,-0.193007127
AP1G1,-0.21264765
AP1G2,0.316202144
AP1M1,-0.883240177
AP1M2,-0.783244981
AP1S1,-0.159571591
AP1S2,-0.425734729
AP1S3,-0.102464249
AP2A1,0.149016121
AP2A2,-0.180685403
AP2B1,0.354865056
AP2M1,3.41715108
AP2S1,3.045985819
AP3B1,-0.680030521
AP3B2,0.01937982
AP3D1,-1.156119078
AP3M1,0.042862442
AP3M2,-0.074894958
AP3S1,-0.619067985
AP3S2,0.188758398
AP4B1,-0.202586983
AP4E1,0.061937579
AP4M1,-0.829750048
AP4S1,-0.188831934
AP5B1,0.365635693
AP5M1,-0.632470874
AP5S1,-0.214076798
AP5Z1,-0.003265626
APAF1,-0.33676668
APBA1,0.301679644
APBA2,-0.162693283
APBA3,-0.470795788
APBB1,-0.016088411
APBB1IP,-0.442562316
APBB2,-0.113329973
APBB3,0.078030463
APC,0.285013302
APC2,-0.323378909
APCDD1,-0.134515341
APCDD1L,-0.2794771
APCS,0.229367914
APEH,-0.208668102
APELA,0.437079987
APEX1,0.236478694
APEX2,-0.220309251
APH1A,0.102722081
APH1B,-0.018930366
API5,-0.779022961
APIP,-0.026514826
APLF,-0.162069223
APLN,0.142562821
APLNR,0.23411707
APLP1,0.292647042
APLP2,-0.114058717
APMAP,-0.152065553
APOA1,-0.266906868
APOA2,0.623338613
APOA4,-0.097705983
APOA5,0.365442304
APOB,0.068574935
APOBEC1,-0.060615095
APOBEC2,0.063344715
APOBEC3A,-0.299144438
APOBEC3B,-0.110759555
APOBEC3C,-0.123022438
APOBEC3D,-0.842408525
APOBEC3F,0.1161428
APOBEC3G,0.138955529
APOBEC3H,-0.031770485
APOBEC4,-0.39766118
APOBR,0.419914016
APOC1,0.104063612
APOC1P1,0.244402602
APOC2,-0.120077774
APOC3,-0.007642939
APOC4,0.159334801
APOC4-APOC2,0.019628514
APOD,-0.430176516
APOE,-0.377330583
APOF,-0.017995809
APOH,-0.526485243
APOL1,-0.319669413
APOL2,-0.617407127
APOL3,0.05612538
APOL4,0.251848224
APOL5,-0.45333662
APOL6,0.247338393
APOLD1,-0.23487331
APOM,0.434422389
APOO,-0.069393546
APOOL,-0.411439338
APP,0.285700995
APPBP2,0.236312884
APPL1,-0.309631918
APPL2,-0.466684051
APRT,0.181333855
APTX,0.251696082
AQP1,0.766180628
AQP10,0.172373456
AQP11,-0.396284881
AQP12A,-0.4386161
AQP12B,-0.202156818
AQP2,-0.238054913
AQP3,-0.17053535
AQP4,-0.202894154
AQP5,-0.409944434
AQP6,-0.24136268
AQP7,0.129902704
AQP8,0.402455188
AQP9,0.366580999
AQR,-0.307681978
AR,0.207769028
ARAF,-0.178559288
ARAP1,-0.354620903
ARAP2,-0.085893754
ARAP3,-0.370987268
ARC,-0.012640702
ARCN1,0.089754572
AREG,0.469563815
AREL1,0.370360098
ARF1,-0.312309866
ARF3,0.116984795
ARF4,-0.986608244
ARF5,0.067566991
ARF6,0.20092138
ARFGAP1,-0.20677097
ARFGAP2,-0.310401207
ARFGAP3,0.098080684
ARFGEF1,-0.22459606
ARFGEF2,-0.385100974
ARFGEF3,-0.07918576
ARFIP1,0.453979263
ARFIP2,0.134762508
ARFRP1,0.903353854
ARG1,0.421775608
ARG2,-0.271936214
ARGFX,-0.107265553
ARGLU1,-0.363895743
ARHGAP1,-0.003339084
ARHGAP10,0.312973988
ARHGAP11A,-0.312454007
ARHGAP11A-SCG5,-0.086870006
ARHGAP11B,-0.417617143
ARHGAP12,-0.135561921
ARHGAP15,0.297402722
ARHGAP17,0.297816758
ARHGAP18,-0.260753824
ARHGAP19,0.074999357
ARHGAP19-SLIT1,0.074999357
ARHGAP20,-0.084222857
ARHGAP21,-0.031046459
ARHGAP22,-0.012639507
ARHGAP23,-0.864985922
ARHGAP24,0.258337745
ARHGAP25,-0.083890807
ARHGAP26,0.061284896
ARHGAP27,-0.7616368
ARHGAP28,-0.171001282
ARHGAP29,0.405998104
ARHGAP30,0.289968382
ARHGAP31,-0.18250338
ARHGAP32,0.575799058
ARHGAP33,-0.232626425
ARHGAP35,0.162821837
ARHGAP36,0.086166666
ARHGAP4,-0.412958386
ARHGAP40,-0.125172576
ARHGAP42,-0.203299814
ARHGAP44,-0.148804449
ARHGAP45,-0.39406449
ARHGAP5,-0.287850767
ARHGAP6,0.061647466
ARHGAP8,-0.180404329
ARHGAP9,-0.215352674
ARHGDIA,-0.186330126
ARHGDIB,0.016149277
ARHGDIG,-0.384887617
ARHGEF1,-0.592023296
ARHGEF10,-0.251459566
ARHGEF10L,-0.005977239
ARHGEF11,0.160635939
ARHGEF12,0.449113946
ARHGEF15,-0.091838993
ARHGEF16,0.003399197
ARHGEF17,-0.215873
ARHGEF18,-0.744534215
ARHGEF19,-0.327516351
ARHGEF2,0.107910037
ARHGEF25,0.172009023
ARHGEF26,-0.117803536
ARHGEF28,-0.233979433
ARHGEF3,-0.126815185
ARHGEF33,0.079965871
ARHGEF34P,-0.117620267
ARHGEF35,-0.222453407
ARHGEF37,-0.688095515
ARHGEF38,0.951537769
ARHGEF39,0.088949291
ARHGEF4,-0.018775993
ARHGEF40,-0.401504308
ARHGEF5,-0.108246515
ARHGEF6,-0.006501844
ARHGEF7,-0.451248815
ARHGEF9,0.155937926
ARID1A,1.232571578
ARID1B,0.026751741
ARID2,1.960329878
ARID3A,-0.406582268
ARID3B,0.184660139
ARID3C,-0.329576671
ARID4A,0.338393376
ARID4B,0.022275341
ARID5A,0.548961142
ARID5B,0.000790407
ARIH1,0.452110356
ARIH2,-0.281190586
ARIH2OS,0.115474016
ARL1,0.313786225
ARL10,0.12738622
ARL11,0.435546699
ARL13A,-0.560227155
ARL13B,-0.305735934
ARL14,-0.247924728
ARL14EP,0.187575015
ARL14EPL,-0.463503617
ARL15,-0.244499398
ARL16,-0.318985391
ARL17A,-0.061114519
ARL17B,-0.061114519
ARL2,-0.044788037
ARL2-SNX15,-0.396896907
ARL2BP,-0.208930046
ARL3,0.114372687
ARL4A,-0.393768608
ARL4AP2,-0.272019873
ARL4AP5,0.101627599
ARL4C,-0.422284152
ARL4D,-0.284666549
ARL5A,0.139075683
ARL5B,0.266188266
ARL5C,-0.324508894
ARL6,-0.214561861
ARL6IP1,0.714169231
ARL6IP4,-0.263504991
ARL6IP5,0.063081675
ARL6IP6,0.304892779
ARL8A,-0.247943744
ARL8B,-0.16753138
ARL9,0.102520497
ARMC1,0.041477908
ARMC10,0.179002835
ARMC10P1,-0.089092618
ARMC12,0.11160533
ARMC2,-0.127437906
ARMC3,0.016890111
ARMC4,-0.348263394
ARMC5,0.192064448
ARMC6,-0.961458843
ARMC7,0.268068131
ARMC8,-0.215980299
ARMC9,-0.355442469
ARMCX1,-0.160476198
ARMCX2,-0.049106575
ARMCX3,-0.275960149
ARMCX4,-0.247277999
ARMCX5,0.070641021
ARMCX5-GPRASP2,0.188662576
ARMCX6,-0.51897241
ARMH1,0.258529001
ARMH2,0.156628854
ARMH3,-0.303924435
ARMH4,0.007109598
ARMS2,-0.355280125
ARMT1,-0.16422178
ARNT,-0.581152086
ARNT2,0.225700305
ARNTL,-0.300819684
ARNTL2,-0.215929938
ARPC1A,-0.263507864
ARPC1B,-0.327074949
ARPC2,-0.905587014
ARPC3,0.671825157
ARPC4,-0.403955847
ARPC4-TTLL3,-0.135760023
ARPC5,0.167605823
ARPC5L,-0.408906112
ARPIN,-0.125228411
ARPIN-AP3S2,-0.098639948
ARPP19,0.138227023
ARPP21,0.077111037
ARR3,-0.101804296
ARRB1,0.057831931
ARRB2,0.597510692
ARRDC1,0.123007546
ARRDC2,-0.502954254
ARRDC3,0.21665396
ARRDC4,-0.208715546
ARRDC5,-0.05698445
ARSA,-0.019152492
ARSB,-0.273269816
ARSD,0.130927912
ARSF,-0.04277455
ARSG,-0.212783725
ARSH,0.096927466
ARSI,0.210758471
ARSJ,0.706124009
ARSK,-0.122646027
ARSL,-0.002478413
ART1,0.149208752
ART3,0.160701524
ART4,-0.553560345
ART5,0.016188116
ARTN,0.416634511
ARV1,0.409272588
ARVCF,-0.485292731
ARX,0.10006709
AS3MT,0.119698872
ASAH1,-0.153903744
ASAH2,0.162024056
ASAH2B,-0.134778933
ASAP1,0.240767227
ASAP2,-0.046635188
ASAP3,-0.281217102
ASB1,0.30693654
ASB10,-0.076761811
ASB11,-0.088943064
ASB12,0.058929425
ASB13,-0.382867117
ASB14,-0.025346177
ASB15,0.125765752
ASB16,-0.522677459
ASB17,-0.095455098
ASB18,0.094737074
ASB2,0.140583331
ASB3,-0.742001543
ASB4,0.075269832
ASB5,0.161233285
ASB6,0.212213753
ASB7,0.134141128
ASB8,-0.290500189
ASB9,0.313990255
ASCC1,-0.506105489
ASCC2,0.478037319
ASCC3,0.082047609
ASCL1,-0.182919799
ASCL2,0.03370215
ASCL3,-0.176804286
ASCL4,-0.159779826
ASCL5,0.059795556
ASF1A,-0.337313756
ASF1B,-1.276214375
ASGR1,0.287829091
ASGR2,0.10119289
ASH1L,-0.306754209
ASH2L,-0.237176332
ASIC1,-0.183508111
ASIC2,-0.268139831
ASIC3,-0.32182515
ASIC4,0.296352172
ASIC5,0.081764153
ASIP,0.112776183
ASL,-0.034071798
ASMT,0.066782376
ASMTL,-0.134437787
ASNA1,0.058304282
ASNS,-0.477542311
ASNSD1,0.4228301
ASPA,-0.144627228
ASPDH,-0.051928818
ASPG,-0.064404159
ASPH,-0.016806469
ASPHD1,0.594192313
ASPHD2,0.548203571
ASPM,-0.345374734
ASPN,-0.0725816
ASPRV1,-0.258508077
ASPSCR1,-0.212624182
ASRGL1,0.42491524
ASS1,-0.278297234
ASTE1,-0.327204662
ASTL,0.084351488
ASTN1,0.379188772
ASTN2,0.001812948
ASXL1,-0.641891751
ASXL2,-0.474129712
ASXL3,-0.020407601
ASZ1,-0.451361747
ATAD1,-0.278444045
ATAD2,1.073831189
ATAD2B,-0.020084054
ATAD3A,-0.382777
ATAD3B,-0.145136031
ATAD3C,0.95078069
ATAD5,0.391663928
ATAT1,0.350416659
ATCAY,-0.406983184
ATE1,-0.06024595
ATF1,-0.370361901
ATF2,-0.055130436
ATF3,-0.459076523
ATF4,0.555223186
ATF5,-0.235444757
ATF6,-0.241214122
ATF6B,0.041447639
ATF7,0.02992663
ATF7-NPFF,0.20956803
ATF7IP,0.247047379
ATF7IP2,0.589952074
ATG10,-1.186254906
ATG101,-1.298535311
ATG12,-0.822621653
ATG13,-0.805094261
ATG14,-0.349979434
ATG16L1,-0.699549729
ATG16L2,-0.406352619
ATG2A,-0.164831188
ATG2B,-0.153668724
ATG3,-1.462313786
ATG4A,0.36114426
ATG4B,-0.213516053
ATG4C,-0.116156888
ATG4D,0.393669155
ATG5,-1.107659929
ATG7,-0.916978775
ATG9A,-1.402476254
ATG9B,-0.072984041
ATIC,0.452855592
ATL1,-0.311631714
ATL2,-0.015854413
ATL3,-0.183737179
ATM,-0.260873086
ATMIN,0.171021502
ATN1,-0.131499925
ATOH1,-0.000851318
ATOH7,0.173261159
ATOH8,-0.362730128
ATOX1,-0.151653962
ATP10A,0.188049788
ATP10B,0.153568357
ATP10D,-0.244301338
ATP11A,-0.274381009
ATP11AUN,0.027353748
ATP11B,0.078557603
ATP11C,-0.035612251
ATP12A,0.270740009
ATP13A1,-1.292218483
ATP13A2,0.23434635
ATP13A3,-0.721890319
ATP13A4,0.10414959
ATP13A5,0.300052143
ATP1A1,-0.018875167
ATP1A2,0.283996427
ATP1A3,-0.301083745
ATP1A4,0.089822688
ATP1B1,0.544386441
ATP1B2,-0.265385757
ATP1B3,0.100556629
ATP1B4,0.422741077
ATP23,0.372737153
ATP2A1,0.568659547
ATP2A2,-0.112621087
ATP2A3,0.559369157
ATP2B1,1.087746919
ATP2B2,0.177307268
ATP2B3,-0.524581892
ATP2B4,-0.004632318
ATP2C1,-0.082888452
ATP2C2,-0.143770625
ATP4A,0.061322855
ATP4B,0.279041276
ATP5F1A,1.029439035
ATP5F1B,1.144906574
ATP5F1C,0.650547819
ATP5F1D,0.249313455
ATP5F1E,1.298383661
ATP5F1EP2,1.417940425
ATP5IF1,0.420249593
ATP5L,0.464270441
ATP5MC1,0.04607656
ATP5MC2,-0.21292638
ATP5MC3,0.491418906
ATP5MD,0.004247863
ATP5MDP1,-0.115305495
ATP5ME,1.135581848
ATP5MF,0.344466759
ATP5MF-PTCD1,0.46872687
ATP5MFP2,0.012550475
ATP5MFP5,0.012550475
ATP5MGL,0.313263775
ATP5MGP2,0.640464782
ATP5MGP3,-0.11104492
ATP5MPL,0.386043943
ATP5PB,0.642943649
ATP5PD,1.151923148
ATP5PDP1,1.721566436
ATP5PF,1.365417823
ATP5PO,1.054071669
ATP6AP1,-1.063461602
ATP6AP1L,0.25109868
ATP6AP2,-0.337605638
ATP6V0A1,-0.52739009
ATP6V0A2,-0.369963522
ATP6V0A4,0.088707152
ATP6V0B,-0.410834531
ATP6V0C,-0.401949349
ATP6V0D1,0.227657145
ATP6V0D2,-0.000644853
ATP6V0E1,-0.2979454
ATP6V0E2,0.176158568
ATP6V1A,-0.038662763
ATP6V1B1,0.011212443
ATP6V1B2,0.056812754
ATP6V1C1,-0.364903886
ATP6V1C2,-0.002408395
ATP6V1D,0.154492973
ATP6V1E1,-0.075428979
ATP6V1E2,-0.326405128
ATP6V1F,0.179183947
ATP6V1FNB,-0.011349238
ATP6V1G1,-0.529531618
ATP6V1G2,0.307644777
ATP6V1G2-DDX39B,-0.254859102
ATP6V1G3,-0.113431953
ATP6V1H,-0.151773947
ATP7A,-0.127807819
ATP7B,-0.090726626
ATP8A1,-0.409026429
ATP8A2,0.61353658
ATP8B1,-0.477302253
ATP8B2,0.104724303
ATP8B3,-0.090393452
ATP8B4,0.326789817
ATP9A,0.322442354
ATP9B,-0.74878195
ATPAF1,0.181784669
ATPAF2,0.540440089
ATPSCKMT,-0.063223682
ATR,0.196402983
ATRAID,-0.296195801
ATRIP,-0.50614562
ATRIP-TREX1,-0.231317144
ATRN,-0.317822168
ATRNL1,0.282615204
ATRX,-1.516502506
ATXN1,0.131881517
ATXN10,-0.193118632
ATXN1L,-0.066592884
ATXN2,-0.129087148
ATXN2L,0.211222821
ATXN3,0.02370754
ATXN3L,-0.087170409
ATXN7,-0.332323736
ATXN7L1,-0.468420459
ATXN7L2,-1.05452523
ATXN7L3,0.76076929
ATXN7L3B,-0.098975396
AUH,-0.075479613
AUNIP,0.126981992
AUP1,-0.279231391
AURKA,-0.11322239
AURKAIP1,0.528673926
AURKB,0.164314072
AURKC,0.553573072
AUTS2,0.033450241
AVEN,-0.182382219
AVIL,-0.295490616
AVL9,0.209624371
AVP,-0.321966766
AVPI1,-0.515090437
AVPR1A,-0.316789287
AVPR1B,-0.405746452
AVPR2,-0.244290622
AWAT1,0.039253695
AWAT2,0.060621706
AXDND1,-0.077669341
AXIN1,0.138825356
AXIN2,-0.014512919
AXL,0.094112444
AZGP1,0.176766549
AZI2,-0.092491238
AZIN1,-0.817836828
AZIN2,0.241031966
AZU1,-0.217436835
B2M,-0.577745398
B3GALNT1,0.016051654
B3GALNT2,-0.074308049
B3GALT1,0.142915323
B3GALT2,-0.098594251
B3GALT4,-0.149766905
B3GALT5,-0.539307459
B3GALT6,-0.426808087
B3GAT1,-0.013641266
B3GAT2,-0.58169057
B3GAT3,0.013633711
B3GLCT,-0.22021083
B3GNT2,-0.085687335
B3GNT3,-0.586126589
B3GNT4,-0.13737371
B3GNT5,-0.666627923
B3GNT6,-0.024361871
B3GNT7,-0.055063196
B3GNT8,0.1955806
B3GNT9,0.125273118
B3GNTL1,0.063704571
B4GALNT1,-0.14455265
B4GALNT2,-0.767528543
B4GALNT3,-0.538912056
B4GALNT4,-0.321833735
B4GALT1,-0.245066666
B4GALT2,0.231664002
B4GALT3,-0.083417347
B4GALT4,-0.158323097
B4GALT5,-0.437191139
B4GALT6,0.052323581
B4GALT7,-0.27143644
B4GAT1,-0.218675116
B9D1,0.327787391
B9D2,-0.140301099
BAALC,-0.048935585
BAAT,-0.204679265
BABAM1,-1.101355312
BABAM2,-0.743355762
BACE1,0.017180729
BACE2,0.370141008
BACH1,0.48037761
BACH2,-0.573100129
BAD,-0.685084716
BAG1,0.050302059
BAG2,-0.575516639
BAG3,0.276685717
BAG4,-0.240085981
BAG5,-0.564072167
BAG6,0.29288472
BAGE2,0.110749456
BAHCC1,-0.638251263
BAHD1,-0.646343357
BAIAP2,0.001345478
BAIAP2L1,-0.448618822
BAIAP2L2,0.14322285
BAIAP3,0.220256469
BAK1,0.373146399
BAMBI,0.1140252
BANF1,-0.35366744
BANF1P3,-0.35366744
BANF2,-0.086136472
BANK1,0.199825765
BANP,0.255082056
BAP1,-0.377013143
BARD1,-0.294338866
BARHL1,-0.016528607
BARHL2,-0.548687673
BARX1,0.07532637
BARX2,-0.206404131
BASP1,-0.688355332
BATF,0.471121238
BATF2,0.485461778
BATF3,0.014991708
BAX,3.159560991
BAZ1A,0.209046844
BAZ1B,-0.71406635
BAZ2A,-0.670254776
BAZ2B,0.45593675
BBC3,0.069620637
BBIP1,-0.162929287
BBOF1,0.344758045
BBOX1,0.089206656
BBS1,-0.270028728
BBS10,0.049681714
BBS12,0.673238845
BBS2,0.070002561
BBS4,0.167549749
BBS5,0.478867409
BBS7,0.556850771
BBS9,0.491112704
BBX,-0.18234324
BCAM,0.068982225
BCAN,-0.023607991
BCAP29,-0.11442777
BCAP31,-0.380232334
BCAR1,0.185472185
BCAR3,-0.67581034
BCAS1,-0.006133704
BCAS2,0.184663876
BCAS3,-0.614538239
BCAS4,0.041970641
BCAT1,-0.307966803
BCAT2,-0.085810333
BCCIP,0.044232051
BCDIN3D,-0.174209947
BCHE,-0.079747129
BCKDHA,0.46858778
BCKDHB,-0.285993474
BCKDK,0.298538975
BCL10,-0.420085002
BCL11A,-0.062899069
BCL11B,0.246881807
BCL2,-0.456913517
BCL2A1,-0.349931739
BCL2L1,-1.505971932
BCL2L10,-0.096833846
BCL2L11,-0.176961586
BCL2L12,-0.2774079
BCL2L13,0.145001764
BCL2L14,-0.091344423
BCL2L15,-0.318963056
BCL2L2,-0.506145441
BCL2L2-PABPN1,-0.432895488
BCL3,-0.509954194
BCL6,-0.175955052
BCL6B,0.062220844
BCL7A,0.474930227
BCL7B,-0.423280093
BCL7C,0.445435918
BCL9,-0.194192048
BCL9L,0.586740625
BCLAF1,-0.705953951
BCLAF1P2,-0.547326116
BCO1,0.03860065
BCO2,0.507336811
BCOR,-0.35987578
BCORL1,0.109001094
BCR,0.36806689
BCS1L,0.763817511
BDH1,-0.108685673
BDH2,1.08190703
BDH2P1,0.782036839
BDKRB1,0.247366916
BDKRB2,-0.010662172
BDP1,-0.063657125
BEAN1,0.174567408
BECN1,-0.574095034
BECN2,-0.341965103
BEGAIN,-0.227522162
BEND2,-0.204238529
BEND3,0.092691617
BEND4,0.055760829
BEND5,-0.07076136
BEND6,0.179481982
BEND7,0.462404636
BEST1,0.297675418
BEST2,-0.218458291
BEST3,-0.157094134
BEST4,-0.026376656
BET1,-0.429680164
BET1L,-0.172503654
BEX1,-0.29508914
BEX2,-0.367914181
BEX3,-0.468952232
BEX4,-0.186679288
BEX5,0.162147371
BFAR,0.2564391
BFSP1,0.149237694
BFSP2,0.113448373
BGLAP,0.411047489
BGN,0.128626492
BHLHA15,0.099463004
BHLHA9,-0.053504669
BHLHB9,0.130476694
BHLHE22,0.375003043
BHLHE23,-0.064830858
BHLHE40,-0.120308325
BHLHE41,0.14457725
BHMT,0.180926916
BHMT2,-0.192413321
BICC1,-0.610225193
BICD1,0.091532376
BICD2,-0.414371473
BICDL1,-0.104330248
BICDL2,0.042911269
BICRA,0.108419957
BICRAL,-0.339631463
BID,2.922204442
BIK,0.407712697
BIN1,0.516405202
BIN2,0.095736469
BIN3,0.206937655
BIRC2,-0.360166645
BIRC3,0.021782322
BIRC5,-0.197905224
BIRC6,-1.404812315
BIRC7,-0.113724609
BIRC8,-0.628507288
BIVM,-0.017479969
BIVM-ERCC5,0.052535832
BLCAP,-0.207760424
BLID,0.23090496
BLK,0.106801026
BLM,-0.197752827
BLMH,-0.086350162
BLNK,-0.344953954
BLOC1S1,-0.57759662
BLOC1S1-RDH5,-0.193038857
BLOC1S2,-0.743441905
BLOC1S3,0.192416839
BLOC1S4,-0.295073032
BLOC1S5,-0.212069482
BLOC1S5-TXNDC5,0.300503097
BLOC1S6,0.244286138
BLVRA,0.4656998
BLVRB,-0.321829554
BLZF1,0.175396413
BMERB1,0.190778845
BMF,-0.323297147
BMI1,0.106238579
BMP1,-0.063940346
BMP10,0.041830277
BMP15,-0.078852628
BMP2,-0.518806961
BMP2K,0.294263515
BMP3,0.274429413
BMP4,0.170727449
BMP5,0.105382632
BMP6,-0.387579362
BMP7,0.123296965
BMP8A,0.449293359
BMP8B,0.616127675
BMPER,0.326023546
BMPR1A,-0.045263453
BMPR1B,0.267326142
BMPR2,0.323539482
BMS1,0.586049334
BMS1P2-AGAP9,-0.09554984
BMS1P4-AGAP5,-0.409921443
BMT2,-0.370995496
BMX,-0.159667419
BNC1,0.119861162
BNC2,-0.403666468
BNIP1,-0.002030637
BNIP2,-0.367202956
BNIP3,0.347054427
BNIP3L,0.079267702
BNIP5,0.015738145
BNIPL,0.186894243
BOC,0.311570414
BOD1,0.011920196
BOD1L1,0.296246518
BOD1L2,-0.140705385
BOK,0.409947502
BOLA1,0.313689326
BOLA2,0.856246686
BOLA2-SMG1P6,0.856246686
BOLA2B,0.128076483
BOLA3,0.846902195
BOLL,0.509482522
BOP1,-0.47847949
BORA,-0.877135798
BORCS5,-0.520266703
BORCS6,0.008339364
BORCS7,-0.540331183
BORCS7-ASMT,-0.210316156
BORCS8,-0.377634152
BORCS8-MEF2B,-0.217226595
BPGM,-0.369064061
BPHL,-0.464217165
BPI,-0.541970306
BPIFA1,-0.521549229
BPIFA2,-0.277681844
BPIFA3,-0.127735836
BPIFB1,-0.032859368
BPIFB2,-0.943763094
BPIFB3,-0.013427726
BPIFB4,-0.730433738
BPIFB6,-0.585276963
BPIFC,0.1450908
BPNT1,-0.109654045
BPTF,-0.981717706
BPY2,-0.059115971
BPY2B,-0.059115971
BPY2C,-0.059115971
BRAF,0.092445584
BRAP,-0.286483482
BRAT1,0.329368422
BRCA1,0.600828216
BRCA2,-0.08074746
BRCC3,-1.061751327
BRD1,0.722578469
BRD2,-0.606466871
BRD3,0.248836105
BRD4,-0.759112109
BRD7,0.769270536
BRD8,-1.423425075
BRD9,0.523193551
BRDT,-0.120477329
BRF1,0.342542005
BRF2,0.276200617
BRI3,0.075756642
BRI3BP,-0.526205791
BRICD5,0.170834186
BRINP1,0.240293454
BRINP2,-0.402582085
BRINP3,-0.130159269
BRIP1,-0.344087557
BRIX1,1.377509553
BRK1,-0.208647647
BRMS1,0.210456609
BRMS1L,0.168679809
BROX,-0.08378661
BRPF1,-1.578399182
BRPF3,-0.124064576
BRS3,-0.040440323
BRSK1,0.286426764
BRSK2,-0.657902079
BRWD1,0.677304231
BRWD3,0.037646512
BSCL2,0.107173181
BSDC1,0.494110703
BSG,0.490000216
BSN,0.102675202
BSND,-0.148016061
BSPH1,0.3753324
BSPRY,-0.309485484
BST1,0.160371667
BST2,-0.034828057
BSX,-0.009513281
BTAF1,0.319509709
BTBD1,-0.108188048
BTBD10,0.12352747
BTBD11,-0.775286028
BTBD16,-0.393306075
BTBD17,0.375389562
BTBD18,0.14548933
BTBD19,-0.060587723
BTBD2,-0.317400405
BTBD3,-0.116347464
BTBD6,-0.010345764
BTBD7,-0.263960017
BTBD8,-0.100010173
BTBD9,0.248698041
BTC,0.191796362
BTD,-0.084515636
BTF3,-0.095665805
BTF3L4,1.204360821
BTF3L4P1,1.303840134
BTF3L4P2,1.290218439
BTF3L4P3,1.281748867
BTF3P3,-0.096396521
BTF3P5,0.612388056
BTG1,-0.062070081
BTG2,-0.504885661
BTG3,0.599598859
BTG4,0.046981614
BTK,-0.007691375
BTLA,-0.184582824
BTN1A1,-0.28166504
BTN2A1,-0.19443163
BTN2A2,0.039586416
BTN3A1,-0.005455361
BTN3A2,-0.309256875
BTN3A3,-0.083833048
BTNL10,-0.314970549
BTNL2,0.042765221
BTNL3,0.103652226
BTNL8,-0.153705696
BTNL9,0.23723247
BTRC,-0.011467757
BUB1,0.83565977
BUB1B,0.671687684
BUB1B-PAK6,-0.404182786
BUB3,1.364589439
BUD13,0.675024285
BUD23,0.968413847
BUD31,0.196281344
BVES,-0.408749419
BYSL,0.157297813
BZW1,0.15359871
BZW2,-0.120367684
C10orf105,0.099152453
C10orf120,0.434624629
C10orf126,-0.289961728
C10orf142,0.358979971
C10orf25,0.279142163
C10orf53,0.064328936
C10orf55,0.726701084
C10orf62,0.085303334
C10orf67,-0.356499433
C10orf71,0.16485725
C10orf82,-0.076535677
C10orf88,0.07456956
C10orf90,-0.502196097
C10orf91,0.067545075
C10orf95,-0.834450204
C10orf99,0.103291538
C11orf1,0.328735641
C11orf16,0.180101301
C11orf21,-0.275196565
C11orf24,-0.300831155
C11orf42,-0.093687732
C11orf44,-0.097900733
C11orf45,0.181623789
C11orf49,0.578643252
C11orf52,-0.240938112
C11orf53,-0.059508883
C11orf54,-0.45800765
C11orf58,0.277728315
C11orf63,-0.148662539
C11orf65,-0.185247436
C11orf68,0.339686718
C11orf71,-0.224940646
C11orf74,-0.064525315
C11orf80,0.201030803
C11orf86,-0.128552165
C11orf87,-0.10131
C11orf88,-0.310214724
C11orf91,0.174925085
C11orf94,-0.036458099
C11orf95,-0.040272421
C11orf96,-0.569320008
C11orf97,-0.597350594
C11orf98,-0.05464268
C12orf10,0.318061643
C12orf29,0.076073313
C12orf4,0.374502382
C12orf40,-0.288169257
C12orf42,-0.030721579
C12orf43,0.545565168
C12orf45,0.580957554
C12orf49,-0.381927997
C12orf50,0.318307209
C12orf54,-0.55889169
C12orf56,-0.448521244
C12orf57,-0.016277637
C12orf60,-0.154772447
C12orf65,0.438574941
C12orf66,-0.696193662
C12orf71,-0.440160905
C12orf73,-0.258139346
C12orf74,-0.076242205
C12orf75,0.287423362
C12orf76,-0.029517848
C12orf77,-0.073477675
C12orf80,-0.522610343
C14orf119,0.029597964
C14orf132,-0.206332357
C14orf177,-0.484505374
C14orf178,-0.033920835
C14orf180,0.056647216
C14orf28,0.354926349
C14orf39,0.636082184
C14orf93,0.300776076
C15orf32,-0.444888805
C15orf39,0.0341645
C15orf40,-0.463461258
C15orf41,0.692176609
C15orf48,0.168107499
C15orf54,-0.816523386
C15orf56,-0.006906896
C15orf59,0.374844792
C15orf61,0.040668041
C15orf62,-0.432486497
C15orf65,-0.468309765
C16orf46,0.312685536
C16orf54,0.250945741
C16orf58,0.235660245
C16orf70,-0.023337018
C16orf71,0.622471909
C16orf72,1.013941682
C16orf74,0.309533996
C16orf78,0.161924421
C16orf82,0.605346024
C16orf86,-0.132078032
C16orf87,-0.019431816
C16orf89,0.913704208
C16orf90,0.731352454
C16orf91,0.012633982
C16orf92,0.586575301
C16orf95,0.010725068
C16orf96,1.104832465
C16orf97,-0.021665991
C17orf100,-0.774339078
C17orf102,-0.247091392
C17orf107,-0.41919621
C17orf112,0.059631741
C17orf49,0.04810716
C17orf50,0.071622635
C17orf58,-0.51850159
C17orf64,-0.136515336
C17orf67,-0.383653059
C17orf75,-0.087244025
C17orf77,0.035454908
C17orf78,-0.140510832
C17orf80,0.16541826
C17orf82,-0.442507455
C17orf97,-0.092968581
C17orf98,0.362125418
C17orf99,0.057100505
C18orf21,0.616806544
C18orf25,-0.035307312
C18orf32,-0.142232307
C18orf54,-0.377579708
C18orf63,0.080458355
C18orf65,-0.50043314
C19orf12,-0.4809028
C19orf18,0.031318658
C19orf25,-0.99126104
C19orf33,0.296268493
C19orf38,0.166803193
C19orf44,-0.236308036
C19orf47,0.157488884
C19orf48,-0.356883448
C19orf53,0.212371479
C19orf54,0.858895394
C19orf57,-0.829661339
C19orf67,-0.864539318
C19orf71,-0.646563
C19orf73,0.305636714
C19orf81,-0.14399243
C19orf84,-0.244509472
C1D,-0.010394983
C1DP1,0.270738686
C1GALT1,0.488784351
C1GALT1C1,0.145738845
C1GALT1C1L,-0.39838709
C1QA,0.022995152
C1QB,0.021707192
C1QBP,0.711474354
C1QC,-0.15057132
C1QL1,-0.094593736
C1QL2,0.504555101
C1QL3,0.049051959
C1QL4,0.134108728
C1QTNF1,-0.273707747
C1QTNF12,-0.241030814
C1QTNF2,-0.164228975
C1QTNF3,-0.461283829
C1QTNF3-AMACR,-0.487272435
C1QTNF4,-0.341921045
C1QTNF5,0.572106248
C1QTNF6,0.232159191
C1QTNF7,0.259819983
C1QTNF8,0.841143748
C1QTNF9,0.315818274
C1QTNF9B,0.080125044
C1RL,-0.043957866
C1S,-0.932096652
C1orf100,-0.126069158
C1orf105,0.102406083
C1orf106,-0.208628269
C1orf109,0.579849607
C1orf112,0.193414197
C1orf115,0.290278059
C1orf116,-0.065142549
C1orf122,0.63038956
C1orf127,-0.187061998
C1orf131,0.720242425
C1orf137,0.208522328
C1orf141,-0.085735771
C1orf146,-0.293613425
C1orf158,-0.060325088
C1orf159,-0.398894939
C1orf162,-0.235568685
C1orf167,-0.155850732
C1orf174,-0.155753557
C1orf185,0.060655944
C1orf186,0.111320962
C1orf189,0.298644052
C1orf194,-0.05569046
C1orf195,0.36552951
C1orf198,-0.550160561
C1orf21,-0.164469429
C1orf210,-0.402495972
C1orf216,0.424923357
C1orf226,0.214259666
C1orf229,-0.310368301
C1orf27,-0.145461788
C1orf43,0.708023646
C1orf50,0.122273726
C1orf52,-0.403043916
C1orf53,-0.556278856
C1orf54,0.105265124
C1orf56,0.275064371
C1orf61,0.362761076
C1orf68,-0.416582734
C1orf87,-0.284343987
C1orf94,0.408157859
C2,0.155764601
C20orf141,-0.032177707
C20orf144,-0.197592804
C20orf173,0.143116228
C20orf194,0.126141376
C20orf197,-0.011755235
C20orf202,-0.275261766
C20orf203,0.328090845
C20orf27,0.309905444
C20orf78,-0.399916495
C20orf85,-0.113447342
C20orf96,0.234306955
C21orf58,0.74249181
C21orf59-TCP10L,0.294481732
C21orf62,0.745925742
C21orf91,0.357659712
C22orf15,-0.151556699
C22orf23,-0.264304277
C22orf24,-0.628582889
C22orf31,-0.283343308
C22orf34,0.154389926
C22orf39,0.25845374
C22orf42,0.110646343
C22orf46,-0.270603616
C2CD2,0.057655241
C2CD2L,-0.671237553
C2CD3,-0.272635649
C2CD4A,0.142260973
C2CD4B,-0.139541539
C2CD4C,-0.363695808
C2CD4D,0.084147159
C2CD4D-AS1,0.100225966
C2CD5,0.287398366
C2CD6,0.514252208
C2orf15,0.148565467
C2orf16,-0.040369438
C2orf27A,0.185240545
C2orf27AP3,-0.007053732
C2orf27B,0.294053687
C2orf40,0.496485363
C2orf42,0.137204995
C2orf49,-0.306295098
C2orf50,0.14090686
C2orf66,0.218066428
C2orf68,0.749115653
C2orf69,0.025634933
C2orf72,-0.086791017
C2orf73,-0.411312486
C2orf74,0.201271484
C2orf76,-0.152962761
C2orf78,-0.165116932
C2orf80,0.351595713
C2orf81,-0.0304337
C2orf83,0.047040098
C2orf88,0.363019743
C2orf91,-0.378083459
C3,0.089964619
C3AR1,0.128579412
C3orf14,-0.19806103
C3orf18,-0.358475811
C3orf20,0.02589105
C3orf22,0.116933367
C3orf33,0.237516832
C3orf35,-0.14945535
C3orf36,-0.099810333
C3orf38,-0.120686259
C3orf52,-0.013481511
C3orf56,-0.238125168
C3orf62,-0.362983516
C3orf67,0.074199203
C3orf70,-1.194605766
C3orf79,-0.321098831
C3orf80,-0.297241048
C3orf84,-0.143718387
C4A,0.056251882
C4B,-0.06088467
C4BPA,0.166403158
C4BPB,0.015268141
C4orf17,0.106156955
C4orf19,0.045086083
C4orf3,0.310430673
C4orf33,0.292367181
C4orf36,0.357595541
C4orf45,0.374406468
C4orf46,1.036127684
C4orf47,-0.036682124
C4orf48,-0.107271328
C4orf51,0.659208475
C5,0.292310777
C5AR1,-0.11092794
C5AR2,-0.030649885
C5orf15,-0.660439811
C5orf22,0.073132436
C5orf24,-0.04962362
C5orf30,-0.078431974
C5orf34,-0.682048244
C5orf38,-0.13309212
C5orf46,0.274898629
C5orf47,0.186854447
C5orf49,-0.020501032
C5orf51,-0.433385581
C5orf52,0.248909156
C5orf63,-0.383813445
C5orf64,-0.375133461
C5orf66,-0.691267551
C5orf67,0.397785142
C6,-0.470196909
C6orf118,-0.788724318
C6orf120,0.08273857
C6orf132,-0.145384266
C6orf136,0.762092662
C6orf141,0.165793211
C6orf15,-0.26726425
C6orf163,-0.104581566
C6orf201,0.159365662
C6orf223,-0.599510613
C6orf226,-0.239255471
C6orf47,0.76492243
C6orf52,0.25043379
C6orf58,-0.01002212
C6orf62,0.444076549
C6orf89,-0.239755717
C6orf99,0.002416219
C7,-0.685849251
C7orf25,-0.049792959
C7orf26,0.576147742
C7orf31,0.54665516
C7orf33,0.050403199
C7orf50,-0.000668092
C7orf57,0.025263685
C7orf61,0.272359151
C7orf65,-0.249711865
C7orf66,0.129702908
C7orf69,0.388362051
C7orf77,-0.019026345
C8A,0.373493799
C8B,0.179680561
C8G,-0.22024318
C8orf31,-0.35294893
C8orf33,0.711971957
C8orf34,0.223982848
C8orf37,-0.21179185
C8orf44,-0.621112939
C8orf44-SGK3,0.454721946
C8orf48,0.375862688
C8orf58,0.121276584
C8orf74,-0.501011278
C8orf76,0.001280356
C8orf82,-0.294298752
C8orf86,0.179237469
C8orf87,0.135478275
C8orf88,-0.069183873
C8orf89,-0.074954787
C9,0.006022142
C9orf106,0.066427104
C9orf116,-0.157468118
C9orf129,-0.401561125
C9orf131,-0.232460212
C9orf135,0.017979891
C9orf139,0.221560077
C9orf142,-0.129307731
C9orf152,0.247839845
C9orf153,0.445103885
C9orf16,0.412333144
C9orf163,0.157355898
C9orf170,0.124853775
C9orf24,-0.74242571
C9orf3,0.076868748
C9orf40,-0.297984764
C9orf43,-0.162534203
C9orf47,-0.519957439
C9orf50,-0.234526299
C9orf57,-0.656042536
C9orf62,0.039155661
C9orf64,-0.173596798
C9orf72,0.609106311
C9orf78,-0.230230328
C9orf85,-0.126618552
C9orf92,0.010951545
CA1,-0.101954117
CA10,-0.570382195
CA11,0.153763569
CA12,0.129587424
CA13,-0.344766205
CA14,-0.010146464
CA2,0.101189732
CA3,0.19054825
CA4,-0.174315316
CA5A,0.450215412
CA5B,-0.092973608
CA5BP1-CA5B,-0.092973608
CA6,-0.18775082
CA7,-0.314365886
CA8,0.506627175
CA9,-0.337875205
CAAP1,0.326541036
CAB39,0.376073171
CAB39L,-0.409929887
CABCOCO1,-0.124503247
CABIN1,-1.572296499
CABLES1,0.227703886
CABLES2,-0.051105609
CABP1,0.451972793
CABP2,-0.235407279
CABP4,-0.456150837
CABP5,0.138618197
CABP7,-0.923608924
CABS1,0.28847486
CABYR,-0.127319043
CACFD1,0.330987758
CACHD1,0.251831996
CACNA1A,-0.096090932
CACNA1B,-0.047733312
CACNA1C,0.222608121
CACNA1D,-0.010039831
CACNA1E,0.022005015
CACNA1F,-0.015333174
CACNA1G,-0.068714054
CACNA1H,1.011754361
CACNA1I,0.82313609
CACNA1S,-0.123687137
CACNA2D1,0.079816799
CACNA2D2,0.185068978
CACNA2D3,0.417934455
CACNA2D4,-0.030926171
CACNB1,0.23480943
CACNB2,-0.44455811
CACNB3,-0.016064734
CACNB4,-0.370134054
CACNG1,-0.333783059
CACNG2,0.079113384
CACNG3,-0.150833728
CACNG4,-0.654711566
CACNG5,0.064485986
CACNG6,0.000451662
CACNG7,-0.116070147
CACNG8,-0.575149539
CACTIN,-0.375277837
CACUL1,-0.006133476
CACYBP,0.432257431
CACYBPP2,0.389907085
CAD,0.112976708
CADM1,-0.191055713
CADM2,-0.49698689
CADM3,0.153238556
CADM4,-0.128050231
CADPS,-0.227400434
CADPS2,-0.269342088
CAGE1,-0.053283385
CALB1,-0.123156909
CALB2,0.021345383
CALCA,-0.402151399
CALCB,0.065576641
CALCOCO1,0.106770956
CALCOCO2,0.084046416
CALCR,-0.164574623
CALCRL,0.078742367
CALD1,0.05401374
CALHM1,-0.030467459
CALHM2,0.07747436
CALHM3,-0.172162673
CALHM4,-0.182282922
CALHM5,-0.420458796
CALHM6,0.154838738
CALM1,-0.493907235
CALM3,0.088114551
CALML3,0.311367715
CALML4,0.133565329
CALML5,-0.213381041
CALML6,-0.218347236
CALN1,0.223675241
CALR,-0.452912896
CALR3,-0.160019873
CALU,0.161830526
CALY,0.401133112
CAMK1,-1.021311662
CAMK1D,0.054487484
CAMK1G,-0.194551208
CAMK2A,0.167000151
CAMK2B,0.122817111
CAMK2D,0.875476716
CAMK2G,0.122533248
CAMK2N1,-0.387915727
CAMK2N2,-0.213966657
CAMK4,-0.517621943
CAMKK1,0.151214861
CAMKK2,0.440011166
CAMKMT,-0.110141293
CAMKV,-0.026527418
CAMLG,0.230704381
CAMP,-0.031724897
CAMSAP1,0.115054203
CAMSAP2,0.282830926
CAMSAP3,-0.220851581
CAMTA1,0.21500599
CAMTA2,-0.32498051
CAND1,1.003873408
CAND2,-0.052944665
CANT1,0.286750757
CANX,0.02194031
CAP1,0.618058541
CAP2,-0.147141401
CAPG,-0.383051335
CAPN1,-0.035450035
CAPN10,-0.126630109
CAPN11,0.143000629
CAPN12,0.32675239
CAPN13,-0.257976967
CAPN14,-0.203274613
CAPN15,-0.043898431
CAPN2,0.042931058
CAPN3,-0.10237612
CAPN5,-0.357340948
CAPN6,0.104644226
CAPN7,0.449997643
CAPN8,0.506712788
CAPN9,-0.051253863
CAPNS1,0.026906967
CAPNS2,0.400101926
CAPRIN1,-0.577360445
CAPRIN2,-0.325868988
CAPS,0.070472462
CAPS2,0.106078156
CAPSL,-0.48284181
CAPZA1,-0.181659549
CAPZA2,0.016008477
CAPZA3,0.086952179
CAPZB,0.218731732
CARD10,0.118176957
CARD11,-0.311217806
CARD14,0.247525598
CARD16,-0.24337694
CARD17,-0.704308359
CARD18,-0.037125668
CARD19,-0.281990656
CARD6,-0.521388417
CARD8,-0.181657608
CARD9,-0.6973592
CARF,-0.18873581
CARHSP1,0.129609054
CARM1,-0.580195697
CARMIL1,-0.03029153
CARMIL2,0.23640801
CARMIL3,-0.471291686
CARNMT1,1.610311318
CARNS1,-0.006216136
CARS,0.986528046
CARTPT,0.225561325
CASC1,-0.066078144
CASC3,0.225334698
CASC4,0.051857636
CASD1,0.118613017
CASK,0.129549839
CASKIN1,0.262312429
CASKIN2,-0.09861542
CASP1,0.085316173
CASP10,0.44872262
CASP14,-0.299418815
CASP2,-0.258535562
CASP3,1.707267885
CASP4,-0.380106462
CASP5,-0.507036413
CASP6,0.672794551
CASP7,-0.226615628
CASP8,3.660594656
CASP9,0.105362728
CASQ1,-0.179885677
CASQ2,-0.441940587
CASR,0.112563743
CASS4,0.077322098
CAST,0.065357145
CASTOR1,-0.044626542
CASTOR2,-0.592744448
CASTOR3,-0.279816663
CASZ1,0.057631426
CAT,0.223056201
CATIP,0.268675169
CATSPER1,-0.300917291
CATSPER2,0.11889476
CATSPER3,0.268546897
CATSPER4,0.478512317
CATSPERB,0.039293952
CATSPERD,-0.181089006
CATSPERE,-0.250625606
CATSPERG,-0.31152991
CATSPERZ,-0.012138949
CAV1,-0.388477021
CAV2,-0.185447715
CAV3,0.050754162
CAVIN1,0.011818129
CAVIN2,-0.163803967
CAVIN3,0.247989884
CAVIN4,0.107073587
CBARP,-0.182007753
CBFA2T2,-0.24099613
CBFA2T3,0.276367598
CBFB,-0.466402946
CBL,-0.308755947
CBLB,-0.082769361
CBLC,-0.296977372
CBLIF,-0.415224338
CBLL1,-0.507676239
CBLL2,-0.065938053
CBLN1,-0.195313568
CBLN2,-0.089796537
CBLN3,-0.423418079
CBLN4,-0.004594634
CBR1,-0.040328506
CBR3,0.500683179
CBR4,0.328046132
CBS,-0.163113851
CBSL,-0.163113851
CBWD1,-0.208778552
CBWD2,-0.020119957
CBWD3,-0.172394295
CBWD5,-0.172394295
CBWD6,-0.139599005
CBX1,0.085905846
CBX2,-0.00987314
CBX3,-0.450458983
CBX4,-0.23615139
CBX5,0.00721675
CBX6,-0.258526052
CBX7,0.022900446
CBX8,0.064522432
CBY1,-0.236283974
CBY3,-0.217058999
CC2D1A,0.247848166
CC2D1B,-0.206349392
CC2D2A,-0.026610816
CC2D2B,-0.07500584
CCAR1,1.059544683
CCAR2,-0.069899126
CCBE1,-0.068153094
CCDC102A,0.043232277
CCDC102B,0.048843011
CCDC103,-0.111961923
CCDC105,-0.316328089
CCDC106,0.078607005
CCDC107,0.133639114
CCDC110,-0.021955848
CCDC112,-0.646821976
CCDC113,-0.129673602
CCDC114,0.438770986
CCDC115,-0.999287043
CCDC116,-0.136996764
CCDC117,0.013462998
CCDC12,-0.54089463
CCDC120,-0.036974085
CCDC121,0.050078146
CCDC122,-0.200363796
CCDC124,0.441438955
CCDC125,-0.109668418
CCDC126,-0.168720331
CCDC127,-0.094580856
CCDC13,0.114129564
CCDC130,-0.031893035
CCDC134,-0.22315122
CCDC136,-0.244405846
CCDC137,-0.317265306
CCDC138,0.251972207
CCDC14,-0.465302863
CCDC140,0.051186194
CCDC141,0.397078862
CCDC142,-0.612373662
CCDC144A,0.011387779
CCDC144B,0.157449832
CCDC144CP,0.365179068
CCDC144NL,-0.253382164
CCDC146,0.203208246
CCDC148,0.230765861
CCDC149,0.071753995
CCDC15,-0.191596388
CCDC150,0.255041031
CCDC151,0.008413538
CCDC152,-0.17699111
CCDC153,-0.242782739
CCDC154,0.262321073
CCDC155,-0.128454713
CCDC157,0.450263297
CCDC158,0.402770549
CCDC159,0.067570416
CCDC160,0.122036264
CCDC162P,-0.41614038
CCDC166,0.109022395
CCDC167,-0.371423867
CCDC168,0.28395514
CCDC169,-0.143774408
CCDC169-SOHLH2,0.120049036
CCDC17,0.021782909
CCDC170,-0.316194464
CCDC171,0.126417819
CCDC172,-0.22392316
CCDC173,0.326450016
CCDC174,-0.504230127
CCDC175,0.083286426
CCDC177,0.031301171
CCDC178,-0.30322402
CCDC179,-0.12053754
CCDC18,-0.38368279
CCDC180,-0.425474439
CCDC181,0.336783262
CCDC182,0.073683931
CCDC183,-0.184153336
CCDC184,-0.006963284
CCDC185,0.184025074
CCDC186,0.145889947
CCDC187,-0.06732952
CCDC188,0.033124254
CCDC189,0.512169503
CCDC190,0.475649662
CCDC191,0.083602065
CCDC198,-0.669563824
CCDC22,-0.227796475
CCDC24,-0.348560187
CCDC25,-0.465587098
CCDC27,-0.237577206
CCDC28A,-0.189454933
CCDC28B,0.739216645
CCDC3,-0.069337926
CCDC30,0.511637068
CCDC32,0.642340201
CCDC33,-0.200813354
CCDC34,0.250323151
CCDC36,0.096566231
CCDC38,-0.110408794
CCDC39,-0.427662776
CCDC40,0.476684383
CCDC42,0.034684244
CCDC43,-0.758073358
CCDC47,-1.279951131
CCDC50,-0.275913469
CCDC51,-0.559438297
CCDC54,0.04403114
CCDC57,0.193158502
CCDC58,-0.1473469
CCDC58P3,-0.079458838
CCDC59,0.670882689
CCDC6,-0.492213404
CCDC60,-0.059377081
CCDC61,-0.171459241
CCDC62,-0.514419994
CCDC63,0.148100954
CCDC65,-0.311127992
CCDC66,0.024914557
CCDC68,0.162659539
CCDC69,-0.297933775
CCDC7,-0.102515
CCDC70,-0.088269324
CCDC71,0.042381498
CCDC71L,-0.613914691
CCDC73,0.21217066
CCDC74A,0.201283954
CCDC74B,0.799497387
CCDC77,0.218379804
CCDC78,0.456699453
CCDC8,-0.073095932
CCDC80,0.213216534
CCDC81,-0.015265348
CCDC82,0.042176301
CCDC83,0.051891107
CCDC84,0.308184814
CCDC85A,-0.262185724
CCDC85B,-0.349307574
CCDC85C,-0.200290826
CCDC86,-0.965744387
CCDC87,0.230465939
CCDC88A,-0.835612389
CCDC88B,0.360757484
CCDC88C,0.275637525
CCDC89,0.267578466
CCDC9,-0.042413271
CCDC90B,0.081866883
CCDC91,-0.167603343
CCDC92,0.085587696
CCDC93,-0.207004357
CCDC96,-0.166868234
CCDC97,-0.379538442
CCDC9B,-0.203740717
CCER1,-0.338432644
CCER2,-0.344529806
CCHCR1,0.109913312
CCIN,0.390260448
CCK,0.082197863
CCKAR,-0.067155806
CCKBR,0.214936722
CCL1,0.224662174
CCL11,-0.113581652
CCL13,-0.344837521
CCL14,-0.060195916
CCL15,-0.505415923
CCL15-CCL14,-0.282805919
CCL16,-0.278365549
CCL17,-0.398662029
CCL18,0.140134446
CCL19,-0.042106659
CCL2,-0.33536676
CCL20,-0.17562748
CCL21,0.018029164
CCL22,0.242348536
CCL23,0.162111779
CCL24,0.05139659
CCL25,-0.274336619
CCL26,0.145958389
CCL27,-0.035172214
CCL28,-0.503144797
CCL3,-0.51293161
CCL3L3,-0.178835191
CCL4,0.28391521
CCL4L2,0.204682514
CCL5,-0.083559233
CCL7,-0.00665517
CCL8,0.102294634
CCM2,0.399512256
CCM2L,-0.452960101
CCNA1,0.067073194
CCNA2,1.094656197
CCNB1,-0.145768547
CCNB1IP1,-0.167645647
CCNB2,-0.244678641
CCNB3,-0.618633812
CCNC,-0.679605093
CCND1,0.623689116
CCND2,-0.376313267
CCND3,-0.245351819
CCNDBP1,0.007086697
CCNE1,0.073083517
CCNE2,0.354010517
CCNF,0.130203639
CCNG1,-0.197302872
CCNG2,-0.30013261
CCNH,0.956572163
CCNI,0.169354733
CCNI2,-0.481031531
CCNJ,0.037086802
CCNJL,-0.358679384
CCNK,0.475602996
CCNL1,-0.006421973
CCNL2,-0.043279707
CCNO,-0.482584893
CCNT1,-0.299784447
CCNT2,-0.236617453
CCNY,-0.277861292
CCNYL1,0.383905254
CCP110,0.09648638
CCPG1,-0.03845836
CCR1,0.053225859
CCR10,-0.101469843
CCR2,-0.023383654
CCR3,-0.135857608
CCR4,0.190825351
CCR5,-0.105774207
CCR6,0.020765611
CCR7,0.147972631
CCR8,0.083210941
CCR9,0.146744281
CCRL2,-0.118140581
CCS,-0.368080157
CCSAP,0.208793441
CCSER1,0.251852682
CCSER2,0.033864852
CCT2,0.314378287
CCT3,0.129267458
CCT4,0.144442253
CCT5,-0.093143841
CCT6A,0.159180191
CCT6B,-0.137439397
CCT7,0.241435758
CCT8,-0.678952614
CCT8L2,-0.505141223
CCZ1,-0.646640645
CCZ1B,-0.73029081
CD101,-0.413072958
CD109,-0.133425729
CD14,-0.908752802
CD151,0.009514806
CD160,-0.307366612
CD163,-0.00231599
CD163L1,0.125569701
CD164,0.07879181
CD164L2,0.579495364
CD177,0.257038042
CD180,-0.301240029
CD19,0.471661762
CD1A,0.32097064
CD1B,0.314813114
CD1C,0.541069404
CD1D,0.412146899
CD1E,0.158856357
CD2,0.239113342
CD200,0.027164753
CD200R1,0.144972792
CD200R1L,-0.293683548
CD207,-0.108164032
CD209,-0.45493344
CD22,0.135378345
CD226,-0.398742329
CD24,-0.136180604
CD244,0.265197938
CD247,0.64107034
CD248,-0.144889628
CD27,0.122161141
CD274,-0.575183813
CD276,-0.44559081
CD28,0.077018656
CD2AP,0.182187686
CD2BP2,-0.01286129
CD300A,0.136657906
CD300C,0.073335116
CD300E,0.06811563
CD300LB,-0.219217321
CD300LD,0.296870551
CD300LF,-0.069489734
CD300LG,0.400316131
CD302,0.589507697
CD320,-0.139998537
CD33,-0.040737565
CD34,0.041209583
CD36,-0.226716892
CD37,0.123172736
CD38,-0.133871079
CD3D,-0.075746036
CD3E,0.209268941
CD3EAP,0.516293809
CD3G,-0.397259276
CD4,0.029620548
CD40,-0.005150351
CD40LG,-0.270112589
CD44,-0.071103667
CD46,0.1162874
CD47,0.21529966
CD48,0.191268896
CD5,-0.130474762
CD52,-0.009189734
CD53,0.452395596
CD55,0.098317367
CD58,-0.430805199
CD59,0.144122589
CD5L,0.523421862
CD6,0.08951125
CD63,0.29371601
CD68,0.296008619
CD69,0.075884773
CD7,0.022323698
CD70,-0.46705597
CD72,0.132178408
CD74,-0.164979934
CD79A,-0.14656542
CD79B,-0.169073275
CD80,0.281588498
CD81,-0.421225196
CD82,-0.137696194
CD83,-0.036674179
CD84,0.478063743
CD86,0.11328869
CD8A,-0.701179905
CD8B,-0.062853634
CD9,-0.030404512
CD93,0.102962431
CD96,-0.164970987
CD99,-0.168547028
CD99L2,0.290939291
CDA,0.019887069
CDADC1,0.262126734
CDAN1,0.616980927
CDC123,0.100750876
CDC14A,-0.693558267
CDC14B,-0.131955845
CDC16,0.159674724
CDC20,0.063889756
CDC20B,-0.394207652
CDC23,0.111773219
CDC25A,-0.160966122
CDC25B,-1.196882964
CDC25C,0.044491687
CDC26,0.046666355
CDC26P1,-0.313457093
CDC27,-0.182252493
CDC34,0.173199369
CDC37,0.500270849
CDC37L1,-0.340562665
CDC40,0.428928555
CDC42,-0.413486817
CDC42BPA,-0.114967171
CDC42BPB,-0.169643351
CDC42BPG,0.021851322
CDC42EP1,-0.076862141
CDC42EP2,0.017998406
CDC42EP3,-0.199160496
CDC42EP4,-0.231243648
CDC42EP5,0.215389081
CDC42P6,-0.170785249
CDC42SE1,-0.376919938
CDC42SE2,0.041825503
CDC45,-0.195654178
CDC5L,0.436747586
CDC6,-0.089434362
CDC7,-0.232698395
CDC73,0.211338734
CDCA3,-0.080026937
CDCA4,-0.046816639
CDCA5,-0.236083336
CDCA7,0.187763746
CDCA7L,-0.316096769
CDCA8,0.510316847
CDCP1,-0.874687959
CDCP2,-0.229723736
CDH1,-0.364989333
CDH10,0.000139598
CDH11,0.254337207
CDH12,-0.64820881
CDH13,-0.142831505
CDH15,-0.278437657
CDH16,-0.039988333
CDH17,0.306192513
CDH18,0.187987911
CDH19,0.190901253
CDH2,0.16184417
CDH20,0.254972619
CDH22,-0.038444733
CDH23,-0.3348242
CDH24,-0.448274577
CDH26,0.500981436
CDH3,-0.002639354
CDH4,0.107549897
CDH5,-0.027087132
CDH6,0.025163324
CDH7,-0.134064901
CDH8,-0.340913514
CDH9,-0.082831618
CDHR1,0.097663981
CDHR2,-0.045920682
CDHR3,-0.072152737
CDHR4,-0.253108541
CDHR5,-0.024658713
CDIP1,0.289162554
CDIPT,0.582067918
CDK1,0.339640353
CDK10,0.042175785
CDK11A,-0.14884074
CDK11B,-0.204439398
CDK12,0.327507684
CDK13,0.453407114
CDK14,-0.001615365
CDK15,-0.132163203
CDK16,-0.425333467
CDK17,-0.124054913
CDK18,-0.143921946
CDK19,-0.027845902
CDK2,0.115404489
CDK20,0.328822522
CDK2AP1,-0.645666544
CDK2AP2,0.335967659
CDK3,-0.178181236
CDK4,0.428750521
CDK5,0.323514254
CDK5R1,-0.091429613
CDK5R2,0.426697971
CDK5RAP1,-0.784429771
CDK5RAP2,-0.22667603
CDK5RAP3,-0.58342122
CDK6,-0.331880095
CDK7,0.982830485
CDK9,0.066236925
CDKAL1,-0.284678109
CDKL1,-0.06655894
CDKL2,0.242383575
CDKL3,-0.046803279
CDKL4,-0.338984972
CDKL5,-0.015142331
CDKN1A,0.084366652
CDKN1B,-0.369135337
CDKN1C,-0.085385647
CDKN2A,0.221853795
CDKN2AIP,2.136492581
CDKN2AIPNL,-0.073801427
CDKN2B,-0.304384279
CDKN2C,0.007385647
CDKN2D,-0.279203014
CDKN3,-0.579464634
CDNF,-0.340323659
CDO1,-0.018904123
CDON,-0.589637311
CDPF1,-0.19057318
CDR1,-0.185333052
CDR2,0.351754321
CDR2L,0.159547767
CDRT1,-0.078115558
CDRT15,0.134646966
CDRT15L2,-0.267514788
CDRT15P1,0.150561055
CDRT15P2,-0.207728681
CDRT4,-0.148635648
CDS1,0.294315032
CDS2,0.024394022
CDSN,-0.715172509
CDT1,-0.54653343
CDV3,0.499604503
CDX1,-0.283030402
CDX2,-0.068532628
CDX4,0.35688905
CDY1,-0.122499443
CDY1B,-0.122499443
CDY2A,0.006818211
CDY2B,0.006818211
CDYL,-0.330109457
CDYL2,0.017948052
CEACAM1,-0.276900931
CEACAM16,0.39019947
CEACAM18,0.121601549
CEACAM19,-0.111760917
CEACAM20,0.24749694
CEACAM21,-0.04346406
CEACAM3,0.001914491
CEACAM4,-0.168952227
CEACAM5,0.001404875
CEACAM6,0.103914747
CEACAM7,-0.325871521
CEACAM8,-0.071455041
CEBPA,0.008682935
CEBPB,0.065230901
CEBPD,-0.20437219
CEBPE,-0.530296313
CEBPG,0.048009761
CEBPZ,0.253819741
CECR2,-0.452552585
CEL,-0.06367769
CELA1,-0.346852807
CELA2A,-0.187617671
CELA2B,0.411045696
CELA3A,-0.120509381
CELA3B,-0.086443691
CELF1,0.056092076
CELF2,0.192772989
CELF3,0.024907326
CELF4,-0.010242952
CELF5,-0.756428158
CELF6,0.03512592
CELSR1,0.032505156
CELSR2,0.260166574
CELSR3,-0.124222472
CEMIP,0.122314761
CEMIP2,0.136457167
CEMP1,0.23151237
CEND1,-0.168743147
CENPA,-0.017868064
CENPB,0.663573224
CENPBD1,-0.29438872
CENPC,0.132600283
CENPE,0.559390485
CENPF,-0.468686761
CENPH,-0.229810744
CENPI,0.361208304
CENPJ,-0.442902886
CENPK,-0.45094736
CENPL,0.674626308
CENPM,0.188261789
CENPN,-0.113407515
CENPO,-0.358624658
CENPP,-0.010059424
CENPQ,-0.061618104
CENPS,0.156360404
CENPS-CORT,0.098766614
CENPT,-0.363171911
CENPU,0.282985525
CENPV,-0.176817389
CENPW,0.101470851
CENPX,-0.360256477
CEP104,-0.257477837
CEP112,0.223653837
CEP120,0.36755476
CEP126,-0.244811705
CEP128,-0.200124363
CEP131,0.312411978
CEP135,0.492782314
CEP152,0.021219522
CEP162,-0.32695221
CEP164,-0.126104911
CEP170,0.228660131
CEP170B,0.124515191
CEP19,-0.296188413
CEP192,0.335678115
CEP250,-9.89619e-05
CEP290,-0.262658741
CEP295,-0.200859441
CEP295NL,-0.116586635
CEP350,2.349486466
CEP41,-0.337199046
CEP44,0.142995373
CEP55,0.299213791
CEP57,0.422704434
CEP57L1,-0.721993735
CEP63,-0.649882569
CEP68,-0.057824328
CEP70,0.133866917
CEP72,-0.18754823
CEP76,0.084822399
CEP78,-0.084987616
CEP83,0.116058468
CEP85,0.206677583
CEP85L,-0.213893465
CEP89,-0.111731185
CEP95,0.040024788
CEP97,0.138859727
CEPT1,-0.024635795
CER1,-0.608423943
CERCAM,0.294350392
CERK,-0.004884122
CERKL,0.193774802
CERS1,-0.137467991
CERS2,-0.413554227
CERS3,-0.176437428
CERS4,-0.366473359
CERS5,0.340010555
CERS6,0.481457161
CERT1,-0.293541226
CES1,-0.297856209
CES2,0.040411372
CES3,0.299860226
CES4A,-0.360364297
CES5A,0.109540634
CETN1,0.020299052
CETN2,-0.050275414
CETN3,-0.030653383
CETP,0.071249246
CFAP100,-0.218092224
CFAP126,0.570033525
CFAP157,0.10431759
CFAP161,-0.268870433
CFAP20,-0.155991821
CFAP206,-0.342475906
CFAP221,0.612002277
CFAP298,-0.123165698
CFAP299,0.767331296
CFAP300,0.193164645
CFAP36,0.216955787
CFAP410,0.193700113
CFAP43,-0.1434925
CFAP44,-0.320617969
CFAP45,0.243618561
CFAP46,-0.071531363
CFAP47,0.198333416
CFAP52,-0.861118185
CFAP53,0.271741455
CFAP57,-0.027658647
CFAP58,-0.330379278
CFAP61,-0.17607969
CFAP65,0.265592876
CFAP69,0.243493138
CFAP70,-0.91253809
CFAP73,0.045155292
CFAP74,-0.493656757
CFAP77,-0.468581953
CFAP97,0.055009302
CFAP97D1,0.364099814
CFAP99,-0.070162338
CFB,0.268620909
CFC1,0.483746925
CFC1B,0.340686611
CFD,-0.069774391
CFDP1,-0.434258579
CFH,-0.25244266
CFHR1,-0.46095864
CFHR2,-0.60837739
CFHR3,0.087504789
CFHR4,-0.262208658
CFHR5,-0.866679845
CFI,1.125833912
CFL1,1.058830039
CFL2,-0.281558613
CFLAR,0.403797281
CFP,-0.055519473
CFTR,-0.134401511
CGA,0.078972977
CGB1,0.03244489
CGB2,0.03244489
CGB3,0.03244489
CGB5,0.03244489
CGB7,0.073620899
CGB8,0.03244489
CGGBP1,-0.528288176
CGN,-0.142538841
CGNL1,0.008920587
CGREF1,-0.222356574
CGRRF1,0.030710323
CH25H,-0.335227102
CHAC1,-0.298074548
CHAC2,-0.347153239
CHAD,-0.684978752
CHADL,-0.389957904
CHAF1A,-0.502475688
CHAF1B,-0.465203554
CHAMP1,-0.056501292
CHAT,-0.138419918
CHCHD1,0.835713144
CHCHD10,0.240650981
CHCHD2,0.254557086
CHCHD2P6,0.074908592
CHCHD3,-0.147781252
CHCHD4,0.010224111
CHCHD5,0.384621217
CHCHD6,-0.100168948
CHCHD7,0.015336828
CHD1,-0.385321443
CHD1L,0.342643966
CHD2,-0.443882515
CHD3,0.190881104
CHD4,-0.088308872
CHD5,-0.149521273
CHD6,-0.943168346
CHD7,0.135703342
CHD8,1.342403281
CHD9,-0.294848782
CHDH,-0.017040427
CHEK1,-0.128975738
CHEK2,-0.291742881
CHERP,-0.722782721
CHFR,0.052869847
CHGA,0.122678982
CHGB,0.207578634
CHI3L1,-0.153769069
CHI3L2,0.100549765
CHIA,-0.167598899
CHIC1,-0.428903422
CHIC2,-0.272260414
CHID1,-0.533789845
CHIT1,-0.092061886
CHKA,-0.014332194
CHKB,0.326882604
CHKB-CPT1B,-0.04252686
CHL1,-0.197885771
CHM,-0.287110886
CHML,0.225729097
CHMP1A,-0.057128612
CHMP1B,-0.357602744
CHMP2A,0.409496077
CHMP2B,0.154976973
CHMP3,-0.077640027
CHMP4A,0.037853169
CHMP4B,-0.713206825
CHMP4C,-0.058034153
CHMP5,-0.741102646
CHMP6,-1.213709993
CHMP7,-0.59469737
CHN1,0.188067668
CHN2,-0.059478033
CHODL,0.871245045
CHORDC1,0.640016634
CHP1,0.352324611
CHP2,0.371759104
CHPF,-0.144678809
CHPF2,0.0606403
CHPT1,-0.144154879
CHRAC1,-0.378563688
CHRD,-0.261324239
CHRDL1,-0.63359306
CHRDL2,0.111595207
CHRFAM7A,0.023700697
CHRM1,0.15373136
CHRM2,-0.193677514
CHRM3,-0.278804391
CHRM4,0.291079058
CHRM5,-0.563600622
CHRNA1,0.68221532
CHRNA10,0.441938112
CHRNA2,-0.370221089
CHRNA3,0.029227868
CHRNA4,0.01401775
CHRNA5,0.01753622
CHRNA6,0.232095139
CHRNA7,-0.080737461
CHRNA9,-0.509288943
CHRNB1,-0.276075054
CHRNB2,0.052103432
CHRNB3,-0.031903913
CHRNB4,0.000491559
CHRND,-0.146817168
CHRNE,0.021760062
CHRNG,0.37966868
CHST1,-0.216019063
CHST10,0.290775905
CHST11,0.370168074
CHST12,-0.348345663
CHST13,0.225993536
CHST14,0.043413711
CHST15,0.040664914
CHST2,-0.224228533
CHST3,-0.163012469
CHST4,0.358448456
CHST5,0.388822384
CHST6,0.05530826
CHST7,-0.066319769
CHST8,-0.599310938
CHST9,0.264875857
CHSY1,-0.041721637
CHSY3,-0.112389499
CHTF18,0.765118532
CHTF8,0.088981247
CHTOP,-0.35191017
CHUK,-1.157826945
CHURC1,-0.107924244
CHURC1-FNTB,1.330961789
CIAO1,-0.056311813
CIAO2A,0.047955935
CIAO2B,0.498523605
CIAO3,-0.131055879
CIAPIN1,-0.036688669
CIART,0.202970576
CIB1,0.021370473
CIB2,-0.332688006
CIB3,-0.130113192
CIB4,-0.433237381
CIC,0.099615025
CIDEA,-0.097844547
CIDEB,0.353176007
CIDEC,0.210556535
CIITA,0.584654029
CILP,0.346666502
CILP2,-0.029677521
CINP,0.596029233
CIPC,-0.268910149
CIR1,0.222623968
CIRBP,-0.042762834
CISD1,0.213018492
CISD1P1,-0.112887461
CISD2,0.4759798
CISD3,-0.039226689
CISH,-0.009530674
CIT,0.092595292
CITED1,-1.011045204
CITED2,0.147942062
CITED4,-0.154305238
CIZ1,-0.600010809
CKAP2,0.131782108
CKAP2L,0.079436336
CKAP4,0.016870356
CKAP5,-0.050425373
CKB,-0.126282394
CKLF,-0.177179897
CKLF-CMTM1,-0.266878873
CKM,0.006589687
CKMT1A,0.231991433
CKMT1B,0.231991433
CKMT2,-0.865671503
CKS1B,1.479323789
CKS2,0.468490546
CLASP1,0.641076304
CLASP2,-0.355133848
CLASRP,0.109494039
CLBA1,-0.093024893
CLC,-0.238717954
CLCA1,0.203074366
CLCA2,0.018434601
CLCA4,0.020295842
CLCC1,-0.627468814
CLCF1,-0.789948585
CLCN1,0.226990474
CLCN2,-0.144407992
CLCN3,0.175054805
CLCN4,-0.000708077
CLCN5,-0.439731964
CLCN6,0.120510659
CLCN7,0.702760175
CLCNKA,-0.381301816
CLCNKB,-0.388152665
CLDN1,0.012586765
CLDN10,-0.064041859
CLDN11,-0.348188583
CLDN12,0.037926323
CLDN14,-0.032242704
CLDN15,-0.338813692
CLDN16,-0.078487949
CLDN17,0.719041419
CLDN18,0.470100209
CLDN19,0.282025819
CLDN2,0.08278835
CLDN20,0.103580014
CLDN22,0.217175195
CLDN23,0.09572976
CLDN24,-0.103328837
CLDN25,-0.257651053
CLDN3,-0.374107515
CLDN34,0.384546564
CLDN4,-0.193588285
CLDN5,0.091146508
CLDN6,0.56812042
CLDN7,-0.150178451
CLDN8,0.522283287
CLDN9,-0.148429654
CLDND1,-0.107142658
CLDND2,0.132008471
CLEC10A,0.044472922
CLEC11A,0.26867126
CLEC12A,0.446843389
CLEC12B,-0.492946179
CLEC14A,-0.013219636
CLEC16A,0.392020573
CLEC17A,-0.026387493
CLEC18A,0.184059296
CLEC18B,0.243356163
CLEC18C,0.169786985
CLEC19A,0.534404272
CLEC1A,-0.18521275
CLEC1B,-0.457683707
CLEC2A,-0.436316143
CLEC2B,-0.445431357
CLEC2D,0.011431116
CLEC2L,0.048564551
CLEC3A,0.315945415
CLEC3B,0.138879413
CLEC4A,-0.059992725
CLEC4C,0.003682721
CLEC4D,-0.296076657
CLEC4E,-0.085805353
CLEC4F,-0.382300974
CLEC4G,-0.333829547
CLEC4M,-0.205412914
CLEC4O,0.007324236
CLEC5A,-0.459209216
CLEC6A,-0.27824496
CLEC7A,-0.282808679
CLEC9A,0.218192091
CLECL1,-0.083549547
CLGN,0.19380384
CLHC1,-0.292640446
CLIC1,0.432899302
CLIC2,-0.081410142
CLIC3,0.021703918
CLIC4,-0.162937651
CLIC5,0.102950103
CLIC6,0.273479306
CLINT1,-0.127573142
CLIP1,-0.373169268
CLIP2,-0.132764343
CLIP3,0.244051446
CLIP4,0.27757481
CLK1,0.368339041
CLK2,0.986644088
CLK3,0.979606398
CLK4,-0.834876654
CLLU1OS,-0.341417424
CLMN,0.028027946
CLMP,0.016555919
CLN3,0.495825692
CLN5,-0.580548553
CLN6,0.149399124
CLN8,-0.109753121
CLNK,0.075044141
CLNS1A,-0.03838462
CLOCK,-0.215119205
CLP1,0.407625451
CLPB,-0.925891849
CLPP,0.062960567
CLPS,-0.118558266
CLPSL1,-0.323793887
CLPSL2,-0.494922661
CLPTM1,0.286494013
CLPTM1L,-0.477655787
CLPX,0.304019323
CLRN1,-0.211097107
CLRN2,-0.037215301
CLRN3,0.044870684
CLSPN,-0.340549629
CLSTN1,-0.110013495
CLSTN2,0.066095678
CLSTN3,-0.039594727
CLTA,-0.396976501
CLTB,-0.042145879
CLTC,1.040311007
CLTCL1,0.233441746
CLTRN,0.064196388
CLU,-0.217253051
CLUAP1,0.078442674
CLUH,0.02333639
CLUL1,-0.23435574
CLVS1,-0.361824171
CLVS2,-0.106724559
CLYBL,-0.180948776
CMA1,0.093635679
CMAS,0.5556764
CMBL,0.011694124
CMC1,0.311443293
CMC2,0.018892916
CMC4,-0.286895571
CMIP,0.950937213
CMKLR1,0.206872096
CMPK1,-0.049394923
CMPK2,0.410145547
CMSS1,0.465221761
CMTM1,-0.211829701
CMTM2,-0.199507413
CMTM3,0.017856251
CMTM4,-0.070815286
CMTM5,-0.659133033
CMTM6,-1.005388635
CMTM7,-0.171690621
CMTM8,0.02594378
CMTR1,-1.318538841
CMTR2,0.546057997
CMYA5,0.12555906
CNBD1,-0.336286582
CNBD2,0.200767672
CNBP,-0.57636712
CNDP1,0.486762551
CNDP2,-0.01599864
CNEP1R1,0.199418802
CNFN,0.108703468
CNGA1,0.076678129
CNGA2,-0.478636673
CNGA3,-0.103215393
CNGA4,-0.208345613
CNGB1,-0.07249971
CNGB3,-0.082171269
CNIH1,-0.207368642
CNIH2,0.118725471
CNIH3,-0.01034648
CNIH4,-0.031094651
CNKSR1,0.25410788
CNKSR2,0.149519727
CNKSR3,0.317773591
CNMD,-0.305780292
CNN1,-0.020510597
CNN2,-0.267197876
CNN3,-0.512206653
CNNM1,0.07952997
CNNM2,-0.478473272
CNNM3,-1.097535246
CNNM4,0.285787672
CNOT1,-0.563379209
CNOT10,-0.043115646
CNOT11,0.772871108
CNOT2,-0.567787333
CNOT3,-0.03312716
CNOT4,0.942829454
CNOT6,0.148744077
CNOT6L,0.352631522
CNOT7,-1.360939524
CNOT8,-0.408135079
CNOT9,0.252763313
CNP,-0.287358064
CNPPD1,0.177902945
CNPY1,0.107391889
CNPY2,0.02621188
CNPY3,-0.117541011
CNPY3-GNMT,-0.180750169
CNPY4,-0.198891606
CNR1,-0.190392968
CNR2,0.727562785
CNRIP1,-0.099819256
CNST,0.004932177
CNTD1,-0.050466657
CNTD2,-0.158143259
CNTF,-0.374129009
CNTFR,0.031070811
CNTLN,0.010606063
CNTN1,-0.17546023
CNTN2,-0.262762209
CNTN3,-0.08911218
CNTN4,-0.234576389
CNTN5,-0.004375801
CNTN6,-0.19526108
CNTNAP1,-0.640580543
CNTNAP2,0.12518362
CNTNAP3,0.587342918
CNTNAP3B,0.205007514
CNTNAP3C,0.600466271
CNTNAP3P2,0.15969966
CNTNAP4,0.455230977
CNTNAP5,0.685892901
CNTRL,0.023726619
CNTROB,-0.430481566
COA1,0.405585938
COA3,0.12014982
COA4,0.328653889
COA5,1.083924837
COA6,0.244917388
COA7,0.656136354
COA8,0.520759774
COASY,-0.41383545
COBL,-0.085625948
COBLL1,-0.297164862
COCH,-0.028910555
COG1,0.311195695
COG2,0.033161211
COG3,0.234188899
COG4,0.119445789
COG5,-0.4494188
COG6,0.106561379
COG7,0.161357227
COG8,0.122988871
COIL,-0.382474651
COL10A1,0.217874021
COL11A1,-0.044308519
COL11A2,0.131648199
COL12A1,-0.3246241
COL13A1,0.183370503
COL14A1,-0.144384702
COL15A1,0.11992323
COL16A1,-0.10387555
COL17A1,0.060052994
COL18A1,0.339029293
COL19A1,0.062789374
COL1A1,-0.952571102
COL1A2,-0.065355701
COL20A1,-0.470618606
COL21A1,-0.194052684
COL22A1,-0.200484246
COL23A1,-0.230892133
COL24A1,0.047833149
COL25A1,0.92736846
COL26A1,-0.51269711
COL27A1,-0.36963911
COL28A1,0.210980856
COL2A1,-0.056073238
COL3A1,0.17116825
COL4A1,-0.153641762
COL4A2,-0.099797647
COL4A3,0.325065474
COL4A4,0.01084385
COL4A5,-0.312530785
COL4A6,-0.385773405
COL5A1,-0.228116757
COL5A2,-0.038890952
COL5A3,-0.3152463
COL6A1,0.156264947
COL6A2,-0.316111729
COL6A3,0.254790408
COL6A5,-0.116763357
COL6A6,-0.77066416
COL7A1,-0.053851495
COL8A1,-0.000733532
COL8A2,-0.069423948
COL9A1,-0.098929932
COL9A2,0.29236448
COL9A3,0.366571515
COLCA1,0.298880687
COLCA2,-0.172821396
COLEC10,0.217822908
COLEC11,-0.041606904
COLEC12,-0.122013974
COLGALT1,-0.327221671
COLGALT2,0.317305627
COLQ,0.242678408
COMMD1,-0.097251406
COMMD10,-0.225725749
COMMD2,-0.429768456
COMMD3,-0.919557408
COMMD3-BMI1,-0.479143143
COMMD4,-0.458967675
COMMD5,-0.234785115
COMMD6,0.400392255
COMMD7,-0.41775442
COMMD8,-0.224078862
COMMD9,0.144284844
COMP,-0.452426135
COMT,-0.169368917
COMTD1,0.037228054
COPA,-0.662088048
COPB1,0.447800454
COPB2,-0.531081517
COPE,-0.127972701
COPG1,0.06754421
COPG2,-0.572989992
COPRS,-0.378665132
COPS2,2.387159161
COPS3,2.627606678
COPS4,2.745505511
COPS5,2.011793998
COPS6,2.851981096
COPS7A,0.281056043
COPS7B,0.494075779
COPS8,1.444663589
COPS9,1.248006198
COPZ1,0.122254589
COPZ2,0.089768699
COQ10A,-0.063753842
COQ10B,0.559571323
COQ2,1.309815942
COQ3,0.749480501
COQ5,1.348883764
COQ6,0.472695394
COQ7,0.854771345
COQ8A,-0.019658261
COQ8B,0.093790468
COQ9,-0.013723373
CORIN,-0.253706508
CORO1A,0.849563055
CORO1B,-0.411926982
CORO1C,0.378247812
CORO2A,0.22667235
CORO2B,-0.392527293
CORO6,0.123794557
CORO7,1.025639589
CORO7-PAM16,1.040805258
CORT,0.055566236
COTL1,0.359069873
COX10,0.466254862
COX11,0.510193616
COX14,0.783720996
COX15,0.592072337
COX16,0.476517091
COX17,0.360676905
COX18,0.429842134
COX19,0.480634476
COX20,0.546330991
COX20P1,0.72828898
COX4I1,1.131843253
COX4I2,-0.082205046
COX5A,0.355531825
COX5B,-0.077231448
COX6A1,0.357325546
COX6A1P2,0.396314886
COX6A2,0.561693045
COX6B1,0.514656971
COX6B2,-0.016386999
COX6C,0.017765696
COX7A1,-0.161436735
COX7A2,0.424222683
COX7A2L,-0.178939995
COX7B,0.687178137
COX7B2,0.096412886
COX7BP1,0.798468403
COX7C,0.251723451
COX8A,0.463068365
COX8C,0.102803587
CP,0.024275357
CPA1,0.017757034
CPA2,0.292589341
CPA3,0.139471248
CPA4,-0.176652013
CPA5,-0.581922367
CPA6,-0.572202878
CPAMD8,-0.201778698
CPB1,0.281202637
CPB2,0.112242258
CPD,0.239882855
CPE,0.293032938
CPEB1,-0.673327815
CPEB2,-0.306697989
CPEB3,-0.118715754
CPEB4,-0.159709468
CPED1,-0.890214638
CPLANE1,-0.207158059
CPLANE2,-0.274537184
CPLX1,0.783029923
CPLX2,-0.327088208
CPLX3,0.083806971
CPLX4,0.164471815
CPM,0.359822145
CPN1,0.029520179
CPN2,-0.04316905
CPNE1,-0.479976561
CPNE2,-0.107500503
CPNE3,0.11808758
CPNE4,0.153787403
CPNE5,-0.263768927
CPNE6,-0.273255181
CPNE7,-0.037312118
CPNE8,0.076501308
CPNE9,-0.327212058
CPO,0.000979692
CPOX,-0.235277001
CPPED1,0.245573521
CPQ,0.007530356
CPS1,-0.0092623
CPSF1,1.007962044
CPSF2,0.045386833
CPSF3,0.158587173
CPSF4,0.194400124
CPSF4L,-0.030103795
CPSF6,-0.983032432
CPSF7,-0.572774476
CPT1A,-0.25087356
CPT1B,-0.411936323
CPT1C,-0.006502761
CPT2,-0.349882885
CPTP,-0.320697411
CPVL,0.176984455
CPXCR1,-0.08774727
CPXM1,-0.18514602
CPXM2,0.052172184
CPZ,0.115151284
CR1,-0.252754346
CR1L,-0.463849228
CR2,-0.485941518
CRABP1,-0.127178632
CRABP2,0.322157144
CRACD,0.451578101
CRACR2A,-0.1584328
CRACR2B,0.36633356
CRADD,-0.054732092
CRAMP1,-0.114955607
CRAT,-0.144214888
CRB1,-0.135570934
CRB2,0.026176777
CRB3,-0.583061972
CRBN,-0.210223457
CRCP,0.595580643
CRCT1,0.262536278
CREB1,-0.658708109
CREB3,-0.24823466
CREB3L1,-0.310116356
CREB3L2,0.000305807
CREB3L2-AS1,0.309357463
CREB3L3,0.332691967
CREB3L4,0.326527489
CREB5,0.307431405
CREBBP,0.794812983
CREBL2,-0.474281203
CREBRF,-0.497384136
CREBZF,0.045932808
CREG1,0.059660872
CREG2,-0.115388541
CRELD1,-0.106581991
CRELD2,0.361716479
CREM,0.085669357
CRH,0.214345498
CRHBP,-0.474848549
CRHR1,-0.192922093
CRHR2,0.253907268
CRIM1,-0.028989132
CRIP1,0.257460889
CRIP2,-0.045621483
CRIP3,-0.328719246
CRIPT,0.235640173
CRISP1,-0.464305895
CRISP2,0.170942467
CRISP3,0.041182689
CRISPLD1,-0.172949551
CRISPLD2,0.251488833
CRK,0.172610212
CRKL,0.088184276
CRLF1,0.174433363
CRLF2,0.089497484
CRLF3,0.050195914
CRLS1,0.051697906
CRMP1,0.196614787
CRNKL1,-0.685891599
CRNN,0.144331585
CROCC,-0.198992111
CROT,-0.49332284
CRP,0.138755279
CRPPA,-0.01601229
CRTAC1,0.036027905
CRTAM,-0.679152879
CRTAP,-0.026723376
CRTC1,0.060146587
CRTC2,-0.126522843
CRTC3,0.170021919
CRX,0.354085292
CRY1,-1.449724806
CRY2,-0.353822698
CRYAA,-0.21417759
CRYAA2,-0.21417759
CRYAB,-0.199997633
CRYBA1,0.111860873
CRYBA2,0.166080732
CRYBA4,0.445489742
CRYBB1,-0.864057352
CRYBB2,-0.107386332
CRYBB3,0.190741447
CRYBG1,-0.524788612
CRYBG2,0.450117459
CRYBG3,0.036503931
CRYGA,0.017704938
CRYGB,0.337632983
CRYGC,-0.003594995
CRYGD,0.088720102
CRYGN,-0.167968794
CRYGS,-0.221346842
CRYL1,0.47739646
CRYM,0.169445485
CRYZ,-0.117344752
CRYZL1,0.77043431
CRYZL2P-SEC16B,0.096970619
CS,0.430045061
CSAD,-0.221287761
CSAG1,0.056511715
CSAG2,0.043772155
CSAG3,0.043772155
CSDC2,-0.174114562
CSDE1,-0.554886241
CSE1L,-0.285878416
CSF1,-0.148115965
CSF1R,-0.449094934
CSF2,-0.192659507
CSF2RA,-0.052909145
CSF2RB,0.054829609
CSF3,-0.429953977
CSF3R,0.340368049
CSGALNACT1,-0.156848899
CSGALNACT2,-0.176551778
CSH1,-0.207908296
CSH2,-0.213378785
CSHL1,-0.373463474
CSK,0.696528611
CSKMT,0.224453447
CSMD1,-0.337653008
CSMD2,0.410295707
CSMD3,-0.184046953
CSN1S1,-0.036561384
CSN2,0.008362418
CSN3,0.578430905
CSNK1A1,0.388144535
CSNK1A1L,0.219679635
CSNK1D,0.851481731
CSNK1E,-0.119364631
CSNK1G1,0.088452762
CSNK1G2,-0.686080117
CSNK1G3,-0.192267646
CSNK2A1,0.268366193
CSNK2A2,-0.119704366
CSNK2A3,0.336313711
CSNK2B,-0.278929817
CSPG4,-0.583844912
CSPG5,-0.00619366
CSPP1,0.242910173
CSRNP1,0.01761615
CSRNP2,0.109969306
CSRNP3,0.55916264
CSRP1,-0.126339597
CSRP2,-0.153120858
CSRP3,0.107035444
CST1,-0.353899223
CST11,0.106532169
CST2,0.178521997
CST3,0.170590042
CST4,0.20517617
CST5,-0.386624869
CST6,0.078110381
CST7,0.021618573
CST8,0.236524229
CST9,-0.003352486
CST9L,-0.214063312
CSTA,0.441425319
CSTB,0.208939466
CSTF1,-0.221506256
CSTF2,-0.716637042
CSTF2T,-0.446350937
CSTF3,-0.109452764
CSTL1,0.274498246
CT45A1,0.084959091
CT45A10,0.10389018
CT45A2,0.072963143
CT45A3,0.051034363
CT45A5,0.093849222
CT45A6,0.093849222
CT45A7,0.093849222
CT45A8,0.072963143
CT45A9,0.072963143
CT47A1,-0.163633383
CT47A10,-0.163633383
CT47A11,-0.163633383
CT47A12,-0.163633383
CT47A2,-0.163633383
CT47A3,-0.163633383
CT47A4,-0.163633383
CT47A5,-0.163633383
CT47A6,-0.163633383
CT47A7,-0.163633383
CT47A8,-0.163633383
CT47A9,-0.163633383
CT47B1,-0.309530686
CT55,0.288203114
CT62,-0.318604358
CT83,-0.189066515
CTAG1A,-0.030492844
CTAG1B,-0.030492844
CTAG2,-0.066165571
CTAGE1,-0.121033365
CTAGE11P,0.251909676
CTAGE14P,0.229203144
CTAGE15,-0.024007055
CTAGE16P,0.885677445
CTAGE4,0.015410008
CTAGE6,-0.029116632
CTAGE8,0.015410008
CTAGE9,0.201087308
CTB-49A3.2,-0.826620441
CTBP1,1.065655079
CTBP2,0.667332662
CTBS,0.094183334
CTC1,-0.266051009
CTCF,0.064474747
CTCFL,0.337732817
CTDNEP1,0.697868292
CTDP1,-0.208764331
CTDSP1,0.088729363
CTDSP2,0.363425659
CTDSPL,-0.114291943
CTDSPL2,0.89383319
CTF1,0.268052905
CTGF,-0.112657506
CTH,0.346002462
CTHRC1,-0.352218701
CTIF,0.257325275
CTLA4,-0.130889313
CTNNA1,-0.354893003
CTNNA2,-0.315961924
CTNNA3,-0.172264322
CTNNAL1,-0.650462442
CTNNB1,-0.520455524
CTNNBIP1,-0.03479783
CTNNBL1,0.46768657
CTNND1,0.06483665
CTNND2,0.335061292
CTNS,0.264503828
CTPS1,1.622689234
CTPS2,0.245219997
CTR9,0.976659414
CTRB1,0.281057044
CTRB2,0.299679699
CTRC,0.571409896
CTRL,0.234576638
CTSA,0.080403688
CTSB,-0.479562062
CTSC,-0.356841063
CTSD,-0.310408785
CTSE,0.066941431
CTSF,0.277023793
CTSG,-0.225435789
CTSH,-0.052968428
CTSK,-0.032780512
CTSL,0.359470245
CTSO,0.578600706
CTSS,0.096176505
CTSV,-0.199656438
CTSW,-0.441950805
CTSZ,0.179268291
CTTN,0.417434857
CTTNBP2,-0.199629909
CTTNBP2NL,-0.202720448
CTU1,0.433477305
CTU2,1.038126411
CTXN1,0.009505353
CTXN2,-0.010697965
CTXN3,-0.644890972
CUBN,0.42946337
CUEDC1,0.35430376
CUEDC2,-0.351041448
CUL1,-0.990159821
CUL2,-0.201731819
CUL3,-0.353918233
CUL4A,-0.189171043
CUL4B,0.373240499
CUL5,-0.490800298
CUL7,-0.339000941
CUL9,-0.220359339
CUTA,0.136298289
CUTC,-0.373902168
CUX1,-0.00269026
CUX2,-0.19822803
CUZD1,-0.046782073
CWC15,0.712166984
CWC22,0.055542367
CWC25,-0.329066521
CWC27,0.271520045
CWF19L1,-0.875680593
CWF19L2,-0.298043401
CWH43,0.239705577
CX3CL1,-0.100381831
CX3CR1,0.146971033
CXADR,0.444208798
CXCL1,0.196582535
CXCL10,0.480286768
CXCL11,0.157840875
CXCL12,0.124098056
CXCL13,0.301335139
CXCL14,0.007304633
CXCL16,0.212599182
CXCL17,-0.12052458
CXCL2,-0.011254064
CXCL3,0.450509815
CXCL5,0.552073422
CXCL6,-0.009836261
CXCL8,0.101286637
CXCL9,0.015842384
CXCR1,0.287098216
CXCR2,-0.06235991
CXCR3,0.10298552
CXCR4,0.536601988
CXCR5,0.235447217
CXCR6,0.176032289
CXXC1,0.295447737
CXXC4,0.507052286
CXXC5,-0.436328751
CXorf21,-0.292225442
CXorf23,0.095560058
CXorf38,-0.19091662
CXorf40A,-0.024318352
CXorf40B,0.170586911
CXorf49,-0.363106852
CXorf49B,-0.363106852
CXorf51A,0.381831928
CXorf51B,0.381831928
CXorf56,1.077333076
CXorf58,-0.21709153
CXorf65,-0.105217846
CXorf66,0.319680465
CYB561,-0.845760599
CYB561A3,0.255630333
CYB561D1,0.071523544
CYB561D2,0.497877769
CYB5A,-0.142118673
CYB5B,-0.193900477
CYB5D1,0.082815458
CYB5D2,-0.521923411
CYB5R1,-0.314103855
CYB5R2,-0.23845145
CYB5R3,0.000985787
CYB5R4,0.384184472
CYB5RL,0.213780611
CYBA,0.055520948
CYBB,0.275141678
CYBC1,0.037609314
CYBRD1,0.529694978
CYC1,0.959680455
CYCS,0.769244004
CYFIP1,-0.408230988
CYFIP2,-0.486027151
CYGB,-0.323393364
CYHR1,0.567807236
CYLC1,0.192443277
CYLC2,-0.716108234
CYLD,0.654545736
CYP11A1,0.082924687
CYP11B1,0.154230056
CYP11B2,0.078373993
CYP17A1,0.205930458
CYP19A1,0.116124799
CYP1A1,0.232303735
CYP1A2,-0.105616478
CYP1B1,-0.541312324
CYP20A1,-0.147938701
CYP21A2,0.429803767
CYP24A1,-0.211194102
CYP26A1,-0.394503836
CYP26B1,-0.150887755
CYP26C1,0.065469241
CYP27A1,-0.244361907
CYP27B1,0.021194435
CYP27C1,0.684370187
CYP2A13,-0.202502561
CYP2A6,-0.038267287
CYP2A7,0.066521058
CYP2B6,-0.338296544
CYP2C18,0.141229567
CYP2C19,-0.279863045
CYP2C8,0.103100128
CYP2C9,-0.119670817
CYP2D6,-0.332091562
CYP2E1,-0.415181041
CYP2F1,-0.016106803
CYP2J2,-0.194014231
CYP2R1,0.106707458
CYP2S1,-0.427907609
CYP2U1,0.739892963
CYP2W1,0.23425439
CYP39A1,-0.063447872
CYP3A4,-0.083435742
CYP3A43,-0.2585125
CYP3A5,0.176391652
CYP3A7,0.083360604
CYP3A7-CYP3A51P,0.083360604
CYP46A1,0.13326492
CYP4A11,0.296330266
CYP4A22,0.018229903
CYP4B1,0.310222632
CYP4F11,0.309058284
CYP4F12,-0.205703832
CYP4F2,-0.111387088
CYP4F22,0.060944842
CYP4F3,-0.68243676
CYP4F8,-0.146172519
CYP4V2,0.332495871
CYP4X1,0.072695703
CYP4Z1,-0.162552777
CYP51A1,0.024368389
CYP7A1,0.191344124
CYP7B1,0.579257882
CYP8B1,0.202672174
CYR61,0.012713098
CYREN,0.226813953
CYS1,-0.078174677
CYSLTR1,-0.175120295
CYSLTR2,0.030663129
CYSRT1,0.402395121
CYSTM1,-0.148453506
CYTH1,0.203267269
CYTH2,0.169802017
CYTH3,0.253368625
CYTH4,-0.070688005
CYTIP,0.792479983
CYTL1,0.032643756
CYYR1,0.202463645
CZ1P-ASNS,-0.477542311
CZIB,0.005734124
D2HGDH,0.076056601
DAAM1,0.158479704
DAAM2,-0.06671404
DAB1,0.049689405
DAB2,-0.368123139
DAB2IP,0.168575236
DACH1,-0.038597694
DACH2,0.027653134
DACT1,-0.278052541
DACT2,-0.584664068
DACT3,0.035362654
DAD1,0.356641988
DAG1,0.112968056
DAGLA,0.049731476
DAGLB,-0.098499274
DALRD3,-0.267922785
DAND5,0.191060993
DAO,-0.397328128
DAOA,-0.073613365
DAOA-AS1,-0.213495553
DAP,0.071656406
DAP3,0.712081088
DAPK1,-0.659722395
DAPK2,0.177174354
DAPK3,-0.023018944
DAPL1,0.340584742
DAPP1,0.403090787
DARS1,0.51467732
DARS2,0.870024006
DAW1,0.015968158
DAXX,-0.421707593
DAZ1,-0.062657611
DAZ2,-0.062657611
DAZ3,-0.062657611
DAZ4,-0.062657611
DAZAP1,-0.421950496
DAZAP2,0.070438542
DAZL,0.06316082
DBF4,0.174470502
DBF4B,0.121114731
DBH,-0.254455593
DBI,0.218407489
DBN1,0.157410256
DBNDD1,0.030087684
DBNDD2,-0.345033301
DBNL,-0.321530949
DBP,-0.1997212
DBR1,0.401420386
DBT,-0.201329676
DBX1,-0.416088065
DBX2,-0.014452356
DCAF1,0.47581847
DCAF10,0.005727055
DCAF11,0.140502292
DCAF12,0.149121911
DCAF12L1,0.214136952
DCAF12L2,0.024705827
DCAF13,0.989018817
DCAF15,0.441240606
DCAF16,0.145384274
DCAF17,0.153086516
DCAF4,-0.065930356
DCAF4L1,0.080717403
DCAF4L2,-0.573274051
DCAF5,-1.287673698
DCAF6,0.129262613
DCAF7,1.116731213
DCAF8,-0.152186423
DCAF8L1,-0.476714736
DCAF8L2,0.040061898
DCAKD,-0.370647587
DCANP1,-0.469189103
DCBLD1,0.155864873
DCBLD2,-0.274110241
DCC,-0.174476472
DCD,0.149087375
DCDC1,-0.130697531
DCDC2,-0.177382707
DCDC2B,0.267324478
DCDC2C,0.298147607
DCHS1,0.363103979
DCHS2,0.391390164
DCK,-0.004515171
DCLK1,0.054562791
DCLK2,1.008834643
DCLK3,0.185100033
DCLRE1A,-0.103452723
DCLRE1B,0.364043865
DCLRE1C,0.009422702
DCN,-0.315993743
DCP1A,-0.099604391
DCP1B,-0.103607128
DCP2,-0.531591621
DCPS,-0.204989397
DCST1,0.413574352
DCST2,0.651173385
DCSTAMP,-0.156897106
DCT,0.093964208
DCTD,0.350022752
DCTN1,-0.451603144
DCTN2,0.468852925
DCTN3,0.460806214
DCTN4,-0.470020839
DCTN5,0.205954359
DCTN6,0.56524745
DCTPP1,0.638156334
DCUN1D1,-0.555643664
DCUN1D2,-0.236340182
DCUN1D3,0.050905506
DCUN1D4,0.233357983
DCUN1D5,-0.237464262
DCX,-0.361352222
DCXR,-0.404152567
DDA1,0.548729812
DDAH1,-0.0466683
DDAH2,-0.183714848
DDB1,0.162229529
DDB2,-0.807604933
DDC,0.00205078
DDHD1,0.446988553
DDHD2,-0.106080343
DDI1,-0.368925662
DDI2,-0.281229427
DDIAS,0.180971786
DDIT3,0.517834527
DDIT4,-0.265863748
DDIT4L,-0.072370865
DDN,-0.083803657
DDO,0.07910455
DDOST,0.263694419
DDR1,0.29592624
DDR2,0.431509262
DDRGK1,-0.416974005
DDT,-0.486533321
DDTL,-0.486533321
DDX1,0.864390275
DDX10,1.713230383
DDX11,0.052280322
DDX17,0.254142705
DDX18,1.042513459
DDX19A,-0.161583596
DDX19B,-0.039654267
DDX20,0.765276272
DDX21,0.827484403
DDX23,0.531880184
DDX24,0.452231666
DDX25,-0.033545965
DDX27,0.041457697
DDX28,0.691925282
DDX31,0.536381107
DDX39A,-0.619791716
DDX39B,-0.696380542
DDX3X,-0.060929344
DDX3Y,0.22972612
DDX4,0.189092404
DDX41,-0.104947226
DDX42,0.207503676
DDX43,-0.155956288
DDX46,0.088217975
DDX47,1.170892951
DDX49,1.005465301
DDX5,0.475603215
DDX50,0.223985663
DDX51,0.491276657
DDX52,1.339306249
DDX53,0.207547443
DDX54,0.16956924
DDX55,0.659474148
DDX56,0.665446154
DDX58,0.198795605
DDX59,0.055352442
DDX6,-0.74362081
DDX60,-0.107856763
DDX60L,0.197341886
DEAF1,0.139366028
DEC1,0.263279258
DECR1,0.165589402
DECR2,0.102307388
DEDD,0.58385066
DEDD2,0.233476051
DEF6,-0.04354323
DEF8,-0.255562319
DEFA1,-0.010793822
DEFA1B,-0.010793822
DEFA3,-0.010793822
DEFA4,0.347711773
DEFA5,0.307730803
DEFA6,0.049707532
DEFB1,-0.368998819
DEFB103A,-0.347820753
DEFB103B,-0.347820753
DEFB104A,0.168839872
DEFB104B,0.168839872
DEFB105A,-0.085229851
DEFB105B,-0.085229851
DEFB106A,0.095780417
DEFB106B,0.095780417
DEFB107A,-0.227745168
DEFB107B,-0.227745168
DEFB108B,0.314736906
DEFB110,0.091466751
DEFB112,-0.19891864
DEFB113,-0.240191097
DEFB114,-0.278028869
DEFB115,-0.030221444
DEFB116,-0.216618162
DEFB118,0.296671738
DEFB119,-0.545511934
DEFB121,-0.039774213
DEFB123,-0.41450426
DEFB124,-0.248492079
DEFB125,-0.501397638
DEFB126,-0.348839422
DEFB127,-0.431371622
DEFB128,0.043001195
DEFB129,-0.062315222
DEFB130A,-0.170871618
DEFB130B,-0.170871618
DEFB131A,-0.419406221
DEFB131B,-0.377655868
DEFB131C,-0.471443676
DEFB131D,-0.471443676
DEFB132,-0.708952245
DEFB134,-0.061651596
DEFB135,-0.23647951
DEFB136,0.112984267
DEFB4A,-0.083986581
DEFB4B,-0.303835175
DEGS1,-0.150254263
DEGS2,0.278470776
DEK,0.030109615
DELE1,-0.263267772
DENND10,0.051910988
DENND10P1,-0.523082641
DENND11,-0.153363605
DENND1A,0.410882098
DENND1B,-0.106125296
DENND1C,-0.230887787
DENND2A,-0.328001837
DENND2C,-0.152614968
DENND2D,0.137218958
DENND3,-0.333608931
DENND4A,0.436024698
DENND4B,-0.145978631
DENND4C,-0.132896379
DENND5A,0.416931966
DENND5B,0.010219859
DENND6A,-0.053577946
DENND6B,-0.033195842
DENR,-0.741517577
DEPDC1,0.064883652
DEPDC1B,-0.076956004
DEPDC4,0.029008576
DEPDC5,-0.405602344
DEPDC7,-0.082571598
DEPP1,-0.234300846
DEPTOR,-0.243840765
DERA,-0.122463823
DERL1,0.726265696
DERL2,-0.485347752
DERL3,-0.345082171
DES,0.915665914
DESI1,-0.120452764
DESI2,0.110318471
DET1,0.511250454
DEUP1,-0.813932413
DEXI,0.049420926
DFFA,-0.622198268
DFFB,0.029108096
DFNB59,0.193741251
DGAT1,-0.167439724
DGAT2,0.130830348
DGAT2L6,-0.293860054
DGCR2,-0.052319053
DGCR6,-0.155315409
DGCR6L,-0.325370349
DGCR8,-1.004451088
DGKA,-0.168232163
DGKB,-0.12603307
DGKD,0.615059515
DGKE,0.183927104
DGKG,-0.005641019
DGKH,-0.068407007
DGKI,-0.186673683
DGKK,-0.480431465
DGKQ,-0.017093001
DGKZ,-0.14642757
DGLUCY,-0.525171202
DGUOK,0.067368923
DHCR24,0.172347622
DHCR7,-0.273485436
DHDDS,0.02438589
DHDH,0.119567258
DHFR,0.3533567
DHFR2,-0.070635315
DHFRP1,-0.490660518
DHH,0.01442204
DHODH,0.24299173
DHPS,0.273333654
DHRS1,-0.289592279
DHRS11,0.063755145
DHRS12,-0.013152169
DHRS13,0.126132272
DHRS2,-0.319265923
DHRS3,0.208828693
DHRS4,-0.299596555
DHRS4-AS1,-0.069111264
DHRS4L1,-0.193293776
DHRS4L2,-0.470942912
DHRS7,-0.390405476
DHRS7B,-0.397429128
DHRS7C,-0.05828789
DHRS9,0.035576207
DHRSX,-0.723173207
DHTKD1,0.146354261
DHX15,0.494641355
DHX16,-0.443446625
DHX29,1.117299198
DHX30,1.068161557
DHX32,-0.161708009
DHX33,1.121183416
DHX34,-0.449993521
DHX35,-0.060334116
DHX36,1.152602332
DHX37,0.903066602
DHX38,-0.394333909
DHX40,-0.031394407
DHX57,-0.220666338
DHX58,-0.785709324
DHX8,0.108106671
DHX9,1.48610758
DIABLO,0.094037067
DIAPH1,-0.406103522
DIAPH2,-0.106720327
DIAPH3,-0.072067288
DICER1,-1.740601767
DIDO1,-0.172211963
DIEXF,0.548308955
DIMT1,1.166842134
DIO1,0.240389115
DIO2,-0.218628402
DIO3,0.057720385
DIP2A,-0.895205162
DIP2B,-0.364803456
DIP2C,0.020540587
DIPK1A,-0.358800718
DIPK1B,-0.32954464
DIPK1C,0.08484264
DIPK2A,-0.154076755
DIPK2B,-0.163245671
DIRAS1,-0.936374064
DIRAS2,-0.121644503
DIRAS3,-0.082384196
DIRC1,-0.191139679
DIS3,1.02705225
DIS3L,-0.319864539
DIS3L2,0.018227021
DISC1,-0.036906786
DISP1,-0.391033101
DISP2,-0.129162949
DISP3,0.167444901
DIXDC1,-0.120085546
DKC1,0.397305744
DKK1,-0.121295757
DKK2,0.552288071
DKK3,-0.072719633
DKK4,-0.059195929
DKKL1,-0.156313181
DLAT,-0.049308277
DLC1,0.161662144
DLD,-0.24325159
DLEC1,-0.389472546
DLEU7,-0.289185041
DLG1,0.448265812
DLG2,0.400093879
DLG3,0.316023146
DLG4,-1.051406071
DLG5,-0.149515023
DLGAP1,-0.57750657
DLGAP2,-0.597010909
DLGAP3,-0.066228089
DLGAP4,-0.012395697
DLGAP5,0.614234995
DLK1,0.249956881
DLK2,-0.132889767
DLL1,-0.405016111
DLL3,-0.774091296
DLL4,-0.154284967
DLST,-0.265995915
DLX1,0.019180889
DLX2,-0.49639969
DLX3,-0.562053044
DLX4,-0.296030266
DLX5,0.008363309
DLX6,-0.31396556
DMAC1,0.284178025
DMAC2,0.32042876
DMAC2L,0.197346807
DMAP1,-0.578678351
DMBT1,-0.373524529
DMBX1,0.228291751
DMC1,-0.15310461
DMD,0.011429154
DMGDH,0.043229387
DMKN,0.226529601
DMP1,0.21118082
DMPK,-0.164578403
DMRT1,0.084591458
DMRT2,-0.86915999
DMRT3,-0.253225159
DMRTA1,-0.263362485
DMRTA2,-0.20222634
DMRTB1,0.512243896
DMRTC1,-0.180805834
DMRTC1B,-0.180805834
DMRTC2,-0.040570133
DMTF1,-0.182216729
DMTN,-0.296874733
DMWD,-0.223396526
DMXL1,-0.454851974
DMXL2,0.16286057
DNA2,0.149478803
DNAAF1,-0.18494007
DNAAF2,0.504679464
DNAAF3,-0.368594596
DNAAF4,-0.124055101
DNAAF4-CCPG1,-0.08125673
DNAAF5,-0.103534978
DNAH1,0.281002696
DNAH10,0.211967388
DNAH11,0.657921897
DNAH12,-0.650669876
DNAH14,-0.149519152
DNAH17,-0.572221911
DNAH2,0.027337656
DNAH3,0.300893924
DNAH5,0.111563653
DNAH6,-0.240838353
DNAH7,0.075269419
DNAH8,-0.296060348
DNAH9,-0.2376727
DNAI1,-0.061471834
DNAI2,0.27283929
DNAJA1,0.723275464
DNAJA2,0.251590042
DNAJA3,0.567362697
DNAJA4,0.350868505
DNAJB1,-0.713941666
DNAJB11,-0.402570598
DNAJB12,-0.475226147
DNAJB13,-0.234012183
DNAJB14,0.388291653
DNAJB2,-0.054859492
DNAJB3,-0.074428145
DNAJB4,0.176786083
DNAJB5,-0.368630196
DNAJB6,0.033272164
DNAJB7,0.445082964
DNAJB8,-0.189638909
DNAJB9,-0.505597868
DNAJC1,-0.007884472
DNAJC10,0.292783921
DNAJC11,-0.297752196
DNAJC12,0.10942261
DNAJC13,-0.215706388
DNAJC14,0.007654007
DNAJC15,0.220774052
DNAJC16,-0.908427187
DNAJC17,0.06082353
DNAJC18,-0.281138525
DNAJC19,-0.166394163
DNAJC2,0.893103481
DNAJC21,-0.263364281
DNAJC22,-0.217312837
DNAJC24,0.74813389
DNAJC25,0.122873899
DNAJC25-GNG10,0.160359774
DNAJC27,0.230695971
DNAJC28,0.279570657
DNAJC3,-0.457708879
DNAJC30,0.065453838
DNAJC4,-0.029677049
DNAJC5,-0.587042325
DNAJC5B,0.158444281
DNAJC5G,-0.122950838
DNAJC6,0.390140464
DNAJC7,0.009292248
DNAJC8,0.030490382
DNAJC9,0.385197299
DNAL1,-0.216507972
DNAL4,-0.084646589
DNALI1,0.50161364
DNASE1,0.475086464
DNASE1L1,-0.023729762
DNASE1L2,0.284150637
DNASE1L3,-0.007212435
DNASE2,-0.133540158
DNASE2B,0.224929516
DND1,0.046492572
DNER,0.329113998
DNHD1,-0.382168449
DNLZ,-0.112748746
DNM1,0.285050071
DNM1L,0.563813383
DNM2,3.490507541
DNM3,-0.04545568
DNMBP,0.032765709
DNMT1,0.141052963
DNMT3A,0.465545049
DNMT3B,0.008322932
DNMT3L,0.096309507
DNPEP,-0.086093384
DNPH1,-0.373552906
DNTT,-0.158534292
DNTTIP1,-2.261220174
DNTTIP2,0.853197252
DOC2A,0.279910708
DOC2B,0.122239289
DOCK1,0.418599744
DOCK10,0.306412502
DOCK11,-0.361458668
DOCK2,-0.449039645
DOCK3,-0.035993196
DOCK4,-0.226598474
DOCK5,-0.00130572
DOCK6,0.226180802
DOCK7,0.120659217
DOCK8,0.417263005
DOCK8-AS1,0.054156649
DOCK9,0.057337729
DOHH,1.358613742
DOK1,-0.153430642
DOK2,0.034836755
DOK3,0.162381683
DOK4,0.391087306
DOK5,0.057017454
DOK6,0.017825945
DOK7,-0.111263445
DOLK,0.366000176
DOLPP1,-0.767002247
DONSON,0.435080186
DOP1A,0.029262581
DOP1B,0.393935299
DOT1L,-1.127496636
DPAGT1,0.668848546
DPCD,-0.405772562
DPEP1,-0.081601224
DPEP2,0.046350825
DPEP2NB,-0.129522967
DPEP3,-0.155393274
DPF1,-0.207871329
DPF2,0.457317641
DPF3,-0.414641279
DPH1,-0.057530398
DPH2,0.601470568
DPH3,2.450904693
DPH3P1,0.394123649
DPH5,0.099752092
DPH6,-0.141649945
DPH7,0.112134918
DPM1,2.200608115
DPM2,0.739462857
DPM3,1.801723466
DPP10,0.403932271
DPP3,-0.500697499
DPP4,-0.41979163
DPP6,-0.189153647
DPP7,0.151435623
DPP8,0.244249084
DPP9,-0.058782311
DPP9-AS1,-0.077129206
DPPA2,0.340053918
DPPA3,-0.497155146
DPPA4,-0.171523518
DPPA5,-0.190000197
DPRX,-0.091412331
DPT,0.247247843
DPY19L1,0.865425811
DPY19L2,-0.070147759
DPY19L3,-0.12924042
DPY19L4,0.00825176
DPY30,-0.793127106
DPYD,-0.312212488
DPYS,-0.095665127
DPYSL2,0.139031811
DPYSL3,-0.399684673
DPYSL4,-0.062108987
DPYSL5,0.229478477
DQX1,-0.243111046
DR1,0.106125505
DRAM1,-0.004698763
DRAM2,0.066714678
DRAP1,-0.033682389
DRAXIN,0.179294692
DRC1,-0.198368652
DRC3,-0.368785664
DRC7,-0.423002987
DRD1,0.076246737
DRD2,-0.2863098
DRD3,-0.279968464
DRD4,0.24923185
DRD5,0.072437894
DRG1,0.722609931
DRG2,0.649202099
DRGX,0.201173199
DRICH1,-0.170309799
DROSHA,-2.03824396
DRP2,0.069650912
DSC1,-0.38903272
DSC2,0.277992378
DSC3,0.160357365
DSCAM,0.623450865
DSCAML1,-0.091686639
DSCC1,0.196110834
DSCR4,0.390981791
DSE,-0.556660977
DSEL,0.254163123
DSG1,-0.142111504
DSG2,-0.009168926
DSG3,-0.029663226
DSG4,0.106340108
DSN1,0.796813791
DSP,0.155192574
DSPA2D,0.809928834
DSPP,0.473806789
DST,-0.082118538
DSTN,0.1311005
DSTNP3,-0.10413643
DSTYK,-0.258154279
DTD1,0.012483645
DTD2,0.206383206
DTHD1,0.579768013
DTL,-0.186167693
DTNA,0.093209793
DTNB,0.226970944
DTNBP1,0.036889079
DTWD1,0.036723208
DTWD2,-0.115571904
DTX1,0.631459714
DTX2,0.25661212
DTX3,-0.060865624
DTX3L,-0.15225556
DTX4,-0.07301588
DTYMK,0.338961489
DUOX1,0.334740787
DUOX2,-0.153722475
DUOXA1,0.079537635
DUOXA2,-0.744353027
DUPD1,-0.221742936
DUS1L,-0.128716957
DUS2,-0.374323856
DUS3L,0.010705383
DUS4L,-0.339411919
DUS4L-BCAP29,-0.226919844
DUSP1,0.05916824
DUSP10,0.045932318
DUSP11,0.093060646
DUSP12,0.941520837
DUSP13,0.173485128
DUSP14,-0.308392033
DUSP15,-0.119848334
DUSP16,0.436287447
DUSP18,-0.441273896
DUSP19,0.345697731
DUSP2,-0.016072504
DUSP21,-0.400461144
DUSP22,0.06647838
DUSP23,0.133766822
DUSP27,0.433839915
DUSP28,0.113458491
DUSP3,-0.775663774
DUSP4,0.365202178
DUSP5,0.440430968
DUSP6,0.312646947
DUSP7,-0.274985084
DUSP8,0.40985916
DUSP9,0.412242977
DUT,0.190358807
DUX4,0.288670299
DUX4L1,0.385442607
DUX4L10,0.288670299
DUX4L11,0.288670299
DUX4L12,0.288670299
DUX4L13,-0.232945087
DUX4L14,0.288670299
DUX4L15,0.288670299
DUX4L2,0.385442607
DUX4L20,0.288670299
DUX4L21,0.288670299
DUX4L22,0.288670299
DUX4L23,0.288670299
DUX4L24,0.288670299
DUX4L25,-0.232945087
DUX4L3,0.385442607
DUX4L4,0.385442607
DUX4L5,0.385442607
DUX4L6,0.385442607
DUX4L7,0.385442607
DUX4L8,0.566388788
DUX4L9,0.385442607
DUXA,0.118447447
DVL1,-0.271337078
DVL2,0.062105668
DVL3,0.229085666
DXO,0.103021407
DYDC1,-0.13828977
DYDC2,-0.16318294
DYM,-0.127661799
DYNAP,0.407232926
DYNC1H1,-0.470515117
DYNC1I1,0.205792071
DYNC1I2,-0.263873987
DYNC1LI1,-0.015181017
DYNC1LI2,0.036228081
DYNC2H1,0.020071567
DYNC2LI1,0.245779723
DYNLL1,0.029231609
DYNLL2,-0.080841095
DYNLRB1,-0.073259904
DYNLRB2,-0.001825785
DYNLT1,-0.112753197
DYNLT3,0.154311874
DYRK1A,1.340986078
DYRK1B,-0.071731329
DYRK2,-0.362594734
DYRK3,-0.05111076
DYRK4,-0.052116877
DYSF,0.078093701
DYTN,-0.316876307
DZANK1,0.362437137
DZIP1,-0.265524314
DZIP1L,-0.258075501
DZIP3,-0.111067476
E2F1,-0.263319577
E2F2,0.661664123
E2F3,0.37216865
E2F4,-0.111016452
E2F5,0.164853282
E2F6,0.191516543
E2F7,-0.429295777
E2F8,-0.159351821
E4F1,0.731058892
EAF1,-0.203550731
EAF2,-0.082186738
EAPP,0.31097971
EARS2,0.957361933
EBAG9,0.215911736
EBF1,-0.18162564
EBF2,-0.18180241
EBF3,-0.285776035
EBF4,0.038962592
EBI3,-0.552662054
EBLN1,-0.283116838
EBLN2,-0.098971997
EBNA1BP2,-0.392195609
EBP,-0.127536622
EBPL,0.181113549
ECD,0.659768532
ECE1,0.022391027
ECE2,0.003072656
ECEL1,0.329390222
ECH1,0.137460673
ECHDC1,-0.41950532
ECHDC2,0.169852014
ECHDC3,0.255812181
ECHS1,0.141393787
ECI1,0.605509852
ECI2,-0.23239475
ECM1,-0.547453649
ECM2,-0.308008706
ECPAS,0.26581887
ECSCR,-0.662000825
ECSIT,0.319958328
ECT2,-0.653264222
ECT2L,-0.210786203
EDA,-0.11780232
EDA2R,0.284392965
EDAR,0.239269143
EDARADD,0.346804635
EDC3,0.296071529
EDC4,-0.467918273
EDDM3A,-0.576433826
EDDM3B,0.082571845
EDEM1,-0.036348578
EDEM2,-0.239458671
EDEM3,-0.128949654
EDF1,0.196453807
EDIL3,-0.783169361
EDN1,-0.233527156
EDN2,0.879001748
EDN3,0.024354245
EDNRA,0.396337848
EDNRB,-0.168250406
EDRF1,-0.233498208
EEA1,0.782353834
EED,-1.753982562
EEF1A1,-0.246017738
EEF1A1P5,-0.597819206
EEF1A1P6,-0.597819206
EEF1A2,0.317738125
EEF1AKMT1,-0.017011791
EEF1AKMT2,-0.371293689
EEF1AKMT3,-0.191040915
EEF1AKMT4-ECE2,-0.032505587
EEF1AKNMT,0.631058923
EEF1B2,-0.779776009
EEF1B2P3,0.099148058
EEF1D,-0.148118031
EEF1E1,0.127226337
EEF1E1-BLOC1S5,-0.042421573
EEF1G,1.297907787
EEF2,0.388850216
EEF2K,0.493504792
EEF2KMT,0.269501016
EEFSEC,-0.116425659
EEPD1,0.268881627
EFCAB1,-0.379726688
EFCAB11,0.359787479
EFCAB12,0.486229388
EFCAB13,-0.231771616
EFCAB14,-0.275836356
EFCAB2,0.005315223
EFCAB3,-0.574237758
EFCAB5,-0.336788171
EFCAB6,-0.423917731
EFCAB7,-0.396815034
EFCAB9,-0.245958743
EFCC1,-0.008067935
EFEMP1,-0.608431451
EFEMP2,-0.023932589
EFHB,-0.2859482
EFHC1,0.294965237
EFHC2,-0.076068849
EFHD1,0.310069843
EFHD2,-0.176284772
EFL1,0.040286257
EFNA1,-0.10300367
EFNA2,-0.662657989
EFNA3,0.414678745
EFNA4,0.443173503
EFNA5,-0.768260592
EFNB1,-0.080976684
EFNB2,0.1527983
EFNB3,0.118073851
EFR3A,-0.42162129
EFR3B,0.017940578
EFS,-0.322071674
EFTUD2,0.100050602
EGF,0.75377245
EGFL6,-0.074464041
EGFL7,-0.014223083
EGFL8,-0.19303366
EGFLAM,-0.302546582
EGFR,-0.416498771
EGLN1,0.159370486
EGLN2,0.270528141
EGLN3,-0.076342944
EGR1,0.103551865
EGR2,0.337006126
EGR3,-0.050726312
EGR4,-0.070310567
EHBP1,-0.087777504
EHBP1L1,0.614569897
EHD1,-0.197197909
EHD2,0.382279141
EHD3,-0.000934341
EHD4,0.24172626
EHF,0.378000165
EHHADH,-0.34251181
EHMT1,0.164608969
EHMT2,-0.128662387
EI24,-1.506457388
EID1,0.351442142
EID2,-0.07913181
EID2B,0.091368638
EID3,-0.451728019
EIF1,0.220606103
EIF1AD,0.086445742
EIF1AX,-0.073966068
EIF1AY,0.043867197
EIF1B,0.288939862
EIF2A,-0.14048095
EIF2AK1,0.129315371
EIF2AK2,0.421178525
EIF2AK3,0.194251673
EIF2AK4,1.063297753
EIF2B1,-0.203757424
EIF2B2,-0.049004263
EIF2B3,-0.136477023
EIF2B4,-0.295652291
EIF2B5,0.106478144
EIF2D,-0.367754067
EIF2S1,0.164834501
EIF2S2,0.113027744
EIF2S2P4,-0.185068267
EIF2S3,-0.115839311
EIF3A,-0.005117921
EIF3B,0.176480576
EIF3C,-0.017872704
EIF3CL,-0.017872704
EIF3D,-0.120458378
EIF3E,0.501384455
EIF3F,-0.317395536
EIF3G,0.174800509
EIF3H,1.115104623
EIF3I,0.845920172
EIF3J,0.176282503
EIF3K,0.307872822
EIF3L,0.020353458
EIF3M,0.156351978
EIF4A1,0.268501461
EIF4A2,0.223725988
EIF4A3,0.381789555
EIF4B,0.112097689
EIF4BP3,0.038450282
EIF4E,1.327936592
EIF4E1B,0.158176529
EIF4E2,0.592481922
EIF4E3,0.002884793
EIF4EBP1,-0.429256397
EIF4EBP2,-0.131772876
EIF4EBP3,-0.183126146
EIF4ENIF1,-0.61154275
EIF4G1,0.604402774
EIF4G2,0.514108073
EIF4G3,-0.299525206
EIF4H,0.474790926
EIF5,-0.21061728
EIF5A,0.367397986
EIF5A2,-0.360867409
EIF5AL1,0.046068698
EIF5AP4,0.046068698
EIF5B,0.27259285
EIF6,0.472277751
EIPR1,-0.994775302
ELAC1,-0.057481475
ELAC2,-0.338053119
ELANE,-0.608154961
ELAVL1,1.736419964
ELAVL2,-0.187167085
ELAVL3,-0.090626806
ELAVL4,-0.210398387
ELF1,-0.087665665
ELF2,1.225200699
ELF3,0.429217017
ELF4,0.074398015
ELF5,0.509165835
ELFN1,-0.261887935
ELFN2,-0.336568594
ELK1,-0.749792799
ELK3,0.023866387
ELK4,-0.148682467
ELL,-0.561242285
ELL2,-0.088407597
ELL3,-0.233740887
ELMO1,-0.271153454
ELMO2,0.173273718
ELMO3,-0.292874878
ELMOD1,-0.521904511
ELMOD2,0.190471049
ELMOD3,-0.077986312
ELMSAN1,-1.336790956
ELN,-0.400150286
ELOA,0.688374601
ELOA2,-0.069003872
ELOA3B,-0.060806116
ELOA3C,-0.280604072
ELOA3D,-0.125257237
ELOB,0.41948194
ELOC,-0.55750091
ELOCP2,-0.46393525
ELOCP27,-0.542637104
ELOF1,0.699963885
ELOVL1,-0.456620682
ELOVL2,-0.123879891
ELOVL3,0.061903146
ELOVL4,-0.214362304
ELOVL5,-0.381123331
ELOVL6,1.10981567
ELOVL7,-0.460780677
ELP1,0.908797112
ELP2,1.051178928
ELP3,0.564923213
ELP4,0.634708009
ELP5,0.929022794
ELP6,0.875743961
ELSPBP1,0.060257408
EMB,-0.156894997
EMC1,-0.818885822
EMC10,-0.243368785
EMC2,-0.529749215
EMC3,-0.544445648
EMC4,-0.26597941
EMC6,-1.337604796
EMC7,-1.268499548
EMC8,0.409933881
EMC9,-0.57925436
EMCN,0.174009736
EMD,-0.279156867
EME1,-0.188422549
EME2,0.012354366
EMG1,0.751215062
EMID1,-0.259375722
EMILIN1,-0.371032341
EMILIN2,-0.000134724
EMILIN3,0.180720968
EML1,-0.175022179
EML2,0.04867617
EML3,-0.299954368
EML4,-0.670468663
EML5,-0.36882825
EML6,-0.217269238
EMP1,-0.440682348
EMP3,0.188526278
EMSY,0.639820186
EMX1,0.035873822
EMX2,-0.289670676
EN1,-0.194372936
EN2,0.170056213
ENAH,-0.294727594
ENAM,0.195128605
ENC1,-0.060016248
ENDOD1,-0.012020623
ENDOG,-0.411694947
ENDOU,0.03715838
ENDOV,0.118179027
ENG,-0.033509898
ENGASE,-0.074475267
ENHO,-0.086422188
ENKD1,0.055674952
ENKUR,-0.380702113
ENO1,1.475271003
ENO2,-0.193414643
ENO3,0.624733271
ENO4,0.017621462
ENOPH1,-0.297803406
ENOSF1,-0.75439729
ENOX1,0.048873324
ENOX2,-0.356291116
ENPEP,1.081857701
ENPP1,-0.114726519
ENPP2,0.449913602
ENPP3,-0.282878801
ENPP4,-0.135624103
ENPP5,-0.37157572
ENPP6,0.26066103
ENPP7,0.012450495
ENSA,-0.144520719
ENTHD1,0.108688408
ENTPD1,-0.063988287
ENTPD2,0.122069139
ENTPD3,-0.167924867
ENTPD4,-0.12671872
ENTPD5,-0.635310829
ENTPD6,0.185495382
ENTPD7,-0.370404959
ENTPD8,0.225938558
ENTR1,0.003233649
ENY2,-0.319489471
EOGT,0.4082979
EOMES,-0.084405453
EP300,0.241211445
EP400,0.728326113
EPAS1,-0.656405674
EPB41,0.51942117
EPB41L1,0.153928651
EPB41L2,-0.327354867
EPB41L3,-0.153083229
EPB41L4A,-0.005706519
EPB41L4B,-0.07759412
EPB41L5,-0.251613629
EPB42,0.045708732
EPC1,-0.187228513
EPC2,1.050501751
EPCAM,-0.252571961
EPDR1,0.306866684
EPG5,-1.155718656
EPGN,-0.062120615
EPHA1,-0.13206192
EPHA10,-0.313283171
EPHA2,0.194522755
EPHA3,-0.046886838
EPHA4,-0.611660601
EPHA5,0.03355958
EPHA6,-0.466836482
EPHA7,0.054958172
EPHA8,0.049969191
EPHB1,-0.052820556
EPHB2,0.044309043
EPHB3,-0.156318553
EPHB4,-0.14774696
EPHB6,-0.035491248
EPHX1,-0.487364927
EPHX2,0.190298059
EPHX3,-0.062389316
EPHX4,0.029779222
EPM2A,-0.311781648
EPM2AIP1,-0.531266227
EPN1,-0.204121975
EPN2,-0.06317799
EPN3,0.068123222
EPO,-0.427284789
EPOP,-0.67997613
EPOR,0.109216874
EPPIN,-0.338494871
EPPIN-WFDC6,-0.427330594
EPPK1,-0.288910576
EPRS1,-0.554573748
EPS15,0.00539876
EPS15L1,-0.268899246
EPS8,-0.02119163
EPS8L1,-0.191512097
EPS8L2,0.378173323
EPS8L3,-0.368760675
EPSTI1,-0.514535701
EPX,0.016058529
EPYC,0.046635685
EQTN,-0.325521191
ERAL1,0.688440826
ERAP1,-0.298692771
ERAP2,-0.557083003
ERAS,0.181237485
ERBB2,-0.180089206
ERBB3,-0.238686338
ERBB4,-0.950872334
ERBIN,-0.190164733
ERC1,-0.011699852
ERC2,-0.625523235
ERCC1,0.267950955
ERCC2,0.735321342
ERCC3,1.29229524
ERCC4,0.185180908
ERCC5,0.102547119
ERCC6,-0.09948743
ERCC6L,-0.823904791
ERCC6L2,-0.210622488
ERCC8,-0.291990997
EREG,0.172711505
ERF,0.30052437
ERFE,0.172839012
ERG,0.36146154
ERG28,-0.656261951
ERGIC1,-0.023854332
ERGIC2,-0.370211946
ERGIC3,-0.03225616
ERH,-0.046256169
ERI1,-0.206020461
ERI2,0.303466887
ERI3,0.129395136
ERICH1,-0.120073536
ERICH2,0.395278856
ERICH3,0.104693948
ERICH4,0.059006943
ERICH5,-0.021405933
ERICH6,0.055809496
ERICH6B,0.085203968
ERLEC1,0.223782173
ERLIN1,-0.18267991
ERLIN2,0.208299029
ERMAP,0.074247242
ERMARD,-0.050686274
ERMN,0.202472738
ERMP1,-0.111081162
ERN1,0.289774975
ERN2,0.13012252
ERO1A,-0.230639176
ERO1B,0.336557908
ERP27,-0.215272396
ERP29,0.340453698
ERP44,-0.214450493
ERRFI1,-0.139346646
ERV3-1,0.039370344
ERV3-1-ZNF117,-0.245360126
ERVFRD-1,0.135154338
ERVMER34-1,0.256775053
ERVV-1,0.092659469
ERVV-2,0.029579083
ERVW-1,0.359900763
ESAM,-0.010160379
ESCO1,0.012870026
ESCO2,0.038373377
ESD,-0.121008252
ESF1,-0.351259612
ESM1,-0.33579242
ESPL1,1.202295984
ESPN,0.429499871
ESPNL,0.379968203
ESR1,0.234695273
ESR2,0.152366474
ESRP1,-0.218872241
ESRP2,-0.123238837
ESRRA,0.368122973
ESRRB,0.042926377
ESRRG,-0.103365227
ESS2,-0.121807579
ESX1,-0.332399769
ESYT1,0.053517426
ESYT2,-0.511803413
ESYT3,0.319351574
ETAA1,-0.848443379
ETF1,0.147733281
ETFA,-0.093683806
ETFB,0.111035129
ETFBKMT,0.337807305
ETFDH,0.37186751
ETFRF1,0.024157534
ETHE1,-0.151717757
ETNK1,-0.15333714
ETNK2,-0.017965187
ETNPPL,0.868811193
ETS1,-0.092097194
ETS2,0.271048457
ETV1,0.17660365
ETV2,-0.061378753
ETV3,0.189104034
ETV3L,0.449485537
ETV4,-0.551625143
ETV5,-0.020880972
ETV6,-0.152594459
ETV7,0.067800806
EVA1A,0.134396652
EVA1B,0.093598497
EVA1C,0.784309505
EVC,-0.401208365
EVC2,0.187142338
EVI2A,0.164431684
EVI2B,0.237930329
EVI5,-0.720717114
EVI5L,-0.348677733
EVL,0.075504692
EVPL,0.139788952
EVPLL,0.162982462
EVX1,0.288572564
EVX2,0.586871273
EWSR1,0.466185215
EXD1,0.059860316
EXD2,-0.328677223
EXD3,-0.371769588
EXO1,-0.331594759
EXO5,0.212441265
EXOC1,0.1907668
EXOC2,-0.11936476
EXOC3,0.407575209
EXOC3L1,-0.38472772
EXOC3L2,-0.195803666
EXOC3L4,-0.091110695
EXOC4,0.0119389
EXOC5,0.022019222
EXOC6,-0.551696452
EXOC6B,-0.391189316
EXOC7,-0.212650015
EXOC8,-0.044011385
EXOG,-0.0712584
EXOSC1,0.751555238
EXOSC10,0.227408273
EXOSC2,1.313258665
EXOSC3,0.873479049
EXOSC4,0.941915057
EXOSC5,0.946214529
EXOSC6,0.731314309
EXOSC7,0.788990606
EXOSC8,0.468812564
EXOSC9,0.596166586
EXPH5,0.037435723
EXT1,-0.476541477
EXT2,-0.016063714
EXTL1,0.175319616
EXTL2,0.327884312
EXTL3,-0.249894285
EYA1,0.042962587
EYA2,0.167236035
EYA3,0.071270108
EYA4,-0.321871079
EYS,0.059185452
EZH1,-0.527791858
EZH2,-0.986724094
EZHIP,0.060934627
EZR,0.260136555
F10,-0.242431881
F11,0.213325389
F11R,0.324640719
F12,0.437716108
F13A1,-0.050187924
F13B,-0.099872945
F2,-0.47786571
F2R,-0.457596316
F2RL1,-0.155695688
F2RL2,0.164168235
F2RL3,0.542741971
F3,0.303240452
F5,-0.069058625
F7,-0.594450167
F8,0.102475137
F8A1,-0.353626701
F8A2,-0.353626701
F8A3,-0.353626701
F9,0.116522117
FA2H,0.082468386
FAAH,-0.067444744
FAAH2,-0.295362587
FAAP100,-0.365602214
FAAP20,-0.153902043
FAAP24,-0.00533929
FABP1,-0.102069036
FABP12,0.069284744
FABP2,0.651558586
FABP3,-0.389711113
FABP4,-0.302875145
FABP5,-0.203357947
FABP5P1,-0.361288476
FABP5P7,-0.361288476
FABP6,-0.080410577
FABP7,-0.039320522
FABP9,-0.074761532
FADD,4.24090204
FADS1,-0.454305845
FADS2,-0.051405499
FADS3,-0.331586673
FADS6,-0.194152496
FAF1,0.195798619
FAF2,-0.407230828
FAH,0.062998692
FAHD1,0.302874755
FAHD2A,-0.50405906
FAHD2B,0.170550298
FAIM,-0.468761076
FAIM2,-0.455225508
FAM102A,0.067354575
FAM102B,-0.690558031
FAM104A,0.289615685
FAM104B,0.130292179
FAM107A,-0.602647835
FAM107B,0.125494328
FAM110A,-0.005178826
FAM110B,0.152315855
FAM110C,0.013664304
FAM110D,0.185333866
FAM111A,0.094961405
FAM111B,-0.102312321
FAM114A1,0.152204171
FAM114A2,-0.296473196
FAM117A,0.274158444
FAM117B,-0.210686393
FAM118A,-0.266580885
FAM118B,-0.052994048
FAM120A,-0.066453
FAM120AOS,-0.125550436
FAM120B,0.180903254
FAM120C,-0.402413264
FAM122A,0.703423345
FAM122B,-0.047041491
FAM122C,0.164737831
FAM124A,-0.079193498
FAM124B,-0.001536282
FAM126A,0.394001967
FAM126B,0.019021028
FAM131A,0.015090475
FAM131B,0.215107956
FAM131C,0.14738877
FAM133A,0.378725606
FAM133B,-0.067585481
FAM135A,-0.119925037
FAM135B,-0.507360987
FAM136A,0.19457467
FAM13A,0.48940387
FAM13B,0.153844333
FAM13C,-0.133205702
FAM149A,0.204997943
FAM149B1,-0.342865651
FAM151A,0.09791485
FAM151B,-0.553170908
FAM153A,-0.174398018
FAM153B,-0.344091827
FAM155A,-0.324262444
FAM155B,0.527804613
FAM156A,-0.261141787
FAM156B,-0.261141787
FAM157A,0.122492195
FAM157B,0.254457925
FAM157C,0.436008086
FAM160A1,0.312163772
FAM160A2,-0.480927143
FAM160B1,-0.154382837
FAM160B2,0.111011208
FAM161A,-0.185438645
FAM161B,0.034528816
FAM162A,-0.02347136
FAM162B,-0.089327831
FAM163A,-0.134037464
FAM163B,0.168503077
FAM166A,-0.126424687
FAM166B,0.105736184
FAM166C,-0.738169223
FAM167A,-0.375813756
FAM167B,0.051504387
FAM168A,-0.115017547
FAM168B,0.244570544
FAM169A,-0.631409567
FAM169B,-0.19917436
FAM170A,-0.446884339
FAM170B,-0.010761544
FAM171A1,-0.257452717
FAM171A2,-0.342101862
FAM171B,0.441027177
FAM172A,-0.167912701
FAM174A,-0.249327835
FAM174B,0.076710317
FAM174C,0.128882408
FAM177A1,-0.230195724
FAM177B,0.286321243
FAM178B,-0.006879878
FAM180A,0.083350722
FAM180B,-0.175957921
FAM181A,0.183291151
FAM181B,-0.352676255
FAM183A,0.386621995
FAM184A,-0.009951702
FAM184B,-0.79828262
FAM185A,0.260874567
FAM185BP,0.121381988
FAM186A,-0.175462065
FAM186B,-0.307048326
FAM187B,-0.39098573
FAM189A1,-0.041980241
FAM189A2,-0.168555485
FAM189B,0.35251725
FAM193A,0.318630892
FAM193B,0.030616844
FAM198B-AS1,0.811472334
FAM199X,0.465611701
FAM19A1,-0.1666219
FAM19A2,0.380474365
FAM19A3,0.007123966
FAM19A4,-0.130830841
FAM19A5,0.361045082
FAM200A,-0.889147082
FAM200B,0.226506357
FAM204A,-0.204514683
FAM205A,-0.201927392
FAM207A,0.15799601
FAM208A,0.46434522
FAM209A,-0.002666226
FAM209B,-0.005198274
FAM20A,-0.123574287
FAM20B,0.091724016
FAM20C,0.250006471
FAM210A,0.053335455
FAM210B,0.266496016
FAM212A,-0.333972727
FAM212B,-0.124194364
FAM214A,0.077213896
FAM214B,-0.199294322
FAM216A,-0.45633453
FAM216B,0.18172625
FAM217A,0.232658549
FAM217B,-0.011671331
FAM218A,0.228199815
FAM219A,0.251046126
FAM219B,0.478676145
FAM21EP,-1.447565376
FAM21FP,-1.015784076
FAM220A,-0.25904874
FAM221A,-0.082623874
FAM221B,0.224163709
FAM222A,0.313555951
FAM222B,-0.073633435
FAM227A,-0.164968541
FAM227B,-0.151398367
FAM228A,-0.575035065
FAM228B,-0.045056744
FAM229A,0.306667453
FAM229B,-0.094218502
FAM234A,0.421892568
FAM234B,0.369209303
FAM237A,-0.193828106
FAM240A,-0.03520083
FAM241A,0.553491014
FAM241B,0.392353976
FAM243A,0.541291439
FAM243B,0.541291439
FAM24A,-0.321778168
FAM24B,-0.276754945
FAM24B-CUZD1,-0.046782073
FAM25A,-0.353980279
FAM25BP,0.3532067
FAM25C,-0.030606805
FAM25E,-0.646342977
FAM25G,-0.030606805
FAM32A,-0.41271279
FAM3A,0.001168036
FAM3B,0.293302822
FAM3C,-0.143423585
FAM3C2,-0.272594298
FAM3D,-0.456345726
FAM43A,0.033518245
FAM43B,-0.014703209
FAM47A,0.364386117
FAM47B,-0.039653423
FAM47C,-0.473444703
FAM47E,0.054794248
FAM47E-STBD1,0.054794248
FAM49A,-0.238722612
FAM49B,0.20322023
FAM50A,-0.477496029
FAM50B,0.137532813
FAM53A,-0.108442492
FAM53B,-0.299210827
FAM53C,-0.254056497
FAM58A,-0.369993794
FAM71A,-0.196456937
FAM71B,-0.256745988
FAM71C,0.357371309
FAM71D,0.314033135
FAM71E1,-0.095412476
FAM71E2,-0.075370916
FAM71F1,-0.058175888
FAM71F2,0.004166728
FAM72A,0.006244899
FAM72B,-0.081315157
FAM72C,-0.23814525
FAM72D,-0.23814525
FAM76A,0.327873208
FAM76B,-0.575254204
FAM78A,0.173421095
FAM78B,0.426788313
FAM81A,0.245314997
FAM81B,0.279043156
FAM83A,0.142313036
FAM83B,-0.26623275
FAM83C,0.324635342
FAM83D,-0.141690231
FAM83E,-0.308109263
FAM83F,0.135750734
FAM83G,0.101302665
FAM83H,0.083307503
FAM85A,-0.683200003
FAM86B1,-0.499279901
FAM86B2,-0.298241494
FAM86C1,0.019590817
FAM89A,-0.67218064
FAM89B,-0.183208142
FAM8A1,-0.12798732
FAM90A1,-0.028187889
FAM91A1,-0.395659903
FAM92A,-0.107724422
FAM92B,0.157101558
FAM98A,0.106078551
FAM98B,0.128431846
FAM98C,-0.343689931
FAM9A,0.285395225
FAM9B,-0.143832916
FAM9C,0.133743975
FAN1,-0.007522147
FANCA,0.279104751
FANCB,-0.132909198
FANCC,-0.136285297
FANCD2,-0.128226595
FANCD2OS,-0.071916788
FANCE,0.165532727
FANCF,0.498952222
FANCG,0.037521693
FANCI,-0.102438537
FANCL,-0.129140321
FANCM,-0.063464908
FANK1,0.086697079
FAP,0.080539304
FAR1,0.598838594
FAR2,0.233112685
FARP1,-0.351535198
FARP2,-0.066152525
FARS2,0.359639085
FARSA,-0.358125682
FARSB,0.551741352
FAS,4.011364654
FASLG,0.511030984
FASN,0.245435233
FASTK,-0.490228853
FASTKD1,0.37507213
FASTKD2,0.156563392
FASTKD3,0.175357559
FASTKD5,1.134594105
FAT1,0.312235168
FAT2,-0.272606969
FAT3,0.164965254
FAT4,0.084163933
FATE1,0.126166034
FAU,0.823740725
FAXC,-0.010109896
FAXDC2,0.158714673
FBF1,-0.193432147
FBL,0.356827399
FBLIM1,-0.062725058
FBLN1,0.051150018
FBLN2,-0.082004966
FBLN5,0.421578894
FBLN7,0.432735316
FBN1,0.049028908
FBN2,0.077975601
FBN3,-0.036406092
FBP1,0.022895724
FBP2,-0.58475594
FBRS,0.16743702
FBRSL1,-0.013651593
FBXL12,0.270739647
FBXL13,-0.107054759
FBXL14,0.652390797
FBXL15,-0.338750002
FBXL16,0.17083537
FBXL17,0.182617618
FBXL18,0.355959476
FBXL19,0.474193463
FBXL2,-0.2723386
FBXL20,-0.169848655
FBXL21P,-0.237686767
FBXL22,0.240319146
FBXL3,0.202214032
FBXL4,0.313191024
FBXL5,-0.028547737
FBXL6,-0.220992971
FBXL7,-0.087517362
FBXL8,0.256320549
FBXO10,0.153893119
FBXO11,0.213608611
FBXO15,0.046136314
FBXO16,0.029549769
FBXO17,-0.370945769
FBXO18,0.274202225
FBXO2,0.090352963
FBXO21,-0.640194712
FBXO22,-0.097103183
FBXO24,-0.266978782
FBXO25,0.504682126
FBXO27,-0.071527059
FBXO28,-0.043357607
FBXO3,-0.15183684
FBXO30,-0.547864858
FBXO31,0.229531074
FBXO32,0.065331715
FBXO33,0.451761728
FBXO34,-0.434234182
FBXO36,-0.076610396
FBXO38,-0.201621194
FBXO39,-0.131043944
FBXO4,0.075659098
FBXO40,-0.124066126
FBXO41,0.019230528
FBXO42,-0.703194951
FBXO43,-0.322260396
FBXO44,-0.08289778
FBXO45,-0.018021012
FBXO46,-0.202346737
FBXO47,0.290942343
FBXO48,-0.330461434
FBXO5,-0.05853793
FBXO6,-0.23411774
FBXO7,0.261683994
FBXO8,0.362863752
FBXO9,-0.005305854
FBXW10,-0.276638549
FBXW11,-0.264700299
FBXW12,0.228480681
FBXW2,0.699778643
FBXW4,-0.38491058
FBXW5,0.127086836
FBXW7,1.34422389
FBXW8,0.319264375
FBXW9,-0.455580962
FCAMR,0.203453746
FCAR,-0.080697136
FCER1A,0.176575155
FCER1G,0.452681073
FCER2,-0.014682865
FCF1,1.032976922
FCGR1A,-0.57498592
FCGR1B,-0.401289991
FCGR1CP,-0.553304645
FCGR2A,0.08679949
FCGR2B,0.289814101
FCGR2C,0.304908506
FCGR3A,0.19664195
FCGR3B,0.005470431
FCGRT,-0.330020917
FCHO1,-0.114867915
FCHO2,0.540311597
FCHSD1,-0.233517857
FCHSD2,0.465273847
FCMR,0.263554252
FCN1,-0.288217228
FCN2,0.020838738
FCN3,0.01606548
FCRL1,-0.140751068
FCRL2,-0.235387937
FCRL3,0.453253301
FCRL4,0.374766881
FCRL5,0.162422861
FCRL6,0.212525679
FCRLA,0.010066284
FCRLB,-0.251846107
FCSK,0.216792433
FDCSP,0.161249784
FDFT1,-0.313480654
FDPS,0.507789849
FDX1,-0.376585931
FDX1L,0.023743308
FDXACB1,-0.350006639
FDXR,0.323999261
FECH,0.361020519
FEM1A,0.330120695
FEM1B,0.00879677
FEM1C,0.286050047
FEN1,0.157589758
FER,-0.207731016
FER1L5,-0.203968168
FER1L6,-0.315457895
FERD3L,-0.421871758
FERMT1,-0.596688695
FERMT2,-0.129043886
FERMT3,0.39643834
FES,0.283596885
FETUB,-0.478571965
FEV,0.18496353
FEZ1,-0.045501188
FEZ2,-0.386988306
FEZF1,-0.162280076
FEZF1-AS1,0.069083542
FEZF2,0.108045259
FFAR1,0.340405668
FFAR2,0.061253997
FFAR3,-0.129616284
FFAR4,-0.012527199
FGA,0.481198941
FGB,0.08873714
FGD1,0.327204423
FGD2,0.257855716
FGD3,-0.144815882
FGD4,0.074145232
FGD5,-0.290273711
FGD6,-0.209665293
FGF1,-0.369955743
FGF10,-0.866692588
FGF11,0.128677486
FGF12,-0.533445785
FGF13,0.164572088
FGF14,-0.078438178
FGF16,0.121350061
FGF17,-0.119888527
FGF18,-0.147773803
FGF2,0.149616518
FGF20,-0.572794783
FGF21,-0.160030206
FGF22,0.009355857
FGF23,0.178581808
FGF3,-0.178451637
FGF4,-0.171569039
FGF5,0.057193021
FGF6,0.253645133
FGF7,0.224528461
FGF8,-0.150820555
FGF9,-0.137163379
FGFBP1,0.099203377
FGFBP2,-0.598399813
FGFBP3,-0.152379625
FGFR1,0.156245261
FGFR1OP,1.383720748
FGFR1OP2,-0.777041649
FGFR2,0.001572432
FGFR3,-0.046564619
FGFR4,-0.382874165
FGFRL1,0.411773904
FGG,0.085471096
FGGY,-0.014591376
FGL1,0.305036792
FGL2,-0.50589839
FGR,0.374524211
FH,0.771544311
FHAD1,-0.133252518
FHDC1,0.516783651
FHIT,-0.029389614
FHL1,0.256393848
FHL2,0.009758799
FHL3,-0.154015177
FHL5,0.066813917
FHOD1,-0.090704489
FHOD3,-0.047307307
FIBCD1,0.191378392
FIBIN,0.174786634
FIBP,-0.02177691
FICD,0.003872621
FIG4,-0.727223464
FIGLA,0.079912958
FIGN,0.015964335
FIGNL1,-0.005487738
FIGNL2,0.379733158
FILIP1,-0.02967826
FILIP1L,-0.391784318
FIP1L1,0.57476529
FIS1,-0.17615356
FITM1,-0.138838496
FITM2,-0.530749476
FIZ1,0.335378972
FJX1,-0.174620745
FKBP10,-0.172687741
FKBP11,0.088717248
FKBP14,0.291384728
FKBP15,-0.141522256
FKBP1A,0.993812407
FKBP1A-SDCBP2,0.381562015
FKBP1B,-0.296635348
FKBP2,-0.212364583
FKBP3,-0.070440082
FKBP4,-0.651786103
FKBP5,-0.260662956
FKBP6,0.097199874
FKBP7,0.41875395
FKBP8,-0.052192298
FKBP9,-0.572981549
FKBPL,1.02002518
FKRP,-0.157199071
FKTN,0.095992646
FLACC1,0.118331237
FLAD1,0.409072782
FLCN,-0.048514391
FLG,-0.223277041
FLG2,-0.439699129
FLI1,0.09513584
FLII,0.524410139
FLJ44635,-0.411817466
FLJ45513,-0.291349663
FLNA,0.122248354
FLNB,-0.041189235
FLNC,-0.031367809
FLOT1,-0.114707602
FLOT2,-0.368747546
FLRT1,0.059033227
FLRT2,0.031932767
FLRT3,-0.243774781
FLT1,0.273154596
FLT3,0.250036551
FLT3LG,0.169452114
FLT4,-0.076614859
FLVCR1,-0.35031317
FLVCR2,-0.159413164
FLYWCH1,0.171102505
FLYWCH2,0.450206748
FMC1,-0.016200665
FMC1-LUC7L2,-0.266874366
FMN1,-0.311837241
FMN2,-0.323002844
FMNL1,-0.054248826
FMNL2,-0.08506245
FMNL3,-0.106568281
FMO1,0.137927287
FMO2,0.689153798
FMO3,0.053385078
FMO4,0.433332917
FMO5,0.155268542
FMOD,0.251969821
FMR1,-0.499278125
FMR1NB,-0.370221627
FN1,-0.021250072
FN3K,-0.180275245
FN3KRP,-0.03125848
FNBP1,0.252339217
FNBP1L,0.24287927
FNBP4,-0.630813989
FNDC1,-0.224385895
FNDC10,-0.045503432
FNDC11,0.062393874
FNDC3A,0.234429391
FNDC3B,0.137351218
FNDC4,0.08501267
FNDC5,-0.159796963
FNDC7,-0.037670147
FNDC8,0.074087187
FNDC9,-0.260705553
FNIP1,-0.179537166
FNIP2,0.603801479
FNTA,0.078031304
FNTB,1.906759314
FOCAD,0.120334452
FOLH1,-0.217495035
FOLH1B,-0.071568883
FOLR1,-0.270768983
FOLR2,0.112495927
FOLR3,0.368754854
FOLR3P1,0.304296908
FOPNL,0.477421174
FOS,-0.447060734
FOSB,-0.449176316
FOSL1,-0.762467623
FOSL2,0.077946314
FOXA1,-0.043014457
FOXA2,-0.137611429
FOXA3,-0.003818984
FOXB1,0.394807239
FOXB2,-0.032867304
FOXC1,0.013577391
FOXC2,-0.046474665
FOXD1,-0.054210719
FOXD2,0.284079772
FOXD3,-0.140285419
FOXD4,0.339076839
FOXD4L1,0.466858785
FOXD4L3,0.00396583
FOXD4L4,-0.093115978
FOXD4L5,0.045082005
FOXD4L6,0.00396583
FOXE1,0.099995847
FOXE3,0.333859393
FOXF1,-0.406534326
FOXF2,0.026281958
FOXG1,-0.542791165
FOXH1,-0.527011456
FOXI1,-0.485140724
FOXI2,0.252227024
FOXI3,0.047093644
FOXJ1,-0.011527209
FOXJ2,-0.007030224
FOXJ3,0.330510601
FOXK1,-0.204917782
FOXK2,-0.135542127
FOXL1,-0.308432611
FOXL2,0.409827283
FOXL2NB,-0.346562265
FOXM1,-0.516163392
FOXN1,0.351438038
FOXN2,-0.012009759
FOXN3,0.320377701
FOXN4,-0.674442402
FOXO1,-0.040052507
FOXO3,-0.431415493
FOXO4,-0.074542597
FOXO6,0.351072601
FOXP1,-0.014481766
FOXP2,0.01118312
FOXP3,0.314959908
FOXP4,-0.306981393
FOXQ1,0.332998715
FOXR1,-0.074651791
FOXR2,-0.017757568
FOXRED1,0.234148803
FOXRED2,0.307233586
FOXS1,-0.164275764
FPGS,-0.541241016
FPGT,-0.53297552
FPGT-TNNI3K,0.052044711
FPR1,-0.48658447
FPR2,-0.02409043
FPR3,0.158519555
FRA10AC1,0.309484266
FRAS1,0.369695554
FRAT1,-0.696176591
FRAT2,-0.387720014
FREM1,-0.298114686
FREM2,-4.75751e-05
FREM3,0.301245951
FRG1,-0.005913256
FRG2,0.342850373
FRG2B,0.041180944
FRG2C,-0.407718752
FRG2EP,-0.24486911
FRG2FP,-0.120561274
FRK,-0.162654132
FRMD1,-0.482589768
FRMD3,0.200258704
FRMD4A,-0.385869348
FRMD4B,-0.347851271
FRMD5,-0.160324925
FRMD6,0.668843911
FRMD7,-0.265684963
FRMD8,-0.658797846
FRMPD1,0.076724761
FRMPD2,-0.638111791
FRMPD3,0.323589642
FRMPD4,0.22617933
FRRS1,0.133979152
FRRS1L,-0.005332978
FRS2,0.072112458
FRS3,-0.150557429
FRY,0.435543798
FRYL,0.400730927
FRZB,0.356318398
FSBP,-0.417174647
FSCB,0.121294337
FSCN1,0.092762893
FSCN2,0.098319435
FSCN3,0.012864594
FSD1,-0.508382151
FSD1L,0.067373786
FSD2,-0.081052006
FSHB,-0.017445446
FSHR,0.555984352
FSIP1,-0.418359785
FSIP2,0.176197344
FST,0.010335862
FSTL1,-0.286027208
FSTL3,0.008996709
FSTL4,-0.448330312
FSTL5,0.212575814
FTCD,0.340148686
FTH1,0.670033128
FTH1P18,-0.117028545
FTHL17,0.225060918
FTL,0.608545541
FTMT,-0.636012144
FTO,-0.373151401
FTSJ1,-0.112594119
FTSJ3,0.750193908
FUBP1,0.242072797
FUBP3,-0.159892924
FUCA1,-0.010745597
FUCA2,-0.377109337
FUNDC1,-0.167145953
FUNDC2,-0.381498972
FUOM,0.20666949
FURIN,-1.057088932
FUS,1.144038194
FUT1,-0.197774212
FUT10,-0.220099193
FUT11,0.297389211
FUT2,0.06933865
FUT3,-0.041453135
FUT4,-0.30572598
FUT5,-0.043524613
FUT6,0.141032185
FUT7,-0.159394773
FUT8,-0.151334085
FUT9,-0.244589338
FUZ,-0.06333502
FXN,0.778900091
FXR1,1.056729519
FXR2,-0.038762079
FXYD1,0.157478964
FXYD2,-0.023169309
FXYD3,-0.4577367
FXYD4,-0.326578869
FXYD5,-0.715103387
FXYD6,0.071105557
FXYD6-FXYD2,0.027740732
FXYD7,-0.507065739
FYB1,-0.136630934
FYB2,-0.540000485
FYCO1,0.199757668
FYN,0.096746135
FYTTD1,-0.179623726
FZD1,-0.31509389
FZD10,-0.331601646
FZD2,-0.155911676
FZD3,0.082657905
FZD4,0.235681144
FZD5,0.205253158
FZD6,-0.374626958
FZD7,-0.255367881
FZD8,-0.005951229
FZD9,-0.03013286
FZR1,0.58473254
G0S2,-0.320413275
G2E3,0.32576503
G3BP1,-0.61822121
G3BP2,-0.076893135
G6PC,-0.687636734
G6PC2,0.466243386
G6PC3,-0.354811218
G6PD,-0.131727774
GAA,-0.072465627
GAB1,-0.153968733
GAB2,-0.22817731
GAB3,0.171044398
GAB4,-0.134292285
GABARAP,0.530522384
GABARAPL1,-0.319737852
GABARAPL2,0.238676903
GABBR1,-0.146151295
GABBR2,0.035715628
GABPA,0.929285584
GABPB1,0.627313512
GABPB2,0.011104543
GABRA1,0.161329799
GABRA2,0.215589286
GABRA3,-0.411604512
GABRA4,-0.036916651
GABRA5,-0.205924002
GABRA6,-0.191249931
GABRB1,-0.276521572
GABRB2,0.201940018
GABRB3,-0.201834843
GABRD,-0.308330984
GABRE,-0.333915432
GABRG1,0.154311052
GABRG2,-0.481640266
GABRG3,-0.087491026
GABRP,-0.212088679
GABRQ,-0.282584675
GABRR1,-0.269852364
GABRR2,-0.00841177
GABRR3,-0.025743761
GAD1,-0.142320532
GAD2,-0.236505535
GADD45A,-0.057639694
GADD45B,-0.49693816
GADD45G,-0.277038192
GADD45GIP1,0.308036338
GADL1,-0.20459937
GAGE1,-0.063168721
GAGE10,-0.042477107
GAGE12B,-0.156516963
GAGE12C,-0.093416058
GAGE12D,-0.093416058
GAGE12E,-0.093416058
GAGE12F,-0.156516963
GAGE12G,-0.156516963
GAGE12H,0.020040922
GAGE12J,-0.073230139
GAGE13,-0.141750209
GAGE2A,-0.151356727
GAK,1.054209699
GAL,-0.186196627
GAL3ST1,-0.574865546
GAL3ST2,-0.081998779
GAL3ST3,-0.045095291
GAL3ST4,0.087186859
GALC,0.360917639
GALE,-0.031129257
GALK1,0.099160078
GALK2,-0.269616689
GALM,-0.330441287
GALNS,-0.091256096
GALNT1,-0.29712659
GALNT10,-0.228770563
GALNT11,0.095808559
GALNT12,0.039328492
GALNT13,0.214816804
GALNT14,-0.197750282
GALNT15,0.245860054
GALNT16,-0.512729766
GALNT17,0.129326164
GALNT18,0.722422113
GALNT2,-0.011648258
GALNT3,0.309987715
GALNT4,-0.013673267
GALNT5,0.242952886
GALNT6,0.274735729
GALNT7,0.427505352
GALNT8,0.070477269
GALNT9,-0.271727991
GALNTL5,-0.071680639
GALNTL6,0.3843198
GALP,-0.551417133
GALR1,-0.072369792
GALR2,0.380027027
GALR3,-0.774406965
GALT,0.517057477
GAMT,-0.452142586
GAN,0.056567449
GANAB,-0.817015532
GANC,-0.147786024
GAP43,0.030409684
GAPDH,1.305308695
GAPDHS,-0.404705746
GAPT,-0.136963515
GAPVD1,0.009812835
GAR1,0.699274665
GAREM1,-0.18580815
GAREM2,-0.388436936
GARNL3,-0.448010691
GARS1,-0.323746616
GART,0.898435734
GAS1,0.228551475
GAS2,0.17620466
GAS2L1,0.691181278
GAS2L2,-0.065829829
GAS2L3,-0.29015493
GAS6,0.383986682
GAS7,-0.160257206
GAS8,0.045972973
GASK1A,-0.337450387
GASK1B,0.593332859
GAST,0.038039583
GATA1,-0.425469933
GATA2,-0.905150909
GATA3,0.153416666
GATA4,-0.118864939
GATA5,0.066920508
GATA6,-0.000103183
GATAD1,1.474204582
GATAD2A,-0.084128803
GATAD2B,0.466834792
GATB,1.264704592
GATC,0.181300452
GATD1,-0.345399371
GATD3A,0.173491558
GATD3B,0.173491558
GATM,-0.310472699
GBA,0.097316296
GBA2,0.179078579
GBE1,0.124218454
GBF1,-0.516054821
GBGT1,0.161255771
GBP1,0.091959338
GBP2,0.025548941
GBP3,-0.165429534
GBP4,-0.584644192
GBP5,0.150855623
GBP6,0.008913496
GBP7,0.166993232
GBX1,-0.096815368
GBX2,0.188938713
GC,0.156711046
GCA,0.061710219
GCAT,-0.327280279
GCC1,-0.854879921
GCC2,0.046369765
GCDH,0.212431359
GCFC2,-0.378236318
GCG,0.581737268
GCGR,-0.443671915
GCH1,-0.676794602
GCHFR,-0.212518581
GCK,0.42231942
GCKR,-0.066730281
GCLC,0.049757115
GCLM,-0.233524851
GCM1,-0.207667052
GCM2,-0.225864342
GCN1,0.921327601
GCNA,0.247832153
GCNT1,0.315151106
GCNT2,-0.484176561
GCNT3,0.343760959
GCNT4,-0.347168124
GCNT7,0.025622445
GCOM1,0.217622579
GCSAM,-0.226252626
GCSAML,0.169450794
GCSH,0.4169163
GCSHP5,0.09348046
GDA,-0.050093653
GDAP1,-0.1497128
GDAP1L1,-0.010840548
GDAP2,0.523482247
GDE1,0.37635338
GDF1,0.06738007
GDF10,0.126063166
GDF11,0.240251845
GDF15,-0.134652294
GDF2,-0.313213169
GDF3,-0.10711775
GDF5,-0.240680623
GDF6,-0.087492308
GDF7,-0.072768526
GDF9,-0.002519735
GDI1,-0.180160369
GDI2,0.225811138
GDNF,-0.189442784
GDNF-AS1,-0.200119243
GDPD1,0.278844396
GDPD2,0.166186915
GDPD3,0.668898508
GDPD4,-0.16576506
GDPD5,-0.03147735
GDPGP1,0.020074071
GEM,-0.70148916
GEMIN2,0.39130494
GEMIN4,0.539847791
GEMIN5,0.185936992
GEMIN6,-0.044270326
GEMIN7,0.651205705
GEMIN7-AS1,0.651205705
GEMIN8,0.268227732
GEN1,-0.227823648
GET4,0.763521645
GFAP,0.179565831
GFER,0.536109894
GFI1,-0.159775683
GFI1B,-0.203581824
GFM1,0.601560582
GFM2,0.277665881
GFOD1,0.134288664
GFOD2,0.227292496
GFPT1,-0.703984256
GFPT2,-0.243917074
GFRA1,0.223014851
GFRA2,-0.074295978
GFRA3,-0.163783034
GFRA4,-0.169487148
GFRAL,0.038514999
GFY,0.003131439
GGA1,-0.084074471
GGA2,0.147109138
GGA3,0.493026651
GGACT,-0.087493341
GGCT,-0.251871073
GGCX,-0.863592633
GGH,0.227476228
GGN,0.14452239
GGNBP2,0.595078296
GGPS1,-0.254091906
GGT1,-0.236231382
GGT5,-0.261736612
GGT6,-0.227808641
GGT7,0.008866161
GGTLC1,-0.438685053
GGTLC2,0.072913091
GH1,-0.030353665
GH2,-0.492371927
GHDC,-0.341921505
GHITM,-0.315230401
GHR,0.059843137
GHRH,-0.143401706
GHRHR,-0.135823085
GHRL,-0.623783278
GHSR,-0.108282998
GID4,-0.375037894
GID8,-0.159839541
GIGYF1,-0.238569368
GIGYF2,0.405458105
GIMAP1,-0.189175914
GIMAP1-GIMAP5,-0.158639468
GIMAP2,0.231750895
GIMAP4,-0.154253757
GIMAP5,-0.110927853
GIMAP6,-0.046456306
GIMAP7,0.006603762
GIMAP8,0.0175716
GIMD1,0.203318023
GIN1,-0.421599535
GINM1,-0.471570678
GINS1,0.111082937
GINS2,0.40802258
GINS3,0.476721092
GINS4,0.658402863
GIP,-0.063530255
GIPC1,-0.187862149
GIPC2,0.279964659
GIPC3,-0.203220135
GIPR,0.305380284
GIT1,0.24383123
GIT2,0.059357717
GJA1,-0.176442255
GJA10,-0.663457453
GJA3,0.047281118
GJA4,0.563135999
GJA5,0.353546138
GJA8,-0.156522821
GJA9,-0.199887069
GJA9-MYCBP,0.250248638
GJB1,-0.53420387
GJB2,-0.240074408
GJB3,0.545688176
GJB4,0.182884695
GJB5,0.3033549
GJB6,0.10101291
GJB7,-0.172931239
GJC1,-0.436519109
GJC2,0.102790831
GJC3,0.312360261
GJD2,-0.114474657
GJD3,-0.006274715
GJD4,-0.414391518
GK,-0.040890464
GK2,0.39929819
GK5,-0.049263086
GKAP1,-0.271886609
GKN1,-0.417371827
GKN2,0.310138907
GLA,-0.17372085
GLB1,0.235963019
GLB1L,-0.396453646
GLB1L2,0.02169321
GLB1L3,-0.021145136
GLCCI1,-0.363646498
GLCE,-0.318427043
GLDC,0.173432358
GLDN,0.04072362
GLE1,0.206086783
GLG1,-0.110576306
GLI1,0.487505639
GLI2,0.133995768
GLI3,0.869341016
GLI4,-0.018717988
GLIPR1,-0.108884415
GLIPR1L1,-0.461449056
GLIPR1L2,0.467969494
GLIPR2,0.149794247
GLIS1,-0.028677084
GLIS2,1.00969853
GLIS3,-0.160569762
GLMN,0.654615153
GLMP,0.258104601
GLO1,-0.053247256
GLOD4,0.168162373
GLOD5,0.099058043
GLP1R,0.041817693
GLP2R,-0.091640044
GLRA1,0.145059199
GLRA2,0.252064347
GLRA3,0.440575599
GLRA4,-0.471158764
GLRB,0.433050254
GLRX,-0.032011766
GLRX2,-0.937943971
GLRX3,0.129938133
GLRX5,1.266892088
GLS,-0.448373308
GLS2,-0.343360325
GLT1D1,0.08474338
GLT6D1,0.280779268
GLT8D1,0.479607519
GLT8D2,-0.09873687
GLTP,-0.040668997
GLTPD2,-0.319575869
GLUD1,0.026103182
GLUD2,-0.139040269
GLUL,-0.686720448
GLYAT,-0.123258724
GLYATL1,-0.303027149
GLYATL2,0.224550889
GLYATL3,0.10916398
GLYCTK,-0.11269662
GLYR1,0.939628142
GM2A,0.040471441
GMCL1,-0.534095819
GMDS,-0.259367723
GMEB1,0.173741278
GMEB2,-0.202848296
GMFB,-0.297070568
GMFG,0.026853625
GMIP,0.013526404
GML,-0.057060819
GMNC,-0.659979581
GMNN,0.423480483
GMPPA,0.081265388
GMPPB,-0.245531333
GMPR,-0.219551349
GMPR2,-0.352453706
GMPS,1.37385146
GNA11,-0.0487376
GNA12,0.098961888
GNA13,-2.052172507
GNA14,0.025664027
GNA15,-0.190512778
GNAI1,-0.291544077
GNAI2,0.070564705
GNAI3,-0.217977137
GNAL,-0.193719129
GNAO1,-0.067630644
GNAQ,-0.192055236
GNAS,0.408114638
GNAT1,-0.092347352
GNAT2,-0.130297532
GNAT3,0.196928077
GNAZ,-0.185622969
GNB1,0.761540525
GNB1L,-0.07318773
GNB2,-0.369065334
GNB3,-0.249611559
GNB4,0.018413448
GNB5,-0.077315409
GNE,0.684429564
GNG10,-0.019058967
GNG11,-0.433780772
GNG12,-0.256695623
GNG13,0.627767061
GNG2,0.074562366
GNG3,0.330832938
GNG4,0.001796328
GNG5,0.204214889
GNG7,-0.530789986
GNG8,0.336190289
GNGT1,-0.181325272
GNGT2,-0.334351095
GNL1,0.379025389
GNL2,0.056108214
GNL3,0.839896532
GNL3L,-0.202197301
GNLY,-0.101455083
GNMT,-0.358944215
GNPAT,0.516706172
GNPDA1,0.395552627
GNPDA2,-0.448141266
GNPNAT1,0.06395243
GNPTAB,-0.014627076
GNPTG,-0.042582762
GNRH1,-0.402296416
GNRH2,-0.111134209
GNRHR,0.098664227
GNS,0.015880483
GOLGA1,-0.407989051
GOLGA2,0.489821114
GOLGA3,-0.300872224
GOLGA4,-0.567308975
GOLGA5,0.033326722
GOLGA6A,0.224557204
GOLGA6B,0.366683584
GOLGA6C,0.437652091
GOLGA6D,0.410100237
GOLGA6L1,0.101873986
GOLGA6L10,0.268416205
GOLGA6L16P,-0.040168049
GOLGA6L17P,0.35036469
GOLGA6L2,-0.062868749
GOLGA6L22,0.268467516
GOLGA6L3,0.374099547
GOLGA6L4,0.287321702
GOLGA6L5P,0.35036469
GOLGA6L6,-0.213507013
GOLGA6L9,0.370266282
GOLGA7,-0.570898546
GOLGA7B,-0.434255561
GOLGA8A,-0.164949839
GOLGA8B,-0.164949839
GOLGA8H,0.022133822
GOLGA8IP,-0.065876777
GOLGA8J,-0.125560941
GOLGA8K,-0.132719516
GOLGA8M,-0.098942041
GOLGA8N,-0.272845743
GOLGA8O,-0.251409827
GOLGA8Q,-0.38654784
GOLGA8R,-0.133791947
GOLGA8T,0.110048355
GOLGB1,0.424995374
GOLIM4,-0.140112061
GOLM1,-0.159126229
GOLPH3,-0.481872106
GOLPH3L,0.120785665
GOLT1A,-0.393760291
GOLT1B,0.671348273
GON4L,0.276149844
GON7,0.06715924
GOPC,-0.023817758
GORAB,0.376750586
GORASP1,-0.107211166
GORASP2,0.747558968
GOSR1,-0.316624502
GOSR2,0.300886404
GOT1,-0.236059407
GOT1L1,-0.024012395
GOT2,-0.26748654
GP1BA,-0.311549477
GP1BB,-0.203308199
GP2,0.343182953
GP5,0.047281597
GP6,0.677670213
GP9,-0.265539064
GPA33,0.400777515
GPAA1,4.674997414
GPALPP1,-0.112848629
GPAM,-0.176890062
GPANK1,0.538822549
GPAT2,0.474673794
GPAT2P1,0.789365434
GPAT3,-0.053686505
GPAT4,-0.407789336
GPATCH1,0.297044978
GPATCH11,-0.390065064
GPATCH2,-0.130735726
GPATCH2L,0.0007536
GPATCH3,0.289497019
GPATCH4,0.298746455
GPATCH8,-0.147186567
GPBAR1,0.136288146
GPBP1,-0.185686271
GPBP1L1,0.31717978
GPC1,0.183932432
GPC2,-0.365969313
GPC3,-0.256891146
GPC4,-0.194917341
GPC5,0.070931513
GPC6,-0.277898338
GPCPD1,-0.005721113
GPD1,0.228531714
GPD1L,-0.245742347
GPD2,0.168934786
GPER1,0.249120402
GPHA2,-0.084531959
GPHB5,0.171098554
GPHN,0.111581004
GPI,0.951901886
GPIHBP1,0.272847229
GPKOW,-0.11985188
GPLD1,0.172784719
GPM6A,0.209657091
GPM6B,-0.029299455
GPN1,-0.051831892
GPN2,0.067561384
GPN3,0.132684456
GPNMB,0.003016112
GPR1,-0.104922515
GPR101,-0.055412965
GPR107,-0.094526949
GPR108,-0.192568889
GPR119,0.05884035
GPR12,0.179888206
GPR132,-0.502133685
GPR135,-0.53270319
GPR137,-0.074392127
GPR137B,0.422209945
GPR137C,-0.180626417
GPR139,0.124261581
GPR141,-0.035206303
GPR142,-0.456477367
GPR143,-0.021751408
GPR146,-0.088702078
GPR148,0.597369519
GPR149,-0.199982668
GPR15,-0.021167519
GPR150,-0.035415604
GPR151,-0.073266236
GPR152,-0.015608055
GPR153,-0.218477155
GPR155,0.006176702
GPR156,0.1174639
GPR157,-0.308233002
GPR158,-0.044648946
GPR160,-0.250856076
GPR161,0.001643929
GPR162,0.677352893
GPR17,1.146303707
GPR171,0.093697271
GPR173,0.006082514
GPR174,-0.107433138
GPR176,-0.10043764
GPR179,0.000715182
GPR18,0.165323639
GPR180,0.134572565
GPR182,0.395488086
GPR183,-0.045057755
GPR19,-0.231477083
GPR20,-0.137827823
GPR21,-0.240752202
GPR22,-0.384187746
GPR25,0.1415989
GPR26,-0.037140703
GPR27,0.411320268
GPR3,0.201613227
GPR31,-0.466339015
GPR32,0.153911408
GPR33,-0.18271219
GPR34,-0.204795695
GPR35,-0.447823691
GPR37,-0.480655775
GPR37L1,-0.050711643
GPR39,0.57642559
GPR4,0.214339397
GPR42,-0.012417492
GPR45,0.173593676
GPR50,-0.097003798
GPR52,0.188392289
GPR55,0.200063463
GPR6,-0.136528149
GPR61,-0.373693004
GPR62,-0.298350479
GPR63,-0.316286657
GPR65,-0.220230011
GPR68,-0.285345652
GPR75,-0.116326696
GPR75-ASB3,-0.619510305
GPR78,0.121027366
GPR82,-0.391400931
GPR83,-0.426875624
GPR84,-0.052540961
GPR85,-0.40136761
GPR87,-0.509429953
GPR88,0.12946401
GPR89A,-0.310146987
GPR89B,-0.310146987
GPRASP1,0.163473108
GPRASP2,0.217755517
GPRC5A,-0.527327472
GPRC5B,0.365777087
GPRC5C,0.151293271
GPRC5D,-0.348067058
GPRC6A,-0.109664654
GPRIN1,0.019594165
GPRIN2,0.275210443
GPRIN3,0.311828187
GPS1,2.293259756
GPS2,-0.520350624
GPSM1,-0.235689538
GPSM2,0.103679501
GPSM3,0.526174553
GPT,-0.492145775
GPX1,0.178354285
GPX2,0.123831599
GPX3,-0.017149884
GPX4,0.053384329
GPX5,0.035558008
GPX6,0.212484442
GPX7,0.218202083
GPX8,-0.824631498
GRAMD1A,-0.209666306
GRAMD1B,-0.366896571
GRAMD1C,-0.034329914
GRAMD2A,0.126621785
GRAMD2B,-0.525353426
GRAMD4,-0.761837242
GRAP,0.099926839
GRAP2,0.079581335
GRAPL,0.027188736
GRASP,-0.130635206
GRB10,0.303220857
GRB14,0.672430516
GRB2,-0.573237241
GRB7,-0.497018235
GREB1,-0.125727907
GREB1L,-0.07462504
GREM1,-0.360927007
GREM2,-0.127389819
GRHL1,0.100442882
GRHL2,0.168898015
GRHL3,-0.07180307
GRHPR,-0.63346372
GRIA1,-0.771957511
GRIA2,0.415434169
GRIA3,0.2146078
GRIA4,0.497647248
GRID1,0.197825052
GRID2,0.359065371
GRID2IP,-0.173464358
GRIFIN,0.330609433
GRIK1,0.480389152
GRIK2,-0.112063703
GRIK3,0.472792614
GRIK4,-0.058170061
GRIK5,-0.614265538
GRIN1,-0.589548568
GRIN2A,0.976526106
GRIN2B,-0.480170065
GRIN2C,-0.396550551
GRIN2D,-0.530661872
GRIN3A,-0.360523406
GRIN3B,-0.519401436
GRINA,-0.084741303
GRIP1,0.352361815
GRIP2,0.02917074
GRIPAP1,-0.057358599
GRK2,0.891114029
GRK3,-0.474866359
GRK4,0.020020479
GRK5,0.329206417
GRK6,0.100214883
GRK7,0.095962995
GRM1,-0.601856453
GRM2,-0.351027772
GRM3,0.411252996
GRM4,-0.468551932
GRM5,-0.02560873
GRM6,-0.193386712
GRM7,-0.300677599
GRM8,-0.119635865
GRN,0.143075651
GRP,-1.001581332
GRPEL1,0.604276872
GRPEL2,-0.289266823
GRPR,0.018154454
GRSF1,1.073080321
GRTP1,0.263067089
GRWD1,0.690926701
GRXCR1,0.063970288
GRXCR2,-0.711497206
GS1-124K5.11,0.834448165
GS1-600G8.3,-0.087170409
GSAP,-0.009586352
GSC,0.020256074
GSC2,0.07879597
GSDMA,-0.019381648
GSDMB,0.307723434
GSDMC,-0.446488834
GSDMD,0.003827825
GSDME,-0.252382897
GSE1,-0.173655518
GSG1,-0.036148804
GSG1L,0.163050554
GSK3A,-0.241864271
GSK3B,0.02624666
GSKIP,0.130390917
GSN,-0.337463452
GSPT1,-0.409274602
GSPT2,0.188070974
GSR,-0.009436516
GSS,0.452393094
GSTA1,-0.305825514
GSTA2,0.059332904
GSTA3,0.473475577
GSTA4,0.042728518
GSTA5,-0.460379662
GSTCD,1.136109108
GSTK1,-0.038941109
GSTM1,-0.07455989
GSTM2,0.349691761
GSTM3,-0.077424772
GSTM4,-0.226698538
GSTM5,0.13838003
GSTO1,-0.035166311
GSTO2,0.212106899
GSTP1,0.400771883
GSTT2,0.446165151
GSTT2B,0.165337718
GSTZ1,0.205166597
GSX1,0.683368163
GSX2,-0.090307209
GTDC1,0.2150658
GTF2A1,-0.160670792
GTF2A1L,-0.548560458
GTF2A2,0.423945638
GTF2B,-0.014094424
GTF2E1,-0.418131795
GTF2E2,0.176241336
GTF2F1,0.380862556
GTF2F2,-0.799732866
GTF2H1,0.321013942
GTF2H2,0.062068233
GTF2H2B,0.025534176
GTF2H2C,0.267162477
GTF2H3,0.779197778
GTF2H4,0.456972984
GTF2H5,-0.242261379
GTF2I,-0.307457523
GTF2IRD1,0.358405731
GTF2IRD2,-0.151250441
GTF2IRD2B,-0.153828578
GTF2IRD2P1,-0.1545987
GTF3A,-0.591962394
GTF3C1,-0.840353348
GTF3C2,-0.765376622
GTF3C3,0.120677882
GTF3C4,-0.177663677
GTF3C5,-0.35858325
GTF3C6,-0.222941495
GTPBP1,-0.426742064
GTPBP10,0.54136521
GTPBP2,0.179430247
GTPBP3,0.381687639
GTPBP4,0.170998419
GTPBP6,0.837316632
GTPBP8,0.947440274
GTSCR1,-0.202368853
GTSE1,-0.436978435
GTSF1,-0.065448534
GTSF1L,-0.388670956
GUCA1A,-0.560695418
GUCA1B,-0.190973138
GUCA1C,-0.162070628
GUCA2A,-0.19069646
GUCA2B,0.113602431
GUCD1,0.058869557
GUCY1A2,-0.210551705
GUCY1A3,0.102455049
GUCY1B3,0.372459868
GUCY2C,-0.021684234
GUCY2D,0.007097215
GUCY2F,-0.048585998
GUF1,0.049088593
GUK1,0.090042807
GULP1,-0.29122318
GUSB,-0.2877894
GVQW2,0.244952834
GXYLT1,0.002440981
GXYLT2,0.00949249
GYG1,0.397882238
GYG2,0.07730097
GYPA,0.413406242
GYPB,0.541564475
GYPC,0.72342093
GYPE,0.577413482
GYS1,0.235982741
GYS2,-0.473010183
GZF1,0.062882056
GZMA,-0.103146197
GZMB,-0.046092766
GZMH,-0.086595947
GZMK,-0.098722021
GZMM,-0.045646068
H1-0,0.012376216
H1-1,-0.628210264
H1-10,0.632897763
H1-2,-0.62183029
H1-3,-0.200267071
H1-4,0.068557951
H1-5,-1.038741494
H1-6,-0.274778942
H1-7,-0.123282006
H1-8,0.222085283
H2AB1,0.176874251
H2AB2,0.077630758
H2AB3,0.077630758
H2AC1,-0.259004891
H2AC11,0.133023208
H2AC12,0.671085711
H2AC13,0.373816963
H2AC14,0.373816963
H2AC15,0.607711528
H2AC16,-0.37471231
H2AC17,-0.663102463
H2AC18,-0.320185318
H2AC19,-0.320185318
H2AC20,-0.381275215
H2AC21,-0.327259812
H2AC4,-0.215494882
H2AC6,0.20411617
H2AC7,0.111634868
H2AC8,-0.06372654
H2AFJ,-0.117758435
H2AFX,0.210041664
H2AFY2,-0.660412436
H2AP,0.120636304
H2AW,-0.218582625
H2AZ1,-1.372937975
H2AZ2,0.218153945
H2AZ2P1,0.222402591
H2BC1,0.070025319
H2BC10,-0.267712853
H2BC11,0.228249424
H2BC12,-0.039531385
H2BC13,-0.43308582
H2BC14,-0.740667626
H2BC15,-0.151259802
H2BC17,0.265074072
H2BC18,0.434682064
H2BC19P,0.2720109
H2BC20P,0.2720109
H2BC21,0.088220022
H2BC3,-0.003192786
H2BC4,0.490692015
H2BC5,-0.051596318
H2BC6,-0.178726938
H2BC7,-0.562691102
H2BC8,-0.021679981
H2BC9,0.099177368
H2BP1,0.388809917
H2BP2,0.404833423
H2BS1,-0.097248015
H2BU1,-0.012090507
H2BW1,-0.465504532
H2BW2,-0.158094778
H3-2,0.126109435
H3-3A,-0.008274209
H3-3B,0.234874594
H3-4,0.145170497
H3-5,-0.136830531
H3C1,-0.146926912
H3C10,0.130272218
H3C11,0.500186033
H3C12,0.121397736
H3C13,0.440030775
H3C14,0.149560317
H3C15,0.149560317
H3C2,0.237698213
H3C3,-0.006233549
H3C4,0.263784539
H3C6,-0.039208163
H3C7,-0.410868233
H3C8,0.263767673
H3P14,-0.094088208
H3P16,-0.008274209
H3P4,0.339069298
H3P6,-0.008274209
H4-16,0.381367112
H4C1,-0.047505782
H4C11,-0.052497508
H4C12,-0.052497508
H4C13,-0.124387337
H4C14,0.217187841
H4C15,0.217187841
H4C2,-0.449020141
H4C3,0.247090543
H4C4,0.109087373
H4C5,-0.138170756
H4C6,-0.207369813
H4C7,0.105540188
H4C8,0.482172669
H4C9,0.203707512
H6PD,-0.153692679
HAAO,-0.133771885
HABP2,-0.064790203
HABP4,-0.041717401
HACD1,-0.080455774
HACD2,-0.26899005
HACD4,0.151852411
HACE1,0.105574384
HACL1,-0.425258833
HADH,0.617997213
HADHA,-0.266688805
HADHB,0.093566629
HAGH,0.543589575
HAGHL,0.083448811
HAL,-0.219023997
HAMP,-0.373317984
HAND1,0.081986015
HAND2,1.092255342
HAO1,-0.133704797
HAO2,0.142648083
HAP1,-0.413521706
HAPLN1,-0.262085742
HAPLN2,0.212941296
HAPLN3,-0.613389404
HAPLN4,0.148076988
HARBI1,0.243228604
HARS1,0.340710789
HARS2,0.412224145
HAS1,0.10933286
HAS2,0.311157121
HAS3,-0.006014471
HASPIN,-0.633032243
HAT1,0.63530016
HAUS1,0.237478963
HAUS2,0.170580413
HAUS3,-0.223971012
HAUS4,0.061180201
HAUS5,0.848522088
HAUS6,0.30562181
HAUS7,0.388594071
HAUS8,0.337969953
HAVCR1,-0.160320599
HAVCR2,-0.127174454
HAX1,0.587697067
HBA1,0.423722873
HBA2,0.423722873
HBB,-0.466985704
HBD,0.365202317
HBE1,-0.157948514
HBEGF,0.025390073
HBG1,-0.078466996
HBG2,-0.178154724
HBM,-0.263439008
HBP1,-0.547769421
HBQ1,0.552890326
HBS1L,0.927015518
HBZ,0.172342511
HBZP1,0.172342511
HCAR1,-0.407215083
HCAR2,-0.152346878
HCAR3,-0.265447191
HCCS,0.574910302
HCFC1,-0.884833183
HCFC1R1,-0.380978645
HCFC2,-0.001878506
HCG4,-0.033701693
HCK,-0.214304985
HCLS1,-0.300764249
HCN1,-0.098165553
HCN2,-0.274401552
HCN3,0.312742019
HCN4,-0.095550985
HCRT,-0.164465373
HCRTR1,0.007441823
HCRTR2,0.142143633
HCST,-0.126786139
HDAC1,-0.068816231
HDAC10,-0.350701012
HDAC11,-0.182410196
HDAC2,-1.108680003
HDAC3,1.212606566
HDAC4,0.198794727
HDAC5,0.143109008
HDAC6,-0.274699986
HDAC7,0.06761826
HDAC8,-0.556144556
HDAC9,-0.094751669
HDC,0.06686445
HDDC2,0.454890648
HDDC3,-0.354293062
HDGF,-0.224062769
HDGFL1,-0.153887657
HDGFL2,-0.181981802
HDGFL3,0.208697496
HDHD2,-0.180471577
HDHD3,0.300784887
HDHD5,-0.059175023
HDLBP,0.090665162
HDX,0.061828937
HEATR1,0.792236523
HEATR3,-0.142270269
HEATR4,-0.34403204
HEATR5A,-0.20782184
HEATR5B,-0.009032619
HEATR6,-0.069286533
HEATR9,0.067369119
HEBP1,0.273452545
HEBP2,-0.431108156
HECA,0.157790502
HECTD1,-0.915754226
HECTD2,-0.698100752
HECTD3,0.045420549
HECTD4,-0.018122779
HECW1,-0.040961933
HECW2,0.018131938
HEG1,-0.22341855
HELB,0.071755903
HELLS,0.061714662
HELQ,0.772816762
HELT,0.124953821
HELZ,-0.095082866
HELZ2,0.369194802
HEMGN,0.478272259
HEMK1,0.423948659
HENMT1,0.123106565
HEPACAM,-0.261629187
HEPACAM2,0.027660498
HEPH,0.314867437
HEPHL1,-0.133499169
HEPN1,-0.269980138
HERC1,-0.026560663
HERC2,-0.288001578
HERC3,0.395420686
HERC4,0.060696567
HERC5,-0.170068218
HERC6,0.616470178
HERPUD1,0.076336382
HERPUD2,0.112795735
HES1,-0.164809944
HES2,0.136447497
HES3,0.223294574
HES4,0.275411268
HES5,0.006139812
HES6,-0.185274975
HES7,0.125020627
HESX1,-0.032064036
HEXA,0.058450795
HEXB,-0.418439865
HEXD,0.19903371
HEXIM1,1.053032561
HEXIM2,-0.091231237
HEY1,0.263836345
HEY2,-0.037410227
HEYL,0.081384564
HFE,0.307736864
HFE2,0.447143555
HFM1,0.519592973
HGC6.3,-0.00613865
HGD,0.045707112
HGF,-0.128638938
HGFAC,-0.045568449
HGH1,-0.108538253
HGS,-0.875650605
HGSNAT,-0.175739066
HHAT,0.097219318
HHATL,-0.776695658
HHEX,0.003031278
HHIP,0.434971974
HHIPL1,0.393605341
HHIPL2,-0.124728605
HHLA1,-0.156752815
HHLA2,-0.175638308
HHLA3,-0.025837037
HIBADH,0.378714747
HIBCH,-0.629618108
HIC1,0.352960763
HIC2,-0.091470451
HID1,-0.736021236
HIF1A,-0.209243822
HIF1AN,-0.062049739
HIF3A,-0.189527969
HIGD1A,0.457039254
HIGD1B,-0.004179548
HIGD1C,0.164563129
HIGD2A,0.561152894
HIKESHI,-0.4569536
HILPDA,-0.163327468
HINFP,-0.123938471
HINT1,0.050163596
HINT2,0.189829655
HINT3,-0.037833681
HIP1,-0.384847967
HIP1R,-0.415674978
HIPK1,0.087217
HIPK2,0.326448568
HIPK3,-0.140127643
HIPK4,-0.17411847
HIRA,-1.915275616
HIRIP3,0.016475826
HIVEP1,0.351400515
HIVEP2,-0.416809125
HIVEP3,0.47295928
HJURP,-0.106113112
HK1,-0.330270923
HK2,0.708325433
HK3,-0.196217087
HKDC1,-0.13287751
HKR1,-0.034462711
HLA-A,0.327274193
HLA-B,0.07068354
HLA-C,0.009807553
HLA-DMA,-0.154955038
HLA-DMB,-0.635432958
HLA-DOA,-0.43613522
HLA-DOB,-0.413064369
HLA-DPA1,0.036669182
HLA-DPB1,0.075822041
HLA-DQA1,-0.303353745
HLA-DQA2,-0.051496842
HLA-DQB1,0.385712705
HLA-DQB2,0.13062933
HLA-DRA,-0.031051134
HLA-DRB1,-0.317593599
HLA-DRB5,-0.255795607
HLA-E,0.168509304
HLA-F,0.098121143
HLA-G,0.392797433
HLA-V,-0.033701693
HLCS,0.881559975
HLF,-0.007540739
HLTF,0.16574282
HLX,-0.151252343
HM13,-0.224474798
HMBOX1,-0.005021045
HMBS,-0.06588952
HMCES,0.019303298
HMCN1,0.062226268
HMCN2,-0.25700235
HMG20A,0.017037133
HMG20B,-0.600342484
HMGA1,0.557010386
HMGA1P8,0.324806647
HMGA2,0.258942161
HMGA2-AS1,0.146845197
HMGB1,1.300712813
HMGB1P1,1.250420951
HMGB1P10,1.250420951
HMGB1P5,1.325372551
HMGB1P6,1.222140036
HMGB2,0.791759029
HMGB3,0.648664738
HMGB4,0.137307721
HMGCL,0.166668335
HMGCLL1,0.074312941
HMGCR,-0.509125879
HMGCS1,0.146109205
HMGCS2,-0.064349268
HMGN1,0.264079782
HMGN2,0.051016046
HMGN3,0.120253248
HMGN4,-0.059421073
HMGN5,-0.422887314
HMGXB3,0.425951545
HMGXB4,-0.204353826
HMHB1,0.080607655
HMMR,-0.020171661
HMOX1,0.020976225
HMOX2,0.6488847
HMSD,-0.413254383
HMX1,0.010817951
HMX2,-0.245448628
HMX3,0.122542313
HNF1A,-0.279930856
HNF1B,-0.395429207
HNF4A,0.014667457
HNF4G,-0.365707042
HNMT,0.068411526
HNRNPA0,-0.457764987
HNRNPA1,-0.369832983
HNRNPA1L2,0.361526942
HNRNPA2B1,2.300491779
HNRNPA3,0.696230297
HNRNPA3P3,0.699470966
HNRNPAB,0.259474402
HNRNPC,-0.070539898
HNRNPCL1,-0.164279427
HNRNPCL2,-0.213257817
HNRNPCL3,-0.131826848
HNRNPCL4,-0.129388784
HNRNPD,0.537536552
HNRNPDL,0.663661935
HNRNPF,0.292819809
HNRNPH1,-0.843445174
HNRNPH2,-0.438530991
HNRNPH3,-0.006006064
HNRNPK,0.285979569
HNRNPL,0.437842831
HNRNPLL,-0.096067779
HNRNPM,0.078081656
HNRNPR,0.547937021
HNRNPU,-0.000280506
HNRNPUL1,-0.487091224
HNRNPUL2,-0.041984711
HNRNPUL2-BSCL2,0.032594235
HOGA1,-0.336895673
HOMER1,-0.033890215
HOMER2,0.227215843
HOMER3,0.087820736
HOMEZ,0.169931418
HOOK1,-0.383944914
HOOK2,-0.119905082
HOOK3,-0.228276619
HOPX,-0.347570503
HORMAD1,0.165855837
HORMAD2,0.141792705
HOXA-AS3,-0.11582142
HOXA1,0.131353403
HOXA10,0.655365067
HOXA11,-0.084709336
HOXA13,0.625920588
HOXA2,0.19141164
HOXA3,0.310100255
HOXA4,0.024915099
HOXA5,0.25529819
HOXA6,-0.021134095
HOXA7,0.067384435
HOXA9,0.335287094
HOXB1,0.049615396
HOXB13,-0.06610467
HOXB2,0.522128032
HOXB3,-0.210064569
HOXB4,0.205945308
HOXB5,0.194284947
HOXB6,-0.179691581
HOXB7,-0.61360928
HOXB8,-0.476195318
HOXB9,-0.166627973
HOXC10,0.038760525
HOXC11,-0.416973306
HOXC12,-0.003356155
HOXC13,-0.248416476
HOXC4,-0.038781589
HOXC5,-0.281857912
HOXC6,-0.13124348
HOXC8,-0.236677977
HOXC9,-0.129925951
HOXD1,-0.269281427
HOXD10,0.34847654
HOXD11,0.318254433
HOXD12,0.546347845
HOXD13,0.143314027
HOXD3,-0.01112981
HOXD4,0.795844463
HOXD8,0.572325063
HOXD9,0.099889131
HP,0.463595958
HP1BP3,-0.594842691
HPCA,0.659705009
HPCAL1,-0.449880086
HPCAL4,-0.034694027
HPD,0.302361963
HPDL,-0.075530103
HPF1,0.292895048
HPGD,0.251771799
HPGDS,-0.055428881
HPN,-0.404981848
HPR,-0.105209735
HPRT1,-0.412407346
HPS1,-0.853636186
HPS3,-0.272371121
HPS4,-0.679333137
HPS5,0.558297828
HPS6,-0.05607459
HPSE,-0.657620127
HPSE2,0.163085575
HPX,0.011628451
HR,0.221766876
HRAS,0.143736721
HRC,0.243639187
HRCT1,-0.512090642
HRG,-0.258785989
HRH1,-0.245702823
HRH2,0.335461892
HRH3,0.292660845
HRH4,-0.325051877
HRK,-0.005262849
HRNR,0.059741721
HROB,-0.206137885
HS1BP3,-0.151147998
HS2ST1,0.340371423
HS3ST1,-0.000159237
HS3ST2,0.115586517
HS3ST3A1,0.316842455
HS3ST3B1,-0.313035247
HS3ST4,0.622428685
HS3ST5,0.023209928
HS3ST6,0.012906772
HS6ST1,0.509313155
HS6ST1P1,0.532559227
HS6ST2,-0.094360684
HS6ST3,-0.130158695
HSBP1,-0.490807067
HSBP1L1,0.059781639
HSCB,0.287877249
HSD11B1,-0.068268673
HSD11B1L,-0.618119528
HSD11B2,0.2491532
HSD17B1,-0.181735283
HSD17B10,1.366178509
HSD17B11,0.082207967
HSD17B12,-0.20336559
HSD17B13,0.45197959
HSD17B14,0.057009597
HSD17B2,-0.658554449
HSD17B3,-0.150767103
HSD17B4,-0.238592334
HSD17B6,0.158025058
HSD17B7,0.482086257
HSD17B8,-0.045747502
HSD3B1,0.055968124
HSD3B2,0.18463544
HSD3B7,0.147741469
HSDL1,-0.270637641
HSDL2,-0.102294408
HSF1,1.15387022
HSF2,-0.155648833
HSF2BP,0.120950531
HSF4,-0.416179396
HSF5,-0.845707284
HSFX1,0.138439496
HSFX2,0.146784316
HSFY1,-0.039819179
HSFY2,-0.039819179
HSH2D,-0.066574494
HSP90AA1,0.707619666
HSP90AB1,0.692534331
HSP90B1,-0.183035673
HSPA12A,0.110985235
HSPA12B,-0.034250259
HSPA13,0.878269013
HSPA14,0.525017591
HSPA1A,0.456805534
HSPA1B,0.456805534
HSPA1L,-0.306969833
HSPA2,-0.370882034
HSPA4,0.08289025
HSPA4L,0.053499751
HSPA5,0.00507627
HSPA6,-0.139922665
HSPA7,-0.337435579
HSPA8,0.132333805
HSPA9,-0.040706255
HSPB1,0.095345478
HSPB11,0.112633816
HSPB2,-0.408881144
HSPB2-C11orf52,-0.240938112
HSPB3,-0.30108539
HSPB6,0.055612988
HSPB7,-0.52608019
HSPB8,0.217036861
HSPB9,0.17893459
HSPBAP1,-0.55863815
HSPBP1,-0.431860878
HSPD1,0.426814187
HSPD1P12,0.126160797
HSPD1P4,0.694669671
HSPE1,-0.092817079
HSPE1-MOB4,-0.04437047
HSPE1P2,-0.608231643
HSPE1P4,0.422597485
HSPE1P5,-0.088908736
HSPG2,0.106418186
HSPH1,-0.038616546
HTATIP2,0.132527581
HTATSF1,-0.136208233
HTN1,0.226983526
HTN3,-0.193256373
HTR1A,0.031135001
HTR1B,-0.33244618
HTR1D,-0.170436569
HTR1E,0.035605535
HTR1F,-0.005872064
HTR2A,-0.066265506
HTR2B,0.340356156
HTR2C,0.444077225
HTR3A,-0.329727077
HTR3B,-0.501107502
HTR3C,-0.439870024
HTR3D,-0.375430919
HTR3E,0.087464207
HTR4,-0.103217821
HTR5A,-0.192362098
HTR5A-AS1,-0.399920449
HTR6,-0.596536712
HTR7,-0.074887853
HTRA1,-0.2858741
HTRA2,-0.178600925
HTRA3,-0.154726653
HTRA4,-0.198588086
HTT,-0.569251501
HUNK,0.402336787
HUS1,0.361068923
HUS1B,-0.046843506
HUWE1,1.994423829
HVCN1,-0.568250648
HYAL1,-0.00943127
HYAL2,-0.140177659
HYAL3,-0.195319024
HYAL4,-0.189183597
HYDIN,0.18767895
HYI,0.097037804
HYKK,0.063291623
HYLS1,0.140816841
HYOU1,-0.207689032
HYPK,0.272015455
IAH1,0.05028903
IAPP,-0.003218275
IARS,0.269457618
IARS2,0.456321162
IBA57,0.307283392
IBSP,-0.034205146
IBTK,0.085546746
ICA1,0.050201692
ICA1L,0.084775864
ICAM1,0.337374473
ICAM2,-0.330769837
ICAM3,-0.165145303
ICAM4,-0.325463834
ICAM5,-0.290461313
ICE1,0.0782545
ICE2,-0.283034718
ICK,-0.151511214
ICMT,-0.666331033
ICOS,0.418627746
ICOSLG,0.089387475
ID1,-0.105530363
ID2,-0.491235893
ID3,0.395566177
ID4,0.05764521
IDE,-0.127225177
IDH1,0.286070815
IDH2,-0.366805057
IDH3A,0.583981351
IDH3B,-0.134031325
IDH3G,-0.076018108
IDI1,-0.258067964
IDI2,-0.068353819
IDNK,0.258147476
IDO1,-0.165503927
IDO2,-0.073320131
IDS,-0.044424555
IDUA,-0.063103589
IER2,-0.10759796
IER3,0.735274867
IER3IP1,-0.085944559
IER5,0.307504214
IER5L,-0.226709746
IFFO1,-0.003745794
IFFO2,-0.356669884
IFI16,0.204444371
IFI27,0.229956522
IFI27L1,-0.118063587
IFI27L2,-0.058562992
IFI30,-0.332091147
IFI35,-0.10980838
IFI44,0.477241609
IFI44L,-0.434848536
IFI6,0.31187319
IFIH1,0.611653597
IFIT1,0.212629647
IFIT1B,-0.217881501
IFIT2,-0.2295327
IFIT3,-0.140079178
IFIT5,-0.341392107
IFITM1,-0.680327239
IFITM10,0.023293115
IFITM2,0.642823199
IFITM3,0.556051925
IFITM5,-0.960971247
IFNA1,-0.034145703
IFNA10,-0.153160827
IFNA13,-0.144577149
IFNA14,0.201554911
IFNA16,-0.042555633
IFNA17,-0.094332442
IFNA2,-0.054010434
IFNA21,-0.013963586
IFNA4,-0.179170892
IFNA5,-0.510981742
IFNA6,-0.304258252
IFNA7,-0.133881992
IFNA8,-0.200420862
IFNAR1,0.682662636
IFNAR2,-0.271067271
IFNB1,-0.097164882
IFNE,-0.234880945
IFNG,0.060920417
IFNGR1,0.463205416
IFNGR2,0.702882159
IFNK,0.130453528
IFNL1,0.31050866
IFNL2,0.236651868
IFNL3,0.284707716
IFNLR1,-0.298104284
IFNW1,-0.161236926
IFRD1,-0.07766673
IFRD2,-0.240514096
IFT122,-0.695265327
IFT140,0.782299083
IFT172,-0.160817278
IFT20,-0.122229182
IFT22,-0.064809259
IFT27,0.261387251
IFT43,-0.337819134
IFT46,-0.281382789
IFT52,-0.135890278
IFT57,-0.307915514
IFT74,-0.031829294
IFT80,0.18905661
IFT81,0.135363388
IFT88,0.193247995
IGBP1,-0.694944843
IGDCC3,0.184024138
IGDCC4,0.154922222
IGF1,-0.136223345
IGF1R,0.011469663
IGF2,-0.263027066
IGF2BP1,-0.122737694
IGF2BP2,0.236666953
IGF2BP3,1.026031152
IGF2R,-0.45657694
IGFALS,0.160470566
IGFBP1,0.496882919
IGFBP2,0.177300259
IGFBP3,0.529417191
IGFBP4,-0.483816253
IGFBP5,0.099888467
IGFBP6,-0.044650654
IGFBP7,0.366076831
IGFBPL1,-0.590770294
IGFL1,0.062246523
IGFL2,0.344373573
IGFL3,-0.028169668
IGFL4,-0.134957043
IGFLR1,-0.337078055
IGFN1,-0.020083211
IGHMBP2,-0.322892332
IGIP,-0.326116974
IGLC1,0.268449142
IGLL1,0.170826537
IGLL5,-0.020192297
IGLON5,0.241048823
IGSF1,-0.082471363
IGSF10,0.111770765
IGSF11,0.003766972
IGSF21,0.117325789
IGSF22,0.069262509
IGSF23,0.25165831
IGSF3,0.14721248
IGSF5,0.678605494
IGSF6,0.048100996
IGSF8,0.223785301
IGSF9,0.070291752
IGSF9B,0.220504445
IHH,0.05763115
IK,0.504149176
IKBIP,-0.091872157
IKBKB,-0.420181907
IKBKE,-0.329900613
IKBKG,-0.01994508
IKBKGP1,-0.724954142
IKZF1,0.043876608
IKZF2,-1.072212703
IKZF3,-0.542110986
IKZF4,0.033826892
IKZF5,-0.39104623
IL10,-0.177548618
IL10RA,0.114279745
IL10RB,0.218255538
IL11,0.157206799
IL11RA,-0.633259602
IL12A,-0.243245833
IL12B,-0.383018021
IL12RB1,-0.459130697
IL12RB2,0.080696133
IL13,-0.368172401
IL13RA1,0.701313822
IL13RA2,-0.607888742
IL15,-0.022303456
IL15RA,0.346815661
IL16,-0.026394572
IL17A,0.043455306
IL17B,-0.240631857
IL17C,-0.017383571
IL17D,0.616207886
IL17F,0.172408655
IL17RA,-0.168460125
IL17RB,0.317467574
IL17RC,-0.148646934
IL17RD,-0.373882288
IL17RE,-0.153911122
IL17REL,-0.088158842
IL18,0.035377894
IL18BP,-0.099130019
IL18R1,-0.207906408
IL18RAP,0.480816044
IL19,-0.121697442
IL1A,0.46103093
IL1B,0.328006458
IL1F10,0.059936969
IL1R1,0.479950424
IL1R2,-0.177387692
IL1RAP,-0.140256996
IL1RAPL1,0.055590428
IL1RAPL2,-0.193266472
IL1RL1,0.034187668
IL1RL2,-0.685948795
IL1RN,-0.03946955
IL2,0.22938803
IL20,-0.207352905
IL20RA,-0.356636219
IL20RB,-0.055045724
IL21,0.318529132
IL21R,0.892551259
IL22,-0.224094388
IL22RA1,-0.855566681
IL22RA2,-0.049955281
IL23A,0.11176551
IL23R,0.361023924
IL24,0.290459521
IL25,-0.041990916
IL26,0.459104776
IL27,0.379024765
IL27RA,-0.305080389
IL2RA,0.102999477
IL2RB,-0.07493975
IL2RG,0.090533771
IL3,0.191930953
IL31,-0.756412266
IL31RA,-0.152178401
IL32,0.631274772
IL33,-0.01095205
IL34,0.33349681
IL36A,-0.206569823
IL36B,0.367819272
IL36G,0.120190898
IL36RN,0.276724461
IL37,0.303434118
IL3RA,0.086892082
IL4,0.262425499
IL4I1,0.19858671
IL4R,1.037292383
IL5,-0.128592211
IL5RA,0.072022426
IL6,0.11029907
IL6-AS1,-0.189962228
IL6R,-0.24941998
IL6ST,0.313697663
IL7,0.125160583
IL7R,-0.071654412
IL9,-0.325549364
IL9R,-0.100875405
ILDR1,-0.484173714
ILDR2,0.097884145
ILF2,2.112034366
ILF3,1.570892725
ILK,-0.643399747
ILKAP,0.128492851
ILRUN,0.355939522
ILVBL,-0.175598121
IMMP1L,0.419226179
IMMP2L,0.17234561
IMMT,0.82779104
IMP3,1.30391038
IMP4,1.066481598
IMPA1,0.150652102
IMPA2,0.0436365
IMPACT,-0.034232369
IMPAD1,0.128279977
IMPDH1,0.143994654
IMPDH2,0.283058544
IMPG1,0.110431769
IMPG2,-0.027230245
INA,0.26221931
INAFM1,0.116443612
INAFM2,0.280766367
INCA1,-0.031786382
INCENP,-0.293308412
INF2,0.14834016
ING1,0.2935266
ING2,0.109726686
ING3,0.005424283
ING4,-0.262061846
ING5,-0.719393213
INHA,0.392118054
INHBA,0.014961126
INHBB,0.16168868
INHBC,0.413493311
INHBE,0.501418639
INIP,-0.181754629
INMT,0.308576353
INMT-MINDY4,0.302270913
INO80,0.212138778
INO80B,-0.092867537
INO80B-WBP1,-0.172304134
INO80C,-0.105331876
INO80D,0.625802273
INO80E,0.954436465
INPP1,-0.497420932
INPP4A,0.154111444
INPP4B,0.479397237
INPP5A,0.288157396
INPP5B,0.337877143
INPP5D,-0.018231513
INPP5E,-0.498612679
INPP5F,-0.270780599
INPP5J,0.106375779
INPP5K,0.308010651
INPPL1,-0.007711089
INS,0.185731189
INS-IGF2,0.147792327
INSC,0.035760172
INSIG1,-0.448615382
INSIG2,0.416860065
INSL3,-0.440670882
INSL4,-0.138447699
INSL5,-0.045673447
INSL6,0.191690882
INSM1,-0.242109894
INSM2,-0.346657839
INSR,-0.073693695
INSRR,-0.100214784
INSYN2A,-0.020980229
INSYN2B,-0.173951087
INTS1,0.903492994
INTS10,0.371710387
INTS11,0.462410688
INTS12,2.854696533
INTS13,0.618530005
INTS14,0.732721699
INTS2,0.320822338
INTS3,0.118590015
INTS4,0.637189608
INTS5,0.645885331
INTS6,1.578022063
INTS6L,-0.145776803
INTS7,0.252556078
INTS8,-0.253306678
INTS9,0.318264326
INTU,0.32319414
INVS,0.095466578
IP6K1,-0.588915524
IP6K2,-0.01632492
IP6K3,0.521582946
IPCEF1,0.177333154
IPMK,-0.50648364
IPO11,0.38354436
IPO13,0.130745273
IPO4,-0.167227837
IPO5,0.048477695
IPO7,0.181788103
IPO8,-0.272595326
IPO9,1.340392276
IPP,0.462775748
IPPK,0.332964631
IQCA1,-0.283121928
IQCA1L,-0.075711621
IQCB1,-0.092606042
IQCC,0.518465559
IQCD,-0.474827271
IQCE,-0.192717394
IQCF1,-0.073272783
IQCF2,0.100055266
IQCF3,-0.057981211
IQCF5,-0.213561857
IQCF5-AS1,-0.213561857
IQCF6,-0.065475773
IQCG,-0.79980276
IQCH,-0.263873195
IQCJ,-0.132606767
IQCJ-SCHIP1,-0.203737541
IQCN,0.085425176
IQGAP1,0.280412034
IQGAP2,-0.234553229
IQGAP3,0.25358239
IQSEC1,-0.288650477
IQSEC2,-0.249531076
IQSEC3,0.073863197
IQUB,-0.39020508
IRAK1,-0.10254853
IRAK1BP1,-0.26900198
IRAK2,-0.39212568
IRAK3,0.021220232
IRAK4,0.17918895
IREB2,-0.141923497
IRF1,-0.371086056
IRF2,1.00821418
IRF2BP1,-0.074076477
IRF2BP2,0.087291397
IRF2BPL,0.143741256
IRF3,0.605770059
IRF4,0.50697887
IRF5,-0.529917435
IRF6,-0.18400909
IRF7,-0.123322105
IRF8,0.410271196
IRF9,-0.092766364
IRGC,-0.113778381
IRGM,-0.422010318
IRGQ,-0.034952031
IRS1,-0.045263253
IRS2,0.010457587
IRS4,-0.389789955
IRX1,-0.218238394
IRX2,0.087168254
IRX3,-0.089868764
IRX4,-0.11447712
IRX5,-0.009108349
IRX6,-0.000171058
ISCA1,0.75567685
ISCA1P1,1.014563913
ISCA2,0.331733208
ISCU,0.574127052
ISG15,0.11087889
ISG20,-0.146608546
ISG20L2,0.099070923
ISL1,-0.145282124
ISL2,-0.224222522
ISLR,-0.301682814
ISLR2,-0.054402107
ISM1,-0.111328363
ISM2,-0.116474155
ISOC1,-0.810335011
ISOC2,-0.329944806
IST1,-1.192204414
ISX,0.31988474
ISY1,-0.261272954
ISY1-RAB43,-0.261272954
ISYNA1,-0.017203682
ITCH,-0.082296715
ITFG1,-0.129793038
ITFG2,-0.321160549
ITGA1,-0.795777875
ITGA10,-0.245718625
ITGA11,-0.110692353
ITGA2,-0.663134209
ITGA2B,0.031765501
ITGA3,-0.355367166
ITGA4,0.255733918
ITGA5,0.027916499
ITGA6,0.199301062
ITGA7,-0.300661529
ITGA8,-0.159878329
ITGA9,-0.095978034
ITGAD,0.086069686
ITGAE,-0.231388914
ITGAL,0.159007411
ITGAM,0.402643816
ITGAV,-1.070163386
ITGAX,0.856622198
ITGB1,0.963789265
ITGB1BP1,-0.197400003
ITGB1BP2,-0.294044945
ITGB2,0.343265566
ITGB3,-0.079569824
ITGB3BP,0.077067911
ITGB4,0.120935454
ITGB5,-0.999099163
ITGB6,0.4151562
ITGB7,0.048499501
ITGB8,-0.010978214
ITGBL1,0.059329106
ITIH1,-0.075255303
ITIH2,-0.800963925
ITIH3,0.106471407
ITIH4,-0.154161293
ITIH5,0.248356338
ITIH6,-0.062758022
ITK,-0.405950797
ITLN1,-0.211158145
ITLN2,0.086720159
ITM2A,0.044837284
ITM2B,0.197105577
ITM2C,-0.103645681
ITPA,-0.443957851
ITPK1,-0.853511973
ITPKA,-0.379607338
ITPKB,0.027924003
ITPKC,-0.042528811
ITPR1,-0.168376211
ITPR2,-0.271136781
ITPR3,-0.224038863
ITPRID1,0.132685993
ITPRID2,0.148428794
ITPRIP,0.142570814
ITPRIPL1,-0.183441109
ITPRIPL2,0.899150397
ITSN1,0.634836356
ITSN2,0.012940605
IVD,-0.061133296
IVL,0.083955537
IVNS1ABP,-0.093106199
IWS1,-0.329668898
IYD,0.22486222
IZUMO1,-0.933071673
IZUMO1R,-0.197296525
IZUMO2,0.491618493
IZUMO3,0.242656128
IZUMO4,-0.559875076
JADE1,-0.030573202
JADE2,-0.117402182
JADE3,0.106470176
JAG1,-0.294116113
JAG2,-0.036494306
JAGN1,-1.019063153
JAK1,0.9628338
JAK2,-0.146364686
JAK3,-0.242098339
JAKMIP1,-0.209789177
JAKMIP2,-0.243248668
JAKMIP2-AS1,0.054076571
JAKMIP3,-0.058550285
JAM2,0.071321266
JAM3,0.191624296
JAML,-0.010914738
JARID2,0.101231291
JAZF1,-0.348516204
JCAD,-0.063559712
JCHAIN,0.214662786
JDP2,-1.349461547
JKAMP,0.089180667
JMJD1C,-0.522311948
JMJD4,-0.594426729
JMJD6,0.789814091
JMJD7,-0.207072577
JMJD7-PLA2G4B,-0.122911933
JMJD8,0.281568532
JMY,0.061112438
JOSD1,-0.299497945
JOSD2,-0.168507079
JPH1,-0.0315372
JPH2,-0.064275276
JPH3,0.280753535
JPH4,0.178963799
JPT1,0.099333372
JPT2,0.246026431
JRK,0.273088581
JRKL,0.167596431
JSRP1,-0.57818644
JTB,0.735580996
JUN,-0.463795816
JUNB,-0.991582951
JUND,-0.312305944
JUP,-0.018862393
KAAG1,-0.001611865
KALRN,-0.56334301
KANK1,-0.434488849
KANK2,-0.351778592
KANK3,-0.121770836
KANK4,0.067045758
KANSL1,-1.008927627
KANSL1L,0.019365171
KANSL2,-0.399513902
KANSL3,-0.4830895
KARS,0.216975175
KAT14,-0.504980406
KAT2A,0.197420224
KAT2B,0.322806248
KAT5,-0.126225265
KAT6B,-0.930593081
KAT7,0.302115645
KAT8,0.313171746
KATNA1,-0.300385706
KATNAL1,-0.285141901
KATNAL2,-0.059185567
KATNB1,-0.174671852
KATNBL1,-0.195856138
KAZALD1,0.081270749
KAZN,0.005565532
KBTBD11,-0.249914835
KBTBD12,-0.59737378
KBTBD13,0.007679685
KBTBD2,0.143879242
KBTBD3,0.116949612
KBTBD4,-0.084576072
KBTBD6,-0.179451785
KBTBD7,-0.460967846
KBTBD8,-0.666000608
KCMF1,-0.281396797
KCNA1,0.056961738
KCNA10,-0.007623337
KCNA2,-0.308063095
KCNA3,-0.010279536
KCNA4,0.290966747
KCNA5,-0.155923584
KCNA6,0.112880021
KCNA7,-0.395281797
KCNAB1,-0.204382043
KCNAB2,0.020294038
KCNAB3,0.152691351
KCNB1,-0.032722723
KCNB2,0.02860948
KCNC1,-0.033724758
KCNC2,0.058376015
KCNC3,-0.210788937
KCNC4,0.597961903
KCND1,-0.222811608
KCND2,-0.254755374
KCND3,-0.466351901
KCNE1,0.49267052
KCNE1B,0.455291561
KCNE2,0.765442465
KCNE3,-0.267013274
KCNE4,-0.253679764
KCNE5,0.102159393
KCNF1,-0.228142296
KCNG1,0.165915812
KCNG2,-0.210994861
KCNG3,-0.384650081
KCNG4,-0.036528665
KCNH1,-0.341198537
KCNH2,-0.147273446
KCNH3,-0.212657296
KCNH4,-0.233311919
KCNH5,0.51327556
KCNH6,-0.095319762
KCNH7,0.750474045
KCNH8,0.000759661
KCNIP1,-0.512989463
KCNIP2,0.025674999
KCNIP2-AS1,0.316657804
KCNIP3,0.140061361
KCNIP4,0.043544238
KCNJ1,0.228061496
KCNJ10,0.41118474
KCNJ11,0.404399243
KCNJ12,0.217752532
KCNJ13,0.111923052
KCNJ14,-0.340717526
KCNJ15,0.682164279
KCNJ16,-0.300270943
KCNJ18,0.124911767
KCNJ2,0.122523774
KCNJ3,0.424560323
KCNJ4,0.579368914
KCNJ5,0.021790849
KCNJ8,0.185694724
KCNJ9,0.156826758
KCNK1,0.003369108
KCNK10,-0.012357863
KCNK12,0.265064771
KCNK13,-0.02928663
KCNK15,0.125869884
KCNK15-AS1,0.481237852
KCNK16,-0.627491246
KCNK17,-0.046132967
KCNK18,-0.126521999
KCNK2,-0.013338195
KCNK3,0.000829921
KCNK4,0.209141737
KCNK4-TEX40,0.098501394
KCNK5,0.021375719
KCNK7,-0.118801825
KCNK9,-0.285203321
KCNMA1,-0.167073663
KCNMB1,0.002181537
KCNMB2,-0.331954422
KCNMB3,-0.090291224
KCNMB4,-0.761270955
KCNN1,-0.277325332
KCNN2,-0.738133886
KCNN3,0.50552832
KCNN4,0.183729659
KCNQ1,0.377495036
KCNQ2,0.050216206
KCNQ3,-0.286263681
KCNQ4,1.051108568
KCNQ5,0.395175276
KCNRG,0.504202062
KCNS1,-0.204973723
KCNS2,-0.444382549
KCNS3,0.096170152
KCNT1,-0.183823227
KCNT2,0.11958555
KCNU1,0.129605423
KCNV1,0.203105669
KCNV2,-0.013350682
KCP,0.271541578
KCTD1,-0.470677454
KCTD10,0.884334009
KCTD11,0.202706524
KCTD12,0.209497308
KCTD13,0.155446439
KCTD14,-0.295669414
KCTD15,-0.208396364
KCTD16,-0.485957728
KCTD17,0.016646623
KCTD18,-0.145647461
KCTD19,-0.014656481
KCTD2,-0.432465586
KCTD20,-0.118513301
KCTD21,0.103799592
KCTD3,0.233905258
KCTD4,0.402680059
KCTD5,0.925244707
KCTD6,-0.181761034
KCTD7,0.146635493
KCTD8,0.427100556
KCTD9,-0.033995251
KDELC1,-0.178771889
KDELC2,-0.023188734
KDELR1,-0.098496172
KDELR2,0.162181175
KDELR3,-0.338380368
KDF1,-0.958284425
KDM1A,0.076516857
KDM1B,0.204359499
KDM2A,-1.252623518
KDM2B,0.322076309
KDM3A,0.083848945
KDM3B,-0.195487838
KDM4A,0.522011321
KDM4B,-0.659556697
KDM4C,0.117830585
KDM4D,0.285508645
KDM4E,0.285824726
KDM5A,-0.037201461
KDM5B,-0.34568915
KDM5C,0.103866291
KDM5D,-0.28309382
KDM6A,-0.26947456
KDM6B,0.155988376
KDM7A,0.01041738
KDM8,0.974069644
KDR,0.522120838
KDSR,-0.687241623
KEAP1,-0.892756912
KEL,0.19932982
KERA,-0.124134906
KHDC1,0.064839549
KHDC1L,0.024347585
KHDC3L,-0.513360288
KHDC4,0.320805406
KHDRBS1,2.058469777
KHDRBS2,0.152641268
KHDRBS3,0.27329217
KHK,-0.973116529
KHNYN,-0.204076012
KHSRP,0.416519223
KIAA0040,0.511315336
KIAA0100,-0.02347011
KIAA0232,0.005688145
KIAA0319,-0.359715049
KIAA0319L,1.061917237
KIAA0355,-0.169439239
KIAA0391,0.065834687
KIAA0408,-0.009919141
KIAA0513,-0.022717475
KIAA0556,0.85860243
KIAA0586,-0.186038353
KIAA0753,0.009069908
KIAA0754,0.25382944
KIAA0825,-0.102329649
KIAA0895,0.265404624
KIAA0895L,0.792560122
KIAA0930,-0.130046787
KIAA1107,0.362272598
KIAA1109,0.366657209
KIAA1143,-0.124517029
KIAA1191,0.038267567
KIAA1210,-0.082557936
KIAA1211L,0.370193831
KIAA1217,0.202571393
KIAA1257,-0.262224335
KIAA1324,0.138099578
KIAA1324L,-0.205889119
KIAA1328,-0.123895217
KIAA1522,-0.174910199
KIAA1524,0.555485875
KIAA1549L,0.141479314
KIAA1586,-0.074056807
KIAA1614,-0.092494893
KIAA1656,0.742905446
KIAA1671,-0.430749959
KIAA1755,0.412525489
KIAA1841,-0.263154124
KIAA1958,-0.130703576
KIAA2012,0.380761886
KIAA2013,0.379143553
KIAA2026,-0.138705544
KIDINS220,-0.267711532
KIF11,0.64203762
KIF12,0.248121466
KIF13A,0.091911278
KIF13B,-0.177539225
KIF14,1.077021094
KIF15,-0.042490406
KIF16B,-0.054641628
KIF17,-0.065000385
KIF18A,-0.367148564
KIF18B,-0.006696814
KIF19,0.277468087
KIF1A,0.055884312
KIF1B,-0.265514404
KIF1C,0.475712596
KIF20A,-0.099668624
KIF20B,-0.219936205
KIF21A,-0.169537459
KIF21B,-0.128825465
KIF22,0.532223463
KIF23,0.717102551
KIF24,-0.201771054
KIF25,-0.66203141
KIF26A,-0.285720571
KIF26B,-0.401825346
KIF27,0.169939662
KIF2A,-0.771158094
KIF2B,-0.672796307
KIF2C,-0.367220509
KIF3A,0.285394297
KIF3B,-0.37506752
KIF3C,-0.220853928
KIF4A,0.137945124
KIF4B,-0.32741992
KIF5A,0.151879551
KIF5B,-0.428015367
KIF5C,-0.034263855
KIF6,-0.241860504
KIF7,0.444987241
KIF9,-0.016439994
KIFAP3,-0.030529745
KIFBP,-0.336418438
KIFC1,0.17944435
KIFC2,0.21037026
KIFC3,0.066311964
KIN,-0.250929756
KIR2DL1,0.216873007
KIR2DL3,-0.377940512
KIR2DL4,-0.008347676
KIR2DS4,-0.349205824
KIR3DL1,-0.165456333
KIR3DL2,-0.11353711
KIR3DL3,-0.286453704
KIRREL,0.239203957
KIRREL2,0.113407505
KIRREL3,0.056722631
KISS1,-0.032794767
KISS1R,-0.328386339
KIT,0.089895353
KITLG,-0.05094756
KIZ,-0.054794157
KL,-0.173806456
KLB,-0.202940888
KLC1,0.048013781
KLC2,0.287932278
KLC3,-0.036518065
KLC4,-0.097324805
KLF1,-0.111627956
KLF10,0.311636241
KLF11,-0.250648738
KLF12,-0.390846423
KLF13,-0.32569642
KLF14,0.291235911
KLF15,-0.266153035
KLF16,-0.37125483
KLF17,0.410930835
KLF2,-0.346243537
KLF3,0.49349484
KLF4,0.199520205
KLF5,-0.215698115
KLF6,-0.70166705
KLF7,0.18764806
KLF8,0.225433505
KLF9,0.120937627
KLHDC1,-0.101522792
KLHDC10,0.130407317
KLHDC2,0.075238175
KLHDC3,-0.310095194
KLHDC4,-0.087472459
KLHDC7A,0.734230584
KLHDC7B,-0.423558237
KLHDC8A,-0.157224483
KLHDC8B,-0.588457371
KLHDC9,0.047926162
KLHL1,-0.411891218
KLHL10,0.157115557
KLHL11,0.133469362
KLHL12,0.188649851
KLHL13,-0.491313298
KLHL14,-0.487900942
KLHL15,-0.374077096
KLHL17,0.298626249
KLHL18,-0.240204754
KLHL2,0.219357591
KLHL20,0.243713814
KLHL21,0.033856917
KLHL22,-0.268106733
KLHL23,0.049584252
KLHL24,0.046006339
KLHL25,0.11245195
KLHL26,-0.333937212
KLHL28,-0.016537145
KLHL29,-0.398737295
KLHL3,-0.030911742
KLHL30,0.312445327
KLHL31,-0.271189883
KLHL32,-0.120064537
KLHL33,-0.053642229
KLHL34,-0.111481578
KLHL35,-0.136408853
KLHL36,0.233666455
KLHL38,-0.288677133
KLHL4,-0.111753102
KLHL40,-0.006216608
KLHL41,0.170897958
KLHL42,-0.286567915
KLHL5,0.667652358
KLHL6,-0.373435806
KLHL7,0.085200481
KLHL8,-0.025359876
KLHL9,0.041697828
KLK1,-0.020401
KLK10,-0.046442728
KLK11,0.024140968
KLK12,0.272463077
KLK13,0.06022224
KLK14,-0.038273468
KLK15,-0.122100138
KLK2,0.324116551
KLK3,0.083935838
KLK4,-0.034675064
KLK5,0.381595446
KLK6,-0.070137609
KLK7,-0.014806592
KLK8,0.394279994
KLK9,0.14058371
KLKB1,0.505704497
KLLN,-0.467374674
KLRB1,-0.61568284
KLRC1,-0.192431435
KLRC2,0.219908345
KLRC3,-0.445765324
KLRC4,0.137336003
KLRC4-KLRK1,0.144936321
KLRD1,0.317677424
KLRF1,0.327876052
KLRF2,-0.40023621
KLRG1,-0.202524602
KLRG2,-0.136158202
KLRK1,0.144936321
KMO,0.019342609
KMT2A,-0.314271378
KMT2B,-0.558808455
KMT2C,0.042493106
KMT2D,-0.282717821
KMT2E,0.442462822
KMT5A,0.026902053
KMT5B,-0.419713412
KMT5C,0.006902494
KNCN,-0.166976462
KNDC1,-0.23704957
KNG1,0.398434329
KNL1,0.027825498
KNOP1,0.542135184
KNSTRN,0.031482502
KNTC1,-0.37120219
KPNA1,0.205746154
KPNA2,-0.228496616
KPNA3,0.240998434
KPNA4,0.374423543
KPNA5,-0.400059726
KPNA6,-0.118772427
KPNA7,-0.106312748
KPNB1,-0.06898053
KPRP,-0.185143201
KPTN,-0.646263564
KRAS,-0.640274989
KRBA1,-0.150414878
KRBA2,-0.426965145
KRBOX1,-0.551241365
KRBOX4,0.056843731
KRCC1,-0.345553911
KREMEN1,0.084372397
KREMEN2,0.668894504
KRI1,0.433137896
KRIT1,-0.016523796
KRR1,0.830593587
KRT1,-0.46404762
KRT10,-0.216324697
KRT12,-0.155842062
KRT13,0.009995042
KRT14,0.002027986
KRT15,-0.182953236
KRT16,-0.107579693
KRT17,0.304915191
KRT18,0.988026362
KRT19,0.092603418
KRT2,0.253688783
KRT20,-0.396657276
KRT222,-0.057551065
KRT23,0.089023454
KRT24,-0.150917451
KRT25,-0.256995521
KRT26,-0.331199643
KRT27,-0.741438529
KRT28,-0.313635754
KRT3,-0.260647481
KRT31,0.380632269
KRT32,-0.546169474
KRT33A,-0.212576829
KRT33B,-0.283363091
KRT34,-0.761330635
KRT35,-0.527744429
KRT36,-0.591175909
KRT37,-0.188525008
KRT38,-0.249569
KRT39,-0.589579836
KRT4,-0.122927847
KRT40,-0.240032748
KRT5,0.101916584
KRT6A,0.004299049
KRT6B,-0.035312367
KRT6C,-0.064982878
KRT7,0.293496798
KRT71,-0.748285063
KRT72,0.066188835
KRT73,0.004919761
KRT74,0.026662954
KRT75,-0.258947399
KRT76,-0.005301112
KRT77,-0.230394064
KRT78,-0.063844239
KRT79,-0.243357909
KRT8,0.008165008
KRT80,-0.159721012
KRT81,-0.280563942
KRT82,0.025941985
KRT83,-0.155585488
KRT84,0.299648843
KRT85,-0.216991267
KRT86,-0.354080495
KRT9,-0.218834299
KRTAP1-1,-0.5104311
KRTAP1-3,0.227247746
KRTAP1-4,-0.04462363
KRTAP1-5,0.133417921
KRTAP10-1,0.257482357
KRTAP10-10,-0.105748027
KRTAP10-11,0.404847343
KRTAP10-12,0.390133846
KRTAP10-2,0.206908866
KRTAP10-3,0.214570653
KRTAP10-4,-0.024789895
KRTAP10-5,0.197916165
KRTAP10-6,-0.055987416
KRTAP10-7,0.268639881
KRTAP10-8,0.236629797
KRTAP10-9,0.38493131
KRTAP11-1,0.528191015
KRTAP12-1,0.082039843
KRTAP12-2,0.051788888
KRTAP12-3,-0.154671442
KRTAP12-4,0.254222362
KRTAP13-1,0.378675777
KRTAP13-2,0.597683446
KRTAP13-3,0.671473784
KRTAP13-4,0.466266023
KRTAP15-1,0.704184395
KRTAP16-1,-0.061200884
KRTAP17-1,0.178521772
KRTAP19-1,0.723777604
KRTAP19-2,0.352566322
KRTAP19-3,1.004484564
KRTAP19-4,0.553348311
KRTAP19-5,0.432349739
KRTAP19-6,0.244811251
KRTAP19-7,0.491866453
KRTAP19-8,0.684205833
KRTAP2-1,-0.211081765
KRTAP2-2,-0.211081765
KRTAP2-3,-0.145993471
KRTAP2-4,-0.145993471
KRTAP20-1,0.195364902
KRTAP20-2,-0.061244014
KRTAP20-3,0.952265358
KRTAP21-1,0.353897028
KRTAP21-2,0.350413556
KRTAP21-3,0.502335219
KRTAP22-1,-0.267234083
KRTAP22-2,0.265271176
KRTAP23-1,0.211050324
KRTAP24-1,0.673427786
KRTAP25-1,0.470167507
KRTAP26-1,0.679888307
KRTAP27-1,0.327424514
KRTAP29-1,0.008363515
KRTAP3-1,-0.266078482
KRTAP3-2,-0.298044452
KRTAP3-3,-0.545219561
KRTAP4-11,-0.174719061
KRTAP4-12,-0.029574668
KRTAP4-2,-0.839114129
KRTAP4-3,0.114975506
KRTAP4-4,-0.199456435
KRTAP4-5,0.406929429
KRTAP4-6,0.260764002
KRTAP4-7,-0.243639307
KRTAP4-8,0.025270599
KRTAP4-9,-0.151098112
KRTAP5-1,-0.086075417
KRTAP5-10,0.452971719
KRTAP5-11,-0.112148408
KRTAP5-2,0.174553772
KRTAP5-3,0.113213219
KRTAP5-4,-0.032445001
KRTAP5-5,0.157843544
KRTAP5-6,0.120339623
KRTAP5-7,-0.041372056
KRTAP5-8,-0.137164422
KRTAP5-9,0.163047426
KRTAP5-AS1,0.174553772
KRTAP6-1,0.454233037
KRTAP6-2,0.369004635
KRTAP6-3,0.279530882
KRTAP7-1,0.976284432
KRTAP8-1,0.815452864
KRTAP9-1,-0.234354797
KRTAP9-11P,-0.196810268
KRTAP9-2,-0.029403733
KRTAP9-3,-0.312317645
KRTAP9-4,-0.073717626
KRTAP9-6,-0.700017
KRTAP9-7,-0.532132412
KRTAP9-8,-0.042446154
KRTAP9-9,-0.045516723
KRTCAP2,0.456543734
KRTCAP3,0.037840623
KRTDAP,-0.362366373
KSR1,-0.361706122
KSR2,-0.039515883
KTI12,1.836021458
KTN1,-0.133545079
KXD1,-0.198062595
KY,-0.453142013
KYAT1,-0.446034575
KYAT3,-0.409536308
KYNU,-0.209236674
L1CAM,0.177301418
L1TD1,0.501741518
L2HGDH,-0.747837906
L3HYPDH,-0.2291526
L3MBTL1,-0.222117733
L3MBTL2,-0.197889557
L3MBTL3,0.320133183
L3MBTL4,-0.174994116
LACC1,-0.351136206
LACRT,-0.100139361
LACTB,-0.334071348
LACTB2,0.228203711
LACTBL1,0.265618416
LAD1,-0.108694693
LAG3,0.072873498
LAGE3,0.065172103
LAIR1,0.190796457
LAIR2,-0.588087236
LALBA,0.010532957
LAMA1,-0.175875885
LAMA2,-0.146796437
LAMA3,-0.16736188
LAMA4,0.221611302
LAMA5,-0.021458368
LAMB1,-0.168088042
LAMB2,0.392267918
LAMB3,-0.151263484
LAMB4,-0.15312103
LAMC1,0.075078391
LAMC2,-0.152686993
LAMC3,0.080634222
LAMP1,-0.00717877
LAMP2,0.184785123
LAMP3,0.425326942
LAMP5,-0.364671658
LAMTOR1,-0.094097407
LAMTOR2,0.370460823
LAMTOR3,-0.338696097
LAMTOR4,-0.089586302
LAMTOR5,-0.077833513
LANCL1,-0.007964322
LANCL2,0.142656668
LANCL3,-0.114508641
LAP3,-0.065400916
LAPTM4A,-0.287534737
LAPTM4B,-0.484946082
LAPTM5,-0.169240658
LARGE1,-0.244305321
LARGE2,0.048316226
LARP1,0.223265374
LARP1B,0.779231256
LARP4,-0.348377533
LARP4B,0.433402911
LARP6,0.349564508
LARP7,0.773296239
LARS,0.026623889
LARS2,0.832420826
LAS1L,-0.087686087
LASP1,-0.283279517
LAT,0.547651531
LAT2,-0.115995183
LATS1,0.234340468
LATS2,0.819252576
LAX1,-0.576162499
LAYN,0.075301177
LBH,-0.353555383
LBHD1,-0.308301442
LBP,-0.084743748
LBR,-0.002635122
LBX1,-0.241573273
LBX2,0.211225323
LCA5,-0.224401725
LCA5L,0.657557064
LCAT,-0.273970487
LCE1A,-0.163771185
LCE1B,0.307837507
LCE1C,-0.0608412
LCE1D,-0.237533109
LCE1E,-0.078626794
LCE1F,0.001186429
LCE2A,-0.264808714
LCE2B,0.058221315
LCE2C,0.119061115
LCE2D,0.264287056
LCE3A,-0.103987992
LCE3B,0.062098465
LCE3C,0.042186154
LCE3D,0.249275003
LCE3E,0.335572963
LCE4A,-0.053863312
LCE5A,0.019475284
LCE6A,-0.290272019
LCK,0.89858279
LCLAT1,-0.163287788
LCMT1,-0.423719226
LCMT2,0.275901942
LCN1,0.151118561
LCN10,-0.294802385
LCN12,-0.489680335
LCN15,-0.302810726
LCN2,-0.001833721
LCN6,0.185574518
LCN8,-0.18032377
LCN9,0.192461387
LCNL1,-0.066129393
LCOR,0.032254268
LCORL,0.324481829
LCP1,0.206323416
LCP2,-0.031168183
LCT,0.650523262
LCTL,0.216393524
LDAH,-0.030119723
LDB1,0.226624758
LDB2,-0.017793907
LDB3,-0.096441537
LDHA,0.210155476
LDHAL6A,0.289512261
LDHAL6B,0.230651073
LDHB,-0.365865158
LDHC,0.188758697
LDHD,0.091295826
LDLR,0.62825289
LDLRAD1,0.281810141
LDLRAD2,-0.024368798
LDLRAD3,0.455260921
LDLRAD4,0.025765743
LDLRAP1,0.435660963
LDOC1,-0.116953114
LEAP2,-0.123844741
LECT2,0.080969062
LEF1,1.022253005
LEFTY1,-0.206324727
LEFTY2,-0.419554535
LEKR1,-0.304205211
LELP1,0.181868315
LEMD1,-0.352773174
LEMD2,-0.234386234
LEMD3,0.390669275
LENEP,0.517093244
LENG1,-0.065247747
LENG8,0.193945003
LENG9,0.040499999
LEO1,0.250757671
LEP,-0.109350076
LEPR,-0.823022981
LEPROT,-0.308586793
LEPROTL1,-0.003155684
LETM1,-0.440266046
LETM2,0.155945523
LETMD1,0.02601429
LEUTX,-0.500455871
LEXM,0.390678097
LFNG,0.208891346
LGALS1,-0.236213606
LGALS12,-0.036246142
LGALS13,0.123255542
LGALS14,0.026398364
LGALS16,-0.110826971
LGALS2,-0.107755481
LGALS3,0.419732362
LGALS3BP,-0.788972876
LGALS4,0.055994942
LGALS7,0.015626054
LGALS7B,-0.096934263
LGALS8,0.066275882
LGALS9,0.109610079
LGALS9B,-0.438059378
LGALS9C,-0.133657153
LGALS9DP,-0.200748838
LGALSL,-0.321204837
LGI1,0.19562037
LGI2,0.332523566
LGI3,0.038970484
LGI4,0.134932655
LGMN,-0.15702485
LGR4,0.288743889
LGR5,0.167494073
LGR6,-0.192847969
LGSN,0.311518264
LHB,0.289754033
LHCGR,-0.003135307
LHFPL1,0.053383872
LHFPL2,0.363813235
LHFPL3,-0.521170644
LHFPL4,0.206724226
LHFPL5,0.062733999
LHFPL6,0.314419249
LHPP,-0.105641225
LHX1,0.297322729
LHX2,0.314275504
LHX3,0.071974791
LHX4,0.069417367
LHX5,0.062845239
LHX6,0.327788483
LHX8,-0.316873456
LHX9,-0.062642439
LIAS,-0.24211733
LIF,-0.093929179
LIFR,-0.667614975
LIG1,0.288992083
LIG3,0.019773941
LIG4,0.211654979
LILRA1,-0.194749684
LILRA2,-0.382159466
LILRA4,0.127414584
LILRA5,-0.167724616
LILRA6,0.037883187
LILRB1,-0.174789997
LILRB2,0.234424773
LILRB3,-0.436841084
LILRB4,0.306836691
LILRB5,-0.052364901
LIM2,0.183409833
LIMA1,-0.164676791
LIMCH1,0.238790364
LIMD1,0.079533173
LIMD2,-0.29899862
LIMK1,-0.227475269
LIMK2,0.224835099
LIMS1,0.387585466
LIMS2,0.804558712
LIMS3,0.423447923
LIMS3-LOC440895,0.423447923
LIMS4,0.423447923
LIN28A,0.385551947
LIN28B,-0.225826317
LIN37,-0.248445189
LIN52,0.146283272
LIN54,0.033863354
LIN7A,0.371582127
LIN7B,0.18945706
LIN7C,-0.03747727
LIN9,-0.408530415
LINC00452,-0.09160246
LINC01189,-0.034566632
LINC01619,-0.293133946
LINC01620,0.070902778
LINC01621,0.024499834
LINC01750,-0.057705143
LINC02067,0.158951335
LINC02203,0.204281637
LINC02210-CRHR1,-0.061517299
LINC02693,-0.114585828
LINC02694,-0.031303129
LINC02801,0.10991406
LINC02843,-0.385230453
LINC02860,0.038786428
LINGO1,-0.131046303
LINGO2,-0.09343956
LINGO3,-0.471664191
LINGO4,0.28426992
LINS1,-0.2950655
LIPA,0.351394532
LIPC,0.419027115
LIPE,-0.113264898
LIPF,-0.188172793
LIPG,0.08513483
LIPH,-0.285863239
LIPI,0.485331891
LIPJ,0.041473081
LIPK,0.002433651
LIPM,0.052920094
LIPN,-0.172165151
LIPT1,0.414579283
LIPT2,-0.462524504
LITAF,0.601780758
LIX1,-0.533305261
LIX1L,0.149537489
LKAAEAR1,-0.299124481
LL0XNC01-250H12.3,-0.112076252
LLCFC1,-0.215270786
LLGL1,0.27047378
LLGL2,0.598331157
LLPH,0.507510351
LMAN1,-0.188662212
LMAN1L,-0.403445921
LMAN2,-0.079043035
LMAN2L,-0.434768241
LMBR1,-0.107855224
LMBR1L,-0.52459067
LMBRD1,-0.212074079
LMBRD2,0.063189524
LMCD1,-0.433771844
LMF1,0.641689446
LMF2,-0.238514734
LMLN,-0.647623869
LMNA,0.37879483
LMNB1,-0.246167557
LMNB2,-0.090828096
LMNTD1,-0.360664549
LMNTD2,-0.44378298
LMO1,-0.10430387
LMO2,0.120263491
LMO3,0.102053855
LMO4,0.370709037
LMO7,-0.369362195
LMO7DN,0.201703215
LMOD1,-0.124709692
LMOD2,-0.16457888
LMOD3,-0.64688164
LMTK2,0.496224164
LMTK3,-0.477112987
LMX1A,0.198235284
LMX1B,-0.206801975
LNP1,-0.441797181
LNPEP,-0.191018204
LNPK,0.300565995
LNX1,0.439766508
LNX2,0.584827413
LOC100128593,-0.088330809
LOC100129083,-0.106112165
LOC100129118,-0.464477015
LOC100129265,-0.28291501
LOC100129492,-0.172798696
LOC100129697,0.034370357
LOC100130357,-0.363914262
LOC100130370,0.154215368
LOC100130950,-0.153678639
LOC100132202,0.273322328
LOC100133165,0.038389904
LOC100134391,0.049823005
LOC100144595,0.3779219
LOC100286925,-0.597858342
LOC100287036,0.188287815
LOC100288966,0.781059148
LOC100289194,-0.033377283
LOC100289561,-0.154873433
LOC100289656,0.038389904
LOC100291105,0.23365936
LOC100379224,0.209919933
LOC100420446,0.435122254
LOC100420551,-0.116067731
LOC100420778,-0.007053732
LOC100420788,-0.007053732
LOC100420789,-0.007053732
LOC100420925,-0.241432514
LOC100421094,-0.085322338
LOC100421693,-0.110161052
LOC100505549,0.119142677
LOC100505841,-0.494419008
LOC100506055,0.649226914
LOC100506071,0.096157778
LOC100506388,0.493279088
LOC100506422,-0.081010547
LOC100630923,-0.422652564
LOC100652758,-0.132339027
LOC100652777,0.552247061
LOC100652908,0.605660097
LOC101927051,-0.268687594
LOC101927060,-0.703527015
LOC101927079,-0.259256976
LOC101927267,0.346333269
LOC101927322,0.208391752
LOC101927572,0.174663845
LOC101927825,0.025394091
LOC101927979,-0.031786382
LOC101928034,-0.315043121
LOC101928093,0.379782775
LOC101928100,0.160326599
LOC101928436,-0.233563023
LOC101928841,-0.016006728
LOC101928953,-0.545896444
LOC101929106,0.051334697
LOC101929372,-0.203200968
LOC101929705,-0.444723492
LOC101930090,0.649411523
LOC102030688,-0.026379037
LOC102723502,0.614174108
LOC102723532,-0.363619813
LOC102723623,0.101873986
LOC102723655,0.844395671
LOC102723713,0.844395671
LOC102723996,0.089387475
LOC102724093,0.18401391
LOC102724117,0.302301758
LOC102724159,0.768946074
LOC102724250,-0.240499248
LOC102724334,-0.097248015
LOC102724468,-0.356899874
LOC102724488,-0.286767178
LOC102724624,0.020266969
LOC102724750,-0.241432514
LOC102724770,-0.155315409
LOC102724788,0.053148299
LOC102724957,-0.204304692
LOC102725021,0.189081978
LOC105369225,-0.703527015
LOC105369274,-0.214472926
LOC105369352,0.447525679
LOC105369748,0.048492906
LOC105370910,0.147450796
LOC105371084,-0.401916896
LOC105371103,1.104789966
LOC105371430,0.064846572
LOC105371768,-0.186516578
LOC105371795,-0.109430449
LOC105371855,0.011540409
LOC105372485,0.063506687
LOC105372791,0.765442465
LOC105372860,0.129582862
LOC105373095,0.173437119
LOC105373456,0.100326801
LOC105373608,0.258512465
LOC105373796,0.126571844
LOC105374809,-0.132954337
LOC105375795,-0.043414874
LOC105376453,-0.026347534
LOC105376541,0.290293118
LOC105376722,-0.086636097
LOC105376749,1.104789966
LOC105376844,-0.639127668
LOC105378242,-0.227780109
LOC105447645,0.06933865
LOC107984026,-0.040292468
LOC107984328,-0.075590914
LOC107984334,0.035680821
LOC107984340,0.144628608
LOC107984690,-0.100160708
LOC107984936,0.485366994
LOC107984946,0.420369837
LOC107985075,-0.043463608
LOC107985139,0.060771044
LOC107985304,-0.12330354
LOC107985544,0.022117443
LOC107985567,0.507510351
LOC107986160,-0.565611757
LOC107986469,-0.731022765
LOC107986486,-0.573605359
LOC107986614,-0.318374395
LOC107987066,-0.319393034
LOC107987217,0.293272452
LOC107987373,0.461498078
LOC107987380,0.293272452
LOC108783645,0.53189475
LOC108783654,-0.181735283
LOC110117498-PIK3R3,0.640212718
LOC112267869,-0.132959487
LOC112267934,-0.253629521
LOC112268221,0.554655166
LOC112268432,0.094573897
LOC114483834,0.63835045
LOC149373,-0.447581051
LOC158434,-0.189059134
LOC202319,0.360167083
LOC254028,0.103596925
LOC283710,-0.217530172
LOC339862,-0.255130065
LOC388282,-0.248557244
LOC388436,-0.130557117
LOC388780,0.06559665
LOC388813,0.35747247
LOC389602,0.064595533
LOC389895,-0.124680965
LOC392196,0.217583121
LOC401218,0.196549753
LOC403312,0.070293414
LOC441155,0.530350054
LOC574080,-0.112887461
LOC574538,-0.178330255
LOC642669,-0.033377283
LOC642969,2.623752733
LOC643576,2.623752733
LOC643802,0.191537524
LOC643896,0.051825944
LOC644525,-0.033377283
LOC645202,0.273322328
LOC645752,0.512642649
LOC646644,0.501227203
LOC646934,0.334412725
LOC649352,-0.344421715
LOC653503,0.084682303
LOC653631,0.268484824
LOC653653,-1.072726243
LOC653698,-0.325453785
LOC654780,-0.027797242
LOC724084,-0.637626395
LOC728392,-0.167832079
LOC728485,0.529334708
LOC728554,-0.392274948
LOC728877,0.293176854
LOC729086,0.146974947
LOC729317,1.87577842
LOC730110,-0.118915751
LOC730183,0.53525797
LOC79999,-0.130557117
LONP1,-0.502537787
LONP2,-0.035494717
LONRF1,0.0653005
LONRF2,0.087045713
LONRF3,0.083128651
LOR,0.075168216
LOX,-0.312076419
LOXHD1,0.713241859
LOXL1,0.287339957
LOXL2,-0.068946921
LOXL3,-0.166013632
LOXL4,-0.308477169
LPA,-0.324511215
LPAR1,-0.261707758
LPAR2,-0.879934562
LPAR3,0.679435919
LPAR4,-0.88564545
LPAR5,-0.088647967
LPAR6,0.044885734
LPCAT1,0.234810112
LPCAT2,-0.029545864
LPCAT3,-0.598356114
LPCAT4,-0.067237948
LPGAT1,0.053025043
LPIN1,0.057344533
LPIN2,0.402774717
LPIN3,0.151874173
LPL,-0.142471695
LPO,0.019011916
LPP,0.027863251
LPXN,-0.246393931
LRAT,0.469804104
LRATD1,-0.176627387
LRATD2,-0.085881338
LRBA,0.642386598
LRCH1,0.073202189
LRCH2,-0.40300879
LRCH3,-0.331507882
LRCH4,-0.286396335
LRCOL1,-0.373346958
LRFN1,0.210042067
LRFN2,-0.504658142
LRFN3,0.383742996
LRFN4,0.164748041
LRFN5,0.529064587
LRG1,-0.039760248
LRGUK,0.006575143
LRIF1,-0.484002914
LRIG1,-0.173253767
LRIG2,0.10439535
LRIG3,0.22399865
LRIT1,-0.210549222
LRIT2,0.220747807
LRIT3,0.723550569
LRMP,0.025771926
LRP1,0.573748103
LRP10,-0.433498355
LRP11,-0.205229466
LRP12,-0.151142021
LRP1B,-0.007665752
LRP2,0.709841852
LRP2BP,0.061877582
LRP3,-0.673059176
LRP4,0.303218569
LRP5,-0.410221583
LRP5L,-0.010923704
LRP6,-0.805955348
LRP8,0.228787989
LRPAP1,0.343274787
LRPPRC,0.199611416
LRR1,0.349766715
LRRC1,-0.241252542
LRRC10,0.058075631
LRRC10B,-0.039351357
LRRC14,0.34602823
LRRC14B,0.019837402
LRRC15,0.247391236
LRRC17,-0.233051323
LRRC18,-0.32931757
LRRC19,0.321378621
LRRC2,-0.089729206
LRRC20,-0.303769438
LRRC23,0.199994313
LRRC24,-0.264374979
LRRC25,-0.260526417
LRRC26,-0.141379759
LRRC27,-0.226327389
LRRC28,-0.353850092
LRRC29,-0.383433038
LRRC3,0.55022071
LRRC30,0.032898975
LRRC31,0.082809288
LRRC32,0.245114447
LRRC34,-0.429212366
LRRC36,-0.253307011
LRRC37A,-0.01252604
LRRC37A17P,0.027327223
LRRC37A2,-0.208025856
LRRC37A3,0.208720604
LRRC37B,-0.387079394
LRRC38,-0.348079251
LRRC39,0.420172509
LRRC3B,-0.587725542
LRRC3C,-0.277409857
LRRC4,-0.205837471
LRRC40,-0.336099353
LRRC41,0.512956751
LRRC42,0.238394898
LRRC43,-0.140347396
LRRC45,0.230765208
LRRC46,0.115089245
LRRC47,-0.377048238
LRRC49,-0.327020762
LRRC4B,-0.210733313
LRRC4C,0.395911142
LRRC52,0.282721571
LRRC55,0.04213255
LRRC56,-0.288388526
LRRC57,0.004172854
LRRC58,-0.194912679
LRRC59,-0.390343392
LRRC6,0.184807138
LRRC61,-0.117589505
LRRC63,-0.328619414
LRRC66,0.228593519
LRRC69,0.104141308
LRRC7,-0.009654261
LRRC7-AS1,-0.046838351
LRRC70,-0.238613697
LRRC71,0.267362796
LRRC72,0.243259635
LRRC73,-0.260011093
LRRC74A,-0.015033018
LRRC74B,-0.251419507
LRRC75A,0.475429498
LRRC75B,-0.456467957
LRRC8A,-0.241730018
LRRC8B,0.107872343
LRRC8C,0.449845737
LRRC8D,0.167484732
LRRC8E,-0.349941374
LRRCC1,-0.05501236
LRRD1,-0.717021889
LRRFIP1,0.026522458
LRRFIP2,-0.096434648
LRRIQ1,-0.097945645
LRRIQ3,0.00565289
LRRIQ4,-0.464380384
LRRK1,0.076577806
LRRK2,0.019927039
LRRN1,0.269625301
LRRN2,-0.324039213
LRRN3,-0.285470338
LRRN4,-0.056355711
LRRN4CL,0.007771258
LRRTM1,-0.330791629
LRRTM2,-0.155329041
LRRTM3,-0.291377122
LRRTM4,-0.150833288
LRSAM1,-0.383038121
LRTM1,0.102643918
LRTM2,-0.534256507
LRTOMT,-0.330434377
LRWD1,-0.222895203
LSAMP,-0.147603236
LSG1,0.232481766
LSM1,0.422421937
LSM10,0.439642131
LSM11,-0.410762701
LSM12,-0.223921467
LSM14A,-0.433117341
LSM14B,0.302081584
LSM2,0.116744257
LSM3,0.429428086
LSM4,0.943361422
LSM5,0.262104185
LSM6,0.851218339
LSM7,-0.13225354
LSM8,0.540164207
LSMEM1,0.329501042
LSMEM2,-0.197873326
LSP1,0.24229171
LSR,0.053976083
LSS,0.062565295
LST1,-0.413163527
LTA,0.052599942
LTA4H,-0.177718918
LTB,0.084498929
LTB4R,0.141622251
LTB4R2,-0.21031963
LTBP1,-0.092557357
LTBP2,-0.253363381
LTBP3,-0.03331719
LTBP4,0.025730177
LTBR,-0.680652708
LTC4S,-0.129860722
LTF,0.106371572
LTK,-0.197910525
LTN1,0.745541052
LTO1,0.106763938
LTV1,1.107420387
LUC7L,-0.232343732
LUC7L2,-0.381520745
LUC7L3,-0.164960334
LUM,0.053663078
LURAP1,0.294688269
LURAP1L,-0.140638666
LUZP1,0.354724363
LUZP2,0.021507623
LUZP4,0.243289529
LUZP6,-0.402783587
LVRN,-0.24217141
LXN,0.058666772
LY6D,0.04762502
LY6E,0.044905904
LY6G5B,0.006698871
LY6G5C,0.172493779
LY6G6C,0.117234418
LY6G6D,0.188956386
LY6G6F,0.419796157
LY6G6F-LY6G6D,0.304376272
LY6H,-0.260557083
LY6K,-0.128447468
LY75,0.691076904
LY75-CD302,0.691054773
LY86,0.001100413
LY9,0.049403404
LY96,-0.087003502
LYAR,-0.333779348
LYG1,0.691930971
LYG2,0.123719763
LYL1,-0.596246297
LYN,-0.031929664
LYNX1,-0.354757887
LYNX1-SLURP2,-0.314880991
LYPD1,-0.003749176
LYPD2,0.385255952
LYPD3,-0.022807192
LYPD4,-0.114611053
LYPD5,0.182588396
LYPD6,0.437210494
LYPD6B,0.149742604
LYPD8,0.173286553
LYPLA1,-0.055520689
LYPLA2,0.09133382
LYPLAL1,0.208912769
LYRM1,0.325935004
LYRM2,0.344493052
LYRM4,-0.126431681
LYRM7,0.409407412
LYRM9,0.220163389
LYSMD1,0.331426516
LYSMD2,0.152484277
LYSMD3,0.373611325
LYSMD4,0.23341988
LYST,0.194498377
LYVE1,0.251880065
LYZ,0.280379057
LYZL1,0.050362262
LYZL2,0.090826361
LYZL4,0.133010745
LYZL6,0.182582143
LZIC,-0.298148067
LZTFL1,-0.36891894
LZTR1,-0.284359335
LZTS1,-0.134244647
LZTS2,-0.089173867
LZTS3,0.112426169
M1AP,0.062657485
M6PR,-0.401764977
MAATS1,-0.30326566
MAB21L1,0.131653543
MAB21L2,0.488657945
MAB21L3,-0.206859679
MAB21L4,-0.035384651
MACC1,0.04847041
MACF1,0.404640602
MACO1,0.498645533
MACROD1,-0.100394567
MACROD2,-0.136242376
MACROH2A1,-0.33457393
MAD1L1,0.509287065
MAD2L1,-0.846438815
MAD2L1BP,0.149265851
MAD2L2,0.380611812
MADCAM1,-0.134623421
MADD,0.074851295
MAEA,-7.92418e-05
MAEL,0.216702897
MAF,-0.034904132
MAF1,-0.157456805
MAFA,0.360415444
MAFB,-0.28576966
MAFF,-0.22269175
MAFG,0.015658084
MAFK,-0.389807597
MAG,-0.129686426
MAGEA1,-0.108391251
MAGEA10,0.172250263
MAGEA10-MAGEA5,0.062116915
MAGEA11,0.118582365
MAGEA12,0.092357779
MAGEA2,-0.108169156
MAGEA2B,-0.108169156
MAGEA3,0.041186161
MAGEA4,-0.469640664
MAGEA5,0.062116915
MAGEA6,0.127376225
MAGEA8,-0.323355286
MAGEA9,0.371824975
MAGEA9B,0.371824975
MAGEB1,-0.083688411
MAGEB10,0.133720433
MAGEB16,-0.118561068
MAGEB17,-0.178440365
MAGEB18,-0.05452932
MAGEB2,-0.386970198
MAGEB3,-0.013725211
MAGEB4,-0.321248236
MAGEB5,-0.031031495
MAGEB6,-0.550701772
MAGEC1,-0.038897125
MAGEC2,-0.252057222
MAGEC3,0.192703726
MAGED1,0.008955732
MAGED2,-0.372982751
MAGED4,-0.353955303
MAGED4B,-0.353955303
MAGEE1,0.048405897
MAGEE2,-0.183656477
MAGEF1,0.245943229
MAGEH1,-0.39811703
MAGEL2,0.189943612
MAGI1,-0.063709973
MAGI2,-0.61810567
MAGI3,0.55559672
MAGIX,0.210710279
MAGOH,-0.074351379
MAGOHB,-0.560084522
MAGT1,-0.185848564
MAIP1,0.559598041
MAJIN,-0.27773019
MAK,-0.409445766
MAK16,0.234948108
MAL,-0.156729817
MAL2,-0.526947144
MALL,0.266724821
MALRD1,-0.181151199
MALSU1,0.254525967
MALT1,0.128693406
MAMDC2,0.061133398
MAMDC4,-0.262960722
MAML1,-0.283932985
MAML2,-0.43174099
MAML3,0.155012046
MAMLD1,-0.240541985
MAMSTR,0.193069804
MAN1A1,-0.077462677
MAN1A2,0.195694998
MAN1B1,0.30932142
MAN1C1,0.184107589
MAN2A1,-0.01398531
MAN2A2,0.378681872
MAN2B1,-0.295293398
MAN2B2,-0.023530951
MAN2C1,-0.120829696
MANBA,0.655679118
MANBAL,-0.420862043
MANEA,-0.139596152
MANEAL,0.409169854
MANF,-0.21997571
MANSC1,0.127001365
MANSC4,-0.28434878
MAOA,0.210316979
MAOB,0.358855054
MAP10,0.228233787
MAP11,-0.153342936
MAP1A,-0.119496167
MAP1B,-0.237175395
MAP1LC3A,-0.446866692
MAP1LC3B,0.090058077
MAP1LC3B2,-0.186236564
MAP1LC3C,0.041024382
MAP1S,-0.328826163
MAP2,-0.278192547
MAP2K1,0.378900172
MAP2K2,-0.339330637
MAP2K3,-0.540413896
MAP2K4,0.261737454
MAP2K5,-0.266091825
MAP2K6,-0.686434664
MAP2K7,-1.003294266
MAP3K1,-0.608863746
MAP3K10,-0.284773948
MAP3K11,0.357135668
MAP3K12,0.423318652
MAP3K13,-0.238353252
MAP3K14,-0.723405056
MAP3K15,-0.153910791
MAP3K19,0.382258703
MAP3K2,0.013542469
MAP3K20,-0.257187873
MAP3K21,-0.075964378
MAP3K3,-0.147192227
MAP3K4,-0.283409305
MAP3K5,-0.278549043
MAP3K6,0.027315793
MAP3K7,-1.113632601
MAP3K7CL,0.27156099
MAP3K8,0.379649867
MAP3K9,0.186333697
MAP4,0.157972047
MAP4K1,-0.069495829
MAP4K2,-0.372816491
MAP4K3,-0.012046866
MAP4K4,1.416008162
MAP4K5,-0.082182675
MAP6,-0.073709391
MAP6D1,0.231719564
MAP7,-0.030193815
MAP7D1,0.172174019
MAP7D2,-0.238460034
MAP7D3,-0.479567032
MAP9,0.712767489
MAPK1,-1.137652658
MAPK10,0.286910162
MAPK11,0.038440121
MAPK12,-0.452495988
MAPK13,0.211903875
MAPK14,-0.476268869
MAPK15,0.037008567
MAPK1IP1L,0.007234221
MAPK3,0.298745591
MAPK4,-0.114630189
MAPK6,0.601326734
MAPK7,0.530946123
MAPK8,0.027781828
MAPK8IP1,-0.157033003
MAPK8IP2,0.225965428
MAPK8IP3,0.126559597
MAPK9,-0.307898144
MAPKAP1,0.730776729
MAPKAPK2,0.566059018
MAPKAPK3,-0.150273731
MAPKAPK5,0.512192354
MAPKBP1,-0.17088678
MAPRE1,0.748644362
MAPRE2,0.401858661
MAPRE3,0.038423591
MAPT,0.087757808
MARCH1,-0.11925894
MARCH2,0.363041037
MARCHF1,0.064659928
MARCHF10,-0.12862135
MARCHF11,0.549374054
MARCHF2,-0.005780548
MARCHF3,-0.278869797
MARCHF4,0.32021171
MARCHF5,-0.922515002
MARCHF6,-0.454264854
MARCHF7,0.078231476
MARCHF8,-0.090565156
MARCHF9,0.040491668
MARCKS,-0.38721146
MARCKSL1,0.599255872
MARCO,-0.012128849
MARF1,-0.137227317
MARK1,0.112833652
MARK2,0.135534789
MARK3,0.122986031
MARK4,0.086983646
MARS1,0.535533746
MARS2,0.652834925
MARVELD1,0.374780963
MARVELD2,-0.081257654
MARVELD3,0.145099418
MAS1,-0.212816715
MAS1L,0.338599876
MASP1,-0.328652613
MASP2,0.007799378
MAST1,-0.304262066
MAST2,0.332715343
MAST3,-0.159817293
MAST4,-0.246159274
MASTL,-0.12091382
MAT1A,0.191524628
MAT2A,0.46877456
MAT2B,0.051973067
MATK,-0.302635795
MATN1,0.383032011
MATN2,-0.249073937
MATN3,-0.458191298
MATN4,-0.540454002
MATR3,-0.686493266
MAU2,-1.420752936
MAVS,-0.059577594
MAX,-0.193226898
MAZ,0.360908634
MB,0.27637985
MB21D1,0.171119643
MB21D2,0.145974984
MBD1,0.236887193
MBD2,-0.053675228
MBD3,-0.86983217
MBD3L1,-0.008687023
MBD3L2,-0.119701175
MBD3L2B,-0.119701175
MBD3L3,-0.038104546
MBD3L4,-0.088830495
MBD3L5,-0.088830495
MBD4,-0.076188572
MBD5,-0.007678223
MBD6,0.467048826
MBIP,-0.489446488
MBL2,-0.074831335
MBLAC1,-0.117432542
MBLAC2,-0.16068974
MBNL1,-0.385776044
MBNL2,-0.098589538
MBNL3,-0.467548493
MBOAT1,-0.0667008
MBOAT2,-0.082547644
MBOAT4,-0.361651203
MBOAT7,0.317240757
MBP,0.005892317
MBTD1,-0.704559819
MBTPS1,-0.452786278
MBTPS2,-0.35719377
MC1R,0.313805121
MC2R,-0.13576183
MC3R,-0.045493168
MC4R,-0.151086821
MC5R,-0.055034247
MCAM,0.091610723
MCAT,0.53478621
MCC,0.036347897
MCCC1,-0.12140615
MCCC2,0.056128706
MCCD1,-0.40791019
MCEE,-0.186130976
MCEMP1,0.074730775
MCF2,-0.256969278
MCF2L,0.343801827
MCF2L2,-0.390105149
MCFD2,0.11577021
MCHR1,-0.12685375
MCHR2,-0.061318836
MCIDAS,-0.635736034
MCL1,-2.068785107
MCM10,0.069147103
MCM2,0.224556615
MCM3,0.374444532
MCM3AP,-0.216223116
MCM4,-0.092799001
MCM5,0.064125365
MCM6,0.296283027
MCM7,0.246337697
MCM8,-0.342587081
MCM9,-0.109035678
MCMBP,-0.56782319
MCMDC2,-0.138273122
MCOLN1,-0.530329206
MCOLN2,-0.559273005
MCOLN3,0.214451568
MCPH1,0.059349488
MCRIP1,0.055706166
MCRIP2,-0.204147733
MCRS1,-0.44195024
MCTP1,-0.333508186
MCTP2,0.382910459
MCTS1,0.391861736
MCU,-0.126337118
MCUB,0.31370599
MCUR1,-0.234652526
MDC1,0.643674171
MDFI,0.219132567
MDFIC,-0.076099297
MDGA1,-0.311996345
MDGA2,-0.143948688
MDH1,0.226003415
MDH1B,-0.016823592
MDH2,0.017270394
MDK,0.386877695
MDM1,-0.232109199
MDM2,-0.190656279
MDM4,-0.379284905
MDN1,0.381838557
MDP1,0.314737862
ME1,0.092441674
ME2,-0.463654287
ME3,-0.045794001
MEA1,-0.274614608
MEAF6,0.308989548
MEAK7,-0.126775623
MECOM,0.503593224
MECP2,-0.087371366
MECR,0.315893932
MED1,-0.31407935
MED10,-0.058840892
MED11,-0.332022582
MED12,-0.069506686
MED12L,0.048146244
MED13,-0.62141981
MED13L,-0.281824833
MED14,-0.088163709
MED14OS,-0.289090638
MED15,-0.124474773
MED16,-1.559204583
MED17,-0.426141319
MED18,0.086986248
MED19,-0.345623014
MED21,-0.473481564
MED22,-0.134624583
MED23,-0.762508589
MED24,-1.118383685
MED25,-1.105733986
MED26,0.239033808
MED27,-0.130727816
MED28,0.103672578
MED29,0.001648263
MED30,-0.548257601
MED31,0.324544849
MED4,-0.136863443
MED6,-0.572370113
MED7,-0.772217604
MED8,-0.611007681
MED9,-0.15105047
MEDAG,-0.106734839
MEF2A,-0.268599379
MEF2B,-0.137022816
MEF2C,0.145038833
MEF2D,0.231978138
MEFV,0.634680653
MEGF10,-0.14569217
MEGF11,0.081321835
MEGF6,-0.005687331
MEGF8,0.118328223
MEGF9,0.08722706
MEI1,0.127169554
MEI4,-0.242983701
MEIG1,-0.06285653
MEIKIN,-0.674462472
MEIOB,0.334884669
MEIOC,-0.926160697
MEIS1,-0.047466785
MEIS2,-0.12521137
MEIS3,0.127827987
MELK,0.196287924
MELTF,0.068293398
MEMO1,0.185231836
MEN1,0.124041114
MEOX1,-0.02680588
MEOX2,0.234176301
MEP1A,-0.074870606
MEP1B,-0.272222309
MEPCE,0.962439827
MEPE,0.529887241
MERTK,-0.121479754
MESD,-0.025810933
MESP1,-0.220650712
MESP2,-0.101528287
MEST,0.051575183
MET,0.032006979
METAP1,-0.243609331
METAP1D,0.554533501
METAP2,-0.300431507
METRN,-0.058324247
METRNL,0.179920778
METTL1,-0.041872626
METTL11B,-0.096164394
METTL14,-0.600046107
METTL15,-0.357605348
METTL16,-0.660934579
METTL17,1.16714535
METTL18,0.4089101
METTL21A,-0.008858881
METTL21C,0.010429437
METTL22,0.665387266
METTL23,-0.483898226
METTL24,-0.094757401
METTL25,0.346676074
METTL26,0.158576821
METTL27,0.132751842
METTL2A,-0.481695451
METTL2B,-0.536316569
METTL3,-0.552892168
METTL4,0.323928126
METTL5,0.146611464
METTL6,0.709685021
METTL7A,0.017847844
METTL7B,0.266079122
METTL8,0.653699972
METTL9,0.028424891
MEX3A,0.088190641
MEX3B,-0.549998126
MEX3C,-0.012425456
MEX3D,-0.214626054
MFAP1,1.088074576
MFAP2,-0.509390442
MFAP3,-0.603352091
MFAP3L,0.469689412
MFAP4,0.170246983
MFAP5,0.029252177
MFF,0.250876931
MFGE8,-0.225423774
MFHAS1,-0.070358866
MFN1,-0.203035404
MFN2,0.301772824
MFNG,0.123058039
MFRP,-0.047184256
MFSD1,0.209098398
MFSD10,-0.316446865
MFSD11,0.108818294
MFSD12,0.010583348
MFSD13A,0.02981476
MFSD14A,-0.06718001
MFSD14B,-0.429556064
MFSD2A,0.204514368
MFSD2B,-0.482805038
MFSD3,0.044681238
MFSD4A,0.042545239
MFSD4B,0.201650065
MFSD5,-0.02793781
MFSD6,0.004322775
MFSD6L,-0.27734767
MFSD8,0.572806911
MFSD9,0.352537147
MGA,-0.493078167
MGAM,-0.019312161
MGAM2,-0.235153785
MGARP,0.30044718
MGAT1,0.352833265
MGAT2,0.078558595
MGAT3,-0.831995928
MGAT4A,0.098074585
MGAT4B,-0.455158047
MGAT4C,0.142890972
MGAT4D,0.272855358
MGAT5,0.33499634
MGAT5B,0.128933653
MGEA5,-0.39517454
MGLL,0.227552013
MGME1,0.466783364
MGMT,-0.339707632
MGP,-0.157376511
MGRN1,1.250334715
MGST1,0.358385635
MGST2,0.597684229
MGST3,0.151548397
MIA,0.335399921
MIA-RAB4B,0.171029227
MIA2,0.184829372
MIA3,0.249065722
MIB1,0.046633382
MIB2,-0.262529892
MICA,0.530048785
MICAL1,0.006384236
MICAL2,-0.034358938
MICAL3,-0.211649946
MICALCL,-0.048990981
MICALL1,-0.182577857
MICALL2,0.262602369
MICB,-0.393395556
MICOS10,-0.053187244
MICOS10-NBL1,0.111286258
MICOS13,0.351569402
MICU1,-0.040518208
MICU2,-0.202412098
MICU3,-0.206316206
MID1,-0.093501304
MID1IP1,0.345355718
MID2,0.073380661
MIDN,-0.267671074
MIEF1,-0.211998375
MIEF2,0.309918683
MIEN1,-0.198016865
MIER1,0.256077716
MIER2,-0.474153771
MIER3,-0.08697502
MIF,-0.149282106
MIF-AS1,-0.149282106
MIF4GD,0.344052218
MIGA1,-0.315381557
MIGA2,0.021617177
MIIP,0.365503345
MILR1,-0.422290797
MINAR1,0.121455364
MINAR2,-0.387559526
MINDY1,-0.222781448
MINDY2,0.352357764
MINDY3,-0.146582938
MINDY4,0.295965472
MINK1,-0.508100653
MINPP1,-0.238989866
MIOS,0.148374754
MIOX,0.183886698
MIP,0.275913585
MIPEP,0.963534588
MIPOL1,-0.283058328
MIR1-1HG,0.056984413
MIR1915HG,-0.373240611
MIR205HG,-0.32707243
MIS12,0.302355987
MIS18A,0.612763397
MIS18BP1,-0.381693386
MISP,-0.199796717
MISP3,-0.277344055
MITD1,0.349471095
MITF,-0.401477322
MIXL1,-0.017127552
MKI67,0.081402983
MKKS,-0.01828233
MKL2,0.021902961
MKLN1,-0.866126957
MKNK1,-0.201883686
MKNK2,-0.429119818
MKRN1,-0.210702932
MKRN2,-0.13303223
MKRN2OS,-0.135551813
MKRN3,-0.209852534
MKS1,-0.420794174
MKX,0.487773831
MLANA,-0.240799198
MLC1,-0.134722875
MLEC,0.321066025
MLF1,0.08056502
MLF2,0.199516543
MLH1,-0.069371852
MLH3,0.256253884
MLIP,-0.537829628
MLKL,0.328308383
MLLT1,0.166964991
MLLT10,0.010160313
MLLT11,-0.186952693
MLLT3,0.211484714
MLLT6,0.376879315
MLN,-0.583013078
MLNR,-0.422740554
MLPH,0.164095686
MLST8,1.316720988
MLX,-0.093156513
MLXIP,-0.666917882
MLXIPL,0.006979573
MLYCD,0.235065482
MMAA,0.004088322
MMAB,0.011412221
MMACHC,0.544942631
MMADHC,0.658969433
MMD,-0.348080266
MMD2,-0.087117442
MME,-0.401642779
MMEL1,-0.564071269
MMGT1,-1.15575625
MMP1,0.313049851
MMP10,0.113055229
MMP11,-0.171553703
MMP12,0.516530118
MMP13,0.031654348
MMP14,-0.291002832
MMP15,-0.37045151
MMP16,0.142219814
MMP17,-0.046648531
MMP19,0.001392421
MMP2,-0.258243551
MMP20,0.202153255
MMP21,-0.17636025
MMP23A,-0.123206128
MMP23B,-0.070027213
MMP24,-0.143573798
MMP24-AS1-EDEM2,-0.239458671
MMP25,0.658022809
MMP26,0.24749225
MMP27,0.067170263
MMP28,-0.399753017
MMP3,-0.241415768
MMP7,-0.203833655
MMP8,-0.18300706
MMP9,-0.082930918
MMRN1,0.443104059
MMRN2,-0.399371008
MMS19,1.201789707
MMS22L,-0.157381173
MMUT,0.011008902
MN1,-0.225127204
MNAT1,-0.045423386
MND1,0.330630046
MNDA,0.289283576
MNS1,-0.146247149
MNT,-0.147954939
MNX1,-0.019756262
MOAP1,-0.418511132
MOB1A,-0.407985239
MOB1B,0.30356653
MOB2,-0.114515545
MOB3A,-0.025528661
MOB3B,-0.268004281
MOB3C,0.024580585
MOB4,-0.119724521
MOBP,0.219616929
MOCOS,0.171456475
MOCS1,0.348096732
MOCS2,-0.066441374
MOCS3,1.701712134
MOG,-0.425963594
MOGAT1,0.262576647
MOGAT2,0.190409656
MOGAT3,-0.191480909
MOGS,-0.816954369
MOK,-0.485245883
MON1A,-0.327584837
MON1B,-0.06373075
MON2,0.025285495
MORC1,-0.195148121
MORC2,-0.166732241
MORC3,0.019239668
MORC4,0.273142763
MORF4L1,-0.035788426
MORF4L2,1.172197157
MORN1,-0.073111514
MORN2,-0.411691048
MORN3,0.153775565
MORN4,-0.345581676
MORN5,-0.22138539
MOS,0.238338111
MOSMO,0.520449538
MOSPD1,0.018304582
MOSPD2,-0.995520585
MOSPD3,-0.541732123
MOV10,0.426374395
MOV10L1,-0.105705718
MOXD1,-0.382441698
MPC1,-0.198792072
MPC1L,-0.524264487
MPC2,-0.116980624
MPDU1,0.507896089
MPDZ,0.157860539
MPEG1,-0.016831466
MPG,0.347449195
MPHOSPH10,0.247835405
MPHOSPH6,0.355737457
MPHOSPH8,0.070447908
MPHOSPH9,-0.629339787
MPI,-0.223340708
MPIG6B,0.37497119
MPL,0.236328697
MPLKIP,0.92474766
MPND,-0.713816629
MPO,-0.334673965
MPP1,-0.072689574
MPP2,-0.203432149
MPP3,0.029499824
MPP4,0.065071103
MPP5,-0.005252337
MPP6,0.377356801
MPP7,-0.05672685
MPPE1,-0.174942769
MPPED1,-0.376150699
MPPED2,0.078267145
MPRIP,0.046476531
MPST,-0.215281657
MPV17,0.458204152
MPV17L,-0.032316153
MPV17L2,0.279037767
MPZ,0.146104794
MPZL1,0.577008365
MPZL2,0.385457476
MPZL3,-0.362641853
MR1,0.276861655
MRAP,0.229320851
MRAP-AS1,0.448677803
MRAP2,0.132056838
MRAS,-0.230486713
MRC1,0.04592248
MRC2,0.111118065
MRE11,0.22691278
MREG,-0.191113962
MRFAP1,0.026106144
MRFAP1L1,0.202016724
MRGBP,-0.984966791
MRGPRD,0.351243938
MRGPRE,0.057293647
MRGPRF,-0.256506429
MRGPRG,0.050707681
MRGPRX1,-0.051052975
MRGPRX2,-0.117709695
MRGPRX3,0.049857951
MRGPRX4,-0.11946661
MRI1,-0.278768126
MRLN,-0.648655561
MRM1,-0.265643139
MRM2,0.925258009
MRM3,0.740444158
MRNIP,-0.438395735
MRO,-0.837847713
MROH1,-0.300542112
MROH2A,0.068023407
MROH2B,-0.268067305
MROH5,-0.043139416
MROH6,0.047415757
MROH7,0.097323769
MROH7-TTC4,0.032307941
MROH8,-0.099374775
MROH9,-0.146590352
MRPL1,0.084257405
MRPL10,0.492516608
MRPL11,0.424002601
MRPL12,0.12694904
MRPL13,0.737090431
MRPL14,0.371745991
MRPL15,0.714933085
MRPL16,0.104733537
MRPL17,0.785639841
MRPL18,0.057002105
MRPL19,0.514200878
MRPL2,0.445985521
MRPL20,0.912182787
MRPL21,0.757800151
MRPL22,0.36564339
MRPL23,0.461498078
MRPL24,0.735977294
MRPL27,1.007656222
MRPL28,0.829845054
MRPL3,0.741965206
MRPL30,0.915176837
MRPL32,1.389980268
MRPL33,-0.168041559
MRPL34,0.569277101
MRPL35,0.844232097
MRPL36,0.818564792
MRPL37,1.140121939
MRPL38,0.656477232
MRPL39,0.776304283
MRPL4,0.193704629
MRPL40,0.956229254
MRPL41,0.482722793
MRPL42,0.478481792
MRPL43,0.479812439
MRPL44,0.729882734
MRPL45,0.362457642
MRPL46,0.803196988
MRPL47,0.456957499
MRPL48,0.742367852
MRPL49,0.568299175
MRPL50,0.440926985
MRPL51,1.046760804
MRPL52,0.605707222
MRPL53,0.847676029
MRPL54,0.399020401
MRPL55,0.384525416
MRPL57,0.799616659
MRPL58,0.799151004
MRPL9,0.532777501
MRPS10,0.430082872
MRPS11,0.486298445
MRPS12,1.224332978
MRPS14,0.870887738
MRPS15,1.626040677
MRPS16,0.92623167
MRPS17,1.066914346
MRPS18A,0.488475829
MRPS18B,0.658733312
MRPS18C,0.63288077
MRPS2,0.73657881
MRPS21,1.142572124
MRPS22,0.75858934
MRPS23,0.426847857
MRPS24,0.723151359
MRPS25,1.111120848
MRPS26,0.406044581
MRPS27,0.517714148
MRPS28,0.909419727
MRPS30,0.107905488
MRPS31,0.312824561
MRPS33,0.276482898
MRPS34,1.208743451
MRPS35,0.386916013
MRPS36,-0.393128303
MRPS5,0.669791319
MRPS6,1.09737359
MRPS7,0.589559731
MRPS9,1.076341539
MRRF,0.218652258
MRS2,-0.12796971
MRTFA,-0.29807583
MRTO4,0.04651623
MRVI1,0.389376851
MS4A1,-0.511975881
MS4A10,0.024576104
MS4A12,-0.162032792
MS4A13,0.02409405
MS4A14,0.026717418
MS4A15,0.457335795
MS4A2,0.070951611
MS4A3,0.077510395
MS4A4A,-0.664600224
MS4A5,-0.044459332
MS4A6A,0.241711034
MS4A6E,0.039824294
MS4A7,0.264710065
MS4A8,0.733513704
MSANTD1,0.146882743
MSANTD2,0.167264294
MSANTD3,-0.073639998
MSANTD3-TMEFF1,-0.064139882
MSANTD4,-0.023489586
MSC,-0.426777627
MSGN1,0.024367298
MSH2,-0.069805961
MSH3,-0.416634761
MSH4,0.225666093
MSH5,0.098103197
MSH5-SAPCD1,0.166057232
MSH6,-0.384757112
MSI1,0.40002095
MSI2,0.321601154
MSL1,-0.370499865
MSL2,-0.568802179
MSL3,0.193200108
MSLN,5.420598084
MSMB,-0.074703838
MSMO1,0.145883013
MSMP,0.026722289
MSN,0.225736645
MSR1,-0.304459219
MSRA,-0.604882716
MSRB1,0.31069505
MSRB2,-0.170815093
MSRB3,-0.188972272
MSS51,0.261606498
MST1,0.274472511
MST1L,-0.131792445
MST1R,0.318252908
MSTN,0.381478498
MSTO1,0.110380593
MSTO2P,0.241575848
MSX1,-0.147030422
MSX2,0.061984852
MT1A,0.412478299
MT1B,0.374573893
MT1E,0.138722313
MT1F,-0.651203966
MT1G,0.132683321
MT1H,-0.456335873
MT1HL1,-0.129361186
MT1JP,-0.17498167
MT1M,0.175926314
MT1X,0.355157054
MT1XP1,0.129508481
MT2A,0.093100082
MT3,-0.141136081
MT4,-0.396184377
MTA1,-0.06171094
MTA2,-1.199140176
MTA3,-0.3095616
MTAP,0.020676886
MTBP,0.147589223
MTCH1,0.123179159
MTCH2,0.343680707
MTCL1,-0.241933553
MTCP1,-0.268639613
MTDH,-0.485646887
MTERF1,0.20748421
MTERF2,0.049179115
MTERF3,0.666965876
MTERF4,0.959229653
MTF1,0.530398679
MTF2,0.216398051
MTFMT,0.583584009
MTFP1,0.522364239
MTFR1,0.542406343
MTFR1L,-0.09966862
MTFR2,-0.08157366
MTG1,0.498975695
MTG2,0.541695457
MTHFD1,0.486471631
MTHFD1L,-0.372778973
MTHFD2,-0.356666959
MTHFD2L,0.799544557
MTHFR,-0.06663675
MTHFS,-0.78785108
MTHFSD,0.079880149
MTIF2,0.627112769
MTIF3,0.162670872
MTM1,0.259660411
MTMR1,0.315385263
MTMR10,-0.350803203
MTMR11,0.496732116
MTMR12,-0.459233353
MTMR14,-0.155029352
MTMR2,0.139020869
MTMR3,-0.419931158
MTMR4,-0.184745144
MTMR6,-0.906407541
MTMR7,-0.136718827
MTMR8,0.505437787
MTMR9,-0.812930741
MTNR1A,-0.303012901
MTNR1B,0.273971569
MTO1,0.902411491
MTOR,0.73699874
MTPAP,0.259771995
MTPN,-0.409341809
MTR,0.392161718
MTRES1,0.753369392
MTREX,-0.015883238
MTRF1,0.34172411
MTRF1L,0.956701907
MTRNR2L1,-0.580931816
MTRNR2L10,-0.320127333
MTRNR2L2,-0.990138998
MTRNR2L3,-0.040657123
MTRNR2L4,0.507166674
MTRNR2L5,-0.440527978
MTRNR2L6,0.272794573
MTRNR2L7,-0.15521101
MTRNR2L8,-0.203904692
MTRNR2L9,-0.155779258
MTRR,0.626981613
MTSS1,-0.029913144
MTSS2,0.157600459
MTTP,0.560777099
MTURN,0.077955035
MTUS1,-0.38449013
MTUS2,0.291489066
MTX1,0.88078485
MTX2,0.330959483
MTX3,-0.002302843
MUC1,0.501046941
MUC12,-0.671953117
MUC13,-0.242777789
MUC15,0.057306084
MUC16,-0.104619929
MUC17,-0.079026573
MUC20,0.046824417
MUC20P1,0.046824417
MUC21,0.054120287
MUC22,0.436392577
MUC3A,0.096418945
MUC4,-0.368493744
MUC5AC,-0.040578491
MUC5B,-0.152940386
MUC6,-0.315896353
MUC7,0.462091869
MUCL1,-0.064104925
MUCL3,-0.231464724
MUL1,-0.262947843
MUS81,-0.451749868
MUSK,-0.006425519
MUSTN1,0.046418445
MUTYH,-0.229603203
MVB12A,0.254921444
MVB12B,0.123233377
MVD,0.003989793
MVK,0.01239909
MVP,0.603895089
MX1,0.231994699
MX2,0.518438924
MXD1,-0.404553855
MXD3,-0.401137328
MXD4,-0.706150808
MXI1,-0.11953383
MXRA5,-0.277843249
MXRA7,0.649226914
MXRA8,0.142020896
MYADM,0.10248579
MYADML2,0.146307873
MYB,-0.181033647
MYBBP1A,0.595059143
MYBL1,0.394366406
MYBL2,-0.883826828
MYBPC1,-0.010611695
MYBPC2,-0.351812997
MYBPC3,-0.435061396
MYBPH,0.192540201
MYBPHL,0.027689417
MYC,2.099062325
MYCBP,0.700384345
MYCBP2,0.082079432
MYCBPAP,0.761983889
MYCL,-0.164491419
MYCN,0.176016601
MYCNOS,0.632446604
MYCT1,0.100156746
MYD88,-0.160304208
MYDGF,-0.077754391
MYEF2,0.069427426
MYEOV,-0.305561415
MYF5,0.104086249
MYF6,-0.10617268
MYH1,-0.690360819
MYH10,-0.137333126
MYH11,0.037150682
MYH13,0.450407451
MYH14,-0.132574615
MYH15,0.050638394
MYH2,-0.167310681
MYH3,-0.104234681
MYH4,0.08324665
MYH6,-0.581959222
MYH7,-0.755686266
MYH7B,0.04489034
MYH8,-0.611844337
MYH9,0.923275255
MYL1,0.076169592
MYL10,-0.122416882
MYL12A,-0.610159621
MYL12B,0.120542442
MYL12BP1,0.423381984
MYL2,0.059884511
MYL3,-0.024430907
MYL4,-0.287785156
MYL5,0.638397454
MYL6,-0.309898919
MYL6B,0.468203565
MYL7,0.446263185
MYL9,-0.080511345
MYLIP,-0.419889303
MYLK,-0.540227051
MYLK2,-0.100580162
MYLK3,0.310302843
MYLK4,-0.158948903
MYLPF,0.466211578
MYMK,0.208186099
MYNN,-0.206671574
MYO10,-0.079802556
MYO15A,-0.617843641
MYO16,-0.009315044
MYO18A,0.036113129
MYO18B,-0.153063107
MYO19,-0.023965499
MYO1A,0.474885436
MYO1B,0.085000647
MYO1C,-0.551410784
MYO1D,0.067023232
MYO1E,-0.192452223
MYO1F,0.094758041
MYO1G,0.270202244
MYO1H,-0.849634769
MYO3A,-0.016022071
MYO3B,0.032772504
MYO5A,-0.816387374
MYO5B,-0.105848009
MYO5C,-0.12951258
MYO6,-0.016295816
MYO7A,0.18661388
MYO7B,0.471615861
MYO9A,0.112043474
MYO9B,0.473508908
MYOC,0.325054775
MYOCD,-0.154837375
MYOD1,0.157109754
MYOF,-0.317620036
MYOG,-0.202293199
MYOM1,-0.088338983
MYOM2,-0.310925237
MYOM3,0.020599137
MYORG,-0.318597619
MYOT,-0.498181904
MYOZ1,0.177965984
MYOZ2,0.471279359
MYOZ3,0.203244399
MYPN,0.031910369
MYPOP,0.038339391
MYRF,0.172831291
MYRIP,0.068986323
MYSM1,-0.440829208
MYT1,0.166522537
MYT1L,0.166306436
MYZAP,0.361621896
MZB1,-0.681302995
MZF1,-0.004584039
MZT1,0.394078891
MZT2A,0.579368896
MZT2B,0.38598927
N4BP1,0.053789435
N4BP2,0.173372212
N4BP2L1,0.2315338
N4BP2L2,-0.064554175
N4BP3,-0.386361871
N6AMT1,-0.457072769
NAA10,-0.116079242
NAA11,0.217466212
NAA15,0.070467008
NAA16,0.00389213
NAA20,0.512915895
NAA25,0.106939267
NAA30,0.405419831
NAA35,0.072007003
NAA38,0.711406824
NAA40,-0.096712816
NAA50,0.576506646
NAA60,0.298124626
NAA80,-1.122274153
NAAA,-0.083278794
NAALAD2,-0.112737192
NAALADL1,-0.276210466
NAALADL2,-0.767651671
NAB1,0.534497641
NAB2,0.206301433
NABP1,0.134216722
NABP2,-0.579015107
NACA,-0.154772864
NACA2,0.622608558
NACAD,0.954609324
NACC1,-0.125943836
NACC2,0.298882341
NADK,0.598257332
NADK2,-0.638389315
NADSYN1,0.264141645
NAE1,-0.5306396
NAF1,0.204823646
NAGA,-0.170703051
NAGK,-0.094464656
NAGLU,-0.0454925
NAGPA,0.474742839
NAGS,-0.442114832
NAIF1,0.516986548
NAIP,-0.030041979
NAIPP4,0.341605384
NALCN,-0.323215028
NAMPT,-0.316153578
NANOG,-0.402175848
NANOGNB,-0.049463992
NANOGP8,-0.461659216
NANOS1,0.08203688
NANOS2,-0.541354329
NANOS3,-0.237152979
NANP,-0.658275541
NANS,0.993930964
NAP1L1,-0.117297773
NAP1L2,0.384103672
NAP1L3,-0.505334847
NAP1L4,0.363065311
NAP1L5,0.451092595
NAPA,-0.153728237
NAPB,-0.438864695
NAPEPLD,-0.139665301
NAPG,0.225627971
NAPRT,-0.171961418
NAPSA,-0.159368385
NARF,0.068266317
NARS,0.457653754
NARS2,0.744015605
NASP,0.060477853
NAT1,-0.070001008
NAT10,1.450497498
NAT14,-0.552061938
NAT16,-0.176558325
NAT2,-0.324292203
NAT8,-0.113886632
NAT8B,-0.450453175
NAT8L,0.342328064
NATD1,0.212979171
NAV1,-0.646788605
NAV2,0.0780891
NAV3,0.144192838
NAXD,-0.125885884
NAXE,-0.0337171
NBAS,0.653146773
NBEA,0.532895352
NBEAL1,-0.170014178
NBEAL2,-0.476331634
NBL1,0.111286258
NBN,0.04046515
NBPF1,-0.240499248
NBPF10,0.240964766
NBPF11,0.112686185
NBPF12,0.120622513
NBPF14,0.280880284
NBPF15,0.079134848
NBPF19,0.033593163
NBPF20,0.5286235
NBPF22P,-0.38714181
NBPF25P,-0.052348683
NBPF26,0.285037055
NBPF3,0.361349627
NBPF4,-0.124296778
NBPF5P,0.011082182
NBPF6,-0.124296778
NBPF7,-0.464218121
NBPF8,0.083159167
NBPF9,-0.003372382
NBR1,0.083953988
NBR2,-0.296259578
NCALD,0.250090858
NCAM1,-0.379821549
NCAM2,0.234875158
NCAN,-0.200743724
NCAPD2,-0.113364947
NCAPD3,-0.799498156
NCAPG,0.669541839
NCAPG2,-0.341920806
NCAPH,-0.499625681
NCAPH2,0.382859717
NCBP1,-0.044706539
NCBP2,-0.142858114
NCBP3,-0.134716969
NCCRP1,-0.211724398
NCDN,0.079517475
NCEH1,-0.485519717
NCF1,-0.242194685
NCF2,-0.150465467
NCF4,-0.130212095
NCK1,0.425828683
NCK2,0.113409994
NCKAP1,-0.291243159
NCKAP1L,0.186609409
NCKAP5,0.346626568
NCKAP5L,0.097561025
NCKIPSD,-0.25356536
NCL,0.441209779
NCLN,-0.657103013
NCMAP,-0.12550185
NCOA1,-0.076562085
NCOA2,0.085074867
NCOA3,0.557871502
NCOA4,0.044490629
NCOA5,-0.500845121
NCOA6,-0.410977426
NCOA7,-0.378596254
NCOR1,-0.527013458
NCOR2,-1.12899926
NCR1,-0.058109085
NCR2,0.014757288
NCR3,0.26000958
NCR3LG1,-0.183685533
NCS1,-0.432333855
NCSTN,-0.406869565
NDC1,-0.563402442
NDC80,0.005527003
NDE1,-0.10697311
NDEL1,-0.30471885
NDFIP1,-0.4484584
NDFIP2,-0.40078856
NDN,-0.213365637
NDNF,0.817917469
NDOR1,-0.368395065
NDP,-0.083506946
NDP-AS1,-0.238512522
NDRG1,-0.247466722
NDRG2,-0.201571193
NDRG3,0.020215473
NDRG4,-0.220973599
NDST1,-0.050873379
NDST2,0.196756876
NDST3,0.563894344
NDST4,0.622557779
NDUFA1,1.07144056
NDUFA10,0.733548529
NDUFA11,0.327583725
NDUFA12,0.146307881
NDUFA13,0.526908723
NDUFA2,0.491422347
NDUFA3,0.018006364
NDUFA4,0.404976992
NDUFA4L2,0.38680255
NDUFA5,0.188082941
NDUFA6,0.506942387
NDUFA7,-0.142100795
NDUFA8,0.306407485
NDUFA9,0.296876397
NDUFAB1,0.169758214
NDUFAF1,1.055058151
NDUFAF2,-0.205993293
NDUFAF3,-0.093560284
NDUFAF4,0.59721571
NDUFAF5,0.379974022
NDUFAF6,0.704666699
NDUFAF7,0.011442319
NDUFAF8,0.516712998
NDUFB10,0.894447336
NDUFB11,0.017035681
NDUFB2,0.426216097
NDUFB3,0.674873597
NDUFB4,0.105657122
NDUFB5,0.592681146
NDUFB6,0.39349977
NDUFB7,0.435038147
NDUFB8,0.111731147
NDUFB9,0.910340483
NDUFC1,0.664975621
NDUFC2,0.300937732
NDUFC2-KCTD14,0.300937732
NDUFS1,0.231106064
NDUFS2,1.044437013
NDUFS3,0.366941652
NDUFS4,-0.159132902
NDUFS5,0.975269617
NDUFS6,0.957581503
NDUFS7,0.263441964
NDUFS8,1.019442788
NDUFV1,0.773484026
NDUFV2,0.238287151
NDUFV3,0.586684751
NEB,0.242853314
NEBL,-0.507587096
NECAB1,-0.321378972
NECAB2,-0.060747461
NECAB3,-0.213874589
NECAP1,-0.064063162
NECAP2,-0.162473994
NECTIN1,-0.388249613
NECTIN2,0.171638975
NECTIN3,0.20150215
NECTIN4,0.46027315
NEDD1,0.520570647
NEDD4,-0.076260055
NEDD4L,-0.067665342
NEDD8,-0.181260716
NEDD8-MDP1,0.108071788
NEDD9,-0.480296587
NEFH,0.209842029
NEFL,-0.779468155
NEFM,-0.215873105
NEGR1,-0.487265098
NEIL1,0.561597799
NEIL2,-0.721385074
NEIL3,0.325505326
NEK1,0.577022238
NEK10,-0.024667235
NEK11,0.129517548
NEK2,-0.022098528
NEK3,-0.126082682
NEK4,-0.067058242
NEK5,0.006347481
NEK6,0.579754174
NEK7,-0.0670487
NEK8,0.287422867
NEK9,-0.064617855
NELFA,-0.664145229
NELFB,-0.982875011
NELFCD,-1.596721982
NELFE,0.009167081
NELL1,0.599282076
NELL2,-0.361946554
NEMF,-0.356545295
NEMP1,-0.00553223
NEMP2,0.084303279
NENF,-0.248907291
NEO1,0.214489054
NEPRO,0.750525528
NES,0.198472284
NET1,-0.05900138
NETO1,-0.025251605
NETO2,0.068668826
NEU1,-0.501476241
NEU2,0.166630081
NEU3,-0.032430065
NEU4,-0.159265622
NEURL1,0.104293528
NEURL1B,-0.146924306
NEURL2,-0.010086664
NEURL3,0.127207375
NEURL4,-0.56493821
NEUROD1,0.350069157
NEUROD2,0.099514039
NEUROD4,0.223663203
NEUROD6,0.127008244
NEUROG1,-0.142957988
NEUROG2,0.851700592
NEUROG3,-0.025634811
NEXMIF,-0.006153699
NEXN,-0.063975279
NF1,0.177922986
NF2,0.501188107
NFAM1,-0.036303329
NFASC,0.028773363
NFAT5,0.368475235
NFATC1,0.168322482
NFATC2,-0.126261286
NFATC2IP,0.141410208
NFATC3,-0.060579581
NFATC4,-0.204688001
NFE2,0.231260905
NFE2L1,-0.424525368
NFE2L2,0.154746931
NFE2L3,0.390924794
NFE4,-0.231237011
NFIA,-0.615600396
NFIB,-0.078810054
NFIC,-1.083287564
NFIL3,0.365505511
NFIX,-0.538717444
NFKB1,-0.544628622
NFKB2,-0.996675284
NFKBIA,2.545538786
NFKBIB,0.3222649
NFKBID,-0.157530915
NFKBIE,0.597048822
NFKBIL1,-0.127123573
NFKBIZ,-0.062446251
NFRKB,0.591185828
NFS1,1.066315127
NFU1,0.28107074
NFX1,-0.693555308
NFXL1,-0.160362118
NFYA,0.645733785
NFYB,-0.362428389
NFYC,0.719742226
NGB,0.106505517
NGDN,0.749578056
NGEF,-0.31037167
NGF,0.27381785
NGFR,-0.553215377
NGLY1,-0.236782823
NGRN,0.242817007
NHEJ1,0.619926005
NHLH1,0.09223376
NHLH2,0.057992067
NHLRC1,-0.293150298
NHLRC2,-1.157679553
NHLRC3,0.128625709
NHLRC4,0.56157628
NHP2,0.465671106
NHS,-0.042750707
NHSL1,-0.306781757
NHSL2,-0.508225149
NIBAN1,-0.551118498
NIBAN2,-0.006880082
NIBAN3,0.137665009
NICN1,-0.27908677
NID1,0.144644811
NID2,-0.218084115
NIF3L1,0.247023312
NIFK,0.522086607
NIM1K,-0.559784737
NIN,0.20883772
NINJ1,-0.086407787
NINJ2,-0.156884464
NINL,-0.123059995
NIP7,0.803265251
NIPA1,-0.448546363
NIPA2,0.142256353
NIPAL1,0.501550041
NIPAL2,-0.029534864
NIPAL3,-0.076415299
NIPAL4,-0.301310367
NIPBL,-0.481326469
NIPSNAP1,-0.099063677
NIPSNAP2,-0.038994029
NIPSNAP3A,-0.253432572
NIPSNAP3B,-0.162600928
NISCH,-0.332653425
NIT1,0.013877066
NIT2,0.02729633
NKAIN1,0.250832338
NKAIN2,0.061585571
NKAIN3,0.213175152
NKAIN4,0.151896617
NKAP,0.021086425
NKAPD1,-0.373923763
NKAPL,0.11648291
NKD1,-0.554080124
NKD2,-0.562870109
NKG7,-0.070897485
NKIRAS1,-0.482503018
NKIRAS2,-0.085027231
NKPD1,0.616400662
NKRF,-0.401738065
NKTR,-0.010703868
NKX1-1,0.331364503
NKX1-2,0.286517387
NKX2-1,0.216845782
NKX2-2,0.098551533
NKX2-3,0.324734777
NKX2-4,-0.498885739
NKX2-5,0.166453574
NKX2-6,-0.114177632
NKX2-8,-0.16696468
NKX3-1,-0.193279364
NKX3-2,-0.398591538
NKX6-1,0.44621956
NKX6-2,0.394400598
NKX6-3,-0.935435005
NLE1,0.100261301
NLGN1,-0.395503607
NLGN2,-0.100029173
NLGN3,-0.523579288
NLGN4X,-0.037640896
NLGN4Y,-0.033570822
NLK,0.313480633
NLN,0.167199111
NLRC3,0.58789942
NLRC4,-0.399514566
NLRC5,-0.204439297
NLRP1,-0.405722974
NLRP10,-0.11340992
NLRP11,-0.007244744
NLRP12,-0.088504041
NLRP13,-0.33495776
NLRP14,-0.219886131
NLRP2,-0.142170826
NLRP3,0.175433964
NLRP4,-0.420453906
NLRP5,0.027525021
NLRP6,-0.200148291
NLRP7,0.061826232
NLRP8,0.016791527
NLRP9,-0.244491586
NLRX1,-0.063287233
NMB,-0.533427031
NMBR,0.238160737
NMD3,-0.071897614
NME1,-0.144126323
NME1-NME2,-0.2895025
NME2,-0.580254855
NME3,0.225726925
NME4,0.154735541
NME5,-0.448178316
NME6,0.856871708
NME7,0.084461032
NME8,0.598788617
NME9,-0.038315975
NMI,0.010886187
NMNAT1,-0.347349246
NMNAT2,0.507988184
NMNAT3,-0.188178649
NMRK1,0.072075489
NMRK2,-0.474043444
NMS,0.149461234
NMT1,0.383794748
NMT2,-0.280160411
NMU,0.09761976
NMUR1,0.057887076
NMUR2,-0.398426669
NNAT,0.305511386
NNMT,-0.396927149
NNT,-0.361053998
NOA1,0.853480888
NOB1,0.972825204
NOBOX,-0.309601363
NOC2L,0.140525052
NOC3L,0.181627001
NOC4L,1.687769229
NOCT,0.706651922
NOD1,-0.134679085
NOD2,-0.133384265
NODAL,-0.765523722
NOG,-0.207907477
NOL10,1.579965457
NOL11,0.058578686
NOL12,0.27525757
NOL3,0.145073816
NOL4,0.273764318
NOL4L,0.249260599
NOL6,1.574859384
NOL7,0.51026393
NOL8,0.322724077
NOL9,-0.26497972
NOLC1,0.271567839
NOM1,1.201550575
NOMO1,0.010142608
NOMO2,0.149028794
NOMO3,0.103014155
NONO,0.490406979
NOP10,0.548473628
NOP14,0.947744595
NOP16,0.742892102
NOP2,0.422968574
NOP53,-0.465746534
NOP56,0.686433903
NOP58,0.818252111
NOP9,-0.311418033
NOS1,-0.009835603
NOS1AP,0.441103959
NOS2,-0.428621024
NOS3,-0.011694532
NOSIP,-0.664038103
NOSTRIN,0.226378839
NOTCH1,-0.294497088
NOTCH2,-0.358355596
NOTCH2NLA,-0.047992848
NOTCH2NLB,-0.047992848
NOTCH2NLC,-0.047992848
NOTCH2NLR,0.075284386
NOTCH3,-0.464458657
NOTCH4,0.040889812
NOTO,-0.017936062
NOTUM,-0.049830003
NOV,-0.328006496
NOVA1,-0.524957183
NOVA2,-0.081185441
NOX1,-0.090124513
NOX3,-0.258204565
NOX4,0.057966116
NOX5,-0.398742984
NOXA1,-0.007909984
NOXO1,0.57259589
NOXRED1,-0.210483488
NO_SITE_1,0.22475573
NO_SITE_10,-0.067482773
NO_SITE_100,0.187067453
NO_SITE_101,0.264104065
NO_SITE_102,-0.00640289
NO_SITE_103,-0.340619177
NO_SITE_104,0.084725639
NO_SITE_105,0.29370055
NO_SITE_106,-0.277399408
NO_SITE_107,-0.100656079
NO_SITE_108,0.167650801
NO_SITE_109,0.040561947
NO_SITE_11,0.145322257
NO_SITE_110,-0.063884863
NO_SITE_111,0.148830346
NO_SITE_112,-0.136351706
NO_SITE_113,0.141170078
NO_SITE_114,-0.037808201
NO_SITE_115,-0.145051255
NO_SITE_116,-0.00619399
NO_SITE_117,0.043782847
NO_SITE_118,0.06853456
NO_SITE_119,0.286011348
NO_SITE_12,-0.090355251
NO_SITE_120,-0.161018283
NO_SITE_121,-0.015264459
NO_SITE_122,0.110195769
NO_SITE_123,0.185448988
NO_SITE_124,0.228730905
NO_SITE_125,-0.194903471
NO_SITE_126,0.006704406
NO_SITE_127,0.03930214
NO_SITE_128,-0.325985436
NO_SITE_129,-0.15238657
NO_SITE_13,0.266980276
NO_SITE_130,0.074472651
NO_SITE_131,0.087605635
NO_SITE_132,0.03991001
NO_SITE_133,-0.136477224
NO_SITE_134,0.228246174
NO_SITE_135,-0.216538786
NO_SITE_136,0.039406715
NO_SITE_137,0.234490724
NO_SITE_138,0.192603485
NO_SITE_139,-0.191002139
NO_SITE_14,-0.127826218
NO_SITE_140,-0.058446233
NO_SITE_141,0.08262464
NO_SITE_142,0.193435002
NO_SITE_143,0.038967891
NO_SITE_144,-0.102652658
NO_SITE_145,-0.145048846
NO_SITE_146,0.084263541
NO_SITE_147,-0.124560972
NO_SITE_148,0.136240914
NO_SITE_149,0.08921128
NO_SITE_15,-0.280423502
NO_SITE_150,0.012128822
NO_SITE_151,-0.252398949
NO_SITE_152,-0.029429063
NO_SITE_153,0.22875489
NO_SITE_154,0.231016039
NO_SITE_155,0.329383145
NO_SITE_156,0.124935421
NO_SITE_157,-0.156023252
NO_SITE_158,0.102878727
NO_SITE_159,0.237737615
NO_SITE_16,-0.159682631
NO_SITE_160,0.247503865
NO_SITE_161,0.062353635
NO_SITE_162,-0.252105144
NO_SITE_163,0.065386022
NO_SITE_164,0.099035392
NO_SITE_165,-0.008148721
NO_SITE_166,0.313899186
NO_SITE_167,-0.040193622
NO_SITE_168,-0.051545191
NO_SITE_169,0.007317141
NO_SITE_17,-0.180655592
NO_SITE_170,0.073502816
NO_SITE_171,0.084334215
NO_SITE_172,0.155482997
NO_SITE_173,-0.083702637
NO_SITE_174,0.134215601
NO_SITE_175,0.03639246
NO_SITE_176,0.320492988
NO_SITE_177,0.002286565
NO_SITE_178,0.236059426
NO_SITE_179,-0.106151676
NO_SITE_18,0.232307588
NO_SITE_180,0.163521649
NO_SITE_181,0.204539038
NO_SITE_182,-0.065597227
NO_SITE_183,0.078271434
NO_SITE_184,0.093470408
NO_SITE_185,0.221262434
NO_SITE_186,-0.01341766
NO_SITE_187,-0.034416149
NO_SITE_188,0.203195143
NO_SITE_189,-0.166608152
NO_SITE_19,0.072055521
NO_SITE_190,-0.011335238
NO_SITE_191,-0.091108105
NO_SITE_192,0.006429659
NO_SITE_193,0.066948609
NO_SITE_194,0.039435623
NO_SITE_195,-0.045117202
NO_SITE_196,-0.313872089
NO_SITE_197,-0.215882818
NO_SITE_198,-0.008255395
NO_SITE_199,0.02615558
NO_SITE_2,-0.042587836
NO_SITE_20,0.017237945
NO_SITE_200,0.081078928
NO_SITE_201,0.244553656
NO_SITE_202,0.086142723
NO_SITE_203,-0.247771344
NO_SITE_204,0.229540675
NO_SITE_205,-0.10229222
NO_SITE_206,0.129080648
NO_SITE_207,-0.206481434
NO_SITE_208,0.368540945
NO_SITE_209,0.213441617
NO_SITE_21,0.089296002
NO_SITE_210,0.185058779
NO_SITE_211,-0.185091645
NO_SITE_212,0.100104071
NO_SITE_213,0.332535136
NO_SITE_214,0.03729161
NO_SITE_215,-0.154575761
NO_SITE_216,-0.148971649
NO_SITE_217,0.035878652
NO_SITE_218,-0.1364806
NO_SITE_219,0.016629931
NO_SITE_22,-0.120422484
NO_SITE_220,-0.054535873
NO_SITE_221,-0.188569591
NO_SITE_222,0.037230891
NO_SITE_223,0.089502998
NO_SITE_224,0.29378812
NO_SITE_225,0.244773634
NO_SITE_226,-0.208803082
NO_SITE_227,0.344899992
NO_SITE_228,-0.006172037
NO_SITE_229,0.082155489
NO_SITE_23,-0.108743106
NO_SITE_230,-0.172147525
NO_SITE_231,-0.036133011
NO_SITE_232,-0.227262845
NO_SITE_233,-0.33830016
NO_SITE_234,0.019115634
NO_SITE_235,-0.072481687
NO_SITE_24,0.292321411
NO_SITE_25,0.106555352
NO_SITE_26,-0.176530613
NO_SITE_27,-0.098041395
NO_SITE_28,-0.033762964
NO_SITE_29,-0.062828994
NO_SITE_3,-0.235340269
NO_SITE_30,0.016938768
NO_SITE_31,-0.101272645
NO_SITE_32,-0.126293158
NO_SITE_33,0.011378955
NO_SITE_34,-0.134650406
NO_SITE_35,-0.00538408
NO_SITE_36,0.195555344
NO_SITE_37,-0.053126354
NO_SITE_38,0.070955525
NO_SITE_39,-0.097918018
NO_SITE_4,-0.168886333
NO_SITE_40,0.035254115
NO_SITE_41,-0.297667443
NO_SITE_42,0.119907173
NO_SITE_43,0.368730433
NO_SITE_44,0.193737216
NO_SITE_45,-0.005414755
NO_SITE_46,-0.035902918
NO_SITE_47,-0.104803988
NO_SITE_48,-0.038748275
NO_SITE_49,-0.046483574
NO_SITE_5,-0.253603877
NO_SITE_50,-0.138893682
NO_SITE_51,0.015580434
NO_SITE_52,-0.137970039
NO_SITE_53,0.068705551
NO_SITE_54,0.042695818
NO_SITE_55,0.005543138
NO_SITE_56,-0.298738261
NO_SITE_57,0.240844883
NO_SITE_58,-0.109275121
NO_SITE_59,0.120121749
NO_SITE_6,-0.18033965
NO_SITE_60,0.142604965
NO_SITE_61,-0.134610072
NO_SITE_62,-0.132879367
NO_SITE_63,-0.00739902
NO_SITE_64,-0.237407602
NO_SITE_65,-0.196959356
NO_SITE_66,0.039915405
NO_SITE_67,0.103955302
NO_SITE_68,0.175549656
NO_SITE_69,0.051100668
NO_SITE_7,-0.291742258
NO_SITE_70,0.389517233
NO_SITE_71,0.016145944
NO_SITE_72,-0.049376363
NO_SITE_73,-0.207997602
NO_SITE_74,-0.117315497
NO_SITE_75,-0.222851057
NO_SITE_76,-0.092027067
NO_SITE_77,-0.060052495
NO_SITE_78,-0.166869657
NO_SITE_79,0.093634988
NO_SITE_8,-0.004496701
NO_SITE_80,-0.229115979
NO_SITE_81,-0.198859052
NO_SITE_82,-0.126743581
NO_SITE_83,0.210881665
NO_SITE_84,0.051789245
NO_SITE_85,0.061887525
NO_SITE_86,-0.133737043
NO_SITE_87,-0.123892736
NO_SITE_88,-0.009589255
NO_SITE_89,-0.147035026
NO_SITE_9,0.133750893
NO_SITE_90,-0.298901566
NO_SITE_91,-0.156804809
NO_SITE_92,0.193077896
NO_SITE_93,-0.041769228
NO_SITE_94,0.096115905
NO_SITE_95,-0.073317374
NO_SITE_96,0.034519419
NO_SITE_97,-0.206668613
NO_SITE_98,-0.171511966
NO_SITE_99,0.138735077
NPAP1,-0.408325288
NPAP1L,-0.376765507
NPAS1,0.0820981
NPAS2,-0.096052413
NPAS3,-0.128293379
NPAS4,-0.442083045
NPAT,-0.095230809
NPB,-0.040346354
NPBWR1,-0.09877877
NPBWR2,-0.122246573
NPC1,-1.274695909
NPC1L1,0.36550816
NPC2,-0.427335206
NPDC1,0.162093285
NPEPL1,0.136109189
NPEPPS,-0.739880539
NPFF,0.367263244
NPFFR1,-0.307040298
NPFFR2,0.483541728
NPHP1,0.223824364
NPHP3,0.126880302
NPHP3-ACAD11,-0.104703489
NPHP4,-0.31906498
NPHS1,0.13273648
NPHS2,-0.102738648
NPIPA1,0.982108194
NPIPA2,0.938668521
NPIPA3,0.938668521
NPIPA5,0.968590417
NPIPA7,0.875150405
NPIPA8,0.875150405
NPIPA9,0.901194096
NPIPB10P,0.978705487
NPIPB11,1.11383789
NPIPB12,1.162582743
NPIPB13,1.162582743
NPIPB15,0.988816218
NPIPB1P,1.240470179
NPIPB2,0.992369003
NPIPB3,1.036718205
NPIPB4,1.144744588
NPIPB5,1.036718205
NPIPB6,1.124822514
NPIPB7,1.083468075
NPIPB8,1.096358038
NPIPB9,1.096358038
NPIPP1,1.038339687
NPL,0.110240779
NPLOC4,0.199114039
NPM1,0.317444884
NPM1P21,0.580086141
NPM1P37,0.580086141
NPM1P40,0.580086141
NPM2,-0.058054949
NPM3,0.248815506
NPNT,0.883325104
NPPA,0.194041006
NPPB,0.020202184
NPPC,0.424442655
NPR1,0.272081162
NPR2,0.170210585
NPR3,-0.029242221
NPRL2,-0.940858474
NPRL3,-0.110940548
NPS,0.044992095
NPSR1,0.394121012
NPTN,0.169104059
NPTX1,-0.595901543
NPTX2,0.526337674
NPTXR,-0.09040686
NPVF,0.012224613
NPW,0.048084411
NPY,-0.23085803
NPY1R,1.263354877
NPY2R,0.74704366
NPY4R,0.057563406
NPY4R2,-0.190075418
NPY5R,0.651268056
NQO1,0.05658852
NQO2,-0.296828292
NR0B1,-0.038480205
NR0B2,0.19118328
NR1D1,-0.267882451
NR1D2,0.254979463
NR1H2,-0.393591461
NR1H3,-0.031659206
NR1H4,0.443396018
NR1I2,0.299878402
NR1I3,0.35953202
NR2C1,-0.124469588
NR2C2,0.297738452
NR2C2AP,0.992016131
NR2E1,-0.136719497
NR2E3,0.068364463
NR2F1,0.374815804
NR2F2,-0.466433939
NR2F6,-0.10535225
NR3C1,-0.308237066
NR3C2,0.138784104
NR4A1,0.197963764
NR4A2,0.322994176
NR4A3,-0.3877104
NR5A1,-0.199215707
NR5A2,0.140362068
NR6A1,0.112802016
NRAP,0.173111884
NRARP,0.579255282
NRAS,-0.183322584
NRBF2,0.0815889
NRBP1,-0.752291622
NRBP2,-0.670840977
NRCAM,-0.029024508
NRDC,0.23474756
NRDE2,-0.246817945
NREP,-0.048438838
NRF1,-0.487754793
NRG1,0.128851647
NRG2,-0.907896842
NRG3,-0.219605151
NRG4,0.213275413
NRGN,0.136309848
NRIP1,1.027968441
NRIP2,-0.62766143
NRIP3,0.299250062
NRK,0.25065429
NRL,0.106607452
NRM,0.153804937
NRN1,-0.13552791
NRN1L,0.076788527
NRP1,-0.056696217
NRP2,0.000501783
NRROS,-0.335988404
NRSN1,-0.090446929
NRSN2,-0.708477529
NRTN,-0.008643553
NRXN1,-0.848534718
NRXN2,-0.575848435
NRXN3,-0.060723048
NSA2,0.236493002
NSD1,0.483645479
NSD2,-0.111410058
NSD3,-0.580058702
NSDHL,-0.185184635
NSF,0.159651316
NSFL1C,-0.304961396
NSG1,0.375796317
NSG2,0.042506206
NSL1,0.109152943
NSMAF,0.158801431
NSMCE1,0.654866428
NSMCE2,-0.430948542
NSMCE3,0.245195853
NSMCE4A,-0.584538285
NSMF,0.187622395
NSRP1,-0.399523949
NSUN2,-0.049233632
NSUN3,-0.419791291
NSUN4,0.721398257
NSUN5,0.26470524
NSUN6,-0.078529018
NSUN7,-0.185400358
NT5C,-0.1351886
NT5C1A,0.605816436
NT5C1B,0.097827511
NT5C1B-RDH14,0.013959244
NT5C2,-0.038240599
NT5C3A,0.514555663
NT5C3B,-0.253655958
NT5DC1,-0.358546041
NT5DC2,-0.754001085
NT5DC3,-0.364002289
NT5E,0.056911738
NT5M,0.205404892
NTAN1,0.210399161
NTF3,-0.034176801
NTF4,-0.089725522
NTHL1,0.238516953
NTM,0.359114568
NTMT1,-0.208020977
NTN1,0.210423967
NTN3,-0.05094373
NTN4,0.404476393
NTN5,-0.153932263
NTNG1,0.003200327
NTNG2,-0.358136963
NTPCR,-0.207637985
NTRK1,0.233065538
NTRK2,-0.216643893
NTRK3,-0.507023063
NTS,0.121782122
NTSR1,-0.027097244
NTSR2,-0.048235119
NUAK1,0.201820979
NUAK2,-0.293329299
NUB1,0.126989875
NUBP1,0.370349019
NUBP2,-0.238349559
NUBPL,0.803866237
NUCB1,0.190913522
NUCB2,0.174337791
NUCKS1,-0.407862605
NUDC,0.605992542
NUDCD1,-0.415439392
NUDCD2,-1.002745834
NUDCD3,-0.819978271
NUDT1,-0.083175172
NUDT10,-0.113955994
NUDT11,-0.26435334
NUDT12,-0.696453011
NUDT13,-0.053547243
NUDT14,0.417708029
NUDT15,-0.133241876
NUDT16,0.345043366
NUDT16L1,0.879906241
NUDT17,0.313905498
NUDT18,0.114843874
NUDT19,-0.027908337
NUDT2,0.100533765
NUDT21,-0.106074249
NUDT22,-0.458872772
NUDT3,0.099313218
NUDT4,0.21842717
NUDT4B,0.21842717
NUDT4P2,0.21842717
NUDT5,0.149540488
NUDT6,0.57772336
NUDT7,0.139911919
NUDT8,0.065801943
NUDT9,0.054243206
NUF2,0.187111498
NUFIP1,0.345751995
NUFIP2,-1.415793239
NUGGC,0.1193184
NUMA1,-0.209735454
NUMB,0.095840293
NUMBL,0.206544893
NUP107,0.002147127
NUP133,0.040947934
NUP153,0.026341607
NUP155,-0.162328868
NUP160,-0.00735174
NUP188,-0.553589334
NUP205,0.494813858
NUP210,-0.419938149
NUP210L,0.175435467
NUP214,0.538355083
NUP35,-0.412477708
NUP37,-0.565651937
NUP42,-0.396530896
NUP43,-0.55223145
NUP50,-0.803328522
NUP50P2,-0.91871609
NUP54,0.15639867
NUP58,-0.520276497
NUP62,0.157983472
NUP62CL,0.021000093
NUP85,0.017803845
NUP88,0.107119712
NUP93,-0.123810919
NUP98,0.128787517
NUPR1,0.41629222
NUPR2,-0.23410532
NUS1,-0.090554484
NUS1P1,0.091930939
NUSAP1,-0.203803422
NUTF2,0.379731266
NUTM1,-0.888078277
NUTM2A,0.455967173
NUTM2B,-0.144298096
NUTM2D,0.557878099
NUTM2E,-0.144298096
NUTM2F,-0.105207527
NUTM2G,0.001871532
NUTM2HP,0.016175371
NVL,-0.138393513
NWD1,0.330698395
NWD2,-0.324571653
NXF1,-0.180793517
NXF2,-0.049331612
NXF2B,-0.049331612
NXF3,-0.11770847
NXF5,0.053523054
NXN,0.143737346
NXNL1,-0.052683875
NXNL2,-0.222848547
NXPE1,-0.185371079
NXPE2,-0.256425538
NXPE3,-0.449325936
NXPE4,-0.042179047
NXPH1,-0.162626872
NXPH2,-0.322723892
NXPH3,-0.091387272
NXPH4,0.447944145
NXT1,-0.405852902
NXT2,-0.137663077
NYAP1,-0.188156783
NYAP2,0.004109588
NYNRIN,-0.246905909
NYX,-0.300219747
OAF,-0.413633672
OARD1,0.096811059
OAS1,-0.156217054
OAS2,-0.02324783
OAS3,-0.290496677
OASL,-0.228522366
OAT,-0.092147716
OAZ1,0.007879653
OAZ2,0.257247108
OAZ3,-0.007254535
OBI1,0.307793607
OBP2A,0.136038298
OBP2B,0.213216649
OBSCN,-0.188086111
OBSL1,0.016694614
OC90,-0.205962532
OCA2,-0.423875502
OCEL1,0.142532002
OCIAD1,-0.145098507
OCIAD2,-0.094044968
OCLN,-0.138800822
OCM,0.216047058
OCM2,-0.348719925
OCRL,0.387058031
OCSTAMP,0.208428469
ODAM,0.127119092
ODAPH,0.441588477
ODC1,-0.006610285
ODF1,0.04524616
ODF2,0.17914923
ODF2L,-0.074700181
ODF3,0.186403432
ODF3B,0.001136633
ODF3L1,-0.071261463
ODF3L2,-0.309645464
ODF4,0.128860672
OFD1,0.116499644
OGDH,-0.275922121
OGDHL,-0.73622916
OGFOD1,-0.151719794
OGFOD2,-0.241078747
OGFOD3,-0.270927077
OGFR,0.571752215
OGFRL1,-0.164950351
OGG1,-0.492235676
OGN,-0.180337306
OGT,-0.461869045
OIP5,-0.182362871
OIT3,-0.053589989
OLA1,0.631770265
OLAH,-0.222749219
OLFM1,0.054907749
OLFM2,-0.768245947
OLFM3,-0.065578001
OLFM4,-0.087723404
OLFML1,0.268402296
OLFML2A,0.099645945
OLFML2B,0.152355822
OLFML3,-0.257869928
OLIG1,0.611379607
OLIG2,0.302563045
OLIG3,0.033428311
OLR1,0.140440544
OMA1,0.191390776
OMD,0.064274043
OMG,0.026007147
OMP,-0.085810969
ONECUT1,0.036121446
ONECUT2,-0.175419436
ONECUT3,-0.167142113
ONE_INTERGENIC_SITE_1,0.079863734
ONE_INTERGENIC_SITE_10,0.0476892
ONE_INTERGENIC_SITE_2,-0.029275103
ONE_INTERGENIC_SITE_3,-0.215103265
ONE_INTERGENIC_SITE_4,0.253644785
ONE_INTERGENIC_SITE_5,0.134755788
ONE_INTERGENIC_SITE_6,-0.035292084
ONE_INTERGENIC_SITE_7,-0.370919666
ONE_INTERGENIC_SITE_8,-0.082525973
ONE_INTERGENIC_SITE_9,-0.530389995
OOEP,-0.053988481
OOSP2,0.39232168
OPA1,0.626317049
OPA3,-0.482195069
OPALIN,0.175426546
OPCML,-0.355285991
OPHN1,0.125744804
OPLAH,0.007979749
OPN1LW,-0.372228361
OPN1MW,-0.321968205
OPN1MW2,-0.321968205
OPN1MW3,-0.321968205
OPN1SW,-0.092530628
OPN3,-0.141427896
OPN4,-0.175515763
OPN5,-0.29239054
OPRD1,0.111958914
OPRK1,-0.593286593
OPRL1,0.380787335
OPRM1,-0.090978003
OPRPN,0.203295132
OPTC,-0.024300514
OPTN,-0.075626634
OR10A2,-0.035681967
OR10A3,-0.37172118
OR10A4,0.100032919
OR10A5,0.130058944
OR10A6,-0.165557746
OR10A7,-0.171328401
OR10AD1,-0.138558421
OR10AG1,0.193871538
OR10C1,0.108133364
OR10G2,0.049254839
OR10G3,-0.59661257
OR10G4,0.440785564
OR10G7,-0.141710935
OR10G8,-0.261939846
OR10G9,0.243675781
OR10H1,-0.449999455
OR10H2,-0.041414626
OR10H3,-0.165481994
OR10H4,-0.302647722
OR10H5,0.266039959
OR10J1,0.24316823
OR10J3,0.21006192
OR10J5,0.201640395
OR10K1,0.411417652
OR10K2,-0.076051732
OR10P1,0.194014604
OR10Q1,-0.492906197
OR10R2,0.447132179
OR10S1,0.295821212
OR10T2,0.593801981
OR10V1,-0.078078214
OR10W1,-0.142372905
OR10X1,0.235302494
OR10Z1,0.034781532
OR11A1,-0.150402028
OR11G2,0.143402618
OR11H1,-0.052039353
OR11H12,-0.238346995
OR11H13P,0.145177557
OR11H2,0.007077757
OR11H4,-0.567063088
OR11H6,0.10006052
OR11L1,-0.007437974
OR12D2,-0.143646678
OR12D3,0.424244334
OR13A1,-0.413560434
OR13C2,-0.216606336
OR13C3,0.436699238
OR13C4,-0.068471731
OR13C5,-0.221803717
OR13C8,0.068528858
OR13C9,-0.140883001
OR13D1,0.029064425
OR13F1,0.05251396
OR13G1,-0.075310397
OR13H1,-0.565705396
OR13J1,-0.091891719
OR14A16,-0.760123382
OR14C36,-0.383832042
OR14I1,0.090272958
OR14J1,0.101890485
OR1A1,-0.083264838
OR1A2,-0.34961202
OR1B1,0.304756492
OR1C1,-0.375548331
OR1D2,-0.348420858
OR1D4,0.222477522
OR1D5,-0.155742717
OR1E1,0.023688382
OR1E2,-0.260635996
OR1F1,0.127509205
OR1G1,0.008598963
OR1I1,-0.048016483
OR1J1,0.009553396
OR1J2,0.211471582
OR1J4,0.282640413
OR1K1,-0.208701936
OR1L1,-0.125079581
OR1L3,-0.139887404
OR1L4,-0.206904976
OR1L6,-0.415010457
OR1L8,-0.073157561
OR1M1,-0.042158812
OR1N1,-0.268014659
OR1N2,0.474401954
OR1Q1,0.301861722
OR1S1,-0.017563191
OR1S2,0.053580125
OR2A1,0.022556672
OR2A12,-0.047868355
OR2A14,-0.392730074
OR2A2,-0.461752847
OR2A25,0.344708832
OR2A4,-0.10060379
OR2A42,0.127767757
OR2A5,-0.764397928
OR2A7,-0.10060379
OR2AE1,-0.176094954
OR2AG1,0.089178324
OR2AG2,0.262872557
OR2AK2,-0.036491223
OR2AP1,-0.310540584
OR2AT4,-0.136288605
OR2B11,0.011003634
OR2B2,0.309005761
OR2B3,0.524691117
OR2B6,-0.451514522
OR2C1,0.13895672
OR2C3,-0.473131384
OR2D2,-0.091162347
OR2D3,0.05342302
OR2F1,-0.175808267
OR2F2,-0.111843293
OR2G2,-0.08383337
OR2G3,0.031449696
OR2G6,-0.151505894
OR2H1,-0.229873083
OR2H2,-0.354042663
OR2J2,-0.390170221
OR2J3,0.22181631
OR2K2,-0.04182629
OR2L13,0.129514692
OR2L2,0.108265903
OR2L3,-0.07942015
OR2L5,-0.329864981
OR2L6P,-0.32740888
OR2L8,-0.287805089
OR2M2,-0.568758261
OR2M3,-0.145982013
OR2M4,0.230365266
OR2M5,0.195775269
OR2M7,-0.106574136
OR2S2,0.082544837
OR2T1,0.121021651
OR2T10,-0.035252119
OR2T11,0.306577532
OR2T12,0.294031563
OR2T2,-0.315974755
OR2T27,0.012947609
OR2T29,-0.074591638
OR2T3,0.16094286
OR2T32P,0.060039452
OR2T33,0.232646171
OR2T34,0.143857638
OR2T35,-0.348005952
OR2T4,-0.008885508
OR2T5,-0.031779972
OR2T6,0.179563531
OR2T7,-0.384213422
OR2T8,0.05967559
OR2V1,-0.140848824
OR2V2,0.087045288
OR2W1,-0.171908989
OR2W3,0.254710278
OR2W5,0.097021547
OR2Y1,0.052719881
OR2Z1,-0.304297429
OR3A1,0.516485007
OR3A2,-0.260443004
OR3A3,-0.228815932
OR4A15,0.051662421
OR4A16,0.171240776
OR4A47,-0.154864287
OR4A5,-0.102755027
OR4B1,0.196446573
OR4C11,-0.328512906
OR4C12,-0.489054104
OR4C13,0.066411382
OR4C15,-0.161259236
OR4C16,0.080509046
OR4C3,0.541360744
OR4C45,-0.040533768
OR4C46,-0.249186582
OR4C6,-0.050633005
OR4D1,0.028128139
OR4D10,-0.146775621
OR4D11,-0.079089607
OR4D2,0.353777609
OR4D5,-0.02305476
OR4D6,0.201382467
OR4D9,-0.130515968
OR4E2,-0.109408547
OR4F15,-0.177974825
OR4F16,-0.195016068
OR4F17,0.348258996
OR4F1P,-0.057097833
OR4F21,-0.163140082
OR4F28P,-0.241192961
OR4F29,-0.195016068
OR4F2P,-0.11047008
OR4F3,-0.195016068
OR4F4,0.348258996
OR4F5,0.190314033
OR4F6,0.233389732
OR4F7P,-0.123115364
OR4K1,-0.10065202
OR4K13,-0.192360533
OR4K14,0.090164462
OR4K15,0.027420464
OR4K17,0.147139911
OR4K2,0.090137017
OR4K5,-0.14377024
OR4L1,0.307796208
OR4M1,-0.631208456
OR4M2,0.179129722
OR4N2,-0.313544363
OR4N4,-0.199793671
OR4N5,0.076307968
OR4P4,-0.063934363
OR4Q3,0.679399122
OR4S1,-0.27965154
OR4S2,-0.107530373
OR4X1,0.362652271
OR4X2,0.132797096
OR51A2,0.23123366
OR51A4,0.026930088
OR51A7,-0.04403167
OR51B2,-0.065741931
OR51B4,0.380029457
OR51B6,0.086295261
OR51D1,-0.073886256
OR51E1,0.110477631
OR51E2,0.108198241
OR51F1,0.138539954
OR51F2,-0.016201331
OR51G1,0.152303252
OR51G2,0.038100401
OR51I1,-0.128255916
OR51I2,0.086528873
OR51L1,0.029092019
OR51M1,0.2480499
OR51Q1,-0.090933568
OR51S1,0.176307954
OR51T1,0.244624014
OR51V1,0.17228613
OR52A1,0.087789114
OR52A5,-0.150535329
OR52B2,0.422852064
OR52B4,-0.131584843
OR52B6,0.088642122
OR52D1,-0.199046016
OR52E2,0.113408918
OR52E4,-0.064439339
OR52E6,0.091232573
OR52E8,0.38159945
OR52H1,-0.112002099
OR52I1,-0.50336428
OR52I2,-0.247253699
OR52J3,-0.127304895
OR52K1,-0.070318298
OR52K2,0.114373334
OR52L1,0.009670097
OR52M1,0.126421201
OR52N1,0.200206382
OR52N2,0.109613451
OR52N4,-0.06196406
OR52N5,0.082520953
OR52R1,-0.119564772
OR52W1,0.352922713
OR56A1,0.070225467
OR56A3,0.156899194
OR56A4,-0.514838371
OR56A5,0.180713023
OR56B1,-0.034353998
OR56B4,-0.330898391
OR5A1,-0.646490635
OR5A2,-0.253649826
OR5AC2,-0.6629187
OR5AK2,0.285765439
OR5AN1,-0.089384942
OR5AP2,0.035031933
OR5AR1,-0.169164786
OR5AS1,-0.00081558
OR5AU1,-0.402517951
OR5B12,-0.098575733
OR5B17,-0.457415781
OR5B2,-0.101228617
OR5B21,-0.417615648
OR5B3,-0.296244562
OR5C1,0.013689101
OR5D13,-0.164522957
OR5D14,-0.544785193
OR5D16,-0.308689006
OR5D18,-0.149983564
OR5F1,-0.139802387
OR5H1,-0.184737829
OR5H14,0.12065314
OR5H15,0.023442463
OR5H2,-0.209481223
OR5H6,-0.184444023
OR5I1,-0.252858724
OR5J2,-0.373301672
OR5K1,-0.179981669
OR5K2,-0.146325636
OR5K3,-0.362064934
OR5K4,0.322282435
OR5L1,0.261544133
OR5L2,0.21961179
OR5M1,0.106265831
OR5M10,-0.348514679
OR5M11,-0.319270376
OR5M3,0.001931384
OR5M8,-0.660235488
OR5M9,0.473544071
OR5P2,0.085425371
OR5P3,0.102804465
OR5R1,-0.107704117
OR5T1,-0.109534098
OR5T2,-0.106763621
OR5T3,-0.255870664
OR5V1,0.458872316
OR5W2,0.536063343
OR6A2,0.057135456
OR6B1,-0.117648299
OR6B2,0.113747312
OR6B3,0.188991772
OR6C1,-0.545009164
OR6C2,-0.095839112
OR6C3,-0.240041439
OR6C4,-0.139165732
OR6C6,0.229997574
OR6C65,-0.331491007
OR6C68,-0.315815654
OR6C70,-0.133205558
OR6C74,0.134923318
OR6C75,-0.676224977
OR6C76,0.295328852
OR6F1,0.03876641
OR6K2,0.368862928
OR6K3,0.573381084
OR6K6,0.103644247
OR6M1,0.17737406
OR6N1,0.246147383
OR6N2,0.042766678
OR6P1,0.367392142
OR6Q1,-0.10432473
OR6S1,0.249558033
OR6T1,-0.119073322
OR6V1,-0.208089684
OR6X1,-0.25122079
OR6Y1,0.087262101
OR7A10,-0.796797779
OR7A17,-0.415456552
OR7A5,-0.469725566
OR7C1,0.010946212
OR7C2,-0.311847434
OR7D2,-0.011701438
OR7D4,-0.546063801
OR7E154P,0.533795017
OR7E24,-0.305814364
OR7G1,0.114376114
OR7G2,-0.139057234
OR7G3,-0.343491594
OR8A1,-0.221708266
OR8B12,-0.51338167
OR8B2,-0.674687069
OR8B3,-0.276485967
OR8B4,-0.346148568
OR8B8,0.04911603
OR8D1,-0.200654906
OR8D2,0.117186991
OR8D4,0.095948729
OR8G1,-0.053873329
OR8G2P,-0.249780758
OR8G5,-0.564634184
OR8H1,-0.71687639
OR8H2,0.164409736
OR8H3,-0.231909017
OR8I2,-0.264614634
OR8J1,-0.385435225
OR8J3,-0.116080073
OR8K1,-0.193656381
OR8K3,-0.01419832
OR8K5,0.14368201
OR8S1,-0.1220477
OR8U1,-0.450557088
OR9A2,-1.309259205
OR9A4,-0.050198571
OR9G1,-0.061671443
OR9G4,-0.025945994
OR9I1,-0.161479039
OR9K2,0.066388302
OR9Q1,0.209202523
OR9Q2,0.030168268
ORAI1,-0.391950466
ORAI2,0.07105216
ORAI3,0.246898859
ORC1,0.103706208
ORC2,-0.125563544
ORC3,0.038684014
ORC4,-0.387628025
ORC5,-0.140605656
ORC6,-0.223569775
ORM1,-0.039871484
ORM2,0.046214506
ORMDL1,0.144828373
ORMDL2,0.127029006
ORMDL3,0.164699095
OS9,-0.216299142
OSBP,0.531518751
OSBP2,-0.080946461
OSBPL10,0.067813234
OSBPL11,-0.552310692
OSBPL1A,0.191253617
OSBPL2,0.054185744
OSBPL3,0.369004705
OSBPL5,0.190402731
OSBPL6,0.195263243
OSBPL7,-0.758702901
OSBPL8,-0.196463044
OSBPL9,0.211857672
OSCAR,-0.234726434
OSCP1,0.448305231
OSER1,-0.134881293
OSGEP,-0.248005115
OSGEPL1,0.140129391
OSGIN1,0.141033173
OSGIN2,0.277571457
OSM,-0.135344618
OSMR,-0.179916811
OSR1,0.572918432
OSR2,0.018869962
OST4,-0.093857462
OSTC,0.434414577
OSTF1,0.170547545
OSTM1,0.26577699
OSTN,-0.254259829
OTC,0.047808991
OTOA,0.418358292
OTOF,-0.10308867
OTOG,0.001647956
OTOGL,0.04022066
OTOL1,0.047046034
OTOP1,0.093891503
OTOP2,-0.107183352
OTOP3,-0.172235452
OTOR,-0.033415502
OTOS,0.28134486
OTP,0.111738249
OTUB1,-0.58211403
OTUB2,-0.480839551
OTUD1,-0.56177539
OTUD3,0.031120828
OTUD4,0.304231842
OTUD5,-0.521654852
OTUD6A,-0.247997765
OTUD6B,1.441453696
OTUD7A,-0.063296377
OTUD7B,-0.038078865
OTULIN,-0.807250602
OTULINL,-0.338678591
OTX1,-0.22714311
OTX2,-0.075878749
OVCA2,0.004316321
OVCH1,0.068898434
OVCH2,-0.308740929
OVGP1,0.338914428
OVOL1,-0.351660346
OVOL2,-1.334817091
OVOL3,0.185543579
OXA1L,0.767392931
OXCT1,-0.278785901
OXCT2,0.905803875
OXCT2P1,1.19601234
OXER1,-0.015674398
OXGR1,-0.322627233
OXLD1,0.2758677
OXNAD1,-0.032576125
OXR1,-0.335772464
OXSM,0.791447068
OXSR1,-0.118870215
OXT,0.217178827
OXTR,-0.084930826
P2RX1,-0.216427308
P2RX2,-0.747505695
P2RX3,0.216379091
P2RX4,-0.066651147
P2RX5,0.302707118
P2RX5-TAX1BP3,-0.582482023
P2RX6,-0.092644385
P2RX7,-0.092246965
P2RY1,-0.390234126
P2RY10,-0.102428421
P2RY11,-0.314766393
P2RY12,-0.53679076
P2RY13,-0.117539864
P2RY14,-0.511813653
P2RY2,-0.003630705
P2RY4,0.145724508
P2RY6,-0.266942217
P2RY8,-0.406771009
P3H1,-0.003255286
P3H2,-0.180116692
P3H3,-0.285674231
P3H4,-0.609660201
P4HA1,0.308400544
P4HA2,-0.225985014
P4HA3,-0.24530439
P4HB,-0.748341707
P4HTM,0.132041005
PA2G4,0.43949213
PAAF1,-0.594379872
PABPC1,-0.011712277
PABPC1L,-0.7193509
PABPC1L2A,-0.227743602
PABPC1L2B,-0.227743602
PABPC3,0.168668024
PABPC4,0.2269337
PABPC4L,1.073913148
PABPC5,-0.024465826
PABPN1,0.002617322
PABPN1L,0.210548076
PACC1,-0.061283068
PACRG,-0.533721064
PACRGL,-0.181337729
PACS1,-0.357944589
PACS2,0.442415541
PACSIN1,-0.188633901
PACSIN2,0.002745275
PACSIN3,-0.06972846
PADI1,-0.022764079
PADI2,-0.36168238
PADI3,0.087944392
PADI4,0.206153736
PADI6,-0.651677266
PAEP,0.310092771
PAF1,0.226979259
PAFAH1B1,-0.174162937
PAFAH1B2,-0.446004363
PAFAH1B3,0.436659715
PAFAH2,0.166722691
PAG1,-0.061378632
PAGE1,-0.116575683
PAGE2,-0.319501402
PAGE2B,-0.331770187
PAGE3,-0.053845029
PAGE4,0.515525708
PAGE5,-0.234220088
PAGR1,-1.022263678
PAH,-0.425331416
PAICS,0.730167522
PAIP1,-0.716330004
PAIP2,-0.419828307
PAIP2B,-0.131576456
PAK1,0.235699664
PAK1IP1,0.584780618
PAK2,0.056390317
PAK3,-0.568550854
PAK4,-0.445207393
PAK5,-0.135002484
PAK6,-0.404182786
PALB2,0.818800102
PALD1,0.204350472
PALLD,0.408441937
PALM,-0.012548605
PALM2AKAP2,0.16092483
PALM3,0.131293671
PALMD,0.453678674
PAM,-0.061698807
PAM16,1.071136598
PAMR1,-0.187600698
PAN2,0.512026067
PAN3,0.48682099
PANK1,0.07755131
PANK2,-0.047883833
PANK3,-0.027140978
PANK4,-0.115520167
PANO1,-0.126282715
PANX1,0.750901915
PANX2,-0.261063901
PANX3,-0.260710373
PAOX,0.486617146
PAPLN,-0.007190922
PAPOLA,0.695631223
PAPOLB,0.14202212
PAPOLG,0.330861072
PAPPA,0.411341931
PAPPA2,0.196962704
PAPSS1,0.75299405
PAPSS2,0.188228439
PAQR3,0.305844664
PAQR4,0.427233031
PAQR5,0.083388785
PAQR6,-0.231510783
PAQR7,0.051629201
PAQR8,-0.153076469
PAQR9,-0.891851812
PARD3,-0.41385597
PARD3B,-0.234895559
PARD6A,0.168856748
PARD6B,-0.054917466
PARD6G,-0.147032224
PARG,-0.129273855
PARGP1-AGAP4,-0.267761022
PARK7,0.244303829
PARL,-0.018608465
PARM1,-0.424102859
PARN,-0.571195418
PARP1,0.286757741
PARP10,-0.099422357
PARP11,0.006990669
PARP12,-0.384458256
PARP14,-0.139659409
PARP15,0.304977885
PARP16,0.555036018
PARP2,0.070144425
PARP3,0.098757936
PARP4,-0.416084018
PARP6,-0.043459591
PARP8,0.131668505
PARP9,0.07285259
PARPBP,-0.595663798
PARS2,1.067157588
PARVA,-0.118841923
PARVB,-0.132336848
PARVG,-0.169382446
PASD1,-0.239114305
PASK,-0.054903694
PATE1,-0.183559137
PATE2,0.006798708
PATE3,-0.156923453
PATE4,-0.131791335
PATJ,0.138977004
PATL1,0.389439544
PATL2,-0.250473245
PATZ1,-0.312098843
PAWR,-0.23380004
PAX1,0.200444238
PAX2,-0.256667485
PAX3,0.374330061
PAX4,-0.337122554
PAX5,-0.255145895
PAX6,0.263116293
PAX7,-0.375473651
PAX8,0.234840399
PAX9,-0.174898428
PAXBP1,0.384468478
PAXIP1,-1.762649358
PBDC1,0.058739673
PBK,0.153456895
PBLD,-0.050920209
PBOV1,0.071967565
PBRM1,1.558228752
PBX1,-0.128494579
PBX2,0.285646122
PBX3,-0.119290392
PBX4,-0.288957562
PBXIP1,0.225410678
PC,0.102841135
PCARE,-0.793548942
PCBD1,-0.041674787
PCBD2,-0.750686593
PCBP1,-0.23887673
PCBP2,-0.630819762
PCBP3,0.410296417
PCBP4,0.065923598
PCCA,-0.005880351
PCCB,-0.594376547
PCDH1,-0.055742034
PCDH10,0.631605943
PCDH11X,0.583541064
PCDH11Y,0.098120185
PCDH12,0.412183616
PCDH15,0.27843965
PCDH17,-0.082373178
PCDH18,0.683970053
PCDH19,-0.564422902
PCDH20,0.101295206
PCDH7,0.07618993
PCDH8,-0.289238415
PCDH9,-0.140914549
PCDHA1,-0.065495176
PCDHA10,-0.960460622
PCDHA11,-0.253629521
PCDHA12,-0.201234366
PCDHA13,-0.506450427
PCDHA2,0.092827742
PCDHA3,-0.138149742
PCDHA4,0.115628106
PCDHA5,0.111890316
PCDHA6,-0.403379823
PCDHA7,-0.139903858
PCDHA8,-0.075337029
PCDHA9,-0.405964865
PCDHAC1,-0.394207222
PCDHAC2,0.218638014
PCDHB1,-0.46858197
PCDHB10,-0.029005919
PCDHB11,-0.185278775
PCDHB12,0.013820146
PCDHB13,0.045535501
PCDHB14,0.003972387
PCDHB15,-0.4694362
PCDHB16,-0.339830424
PCDHB2,-0.469581838
PCDHB3,-0.108569015
PCDHB4,0.099972822
PCDHB5,-0.346554178
PCDHB6,-0.32028412
PCDHB7,-0.67512164
PCDHB8,-0.230088772
PCDHB9,0.15536051
PCDHGA1,0.018441434
PCDHGA10,-0.42990013
PCDHGA11,-0.298637711
PCDHGA12,0.002439189
PCDHGA2,-0.022380487
PCDHGA3,-0.320375061
PCDHGA4,-0.799452785
PCDHGA5,0.044023058
PCDHGA6,-0.606360852
PCDHGA7,-0.647928489
PCDHGA8,-0.367653531
PCDHGA9,0.10990118
PCDHGB1,-0.548228603
PCDHGB2,-0.306793925
PCDHGB3,-0.036002302
PCDHGB4,-0.047975688
PCDHGB5,-0.066932388
PCDHGB6,0.003861227
PCDHGB7,0.229290412
PCDHGC3,-0.672907189
PCDHGC4,-0.091944138
PCDHGC5,-0.22916141
PCED1A,0.028120469
PCED1B,-0.065549609
PCF11,1.469989416
PCGF1,0.523414162
PCGF2,0.077928753
PCGF3,-0.125794213
PCGF5,-0.373391805
PCGF6,-0.010277848
PCID2,-0.05866491
PCIF1,-0.045148449
PCK1,0.432105667
PCK2,0.243217013
PCLAF,0.00413055
PCLO,-0.611771146
PCM1,-0.217715009
PCMT1,-0.369091771
PCMTD1,0.161145951
PCMTD2,0.168310288
PCNA,0.32139496
PCNA-AS1,0.011026476
PCNP,-0.38290924
PCNT,0.260105454
PCNX1,0.204237439
PCNX2,-0.236220309
PCNX3,0.106660841
PCNX4,-0.272535834
PCOLCE,-0.104851008
PCOLCE2,0.156405162
PCOTH,-0.066150994
PCOTHP1,0.277355475
PCP2,-0.035885833
PCP4,0.528106574
PCP4L1,0.147731729
PCSK1,-0.20586635
PCSK1N,-0.22968018
PCSK2,-0.107920443
PCSK4,-0.606701367
PCSK5,-0.387934267
PCSK6,0.01421775
PCSK7,0.096012198
PCSK9,-0.164096768
PCTP,0.211487286
PCYOX1,0.278590366
PCYOX1L,-0.114695355
PCYT1A,0.453192903
PCYT1B,0.158288218
PCYT2,0.347279601
PDAP1,-0.081294535
PDC,-0.198232415
PDCD1,0.101018239
PDCD10,1.697965888
PDCD11,0.680962713
PDCD1LG2,-0.141380256
PDCD2,-0.492306007
PDCD2L,0.065980662
PDCD4,-0.052316732
PDCD5,-0.825320722
PDCD6,0.110649312
PDCD6IP,-0.017606725
PDCD7,0.311891663
PDCL,-0.088516507
PDCL2,-0.179338112
PDCL3,-0.222334815
PDE10A,-0.270217335
PDE11A,0.164691754
PDE12,1.000321565
PDE1A,-0.249162681
PDE1B,-0.069653516
PDE1C,-0.036016314
PDE2A,-0.588219067
PDE3A,0.370607448
PDE3B,-0.242804006
PDE4A,-0.511825366
PDE4B,0.046173745
PDE4C,0.126795731
PDE4D,-0.279134146
PDE4DIP,-0.055069488
PDE5A,0.407633395
PDE6A,0.302236592
PDE6B,0.094884758
PDE6C,-0.396998755
PDE6D,-0.052431567
PDE6G,-0.654895715
PDE6H,-0.023253918
PDE7A,-0.065504279
PDE7B,-0.260353772
PDE8A,-0.501057741
PDE8B,0.076396108
PDE9A,0.175799152
PDF,0.350075412
PDGFA,-0.257934025
PDGFB,-0.09807353
PDGFC,-0.10038991
PDGFD,-0.147482823
PDGFRA,0.774464128
PDGFRB,-0.093743452
PDGFRL,0.19384731
PDHA1,-0.26800329
PDHA2,0.559871665
PDHB,-0.136409198
PDHX,0.111432279
PDIA2,0.23864604
PDIA3,-1.017204363
PDIA4,0.07446332
PDIA5,-0.55480353
PDIA6,-0.435889184
PDIK1L,0.100448396
PDILT,0.607115748
PDK1,0.334031289
PDK2,-0.253577934
PDK3,-0.662336805
PDK4,0.23460579
PDLIM1,0.008544362
PDLIM2,0.211247833
PDLIM3,0.307386171
PDLIM4,-0.561351341
PDLIM5,0.065271928
PDLIM7,0.379691269
PDP1,-0.390526358
PDP2,-0.006294741
PDPK1,0.996609464
PDPK2P,1.429826914
PDPN,-0.158900972
PDPR,0.166127178
PDRG1,0.037656049
PDS5A,-0.27782416
PDS5B,-0.088349625
PDSS1,0.620834142
PDSS2,0.845150123
PDX1,-0.666103229
PDXDC1,0.228433723
PDXDC2P-NPIPB14P,1.127683089
PDXK,-0.102654812
PDXP,-0.026512193
PDYN,-0.257506225
PDZD11,-0.238269481
PDZD2,-0.118114289
PDZD3,0.137624169
PDZD4,0.224136394
PDZD7,-0.422256782
PDZD8,0.234203256
PDZD9,-0.072129762
PDZK1,-0.209415497
PDZK1IP1,-0.603513647
PDZRN3,-0.292677681
PDZRN4,-0.222127217
PEA15,0.173055472
PEAK1,0.628321999
PEAK3,-0.014519042
PEAR1,0.127396923
PEBP1,0.056408881
PEBP4,-0.227299677
PECAM1,0.002808034
PECR,0.251428228
PEF1,0.015180223
PEG10,-0.234006075
PEG3,-0.092222073
PELI1,-1.164579999
PELI2,-0.104384739
PELI3,-0.038040524
PELO,2.062260016
PELP1,-0.332990963
PEMT,-0.264407282
PENK,0.417692195
PEPD,-0.956343462
PER1,-0.511335259
PER2,0.24244398
PER3,0.247391589
PERM1,-0.028169788
PERP,-0.171821888
PES1,0.508614059
PET100,0.263271652
PET117,1.057690671
PEX1,0.409566617
PEX10,0.360462696
PEX11A,-0.183901287
PEX11B,-0.143273833
PEX11G,-0.151910287
PEX12,0.803726467
PEX13,0.550151646
PEX14,0.277808667
PEX16,0.270898341
PEX19,0.534421614
PEX2,0.262666635
PEX26,0.516634695
PEX3,-0.195603916
PEX5,0.865779176
PEX5L,0.120793788
PEX6,0.234656177
PEX7,0.658705113
PF4,0.447074257
PF4V1,0.197740227
PFAS,0.586267661
PFDN1,-0.338571653
PFDN2,0.122967541
PFDN4,0.146698922
PFDN5,-0.648195609
PFDN6,0.02180093
PFKFB1,-0.199775404
PFKFB2,-0.776630014
PFKFB3,-0.007211971
PFKFB4,0.168501072
PFKL,-0.231685847
PFKM,0.307981332
PFKP,-0.0431234
PFN1,-1.597527106
PFN2,-0.147305266
PFN3,0.091701389
PFN4,-0.120139088
PGA3,-0.420311376
PGA4,-0.394344262
PGA5,-0.262335241
PGAM1,2.623752733
PGAM2,0.535270394
PGAM4,1.891659677
PGAM5,0.070983757
PGAP1,-0.423607705
PGAP2,1.223285656
PGAP3,0.170681292
PGAP4,-0.06108171
PGAP6,0.247548626
PGBD1,0.323545007
PGBD2,-0.28968756
PGBD3,-0.232951525
PGBD4,-0.097741143
PGBD5,-0.13638362
PGC,-0.042247236
PGD,3.392461246
PGF,-0.218994925
PGGHG,-0.246566988
PGGT1B,0.245143748
PGK1,1.916227441
PGK2,0.046576361
PGLS,0.702326778
PGLYRP1,-0.134709049
PGLYRP2,0.048030218
PGLYRP3,-0.029636922
PGLYRP4,0.147599098
PGM1,-0.079476667
PGM2,-0.281557428
PGM2L1,-0.292059079
PGM3,-0.745481094
PGM5,0.491788633
PGM5P2,0.105766036
PGP,1.383366971
PGPEP1,0.045604087
PGPEP1L,0.153665232
PGR,-0.163716571
PGRMC1,0.178015377
PGRMC2,0.609486233
PGS1,0.442868099
PHACTR1,0.113504001
PHACTR2,-0.891458924
PHACTR3,0.004015891
PHACTR4,-0.062338433
PHAX,-0.467028867
PHB,1.065879453
PHB2,0.841659574
PHC1,0.756464524
PHC1P1,1.442766224
PHC2,-0.157028818
PHC3,-0.539853743
PHETA1,0.074925097
PHETA2,-0.080623469
PHEX,-0.406588683
PHF1,0.102132276
PHF10,-0.255195789
PHF11,-0.078512552
PHF12,0.806225141
PHF13,-0.034185656
PHF14,-0.213887343
PHF19,0.249444547
PHF2,-0.391585248
PHF20,-0.117895719
PHF20L1,-0.311155235
PHF21A,-0.339651138
PHF21B,-0.014106215
PHF23,0.028318971
PHF24,-0.474240086
PHF3,-0.219013452
PHF5A,-0.284190234
PHF6,-0.444402887
PHF7,-0.642133588
PHF8,-1.100107526
PHGDH,0.292591826
PHGR1,-0.284841015
PHIP,-0.810980635
PHKA1,-0.092048213
PHKA2,-0.480955608
PHKB,0.102512892
PHKG1,0.040211219
PHKG2,0.314228173
PHLDA1,0.193448348
PHLDA2,-0.3995131
PHLDA3,0.14004588
PHLDB1,0.4000712
PHLDB2,-0.19289487
PHLDB3,-0.05519073
PHLPP1,0.036715357
PHLPP2,-0.169672144
PHOSPHO1,-0.349431209
PHOSPHO2,-0.036969894
PHOSPHO2-KLHL23,0.049584252
PHOX2A,-0.305622558
PHOX2B,-0.319512958
PHPT1,-0.031328043
PHRF1,-0.106438148
PHTF1,-0.07714229
PHTF2,0.10034266
PHYH,-0.134535416
PHYHD1,0.175894137
PHYHIP,0.081986704
PHYHIPL,-0.168747406
PHYKPL,0.031441572
PI15,-0.270949396
PI16,-0.05323212
PI3,-0.046686494
PI4K2A,0.334984237
PI4K2B,-0.206437609
PI4KA,-0.363098387
PI4KB,-0.265685451
PIANP,-0.120231584
PIAS2,0.11569873
PIAS3,-0.65893987
PIAS4,-0.444754662
PIBF1,0.173487741
PICALM,0.746476663
PICK1,-0.185203721
PID1,-0.145377747
PIDD1,-0.301095368
PIEZO1,0.287698038
PIEZO2,-0.227914359
PIF1,0.192957726
PIFO,0.269129825
PIGA,3.471816466
PIGB,1.033672982
PIGC,3.279682925
PIGF,1.46318358
PIGG,-0.203504095
PIGH,2.63161585
PIGK,3.205920246
PIGL,3.773626588
PIGM,2.451599295
PIGN,0.633580676
PIGO,2.331209115
PIGP,3.637521094
PIGQ,1.996730169
PIGR,-0.402423223
PIGS,3.735447421
PIGT,4.438473181
PIGU,3.038555488
PIGV,3.460478909
PIGW,3.80353724
PIGX,2.073048896
PIGY,1.099121567
PIGZ,0.157807157
PIH1D1,-0.690690516
PIH1D2,0.203239634
PIH1D3,0.034262899
PIK3AP1,-0.097681316
PIK3C2A,-0.062284353
PIK3C2B,-0.034841139
PIK3C2G,-0.553284831
PIK3C3,-0.947982169
PIK3CA,-0.101515498
PIK3CB,-0.583479575
PIK3CD,0.021881316
PIK3CG,-0.297394581
PIK3IP1,-0.754858553
PIK3R1,-0.265917668
PIK3R2,-0.017065751
PIK3R3,0.640212718
PIK3R4,-0.977596581
PIK3R5,-0.351842222
PIK3R6,-0.232181313
PIKFYVE,-1.286839772
PILRA,-0.082890069
PILRB,-0.145235739
PIM1,0.213252602
PIM2,0.009194858
PIM3,0.109918189
PIMREG,0.036923299
PIN1,-0.006439321
PIN4,0.202413305
PINK1,-0.262841005
PINLYP,-0.259402253
PINX1,-0.377643938
PIP,0.170938439
PIP4K2A,-0.520996155
PIP4K2B,0.136027536
PIP4K2C,0.534806015
PIP4P1,-0.441060227
PIP4P2,-0.223277645
PIP5K1A,0.362337372
PIP5K1B,0.008413759
PIP5K1C,-0.370478506
PIP5KL1,-0.270561487
PIPOX,0.070991881
PIR,0.184140462
PIR-FIGF,0.090895714
PIRT,0.031700561
PISD,-0.056333017
PITHD1,0.056238775
PITPNA,-0.280647913
PITPNB,-0.456228705
PITPNC1,-0.098104129
PITPNM1,0.215642502
PITPNM2,-0.375622918
PITPNM3,-0.307184068
PITRM1,0.908668949
PITX1,0.355812811
PITX2,0.871078346
PITX3,-0.098387549
PIWIL1,0.158035099
PIWIL2,-0.053170821
PIWIL3,-0.370857338
PIWIL4,-0.310670993
PJA1,0.596588558
PJA2,-0.587403587
PKD1,0.652737452
PKD1L1,0.026744783
PKD1L2,-0.020837779
PKD1L3,0.183793259
PKD1P1,0.885326351
PKD1P3-NPIPA1,0.95699172
PKD1P4-NPIPA8,0.906164272
PKD1P5-LOC105376752,0.868504009
PKD1P6-NPIPP1,1.081968341
PKD2,0.3974453
PKD2L1,-0.008759757
PKD2L2,-0.070337174
PKDCC,-0.440191122
PKDREJ,0.112836339
PKHD1,-0.030081938
PKHD1L1,-0.247839031
PKIA,-0.062639543
PKIB,0.127985574
PKIG,0.106303549
PKLR,0.065026685
PKM,0.603881129
PKMYT1,0.617765384
PKN1,-0.532507357
PKN2,-0.223456515
PKN3,-0.059466366
PKNOX1,0.355373742
PKNOX2,0.048108893
PKP1,-0.39561335
PKP2,0.022536498
PKP3,-0.086741234
PKP4,-0.068061442
PLA1A,-0.217331719
PLA2G10,0.552247061
PLA2G12A,0.965144594
PLA2G12B,-0.294441648
PLA2G15,-0.053723473
PLA2G1B,0.121671354
PLA2G2A,-0.003107225
PLA2G2C,0.509160592
PLA2G2D,-0.008918573
PLA2G2E,0.146832749
PLA2G2F,0.028440373
PLA2G3,0.127258353
PLA2G4A,-0.177500113
PLA2G4B,-0.062797187
PLA2G4C,0.301895628
PLA2G4D,0.120509646
PLA2G4E,0.007141607
PLA2G4F,0.429387614
PLA2G5,0.557499458
PLA2G6,-0.23145246
PLA2G7,0.077023435
PLA2R1,0.855782293
PLAA,-0.132512318
PLAAT1,0.149323306
PLAAT2,0.275531927
PLAAT3,-0.143581425
PLAAT4,-0.352408244
PLAAT5,-0.455350207
PLAC1,0.094953944
PLAC4,-0.369904064
PLAC8,0.364973839
PLAC8L1,-0.462502463
PLAC9,0.067361596
PLAG1,0.389497111
PLAGL1,-0.239328358
PLAGL2,0.162264791
PLAT,0.336061899
PLAU,-0.030653696
PLAUR,-0.771241151
PLB1,-0.358273868
PLBD1,-0.316375073
PLBD2,-0.328544089
PLCB1,-0.349934475
PLCB2,-0.458786029
PLCB3,-0.613614894
PLCB4,-0.260107934
PLCD1,-0.38399218
PLCD3,0.152942538
PLCD4,0.201182258
PLCE1,-0.165792018
PLCG1,0.16105803
PLCG2,-0.132307769
PLCH1,-0.299746411
PLCH2,-0.229874811
PLCL1,-0.136264675
PLCL2,-0.021764309
PLCXD1,-0.146445678
PLCXD2,0.05057521
PLCXD3,-0.077984082
PLCZ1,0.635845825
PLD1,-0.056306743
PLD2,-0.298682152
PLD3,-0.662126052
PLD4,0.225053539
PLD5,0.073625657
PLD6,0.210417221
PLEC,0.255284223
PLEK,0.224532033
PLEK2,-0.486604678
PLEKHA1,-0.56887725
PLEKHA2,-0.098695549
PLEKHA3,-0.133080303
PLEKHA4,-0.369006913
PLEKHA5,0.00142063
PLEKHA6,-0.323322331
PLEKHA7,0.318391986
PLEKHA8,-0.139069611
PLEKHB1,0.406642562
PLEKHB2,0.136884475
PLEKHD1,-0.282889046
PLEKHF1,-0.059504009
PLEKHF2,-0.144322351
PLEKHG1,-0.143324459
PLEKHG2,0.363737291
PLEKHG3,-0.191987387
PLEKHG4,0.214475566
PLEKHG4B,-0.157322262
PLEKHG5,-0.774471147
PLEKHG6,-0.540739148
PLEKHG7,-0.3430823
PLEKHH1,-0.419163309
PLEKHH2,-0.18662603
PLEKHH3,0.107259902
PLEKHJ1,-0.243042482
PLEKHM1,-0.373187478
PLEKHM2,0.00797986
PLEKHM3,-0.222168588
PLEKHN1,-0.046556566
PLEKHO1,0.467078067
PLEKHO2,0.260950592
PLEKHS1,-0.007676916
PLET1,-0.096238923
PLG,-0.06305794
PLGLA,-0.870206194
PLGLB1,-0.53204032
PLGLB2,-0.53204032
PLGRKT,-0.282087637
PLIN1,-0.239521589
PLIN2,0.209177564
PLIN3,-0.2668631
PLIN4,0.069478277
PLIN5,0.080937097
PLK1,1.319107637
PLK2,-0.38568792
PLK3,0.064519763
PLK4,0.135990125
PLK5,-0.618069337
PLLP,-0.676403606
PLN,-0.190953909
PLOD1,-0.499277765
PLOD2,-0.104327517
PLOD3,0.245039521
PLP1,0.169847165
PLP2,-0.254501845
PLPBP,0.425510303
PLPP1,-0.630010458
PLPP2,0.024066366
PLPP3,0.02435092
PLPP4,0.027879487
PLPP5,-0.211119576
PLPP6,0.1923158
PLPP7,-0.219470259
PLPPR1,0.303281631
PLPPR2,-0.434531879
PLPPR3,-0.147303525
PLPPR4,0.010627655
PLPPR5,0.388176637
PLRG1,0.666660323
PLS1,0.103814855
PLS3,-0.304195135
PLSCR1,-0.554960315
PLSCR2,0.151422901
PLSCR3,-0.186644956
PLSCR4,0.064571671
PLSCR5,-0.209559886
PLTP,-0.188172372
PLVAP,0.110367177
PLXDC1,-0.143756088
PLXDC2,0.269323353
PLXNA1,0.052181967
PLXNA2,-0.152830327
PLXNA3,-0.691678612
PLXNA4,-0.347662825
PLXNB1,-0.599845002
PLXNB2,-0.15494328
PLXNB3,-0.376140917
PLXNC1,0.205958084
PLXND1,-0.611974765
PM20D1,-0.03873234
PM20D2,-0.01625761
PMAIP1,2.27685303
PMCH,-0.115777836
PMEL,0.402227252
PMEPA1,0.622732121
PMF1,0.361209108
PMF1-BGLAP,0.412770965
PMFBP1,0.092293161
PML,0.019615771
PMM1,-0.271197491
PMM2,0.177452674
PMP2,0.382062547
PMP22,-0.073336868
PMPCA,0.32555484
PMPCB,-0.200340432
PMS1,0.13998086
PMS2,-0.226191245
PMS2P3,-0.154873433
PMVK,-0.590573816
PNCK,-0.362078799
PNISR,-0.478733557
PNKD,0.061609228
PNKP,-0.314076838
PNLDC1,-0.14512743
PNLIP,-0.119287499
PNLIPRP1,-0.035828182
PNLIPRP2,-0.148456247
PNLIPRP3,-0.022223294
PNMA1,0.144307156
PNMA2,-0.022509771
PNMA3,0.013400961
PNMA5,0.172384787
PNMA6A,0.036874779
PNMA8A,-0.237036962
PNMA8B,-0.12702082
PNMT,0.072731759
PNN,0.095396157
PNO1,1.271458766
PNOC,0.254943419
PNP,0.044038803
PNPLA1,0.153002317
PNPLA2,-0.237267444
PNPLA3,0.145721555
PNPLA4,0.366360831
PNPLA5,0.23476753
PNPLA6,-1.010697288
PNPLA7,0.329617667
PNPLA8,-0.769890079
PNPO,-0.397916423
PNPT1,0.943062297
PNRC1,-0.144745369
PNRC2,-0.752107477
POC1A,0.262390617
POC1B,0.062435155
POC1B-GALNT4,-0.013673267
POC5,-0.185417542
PODN,0.191892815
PODNL1,-0.556233661
PODXL,0.332501453
PODXL2,-0.185131385
POF1B,0.129197963
POFUT1,-0.201936762
POFUT2,0.122275042
POGK,0.364216181
POGLUT1,-0.422646038
POGZ,-0.215403532
POLA1,0.041915217
POLA2,0.076480235
POLB,-0.357081844
POLD1,0.083311106
POLD2,0.278239331
POLD3,-0.266256792
POLD4,0.178661032
POLDIP2,0.23566148
POLDIP3,0.490940432
POLE,0.51609077
POLE2,0.074374886
POLE3,-0.282397437
POLE4,-0.132954337
POLG,0.566724355
POLG2,0.992813047
POLH,0.154664909
POLI,-0.132398809
POLK,-0.223844608
POLL,-0.224728073
POLM,0.312549342
POLN,-0.584352652
POLQ,0.038788944
POLR1A,0.576603481
POLR1B,1.334374537
POLR1C,0.765781959
POLR1D,0.893312233
POLR1E,-0.813988197
POLR2A,0.069759366
POLR2B,-0.23240388
POLR2C,-0.404249833
POLR2D,0.233703695
POLR2E,-0.436151797
POLR2F,0.234037747
POLR2G,0.363405129
POLR2H,0.032479604
POLR2I,0.119647543
POLR2J,-0.23546513
POLR2J2,-0.183020836
POLR2J3,-0.23546513
POLR2J4,-0.084999538
POLR2K,0.574885152
POLR2L,0.020238989
POLR2M,-0.33366825
POLR3A,0.060794156
POLR3B,0.429980852
POLR3C,1.213976322
POLR3D,-0.069844644
POLR3E,0.007764061
POLR3F,-0.471751132
POLR3G,-0.086797703
POLR3GL,-0.203268921
POLR3H,0.9314126
POLR3K,1.344717992
POLRMT,0.327102389
POM121,-0.120311612
POM121B,0.208670621
POM121C,-0.102442536
POM121L12,0.126141526
POM121L2,-0.47035917
POMC,0.002169723
POMGNT1,0.114159249
POMGNT2,0.089465483
POMK,-0.134903167
POMP,0.613922058
POMT1,0.055915055
POMT2,-0.354417714
POMZP3,0.00827192
PON1,-0.276936922
PON2,-0.30599542
PON3,-0.378056109
POP1,1.288935251
POP4,0.900578927
POP5,0.264038202
POP7,0.58288036
POPDC2,0.206147899
POPDC3,0.480333827
POR,0.00144954
PORCN,0.121297427
POSTN,-0.555093594
POT1,0.033601518
POTEA,0.204588553
POTEB,0.654763764
POTEB2,0.654763764
POTEB3,0.696551893
POTEC,0.73454072
POTED,0.777390605
POTEE,0.250162462
POTEF,0.076889165
POTEG,-0.190469935
POTEH,-0.328443523
POTEI,0.20341961
POTEJ,0.19018435
POTEKP,1.203510707
POTEM,-0.243423241
POU1F1,0.0099733
POU2AF1,0.261435032
POU2F1,-0.131662225
POU2F2,-0.065232275
POU2F3,-0.091611366
POU3F1,0.387942165
POU3F2,-0.157905149
POU3F4,0.295745095
POU4F1,0.337157093
POU4F2,0.56327185
POU4F3,-0.258433339
POU5F1,0.25586047
POU5F1B,-1.035343199
POU5F2,-0.443749982
POU6F1,-0.421253232
POU6F2,0.477739016
PP2D1,0.100387578
PPA1,-0.858993498
PPA2,1.092205671
PPAN,0.597024914
PPAN-P2RY11,0.217111869
PPARA,0.160897985
PPARD,-0.194187067
PPARG,-0.101855611
PPARGC1A,0.055069371
PPARGC1B,0.173720789
PPAT,0.301930512
PPBP,0.115259935
PPCDC,-0.528346358
PPCS,-0.366231743
PPDPF,0.247249716
PPDPFL,0.155782865
PPEF1,-0.481194431
PPEF2,0.169110369
PPFIA1,-0.600640538
PPFIA2,-0.257800771
PPFIA3,0.023065818
PPFIA4,-0.038610467
PPFIBP1,-0.098533112
PPFIBP2,0.462157593
PPHLN1,-0.895517581
PPIA,0.558523889
PPIAL4A,0.231811862
PPIAL4C,0.309347159
PPIAL4D,0.19053064
PPIAL4E,0.210828377
PPIAL4F,0.210828377
PPIAL4G,0.378110036
PPIAL4H,0.222964763
PPIAP11,0.604668627
PPIAP13,0.197911158
PPIAP14,0.853031735
PPIAP18,0.241339817
PPIAP19,0.507332616
PPIAP2,1.038951311
PPIAP21,0.619443973
PPIAP22,0.539364432
PPIAP25,1.038951311
PPIAP26,0.479783311
PPIAP29,0.539364432
PPIAP3,1.038951311
PPIAP30,-0.079384689
PPIAP31,0.702070263
PPIAP33,0.619443973
PPIAP35,0.382775055
PPIAP4,0.1275067
PPIAP40,0.044750144
PPIAP42,0.215576456
PPIAP43,0.741813961
PPIAP51,1.002346507
PPIAP54,0.462142403
PPIAP55,0.432791084
PPIAP58,0.454582861
PPIAP59,0.103103496
PPIAP6,0.451093486
PPIAP60,-0.108074514
PPIAP64,0.392282864
PPIAP72,0.354171603
PPIAP78,0.352655932
PPIAP79,0.948423715
PPIAP8,0.241339817
PPIAP82,0.123642094
PPIAP89,-0.13676434
PPIAP9,0.230298377
PPIB,0.320014046
PPIC,-0.010463812
PPID,0.390626201
PPIE,0.456246496
PPIF,0.346545054
PPIG,1.229142238
PPIH,1.514024055
PPIL1,-0.649730091
PPIL2,0.536487488
PPIL3,0.458524312
PPIL4,-0.38791637
PPIL6,-0.584928428
PPIP5K1,0.003788344
PPIP5K1P1,0.003788344
PPIP5K1P1-CATSPER2,0.061341552
PPIP5K2,-0.250542283
PPL,-0.242393345
PPM1A,-0.461299982
PPM1B,0.296627197
PPM1D,-0.354821557
PPM1E,-0.686078912
PPM1F,-0.380649737
PPM1G,-0.078813665
PPM1H,0.115874967
PPM1J,0.010357267
PPM1K,0.520778184
PPM1L,-0.125358524
PPM1M,-0.198113805
PPM1N,-0.132894522
PPME1,0.278146864
PPOX,0.484064185
PPP1CA,-0.232516675
PPP1CB,-0.072585132
PPP1CC,-1.033545989
PPP1R10,-0.145218667
PPP1R11,-0.344409175
PPP1R12A,0.696810723
PPP1R12B,-0.06220966
PPP1R12C,-0.361557185
PPP1R13B,-0.175472413
PPP1R13L,0.145344739
PPP1R14A,-0.802022874
PPP1R14B,0.257779688
PPP1R14BP3,0.706952242
PPP1R14C,0.202127292
PPP1R14D,0.219437179
PPP1R15A,0.471925777
PPP1R15B,-0.275742166
PPP1R16A,-0.01749324
PPP1R16B,-0.23053234
PPP1R17,0.319518897
PPP1R18,0.049163031
PPP1R1A,-0.469443444
PPP1R1B,-0.284860161
PPP1R1C,-0.196033058
PPP1R2,-0.287117632
PPP1R21,0.181053337
PPP1R26,-0.626733108
PPP1R27,-0.078413895
PPP1R32,-0.583245691
PPP1R35,0.273995501
PPP1R35-AS1,0.594299527
PPP1R36,-0.113169596
PPP1R37,-0.392831454
PPP1R3A,-0.147991745
PPP1R3B,0.504306208
PPP1R3C,-0.317891785
PPP1R3D,0.648586189
PPP1R3E,-0.453256565
PPP1R3F,-0.039109328
PPP1R3G,-0.662504742
PPP1R42,0.058916662
PPP1R7,-0.840048169
PPP1R8,1.234615766
PPP1R9A,0.312381492
PPP1R9B,-0.26633615
PPP2CA,0.22864026
PPP2CB,0.098977046
PPP2R1A,-0.16596686
PPP2R1B,0.098127131
PPP2R2A,-1.758993392
PPP2R2B,-0.105846814
PPP2R2C,-0.153124687
PPP2R2D,-0.185693601
PPP2R3A,-0.036973268
PPP2R3B,0.11280026
PPP2R5A,-0.470719646
PPP2R5B,-0.578361731
PPP2R5C,-0.453432622
PPP2R5D,-0.068612067
PPP2R5E,-0.066754017
PPP3CA,0.447080231
PPP3CB,-0.212915736
PPP3CC,0.377035719
PPP3R1,-0.180524306
PPP3R2,-0.140270886
PPP4C,1.008485099
PPP4R1,0.173265849
PPP4R2,0.07052929
PPP4R3A,-0.361480047
PPP4R3B,-0.113593075
PPP4R4,-0.281707787
PPP5C,0.175681102
PPP5D1,-0.725194033
PPP6C,0.378709847
PPP6R1,0.39409276
PPP6R2,0.052502271
PPP6R3,0.181943121
PPRC1,0.231914056
PPT1,0.243114104
PPT2,0.001533061
PPT2-EGFL8,-0.0957503
PPTC7,-0.532392969
PPWD1,-0.038174302
PPY,-0.116003307
PQBP1,0.220279407
PRAC1,0.012266316
PRAC2,0.071430839
PRADC1,-0.267395227
PRAF2,-0.191825815
PRAG1,0.39185966
PRAM1,0.107450517
PRAME,-0.189881492
PRAMEF1,-0.124972782
PRAMEF10,0.19011218
PRAMEF11,-0.043736194
PRAMEF12,0.172970329
PRAMEF13,0.068602577
PRAMEF14,0.021600591
PRAMEF15,-0.080292796
PRAMEF17,0.011643604
PRAMEF18,-0.273831605
PRAMEF19,-0.253086505
PRAMEF2,0.261958503
PRAMEF20,-0.350414429
PRAMEF25,-0.165386642
PRAMEF26,-0.165386642
PRAMEF27,0.083723448
PRAMEF28P,0.033367481
PRAMEF30P,0.088086614
PRAMEF33,0.268954314
PRAMEF34P,-0.455118756
PRAMEF36P,-0.455118756
PRAMEF4,-0.086569755
PRAMEF5,-0.190100936
PRAMEF6,-0.217052343
PRAMEF7,-0.263732439
PRAMEF8,-0.244450851
PRAMEF9,-0.090186748
PRAP1,-0.471926276
PRB1,0.082542586
PRB2,0.165490789
PRB3,-0.616628649
PRB4,0.134278387
PRC1,0.501251028
PRCC,-0.184290055
PRCD,-0.343764706
PRCP,-0.276980147
PRDM1,-0.209082754
PRDM10,0.848340654
PRDM11,-0.04364583
PRDM12,0.200092414
PRDM13,-0.046245223
PRDM14,-0.387124808
PRDM15,-0.325863962
PRDM16,-0.422243274
PRDM2,-0.176049588
PRDM4,0.239278954
PRDM5,0.567066873
PRDM6,-0.333369549
PRDM7,-0.212662007
PRDM8,0.167984394
PRDM9,-0.429090955
PRDX1,0.126032299
PRDX2,-0.058409438
PRDX3,-0.262223298
PRDX4,-0.146499599
PRDX5,-0.370015265
PRDX6,0.360154221
PREB,0.415141288
PRELID1,1.517610461
PRELID2,-0.541500755
PRELID3A,-0.097124707
PRELID3B,0.795494768
PRELP,0.04441033
PREP,-0.170286277
PREPL,0.068666078
PREX1,-0.024531194
PREX2,0.166320837
PRF1,0.220857964
PRG2,-0.602488169
PRG3,-0.136826426
PRG4,-0.051017598
PRH1,-0.041715017
PRH1-PRR4,-0.227607823
PRH2,-0.426279568
PRICKLE1,-0.133515741
PRICKLE2,-0.149686992
PRICKLE3,0.216854581
PRICKLE4,0.256619275
PRIM1,-0.210952752
PRIM2,0.040948928
PRIMA1,-0.203647679
PRIMPOL,-0.182937312
PRKAA1,-0.738546827
PRKAA2,-0.113770077
PRKAB1,0.198929888
PRKAB2,-0.26657625
PRKACA,-0.051855716
PRKACB,-0.219209793
PRKACG,0.235157585
PRKAG1,-0.645318901
PRKAG2,-0.265676805
PRKAG3,0.124137382
PRKAR1A,-0.887476227
PRKAR1B,-0.521947566
PRKAR2A,-0.016087205
PRKAR2B,-0.229867513
PRKCA,-0.22211117
PRKCB,-0.179162578
PRKCD,-0.460046828
PRKCE,-0.460225957
PRKCG,-0.100355729
PRKCH,0.109726455
PRKCI,-0.763511161
PRKCQ,0.294147745
PRKCSH,-0.65515007
PRKCZ,-0.008147839
PRKD1,0.332641252
PRKD2,-0.205026615
PRKD3,0.162311178
PRKDC,-0.77984187
PRKG1,-0.10735791
PRKG2,0.256445298
PRKN,-0.018077255
PRKRA,0.808083858
PRKRIP1,-0.523287251
PRKX,-0.177280038
PRL,0.197522637
PRLH,-0.052585708
PRLHR,0.089999494
PRLR,-0.083879881
PRM1,0.796386672
PRM2,0.728449304
PRM3,0.673209545
PRMT1,1.466912608
PRMT2,0.132770044
PRMT3,0.057926559
PRMT5,0.129977611
PRMT6,-0.400037982
PRMT7,-1.108199763
PRMT8,-0.654484282
PRMT9,0.342310859
PRND,-0.614882221
PRNP,-0.29192257
PROB1,-0.653265526
PROC,0.216660914
PROCA1,0.118248421
PROCR,-0.335393463
PRODH,0.053148299
PRODH2,-0.192349737
PROK1,-0.068322752
PROK2,0.135142101
PROKR1,0.059080812
PROKR2,0.083913653
PROM1,-0.010252472
PROM2,0.018775023
PROP1,-0.368357551
PRORY,-0.162282801
PROS1,-0.017281537
PROSER1,0.109619324
PROSER2,-0.146691292
PROSER3,0.269347377
PROX1,-0.526184841
PROX2,0.559584617
PROZ,-0.186901527
PRPF18,-0.374364543
PRPF19,0.279393519
PRPF3,0.25576672
PRPF31,0.667898554
PRPF38A,-0.677409106
PRPF38B,0.369594488
PRPF39,-0.287009449
PRPF4,-0.171261354
PRPF40A,0.837565229
PRPF40B,-0.346782303
PRPF4B,0.609661673
PRPF6,0.122388726
PRPF8,0.148077224
PRPH,0.346333269
PRPH2,-0.422724938
PRPS1,0.148169523
PRPS1L1,0.095271909
PRPS2,-0.297271177
PRPSAP1,-0.348290539
PRPSAP2,-0.292127228
PRR11,-0.592961644
PRR12,0.135509543
PRR13,0.061898538
PRR13P5,-0.035020679
PRR14,0.762919518
PRR14L,0.27515662
PRR15,0.406271855
PRR15L,-0.118813769
PRR16,0.272918134
PRR18,0.178657562
PRR19,-0.322348774
PRR20A,0.20951681
PRR20B,0.20951681
PRR20C,0.20951681
PRR20D,0.20951681
PRR20E,0.20951681
PRR22,-0.414519268
PRR23A,-0.216218731
PRR23B,0.329235617
PRR23C,-0.007967145
PRR23D1,-0.243442323
PRR23D2,-0.243442323
PRR25,0.567485705
PRR27,0.283070568
PRR29,-0.102010476
PRR3,-0.359557954
PRR30,-0.025980578
PRR32,-0.083998128
PRR35,0.283844228
PRR36,-0.190305498
PRR4,-0.516752122
PRR5,0.019802863
PRR5-ARHGAP8,-0.060396062
PRR5L,0.080374011
PRR7,-0.2746534
PRR9,0.411032437
PRRC1,-0.047603469
PRRC2A,0.379415995
PRRC2B,0.01086823
PRRC2C,-0.117574163
PRRG1,0.412531841
PRRG2,0.052373726
PRRG3,-0.093087806
PRRG4,-0.035343075
PRRT1,0.354597117
PRRT2,0.02553805
PRRT3,-0.347773741
PRRT4,-0.071173254
PRRX1,0.224077002
PRRX2,-0.120895466
PRSS1,-0.552552942
PRSS12,0.543803208
PRSS16,-0.071332337
PRSS2,0.072576577
PRSS21,0.469300596
PRSS22,0.087970541
PRSS23,0.155535494
PRSS27,-0.182812454
PRSS3,-0.21265675
PRSS33,0.267630214
PRSS35,-0.011944529
PRSS36,0.419712461
PRSS37,-0.207388404
PRSS38,-0.438435388
PRSS41,0.512648013
PRSS42P,-0.287320475
PRSS45P,-0.088007884
PRSS46P,-0.15072839
PRSS48,0.372516317
PRSS50,0.037722887
PRSS53,0.642277621
PRSS54,0.037323662
PRSS55,-0.237941691
PRSS56,-0.223035258
PRSS57,-0.553207702
PRSS58,0.174255199
PRSS8,0.359416348
PRTFDC1,-0.015936857
PRTG,-0.596450107
PRTN3,0.15668579
PRUNE1,0.160437403
PRUNE2,-0.121114906
PRX,0.336193899
PRXL2A,0.239238635
PRXL2B,-0.307365896
PRXL2C,0.186377214
PRY,-0.047325545
PRY2,-0.047325545
PSAP,-0.779764473
PSAPL1,-0.669894857
PSAT1,0.091876734
PSCA,0.364651544
PSD,-0.452622964
PSD2,-0.138242872
PSD3,-0.267633581
PSD4,0.437390526
PSEN1,0.422147509
PSEN2,-0.246860749
PSENEN,-0.417530194
PSG1,0.009115056
PSG10P,0.297729851
PSG11,0.19552606
PSG2,0.056475713
PSG3,0.318680423
PSG4,0.343606975
PSG5,0.524425663
PSG6,0.30189397
PSG7,0.017828261
PSG8,0.289646003
PSG9,0.484988397
PSIP1,-0.794564049
PSKH1,0.215710059
PSKH2,-0.05092057
PSMA1,-0.443202458
PSMA2,0.150103679
PSMA3,0.19141718
PSMA4,-0.269261383
PSMA5,0.197009297
PSMA6,0.180051352
PSMA7,-0.119171912
PSMA8,0.198043877
PSMB1,-0.163066522
PSMB10,0.192402094
PSMB11,0.175485624
PSMB2,-0.118554404
PSMB3,-0.841687506
PSMB4,0.17906783
PSMB5,0.244887681
PSMB6,-0.182258762
PSMB7,-0.181766503
PSMB8,-0.443403676
PSMB9,-0.225903563
PSMC1,0.338319697
PSMC2,-0.683838719
PSMC3,0.060322443
PSMC3IP,0.173552325
PSMC4,-0.109651469
PSMC5,0.146730702
PSMC6,0.231817873
PSMD1,0.115313545
PSMD10,0.032258709
PSMD11,-0.109665216
PSMD12,0.297516261
PSMD13,1.24534782
PSMD14,0.57240231
PSMD2,0.570023277
PSMD3,0.94363691
PSMD4,0.486799669
PSMD5,0.136309128
PSMD6,-0.13030005
PSMD7,-0.008334354
PSMD8,0.319185032
PSMD9,0.02733033
PSME1,-0.00562938
PSME2,0.044634045
PSME3,-0.615682633
PSME3IP1,-0.369817045
PSME4,-0.590733531
PSMF1,0.330466529
PSMG1,0.505660592
PSMG2,1.210018482
PSMG3,0.491704684
PSMG4,0.138435323
PSORS1C1,0.195758309
PSORS1C2,0.146811391
PSPC1,0.762772072
PSPH,0.087789546
PSPN,-0.028043692
PSRC1,0.31349921
PSTK,-0.454130263
PSTPIP1,0.122477744
PSTPIP2,-0.134966188
PTAFR,0.457607621
PTAR1,-0.23414135
PTBP1,-1.321812019
PTBP2,-0.252667481
PTBP3,-0.25096132
PTCD1,0.49374137
PTCD2,-0.136256394
PTCD3,0.719238095
PTCH1,0.093736823
PTCH2,0.004750066
PTCHD1,-0.279488364
PTCHD3,0.276933609
PTCHD4,-0.07799243
PTCRA,-0.100747963
PTDSS1,-0.452027406
PTDSS2,-0.298547309
PTEN,-0.038973182
PTENP1,-0.038973182
PTER,-0.275023515
PTF1A,-0.394466269
PTGDR,0.143903518
PTGDR2,-0.274351573
PTGDS,0.024065155
PTGER1,-0.216036267
PTGER2,0.284176228
PTGER3,-0.101903956
PTGER4,-0.633842086
PTGES,-0.549671933
PTGES2,-0.470797572
PTGES3,0.434687433
PTGES3L,-0.0112133
PTGES3L-AARSD1,-0.134585676
PTGFR,0.032280333
PTGFRN,-0.34578259
PTGIR,-0.233900611
PTGIS,0.041963106
PTGR1,0.326202539
PTGR2,-0.230907195
PTGS1,-0.445452278
PTGS2,-0.208852707
PTH,0.059265805
PTH1R,0.330226699
PTH2,0.157173474
PTH2R,0.306042196
PTHLH,-1.010581887
PTK2,-0.18968517
PTK2B,0.137035662
PTK6,-0.168264839
PTK7,0.037494305
PTMA,-0.173608891
PTMS,-0.281168472
PTN,-0.337403431
PTP4A1,-0.076140757
PTP4A2,-0.04891001
PTP4A2P1,-0.357486067
PTP4A3,0.249345201
PTPA,0.530466024
PTPDC1,-0.470955381
PTPMT1,-0.15326774
PTPN1,-0.492317811
PTPN11,0.02902397
PTPN12,0.017160073
PTPN13,0.109107048
PTPN14,0.164564178
PTPN18,0.335211953
PTPN2,-1.272594288
PTPN20,-1.017559036
PTPN21,0.204307175
PTPN22,-0.209997391
PTPN23,-0.559449838
PTPN3,-0.239262381
PTPN4,0.297476507
PTPN5,0.237657897
PTPN6,-0.99369398
PTPN7,0.0823102
PTPN9,0.09886341
PTPRA,0.224740915
PTPRB,-0.123668812
PTPRC,-0.063134743
PTPRCAP,0.297193569
PTPRD,-0.339516811
PTPRE,-0.132732644
PTPRF,0.05166767
PTPRG,-0.429899478
PTPRH,-0.246239794
PTPRJ,-0.26961187
PTPRK,-0.38733188
PTPRM,-0.176986024
PTPRN,-0.097001709
PTPRN2,0.217927009
PTPRO,0.246928106
PTPRQ,0.188984475
PTPRR,-0.044469188
PTPRS,-0.588283899
PTPRT,-0.601256565
PTPRU,-0.122488193
PTPRZ1,-0.361093762
PTRH1,-0.015626659
PTRHD1,0.136614016
PTS,0.263814775
PTTG1,0.066193571
PTTG1IP,0.241802034
PTTG2,-0.520419815
PTX3,-0.013614274
PTX4,0.437634937
PUDP,-0.504761121
PUF60,-0.573213709
PUM1,0.118626175
PUM2,-0.178595659
PUM3,0.049182296
PURA,-0.153519641
PURB,0.035297412
PURG,0.33851646
PUS1,-0.097150476
PUS10,-0.429806062
PUS3,0.156443025
PUS7,-0.570397191
PUS7L,0.281757737
PUSL1,-0.749859075
PVALB,-0.139640227
PVR,-0.143745408
PVRIG,-0.076571118
PWP1,0.127253616
PWP2,0.921570722
PWWP2A,0.079353925
PWWP2B,0.321680767
PWWP3B,-0.26724163
PXDC1,-0.301538339
PXDN,-0.177875709
PXDNL,0.201804695
PXK,0.11761813
PXMP2,-0.063998356
PXMP4,-0.327238032
PXN,-0.214845454
PXT1,-0.348207802
PXYLP1,-0.155088108
PYCARD,0.476283362
PYCARD-AS1,0.507177782
PYCR1,-0.175112636
PYCR2,-0.207854639
PYCR3,0.519668769
PYDC1,0.387309682
PYDC2,-0.175340227
PYGB,-0.087344743
PYGL,0.026533607
PYGM,-0.03802453
PYGO1,0.206494605
PYGO2,0.347819948
PYHIN1,0.016984289
PYM1,-0.731361635
PYROXD1,0.929468149
PYROXD2,-0.088358251
PYURF,0.883748199
PYY,-0.221258905
PZP,-0.185715914
Pwwp3a,-0.067675816
QARS1,0.1030654
QDPR,-0.101475712
QKI,-0.634357418
QPCT,-0.27919418
QPCTL,0.006525806
QPRT,0.621810289
QRFP,-0.196327858
QRFPR,0.575005962
QRICH1,-0.462764856
QRICH2,-0.049894772
QRSL1,0.609596858
QSER1,0.307121345
QSOX1,0.052547629
QSOX2,-0.054080306
QTRT1,-0.003691243
QTRT2,0.305745536
R3HCC1,0.131074342
R3HCC1L,-0.233901682
R3HDM1,0.39150868
R3HDM2,0.797502094
R3HDM4,-0.589303923
R3HDML,0.282626641
RAB10,-0.179912459
RAB11A,-0.188269051
RAB11B,-0.013830913
RAB11FIP1,-0.269380145
RAB11FIP2,0.215879769
RAB11FIP3,0.348560961
RAB11FIP4,0.009738452
RAB11FIP5,-0.376945416
RAB12,-0.52159828
RAB13,-0.081258748
RAB14,0.402376799
RAB15,0.317146563
RAB17,-0.61904156
RAB18,0.490031784
RAB19,-0.306308297
RAB1A,-0.558171533
RAB1B,0.248478707
RAB20,-0.486948788
RAB21,-0.32487467
RAB22A,0.425266524
RAB23,-0.057260034
RAB24,0.074801863
RAB25,-0.086064161
RAB26,0.600325943
RAB27A,-0.216155437
RAB27B,-0.042044683
RAB28,0.012676112
RAB29,-0.100935349
RAB2A,0.339818805
RAB2B,0.180658707
RAB30,-0.457163437
RAB31,-0.253904528
RAB32,0.108478103
RAB33A,0.146257611
RAB33B,0.740279207
RAB34,-0.374918703
RAB35,0.482417253
RAB36,0.241160193
RAB37,-0.096001605
RAB38,0.026624029
RAB39A,-0.382346714
RAB39B,-0.026732694
RAB3A,0.13105235
RAB3B,-0.13133577
RAB3C,-0.549625409
RAB3D,-0.103900314
RAB3GAP1,-0.435182833
RAB3GAP2,-0.007167614
RAB3IL1,0.167860431
RAB3IP,-0.09086952
RAB40A,-0.112076252
RAB40AL,0.007321617
RAB40B,-0.2014211
RAB40C,0.107301229
RAB41,0.093469423
RAB42,0.001108013
RAB42P1,-0.086841391
RAB43,-0.31453784
RAB44,0.361723517
RAB4A,0.089303163
RAB4B,0.006658534
RAB4B-EGLN2,0.138593338
RAB5A,-0.109367972
RAB5B,-0.252765089
RAB5C,-0.313825905
RAB5IF,-0.497769973
RAB6A,-0.558154124
RAB6B,-0.228872553
RAB6C,0.632502053
RAB6C-AS1,0.612877317
RAB6D,0.721511099
RAB7A,-1.693866835
RAB7B,-0.075856351
RAB8A,-0.062309083
RAB8B,0.063247127
RAB9A,-0.426999286
RAB9B,-0.498082657
RABAC1,-0.348249594
RABEP1,-0.040686329
RABEP2,0.497815212
RABEPK,-0.145069033
RABGAP1,0.343621419
RABGAP1L,0.288112009
RABGEF1,-0.149730903
RABGGTA,0.466688555
RABGGTB,-0.438263279
RABIF,-0.191156098
RABL2A,0.542487222
RABL2B,0.35299917
RABL3,-0.011425064
RABL6,-0.013733459
RAC1,0.456949037
RAC1P2,0.395095346
RAC2,-0.11403261
RAC3,-0.292269243
RACGAP1,0.426292263
RACK1,1.010468682
RAD1,-0.374394786
RAD17,-1.083461451
RAD18,0.133479679
RAD21,-0.059579751
RAD21L1,-0.013731876
RAD23A,-0.139122882
RAD23B,-0.179853825
RAD50,0.066311619
RAD51,-0.319787425
RAD51AP1,0.084866257
RAD51AP2,-0.626642583
RAD51B,0.166742115
RAD51C,-0.277571295
RAD51D,-0.233945365
RAD52,-0.363725891
RAD54B,-0.206601156
RAD54L,-0.034775995
RAD54L2,0.150786976
RAD9A,0.467284263
RAD9B,-0.692920294
RADIL,0.193722552
RADX,-0.51093397
RAE1,0.293884386
RAET1E,0.094287062
RAET1E-AS1,0.453715696
RAET1G,0.287238915
RAET1L,0.036137693
RAF1,-0.589403251
RAG1,-0.217959371
RAG2,0.239871427
RAI1,0.0128636
RAI14,-0.368589482
RAI2,-0.222449926
RALA,0.042660823
RALB,0.303619128
RALBP1,-0.547612553
RALGAPA1,0.502747526
RALGAPA2,-0.156917422
RALGAPB,0.61891461
RALGDS,0.265575238
RALGPS1,0.125805457
RALGPS2,0.176114181
RALY,-0.371328532
RALYL,-0.030708803
RAMAC,-0.414958282
RAMACL,-0.414958282
RAMP1,0.098932461
RAMP2,0.37870933
RAMP3,0.269176298
RAN,0.429661557
RANBP1,-0.677840213
RANBP10,0.286173898
RANBP17,-0.138501988
RANBP2,-0.214833391
RANBP3,0.148027049
RANBP3L,0.15973263
RANBP6,0.057808033
RANBP9,-0.683146512
RANGAP1,-0.34042403
RANGRF,-0.347839196
RAP1A,-0.185217569
RAP1B,-0.264278858
RAP1BL,-0.505210005
RAP1GAP,-0.156400327
RAP1GAP2,-0.325037503
RAP1GDS1,-0.469497455
RAP2A,0.010111928
RAP2B,0.492782603
RAP2C,0.720647931
RAPGEF1,-0.240650384
RAPGEF2,0.239739989
RAPGEF3,-0.03554353
RAPGEF4,0.319296695
RAPGEF5,-0.283840362
RAPGEF6,0.058148861
RAPGEFL1,0.019502216
RAPH1,0.38273009
RAPSN,-0.11459709
RARA,0.464889866
RARB,-0.067126805
RARG,-0.619092249
RARRES1,0.00997111
RARRES2,-0.041593915
RARS1,0.948608525
RARS2,0.549484761
RASA1,0.313618928
RASA2,0.257314897
RASA3,0.472842764
RASA4,-0.01323769
RASA4B,-0.04390139
RASAL1,0.267037607
RASAL2,-0.036295839
RASAL3,-0.575121779
RASD1,0.006580168
RASD2,-0.012958824
RASEF,-0.050715311
RASGEF1A,-0.13326994
RASGEF1B,0.681187221
RASGEF1C,-0.693303295
RASGRF1,-0.290581562
RASGRF2,0.102681376
RASGRP1,-0.117619407
RASGRP2,-0.240899813
RASGRP3,-0.181513847
RASGRP4,-0.500254507
RASIP1,0.019113046
RASL10A,0.122778979
RASL10B,-0.067965391
RASL11A,0.536494924
RASL11B,0.23208717
RASL12,0.033042558
RASSF1,0.071638398
RASSF10,-0.760667776
RASSF2,-0.3560965
RASSF3,-0.04128859
RASSF4,-0.333908307
RASSF5,-0.252396123
RASSF6,0.309501662
RASSF7,-0.475143851
RASSF8,-0.111332125
RASSF9,0.015850378
RAVER1,0.327002116
RAVER2,-0.256530349
RAX,0.214680255
RAX2,-0.22003651
RB1,-0.108524186
RB1CC1,-1.902189745
RBAK,-0.417949091
RBAK-RBAKDN,-0.498602742
RBBP4,-0.211859906
RBBP5,-0.06427621
RBBP6,0.471777794
RBBP7,0.015761795
RBBP8,0.301213214
RBBP8NL,-0.220526283
RBBP9,-0.339151089
RBCK1,-0.850700942
RBFA,0.56608304
RBFOX1,0.433066204
RBFOX2,0.659939772
RBFOX3,0.107269208
RBIS,-0.57959284
RBKS,-0.32533663
RBL1,-0.232228625
RBL2,-0.368586692
RBM10,-1.392213472
RBM11,1.144921261
RBM12,-0.111221762
RBM12B,0.376366476
RBM14,-0.387809469
RBM14-RBM4,-0.408069587
RBM15,0.104240886
RBM15B,0.106862605
RBM17,-0.383215439
RBM18,-0.442862865
RBM19,0.293009467
RBM20,0.087274935
RBM22,-0.284481776
RBM23,0.352074695
RBM24,0.089030069
RBM25,0.779236045
RBM26,0.701710373
RBM27,-0.01149661
RBM28,-0.004397923
RBM3,0.194194313
RBM33,-0.290021335
RBM34,0.032304296
RBM38,-0.138676277
RBM39,0.067801293
RBM4,-0.623137863
RBM41,-0.553402832
RBM42,0.420991416
RBM43,0.279555266
RBM44,0.293327436
RBM46,0.216808281
RBM47,-0.36135093
RBM48,-0.096124161
RBM4B,0.417617267
RBM5,-0.035665618
RBM6,0.573895003
RBM7,-0.153404857
RBM8A,-0.471051916
RBMS1,0.916978113
RBMS2,0.194388012
RBMS3,-0.246516309
RBMX,0.260569258
RBMX2,0.058432804
RBMXL1,0.063874785
RBMXL2,-0.463097756
RBMXL3,-0.177914783
RBMY1A1,-0.10464363
RBMY1A3P,-0.346929584
RBMY1B,-0.106455819
RBMY1D,-0.106455819
RBMY1E,-0.106455819
RBMY1F,-0.087938617
RBMY1J,-0.087938617
RBMY2EP,-0.57005834
RBMY2KP,-0.345652917
RBMY2MP,-0.027966114
RBMY2QP,-0.397919305
RBP1,0.210833902
RBP2,0.044975132
RBP3,-0.438700351
RBP4,-0.337815136
RBP5,0.168814703
RBP7,-0.463691291
RBPJ,-0.362406188
RBPJL,0.088358373
RBPMS,0.178666456
RBPMS2,0.070076045
RBSN,-0.536334357
RBX1,-0.085200324
RC3H1,0.131763627
RC3H2,0.13962354
RCAN1,0.367962267
RCAN2,0.068508858
RCAN3,-0.2208008
RCBTB1,0.587527829
RCBTB2,-0.142790169
RCC1,-0.54188824
RCC1L,-0.326499037
RCC2,-0.974099248
RCCD1,0.000967334
RCE1,-1.10058297
RCHY1,0.106712248
RCL1,1.172736917
RCN1,0.042964909
RCN2,0.316671484
RCN3,0.335837921
RCOR1,0.691238884
RCOR2,-0.358607312
RCOR3,0.339054168
RCSD1,0.491131023
RCVRN,-0.522815446
RD3,-0.376778004
RD3L,-0.012956053
RDH10,-0.304655834
RDH11,0.058892069
RDH12,-0.090471038
RDH13,-0.021662771
RDH14,-0.215312664
RDH16,-0.161467416
RDH5,0.27253685
RDH8,-0.306161076
RDM1,0.051100434
RDX,-0.062448354
REC114,-0.143387134
REC8,0.138827614
RECK,-0.314821002
RECQL,-0.256181326
RECQL4,0.057011225
RECQL5,0.558965102
REEP1,0.143283642
REEP2,-0.204251819
REEP3,0.156631709
REEP4,-0.567639853
REEP5,-0.765919008
REEP6,-0.43772319
REG1A,0.118481988
REG1B,-0.196830402
REG3A,-0.111443889
REG3G,-0.006931607
REG4,-0.136970805
REL,-0.429066474
RELA,-1.451286865
RELB,-0.470729279
RELCH,-0.005997837
RELL1,-0.343452811
RELL2,-0.223087615
RELN,-0.01352311
RELT,0.465643424
REM1,-0.772609225
REM2,-0.026377194
REN,-0.214446358
RENBP,-0.698548352
REP15,0.065094872
REPIN1,-0.334773856
REPS1,0.182884499
REPS2,-0.209758566
RER1,-0.244155094
RERE,-0.019631275
RERG,-0.190732552
RERGL,0.056431112
RESF1,-0.264483228
RESP18,-0.466488544
REST,0.101717018
RET,-0.155601594
RETN,0.088837779
RETNLB,0.299608671
RETREG1,0.297954004
RETREG2,-0.368004302
RETREG3,-0.585597098
RETSAT,-0.129111323
REV1,0.295123578
REV3L,0.061717125
REX1BD,-0.365386986
REXO1,-0.403762743
REXO2,1.314885386
REXO4,0.156719467
REXO5,0.421666169
RFC1,0.132422537
RFC2,0.304055075
RFC3,0.292569304
RFC4,0.155970531
RFC5,-0.28707116
RFESD,-0.450074298
RFFL,-0.269129303
RFK,1.451911232
RFLNA,-0.715511998
RFNG,-0.113019006
RFPL1,-0.509671143
RFPL1S,-0.509671143
RFPL2,-0.215972974
RFPL3,-0.080981
RFPL4A,-0.171502578
RFPL4AL1,-0.281183769
RFPL4B,-0.579758932
RFT1,0.021161324
RFTN1,0.122518495
RFTN2,0.227336376
RFWD2,0.671345548
RFWD3,-0.142202323
RFX1,0.162110286
RFX2,-0.115270298
RFX3,0.027323539
RFX4,-0.184006799
RFX5,0.269849911
RFX6,0.314762906
RFX7,0.180486769
RFX8,0.42792525
RFXANK,0.098579693
RFXAP,-0.282753949
RGCC,0.311760251
RGL1,0.424745951
RGL2,-0.155014522
RGL3,-0.045870674
RGL4,-0.053289815
RGMA,-0.085760592
RGMB,-0.743588933
RGN,0.048338023
RGP1,0.27975184
RGPD1,-0.240481425
RGPD2,-0.240481425
RGPD3,0.19507642
RGPD4,0.222587859
RGPD5,0.18589748
RGPD6,0.18589748
RGPD8,0.165966723
RGR,0.204070041
RGS1,-0.13013897
RGS10,-0.514124982
RGS11,0.200492364
RGS12,0.235569812
RGS13,-0.071260423
RGS14,0.660949843
RGS16,0.433154022
RGS17,0.309621653
RGS18,0.404635141
RGS19,0.18047866
RGS2,-0.456651436
RGS20,0.01480869
RGS21,0.095598484
RGS22,-0.000834288
RGS3,-0.322031654
RGS4,0.451536484
RGS6,0.090843482
RGS7,0.231395572
RGS7BP,0.013540796
RGS8,-0.200534289
RGS9,-0.22914336
RGS9BP,-0.013619595
RGSL1,-0.013513258
RHAG,-0.109455824
RHBDD1,0.199671742
RHBDD2,-0.406316814
RHBDD3,-0.071754422
RHBDF1,0.838345998
RHBDF2,-0.725008334
RHBDL1,0.534639948
RHBDL2,-0.115770023
RHBDL3,-0.175900103
RHBG,0.183069187
RHCE,-0.01597238
RHCG,0.272153577
RHD,-0.211671162
RHEB,0.622582197
RHEBL1,0.154720005
RHNO1,-0.009952419
RHO,-0.998728593
RHOA,-1.097855896
RHOB,-0.243021497
RHOBTB1,0.279712107
RHOBTB2,-0.403369275
RHOBTB3,0.187583044
RHOC,-0.286747061
RHOD,0.421974071
RHOF,-0.68054999
RHOG,-0.278984024
RHOH,-0.01208273
RHOJ,-0.325457085
RHOQ,-0.007402007
RHOT1,-0.044908429
RHOT2,0.323680974
RHOU,0.109745099
RHOV,0.148310579
RHOXF1,-0.277450124
RHOXF2,-0.050910308
RHOXF2B,-0.097323237
RHPN1,-0.641218632
RHPN2,-0.078082836
RIBC1,-0.13433333
RIBC2,0.621438802
RIC1,0.571752642
RIC3,0.221577947
RIC8A,-0.568521317
RIC8B,-0.003628413
RICTOR,0.255957518
RIDA,-0.305285108
RIF1,0.05460781
RIIAD1,0.499661171
RILP,-0.132268149
RILPL1,-0.179636537
RILPL2,0.104489275
RIMBP2,0.058495868
RIMBP3,0.095244438
RIMBP3B,-0.008160117
RIMBP3C,-0.008160117
RIMKLA,0.33944388
RIMKLB,0.085712335
RIMS1,0.046772751
RIMS2,-0.738263053
RIMS4,-0.028752562
RIN1,0.421712082
RIN2,0.042610467
RIN3,-0.667216788
RING1,-0.273564276
RINL,-0.362929034
RINT1,-0.578692969
RIOK1,0.393357694
RIOK2,0.707018766
RIOK3,0.254566118
RIOX1,0.053941387
RIOX2,-0.294270681
RIPK1,-0.37264198
RIPK2,-0.373638976
RIPK3,0.049662002
RIPK4,0.059545989
RIPOR1,0.3673224
RIPOR2,-0.272525845
RIPOR3,0.062490224
RIPPLY1,0.013937238
RIPPLY2,0.030545191
RIPPLY3,0.396064788
RIT1,0.200478018
RIT2,-0.306976459
RITA1,-0.132356828
RLBP1,0.187874281
RLF,0.218628872
RLIM,-0.427309181
RLN1,-0.085575037
RLN2,0.229793702
RLN3,0.029539457
RMC1,-0.648049259
RMDN1,0.578619923
RMDN2,-0.130982507
RMDN3,0.009478287
RMI1,0.545760791
RMI2,0.072081255
RMND1,0.398173925
RMND5A,0.032828174
RMND5B,0.166476832
RNASE1,-0.2081623
RNASE10,-0.162372578
RNASE11,-0.166244614
RNASE12,0.103596925
RNASE13,-0.156848637
RNASE2,-0.130413144
RNASE3,0.13346155
RNASE4,-0.167341107
RNASE6,-0.161259184
RNASE7,-0.301136271
RNASE8,0.066220537
RNASE9,-0.08804102
RNASEH1,0.282230697
RNASEH2A,0.128033347
RNASEH2B,0.553065827
RNASEH2C,-0.409611007
RNASEK,-0.517916881
RNASEK-C17orf49,-0.234904861
RNASEL,0.409924693
RNASET2,0.20273917
RND1,0.372756784
RND2,-0.102218588
RND3,0.243981365
RNF10,0.181755607
RNF103,0.029680117
RNF103-CHMP3,-0.111404262
RNF11,0.319412532
RNF111,-1.039289678
RNF112,-0.269780894
RNF113A,-1.024863889
RNF113B,0.175963729
RNF114,0.129697365
RNF115,0.316561315
RNF121,-0.453768047
RNF122,-0.586589517
RNF123,-0.31001994
RNF125,-0.03408894
RNF126,-0.338154051
RNF128,0.081007495
RNF13,0.426733378
RNF130,-0.567625437
RNF133,0.127388505
RNF135,0.013653742
RNF138,-0.296640757
RNF139,0.380620305
RNF14,-0.468895509
RNF141,0.177702757
RNF144A,0.054947959
RNF144B,0.081295121
RNF145,-0.019722752
RNF146,0.068025313
RNF148,-0.350656936
RNF149,0.033686117
RNF150,0.569758699
RNF151,1.091000727
RNF152,0.155194506
RNF157,0.142078559
RNF165,-0.697308788
RNF166,-0.667368921
RNF167,-0.796519487
RNF168,0.145794124
RNF169,0.053212663
RNF17,0.066003612
RNF170,-0.10829193
RNF175,0.632620998
RNF180,-0.495596091
RNF181,-0.921594934
RNF182,0.468107712
RNF183,-0.140834601
RNF185,-0.464488417
RNF186,-0.042351122
RNF187,0.228673878
RNF19A,-1.111427006
RNF19B,-0.468179983
RNF2,-0.249670326
RNF20,0.501626484
RNF207,0.203726057
RNF208,-0.180901159
RNF212,0.04698384
RNF212B,-0.144349237
RNF213,0.242516301
RNF214,-0.237033557
RNF215,0.046218557
RNF216,-0.044152638
RNF217,-0.25535082
RNF220,0.521411836
RNF222,-0.146170467
RNF223,0.451596655
RNF224,0.255236797
RNF225,-0.267698717
RNF24,-0.22548095
RNF25,-0.122542236
RNF26,0.006318814
RNF31,-0.930087368
RNF32,-0.079613582
RNF34,-0.526460593
RNF38,0.276739517
RNF39,-0.141706388
RNF4,-0.479830872
RNF40,0.842434884
RNF41,0.670641299
RNF44,0.213151601
RNF5,0.432726173
RNF6,0.24848579
RNF7,-1.218314682
RNF8,-0.621690595
RNFT1,-0.464550741
RNFT2,0.141242229
RNGTT,0.076204147
RNH1,0.383789845
RNLS,-0.044037161
RNMT,-0.23648839
RNPC3,-0.289158334
RNPEP,0.235720468
RNPEPL1,0.297486484
RNPS1,0.255446941
RNR2,-0.162797763
ROBO1,-0.264980737
ROBO2,0.154210488
ROBO3,-0.039463405
ROBO4,-0.008127237
ROCK1,-0.045956776
ROCK2,-0.121980798
ROGDI,-0.050197177
ROM1,0.346519107
ROMO1,0.25499638
ROPN1,0.212492783
ROPN1B,0.189214931
ROPN1L,-0.151376614
ROR1,-0.420446876
ROR2,0.018788336
RORA,0.16889067
RORB,0.109589305
RORC,0.234691315
ROS1,-0.23948265
RP1,-0.459946132
RP1L1,-0.083828388
RP2,0.589186441
RP9,0.315344507
RPA1,-0.482233832
RPA2,-0.319048497
RPA3,-0.225503952
RPA4,-0.141156905
RPAIN,-0.814964475
RPAP1,0.025891058
RPAP2,-0.409759889
RPAP3,-0.676071784
RPE,0.90307904
RPE65,0.184551887
RPEL1,0.602799665
RPF1,0.223385565
RPF2,-0.024596884
RPGR,-0.168888979
RPGRIP1,0.097765351
RPGRIP1L,-0.066237374
RPH3A,-0.338249934
RPH3AL,0.086466834
RPIA,1.234214904
RPL10,0.168181894
RPL10A,0.428892825
RPL10L,-0.700320012
RPL10P9,-0.122065109
RPL11,-0.170979128
RPL12,0.226623893
RPL13,0.615961591
RPL13A,0.013376464
RPL14,-0.30809206
RPL14P1,0.062397011
RPL15,0.595033851
RPL15P3,0.626568793
RPL15P7,0.700970647
RPL17,0.165099721
RPL17-C18orf32,0.062655712
RPL17P18,0.049190195
RPL17P34,0.049190195
RPL17P39,0.552763356
RPL17P5,-0.188689228
RPL17P6,0.376364478
RPL17P7,0.376364478
RPL18,0.841708341
RPL18A,-0.010475903
RPL18AP3,0.157545709
RPL19,-0.368581638
RPL19P9,-0.728637358
RPL21,0.316575423
RPL21P11,0.330516946
RPL21P119,0.330516946
RPL21P16,0.330516946
RPL21P2,0.330516946
RPL21P28,0.330516946
RPL21P75,0.330516946
RPL21P97,0.330516946
RPL22,0.139112864
RPL22L1,-0.224966691
RPL22P1,0.287673136
RPL22P2,-0.287901724
RPL23,-0.440966687
RPL23A,-0.078181655
RPL23AP42,-0.013372018
RPL24,0.07423075
RPL24P4,0.141061449
RPL26,0.648598344
RPL26L1,0.477309041
RPL26P19,-0.381595835
RPL26P32,0.514264505
RPL26P4,0.514264505
RPL27,0.19803689
RPL27A,0.415903395
RPL27AP6,0.395729949
RPL28,0.622409102
RPL29,-0.064412249
RPL29P11,-0.467981237
RPL29P4,-0.038980973
RPL3,0.126393066
RPL30,0.335053489
RPL31,0.864296603
RPL32,-0.122869153
RPL32P3,0.054515277
RPL34,-0.304708191
RPL34P6,-0.077452236
RPL35,0.136687748
RPL35A,0.311159493
RPL36,0.312797417
RPL36A,0.078908378
RPL36A-HNRNPH2,0.078908378
RPL36AL,0.356490893
RPL36AP21,0.633942502
RPL36AP37,0.581136178
RPL36AP42,0.356490893
RPL37,-0.088958953
RPL37A,0.123545768
RPL38,-0.206032055
RPL39,0.476031353
RPL39L,-0.343629026
RPL39P15,0.701831028
RPL39P19,-0.343629026
RPL39P27,0.992485415
RPL39P3,0.476031353
RPL39P38,0.171293241
RPL39P5,0.992485415
RPL39P6,0.992485415
RPL3L,0.595256179
RPL4,-0.035445742
RPL41,-0.200163215
RPL5,0.246611979
RPL6,0.27697612
RPL6P27,0.169780982
RPL7,0.241600033
RPL7A,0.22553146
RPL7L1,-0.046085998
RPL7P32,0.426695146
RPL7P9,0.426695146
RPL8,0.17423809
RPL9,0.202692225
RPL9P7,-0.210982933
RPL9P8,-0.210982933
RPLP0,1.021144247
RPLP1,0.757808114
RPLP1P4,1.111063607
RPLP2,-0.011754063
RPN1,-0.685543481
RPN2,0.023820275
RPP14,1.016970563
RPP21,-0.345411549
RPP25,-0.04266912
RPP25L,-0.425771076
RPP30,1.835954931
RPP38,0.68677876
RPP38-DT,0.158310777
RPP40,0.499670038
RPRD1A,0.011683835
RPRD1B,0.696420588
RPRD2,0.669349932
RPRM,-0.101854316
RPRML,-0.082263368
RPS10,0.562167691
RPS10-NUDT3,0.34224906
RPS10P15,-0.383197273
RPS10P2,-0.383197273
RPS10P26,0.664765792
RPS11,0.363023835
RPS12,0.859996089
RPS13,0.562095171
RPS14,0.947654402
RPS15,0.339284176
RPS15A,1.535499575
RPS15AP1,0.783414036
RPS15AP11,2.06394026
RPS15AP19,2.06394026
RPS15AP24,2.06394026
RPS15P4,0.114359342
RPS16,1.397128114
RPS17,0.42229164
RPS18,0.203438278
RPS18P12,-0.092418325
RPS18P13,-0.092418325
RPS19,1.291045971
RPS19BP1,0.508937584
RPS2,1.163571218
RPS20,1.213367624
RPS21,0.3768807
RPS23,0.503776248
RPS24,0.401158678
RPS25,0.252647439
RPS25P6,0.374455226
RPS26,0.281312778
RPS26P11,0.305318749
RPS26P15,-0.206693184
RPS26P25,0.162072952
RPS26P28,0.162072952
RPS26P3,0.305318749
RPS26P31,0.387593292
RPS26P32,0.162072952
RPS26P47,0.162072952
RPS26P58,0.305318749
RPS26P6,0.162072952
RPS26P7,0.305318749
RPS26P8,0.162072952
RPS27,0.173896715
RPS27A,0.838030799
RPS27AP11,0.791481852
RPS27AP16,0.372273471
RPS27AP5,0.439787516
RPS27L,-0.04920948
RPS27P13,-0.007487233
RPS27P17,0.301053647
RPS27P19,0.12759951
RPS27P21,0.052607122
RPS27P29,-0.007487233
RPS27P3,0.099271287
RPS27P4,0.167662414
RPS27P6,0.252693972
RPS27P8,0.173896715
RPS27P9,-0.007487233
RPS28,1.674986561
RPS28P7,1.389148624
RPS29,0.670978022
RPS29P16,0.909943116
RPS3,0.706865131
RPS3A,0.553251692
RPS3AP26,0.750679632
RPS3AP47,1.01187191
RPS3AP5,0.750679632
RPS3AP6,0.873417974
RPS4X,1.386588553
RPS4Y1,-0.21974435
RPS4Y2,0.290039808
RPS5,0.718378451
RPS6,0.468098986
RPS6KA1,0.187766391
RPS6KA2,0.09032611
RPS6KA3,0.202090667
RPS6KA4,-0.311699955
RPS6KA5,-0.403094733
RPS6KA6,-0.282158882
RPS6KB1,0.035700917
RPS6KB2,-0.202093778
RPS6KC1,-0.163290344
RPS6KL1,0.145946747
RPS7,0.395828302
RPS7P14,-0.204188235
RPS8,0.435193942
RPS8P8,0.531256044
RPS9,0.738670878
RPSA,-0.04414335
RPSAP58,-0.143346092
RPTN,-0.262981238
RPTOR,-0.671741273
RPUSD1,0.259787967
RPUSD2,-0.121489983
RPUSD3,0.901961245
RPUSD4,0.979442696
RRAD,-0.1335723
RRAGA,0.252262686
RRAGB,-0.019598207
RRAGC,0.259023331
RRAGD,-0.253295022
RRAS,-0.211720907
RRAS2,0.136638816
RRBP1,0.114477307
RREB1,-0.086317574
RRH,0.924199647
RRM1,0.230000722
RRM2,-0.294236126
RRM2B,-0.217990186
RRN3,0.306272878
RRNAD1,-0.411077075
RRP1,0.736804059
RRP12,0.634780301
RRP15,0.565767342
RRP1B,-0.497983506
RRP36,0.401575523
RRP7A,1.385356643
RRP8,-0.162931081
RRP9,0.041496236
RRS1,0.396121954
RS1,-0.058128407
RSAD1,-0.131120528
RSAD2,0.715551211
RSBN1,-0.332198105
RSBN1L,-0.465064927
RSC1A1,0.233328228
RSF1,-0.011742487
RSKR,-0.207806025
RSL1D1,1.242236628
RSL24D1,0.678183876
RSL24D1P11,0.069196021
RSPH1,0.407649501
RSPH10B,0.128565639
RSPH10B2,0.204705342
RSPH14,-0.327151036
RSPH3,-0.309392146
RSPH4A,0.345051754
RSPH6A,-0.281271435
RSPH9,0.174657055
RSPO1,0.013618583
RSPO2,-0.262806166
RSPO3,-0.137621865
RSPO4,-0.037715841
RSRC1,0.119306386
RSRC2,-0.565007305
RSRP1,-0.136430547
RSU1,-0.048260652
RTBDN,-0.561618579
RTCA,-0.203717716
RTCB,1.12405565
RTEL1,0.206489792
RTEL1-TNFRSF6B,0.11004492
RTF1,-0.083344952
RTF2,-0.076219535
RTKN,-0.123189234
RTKN2,-0.212973392
RTL1,0.583081746
RTL10,-0.157476541
RTL3,-0.051809058
RTL4,-0.187587679
RTL5,-0.842275634
RTL6,0.149896247
RTL8A,0.31078592
RTL8B,-0.122327542
RTL8C,-0.001538057
RTL9,-0.193452884
RTN1,-0.013707457
RTN2,0.017698481
RTN3,0.152885454
RTN4,-0.016436856
RTN4IP1,0.719373677
RTN4R,-0.477746852
RTN4RL1,-0.210611099
RTN4RL2,-0.068042679
RTP1,0.051334697
RTP2,0.174956488
RTP3,-0.134007534
RTP4,-0.135162582
RTP5,-0.051102587
RTRAF,-0.749195918
RTTN,0.619525432
RUBCN,-0.091163647
RUBCNL,-0.158250113
RUFY1,-0.49835797
RUFY2,-0.498348374
RUFY3,0.203350968
RUFY4,0.254313024
RUNDC1,-0.344252535
RUNDC3A,-0.42986352
RUNDC3B,0.25084083
RUNX1,0.180753481
RUNX1T1,-0.220095907
RUNX2,0.641804895
RUNX3,-0.008593502
RUSC1,0.203393114
RUSC1-AS1,0.267334746
RUSC2,0.139644464
RUVBL1,-0.405879541
RUVBL2,0.435961309
RWDD1,0.58867324
RWDD2A,-0.279637663
RWDD2B,0.677565858
RWDD3,0.608782373
RWDD4,0.318977069
RWDD4P2,0.727186974
RXFP1,0.672558817
RXFP2,0.015486123
RXFP3,-0.183448128
RXFP4,0.16726404
RXRA,0.421216833
RXRB,0.237324423
RXRG,-0.128795225
RXYLT1,0.240750859
RYK,-0.021979875
RYR1,0.003855948
RYR2,-0.347077828
RYR3,-0.049575581
S100A1,0.122126237
S100A10,-0.719334546
S100A11,-0.390645054
S100A12,0.40613021
S100A13,0.451003669
S100A14,-0.241071729
S100A16,-0.111634009
S100A2,-0.253960025
S100A3,-0.17748754
S100A4,0.218959097
S100A5,-0.223289978
S100A6,-0.393317509
S100A7,-0.261830326
S100A7A,-0.287016573
S100A7L2,-0.274581822
S100A8,-0.409151983
S100A9,0.197799895
S100B,0.149038074
S100G,-0.029227619
S100P,0.043929124
S100PBP,0.147622209
S100Z,0.467655295
S1PR1,0.221664415
S1PR2,-0.626152703
S1PR3,0.082407818
S1PR4,0.067172723
S1PR5,-0.176170379
SAA1,0.364736643
SAA2,0.254923498
SAA2-SAA4,0.123334529
SAA4,0.024642802
SAAL1,-0.370920874
SAC3D1,0.283185642
SACM1L,-0.243068271
SACS,-0.111595746
SAE1,-0.051204942
SAFB,0.467634602
SAFB2,-0.36303242
SAG,0.19417526
SAGE1,-0.032314347
SALL1,0.328548802
SALL2,-0.295366111
SALL3,-0.041510243
SALL4,0.46228597
SAMD10,-0.362889362
SAMD11,0.149986086
SAMD12,-0.617293153
SAMD13,0.023952705
SAMD14,-0.411266168
SAMD15,0.380557247
SAMD3,-0.518877864
SAMD4A,0.328540287
SAMD4B,-0.076145527
SAMD5,-0.011533762
SAMD7,0.320890116
SAMD8,0.187753508
SAMD9,-0.329993337
SAMD9L,0.010560922
SAMHD1,-0.562174262
SAMM50,1.03219942
SAMSN1,1.158756477
SAP130,-0.14354923
SAP18,-0.756666635
SAP25,0.184744523
SAP30,0.046068164
SAP30BP,-0.332418777
SAP30L,0.005618164
SAPCD1,0.234011267
SAPCD2,-0.009200504
SAR1A,0.193411043
SAR1B,-0.072072315
SARAF,-0.405552997
SARDH,-0.083324479
SARM1,-0.272014932
SARNP,-0.35587855
SARS1,0.535127843
SARS2,0.762599142
SART1,-0.059729292
SART3,0.0152625
SASH1,-0.011008759
SASH3,-0.141728313
SASS6,0.150702936
SAT1,-0.859366128
SAT2,-0.311373191
SATB1,0.011274458
SATB2,0.198423771
SATL1,-0.194032968
SAV1,0.153456696
SAXO1,-0.151526787
SAXO2,-0.263221677
SAYSD1,0.186182085
SBDS,0.465711953
SBF1,0.54327802
SBF2,-0.036544465
SBK1,-0.008804681
SBK2,-0.113038058
SBK3,0.058925411
SBNO1,-0.298148689
SBNO2,-0.851519749
SBSN,0.18710452
SBSPON,0.01111041
SC5D,-0.212504867
SCAF1,-0.403108552
SCAF11,0.596173067
SCAF4,1.098361182
SCAF8,1.110960604
SCAI,0.368785782
SCAMP1,-0.383010216
SCAMP2,0.500740474
SCAMP3,0.163870241
SCAMP4,-0.219087879
SCAMP5,0.159685628
SCAND1,0.03653523
SCAP,-0.188617134
SCAPER,-0.223552878
SCARA3,0.214768318
SCARA5,-0.213251884
SCARB1,0.148807793
SCARB2,0.630585333
SCARF1,-0.200126162
SCARF2,-0.029854694
SCCPDH,0.388564711
SCD,0.132973524
SCD5,0.604381849
SCEL,0.081210167
SCFD1,-0.152023991
SCFD2,0.579603999
SCG2,-0.162768259
SCG3,-0.107768685
SCG5,-0.08847586
SCGB1A1,0.033806851
SCGB1C1,-0.017139268
SCGB1C2,-0.038255123
SCGB1D1,0.735703044
SCGB1D2,0.091903762
SCGB1D4,-0.219858965
SCGB2A1,0.180275697
SCGB2A2,-0.000228669
SCGB2B2,-0.256320687
SCGB3A1,-0.159114605
SCGB3A2,-0.259404354
SCGN,-0.032207543
SCHIP1,-0.199475653
SCIMP,-0.091378137
SCIN,-0.024448624
SCLT1,0.589214626
SCLY,0.159581369
SCMH1,0.003709794
SCML1,0.22154179
SCML2,0.172483415
SCML4,-0.198134878
SCN10A,-0.902144199
SCN11A,-0.210081797
SCN1A,0.27255691
SCN1B,-0.314207661
SCN2A,0.520454841
SCN2B,0.137056702
SCN3A,0.226598901
SCN3B,-0.342800296
SCN4A,-0.696945416
SCN4B,0.186815
SCN5A,0.281402356
SCN7A,0.74899525
SCN8A,-0.12312749
SCN9A,0.398046588
SCNM1,-0.113874061
SCNN1A,-0.317124518
SCNN1B,0.776611217
SCNN1D,-0.100652231
SCNN1G,0.244568401
SCO1,0.793791102
SCO2,1.007668069
SCOC,0.373353353
SCP2,0.052157048
SCP2D1,-0.171651152
SCPEP1,0.138183917
SCRG1,0.525727071
SCRIB,0.048409029
SCRN1,0.306473099
SCRN2,-0.098211492
SCRN3,0.290034189
SCRT1,0.495498848
SCRT2,-0.016233884
SCT,0.152274896
SCTR,0.708060931
SCUBE1,-0.272091934
SCUBE2,0.340780802
SCUBE3,-0.143041452
SCX,-0.03781901
SCYL1,0.183901569
SCYL2,-0.099575187
SCYL3,0.243087889
SDAD1,0.251805974
SDC1,0.049766538
SDC2,-0.36306672
SDC3,0.461127082
SDC4,-0.234196796
SDCBP,-0.020174654
SDCBP2,0.157892485
SDCCAG8,-0.358391058
SDE2,-0.272831772
SDF2,-0.466185626
SDF2L1,-0.32307988
SDF4,-0.337863534
SDHA,0.369412642
SDHAF1,0.273484353
SDHAF2,0.481561661
SDHAF3,0.035160559
SDHB,0.276698319
SDHC,0.784462402
SDHD,0.106741176
SDHDP3,-0.016549883
SDK1,0.208343199
SDK2,-0.337930657
SDR16C5,-0.263635377
SDR39U1,0.32292318
SDR42E1,0.347984265
SDR9C7,0.293073644
SDS,-0.433323358
SDSL,-0.455110945
SEBOX,-0.490500705
SEC11A,0.680747867
SEC11C,-0.256568226
SEC13,0.173679671
SEC14L1,0.220916004
SEC14L2,0.097909508
SEC14L3,-0.051169504
SEC14L4,0.034732004
SEC14L5,1.10339453
SEC14L6,0.202334171
SEC16A,0.50217866
SEC16B,0.096970619
SEC22A,-0.864132758
SEC22B,0.314737012
SEC22C,-0.211423931
SEC23A,0.010231033
SEC23B,0.053900973
SEC23IP,0.241360075
SEC24A,-0.430193797
SEC24B,0.217387123
SEC24C,0.029616046
SEC24D,0.593040603
SEC31A,0.18299771
SEC31B,0.119962308
SEC61A1,-0.261229278
SEC61A2,-0.00202721
SEC61B,-0.452581843
SEC61G,-0.019870266
SEC62,-0.559694202
SEC63,-0.489033939
SECISBP2,-0.495415261
SECISBP2L,-0.342670336
SECTM1,0.073378078
SEH1L,0.185415725
SEL1L,-0.664075958
SEL1L2,0.073057731
SEL1L3,-0.302992988
SELE,0.153152151
SELENBP1,-0.717969915
SELENOF,0.086026683
SELENOH,0.091118869
SELENOI,0.423643665
SELENOK,-0.58411592
SELENOM,-0.125666579
SELENON,0.103012624
SELENOO,0.173437119
SELENOP,-0.101476245
SELENOS,-0.354607358
SELENOT,0.120686169
SELENOV,0.223002295
SELENOW,-0.002066545
SELL,0.296756729
SELP,-0.223184972
SELPLG,-0.105271747
SEM1,0.058236714
SEMA3A,0.134769802
SEMA3B,-0.263172957
SEMA3C,-0.275937877
SEMA3D,0.033961243
SEMA3E,-0.223225877
SEMA3F,-0.111872413
SEMA3G,-0.25886512
SEMA4A,0.112730858
SEMA4B,-0.05725218
SEMA4C,0.217496879
SEMA4D,-0.265929523
SEMA4F,-0.112862261
SEMA4G,-0.052994859
SEMA5A,-0.224813177
SEMA5B,-0.024369373
SEMA6A,-0.19846976
SEMA6B,-0.535909903
SEMA6C,0.437404888
SEMA6D,-0.197880215
SEMA7A,-0.26088597
SEMG1,-0.118054024
SEMG2,-0.528552726
SENP1,0.446348441
SENP2,-1.113832662
SENP3,0.624411467
SENP3-EIF4A1,0.446456464
SENP5,-0.058185009
SENP6,-0.34005458
SENP7,-0.74517615
SENP8,-0.073155335
SEPHS1,0.23867824
SEPHS2,0.269783346
SEPSECS,0.133592252
SEPT5-GP1BB,-0.371390569
SEPTIN1,0.775690989
SEPTIN10,0.24748874
SEPTIN11,0.383243654
SEPTIN12,0.355719424
SEPTIN14,-0.066939609
SEPTIN2,0.548922296
SEPTIN3,0.247041263
SEPTIN4,0.003910537
SEPTIN5,-0.539472939
SEPTIN6,0.087471061
SEPTIN7,1.44423944
SEPTIN8,-0.133648619
SEPTIN9,0.005798906
SERAC1,-0.064886671
SERBP1,0.674885307
SERF1A,0.140433646
SERF1B,0.140433646
SERF2,-0.245943149
SERF2-C15ORF63,0.013036153
SERGEF,0.473924997
SERHL,0.048973139
SERHL2,0.12390547
SERINC1,-0.65625786
SERINC2,0.034477625
SERINC3,0.076982498
SERINC4,0.173127882
SERINC5,0.347049597
SERP1,0.29285281
SERP2,-0.397762126
SERPINA1,0.209225235
SERPINA10,-0.214071857
SERPINA11,-0.00845307
SERPINA12,-0.566551769
SERPINA3,-0.139835587
SERPINA4,-0.010308512
SERPINA5,-0.085492072
SERPINA6,-0.047185286
SERPINA7,-0.164005518
SERPINA9,0.004475391
SERPINB1,-0.314042157
SERPINB10,0.332043882
SERPINB11,-0.173430909
SERPINB12,-0.093557134
SERPINB13,-0.016745286
SERPINB2,-0.050501757
SERPINB3,-0.117022661
SERPINB4,-0.18977918
SERPINB5,-0.398078814
SERPINB6,-0.160569626
SERPINB7,0.282378359
SERPINB8,-0.304774904
SERPINB9,-2.782271781
SERPINC1,0.353041456
SERPIND1,-0.222285197
SERPINE1,-0.756997822
SERPINE2,0.246725192
SERPINE3,0.120679132
SERPINF1,-0.151825342
SERPINF2,-0.259915476
SERPING1,0.165352895
SERPINH1,-0.08211667
SERPINI1,0.099356677
SERPINI2,-0.142725053
SERTAD1,-0.195008712
SERTAD2,-0.288933324
SERTAD3,-0.057141729
SERTAD4,-0.292309871
SERTM1,0.099778811
SESN1,0.276761543
SESN2,0.247467328
SESN3,0.191082175
SESTD1,0.101639497
SET,0.631215016
SETBP1,-0.074893861
SETD1A,0.186934382
SETD1B,-0.031034856
SETD2,0.349197984
SETD3,-0.566690771
SETD4,0.165992948
SETD5,0.692575549
SETD6,0.197390214
SETD7,-0.163137234
SETD9,-0.550346527
SETDB1,0.554842363
SETDB2,0.049227909
SETDB2-PHF11,-0.014642322
SETMAR,-0.119459868
SETP14,0.68879521
SETSIP,-0.254650564
SETX,-0.259707663
SEZ6,-0.001518058
SEZ6L,0.063848172
SEZ6L2,0.60640367
SF1,-0.755050426
SF3A1,-0.434576016
SF3A2,0.14306374
SF3A3,-0.725449078
SF3B1,-0.181626321
SF3B2,-0.496313468
SF3B3,-0.045854379
SF3B4,0.146790348
SF3B5,-0.277911487
SF3B6,-0.340634171
SFI1,0.066156722
SFMBT1,0.26836162
SFMBT2,0.143470302
SFN,0.069552958
SFPQ,0.511539588
SFR1,0.165344176
SFRP1,-0.157550788
SFRP2,0.675594931
SFRP4,0.485924026
SFRP5,-0.285625952
SFSWAP,-0.36621257
SFT2D1,-0.435923792
SFT2D2,0.028658065
SFT2D3,0.280870963
SFTA2,0.049959685
SFTA3,0.103564915
SFTPA1,-0.307484883
SFTPA2,-0.124336682
SFTPB,0.200222752
SFTPC,0.051302532
SFTPD,-0.304040872
SFXN1,0.422800909
SFXN2,-0.011034536
SFXN3,-0.249615468
SFXN4,0.512840867
SFXN5,-0.248962516
SGCA,0.001618431
SGCB,0.064113604
SGCD,0.059797468
SGCE,-0.10407939
SGCG,0.155709361
SGCZ,-0.272566845
SGF29,1.524520712
SGIP1,-0.421455651
SGK1,0.493827125
SGK2,-0.082733028
SGK3,0.454721946
SGMS1,0.334205641
SGMS2,0.439696237
SGO2,-0.027936186
SGPL1,-0.337902889
SGPP1,0.152200111
SGPP2,0.461663706
SGSH,-0.554079366
SGSM1,-0.197663711
SGSM2,-0.100480794
SGSM3,-0.108804045
SGTA,-0.407119008
SGTB,-0.395316084
SH2B1,0.352126536
SH2B2,-0.082676954
SH2B3,-0.095641556
SH2D1A,0.200331976
SH2D1B,0.384731417
SH2D2A,-0.24765657
SH2D3A,0.011491384
SH2D3C,0.219487328
SH2D4A,-0.190562869
SH2D4B,0.050895458
SH2D5,-0.439126976
SH2D6,0.17668585
SH2D7,0.177967979
SH3BGR,0.215073049
SH3BGRL,-0.124344144
SH3BGRL2,0.180688029
SH3BGRL3,-0.134587001
SH3BP1,-0.300889919
SH3BP2,-0.377267635
SH3BP4,0.149845112
SH3BP5,-0.154305761
SH3BP5L,-0.254180418
SH3D19,0.277532468
SH3D21,0.276138751
SH3GL1,0.059839214
SH3GL2,0.019717245
SH3GL3,-0.380348469
SH3GLB1,0.121423717
SH3GLB2,0.242675855
SH3KBP1,-0.114940904
SH3PXD2A,-0.088644942
SH3PXD2B,-0.041695453
SH3RF1,0.505660449
SH3RF2,-0.267999542
SH3RF3,0.4315894
SH3TC1,0.654626726
SH3TC2,0.005379441
SH3YL1,0.226910194
SHANK1,-0.410480889
SHANK2,0.2452094
SHANK3,0.360802069
SHARPIN,-0.625165215
SHB,0.066446861
SHBG,-0.323454481
SHC1,-0.024393563
SHC2,-0.650821169
SHC3,-0.031782697
SHC4,-0.147088423
SHCBP1,0.519616875
SHCBP1L,0.224417582
SHD,-0.727448357
SHE,0.770280046
SHF,0.061119875
SHFL,0.163760899
SHH,-0.045351144
SHISA2,-0.370918004
SHISA3,-0.109552152
SHISA4,-0.093420241
SHISA5,0.078134478
SHISA6,0.416362334
SHISA7,-0.453413001
SHISA8,0.048658336
SHISA9,0.498291062
SHISAL1,-0.315545559
SHISAL2A,-0.096962581
SHISAL2B,-0.143556168
SHKBP1,-0.02154303
SHLD1,0.094883214
SHLD2,-0.07931808
SHLD2P1,0.206802245
SHLD2P3,0.853135895
SHMT1,0.075247453
SHMT2,-0.136741295
SHOC1,-0.101088499
SHOC2,-1.289531565
SHOX,-0.004669427
SHOX2,0.252506909
SHPK,0.102767972
SHPRH,-0.060777877
SHQ1,0.211371779
SHROOM1,0.048947352
SHROOM2,-0.525563352
SHROOM3,0.268737265
SHROOM4,0.106056272
SHTN1,0.122157201
SI,-0.194567073
SIAE,-0.262232576
SIAH1,0.301662414
SIAH2,0.476336182
SIAH3,-0.142646086
SIDT1,-0.050908726
SIDT2,-0.232161652
SIGIRR,-0.120823529
SIGLEC1,0.105292007
SIGLEC10,0.093909375
SIGLEC11,-0.162191982
SIGLEC12,-0.280977093
SIGLEC14,0.34184945
SIGLEC15,0.180146721
SIGLEC5,0.018224819
SIGLEC6,-0.51119525
SIGLEC7,0.248915483
SIGLEC8,0.178360941
SIGLEC9,-0.204361226
SIGLECL1,-0.46618505
SIGMAR1,0.038433325
SIK1,-0.460097792
SIK1B,-0.460097792
SIK2,0.278898195
SIK3,0.470802893
SIKE1,0.121449617
SIL1,-0.123454753
SIM1,0.038931831
SIM2,-0.129602295
SIMC1,0.372494848
SIN3A,-0.078948226
SIN3B,0.961311554
SINHCAF,0.905457777
SIPA1,-0.075507233
SIPA1L1,0.153821451
SIPA1L2,-0.063560157
SIPA1L3,0.481600167
SIRPA,-0.396305993
SIRPB1,-0.249083541
SIRPB2,-0.22165954
SIRPD,0.088796282
SIRPG,-0.072226617
SIRT1,-0.258657518
SIRT2,0.086066445
SIRT3,0.088516202
SIRT4,-0.829177784
SIRT5,-0.225439862
SIRT6,-0.117463287
SIRT7,-0.554703075
SIT1,0.366361371
SIVA1,0.032377025
SIX1,-0.253560154
SIX2,0.501464361
SIX3,-0.453838012
SIX4,-0.05640455
SIX5,-0.252669588
SIX6,-0.146956411
SKA1,0.666137297
SKA2,-0.002331252
SKA2P1,0.047549589
SKA3,0.167746486
SKAP1,-0.510017183
SKAP2,0.38670623
SKI,-0.171202827
SKIDA1,0.058008046
SKIL,0.391086241
SKIV2L,-0.592665064
SKOR1,-0.073843639
SKOR2,0.014730656
SKP1,0.398395823
SKP2,1.847805371
SLA,-0.389419988
SLA2,-0.03342564
SLAIN1,0.123659487
SLAIN2,-0.127654519
SLAMF1,-0.100591326
SLAMF6,0.244060123
SLAMF7,0.202841287
SLAMF8,-0.425920395
SLAMF9,-0.118523036
SLBP,0.080598214
SLC10A1,-0.213468791
SLC10A2,-0.067680579
SLC10A3,0.071615171
SLC10A4,-0.094397592
SLC10A5,0.073399732
SLC10A6,0.013789227
SLC10A7,-0.057134654
SLC11A1,-0.105877233
SLC11A2,-0.244271511
SLC12A1,-0.095976326
SLC12A2,0.34937709
SLC12A3,-0.288720725
SLC12A4,0.142402586
SLC12A5,0.150823023
SLC12A6,0.21559417
SLC12A7,-0.387250964
SLC12A8,0.147786239
SLC12A9,-0.217888884
SLC13A1,-0.204375422
SLC13A2,-0.052120909
SLC13A3,0.1974798
SLC13A4,0.045985934
SLC13A5,-0.193433364
SLC14A1,-0.04260362
SLC14A2,0.154684484
SLC15A1,-0.075168965
SLC15A2,0.089847847
SLC15A3,0.021629651
SLC15A4,0.319259745
SLC15A5,-0.038447829
SLC16A1,0.441135805
SLC16A10,-0.443984072
SLC16A11,-0.272755015
SLC16A12,0.366476885
SLC16A13,-0.536550686
SLC16A14,-0.228729769
SLC16A2,-0.181445146
SLC16A3,0.026325284
SLC16A4,-0.152140373
SLC16A5,0.071114115
SLC16A6,-0.277328346
SLC16A7,-0.256018228
SLC16A8,-0.092263317
SLC16A9,0.103175898
SLC17A1,0.363077296
SLC17A2,0.255230424
SLC17A3,-0.165798872
SLC17A4,-0.110481445
SLC17A5,-0.080965165
SLC17A6,0.250586863
SLC17A7,0.378674686
SLC17A8,-0.435339692
SLC17A9,-0.136835068
SLC18A1,-0.364353687
SLC18A2,0.030519845
SLC18A3,-0.658343493
SLC18B1,-0.212176462
SLC19A1,0.492793109
SLC19A2,0.458538353
SLC19A3,0.062822272
SLC1A1,-0.479551883
SLC1A2,-0.492282276
SLC1A3,0.124947876
SLC1A4,-0.38681892
SLC1A5,0.008212043
SLC1A6,0.117765533
SLC1A7,0.264208003
SLC20A1,0.14664083
SLC20A2,0.148299175
SLC22A1,0.11779482
SLC22A10,0.273174279
SLC22A11,-0.199945196
SLC22A12,0.003408722
SLC22A13,0.170275936
SLC22A14,-0.031327131
SLC22A15,0.283758141
SLC22A16,0.126709194
SLC22A17,-0.389962464
SLC22A18,0.027002131
SLC22A18AS,0.442419
SLC22A2,0.030449049
SLC22A20P,0.383185234
SLC22A23,0.281269629
SLC22A24,0.221751182
SLC22A25,-0.525259863
SLC22A3,-0.192877259
SLC22A31,0.232856181
SLC22A4,-0.411730585
SLC22A5,0.134539121
SLC22A6,-0.187187367
SLC22A7,-0.028095679
SLC22A8,-0.276960209
SLC22A9,-0.365501238
SLC23A1,-0.610270697
SLC23A2,0.093335828
SLC23A3,0.280421909
SLC24A1,0.00270625
SLC24A2,-0.507750689
SLC24A3,-0.245402135
SLC24A4,-0.174500599
SLC24A5,-0.079252896
SLC25A1,-0.247566622
SLC25A10,0.291901956
SLC25A11,-0.075503242
SLC25A12,0.351286825
SLC25A13,0.1392378
SLC25A14,-0.343300921
SLC25A15,-0.103894912
SLC25A16,-0.386050746
SLC25A17,0.244150519
SLC25A18,0.133139274
SLC25A19,-0.199821424
SLC25A2,-0.554010639
SLC25A20,-0.143284063
SLC25A21,-0.099161533
SLC25A22,0.162430213
SLC25A23,-0.12186245
SLC25A24,-0.023348361
SLC25A25,0.543144119
SLC25A26,0.202902709
SLC25A27,-0.179863868
SLC25A28,0.060469266
SLC25A29,-0.451451
SLC25A3,1.912159785
SLC25A30,-0.524766399
SLC25A31,0.735139341
SLC25A32,-0.375244394
SLC25A33,0.216283671
SLC25A34,-0.33054383
SLC25A35,-0.248704125
SLC25A36,-0.044872372
SLC25A37,-0.277223248
SLC25A38,0.052202499
SLC25A39,-0.145655526
SLC25A4,0.40450203
SLC25A40,0.051743348
SLC25A41,-0.538942647
SLC25A42,-0.525142129
SLC25A43,-0.528607961
SLC25A44,0.42663436
SLC25A45,-0.089441584
SLC25A46,-0.069438895
SLC25A47,-0.337699758
SLC25A48,0.158187104
SLC25A5,0.288043562
SLC25A51,-0.504003538
SLC25A51P2,-0.690891065
SLC25A51P3,-0.690891065
SLC25A51P4,-0.690891065
SLC25A52,-0.375266269
SLC25A53,-0.005430951
SLC25A6,0.215933145
SLC26A1,-0.057375178
SLC26A10,0.107632817
SLC26A11,0.042077667
SLC26A2,-0.206165386
SLC26A3,-0.105226089
SLC26A4,-0.528541396
SLC26A5,0.066143212
SLC26A6,0.102559431
SLC26A7,0.440720361
SLC26A8,-0.246406352
SLC26A9,0.072181673
SLC27A1,-0.698540222
SLC27A2,-0.177202266
SLC27A3,0.07821286
SLC27A4,-0.186229934
SLC27A5,0.129902475
SLC27A6,0.260345157
SLC28A1,0.074387635
SLC28A2,-0.188451177
SLC28A3,0.071446873
SLC29A1,-0.084779551
SLC29A2,-0.750598186
SLC29A3,0.186629391
SLC29A4,0.132867122
SLC2A1,0.82417782
SLC2A10,-0.136305956
SLC2A11,0.512392022
SLC2A12,-0.060557078
SLC2A13,0.113887433
SLC2A14,-0.242322239
SLC2A2,-0.203762189
SLC2A3,0.144364597
SLC2A4,-0.489332486
SLC2A4RG,-0.076284592
SLC2A5,-0.019702324
SLC2A6,-0.21156707
SLC2A7,-0.021981579
SLC2A8,0.231993324
SLC2A9,-0.172813275
SLC30A1,0.177406849
SLC30A10,-0.315256169
SLC30A2,0.026703762
SLC30A3,0.146252958
SLC30A4,-0.117936356
SLC30A5,-0.234777711
SLC30A6,-0.109232384
SLC30A7,-0.007778471
SLC30A8,0.565103439
SLC30A9,0.742929269
SLC31A1,0.354373027
SLC31A2,-0.16188693
SLC32A1,-0.145275505
SLC33A1,-0.227511102
SLC34A1,-0.043499445
SLC34A2,0.222114179
SLC34A3,-0.385766485
SLC35A1,0.829310655
SLC35A2,0.479741116
SLC35A3,0.154946958
SLC35A4,-0.375152023
SLC35A5,0.35754883
SLC35B1,0.806324111
SLC35B2,0.575700642
SLC35B3,0.268652793
SLC35B4,-0.380284718
SLC35C1,-0.768738626
SLC35C2,-0.188638465
SLC35D1,-0.234242558
SLC35D2,0.343544478
SLC35D3,0.324124735
SLC35E1,0.023435101
SLC35E2A,-0.289188691
SLC35E2B,-0.264242695
SLC35E3,0.251155978
SLC35E4,-0.574302401
SLC35F1,0.069443372
SLC35F2,0.089024705
SLC35F3,-0.018861489
SLC35F4,0.017241247
SLC35F5,0.431320009
SLC35F6,0.085429698
SLC35G1,0.04005288
SLC35G2,-0.34294127
SLC35G3,0.16767938
SLC35G4,0.15873993
SLC35G5,0.00829899
SLC35G6,0.029662786
SLC36A1,-0.210616524
SLC36A2,-0.067852689
SLC36A3,-0.092932222
SLC36A4,0.011309607
SLC37A1,0.248814428
SLC37A2,-0.097023353
SLC37A3,-0.619214539
SLC37A4,0.264547517
SLC38A1,-0.087064721
SLC38A10,0.079581272
SLC38A11,0.689878854
SLC38A2,-0.372653027
SLC38A3,-0.23074084
SLC38A4,-0.582594612
SLC38A5,-0.088297491
SLC38A6,-0.218630488
SLC38A7,-0.420437077
SLC38A8,0.455126426
SLC38A9,-0.210520059
SLC39A1,0.143629494
SLC39A10,0.63634807
SLC39A11,-0.05092423
SLC39A12,-0.129117645
SLC39A13,-0.359647293
SLC39A14,-0.032545473
SLC39A2,-0.366883886
SLC39A3,-0.184385229
SLC39A4,0.1907258
SLC39A5,0.082475992
SLC39A6,-0.694608615
SLC39A7,0.378163085
SLC39A8,0.094335857
SLC39A9,0.152910653
SLC3A1,-0.100502683
SLC3A2,-0.68505752
SLC40A1,0.452818728
SLC41A1,0.189559465
SLC41A2,-0.006581754
SLC41A3,-0.037568947
SLC43A1,-0.227056312
SLC43A2,0.215349055
SLC43A3,0.183728674
SLC44A1,-0.127990476
SLC44A2,-0.465408596
SLC44A3,-0.291707911
SLC44A4,-0.117396181
SLC44A5,0.418717286
SLC45A1,0.225186007
SLC45A2,-0.113789452
SLC45A3,0.318209082
SLC45A4,-0.080182086
SLC46A1,-0.026536873
SLC46A2,0.268201293
SLC46A3,0.040186136
SLC47A1,0.046686786
SLC47A2,-0.032500341
SLC48A1,0.213546436
SLC49A3,0.332331107
SLC49A4,-0.201645507
SLC4A1,0.134029032
SLC4A10,0.005035754
SLC4A11,0.110096653
SLC4A1AP,0.349583963
SLC4A2,-0.34252559
SLC4A3,0.139961779
SLC4A4,0.135895186
SLC4A5,-0.20619871
SLC4A7,0.142788963
SLC4A8,0.096566162
SLC4A9,-0.608014098
SLC50A1,0.154735768
SLC51A,0.393835136
SLC51B,0.350141347
SLC52A1,-0.910333887
SLC52A2,-0.115650804
SLC52A3,-0.621950822
SLC5A1,-0.471390347
SLC5A10,-0.206459755
SLC5A11,0.397257753
SLC5A12,0.563092203
SLC5A2,0.57696643
SLC5A3,0.18647391
SLC5A4,-0.215208234
SLC5A5,-0.057054379
SLC5A6,0.191863269
SLC5A7,0.028381175
SLC5A8,-0.140916983
SLC5A9,-0.184304774
SLC66A1,-0.54327982
SLC66A1L,-0.351334683
SLC66A2,-0.265574675
SLC66A3,-0.605343717
SLC6A1,-0.064038756
SLC6A11,0.701209664
SLC6A12,0.142999914
SLC6A13,0.063781367
SLC6A14,-0.220468822
SLC6A15,-0.392952496
SLC6A16,0.156248876
SLC6A17,0.066808218
SLC6A18,0.204240387
SLC6A19,0.125064114
SLC6A2,-0.291031599
SLC6A20,0.170290084
SLC6A3,-0.715021693
SLC6A4,-0.46830099
SLC6A5,0.257211646
SLC6A6,0.117654517
SLC6A7,-0.500905859
SLC6A8,-0.161461692
SLC6A9,-0.312400365
SLC7A1,-0.058177371
SLC7A10,-0.12702105
SLC7A11,0.193355233
SLC7A13,0.110555973
SLC7A14,-0.19482208
SLC7A2,-0.186706771
SLC7A3,0.136271294
SLC7A4,-0.159095082
SLC7A5,-0.856600523
SLC7A6,-0.212162523
SLC7A6OS,-0.388992603
SLC7A7,-0.058729414
SLC7A8,-0.064412725
SLC7A9,0.084456378
SLC8A1,-0.141065487
SLC8A2,-0.181372523
SLC8A3,-0.021401823
SLC8B1,-0.784711128
SLC9A1,-0.115108612
SLC9A2,0.088366943
SLC9A3,-0.318270501
SLC9A3R1,0.051325994
SLC9A3R2,0.627699429
SLC9A4,-0.626457267
SLC9A5,0.208554582
SLC9A6,-0.152931501
SLC9A7,-0.315104926
SLC9A8,0.336129767
SLC9A9,-0.175146453
SLC9B1,0.277409681
SLC9B2,0.753061835
SLC9C1,-0.19407294
SLC9C2,0.117989946
SLCO1A2,-0.214243281
SLCO1B1,-0.265249693
SLCO1B3,-0.241636946
SLCO1B3-SLCO1B7,-0.241636946
SLCO1B7,-0.07244403
SLCO1C1,-0.363081746
SLCO2A1,-0.238536261
SLCO2B1,-0.42238758
SLCO3A1,0.500775146
SLCO4A1,0.218138765
SLCO4C1,0.52024799
SLCO5A1,-0.133902782
SLCO6A1,0.129707602
SLF1,-0.168211845
SLF2,0.14142459
SLFN11,0.209267772
SLFN12,0.054246694
SLFN12L,-0.139074105
SLFN13,0.210459618
SLFN14,0.153907538
SLFN5,-0.341775498
SLFNL1,0.705681758
SLIRP,-0.030637334
SLIT1,-0.371499857
SLIT2,0.110445038
SLIT3,-0.246963885
SLITRK1,0.402666728
SLITRK2,-0.071068558
SLITRK3,-0.269783862
SLITRK4,0.123415888
SLITRK5,-0.015041759
SLITRK6,0.406379386
SLK,0.787095267
SLMAP,-0.53302529
SLMO2-ATP5E,1.039930127
SLN,0.570652001
SLPI,0.37154366
SLTM,0.212044327
SLU7,-0.464778683
SLURP1,0.021298171
SLX1A,0.332632973
SLX1A-SULT1A3,0.19153365
SLX1B,0.332632973
SLX1B-SULT1A4,0.19153365
SLX4,0.465866363
SLX4IP,-0.59322738
SMAD1,-0.261604272
SMAD2,0.039675198
SMAD3,0.33861502
SMAD4,0.401621458
SMAD5,0.090512044
SMAD6,-0.361912041
SMAD7,-0.060876188
SMAD9,0.250927723
SMAGP,0.057273152
SMAP1,-0.256818542
SMAP2,0.197375508
SMARCA1,0.37317202
SMARCA2,0.013020523
SMARCA4,3.043390636
SMARCA5,-0.916188761
SMARCAD1,0.188357824
SMARCAL1,0.146977471
SMARCB1,2.017017478
SMARCC1,0.081129722
SMARCC2,0.45709003
SMARCD1,0.446230582
SMARCD2,-0.523727394
SMARCD3,-0.404089729
SMARCE1,0.261587961
SMC1A,-0.67187768
SMC1B,-0.106270099
SMC2,-0.239348123
SMC3,-0.419304582
SMC4,-0.181012383
SMC5,0.306347456
SMC6,0.776067339
SMCHD1,-0.915655265
SMCO1,-0.431877452
SMCO2,-0.252746313
SMCO3,-0.100312343
SMCO4,-0.005253505
SMCP,-0.26702624
SMCR8,0.21165977
SMDT1,0.344334162
SMG1,0.624511429
SMG5,0.288496009
SMG6,0.846865809
SMG7,0.800877218
SMG8,-0.886466463
SMG9,-1.182597559
SMIM1,-0.689964464
SMIM10,-0.407666754
SMIM10L1,-0.494700354
SMIM11A,0.371895457
SMIM11B,0.371895457
SMIM12,0.212542996
SMIM13,-0.66526138
SMIM14,0.031934826
SMIM15,-0.53020553
SMIM17,0.262411047
SMIM18,-0.153115452
SMIM19,-0.521226762
SMIM2,-0.007454833
SMIM20,0.041043692
SMIM21,-0.705330594
SMIM22,-0.026830388
SMIM23,0.750552985
SMIM24,0.142250135
SMIM25,0.614671749
SMIM29,0.056175686
SMIM3,0.014833069
SMIM4,0.468835798
SMIM5,0.071715401
SMIM6,0.031642015
SMIM7,0.100655043
SMIM8,0.301798525
SMIM9,0.251625703
SMKR1,0.041292979
SMLR1,-0.133524699
SMN1,0.581698334
SMN2,0.581698334
SMNDC1,0.342020939
SMO,0.179620637
SMOC1,0.049762055
SMOC2,0.10279334
SMOX,0.110370846
SMPD1,0.153951559
SMPD2,-0.563323537
SMPD3,0.092216397
SMPD4,-0.404524105
SMPDL3A,-0.15528999
SMPDL3B,0.03076784
SMPX,-0.050382216
SMR3A,0.612551786
SMR3B,0.542629244
SMS,-0.224286879
SMTN,0.184832562
SMTNL1,0.042780394
SMTNL2,-0.720836247
SMU1,-0.042203375
SMUG1,0.072154497
SMURF1,-0.084771508
SMURF2,0.279652629
SMYD1,-0.215954263
SMYD2,0.179385901
SMYD3,-0.454094935
SMYD4,0.074806996
SMYD5,0.340298399
SNAI1,0.102147513
SNAI2,0.083090729
SNAI3,-0.138046421
SNAP23,-0.018762793
SNAP25,-0.139637195
SNAP29,-0.032753849
SNAP47,0.097959037
SNAP91,-0.148287094
SNAPC1,-0.04844553
SNAPC2,-0.332853048
SNAPC3,-0.179406327
SNAPC4,0.57035458
SNAPC5,0.432748155
SNAPIN,-0.318081542
SNCA,-0.061197479
SNCAIP,-0.458473828
SNCB,-0.308625686
SNCG,0.027532043
SND1,0.487720044
SNED1,0.222239006
SNF8,-0.291275048
SNHG14,-0.03363309
SNHG28,0.737716661
SNHG32,0.194046598
SNIP1,-0.121056986
SNN,0.480647962
SNORC,-0.019475863
SNPH,-0.272839718
SNRK,0.126221707
SNRNP200,-0.711574735
SNRNP25,0.098528933
SNRNP27,-0.049704738
SNRNP35,0.17679559
SNRNP40,-0.668872067
SNRNP48,-0.327654021
SNRNP70,0.376862704
SNRPA,3.677757086
SNRPA1,-0.153415652
SNRPB,0.137219613
SNRPB2,-0.721579658
SNRPC,-0.018114746
SNRPD1,0.207628624
SNRPD2,0.299622302
SNRPD3,0.126456562
SNRPE,0.342301364
SNRPF,-0.243107437
SNRPG,-0.094202122
SNRPGP10,0.449372982
SNRPGP15,0.020392385
SNRPN,-0.036068009
SNTA1,-0.52650879
SNTB1,-0.00673712
SNTB2,0.258686895
SNTG1,-0.087191457
SNTG2,-0.053157326
SNTN,-0.188660524
SNU13,-0.443686118
SNUPN,-0.057942605
SNURF,-0.03119817
SNW1,0.316266598
SNX1,0.327103799
SNX10,0.511437839
SNX11,-0.117478287
SNX12,-0.439894065
SNX13,-0.057189608
SNX14,-0.292352344
SNX15,-0.749005777
SNX16,0.227579018
SNX17,0.018614247
SNX18,-0.301936995
SNX19,-0.042488284
SNX2,-0.889866655
SNX20,0.087584265
SNX21,0.195434028
SNX22,0.0285351
SNX24,0.164460681
SNX25,-0.202833177
SNX27,-0.289601888
SNX29,-0.273840669
SNX3,-0.509598418
SNX30,0.343828833
SNX31,-0.180810961
SNX32,-0.172213215
SNX33,-0.22965425
SNX4,0.164907302
SNX5,-0.162307177
SNX6,0.071240564
SNX7,0.008213753
SNX8,-0.666055987
SNX9,0.253823693
SOAT1,0.430786624
SOAT2,-0.231888215
SOBP,-0.450326325
SOCS1,-0.352542755
SOCS2,-0.103435549
SOCS3,-1.203298227
SOCS4,0.250346894
SOCS5,0.111394605
SOCS6,-0.053364912
SOCS7,-0.267197992
SOD1,-0.163658628
SOD2,0.281857005
SOD3,-0.311271794
SOGA1,-0.150622413
SOGA3,0.197960422
SOHLH1,-0.268311306
SOHLH2,0.124412805
SON,1.219952689
SORBS1,0.146054085
SORBS2,0.022702587
SORBS3,-0.172956428
SORCS1,0.023405373
SORCS2,-0.814060047
SORCS3,-0.355465426
SORD,0.012940096
SORL1,-0.709323544
SORT1,0.153779513
SOS1,-0.015777567
SOS2,0.053279417
SOST,-0.171645636
SOSTDC1,0.15517479
SOWAHA,0.077518939
SOWAHB,0.564174688
SOWAHC,-0.146269836
SOWAHD,-0.264705538
SOX1,-0.127695929
SOX10,-0.247387612
SOX11,-0.053006471
SOX12,0.030655943
SOX13,0.129874908
SOX14,-0.165571627
SOX15,0.373685709
SOX17,0.22990259
SOX18,0.350749326
SOX2,0.259412169
SOX21,0.50237204
SOX3,-0.127553338
SOX30,-0.042253008
SOX4,0.252111183
SOX5,-0.224671925
SOX6,-0.298869889
SOX7,0.076800296
SOX8,0.380475728
SOX9,-0.016027769
SP1,0.079293624
SP100,-0.01398385
SP110,-0.070997678
SP140,-0.290694344
SP140L,0.282680483
SP2,0.47763022
SP3,0.343397188
SP4,0.029687525
SP5,0.120458654
SP6,0.169641194
SP7,0.245977366
SP8,0.004146278
SP9,0.550094869
SPA17,0.081476165
SPACA1,-0.092836488
SPACA3,-0.150885371
SPACA4,-0.058046724
SPACA5,-0.145592307
SPACA5B,-0.145592307
SPACA7,-0.11667793
SPACA9,0.066708951
SPAG1,-0.077115243
SPAG11A,-0.212593017
SPAG11B,-0.212593017
SPAG16,0.135593883
SPAG16-DT,0.224806286
SPAG17,0.508752213
SPAG4,-0.267220395
SPAG5,0.019314987
SPAG6,0.148220274
SPAG7,0.225770909
SPAG8,-0.408528648
SPAG9,-0.427391579
SPAM1,0.071123739
SPANXA1,0.097987048
SPANXA2,0.097987048
SPANXB1,0.00851655
SPANXC,0.150018386
SPANXD,0.235128755
SPANXN1,-0.288952783
SPANXN2,-0.686375088
SPANXN3,0.047200593
SPANXN4,-0.135419075
SPANXN5,-0.128392327
SPARC,0.103822615
SPARCL1,0.237769846
SPART,-0.054441521
SPAST,-0.191127606
SPATA12,0.099149491
SPATA13,0.065374514
SPATA16,-0.087833062
SPATA17,-0.312326402
SPATA18,-0.376759553
SPATA19,-0.021414731
SPATA2,0.128331835
SPATA20,-0.391462023
SPATA21,-0.180594479
SPATA22,-0.174687735
SPATA24,-0.245733572
SPATA25,-0.222380748
SPATA2L,0.019786421
SPATA3,-0.288672084
SPATA31A1,0.104950009
SPATA31A3,0.301775241
SPATA31A5,0.109748279
SPATA31A6,0.485339301
SPATA31A7,0.014518632
SPATA31C1,0.453908996
SPATA31C2,0.100389366
SPATA31D1,-0.43573052
SPATA31D3,-0.001950854
SPATA31D4,-0.001950854
SPATA31E1,0.173552704
SPATA32,-0.255766846
SPATA33,-0.125064239
SPATA4,0.058905408
SPATA45,0.321026424
SPATA46,0.132497017
SPATA48,0.461443718
SPATA5,0.938189662
SPATA5L1,0.463173383
SPATA6,0.254405349
SPATA6L,-0.024979372
SPATA7,-0.149296604
SPATA8,-0.235396989
SPATA9,-0.556132787
SPATC1,-0.098500378
SPATC1L,0.237477178
SPATS1,-0.095072752
SPATS2,-0.051213944
SPATS2L,-0.185611
SPC24,-0.407014839
SPC25,0.197729737
SPCS1,0.28834583
SPCS2,-0.186649464
SPCS2P4,-0.63684307
SPCS3,0.845405956
SPDEF,0.241560284
SPDL1,0.280997811
SPDYA,-0.409714342
SPDYC,-0.303475008
SPDYE1,0.199629145
SPDYE10P,-0.340902089
SPDYE11,-0.340902089
SPDYE12P,-0.340902089
SPDYE13P,-0.340902089
SPDYE14P,-0.340902089
SPDYE15P,-0.340902089
SPDYE16,0.127885885
SPDYE17,-0.340902089
SPDYE18,0.348661382
SPDYE2,0.213057022
SPDYE21P,0.063708487
SPDYE2B,0.213057022
SPDYE3,-0.214617363
SPDYE4,0.011443683
SPDYE5,0.085263772
SPDYE6,0.213057022
SPDYE7P,-0.354710653
SPDYE8P,-0.340902089
SPDYE9P,-0.340902089
SPECC1,0.389656886
SPECC1L,-0.758896111
SPECC1L-ADORA2A,-0.722117172
SPEF1,-0.076699083
SPEF2,0.278118628
SPEG,0.281999961
SPEGNB,-0.152987165
SPEM1,-0.208866124
SPEM2,0.349905472
SPEN,0.810525098
SPERT,-0.239567514
SPESP1,-0.417349027
SPG11,-0.439762293
SPG21,0.329703636
SPG7,0.177348616
SPHK1,0.307986277
SPHK2,0.156844306
SPHKAP,-0.045331511
SPI1,0.340819406
SPIB,-0.51384733
SPIC,-0.260679528
SPICE1,0.030667322
SPIDR,0.304746036
SPIN1,0.12001869
SPIN2A,-0.354288131
SPIN2B,-0.25726534
SPIN3,0.205678793
SPIN4,-0.392055064
SPINDOC,-0.250298531
SPINK1,0.225846073
SPINK13,0.311713586
SPINK14,-0.105054962
SPINK2,0.123908296
SPINK4,-0.613108675
SPINK5,-0.350414422
SPINK6,-0.125028108
SPINK7,-0.095714747
SPINK8,0.277408559
SPINK9,0.31921732
SPINT1,0.452614761
SPINT2,-0.125691175
SPINT3,-0.567245517
SPINT4,-0.13795934
SPIRE1,0.111831512
SPIRE2,-0.193587155
SPN,0.733819675
SPNS1,-0.105414101
SPNS2,-0.049505047
SPNS3,0.319093937
SPO11,-0.300068737
SPOCD1,0.551482359
SPOCK1,-0.368284819
SPOCK2,-0.053130797
SPOCK3,0.667447771
SPON1,0.232846937
SPON2,0.566897748
SPOP,-1.247729097
SPOPL,0.313027998
SPOUT1,0.535345847
SPP1,0.697638681
SPP2,0.209415428
SPPL2A,0.105791093
SPPL2B,-0.902399421
SPPL2C,0.014946854
SPPL3,-0.863709723
SPR,0.075940684
SPRED1,0.055120303
SPRED2,-0.506735478
SPRED3,-0.125562224
SPRN,0.173641418
SPRR1A,0.344204458
SPRR1B,0.325161997
SPRR2A,-0.258428037
SPRR2B,-0.258428037
SPRR2C,-0.28783481
SPRR2D,0.041684653
SPRR2E,-0.199770564
SPRR2F,-0.171814175
SPRR2G,-0.020210113
SPRR3,0.300461518
SPRR4,0.302739291
SPRY1,0.408186925
SPRY2,0.362789943
SPRY3,-0.320204411
SPRY4,0.271082792
SPRYD3,-0.249600475
SPRYD4,0.500085399
SPRYD7,0.09117841
SPSB1,-0.571418235
SPSB2,-0.285987777
SPSB3,0.37683704
SPSB4,0.012958218
SPTA1,0.352949168
SPTAN1,0.296171174
SPTB,-0.122177858
SPTBN1,0.491381161
SPTBN2,-0.505501595
SPTBN4,-0.854274626
SPTBN5,0.244580293
SPTLC1,-0.130124701
SPTLC2,-0.993034515
SPTLC3,0.016849814
SPTSSA,-0.57381141
SPTSSB,0.04755986
SPTY2D1,-0.037062075
SPX,-0.321840959
SPZ1,0.008366403
SQLE,-0.022656129
SQOR,-0.767198116
SQSTM1,0.549937275
SRA1,0.051818885
SRARP,-0.248822429
SRBD1,-0.29318407
SRC,-0.287558317
SRCAP,-0.433981205
SRCIN1,0.208189984
SRD5A1,-0.084003614
SRD5A2,-0.486039573
SRD5A3,0.516511308
SREBF1,-0.071596736
SREBF2,-0.323410176
SREK1,-0.362607742
SREK1IP1,-0.375598989
SRF,-1.055351934
SRFBP1,-0.062940831
SRGAP1,-0.046577115
SRGAP2,-0.068976783
SRGAP2B,-0.037032946
SRGAP2C,-0.081710773
SRGAP2D,0.210511003
SRGAP3,0.451939066
SRGN,0.108104848
SRI,-0.24139486
SRL,0.476832503
SRM,0.162384809
SRMS,0.154676696
SRP14,0.284798692
SRP19,-0.144263529
SRP54,-0.28203686
SRP68,0.247129691
SRP72,-0.269459588
SRP9,-0.175491648
SRP9P1,-0.310446914
SRPK1,0.334487989
SRPK2,-0.295841749
SRPK3,0.005412499
SRPRA,-0.54786106
SRPRB,0.440670662
SRPX,-0.217925743
SRPX2,-0.38140424
SRR,-0.265680993
SRRD,0.348896276
SRRM1,0.851493843
SRRM2,0.578716238
SRRM3,-0.569327025
SRRM4,-0.389242965
SRRM5,-0.447091233
SRRT,0.412455837
SRSF1,-0.171142867
SRSF10,-0.926606363
SRSF11,-1.258422377
SRSF12,0.18543537
SRSF2,0.01026411
SRSF3,-0.198352179
SRSF4,0.053547468
SRSF5,0.696932226
SRSF6,1.12414308
SRSF7,0.766653144
SRSF9,0.180854006
SRXN1,-0.143256776
SRY,-0.150174995
SS18,-0.301193826
SS18L1,0.066853226
SS18L2,-0.823890944
SSB,0.168772806
SSBP1,0.397840325
SSBP2,0.068744315
SSBP3,0.072402255
SSBP4,-0.025286341
SSC4D,-0.080272763
SSC5D,0.023848782
SSH1,0.191878376
SSH2,0.365847146
SSH3,0.173728782
SSMEM1,-0.105342357
SSNA1,-0.153981549
SSPN,-0.140036845
SSPO,-0.292479328
SSR1,0.067115538
SSR2,0.791789797
SSR3,0.138110518
SSR4,0.167510017
SSRP1,-0.379306127
SST,0.13405733
SSTR1,-0.261428957
SSTR2,-0.426795545
SSTR3,-0.486026842
SSTR4,0.056912601
SSTR5,0.350410409
SSU72,0.633668502
SSUH2,-0.102651459
SSX1,0.241166673
SSX2,-0.064148302
SSX2B,-0.064148302
SSX2IP,-0.474010315
SSX3,-0.33438152
SSX4,0.133855066
SSX4B,0.133855066
SSX5,0.232972907
SSX7,-0.094856897
SSX8P,0.01646879
SSX9,-0.379957838
ST13,0.008003456
ST14,0.009182288
ST18,-0.51462111
ST20,0.275061088
ST20-MTHFS,-0.139923348
ST3GAL1,-0.008672426
ST3GAL2,0.490182794
ST3GAL3,-0.013408592
ST3GAL4,0.053084437
ST3GAL5,-0.86104382
ST3GAL6,0.037253986
ST5,0.794725017
ST6GAL1,-0.054192772
ST6GAL2,0.576968129
ST6GALNAC1,-0.315688335
ST6GALNAC2,-0.306706531
ST6GALNAC3,-0.385527127
ST6GALNAC4,0.446830004
ST6GALNAC5,-0.350958753
ST6GALNAC6,0.357785247
ST7,-0.082099508
ST7L,0.114838025
ST8SIA1,-0.448842176
ST8SIA2,0.311910177
ST8SIA3,-0.005758382
ST8SIA4,0.241041225
ST8SIA5,0.164005234
ST8SIA6,-0.018893225
STAB1,-0.169643626
STAB2,-0.567895881
STAC,-0.203782526
STAC2,-0.2095168
STAC3,-0.232929349
STAG1,-0.614734597
STAG2,-1.210829143
STAG3,-0.485898423
STAG3L5P-PVRIG2P-PILRB,-0.145235739
STAM,-0.368813963
STAM2,0.252287013
STAMBP,-0.545104529
STAMBPL1,-0.01394489
STAP1,0.395730762
STAP2,-0.124835453
STAR,-0.518501007
STARD10,-0.752475906
STARD13,-0.182298263
STARD3,-0.58052477
STARD3NL,0.027052607
STARD4,-0.694876102
STARD5,0.185999025
STARD6,-0.049365199
STARD7,0.790621991
STARD8,0.061785846
STARD9,0.134766719
STAT1,0.441578791
STAT2,0.437431975
STAT3,-0.254108819
STAT4,-0.315304048
STAT5A,-0.256646159
STAT5B,0.22957213
STAT6,1.336503246
STATH,0.782705741
STAU1,-0.450883588
STAU2,-0.186735709
STBD1,0.122425881
STC1,-0.15110263
STC2,-0.374363277
STEAP1,0.126658005
STEAP1B,-0.22022833
STEAP2,-0.086326029
STEAP3,0.46290986
STEAP3-AS1,0.233644371
STEAP4,0.19592077
STH,-0.443092268
STIL,0.811291543
STIM1,0.147084756
STIM2,-0.115020671
STIMATE-MUSTN1,-0.332576591
STING1,0.088729301
STIP1,0.35437991
STK10,0.257579707
STK11,-0.752080134
STK16,-0.163584184
STK17A,-0.027899879
STK17B,0.099332547
STK19,0.289367233
STK24,-0.386512606
STK25,0.163741785
STK26,0.082426517
STK3,-0.213486433
STK31,-0.244765797
STK32A,-0.850846254
STK32B,0.137279897
STK32C,0.120550346
STK33,0.468815412
STK35,-0.344958131
STK36,0.187188716
STK38L,-0.103611672
STK39,0.240272242
STK4,0.102592854
STK40,0.503498214
STKLD1,-0.415890614
STMN1,0.149580913
STMN2,-0.194689076
STMN3,-0.267430974
STMN4,-0.305607484
STMND1,-0.110514369
STMP1,0.06133425
STN1,0.191039595
STOM,-0.143926534
STOML1,-0.139471196
STOML2,0.196415589
STOML3,0.44385513
STON1,-0.27251743
STON1-GTF2A1L,-0.364531773
STON2,0.113367277
STOX1,-0.278441871
STOX2,0.043940865
STPG1,0.20788693
STPG2,0.184502596
STPG3,0.17847292
STPG3-AS1,0.049619996
STPG4,0.194806259
STRA6,0.161331987
STRA8,0.060461468
STRADA,-0.087988553
STRADB,0.858476669
STRAP,0.540363013
STRBP,-0.303028121
STRC,-0.152606905
STRCP1,0.156255542
STRIP1,0.132678955
STRIP2,0.248572662
STRN,-0.390830628
STRN3,-0.499959866
STRN4,0.132923013
STS,-0.058862989
STT3A,-0.508576142
STT3B,-0.223819172
STUB1,0.191913756
STUM,0.078938147
STX10,0.261607557
STX11,-0.008966844
STX12,-0.044080571
STX16,-0.307276045
STX16-NPEPL1,-0.085583428
STX17,-0.002523353
STX18,-0.523628641
STX19,-0.0297903
STX1A,0.355607093
STX1B,0.151585293
STX2,0.345429147
STX3,-0.074469915
STX4,0.317452701
STX5,0.217534
STX6,-0.099514387
STX7,-0.344276019
STX8,-0.267302491
STXBP1,-0.07069613
STXBP2,0.021832276
STXBP3,-0.096929533
STXBP4,0.013872437
STXBP5,-0.652316612
STXBP5L,0.172616708
STXBP6,-0.438862666
STYK1,-0.198216405
STYX,-0.701814238
STYXL1,0.055690972
SUB1,0.504504336
SUCLA2,-0.613570468
SUCLG1,-0.209136769
SUCLG2,0.009280756
SUCNR1,-0.15989919
SUCO,-0.065889989
SUDS3,0.411531043
SUFU,-0.351557133
SUGCT,0.315958354
SUGP1,-0.176265207
SUGP2,-0.14267766
SUGT1,-0.884030699
SUGT1P4-STRA6LP-CCDC180,-0.425474439
SULF1,-0.129108464
SULF2,-0.188750642
SULT1A1,0.427176423
SULT1A2,-0.072192566
SULT1A3,0.050434327
SULT1A4,0.050434327
SULT1B1,0.646320755
SULT1C2,-0.211625792
SULT1C3,0.316573467
SULT1C4,0.481876856
SULT1E1,-0.001189507
SULT2A1,-0.180240886
SULT2B1,-0.063209376
SULT4A1,-0.109695482
SULT6B1,0.012221306
SUMF1,0.029437217
SUMF2,0.488024718
SUMO1,0.630624065
SUMO1P3,1.025454176
SUMO1P4,0.942134747
SUMO2,-0.214523288
SUMO2P17,-0.308266839
SUMO2P6,-0.308266839
SUMO3,0.456923654
SUMO4,-0.050352608
SUN1,0.019927736
SUN2,-0.024312605
SUN3,0.125396259
SUN5,-0.447064823
SUOX,0.050211857
SUPT16H,0.194009719
SUPT20H,0.065296425
SUPT20HL1,-0.243824285
SUPT20HL2,-0.149061949
SUPT3H,0.165062517
SUPT4H1,-0.210651988
SUPT5H,0.56130726
SUPT6H,-0.647914001
SUPT7L,-0.306905656
SUPV3L1,0.593649988
SURF1,-0.119709023
SURF2,0.2493196
SURF4,0.409402193
SURF6,0.214164108
SUSD1,-0.060512792
SUSD2,-0.306861561
SUSD3,0.26469307
SUSD4,0.165738756
SUSD5,0.103212113
SUSD6,0.274078614
SUV39H1,0.524336421
SUV39H2,-0.0428233
SUZ12,-1.043843936
SV2A,0.294542068
SV2B,0.05039443
SV2C,-0.508390379
SVBP,0.086856763
SVEP1,0.148841436
SVIL,-0.249275049
SVIP,0.013595525
SVOP,0.272776068
SVOPL,-0.176737338
SWAP70,0.098178011
SWI5,0.350937279
SWSAP1,-0.252365177
SWT1,0.253483482
SYAP1,0.306797099
SYBU,-0.069794871
SYCE1,0.091620256
SYCE1L,0.291229457
SYCE2,-0.015598492
SYCE3,-0.16178136
SYCN,-0.231392306
SYCP1,-0.023647729
SYCP2,-0.05603083
SYCP2L,0.062958992
SYCP3,0.261697068
SYDE1,-0.099132137
SYDE2,0.098685706
SYF2,-0.300466229
SYK,-0.065342096
SYMPK,-0.950944098
SYN1,-0.070903741
SYN2,0.093416606
SYN3,0.553397041
SYNC,-0.035451774
SYNCRIP,0.275694401
SYNDIG1,-0.04080026
SYNDIG1L,0.079517856
SYNE1,-0.073759543
SYNE2,-0.072858109
SYNE3,0.172634032
SYNE4,0.012983786
SYNGAP1,0.006892123
SYNGR1,-0.001216827
SYNGR2,-0.705945672
SYNGR3,-0.207354147
SYNGR4,0.064124863
SYNJ1,0.824367561
SYNJ2,0.139496626
SYNJ2BP,0.252779073
SYNJ2BP-COX16,0.249793045
SYNM,-0.240080129
SYNPO,0.12122933
SYNPO2,0.621632441
SYNPO2L,-0.327815442
SYNPR,0.061877105
SYNRG,-0.769605939
SYP,-0.070177533
SYPL1,-0.065000885
SYPL2,0.000733176
SYS1,0.345330761
SYS1-DBNDD2,0.00014873
SYT1,-0.073129008
SYT10,-0.252473224
SYT11,-0.288613817
SYT12,-0.678598524
SYT13,-0.138796834
SYT14,0.21214519
SYT15,0.054156536
SYT16,0.399970529
SYT17,0.396743912
SYT2,-0.124789667
SYT3,0.050409061
SYT4,0.070781272
SYT5,-0.280000863
SYT6,-0.228082421
SYT7,-0.012138035
SYT8,0.094521712
SYT9,-0.116576993
SYTL1,0.20245632
SYTL2,-0.580013917
SYTL3,-0.100180924
SYTL4,-0.418976386
SYTL5,0.061485775
SYVN1,-0.120354595
SZRD1,0.193941188
SZT2,0.287421887
TAAR1,-0.166449461
TAAR2,0.295008106
TAAR5,-0.544632176
TAAR6,-0.386460698
TAAR8,0.25881776
TAAR9,0.018987227
TAB1,-0.52084914
TAB3,-0.166966789
TAC1,0.01278537
TAC3,0.136437397
TAC4,-0.482212922
TACC1,0.182233175
TACC2,-0.44500833
TACC3,-0.421494765
TACO1,-0.221216194
TACR1,-0.575239011
TACR2,-0.314709808
TACR3,0.640156022
TACSTD2,0.668893416
TADA1,-0.380586978
TADA2A,-0.057579281
TADA2B,-0.703549143
TADA3,0.016942216
TAF1,-0.564322721
TAF10,-0.378375922
TAF11,-0.508131215
TAF12,0.097481777
TAF13,-0.514580918
TAF15,0.404334998
TAF1A,0.128990944
TAF1B,0.87575605
TAF1C,0.631828845
TAF1D,-0.147914224
TAF1L,0.458441989
TAF2,-1.114326596
TAF3,-0.680845106
TAF4,0.507924435
TAF4B,-0.239687433
TAF5,-0.976172087
TAF5L,-0.308479613
TAF6,0.076137567
TAF6L,-0.723339225
TAF7,0.308607255
TAF7L,0.080070693
TAF8,-0.911618236
TAF9,0.134907298
TAF9B,0.241537452
TAGAP,0.01693399
TAGLN,0.04424886
TAGLN2,-0.085953188
TAGLN3,0.287507532
TAL1,0.106104124
TAL2,0.282513272
TALDO1,-0.430504094
TAMM41,0.759578712
TANC1,0.278860152
TANC2,0.282931771
TANGO2,0.213140514
TANGO6,0.000383336
TANK,0.931112087
TAOK1,0.432112193
TAOK2,0.348404456
TAOK3,0.30462472
TAP1,-0.691031459
TAP2,-0.63780532
TAPBP,-1.294974466
TAPBPL,0.117044169
TAPT1,-0.023200784
TARBP1,-0.378527624
TARBP2,0.050089384
TARDBP,-0.147010125
TARM1,-0.149876547
TARP,0.520917861
TARS1,0.421213653
TARS2,0.428703326
TARS3,0.121916974
TAS1R1,-0.119370092
TAS1R2,-0.245577529
TAS1R3,0.128144996
TAS2R1,-0.182521579
TAS2R10,0.149935138
TAS2R13,-0.244410048
TAS2R14,0.055814754
TAS2R16,-0.248960051
TAS2R19,-0.546279143
TAS2R20,-0.009164089
TAS2R3,-0.270355696
TAS2R30,-0.033565995
TAS2R31,-0.13933069
TAS2R38,-0.138936762
TAS2R39,0.320531412
TAS2R4,0.27599295
TAS2R40,-0.182692407
TAS2R41,-0.25631839
TAS2R42,-0.228499753
TAS2R43,-0.469549882
TAS2R46,0.348755808
TAS2R5,-0.072286466
TAS2R50,-0.491807114
TAS2R60,-0.398259508
TAS2R7,0.086463009
TAS2R8,0.275875803
TAS2R9,-0.115653066
TASOR2,-0.549736448
TASP1,0.307502628
TAT,-0.230070942
TATDN1,0.180639858
TATDN2,-0.14943644
TATDN3,0.229624769
TAX1BP1,0.020159434
TAX1BP3,-0.712548392
TAZ,0.159137258
TBATA,-0.24298904
TBC1D1,0.380894499
TBC1D10A,0.02491328
TBC1D10B,0.317128763
TBC1D10C,-0.145130171
TBC1D12,0.071285269
TBC1D13,-0.397509282
TBC1D14,-0.440763474
TBC1D15,-0.295143665
TBC1D16,-0.066350372
TBC1D17,-0.448805917
TBC1D19,0.091092001
TBC1D2,-0.408613351
TBC1D20,-0.408044317
TBC1D21,0.279685169
TBC1D22A,0.094270837
TBC1D22B,-0.269348213
TBC1D23,-0.498290632
TBC1D24,-0.066958423
TBC1D25,-0.219146924
TBC1D26,-0.109826323
TBC1D28,-0.242947568
TBC1D29P,-0.383030557
TBC1D2B,0.170806533
TBC1D3,0.227437222
TBC1D30,-0.10703862
TBC1D31,0.266251288
TBC1D32,-0.35831654
TBC1D3B,0.397793898
TBC1D3C,0.227437222
TBC1D3D,0.347582964
TBC1D3E,0.236209216
TBC1D3F,0.286179994
TBC1D3G,0.397422121
TBC1D3H,0.336653736
TBC1D3I,0.345959683
TBC1D3J,0.596438557
TBC1D3K,0.299351436
TBC1D3L,0.347582964
TBC1D3P1-DHX40P1,-0.464550741
TBC1D3P2,0.825853006
TBC1D4,-0.631237638
TBC1D5,-0.021604545
TBC1D7,-0.399883873
TBC1D7-LOC100130357,-0.41285581
TBC1D8,0.259355322
TBC1D8B,0.367031432
TBC1D9,0.032335458
TBCA,0.004032898
TBCB,-0.069527234
TBCC,0.159751503
TBCCD1,-0.323509418
TBCD,-0.210188665
TBCE,-0.157124627
TBCEL,0.250908991
TBCK,0.822814081
TBK1,0.734726376
TBKBP1,-0.093035763
TBL1X,-0.045367187
TBL1XR1,-0.621101613
TBL1Y,-0.372502055
TBL2,0.179850639
TBL3,1.520651352
TBP,0.25690703
TBPL1,0.247025499
TBPL2,-0.693790392
TBR1,0.409212955
TBRG1,0.026571307
TBRG4,1.402515933
TBX1,-0.189281679
TBX10,-0.341487866
TBX15,0.423728581
TBX18,0.305885979
TBX19,0.10327813
TBX2,0.279955443
TBX20,0.335438195
TBX21,-0.525665162
TBX22,-0.439320568
TBX3,-0.475035055
TBX4,-0.128773591
TBX5,-0.352900643
TBX6,0.203222032
TBXA2R,-0.358058284
TBXAS1,-0.139833144
TBXT,-0.203249499
TC2N,-0.56364048
TCAF1,-0.10182371
TCAF1P1,-0.203743341
TCAF2,-0.111822432
TCAF2C,-0.111822432
TCAF2P1,-0.074229408
TCAIM,-0.313494866
TCAP,0.196021063
TCEA1,0.011600304
TCEA2,0.252608805
TCEA3,-0.180068499
TCEAL1,0.305809118
TCEAL2,0.402215015
TCEAL3,0.410759106
TCEAL4,-0.34207752
TCEAL5,-0.413306375
TCEAL6,0.320693783
TCEAL7,0.144102711
TCEAL8,0.03720379
TCEAL9,0.03186753
TCEANC,-0.260987636
TCEANC2,0.092713493
TCEB3C,-0.060806116
TCERG1,-1.481531853
TCERG1L,-0.474220509
TCF12,-0.03821983
TCF15,-0.359787686
TCF19,-0.154361138
TCF20,-0.364005014
TCF21,0.379715387
TCF23,-0.160865106
TCF24,0.372838326
TCF25,-0.186402302
TCF3,-0.457563638
TCF4,-0.247134322
TCF7,-0.728806084
TCF7L1,-0.126833668
TCF7L2,0.367157251
TCFL5,-0.668628233
TCHH,-0.573394517
TCHHL1,0.133218603
TCHP,-0.305128321
TCIM,-0.435173916
TCIRG1,-0.226593375
TCL1A,-0.226452841
TCL1B,-0.305454821
TCN1,0.178333141
TCN2,-0.00436495
TCOF1,-0.062116611
TCP1,-0.515462002
TCP10,0.064602449
TCP10L,0.95381628
TCP10L2,-0.112697235
TCP11,0.189058306
TCP11L1,0.271466198
TCP11L2,-0.301737158
TCP11X1,-0.008491634
TCP11X2,-0.107350559
TCTA,-0.472873981
TCTE1,0.066577805
TCTE3,0.026393655
TCTEX1D1,-0.699590597
TCTEX1D2,-0.378308709
TCTEX1D4,0.012676102
TCTN1,-0.619581216
TCTN2,-0.201431824
TCTN3,-0.121026303
TDG,-0.176311279
TDGF1,0.001435575
TDO2,0.460290901
TDP1,-0.289594128
TDP2,0.035331779
TDRD1,-0.181543415
TDRD10,0.076853244
TDRD12,-0.144042465
TDRD3,-0.371721554
TDRD5,-0.039487788
TDRD6,-0.675744329
TDRD7,-0.414037782
TDRD9,-0.074234469
TDRKH,-0.427686942
TDRP,0.072824028
TEAD1,-1.081823595
TEAD2,-0.098797217
TEAD3,-0.344022055
TEAD4,0.259696536
TEC,-0.025896911
TECPR1,-0.089822592
TECPR2,-0.453577657
TECR,-0.395878968
TECRL,0.035098426
TECTA,-0.154930888
TECTB,-0.222466039
TEDC1,0.408959994
TEDC2,0.107769142
TEDDM1,-0.39221888
TEF,-0.567452039
TEFM,0.446179253
TEK,0.091544492
TEKT1,-0.431827207
TEKT2,0.27020599
TEKT3,-0.11642702
TEKT4,0.079445885
TEKT5,0.86738305
TELO2,-0.308839443
TEN1,-0.074300465
TEN1-CDK3,-0.12624085
TENM1,0.112319632
TENM2,-0.166600072
TENM3,0.579217074
TENM4,-0.927990343
TENT2,-0.951128205
TENT4A,0.128292389
TENT4B,-0.546893261
TENT5A,0.102033796
TENT5B,0.117127265
TENT5C,0.083774634
TENT5D,-0.595507187
TEP1,-0.364405181
TEPP,-0.132592861
TEPSIN,-0.625221535
TERB1,-0.293253461
TERB2,-0.086964036
TERF1,-0.348495707
TERF2,0.647735295
TERF2IP,0.422418597
TERT,-0.322716747
TES,0.161235174
TESC,0.262266487
TESK1,0.462395588
TESK2,-0.435196293
TESMIN,-0.647171981
TESPA1,0.132587684
TET1,-0.378175275
TET2,0.455135752
TET3,-0.667239221
TEX10,-0.062261727
TEX101,0.030384128
TEX11,0.017873564
TEX12,-0.038188382
TEX13A,0.135477926
TEX13B,0.023731249
TEX13C,-0.243841971
TEX14,0.085595868
TEX15,0.224870337
TEX19,-0.330775168
TEX2,-0.189135334
TEX22,0.060366935
TEX26,0.252939897
TEX261,-0.25371293
TEX264,0.41372514
TEX28,-0.026379037
TEX28P1,-0.026379037
TEX28P2,-0.026379037
TEX29,0.02013687
TEX30,-0.157591809
TEX33,0.216832689
TEX35,-0.028583835
TEX36,-0.133596212
TEX37,-0.672618536
TEX38,-0.390717077
TEX43,-0.358324251
TEX44,0.588625608
TEX45,-0.221621551
TEX46,-0.053489049
TEX47,0.29302847
TEX48,0.068639204
TEX50,0.233469936
TEX55,0.094579407
TEX9,-0.254883139
TF,0.073113389
TFAM,0.645905902
TFAP2A,-0.072306421
TFAP2B,0.065999094
TFAP2C,0.106769207
TFAP2D,0.169248272
TFAP2E,0.017063397
TFAP4,3.352350859
TFB1M,0.463871653
TFB2M,1.01997759
TFCP2,-0.010593758
TFCP2L1,0.31365682
TFDP1,0.141489011
TFDP2,0.413908296
TFDP3,-0.431894922
TFE3,0.000157325
TFEB,-0.283047245
TFEC,-0.208505978
TFF1,0.291882094
TFF2,0.208856178
TFF3,0.344659275
TFG,-0.138583112
TFIP11,-0.303296451
TFPI,-0.066755567
TFPI2,0.324516722
TFPT,0.410450633
TFR2,0.025581524
TFRC,1.164503148
TG,-0.427509409
TGDS,0.395693405
TGFA,-0.144215206
TGFB1,-0.23658785
TGFB1I1,0.203696247
TGFB2,-0.186127433
TGFB3,-0.379498295
TGFBI,-0.521398281
TGFBR1,-0.177312839
TGFBR2,0.24411051
TGFBR3,0.228153302
TGFBR3L,-0.085912518
TGFBRAP1,-0.21686789
TGIF1,0.795303052
TGIF2,0.191143341
TGIF2-RAB5IF,-0.148140525
TGIF2LX,0.180642207
TGIF2LY,0.105925547
TGM1,-0.581303087
TGM2,-0.111583287
TGM3,-0.137101214
TGM4,-0.034960635
TGM5,-0.37288696
TGM6,-0.141350841
TGM7,0.26612594
TGOLN2,-0.163959878
TGS1,-0.219500478
TH,0.427771778
THADA,-0.343665495
THAP1,1.736326169
THAP10,0.30500709
THAP11,-0.225115377
THAP12,-0.336389521
THAP12P7,-0.041880423
THAP2,-0.098430869
THAP3,-0.437381271
THAP4,0.416016919
THAP5,0.516265299
THAP6,0.565468601
THAP7,0.011734817
THAP8,-0.241557643
THAP9,0.361933549
THBD,-0.201103607
THBS2,0.508291032
THBS3,0.413186257
THBS4,-0.422563852
THEG,-0.220179495
THEG5,0.591427813
THEGL,0.697374121
THEM4,-0.537099042
THEM5,-0.135626492
THEM6,-0.161835717
THEMIS,-0.476733955
THEMIS2,0.255693569
THG1L,0.422924085
THNSL1,0.085138594
THNSL2,-0.242508953
THOC1,-0.041705796
THOC2,-0.222091316
THOC3,-0.535820614
THOC5,-0.154140182
THOC6,0.652553781
THOC7,-0.129205205
THOP1,-0.34805924
THPO,-0.442729007
THRA,0.002304877
THRAP3,0.422305181
THRB,0.444771943
THRSP,-0.403803714
THSD1,-0.352726299
THSD4,-0.142557237
THSD7A,-0.125597601
THSD7B,-0.25320135
THTPA,-0.290643626
THUMPD1,0.149272209
THUMPD2,0.065865581
THUMPD3,0.006604837
THY1,-0.227754605
THYN1,-0.277895117
TIA1,0.688184897
TIAF1,-0.249677902
TIAL1,0.9627831
TIAM1,0.325711363
TIAM2,-0.167174036
TICAM1,0.649908785
TICAM2,-0.201918579
TICRR,-0.066066182
TIE1,-0.119443813
TIFA,0.668488268
TIFAB,-0.358916358
TIGAR,0.253795944
TIGD1,0.259739913
TIGD2,-0.42221861
TIGD3,-0.227586241
TIGD4,0.626841893
TIGD5,0.002224637
TIGD6,-0.267858991
TIGD7,0.731378788
TIGIT,0.225048175
TIMD4,0.271508444
TIMELESS,0.23755512
TIMM10,0.952856085
TIMM10B,0.147112896
TIMM13,-0.233960279
TIMM17A,-0.001600241
TIMM17B,-0.483242908
TIMM21,-0.291541371
TIMM22,-0.273709377
TIMM23,-0.933680477
TIMM23B,-0.116925702
TIMM23B-AGAP6,-0.111943069
TIMM29,0.023894383
TIMM44,-0.691321123
TIMM50,0.135668257
TIMM8A,0.09448918
TIMM8B,-0.238342583
TIMM9,0.8494734
TIMMDC1,0.405042544
TIMP1,0.263802781
TIMP2,-0.310372624
TIMP3,-0.353100135
TIMP4,0.152275953
TINAG,-0.05572541
TINAGL1,0.046722919
TINF2,-0.76654694
TIPARP,-0.259564541
TIPIN,-0.339818368
TIPRL,0.01802564
TIRAP,0.086286984
TJAP1,-0.072722204
TJP1,0.128513001
TJP2,-0.663472706
TJP3,-0.429289696
TK1,0.337663714
TK2,0.207472555
TKFC,-0.114066818
TKT,1.079278501
TKTL1,-0.023936329
TKTL2,0.387212722
TLCD1,-0.166695387
TLCD2,-0.150407743
TLCD3A,0.310997246
TLCD3B,0.940424216
TLCD4,-0.211162862
TLCD4-RWDD3,-0.161261489
TLCD5,-0.050982604
TLDC2,-0.045428113
TLE1,-0.301395527
TLE2,-0.411421295
TLE3,-0.640156147
TLE4,-0.355360705
TLE6,-0.45942557
TLK1,0.534161068
TLK2,-0.112875421
TLL1,0.470691764
TLL2,0.221570723
TLN1,-0.768358438
TLN2,0.482146199
TLNRD1,0.024609577
TLR1,-0.399043156
TLR10,-0.405679421
TLR2,-0.236216115
TLR3,0.113058053
TLR4,-0.263831098
TLR5,-0.381469247
TLR6,0.196830903
TLR7,0.006038207
TLR8,-0.034818035
TLR9,-0.419574678
TLX1,0.182423672
TLX2,-0.432456658
TLX3,-0.171406151
TM2D1,0.449712167
TM2D2,-0.01261025
TM2D3,0.104932359
TM4SF1,0.064873714
TM4SF18,-0.146487073
TM4SF19,0.007966807
TM4SF19-TCTEX1D2,-0.054285452
TM4SF20,-0.123093006
TM4SF4,-0.055672241
TM4SF5,0.325405227
TM6SF1,0.080012283
TM6SF2,0.04898067
TM7SF2,0.128545167
TM7SF3,-0.278695157
TM9SF1,-0.175689191
TM9SF2,-0.866241981
TM9SF3,-0.02852746
TM9SF4,0.061203537
TMA16,0.453338226
TMA7,0.177126312
TMBIM1,0.027764699
TMBIM4,-0.346539493
TMBIM6,-0.201437424
TMC1,0.118892147
TMC2,-0.126740081
TMC3,-0.01605179
TMC4,-0.34433489
TMC5,0.210690444
TMC6,0.114439315
TMC7,0.436800359
TMC8,-0.071346494
TMCC1,0.216354311
TMCC2,-0.35432919
TMCC3,0.390616894
TMCO1,-0.434478581
TMCO2,-0.065401099
TMCO3,0.184465358
TMCO4,0.240170306
TMCO5A,-0.115932474
TMCO6,-0.29347118
TMED1,-0.051036418
TMED10,-0.594504309
TMED2,-0.165491366
TMED3,-0.239216983
TMED4,0.439305083
TMED5,0.064806001
TMED6,0.045494679
TMED7,-0.097221092
TMED7-TICAM2,-0.149569836
TMED8,-0.032130494
TMED9,0.046355723
TMEFF1,-0.236295963
TMEM100,-0.301917596
TMEM101,-0.14842853
TMEM102,0.273776693
TMEM104,0.003579781
TMEM106A,-0.120292372
TMEM106B,-0.489977444
TMEM106C,-0.367431129
TMEM107,0.075796329
TMEM108,-0.084013154
TMEM109,-0.494339852
TMEM11,-0.039682483
TMEM110,-0.522074109
TMEM114,0.90334036
TMEM115,-0.28756815
TMEM116,0.015105588
TMEM117,-0.114780852
TMEM119,0.042788589
TMEM120A,-0.652903577
TMEM120B,0.146425448
TMEM121,0.027005977
TMEM121B,-0.034153513
TMEM123,-0.211062572
TMEM125,0.323416996
TMEM126A,0.053778679
TMEM126B,-0.032181771
TMEM127,-0.010930127
TMEM128,-0.343849358
TMEM129,0.100692333
TMEM130,0.083415458
TMEM131,-0.774408069
TMEM131L,0.316945953
TMEM132A,-0.410115357
TMEM132B,0.110416026
TMEM132C,0.113136191
TMEM132D,-0.484154336
TMEM132E,0.578664285
TMEM134,0.120165214
TMEM135,-0.386835701
TMEM138,-0.111614413
TMEM139,-0.485444221
TMEM140,-0.237285502
TMEM141,-0.022843758
TMEM143,-0.191007338
TMEM144,0.700193802
TMEM145,-0.646154209
TMEM147,-0.304417454
TMEM14A,-0.056502553
TMEM14B,-0.165590499
TMEM14C,0.180099768
TMEM14EP,-0.006054407
TMEM150A,-0.01062883
TMEM150B,0.008697357
TMEM150C,0.371062606
TMEM151A,-0.216584314
TMEM151B,0.223572081
TMEM154,0.555474551
TMEM155,0.106035569
TMEM156,-0.472174289
TMEM158,0.047151468
TMEM159,0.211504617
TMEM160,0.210328985
TMEM161A,0.267448956
TMEM161B,-0.346442607
TMEM163,0.232882567
TMEM164,-0.5446367
TMEM165,0.541791592
TMEM167A,-0.114045771
TMEM167B,0.360550991
TMEM168,-0.036467628
TMEM169,-0.044413458
TMEM17,0.129497595
TMEM170A,0.298315031
TMEM170B,-0.525141411
TMEM171,0.09933819
TMEM174,-0.196513427
TMEM175,0.264555296
TMEM176A,-0.097918031
TMEM176B,0.147520725
TMEM177,0.422498763
TMEM178A,-0.669108443
TMEM178B,-0.0432251
TMEM179,0.35796421
TMEM179B,-0.28315456
TMEM18,-0.51168041
TMEM181,-0.392797663
TMEM182,0.415233614
TMEM183A,0.451920579
TMEM183B,0.415856325
TMEM184A,-0.394261089
TMEM184B,0.392234026
TMEM184C,0.390859184
TMEM185A,-0.318203891
TMEM185B,-0.361540459
TMEM186,0.630258016
TMEM187,-0.270432234
TMEM189,0.234976347
TMEM189-UBE2V1,-0.063525092
TMEM19,-0.612817881
TMEM190,0.522363081
TMEM191A,0.067148445
TMEM191B,0.13435564
TMEM191C,0.073588726
TMEM192,0.326191323
TMEM196,0.053747583
TMEM198,0.204668667
TMEM199,-1.147209064
TMEM200A,-0.077080717
TMEM200B,0.222368808
TMEM200C,-0.228886102
TMEM201,-0.455737078
TMEM202,0.104913255
TMEM203,-0.1100637
TMEM204,0.480276855
TMEM205,-0.527417302
TMEM207,-0.087138587
TMEM208,-0.661682922
TMEM209,-0.425871421
TMEM210,-0.412107372
TMEM211,-0.538669196
TMEM212,-0.253570871
TMEM213,-0.216650077
TMEM214,0.335300969
TMEM215,-0.374491712
TMEM216,-0.402972512
TMEM217,-0.217467512
TMEM218,-0.183188942
TMEM219,-0.044643619
TMEM220,0.475932001
TMEM221,-0.303841029
TMEM222,-0.186764307
TMEM223,0.15214309
TMEM225,-0.819168127
TMEM225B,0.148989379
TMEM229A,-0.417493156
TMEM229B,0.376957616
TMEM230,0.42007528
TMEM231,-0.294840594
TMEM232,-0.118229076
TMEM233,0.121164168
TMEM234,0.132710167
TMEM235,0.335045364
TMEM236,0.026526937
TMEM237,0.294988558
TMEM238,-0.059773456
TMEM239,-0.359262464
TMEM240,-0.203701305
TMEM241,-0.512538629
TMEM242,0.962237072
TMEM243,-0.107430865
TMEM244,-0.207020832
TMEM245,-0.180388208
TMEM247,-0.903637486
TMEM248,0.153039341
TMEM249,0.041994962
TMEM25,0.151544521
TMEM250,-0.436291839
TMEM251,-0.583956909
TMEM252,-0.167175066
TMEM253,-0.519340907
TMEM254,-0.800421917
TMEM255A,-0.375157748
TMEM255B,-0.497568495
TMEM256,0.211767
TMEM256-PLSCR3,-0.113788938
TMEM258,-0.449454402
TMEM259,-0.182711945
TMEM26,-0.125127556
TMEM260,0.418092066
TMEM262,0.080651084
TMEM263,0.334332864
TMEM265,0.548466041
TMEM266,0.073335005
TMEM267,0.190972165
TMEM268,0.280462903
TMEM269,0.271374052
TMEM270,-0.101457966
TMEM273,-0.007388847
TMEM30A,0.096803489
TMEM30B,-0.290933091
TMEM31,-0.011873991
TMEM33,-0.118466954
TMEM35A,0.390566914
TMEM35B,0.153676468
TMEM37,0.454872636
TMEM38A,-0.521896143
TMEM38B,0.156015879
TMEM39A,0.166332954
TMEM39B,0.101689657
TMEM40,0.108338242
TMEM41A,0.163899536
TMEM41B,-0.774550883
TMEM42,-0.631144589
TMEM43,-0.168616824
TMEM44,-0.177462375
TMEM45A,-0.241374513
TMEM45B,-0.196829587
TMEM47,0.078192424
TMEM50A,0.127271278
TMEM50B,0.354764197
TMEM51,0.007715324
TMEM52,0.027897011
TMEM52B,0.201110209
TMEM53,0.526127419
TMEM54,0.154196825
TMEM59L,-0.086744156
TMEM60,-0.649684782
TMEM61,0.235992263
TMEM62,-0.378684335
TMEM63A,0.023415966
TMEM63B,-0.408915507
TMEM63C,-0.061080993
TMEM64,0.247504121
TMEM65,-0.604474072
TMEM67,0.234332944
TMEM68,-0.156429673
TMEM69,0.011063374
TMEM70,0.637773802
TMEM71,0.400158989
TMEM72,0.020063078
TMEM74,-0.339390259
TMEM74B,-0.540563864
TMEM79,0.324342063
TMEM80,0.031126339
TMEM81,0.049800115
TMEM82,-0.053268995
TMEM86A,-1.025649258
TMEM86B,-0.755456787
TMEM87A,-0.305677411
TMEM87B,0.990057361
TMEM88,-0.430223971
TMEM88B,-0.452209537
TMEM89,-0.02866181
TMEM8B,-0.347595443
TMEM9,-0.220778903
TMEM91,-0.0271503
TMEM92,0.095620327
TMEM94,-0.321695889
TMEM95,-0.127884216
TMEM97,0.187399572
TMEM98,0.195811573
TMEM99,-0.341204784
TMEM9B,0.066354559
TMF1,-0.226466309
TMIE,-0.303943549
TMIGD1,-0.551638904
TMIGD2,-0.384775935
TMIGD3,-0.115214458
TMLHE,-0.356410998
TMOD1,-0.143265246
TMOD2,0.047972674
TMOD3,-0.400784276
TMOD4,0.056856872
TMPO,0.284192814
TMPPE,-0.17457623
TMPRSS11A,0.127260183
TMPRSS11B,0.286640472
TMPRSS11D,0.559579585
TMPRSS11E,0.29625153
TMPRSS11F,0.047987211
TMPRSS12,-0.409286477
TMPRSS13,-0.426557621
TMPRSS15,0.876167737
TMPRSS2,-0.075539039
TMPRSS3,0.489738267
TMPRSS4,0.187182668
TMPRSS5,-0.193842769
TMPRSS6,0.049145141
TMPRSS7,-0.193920049
TMPRSS9,-0.025852225
TMSB10,-1.033960815
TMSB15A,0.423391424
TMSB15B,0.136974626
TMSB4X,-0.072295057
TMSB4XP2,0.170806807
TMSB4XP8,0.170806807
TMSB4Y,0.315442462
TMTC1,-0.607291351
TMTC2,0.017387892
TMTC3,0.133315715
TMTC4,-0.657727496
TMUB1,0.010749957
TMUB2,-0.226570396
TMX1,-0.567745553
TMX2,-0.517636362
TMX2-CTNND1,0.013689368
TMX3,-0.362197478
TMX4,-0.113616245
TNC,0.066810179
TNF,-0.137266331
TNFAIP1,-0.21161993
TNFAIP2,0.080278854
TNFAIP3,0.249622737
TNFAIP6,-0.048937432
TNFAIP8,-0.515129426
TNFAIP8L1,-0.203340985
TNFAIP8L2,-0.18341952
TNFAIP8L2-SCNM1,-0.113874061
TNFAIP8L3,-0.059932869
TNFRSF10A,0.032584306
TNFRSF10B,-0.240075541
TNFRSF10C,-0.110547555
TNFRSF10D,-0.140801585
TNFRSF11A,0.103890117
TNFRSF11B,0.365323321
TNFRSF12A,0.594133932
TNFRSF13B,0.153420916
TNFRSF13C,-0.091267208
TNFRSF14,-0.632022224
TNFRSF17,0.526230447
TNFRSF18,-0.400388346
TNFRSF19,0.353338056
TNFRSF1A,-0.748115954
TNFRSF1B,-0.282995184
TNFRSF21,-0.600645235
TNFRSF25,-0.072920437
TNFRSF4,0.057853463
TNFRSF6B,0.013600048
TNFRSF8,-0.209971975
TNFRSF9,0.513255696
TNFSF10,-0.374080929
TNFSF11,-0.126955344
TNFSF12,0.244942952
TNFSF12-TNFSF13,0.244942952
TNFSF13,-0.117556415
TNFSF13B,0.06218511
TNFSF14,-0.004805835
TNFSF15,-0.091205949
TNFSF18,-0.355885126
TNFSF4,0.406221362
TNFSF8,0.261920584
TNFSF9,-0.589265985
TNIK,-0.212724139
TNIP1,0.303527928
TNIP2,-0.034232833
TNIP3,0.751428886
TNK1,-0.305824649
TNK2,0.130101338
TNKS,-0.073364333
TNKS1BP1,-0.605964503
TNKS2,-0.21913396
TNMD,0.025483469
TNN,0.184913706
TNNC1,-0.756409129
TNNC2,-0.147485486
TNNI1,-0.012556679
TNNI2,-0.953041487
TNNI3,-0.061040749
TNNI3K,0.052044711
TNNT1,-0.069870679
TNNT2,-0.221853254
TNNT3,0.121207325
TNP1,-0.09410555
TNP2,0.355097739
TNPO1,0.019611854
TNPO2,-0.103471041
TNPO3,0.039581941
TNR,0.281228708
TNRC18,0.20124184
TNRC6A,0.049263485
TNRC6B,-0.713011642
TNRC6C,-0.005089293
TNS1,0.331031559
TNS2,-0.062805664
TNS3,-0.12649013
TNS4,-0.215768807
TNXB,0.21647344
TOB1,-0.931058952
TOB2,-0.530040425
TOE1,0.768302134
TOGARAM1,0.082645776
TOGARAM2,-0.219955447
TOLLIP,-0.241626563
TOM1,-0.58861814
TOM1L1,0.424293391
TOM1L2,0.038438285
TOMM20,0.859264291
TOMM20L,-0.527445265
TOMM22,0.729720025
TOMM34,-0.307525468
TOMM40,0.650449395
TOMM40L,0.509441453
TOMM5,-0.227432452
TOMM6,0.121714287
TOMM7,0.078744283
TOMM70,-1.419555438
TONSL,-0.715323035
TOP1,-1.12773869
TOP1MT,0.522159754
TOP2A,0.517907235
TOP2B,-0.061565874
TOP3A,0.382902801
TOP3B,-0.996668889
TOPAZ1,-0.191326634
TOPBP1,0.490868947
TOPORS,-0.017970486
TOR1A,0.071066605
TOR1AIP1,-0.264448553
TOR1AIP2,-0.313885329
TOR1B,-0.297360666
TOR2A,-0.625614432
TOR3A,-0.198532298
TOR4A,-0.256315762
TOX,0.373573057
TOX2,-0.169959032
TOX3,-0.168748795
TOX4,-0.989893271
TP53,0.156647462
TP53AIP1,-0.508201143
TP53BP1,-0.55807004
TP53BP2,-0.72609332
TP53I11,0.035168739
TP53I13,-0.000429565
TP53I3,-0.102986333
TP53INP1,0.354463572
TP53INP2,-0.422138036
TP53RK,0.344543678
TP53TG3,0.844395671
TP53TG3B,0.844395671
TP53TG3C,0.844395671
TP53TG3D,0.844395671
TP53TG3E,0.844395671
TP53TG3F,0.844395671
TP53TG5,-0.127591576
TP63,0.110110298
TP73,0.115688713
TPBG,0.047569468
TPBGL,-0.021040563
TPCN1,-0.063214261
TPCN2,0.219511004
TPD52,-0.237339272
TPD52L1,-0.143809825
TPD52L2,-0.084676941
TPD52L3,0.285659045
TPGS1,-0.363559588
TPGS2,-0.166922327
TPH1,0.17440397
TPH2,-0.007934
TPI1,1.668125239
TPK1,-0.161897573
TPM1,-0.288976983
TPM2,-0.304929765
TPM3,0.612788793
TPM4,0.042086474
TPMT,-0.552909665
TPO,-0.215844067
TPP1,-0.291430602
TPP2,-0.641551497
TPPP,0.265306879
TPPP2,-0.122481494
TPPP3,-0.009712779
TPR,-0.424724056
TPRA1,0.112181474
TPRG1,-0.098015696
TPRG1L,-0.833923515
TPRKB,0.013287609
TPRN,-0.276648925
TPRX1,0.110298784
TPSAB1,0.219226891
TPSB2,0.175084544
TPSD1,0.451966134
TPSG1,0.988895035
TPST1,-0.328199535
TPST2,-0.360561444
TPT1,0.255839525
TPTE,-0.128398511
TPTE2,-0.427796567
TPTE2P5,-0.094529189
TPTEP2-CSNK1E,-0.119364631
TPX2,-0.159209504
TRA2A,-0.215428532
TRA2B,-1.475737365
TRABD,-0.121734612
TRABD2A,-0.514618798
TRABD2B,0.102963178
TRADD,-0.92602039
TRAF1,-0.585889028
TRAF2,-0.02175456
TRAF3,0.060433261
TRAF3IP1,0.079870093
TRAF3IP2,0.15439639
TRAF3IP3,-0.466841089
TRAF4,-0.00587106
TRAF5,0.104370158
TRAF6,-0.71546347
TRAF7,-0.01947599
TRAFD1,-0.104312592
TRAIP,0.386390163
TRAK1,-0.355783898
TRAK2,0.301969177
TRAM1,0.16699214
TRAM1L1,0.210361981
TRAM2,-0.034156774
TRANK1,0.701097518
TRAP1,0.614827712
TRAPPC1,0.536744771
TRAPPC10,-0.473122992
TRAPPC11,-0.12087431
TRAPPC12,0.500059046
TRAPPC13,-0.354790713
TRAPPC2,-0.211986552
TRAPPC2B,-0.155608013
TRAPPC2L,-0.145920153
TRAPPC3,-0.20804765
TRAPPC3L,-0.522150551
TRAPPC4,0.207900939
TRAPPC5,0.519078736
TRAPPC6A,-0.625760881
TRAPPC6B,0.033295071
TRAPPC8,-0.301815635
TRAPPC9,-0.275146104
TRARG1,0.342698162
TRAT1,0.037625453
TRDMT1,-0.065666
TRDN,-0.207134056
TREH,0.51595049
TREM1,0.026047239
TREM2,-0.103381785
TREML1,-0.333420117
TREML2,-0.31130009
TREML4,-0.021298363
TRERF1,-0.596209063
TREX1,0.043511333
TREX2,0.35339541
TRGC1,0.520917861
TRH,0.02894128
TRHDE,0.315803281
TRHR,0.115755702
TRIAP1,-0.151534409
TRIB1,0.732939732
TRIB2,-0.024228628
TRIB3,-0.352301852
TRIL,0.264717634
TRIM10,-0.119041379
TRIM11,-0.133527825
TRIM13,-0.819209847
TRIM14,-0.366943487
TRIM15,0.358726125
TRIM16,-0.345136572
TRIM16L,0.159754822
TRIM17,-0.137001595
TRIM2,0.658429163
TRIM21,0.225980679
TRIM22,0.475819966
TRIM23,-0.151308185
TRIM24,-0.023538456
TRIM25,-0.939586024
TRIM26,0.343385387
TRIM27,0.09583462
TRIM28,-0.351628982
TRIM29,0.075495364
TRIM3,-0.000867777
TRIM31,-0.063920671
TRIM32,0.094192126
TRIM33,-6.70159e-05
TRIM34,-0.426902629
TRIM35,0.200772684
TRIM36,-0.50731796
TRIM37,-0.343439047
TRIM38,-1.16863e-05
TRIM39,-0.139900499
TRIM39-RPP21,-0.222944236
TRIM4,-0.162576695
TRIM40,0.414821018
TRIM41,0.030379263
TRIM42,-0.592386069
TRIM43,-0.135030961
TRIM43B,0.22435045
TRIM44,-0.055039823
TRIM45,0.276903145
TRIM46,-0.003548281
TRIM47,-0.049510297
TRIM48,0.252064647
TRIM49,-0.509712285
TRIM49B,-0.199477399
TRIM49C,-0.509712285
TRIM49D1,0.071423271
TRIM49D2,0.071423271
TRIM5,-0.284146977
TRIM50,0.284767307
TRIM51,0.344603396
TRIM51BP,-0.238856811
TRIM51EP,-0.238856811
TRIM51FP,-0.238856811
TRIM52,0.364402016
TRIM53AP,-0.311983795
TRIM53BP,-0.311983795
TRIM53CP,-0.478873205
TRIM54,-0.634658874
TRIM55,-0.233297006
TRIM56,0.069538061
TRIM58,-0.80930472
TRIM59,-0.322733624
TRIM59-IFT80,-0.066838507
TRIM6,-0.027363905
TRIM6-TRIM34,-0.144199235
TRIM60,0.175592959
TRIM61,0.896313934
TRIM62,0.250117056
TRIM63,0.040712716
TRIM64,-0.269731735
TRIM64B,0.089675143
TRIM64C,-0.375466048
TRIM64DP,-0.38492709
TRIM65,-0.236844959
TRIM66,-0.115183683
TRIM67,0.058183837
TRIM68,-0.332772077
TRIM69,-0.220762019
TRIM7,-0.160746556
TRIM71,-0.225376986
TRIM72,0.443093559
TRIM73,-0.583633425
TRIM74,-0.505107281
TRIM77,0.254753848
TRIM8,-0.670384816
TRIM9,0.420297019
TRIML1,0.132769987
TRIML2,0.0127769
TRIO,-0.088501621
TRIOBP,0.463151035
TRIP10,-0.068152658
TRIP11,0.003062858
TRIP12,0.361027401
TRIP13,0.03408106
TRIP4,0.475262557
TRIP6,-0.31193536
TRIQK,-0.334368939
TRIR,0.246752383
TRIT1,1.241133026
TRMO,0.068995655
TRMT1,-0.60471893
TRMT10A,0.361537657
TRMT10B,-0.234221979
TRMT10C,0.507854016
TRMT11,0.210460382
TRMT112,1.037629993
TRMT12,0.012710038
TRMT13,0.155663608
TRMT1L,-0.313375195
TRMT2A,-0.696723266
TRMT2B,-0.795704278
TRMT44,0.46719384
TRMT5,-0.722309258
TRMT6,-1.083188027
TRMT61A,-1.033044537
TRMT61B,-0.70808185
TRMT9B,-0.736411376
TRMU,0.568139524
TRNAU1AP,-0.272957156
TRNP1,0.064218663
TRNT1,0.103325714
TRO,-0.068868802
TROAP,-0.070444553
TROVE2,-0.185181499
TRPA1,-0.440452294
TRPC1,-0.268124235
TRPC3,0.799754649
TRPC4,-0.618617532
TRPC4AP,0.105428124
TRPC5,0.014326986
TRPC5OS,-0.086916862
TRPC6,0.020527297
TRPC7,-0.132230951
TRPM1,-0.329966427
TRPM2,0.469191132
TRPM3,0.240549209
TRPM4,0.457121239
TRPM5,0.344495187
TRPM6,0.163249573
TRPM7,-0.17473511
TRPM8,-0.014388041
TRPS1,0.256246138
TRPT1,0.009667012
TRPV1,-0.296230485
TRPV2,0.058628166
TRPV3,-0.276877917
TRPV4,-0.245248795
TRPV5,-0.712687659
TRPV6,-0.448762621
TRRAP,1.184613463
TRUB1,-0.052930462
TRUB2,0.598601281
TSACC,0.542935827
TSBP1,0.018422778
TSC1,-0.48605405
TSC2,-0.499236255
TSC22D1,-0.478026381
TSC22D2,-0.363798595
TSC22D3,0.150000425
TSC22D4,-0.047420274
TSEN15,-0.517300825
TSEN2,0.596784635
TSEN34,-0.298448204
TSEN54,-0.278037361
TSFM,1.106639008
TSG101,0.286025981
TSGA10,0.107003767
TSGA10IP,-0.567789909
TSGA13,-0.256715827
TSHB,-0.022394099
TSHR,0.181845647
TSHZ1,0.396799237
TSHZ2,0.665022982
TSHZ3,-0.114822117
TSKS,-0.190871538
TSKU,0.217964676
TSLP,-0.012519751
TSN,0.243148133
TSNARE1,-0.148522632
TSNAX,0.019868292
TSNAX-DISC1,0.018356813
TSNAXIP1,-0.63303698
TSPAN1,-0.002326652
TSPAN10,-0.028758649
TSPAN11,0.31222472
TSPAN12,-0.159767817
TSPAN13,-0.455827208
TSPAN14,-0.192029957
TSPAN15,-0.149749808
TSPAN16,-0.079125572
TSPAN17,-0.345951642
TSPAN18,-0.558411848
TSPAN19,-0.319317027
TSPAN2,0.02648705
TSPAN3,-0.118753912
TSPAN31,0.504511244
TSPAN32,-0.192590088
TSPAN33,0.149646941
TSPAN4,0.134301604
TSPAN5,0.37349304
TSPAN6,-0.039517468
TSPAN7,-0.077815849
TSPAN8,-0.429847946
TSPAN9,-0.946437383
TSPEAR,-0.223213454
TSPO,0.10024689
TSPO2,-0.108602767
TSPOAP1,-0.018033356
TSPY1,0.007061957
TSPY10,-0.003473325
TSPY11P,-0.092969479
TSPY13P,0.011511392
TSPY15P,0.010967633
TSPY17P,0.009758811
TSPY18P,0.15904065
TSPY19P,0.15904065
TSPY2,0.050405516
TSPY3,-0.003473325
TSPY4,-0.003473325
TSPY5P,0.040648362
TSPY6P,-0.142128772
TSPY7P,0.001912755
TSPY8,-0.003473325
TSPY9P,0.022783251
TSPYL1,-0.099671014
TSPYL2,0.430635314
TSPYL4,-0.019068835
TSPYL5,-0.614081623
TSPYL6,-0.26970551
TSR1,1.754583912
TSR2,0.9569044
TSR3,0.379275951
TSSC2,0.187224375
TSSC4,0.205652002
TSSK1B,0.060609787
TSSK2,-0.211462112
TSSK3,0.659278653
TSSK4,-0.502046749
TSSK6,0.124208903
TST,-0.269568907
TSTA3,-0.034127291
TSTD1,-0.079447491
TSTD2,-0.128146306
TSTD3,-0.13947239
TTBK1,-0.136192504
TTBK2,0.099242284
TTC1,0.112829981
TTC12,-0.124927799
TTC13,-0.515695015
TTC14,-0.004541942
TTC16,-0.099563743
TTC17,-0.166363254
TTC19,0.053694237
TTC21A,-0.359623101
TTC21B,0.234634927
TTC22,0.208010225
TTC23,0.059354019
TTC23L,-0.271621686
TTC24,-0.396506179
TTC25,0.256731637
TTC26,-0.069757755
TTC27,-0.064332216
TTC28,0.131266924
TTC29,0.524423965
TTC3,0.628560905
TTC30A,-0.008847515
TTC30B,0.230008558
TTC31,-0.436339305
TTC32,0.107816316
TTC33,-0.297928631
TTC34,-0.019410018
TTC36,-0.11307029
TTC37,-0.071448564
TTC38,-0.027637303
TTC39A,-0.112360894
TTC39B,-0.167751665
TTC39C,-0.03617002
TTC4,-0.032707887
TTC5,0.041969887
TTC7A,-1.130428735
TTC7B,-0.236061165
TTC8,-0.263809796
TTC9,0.072321486
TTC9B,0.188987199
TTC9C,-0.175429999
TTF1,0.207311937
TTF2,-0.332389073
TTI1,-0.019929079
TTI2,-0.144635217
TTK,-0.292717723
TTL,0.820656516
TTLL1,-0.271720727
TTLL10,-0.106160208
TTLL11,0.234495597
TTLL12,-0.013369078
TTLL2,0.061809734
TTLL3,-0.010222397
TTLL4,-0.378349656
TTLL5,-0.367788578
TTLL6,0.002431946
TTLL7,0.071455284
TTLL9,-0.094189915
TTN,0.577858031
TTPA,0.266846722
TTPAL,-0.093539076
TTR,-0.146953025
TTYH1,0.3543037
TTYH2,-0.076306448
TTYH3,-0.337593528
TUB,-0.00586486
TUBA1A,-0.567832203
TUBA1B,0.237730654
TUBA1C,0.230717001
TUBA3C,0.257548713
TUBA3D,0.207895372
TUBA3E,0.148510111
TUBA4A,0.097135686
TUBA8,0.23606494
TUBAL3,0.23669606
TUBAP2,0.40304226
TUBB,0.325955353
TUBB1,-0.092779922
TUBB2A,0.216423891
TUBB2B,-0.098878085
TUBB2BP1,0.002950843
TUBB3,0.274325658
TUBB4A,-0.511148272
TUBB4B,0.00221892
TUBB6,-0.347322608
TUBB8,-0.1232293
TUBD1,0.001489722
TUBE1,0.106780723
TUBG1,-0.318838678
TUBG2,-0.033230431
TUBGCP2,0.478932176
TUBGCP3,0.208650826
TUBGCP4,-0.107019099
TUBGCP5,-0.032522029
TUBGCP6,-0.048684302
TUFM,0.8637434
TUFT1,-0.735541721
TULP1,0.132740315
TULP2,0.525524053
TULP3,-0.3414478
TULP4,0.307196153
TUSC1,-0.359358089
TUSC2,-0.524868835
TUSC3,-0.227128196
TUT1,0.586928864
TVP23A,-0.024751339
TVP23B,0.161448613
TVP23C,-0.046501125
TVP23C-CDRT4,-0.075682417
TVP23CP2,-0.32287813
TWF1,-0.000602925
TWF1P1,0.105360904
TWF2,0.186238981
TWIST1,0.304655433
TWISTNB,-0.118940138
TWNK,0.372079334
TWSG1,-0.301233166
TXK,0.031238874
TXLNA,0.723238867
TXLNB,-0.00639809
TXLNG,-0.012692048
TXN,0.079328043
TXN2,-0.146714759
TXNDC11,0.499858473
TXNDC12,1.024417193
TXNDC15,-0.459747939
TXNDC16,0.083735722
TXNDC17,0.234808795
TXNDC2,-0.070605698
TXNDC5,0.392752724
TXNDC8,-0.332638214
TXNDC9,0.213343256
TXNIP,-0.131619259
TXNL1,0.18399267
TXNL4B,0.125356146
TXNRD1,0.046291737
TXNRD2,0.255544395
TXNRD3,-0.133972083
TYK2,-0.266778538
TYMP,-0.080422362
TYMS,0.054830179
TYMSOS,-0.247749364
TYR,0.10611828
TYRO3,0.177760592
TYROBP,-0.008835901
TYRP1,-0.213231686
TYSND1,0.198245327
TYW1,-0.00018541
TYW1B,0.308470283
TYW3,-0.448239647
TYW5,0.173708666
U2AF1,0.37719818
U2AF1L4,-0.665189489
U2AF1L5,0.37719818
U2AF2,-0.275890241
U2SURP,-0.320030499
UACA,0.192672432
UAP1,0.063448556
UAP1L1,-0.034013342
UBA1,-0.406808185
UBA2,-0.28736534
UBA3,-0.935530708
UBA5,-1.118628859
UBA52,-0.396161375
UBA6,-0.571666599
UBA7,0.305439596
UBAC1,0.064691392
UBAC2,0.262410753
UBALD1,0.336439033
UBALD2,-0.347336915
UBAP1,-0.453933199
UBAP1L,0.038735183
UBAP2,-0.370448742
UBAP2L,-0.469456524
UBASH3A,0.064401814
UBASH3B,0.149902592
UBB,-0.53654957
UBC,-0.484415731
UBD,0.098219652
UBE2A,-1.0020743
UBE2B,0.090972749
UBE2C,-1.013064799
UBE2D1,-0.384506959
UBE2D2,-0.413305594
UBE2D3,0.66554775
UBE2D4,0.436424215
UBE2E1,-0.303869768
UBE2E2,-0.897031278
UBE2E3,0.003364654
UBE2F,-0.420532913
UBE2F-SCLY,0.057771332
UBE2G1,0.366956291
UBE2G2,-0.279940339
UBE2H,-0.684602453
UBE2I,0.318654461
UBE2J1,0.121596865
UBE2J2,-0.619600886
UBE2K,-1.200213192
UBE2L1,1.010275182
UBE2L3,0.517520824
UBE2L6,-0.441993472
UBE2M,-0.561877857
UBE2N,-0.558057163
UBE2O,-0.094199374
UBE2Q1,1.220789012
UBE2Q2,0.0075486
UBE2Q2L,0.247778752
UBE2QL1,0.277627828
UBE2R2,0.508280076
UBE2S,-0.226595008
UBE2SP1,-0.204347482
UBE2T,-0.073228496
UBE2U,-0.446993655
UBE2V1,-0.660527969
UBE2V1P2,-0.775393449
UBE2W,0.149763185
UBE2Z,-0.718172674
UBE3A,-0.251596582
UBE3B,-0.100954347
UBE3C,-0.168717917
UBE3D,-0.500688982
UBE4A,0.106174283
UBE4B,0.540890246
UBFD1,-0.049668042
UBIAD1,-0.152758587
UBL3,0.256715911
UBL4A,-0.141573891
UBL4B,0.414658486
UBL5,-0.51960992
UBL7,0.23801985
UBLCP1,-0.948341743
UBN1,0.594860985
UBN2,0.177009021
UBOX5,-0.221382172
UBP1,0.59102489
UBQLN1,0.370334334
UBQLN2,-0.271884148
UBQLN3,-0.100869798
UBQLN4,0.167366429
UBQLNL,0.177434009
UBR1,0.245152922
UBR2,-0.158009714
UBR3,-0.030106046
UBR4,-0.117881711
UBR5,0.359123304
UBR7,0.064973669
UBTD1,0.122988271
UBTD2,-0.03245049
UBTF,0.368790448
UBTFL1,0.326135492
UBXN1,-0.384194179
UBXN10,0.273619013
UBXN11,0.191553452
UBXN2A,-0.13087839
UBXN2B,0.042515764
UBXN4,0.24727421
UBXN6,-0.126474811
UBXN7,-0.205514484
UBXN8,-0.536159545
UCHL1,0.115948025
UCHL3,0.24251835
UCHL5,0.566590947
UCK1,-0.173636072
UCK2,0.24825686
UCKL1,-0.213893023
UCMA,0.083119666
UCN,-0.305173744
UCN2,-0.101556562
UCN3,0.133223496
UCP1,0.535095512
UCP2,0.061325382
UCP3,-0.743020622
UEVLD,0.239674357
UFC1,-0.131418965
UFD1,0.169114476
UFL1,-0.089337226
UFM1,-0.042085261
UFSP1,0.263789179
UFSP2,-0.393859184
UGCG,-0.595979202
UGDH,-0.084925345
UGGT1,-0.395141406
UGGT2,-0.180511636
UGP2,-0.880291952
UGT1A1,0.150331549
UGT1A10,-0.125760381
UGT1A3,-0.01718941
UGT1A4,0.231504707
UGT1A5,0.047924497
UGT1A6,-0.277984368
UGT1A7,-0.030666705
UGT1A8,0.217975108
UGT1A9,-0.184820259
UGT2A1,0.207133515
UGT2A2,0.11138827
UGT2A3,0.670017547
UGT2B10,0.237990309
UGT2B11,0.300854419
UGT2B15,0.156595331
UGT2B17,-0.290719044
UGT2B25P,0.619655765
UGT2B27P,0.326594704
UGT2B28,0.383173827
UGT2B4,0.4291581
UGT2B7,0.482703202
UGT3A1,-0.195397101
UGT3A2,0.011176844
UGT8,0.665351986
UHMK1,0.031960024
UHRF1,-0.372213206
UHRF1BP1,-0.113644858
UHRF1BP1L,-0.709100171
UHRF2,-0.088278195
UIMC1,-0.0577978
ULBP1,0.444509839
ULBP2,-0.187176701
ULBP3,-0.075776628
ULK1,0.012076746
ULK2,0.076415618
ULK3,-0.170843173
ULK4,0.423160092
UMAD1,0.170888485
UMOD,0.278496983
UMODL1,0.39273375
UMPS,0.561071138
UNC119,1.223026787
UNC119B,-0.24006794
UNC13A,0.188527323
UNC13B,-0.209056007
UNC13C,0.063974264
UNC13D,0.318667709
UNC45A,0.244675214
UNC45B,-0.316234883
UNC50,0.055164347
UNC5A,0.065581946
UNC5B,-0.123395916
UNC5C,0.429153808
UNC5CL,0.015636508
UNC5D,-0.006649223
UNC79,0.037355112
UNC80,0.177499938
UNC93A,0.179869783
UNC93B1,0.06471704
UNCX,0.089663979
UNG,-0.24689684
UNK,0.025242592
UNKL,0.378338352
UPB1,-0.680786186
UPF1,0.395088268
UPF2,1.049266478
UPF3A,-0.471255932
UPF3B,0.695889178
UPK1A,0.218195735
UPK1B,-0.486246442
UPK2,0.154715258
UPK3A,-0.128171896
UPK3BL1,-0.00346468
UPK3BL2,-0.00346468
UPP1,0.325043149
UPP2,0.091029022
UPRT,-0.186727744
UQCC1,0.553102894
UQCC2,0.495513641
UQCC3,-0.089649934
UQCR10,0.458519148
UQCR11,-0.365376405
UQCRB,0.416236687
UQCRC1,0.903975874
UQCRC2,0.44589613
UQCRFS1,0.177940474
UQCRH,0.210013474
UQCRHL,0.230478858
UQCRHP3,-0.455904685
UQCRQ,0.128790245
URAD,-0.081261754
URB1,0.971986377
URB2,0.236624494
URGCP,0.359010227
URGCP-MRPS24,0.266320381
URI1,0.020431126
URM1,0.483454652
UROC1,0.15897458
UROD,0.085011224
UROS,0.026378912
USB1,0.408304103
USE1,-0.30023366
USF1,0.217170822
USF2,0.678954781
USF3,-0.43251411
USH1C,0.271592639
USH1G,0.200893694
USH2A,0.069969783
USHBP1,-0.143810729
USO1,1.710178707
USP1,0.289001315
USP10,-0.020239836
USP11,-0.257593484
USP12,0.105103086
USP12PX,0.080021379
USP12PY,0.080021379
USP13,-0.654078679
USP14,0.23779859
USP15,-0.005446344
USP16,0.818389168
USP17L1,-0.051328981
USP17L10,-0.175816362
USP17L11,-0.202715686
USP17L12,-0.122040478
USP17L13,-0.182998394
USP17L14P,-0.096778001
USP17L15,-0.168880838
USP17L17,-0.19854657
USP17L18,-0.202715686
USP17L19,-0.167922504
USP17L2,-0.116312525
USP17L20,-0.171833674
USP17L21,-0.122040478
USP17L22,-0.174616903
USP17L24,-0.183876061
USP17L25,-0.183876061
USP17L26,-0.183876061
USP17L27,-0.183876061
USP17L28,-0.183876061
USP17L29,-0.183876061
USP17L3,-0.076482241
USP17L30,-0.183876061
USP17L4,-0.055857684
USP17L5,-0.183876061
USP17L6P,-0.16097758
USP17L7,-0.048020292
USP17L8,-0.096954236
USP17L9P,-0.174472982
USP18,-0.153400983
USP19,-0.218809594
USP2,0.025495649
USP20,-0.281925832
USP21,0.367100201
USP22,-0.116922672
USP24,-0.27440986
USP25,0.788590049
USP26,-0.765054061
USP27X,0.109332565
USP28,-0.169094666
USP29,0.138986767
USP3,-0.140634109
USP30,-0.095270255
USP31,-0.166663899
USP32,-0.146180633
USP33,-0.249207593
USP34,-1.223387897
USP35,-0.37200408
USP36,0.565056927
USP37,0.799342945
USP38,0.905630006
USP39,0.322655929
USP4,-0.375714385
USP40,-0.201229608
USP42,0.080954906
USP43,-0.005552996
USP44,-0.061824917
USP45,-0.068865301
USP46,-0.130823353
USP47,0.41616626
USP48,-0.760264393
USP49,-0.617515167
USP5,-0.108513677
USP50,0.147079884
USP51,0.166451905
USP53,0.273783365
USP54,0.563076872
USP6,-0.215236338
USP6NL,0.1935725
USP7,0.503365918
USP8,-0.858202786
USP9X,-1.126304432
USP9Y,-0.342845829
USPL1,-0.024803827
UST,-0.611374411
UTF1,-1.114346974
UTP11,1.127480003
UTP14A,0.404514202
UTP14C,0.173039332
UTP15,0.604429654
UTP18,0.698933299
UTP20,1.790255373
UTP23,1.493739256
UTP3,1.376473691
UTP4,1.262917072
UTP6,0.902113544
UTRN,-0.108456904
UTS2,0.467718322
UTS2B,-0.055404322
UTS2R,-0.377674183
UTY,0.06238563
UVRAG,0.055197205
UVSSA,0.114860278
UXS1,0.472239128
UXT,0.329889324
VAC14,-0.590623651
VAMP1,0.599369782
VAMP2,-0.273770535
VAMP3,0.103192971
VAMP4,-0.111015689
VAMP5,-0.074852943
VAMP7,-0.334831685
VAMP8,0.477218109
VANGL1,-0.429734758
VANGL2,0.293450076
VAPA,-0.061589033
VAPB,-0.093379827
VARS,2.306919724
VARS2,0.272470995
VASH1,-0.329495287
VASH2,-0.135872982
VASN,0.888882784
VASP,0.277804409
VAT1,-0.845170034
VAT1L,0.44623114
VAV1,-0.013388949
VAV2,-0.013115898
VAV3,-0.255008542
VAX1,-0.011499826
VAX2,-0.275693199
VBP1,-0.266532945
VCAM1,-0.365644311
VCAN,-0.120742995
VCL,-0.824411034
VCP,-0.155071173
VCPIP1,0.239711889
VCPKMT,0.207457782
VCX,-0.005599767
VCX2,-3.60335e-05
VCX3A,0.07088187
VCX3B,0.042396251
VCY,0.157283548
VCY1B,0.157283548
VDAC1,-0.310100495
VDAC2,1.702149894
VDAC3,-0.269815182
VDR,0.24899468
VEGFA,0.302354549
VEGFB,-0.287621201
VEGFC,0.23050015
VEGFD,-0.002349034
VENTX,-0.177684037
VEPH1,0.104575981
VEZF1,0.187209852
VEZT,-0.461036152
VGF,-0.142812316
VGLL1,0.147457737
VGLL2,-0.192307616
VGLL3,0.113950115
VGLL4,-0.193949743
VHL,1.334151258
VHLL,0.054161288
VIL1,-0.1014276
VILL,-0.058638909
VIM,0.049010925
VIP,-0.127278047
VIPAS39,-0.203671287
VIPR1,0.173481788
VIPR2,-0.075046035
VIRMA,-0.407528426
VIT,0.222054562
VKORC1,0.543254272
VKORC1L1,0.087943444
VLDLR,-0.260550599
VMA21,-0.292471539
VMAC,-0.496557326
VMO1,0.034955639
VMP1,-0.786225288
VN1R1,0.062435858
VN1R2,0.013079241
VN1R4,-0.007211385
VN1R5,-0.129729051
VN1R6P,0.037228681
VNN1,0.358759624
VNN2,0.372625218
VNN3,-0.113984027
VOPP1,0.363647788
VPREB1,-0.248023382
VPREB3,-0.044050763
VPS11,-0.6220425
VPS13A,-0.097473174
VPS13B,0.047101601
VPS13C,-0.01586234
VPS13D,1.11815152
VPS16,-0.990498661
VPS18,-1.097137341
VPS25,-0.058960267
VPS26A,-0.87620371
VPS26B,-0.312263138
VPS26C,-0.234591949
VPS28,-0.793331395
VPS29,-0.756176474
VPS33A,-0.828547722
VPS33B,-0.543074949
VPS35,-0.553388175
VPS35L,0.049448485
VPS36,-0.510471767
VPS37A,-1.15799825
VPS37B,-0.432070836
VPS37C,0.167819034
VPS37D,0.081052711
VPS39,-0.701078808
VPS41,-1.253901073
VPS45,-0.746091036
VPS4A,-0.099297873
VPS4B,-0.184243102
VPS50,-0.302696556
VPS51,-0.479875658
VPS52,-2.2336694
VPS53,-0.772771415
VPS54,-0.265446205
VPS72,-0.732324632
VPS8,0.417059959
VPS9D1,-0.279089515
VRK1,0.247832651
VRK2,0.314041089
VRK3,-0.611967914
VRTN,0.121132977
VSIG1,0.118384805
VSIG10,-0.132659278
VSIG10L,-0.017735137
VSIG2,0.012931959
VSIG4,0.232557385
VSIG8,0.240485628
VSIR,0.351963905
VSNL1,-0.546779961
VSTM1,-0.374427252
VSTM2A,0.149007349
VSTM2B,0.350471459
VSTM2L,0.248543088
VSTM4,0.095930627
VSTM5,-0.14171738
VSX1,0.201401003
VSX2,-0.322042943
VTA1,0.176364338
VTCN1,0.013330831
VTI1A,0.069245362
VTI1B,0.105802787
VTN,-0.398664099
VWA1,-0.37764353
VWA2,0.07845059
VWA3A,0.24581491
VWA3B,-0.063667366
VWA5A,-0.224354289
VWA5B1,0.280999232
VWA5B2,0.281757542
VWA7,0.192558515
VWA8,0.424790971
VWC2,0.243483031
VWC2L,0.044127495
VWCE,-0.293603083
VWDE,-0.298160866
VWF,-0.084536388
VXN,0.065658008
WAC,-0.730194213
WAPL,0.026809443
WARS1,-0.22761471
WARS2,0.421261692
WAS,0.176050661
WASF1,-0.270044033
WASF2,0.399208394
WASF3,0.167884967
WASH2P,0.060195347
WASH3P,0.305780729
WASH4P,0.060195347
WASH7P,0.305780729
WASH9P,0.305780729
WASHC1,0.234525528
WASHC2A,-0.449366218
WASHC2C,-0.356461139
WASHC3,-0.764557851
WASHC4,-1.080882942
WASHC5,-0.802582431
WASL,0.560263451
WBP1,-0.1415122
WBP11,-0.242178499
WBP1L,0.057942735
WBP2,-0.265115727
WBP2NL,-0.28781093
WBP4,-0.103586413
WDCP,-0.247831912
WDFY1,0.087233505
WDFY2,-0.026999033
WDFY3,0.420152521
WDFY4,0.000363572
WDHD1,0.364295962
WDPCP,-0.004244019
WDR1,0.46752249
WDR11,-0.415103743
WDR12,-0.045636419
WDR13,0.126272668
WDR17,0.123964504
WDR18,-0.374105025
WDR19,-0.013900383
WDR20,-0.156582271
WDR24,0.823644559
WDR25,-0.611382267
WDR26,-0.221241332
WDR27,-0.209592026
WDR3,0.848407326
WDR31,0.409575592
WDR33,0.323256714
WDR34,-0.838879606
WDR35,-0.362904668
WDR36,1.018706465
WDR37,0.074039558
WDR38,-0.418871792
WDR4,-0.449876195
WDR41,-0.061779025
WDR43,1.399578758
WDR44,0.076300665
WDR45,0.091307298
WDR45B,-0.483767688
WDR46,1.470094654
WDR47,-0.840072837
WDR48,0.072733624
WDR49,-0.171371635
WDR5,-0.623549534
WDR53,-0.324205216
WDR54,-0.40936939
WDR55,-0.065683445
WDR59,0.578032478
WDR5B,-0.63862886
WDR6,-0.435930984
WDR60,-0.115428849
WDR61,0.302766109
WDR62,-0.344571914
WDR63,-0.272453242
WDR64,-0.112640309
WDR66,-0.550367408
WDR7,0.777457555
WDR70,-0.617721362
WDR72,-0.013658368
WDR73,-0.052976227
WDR74,-0.07133735
WDR75,1.194213567
WDR76,-0.158671365
WDR77,0.904914778
WDR78,0.069744099
WDR81,0.192041755
WDR82,-0.071670976
WDR83,-0.125737769
WDR83OS,-0.526541108
WDR86,-0.22182713
WDR87,0.273651665
WDR88,0.242121106
WDR89,-0.509775482
WDR90,0.263233346
WDR91,-0.422637734
WDR92,-0.372941845
WDR93,-0.207141172
WDSUB1,0.577310741
WDTC1,0.53807527
WDYHV1,-0.269667935
WEE1,-0.200857367
WEE2,0.133374511
WFDC1,0.169440554
WFDC10A,-0.074428624
WFDC10B,0.15775142
WFDC11,0.107098847
WFDC12,0.015020635
WFDC13,0.454824884
WFDC2,-0.109949183
WFDC3,0.040033802
WFDC5,0.349018703
WFDC6,-0.26313972
WFDC8,-0.000303933
WFDC9,-0.145301945
WFIKKN1,0.429268595
WFIKKN2,-0.401004008
WFS1,-0.360020864
WHAMM,-0.354764977
WHRN,0.282056181
WIF1,0.28508653
WIPF1,0.160935016
WIPF2,0.0691048
WIPF3,0.855952812
WIPI1,0.056560836
WIPI2,-0.330892397
WISP1,-0.042733439
WISP2,0.053942665
WISP3,0.155235411
WIZ,-0.569944272
WLS,-0.072233966
WNK1,0.329891372
WNK2,-0.033032832
WNK3,-0.082419896
WNK4,-0.471704323
WNT1,-0.059208573
WNT10A,-0.398057665
WNT10B,-0.209429516
WNT11,0.031999656
WNT16,-0.115801591
WNT2,0.168286786
WNT2B,-0.417076419
WNT3,0.114477158
WNT3A,-0.383237567
WNT4,0.226102982
WNT5A,-0.021912069
WNT5B,0.029817368
WNT6,0.083136765
WNT7A,-0.025525988
WNT7B,0.400010729
WNT8A,-0.394420831
WNT8B,0.498245476
WNT9A,0.065006361
WNT9B,-0.09824816
WRAP53,-0.656293216
WRAP73,0.09603463
WRB,0.689145271
WRB-SH3BGR,0.665873519
WRN,-0.04545472
WRNIP1,-0.721594211
WSB1,-0.071330179
WSB2,-0.733905739
WSCD1,-0.067897128
WSCD2,-0.319391778
WT1,0.246055879
WTAP,-1.121305069
WTIP,-0.213362669
WWC1,-0.428727889
WWC2,0.679281201
WWC3,0.166955822
WWOX,0.304636799
WWP1,-0.299846608
WWP2,-0.001941488
WWTR1,0.078838153
XAB2,-0.035875985
XAF1,0.090485841
XAGE1B,-0.023383169
XAGE2,-0.158144345
XAGE3,-0.136140967
XAGE5,0.015254463
XBP1,0.866383728
XCL1,0.581745914
XCL2,0.145795449
XCR1,0.074899043
XDH,-0.069342828
XG,-0.317634215
XIAP,-2.770925873
XIRP1,0.160648941
XIRP2,0.73575506
XK,0.010533275
XKR3,0.08789906
XKR4,0.128493336
XKR5,0.231258499
XKR6,-0.386003493
XKR7,-0.254695524
XKR8,-0.381051336
XKR9,-0.526017346
XKRX,-0.217409788
XKRY,0.032687536
XKRY2,0.032687536
XPA,-0.374689115
XPC,-0.212311135
XPNPEP1,-0.313348547
XPNPEP2,0.015636402
XPNPEP3,0.341647327
XPO1,0.198533769
XPO4,-0.197052944
XPO5,-1.545778828
XPO6,0.230337085
XPO7,0.454571447
XPOT,0.295169949
XPR1,0.234077218
XRCC1,0.089757998
XRCC2,-0.199204114
XRCC3,-0.123717693
XRCC4,-0.37386334
XRCC5,-0.131510012
XRCC6,-0.338865937
XRN1,0.23792894
XRN2,1.751402488
XRRA1,-0.475874499
XXYLT1,0.047404495
XYLB,0.475021746
XYLT1,0.494247169
XYLT2,-0.048375868
YAE1,0.279542504
YAF2,-0.356791925
YAP1,-0.507692002
YARS1,0.734138155
YARS2,0.875569051
YBEY,0.709114996
YBX1,0.120674908
YBX2,0.480851892
YBX3,0.084035105
YDJC,0.312154424
YEATS2,-0.115784273
YEATS4,-0.90479781
YES1,-0.216950816
YIF1A,0.126809061
YIF1B,-0.072744825
YIPF1,-0.446290968
YIPF2,-0.217916059
YIPF3,-0.050655181
YIPF4,-0.173637729
YIPF5,0.178415606
YIPF6,-0.325647873
YIPF7,0.507984405
YJEFN3,0.266271276
YJU2,0.048509799
YKT6,-0.259909956
YLPM1,0.529190615
YME1L1,0.657079028
YOD1,-0.32372603
YPEL1,-0.349033977
YPEL2,0.437755579
YPEL3,0.273328415
YPEL4,-0.409209712
YPEL5,-0.369815642
YRDC,0.690363074
YTHDC1,-0.414669835
YTHDC2,0.03467556
YTHDF1,-0.330695153
YTHDF2,-0.740095349
YTHDF3,0.039844627
YWHAB,0.447885416
YWHAE,0.589946575
YWHAG,-0.248255231
YWHAH,0.020188449
YWHAQ,-0.221723597
YWHAZ,0.716176049
YY1,-0.279715028
YY1AP1,-0.20216489
YY2,-0.221104808
ZACN,0.343041313
ZADH2,0.195025634
ZAN,0.115971028
ZAP70,0.319845716
ZAR1,-0.115417276
ZAR1L,0.278926464
ZASP,-0.176761477
ZBBX,-0.512166589
ZBED1,-0.183488991
ZBED2,-0.360812956
ZBED3,0.273696475
ZBED4,0.269979258
ZBED5,-0.047849985
ZBED6,-0.119801943
ZBED6CL,0.251248024
ZBED8,-0.120211824
ZBED9,-0.037800411
ZBP1,0.462864226
ZBTB1,-0.933785045
ZBTB10,-0.116421762
ZBTB11,0.221951757
ZBTB12,-0.139257709
ZBTB14,-0.365150374
ZBTB16,-0.06412207
ZBTB17,1.08548473
ZBTB18,-0.096438603
ZBTB2,-0.84465395
ZBTB20,-0.072983548
ZBTB21,0.427329699
ZBTB22,0.189237842
ZBTB24,-0.528463299
ZBTB25,0.26955058
ZBTB26,-0.822380272
ZBTB3,0.063965401
ZBTB32,-0.065137661
ZBTB33,-0.158858107
ZBTB34,0.039202473
ZBTB37,0.241216332
ZBTB38,0.337690695
ZBTB39,0.239028473
ZBTB4,-0.11491946
ZBTB40,-0.167418542
ZBTB41,-0.486503626
ZBTB43,-0.316791802
ZBTB44,-0.502191458
ZBTB45,-0.627989205
ZBTB46,-0.043400224
ZBTB47,0.035073735
ZBTB48,-0.42072941
ZBTB49,0.085262599
ZBTB5,-0.133558037
ZBTB6,0.21893709
ZBTB7A,0.50436988
ZBTB7B,-0.337352583
ZBTB7C,-0.098784657
ZBTB8A,0.171727598
ZBTB8B,0.389109801
ZBTB8OS,0.601752537
ZBTB9,0.31912903
ZC2HC1A,0.100979148
ZC2HC1B,0.013288105
ZC2HC1C,-0.014021483
ZC3H10,-0.143837234
ZC3H11A,-0.469796113
ZC3H11B,0.530350054
ZC3H12A,0.322006583
ZC3H12B,0.03548438
ZC3H12C,0.573770901
ZC3H12D,0.171610041
ZC3H13,-0.498971755
ZC3H14,0.244802358
ZC3H15,0.314552352
ZC3H18,-0.185756737
ZC3H3,0.822700971
ZC3H4,-0.070262307
ZC3H6,0.441894287
ZC3H7A,0.028421225
ZC3H7B,-0.035767277
ZC3H8,0.193775068
ZC3HAV1,-0.063603559
ZC3HAV1L,-0.269189969
ZC3HC1,-0.39348772
ZC4H2,0.004709626
ZCCHC10,-0.387617121
ZCCHC11,0.044347008
ZCCHC12,-0.083326587
ZCCHC13,0.0162805
ZCCHC14,0.06968032
ZCCHC17,0.29670599
ZCCHC18,0.271161469
ZCCHC2,-0.576894091
ZCCHC24,0.159933387
ZCCHC3,-0.105159022
ZCCHC4,0.080641927
ZCCHC6,-0.11414164
ZCCHC7,-0.262216182
ZCCHC8,0.217483076
ZCCHC9,0.429888975
ZCRB1,-1.007257077
ZCWPW1,0.078790172
ZCWPW2,-0.333037486
ZDBF2,-0.359911277
ZDHHC1,0.120889691
ZDHHC11,-0.424378078
ZDHHC12,-0.258147262
ZDHHC13,0.011794907
ZDHHC14,-0.001861003
ZDHHC15,-0.158869615
ZDHHC16,-0.628645784
ZDHHC17,-0.344064577
ZDHHC18,0.164826542
ZDHHC19,-0.03329777
ZDHHC2,0.086723239
ZDHHC20,0.265168093
ZDHHC21,-0.223897651
ZDHHC22,-0.34855523
ZDHHC23,0.042783113
ZDHHC24,-0.044914263
ZDHHC3,0.19667499
ZDHHC4,0.082193554
ZDHHC5,-0.27471034
ZDHHC6,-0.186875831
ZDHHC7,-0.129226764
ZDHHC8,-0.463861528
ZDHHC9,-0.154627173
ZEB1,1.394498262
ZEB2,0.47536499
ZER1,0.188498721
ZFAND1,-0.153879368
ZFAND2A,0.002896905
ZFAND2B,0.013576162
ZFAND3,0.068255041
ZFAND4,0.182246875
ZFAND5,0.201711781
ZFAND6,-0.175161132
ZFAT,-0.888382321
ZFC3H1,-0.459760767
ZFHX2,-0.183840601
ZFHX3,0.031195291
ZFHX4,0.015468084
ZFP1,-0.568134686
ZFP14,0.171103601
ZFP2,-0.081325304
ZFP28,-0.205317125
ZFP3,-0.324460932
ZFP30,-0.022771798
ZFP36,0.060146451
ZFP36L1,-0.492745682
ZFP36L2,-0.276583951
ZFP37,-0.090130209
ZFP41,-0.102012884
ZFP42,-0.258542291
ZFP57,0.309946191
ZFP62,-0.59545539
ZFP64,0.037433933
ZFP69,0.132086892
ZFP69B,0.417643197
ZFP82,-0.426126046
ZFP91,0.131822568
ZFP91-CNTF,-0.121153221
ZFP92,0.003116485
ZFPL1,0.097518703
ZFPM1,0.144256445
ZFPM2,0.057655364
ZFR,-0.242930659
ZFR2,-0.160821041
ZFX,-0.72265508
ZFY,-0.141262794
ZFYVE1,0.005324441
ZFYVE16,-0.986898806
ZFYVE19,-0.063262867
ZFYVE21,0.099138573
ZFYVE26,-0.653590061
ZFYVE27,-0.148266223
ZFYVE28,0.166463777
ZFYVE9,-0.792133674
ZG16,0.549191256
ZG16B,0.121659057
ZGLP1,-0.298365009
ZGPAT,-0.423139551
ZGRF1,0.584512333
ZHX1,0.047532076
ZHX1-C8orf76,0.029128572
ZHX2,0.446215181
ZHX3,0.642412087
ZIC1,0.242550391
ZIC2,-0.122650676
ZIC3,0.453598757
ZIC4,-0.155672045
ZIC5,0.007094924
ZIK1,-0.202628069
ZIM2,0.010662476
ZIM3,-0.326800669
ZKSCAN1,-0.220029009
ZKSCAN2,0.845686351
ZKSCAN3,-0.048018833
ZKSCAN4,0.404874378
ZKSCAN5,-0.435869817
ZKSCAN7,0.332056438
ZKSCAN8,0.154030187
ZMAT1,0.009659348
ZMAT2,0.293998786
ZMAT3,-0.310564475
ZMAT4,-0.660000876
ZMAT5,-0.336000169
ZMIZ1,0.129787564
ZMIZ2,-0.118615107
ZMPSTE24,-0.398471514
ZMYM1,0.581271915
ZMYM2,0.063914749
ZMYM3,-0.115245385
ZMYM4,-0.252298803
ZMYM5,0.25683164
ZMYM6,0.195461588
ZMYND10,0.030667083
ZMYND11,-0.084641628
ZMYND12,0.169718103
ZMYND15,-0.298717481
ZMYND19,-0.55674905
ZMYND8,-0.855402467
ZNF10,-0.270181269
ZNF100,-0.063085835
ZNF101,-0.270250037
ZNF106,-0.24505323
ZNF107,-0.030339583
ZNF112,-0.141165428
ZNF114,-0.150546951
ZNF117,-0.245360126
ZNF12,-0.108860387
ZNF121,-0.269686935
ZNF124,-0.136636894
ZNF131,-0.363805749
ZNF132,0.148258524
ZNF133,-0.154609969
ZNF134,0.04471193
ZNF135,-0.035074947
ZNF136,-0.00357312
ZNF138,0.044265433
ZNF14,0.017215275
ZNF140,-0.501503357
ZNF141,-0.265134994
ZNF142,0.183680258
ZNF143,0.196949884
ZNF146,-0.12330354
ZNF148,-0.455152788
ZNF154,-0.182811756
ZNF155,-0.425437369
ZNF157,0.256918925
ZNF16,-0.170522853
ZNF160,0.119114321
ZNF165,0.666907152
ZNF169,-0.433114602
ZNF17,-0.43634791
ZNF174,-0.308501193
ZNF175,0.030168424
ZNF177,-0.3686378
ZNF18,0.120700721
ZNF180,-0.040919869
ZNF181,0.117490803
ZNF182,-0.146031624
ZNF184,0.036708912
ZNF185,-0.193892326
ZNF189,0.231523827
ZNF19,-0.066133223
ZNF195,0.282663536
ZNF197,-0.137893285
ZNF2,0.170580463
ZNF20,0.208155493
ZNF200,0.480352691
ZNF202,-0.734236032
ZNF205,0.157359241
ZNF207,-0.23361483
ZNF208,-0.096499512
ZNF211,0.081786237
ZNF212,-0.021005503
ZNF213,0.491413287
ZNF214,0.091048399
ZNF215,0.168672159
ZNF217,0.639399527
ZNF219,-0.283230228
ZNF22,-0.308146649
ZNF221,0.248023359
ZNF222,-0.229956797
ZNF223,-0.584114611
ZNF224,0.358218543
ZNF225,-0.574122712
ZNF226,-0.15780527
ZNF227,0.371105337
ZNF229,-0.150526761
ZNF23,0.232449432
ZNF230,-0.025536863
ZNF232,0.372243927
ZNF233,-0.096020263
ZNF234,0.02198373
ZNF235,0.526808013
ZNF236,0.556629991
ZNF239,-0.593333427
ZNF24,0.258087165
ZNF248,-0.288092073
ZNF25,-0.028732466
ZNF250,-0.221552736
ZNF251,0.398532233
ZNF252P,-0.168482003
ZNF253,-0.042164978
ZNF254,0.07274934
ZNF256,-0.053528608
ZNF257,-0.357564958
ZNF26,-0.080696236
ZNF260,0.289361333
ZNF263,0.214129868
ZNF264,-0.075400132
ZNF266,-0.358201754
ZNF267,0.340588778
ZNF268,-0.325993742
ZNF273,0.302462151
ZNF274,0.075686915
ZNF275,-0.230200145
ZNF276,0.023197603
ZNF277,0.185113128
ZNF28,0.032862323
ZNF280A,-0.123410811
ZNF280B,0.316635688
ZNF280C,-0.070489565
ZNF280D,0.3134967
ZNF281,0.134304263
ZNF282,-0.394492631
ZNF283,0.395075175
ZNF284,0.326012424
ZNF285,0.282956056
ZNF286A,0.273787062
ZNF286B,0.340628735
ZNF287,-0.348422801
ZNF292,0.182225817
ZNF296,-0.355054658
ZNF3,-0.213848695
ZNF30,-0.158292861
ZNF300,-0.36386488
ZNF302,0.171818514
ZNF304,0.314195047
ZNF311,-0.165714307
ZNF316,-0.094499338
ZNF317,0.16202465
ZNF318,0.173885546
ZNF319,0.081267151
ZNF32,0.675124561
ZNF320,0.00161066
ZNF321P,-0.254735725
ZNF322,-0.19198305
ZNF322P1,-0.19198305
ZNF324,-0.050406512
ZNF324B,-0.50586146
ZNF326,0.525865763
ZNF329,-0.411311688
ZNF330,0.502774951
ZNF331,0.011170692
ZNF333,-0.612293903
ZNF334,0.004714064
ZNF335,0.073558541
ZNF337,-0.145509234
ZNF33A,-0.182205582
ZNF34,-0.224219875
ZNF341,-0.78496616
ZNF343,-0.104242877
ZNF345,-0.523417999
ZNF346,0.073902083
ZNF347,0.054516243
ZNF35,-0.009890705
ZNF350,-0.174662847
ZNF354A,-0.124045567
ZNF354B,-0.329324819
ZNF354C,0.041038327
ZNF358,0.005074314
ZNF362,0.462467297
ZNF365,-0.172231246
ZNF366,0.038296905
ZNF367,0.240622534
ZNF37A,-0.114266543
ZNF382,0.248465945
ZNF383,-0.482970688
ZNF384,0.273002265
ZNF385A,-0.391892965
ZNF385B,-0.378104975
ZNF385C,-0.018172498
ZNF385D,-0.227417351
ZNF391,0.591245657
ZNF394,-0.046941312
ZNF395,-0.402305507
ZNF396,-0.042951342
ZNF397,-0.130132366
ZNF398,-0.097002694
ZNF404,0.395018848
ZNF407,-0.142050523
ZNF408,-0.365641839
ZNF41,-0.392921674
ZNF410,-0.683010754
ZNF414,-0.123017935
ZNF415,-0.009701644
ZNF416,-0.692855771
ZNF417,-0.516721754
ZNF418,-0.335488954
ZNF419,-0.157659172
ZNF420,0.222434817
ZNF423,0.193905038
ZNF425,-0.106213927
ZNF426,0.837371355
ZNF428,-0.095599124
ZNF429,-0.053786643
ZNF43,0.19022443
ZNF430,-0.479697823
ZNF431,-0.408476917
ZNF432,0.289080807
ZNF433,-0.033199518
ZNF436,-0.005971932
ZNF438,-0.167492266
ZNF439,-0.036346821
ZNF44,0.037767293
ZNF440,-0.199705821
ZNF441,-0.228222181
ZNF442,-0.181668735
ZNF443,0.00620318
ZNF444,0.043140132
ZNF445,-0.02594957
ZNF446,0.04508637
ZNF449,0.073332253
ZNF45,-0.120629498
ZNF451,-0.036860327
ZNF454,-0.0554216
ZNF460,-0.30728409
ZNF461,-0.05176698
ZNF462,0.039126955
ZNF467,0.282607346
ZNF468,-0.534724473
ZNF469,0.184149298
ZNF470,-0.353434783
ZNF471,0.182160823
ZNF473,0.015669066
ZNF474,-0.197725803
ZNF479,-0.175285841
ZNF48,0.104631637
ZNF480,-0.138056717
ZNF483,-0.158015452
ZNF484,-0.190510094
ZNF485,0.347318826
ZNF486,-0.242534986
ZNF488,0.204829343
ZNF490,-0.390555824
ZNF491,-0.208658635
ZNF492,-0.268948241
ZNF493,-0.275706792
ZNF496,0.167962007
ZNF497,0.200691116
ZNF500,1.116184582
ZNF501,-0.815505728
ZNF502,-0.282741209
ZNF503,0.056083743
ZNF506,-0.265974626
ZNF507,0.023167241
ZNF510,-0.07629571
ZNF511,-0.134459684
ZNF512,-0.122713594
ZNF512B,-0.000262427
ZNF513,-0.074592263
ZNF514,-0.207804904
ZNF516,-0.513393351
ZNF517,0.067996836
ZNF518A,0.095705968
ZNF518B,-0.19704953
ZNF519,-0.039290385
ZNF521,-0.110448485
ZNF524,0.076201646
ZNF526,0.017580549
ZNF527,-0.193791024
ZNF528,-0.216357621
ZNF529,-0.37083673
ZNF530,-0.269405691
ZNF532,0.127228118
ZNF534,0.286517409
ZNF536,-0.114545038
ZNF540,-0.032807186
ZNF541,0.176214358
ZNF543,-0.041674901
ZNF544,0.133078923
ZNF546,0.208521135
ZNF547,0.247091199
ZNF548,0.118338022
ZNF549,-0.037774669
ZNF550,0.071046224
ZNF551,0.127817051
ZNF552,-0.214838169
ZNF554,-0.133798538
ZNF555,-0.475590164
ZNF556,-0.931264259
ZNF557,-0.278259317
ZNF558,0.177069996
ZNF559,-0.231317123
ZNF559-ZNF177,-0.282300851
ZNF560,0.160319258
ZNF561,-0.136535214
ZNF562,0.203505208
ZNF563,0.485345077
ZNF564,0.012692761
ZNF565,-0.013319979
ZNF566,-0.364503095
ZNF567,-0.061846755
ZNF568,0.493667949
ZNF569,-0.019064072
ZNF57,-0.319880595
ZNF570,-0.151238284
ZNF571,0.255301098
ZNF572,-0.108597341
ZNF573,-0.215851633
ZNF574,-0.095842331
ZNF575,-0.424219979
ZNF576,0.26234433
ZNF577,0.036743004
ZNF578,0.044198256
ZNF579,-0.301232387
ZNF580,0.323243945
ZNF581,-0.078920336
ZNF582,0.404455908
ZNF583,-0.317095856
ZNF584,-0.460330733
ZNF585A,0.166303574
ZNF585B,-0.07117341
ZNF586,-0.164199345
ZNF587,-0.530001091
ZNF587B,-0.050449867
ZNF589,-0.643747297
ZNF592,-0.562593064
ZNF593,-0.08087619
ZNF594,-0.006797282
ZNF595,0.081336669
ZNF596,-0.221277655
ZNF597,0.232037739
ZNF598,0.77987343
ZNF599,0.230877731
ZNF600,-0.397308914
ZNF605,-0.745406604
ZNF606,-0.057414002
ZNF607,-0.214862613
ZNF608,0.15300061
ZNF609,-0.154342211
ZNF610,0.006548823
ZNF611,0.118380137
ZNF613,0.322997295
ZNF614,0.268358048
ZNF615,-0.253140212
ZNF616,-0.212847287
ZNF618,0.647188777
ZNF619,0.391258727
ZNF620,0.029638636
ZNF621,-0.209337908
ZNF622,0.340771345
ZNF623,-0.350171546
ZNF624,-0.113917294
ZNF625,-0.19188089
ZNF625-ZNF20,0.208155493
ZNF626,-0.404076957
ZNF627,-0.295462935
ZNF628,0.234526842
ZNF629,0.385409299
ZNF630,0.10150931
ZNF638,-0.536210646
ZNF639,0.11928846
ZNF641,0.088656387
ZNF644,0.299116792
ZNF646,0.403831111
ZNF648,-0.371709403
ZNF649,0.175378467
ZNF652,0.095096498
ZNF653,0.032552709
ZNF654,-0.241813336
ZNF655,0.229613255
ZNF658,0.094786931
ZNF66,-0.28291501
ZNF660,0.005708087
ZNF660-ZNF197,-0.137893285
ZNF662,-0.257301402
ZNF664,-0.306661463
ZNF664-RFLNA,-0.715511998
ZNF665,0.210823829
ZNF667,-0.156449203
ZNF668,-0.02062876
ZNF669,-0.612660578
ZNF670,-0.417872941
ZNF670-ZNF695,-0.496056642
ZNF671,-0.221019635
ZNF672,0.201502762
ZNF674,0.05834631
ZNF675,-0.346878322
ZNF676,-0.08744576
ZNF677,0.134938653
ZNF678,-0.081971534
ZNF679,-0.015143938
ZNF680,-0.016267321
ZNF681,-0.290629777
ZNF682,-0.118250437
ZNF683,0.229487682
ZNF684,0.001217013
ZNF687,0.994480032
ZNF688,0.103787433
ZNF689,0.29933095
ZNF69,0.202704036
ZNF691,0.05358587
ZNF692,0.178243481
ZNF695,0.075372052
ZNF696,-0.248265937
ZNF697,0.167481684
ZNF699,-0.419832438
ZNF7,0.152295344
ZNF70,-0.292451067
ZNF700,-0.535697241
ZNF701,0.255912787
ZNF703,0.138915455
ZNF704,0.139053467
ZNF705A,-0.060732159
ZNF705B,0.006898758
ZNF705CP,-0.180118198
ZNF705D,-0.136023683
ZNF705E,-0.260358877
ZNF705G,-0.304136136
ZNF706,-0.354287555
ZNF707,-0.071396863
ZNF708,-0.25405273
ZNF709,-0.159295314
ZNF71,-0.100905905
ZNF71-SMIM17,0.234549212
ZNF710,-0.090036485
ZNF711,-0.396624078
ZNF713,-0.33603081
ZNF714,-0.399692852
ZNF716,-0.147970952
ZNF717,-0.117250803
ZNF718,-0.080118149
ZNF720,0.234195664
ZNF721,-0.012979113
ZNF725P,-0.260213552
ZNF726,0.121016032
ZNF727,-0.047527966
ZNF728,-0.064602181
ZNF729,0.051747883
ZNF730,-0.112686755
ZNF732,-0.208163587
ZNF733P,-0.113422286
ZNF734P,-0.113422286
ZNF735,-0.503112555
ZNF736,-0.049260032
ZNF737,-0.253997808
ZNF738,-0.27416502
ZNF74,0.27084313
ZNF740,0.139824898
ZNF746,0.178699946
ZNF747,0.279163557
ZNF749,-0.044464262
ZNF750,0.212133787
ZNF75A,-0.06051983
ZNF75D,-0.317783749
ZNF76,-0.161129732
ZNF761,-0.029000482
ZNF763,-0.365441977
ZNF764,0.614264474
ZNF765,-0.017284889
ZNF765-ZNF761,-0.029000482
ZNF766,0.13861346
ZNF768,0.34962522
ZNF77,0.198463397
ZNF770,-0.197458339
ZNF771,0.357777612
ZNF772,-0.138978879
ZNF773,0.079157934
ZNF774,-0.28048966
ZNF775,-0.237083358
ZNF776,-0.44756111
ZNF777,0.09576133
ZNF778,0.386809307
ZNF780A,0.403151375
ZNF780B,-0.262592292
ZNF781,-0.13945466
ZNF782,0.021125855
ZNF783,-0.286263636
ZNF784,-0.286970865
ZNF785,0.414613256
ZNF786,-0.147623868
ZNF787,-0.039040572
ZNF789,-0.458625761
ZNF79,-0.32625682
ZNF790,0.206834053
ZNF791,-0.240984612
ZNF792,-0.08049761
ZNF793,-0.290952737
ZNF799,-0.300524183
ZNF8,-0.084681192
ZNF8-ERVK3-1,-0.084681192
ZNF80,0.388925138
ZNF800,-0.535347445
ZNF804A,0.290476127
ZNF804B,-0.457241654
ZNF805,0.005984186
ZNF806,-0.210737578
ZNF808,0.252796229
ZNF81,-0.129946451
ZNF812P,0.128527149
ZNF813,-0.45015737
ZNF814,-0.168193182
ZNF816,0.062381112
ZNF816-ZNF321P,-0.31488679
ZNF821,-0.924419597
ZNF823,0.325237239
ZNF827,0.347621663
ZNF829,-0.058206077
ZNF83,-0.023581852
ZNF830,0.666642265
ZNF831,-0.170848209
ZNF835,-0.139458166
ZNF836,-0.113164495
ZNF837,0.049491334
ZNF839,0.412702918
ZNF84,-0.037155983
ZNF841,-0.312803612
ZNF843,0.804201477
ZNF844,-0.12152379
ZNF845,-0.020533149
ZNF846,-0.353928121
ZNF849P,0.080423363
ZNF85,-0.256982546
ZNF850,-0.256789478
ZNF852,0.0191419
ZNF853,-0.073639805
ZNF860,-0.065132964
ZNF862,-0.188594351
ZNF865,0.245911643
ZNF878,-0.501268621
ZNF879,-0.04522162
ZNF880,0.10190782
ZNF883,-0.398010832
ZNF891,-0.369973496
ZNF90,0.313554881
ZNF91,-0.00344158
ZNF92,0.100742173
ZNF93,-0.333263254
ZNF98,-0.26974109
ZNF99,-0.181700325
ZNFX1,-0.514660494
ZNHIT1,-0.588642608
ZNHIT2,-0.09365546
ZNHIT3,0.939018371
ZNHIT6,-0.028826531
ZNRD1,0.21786311
ZNRD2,-0.425238904
ZNRF1,-0.315807021
ZNRF2,0.010977465
ZNRF3,0.063515139
ZNRF4,0.106353412
ZP1,-0.406751751
ZP2,0.111089603
ZP3,0.177710208
ZP4,0.17992806
ZPBP,0.271036926
ZPBP2,-0.777043979
ZPLD1,0.052413215
ZPR1,0.575807819
ZRANB1,-0.158677282
ZRANB2,-0.567994761
ZRANB2-AS1,-0.101903956
ZRANB3,0.192680491
ZRSR2,0.231922349
ZSCAN1,-0.523621071
ZSCAN10,0.806051753
ZSCAN12,-0.070007065
ZSCAN16,0.093046268
ZSCAN18,-0.079473913
ZSCAN2,0.384463272
ZSCAN20,0.714369475
ZSCAN21,-0.638381102
ZSCAN22,0.080236376
ZSCAN23,-0.453810866
ZSCAN25,-0.214075093
ZSCAN26,0.197264493
ZSCAN29,0.213899269
ZSCAN30,0.418670308
ZSCAN31,-0.548442675
ZSCAN32,0.436184168
ZSCAN4,0.146244847
ZSCAN5A,-0.18055466
ZSCAN5B,-0.225136223
ZSCAN9,-0.209485655
ZSWIM1,-0.161280993
ZSWIM2,0.160416103
ZSWIM3,0.360625891
ZSWIM4,-0.315525765
ZSWIM5,0.401661746
ZSWIM6,0.10361013
ZSWIM7,-0.10692134
ZSWIM8,-0.192769363
ZSWIM9,0.114735363
ZUP1,0.044490069
ZW10,-0.232127305
ZWILCH,-0.022558858
ZWINT,0.503022211
ZXDA,-0.01432021
ZXDB,0.231355802
ZXDC,-0.416472011
ZYG11A,0.08109359
ZYG11B,0.050306011
ZYX,0.009367781
ZZEF1,-0.331529391
ZZZ3,-0.358510712
