action_id,score
2-Mar,0.52488
A1BG,-1.108
A1CF,-0.44334
A2M,-0.88189
A2ML1,1.3839
A3GALT2,-0.85911
A4GALT,0.15988
A4GNT,-0.37091
AAAS,1.0135
AACS,1.4712
AADAC,-0.17695
AADACL2,-0.24159
AADACL3,1.2089
AADACL4,0.35491
AADAT,-0.10514
AAED1,0.98449
AAGAB,1.4092
AAK1,-1.4581
AAMDC,1.3283
AAMP,0.62785
AANAT,0.96325
AAR2,0.12516
AARD,0.0025286
AARS,0.91484
AARS2,-0.80697
AARSD1,0.85152
AASDH,0.55632
AASDHPPT,-0.60099
AASS,-2.0685
AATF,1.2275
AATK,-0.6065
ABAT,-0.047368
ABCA1,0.00033457
ABCA10,-0.22741
ABCA12,0.68275
ABCA13,-1.5743
ABCA2,0.95687
ABCA3,-0.84399
ABCA4,1.1051
ABCA5,-0.063885
ABCA6,-0.93792
ABCA7,1.7003
ABCA8,0.83204
ABCA9,0.83091
ABCB1,-0.1706
ABCB10,0.59734
ABCB11,0.00022169
ABCB4,0.00041482
ABCB5,-0.41431
ABCB6,0.00024805
ABCB7,0.60228
ABCB8,1.5909
ABCB9,-0.70432
ABCC1,2.0006
ABCC10,0.38056
ABCC11,-1.2723
ABCC12,-0.78003
ABCC2,0.56112
ABCC3,0.806
ABCC4,-0.15365
ABCC5,-1.4388
ABCC6,0.00050466
ABCC8,-0.40213
ABCC9,0.21054
ABCD1,1.0456
ABCD2,-1.9168
ABCD3,2.9858
ABCD4,-0.20387
ABCE1,1.0317
ABCF1,-0.54959
ABCF2,1.2907
ABCF3,0.81099
ABCG1,0.70263
ABCG2,0.96849
ABCG4,-0.2842
ABCG5,0.4556
ABCG8,0.0002953
ABHD1,-0.95251
ABHD10,-0.9137
ABHD11,1.5154
ABHD12,-0.55545
ABHD12B,0.00056939
ABHD13,0.26941
ABHD14A,1.5294
ABHD14B,0.71512
ABHD15,-2.2971
ABHD16A,1.0698
ABHD16B,1.4856
ABHD17A,-0.85369
ABHD17B,-0.6999
ABHD17C,0.91179
ABHD18,-0.40961
ABHD2,0.93968
ABHD3,-1.2347
ABHD4,0.1615
ABHD5,-0.70658
ABHD6,0.23411
ABHD8,0.80838
ABI1,0.99369
ABI2,-0.46676
ABI3,0.19223
ABI3BP,0.001392
ABL1,-3.0599
ABL2,0.38338
ABLIM1,0.53068
ABLIM2,0.00050101
ABLIM3,1.5268
ABO,1.1848
ABR,-1.0278
ABRA,0.9574
ABRACL,-0.39876
ABRAXAS1,0.79863
ABRAXAS2,0.42424
ABT1,0.68947
ABTB1,1.5744
ABTB2,1.9036
ACAA1,0.42952
ACAA2,0.32297
ACACA,0.48489
ACACB,0.77358
ACAD10,-1.0531
ACAD11,0.43966
ACAD8,1.0893
ACAD9,0.95563
ACADL,0.71629
ACADM,1.3065
ACADS,0.68931
ACADSB,0.87205
ACADVL,0.00012798
ACAN,-0.54217
ACAP1,-0.9429
ACAP2,0.44606
ACAP3,1.8839
ACAT1,0.88143
ACAT2,0.57725
ACBD3,0.55598
ACBD4,2.2553
ACBD5,-1.2251
ACBD6,-0.59024
ACBD7,0.13518
ACCS,-0.30184
ACCSL,0.37243
ACD,-1.4898
ACE,-0.11078
ACE2,0.70654
ACER1,0.54888
ACER2,1.1042
ACER3,1.4446
ACHE,0.015659
ACIN1,2.2203
ACKR1,0.30991
ACKR2,-0.98224
ACKR3,0.87873555
ACKR4,1.9671
ACLY,0.53906
ACMSD,0.59742
ACO1,0.76822
ACO2,1.1879
ACOD1,-0.39712
ACOT1,0.45747
ACOT11,0.70938
ACOT12,-0.64806
ACOT13,-0.75689
ACOT2,2.6298
ACOT4,9.97e-05
ACOT6,0.65058
ACOT7,0.55775
ACOT8,1.034
ACOT9,0.00041001
ACOX1,-0.60957
ACOX2,0.65099
ACOX3,0.0010011
ACOXL,0.96254
ACP1,-0.34783
ACP2,1.6817
ACP5,-0.24153
ACP6,-0.071394
ACP7,-0.17597
ACPP,0.4498
ACPT,0.2698
ACR,-0.3732
ACRBP,-0.78975
ACRV1,-0.96405
ACSBG1,0.71882
ACSBG2,-0.77044
ACSF2,-1.0608
ACSF3,1.2586
ACSL1,0.48392
ACSL3,0.99849
ACSL4,-0.032994
ACSL5,0.43189
ACSL6,0.66287
ACSM1,0.6297
ACSM2A,0.086628
ACSM2B,0.57334
ACSM3,-0.88918
ACSM4,0.8886
ACSM5,1.4673
ACSM6,0.26712
ACSS1,0.00071803
ACSS2,0.98454
ACSS3,-0.46263
ACTA1,1.2378
ACTA2,0.34511
ACTB,2.8224
ACTBL2,0.005947
ACTC1,0.58867
ACTG1,0.73047
ACTG2,-1.2713
ACTL10,0.016814
ACTL6A,-0.021487
ACTL6B,-0.96025
ACTL7A,0.50937
ACTL7B,1.7509
ACTL8,1.6016
ACTL9,0.14606
ACTN1,1.1371
ACTN2,0.28045
ACTN4,-0.17981
ACTR10,0.15503
ACTR1A,-1.3823
ACTR1B,-2.3434
ACTR2,-0.79837
ACTR3,1.0676
ACTR3B,1.4494
ACTR3C,0.00093811
ACTR5,0.82701
ACTR6,-1.2709
ACTR8,0.59865
ACTRT1,0.2737
ACTRT2,-0.5641
ACTRT3,0.39569
ACVR1,1.2163
ACVR1B,1.7262
ACVR1C,-0.34643
ACVR2A,-0.60201
ACVR2B,-0.34915
ACVRL1,1.6884
ACY1,-0.65817
ACY3,0.98759
ACYP1,-0.30634
ACYP2,-0.25824
ADA,1.7148
ADA2,-0.47592
ADAD1,0.26246
ADAD2,-1.4209
ADAL,0.56894
ADAM10,-0.85386
ADAM11,1.3021
ADAM12,0.009515
ADAM15,0.15075
ADAM17,0.98854
ADAM18,1.2605
ADAM19,1.5118
ADAM2,0.00018116
ADAM20,0.48094
ADAM21,2.595
ADAM22,0.56086
ADAM23,0.27721
ADAM28,0.00038674
ADAM29,-0.66046
ADAM30,0.00095429
ADAM32,-0.38162
ADAM33,1.941
ADAM7,1.0402
ADAM8,-0.83966
ADAM9,0.36629
ADAMDEC1,0.12936
ADAMTS1,1.0255
ADAMTS10,0.69733
ADAMTS12,0.96129
ADAMTS13,0.20045
ADAMTS14,-0.80137
ADAMTS15,0.39162
ADAMTS16,0.67034
ADAMTS17,1.8238
ADAMTS18,1.2797
ADAMTS19,0.43985
ADAMTS2,-1.1477
ADAMTS20,0.90116
ADAMTS3,8.88e-05
ADAMTS4,-1.0273
ADAMTS5,1.0391
ADAMTS6,1.2755
ADAMTS7,-0.80949
ADAMTS8,-0.48693
ADAMTS9,-0.48776
ADAMTSL1,-0.87272
ADAMTSL2,-0.73176
ADAMTSL3,-0.59905
ADAMTSL4,-0.50344
ADAMTSL5,0.61839
ADAP1,1.7062
ADAP2,-0.83866
ADAR,1.7576
ADARB1,-0.33138
ADARB2,1.3012
ADAT1,-1.0155
ADAT2,0.61863
ADAT3,-0.33983
ADCK1,-0.56343
ADCK2,-0.55319
ADCK5,0.00076936
ADCY1,0.76106
ADCY10,-1.1141
ADCY2,0.00051775
ADCY3,-1.1738
ADCY4,1.8434
ADCY5,-0.33252
ADCY6,-0.84991
ADCY7,0.66986
ADCY8,0.86725
ADCY9,0.71504
ADCYAP1,0.66052
ADCYAP1R1,0.60973
ADD1,-0.4961
ADD2,2.3787
ADD3,1.5313
ADGRA1,1.9951
ADGRA2,0.44401
ADGRA3,1.1447
ADGRB1,0.50067
ADGRB2,0.90902
ADGRB3,2.1092
ADGRD1,0.56547
ADGRE1,1.4079
ADGRE2,0.00070189
ADGRE3,-0.29223
ADGRE5,1.0209
ADGRF1,-0.54649
ADGRF3,-0.15249
ADGRF4,-0.59569
ADGRF5,-0.3098
ADGRG1,1.5323
ADGRG2,0.38504
ADGRG3,0.56954
ADGRG4,-0.6491
ADGRG5,-0.27212
ADGRG6,1.7242
ADGRG7,0.79253
ADGRL1,0.0022463
ADGRL2,2.1066
ADGRL3,1.1514
ADGRL4,0.87445
ADGRV1,-0.50073
ADH1A,-0.41362
ADH1B,-0.4794
ADH4,0.43076
ADH5,1.2
ADH6,1.4613
ADH7,0.92767
ADHFE1,-0.23645
ADI1,0.5422
ADIG,1.3974
ADIPOQ,1.8605
ADIPOR1,0.94527
ADIPOR2,1.0099
ADIRF,-0.56345
ADK,0.51901
ADM,-0.22586
ADM2,0.50689
ADM5,0.53523
ADNP,0.19284
ADNP2,1.5593
ADO,0.57598
ADORA1,-0.68729
ADORA2A,1.2111
ADORA2B,1.2359
ADORA3,0.27869
ADPGK,-0.88464
ADPRH,0.55065
ADPRHL1,1.3451
ADPRHL2,0.00055445
ADPRM,-0.33388
ADRA1A,0.68495
ADRA1B,0.31297
ADRA1D,0.45216
ADRA2A,0.89443
ADRA2B,0.92212
ADRA2C,0.64998
ADRB1,0.00068959
ADRB2,-0.43925
ADRB3,1.3395
ADRM1,1.6292
ADSL,0.010191
ADSS,1.2852
ADSSL1,0.50746
ADTRP,-0.47592
AEBP1,0.99727
AEBP2,-0.79336
AEN,-0.39745
AES,2.3611
AFAP1,0.38172
AFAP1L1,-0.45167
AFAP1L2,0.58275
AFDN,-0.92298
AFF1,-0.6462
AFF2,0.37782
AFF3,1.5364
AFF4,0.22045
AFG1L,0.23248
AFG3L2,0.42146
AFM,1.0495
AFMID,-0.57688
AFP,-0.81797
AFTPH,0.00035404
AGA,-0.82351
AGAP1,-0.92178
AGAP11,-0.88715
AGAP2,1.1355
AGAP3,1.0603
AGAP4,-0.78825
AGAP5,-0.2314
AGAP6,-2.8071
AGAP9,1.2553
AGBL1,-1.134
AGBL2,-0.70247
AGBL3,0.32061
AGBL4,0.21721
AGBL5,-0.32081
AGER,0.00036828
AGFG1,1.1574
AGFG2,0.58438
AGGF1,1.1544
AGK,1.3654
AGL,1.0641
AGMAT,-0.15164
AGMO,1.2958
AGO1,1.5725
AGO2,1.4013
AGO3,0.68363
AGO4,2.2997
AGPAT1,-0.92663
AGPAT2,0.90927
AGPAT3,-0.9238
AGPAT4,0.8349
AGPAT5,0.00010733
AGPS,-0.089284
AGR2,0.00041528
AGR3,0.73416
AGRN,1.1629
AGRP,0.38248
AGT,-0.72855
AGTPBP1,1.2394
AGTR1,-0.96588
AGTR2,1.176
AGTRAP,0.00060254
AGXT,-0.95512
AGXT2,-0.053799
AHCTF1,-0.41147
AHCY,1.7077
AHCYL1,-1.6515
AHCYL2,0.27085
AHDC1,-0.2113
AHI1,1.0354
AHNAK,0.58052
AHNAK2,0.7755
AHR,1.4065
AHRR,1.7511
AHSA1,-0.018256
AHSA2,-0.69694
AHSG,-1.1982
AHSP,-1.1996
AICDA,-0.5853
AIDA,0.49982
AIF1,0.81311
AIF1L,-0.97456
AIFM1,2.0363
AIFM2,1.0548
AIFM3,-2.0627
AIG1,-1.3924
AIM2,-0.51016
AIMP1,1.5127
AIMP2,-1.4242
AIP,-0.36012
AIPL1,-0.24053
AIRE,1.1529
AJAP1,0.66686
AJUBA,1.3277
AK1,-1.3695
AK2,1.2296
AK3,-0.91798
AK4,0.24387
AK5,1.2676
AK6,-0.19739
AK7,0.39172
AK8,1.2973
AK9,-0.88571
AKAIN1,1.9409
AKAP1,1.8984
AKAP10,0.75068
AKAP11,1.687
AKAP12,0.67629
AKAP13,-0.74271
AKAP14,0.62296
AKAP17A,0.576
AKAP2,1.4249
AKAP3,0.21133
AKAP4,-0.7037
AKAP5,0.43106
AKAP6,1.2321
AKAP7,0.61767
AKAP8,0.0015877
AKAP8L,0.0079771
AKAP9,0.49535
AKIP1,-0.27079
AKIRIN1,0.74095
AKIRIN2,0.43854
AKNA,0.14847
AKNAD1,3.195
AKR1A1,-0.35319
AKR1B1,1.403
AKR1B10,1.3884
AKR1B15,0.92626
AKR1C1,0.42416
AKR1C2,-0.19786
AKR1C3,1.0261
AKR1C4,0.65321
AKR1D1,0.17045
AKR1E2,0.77539
AKR7A2,-0.18875
AKR7A3,-0.35903
AKT1,0.78231
AKT1S1,0.68446
AKT2,1.8685
AKT3,0.00029766
AKTIP,-0.27571
ALAD,-0.85122
ALAS1,0.00033844
ALAS2,0.54835
ALB,1.0884
ALCAM,2.2804
ALDH16A1,0.34754
ALDH18A1,-1.5412
ALDH1A1,0.92017
ALDH1A2,-0.6693
ALDH1A3,-0.39701
ALDH1B1,-1.036
ALDH1L1,0.92607
ALDH1L2,0.73116
ALDH2,0.66758
ALDH3A1,1.2264
ALDH3A2,0.3868
ALDH3B1,0.49206
ALDH3B2,1.7027
ALDH4A1,0.67263
ALDH5A1,1.2893
ALDH6A1,-0.45464
ALDH7A1,0.13022
ALDH8A1,1.5201
ALDH9A1,0.60659
ALDOA,-0.43007
ALDOB,0.96534
ALDOC,-0.15792
ALG1,0.75433
ALG10,-0.34969
ALG10B,0.9799
ALG11,0.2484
ALG12,0.51615
ALG13,0.0007388
ALG14,0.00012028
ALG1L,1.4861
ALG2,-0.8852
ALG3,0.43226
ALG5,2.1085
ALG6,1.8077
ALG8,-0.79932
ALG9,-1.0867
ALK,-0.82253
ALKAL1,1.8503
ALKAL2,0.40777
ALKBH1,0.97871
ALKBH2,0.83208
ALKBH3,1.5008
ALKBH4,1.3331
ALKBH5,-0.26829
ALKBH6,0.0047548
ALKBH7,-0.31459
ALKBH8,0.34173
ALLC,-1.1801
ALMS1,0.070207
ALOX12,-0.8415
ALOX12B,2.5504
ALOX15,0.71594
ALOX15B,-0.24154
ALOX5,-0.20716
ALOX5AP,-0.71776
ALOXE3,-0.31307
ALPI,0.0010095
ALPK1,-0.65176
ALPK2,2.1563
ALPK3,-0.31925
ALPL,1.3459
ALPP,0.92383
ALPPL2,-1.327
ALS2,0.33766
ALS2CL,1.5863
ALS2CR12,0.89309
ALX1,0.17829
ALX3,1.5488
ALX4,1.0951
ALYREF,2.8058
AMACR,0.97713
AMBN,-1.1664
AMBP,-0.546
AMBRA1,0.82004
AMD1,0.74648
AMDHD1,0.19626
AMDHD2,0.14355
AMELX,1.8439
AMELY,0.95864
AMER1,0.87688
AMER2,0.88123
AMER3,0.9361
AMFR,0.94507
AMH,1.335
AMHR2,1.123
AMIGO1,1.9666
AMIGO2,1.2589
AMIGO3,1.1175
AMMECR1,0.20187
AMMECR1L,1.4262
AMN,0.18859
AMN1,0.10895
AMOT,0.76231
AMOTL1,0.40805
AMOTL2,-0.5507
AMPD1,0.66419
AMPD2,-0.84895
AMPD3,-0.70504
AMPH,0.47132
AMT,1.4753
AMTN,-1.1759
AMY1A,1.3097
AMY1B,1.2503
AMY1C,0.21789
AMY2A,0.64732
AMY2B,0.00015909
AMZ1,-1.1983
AMZ2,1.5647
ANAPC1,0.80593
ANAPC10,1.4894
ANAPC11,1.251
ANAPC13,0.18941
ANAPC15,-0.67599
ANAPC16,0.25718
ANAPC2,1.7088
ANAPC4,0.72656
ANAPC5,-1.5111
ANAPC7,-0.99318
ANG,0.57619
ANGEL1,-1.561
ANGEL2,1.0174
ANGPT1,0.37421
ANGPT2,0.55061
ANGPT4,0.32924
ANGPTL1,-0.58824
ANGPTL2,-1.1625
ANGPTL3,1.4218
ANGPTL4,0.63703
ANGPTL5,0.45899
ANGPTL6,-0.88191
ANGPTL7,1.8463
ANGPTL8,0.0054537
ANHX,0.013605
ANK1,1.9566
ANK2,0.88431
ANK3,0.94373
ANKAR,0.45032
ANKDD1A,0.49064
ANKDD1B,-1.2508
ANKEF1,0.0014405
ANKFN1,1.6032
ANKFY1,1.9538
ANKH,-0.623
ANKHD1,0.43136
ANKHD1-EIF4EBP3,-2.3141
ANKIB1,1.6829
ANKK1,0.27881
ANKLE2,0.29967
ANKMY1,-0.5986
ANKMY2,0.52308
ANKRA2,0.29912
ANKRD1,-1.1656
ANKRD10,0.88293
ANKRD11,-1.5071
ANKRD12,1.0101
ANKRD13A,0.78456
ANKRD13B,-0.57376
ANKRD13C,0.49621
ANKRD13D,-0.80976
ANKRD16,0.97422
ANKRD17,0.003015
ANKRD18A,1.3563
ANKRD18B,0.16515
ANKRD2,-0.64913
ANKRD20A1,-0.9454
ANKRD20A2,0.08871
ANKRD20A3,-3.4161
ANKRD22,0.00018969
ANKRD23,1.2612
ANKRD24,-1.603
ANKRD26,0.84642
ANKRD27,-1.5211
ANKRD28,0.34086
ANKRD29,-0.31416
ANKRD30A,0.5819
ANKRD30B,-0.66594
ANKRD33,2.354
ANKRD33B,0.83049
ANKRD34A,0.69005
ANKRD34B,1.3886
ANKRD34C,0.49018
ANKRD35,0.61811
ANKRD36,0.37658
ANKRD37,0.185
ANKRD39,1.7095
ANKRD40,1.9157
ANKRD42,0.51949
ANKRD44,0.0008143
ANKRD45,0.00063745
ANKRD46,1.2692
ANKRD49,1.0249
ANKRD50,10.012
ANKRD52,1.8133
ANKRD53,0.32939
ANKRD54,1.4204
ANKRD55,0.99806
ANKRD6,0.13751
ANKRD61,0.0086292
ANKRD62,0.79844
ANKRD65,1.6047
ANKRD66,0.79648
ANKRD7,0.56606
ANKRD9,0.82712
ANKS1A,-0.15661
ANKS1B,1.9853
ANKS3,-0.39129
ANKS4B,0.40142
ANKS6,0.49619
ANKZF1,1.0609
ANLN,1.0411
ANO1,0.30859
ANO10,-0.11954
ANO3,-1.3347
ANO4,1.2323
ANO5,0.59901
ANO6,0.53964
ANO7,1.7438
ANO8,-1.1968
ANO9,0.27232
ANOS1,0.29895
ANP32A,1.3934
ANP32B,0.77419
ANP32D,0.00034853
ANP32E,0.49897
ANPEP,0.31293
ANTXR1,-0.62264
ANTXR2,0.014063
ANXA1,1.0041
ANXA10,0.59498
ANXA11,0.00033911
ANXA13,0.32631
ANXA2,0.22232
ANXA2R,-0.45521
ANXA3,-0.40801
ANXA4,0.00068878
ANXA5,0.70156
ANXA6,0.7722
ANXA7,-0.46595
ANXA8,-0.26709
ANXA8L1,-0.05643
ANXA9,1.115
AOAH,0.78133
AOC1,0.29024
AOC2,0.23354
AOC3,-0.43485
AOX1,1.9782
AP1AR,0.44587
AP1B1,0.87436
AP1G1,-1.1166
AP1G2,0.93523
AP1M1,-0.37772
AP1M2,0.68331
AP1S1,0.00036383
AP1S2,-1.1599
AP1S3,-0.98634
AP2A1,1.363
AP2A2,-0.58531
AP2B1,1.8092
AP2M1,-0.31386
AP2S1,1.543
AP3B1,0.96937
AP3B2,1.1874
AP3D1,1.1135
AP3M1,0.71685
AP3M2,0.43355
AP3S1,0.27319
AP3S2,-0.59929
AP4B1,1.1376
AP4E1,0.0020139
AP4M1,0.59453
AP4S1,0.92946
AP5B1,0.67381
AP5M1,0.079698
AP5S1,1.5096
AP5Z1,0.76558
APAF1,1.3971
APBA1,0.20584
APBA2,1.1929
APBA3,0.00041333
APBB1,0.00058268
APBB1IP,-0.36624
APBB2,1.0106
APBB3,0.73504
APC,0.361
APC2,0.00038534
APCDD1,1.1172
APCDD1L,-0.49278
APCS,1.4861
APEH,-0.44606
APEX1,-0.29028
APEX2,-0.31554
APH1A,0.35204
APH1B,0.55219
API5,0.00017947
APIP,1.3502
APLF,0.7223
APLN,0.3384
APLNR,-0.36053
APLP1,0.32622
APLP2,0.21652
APMAP,-0.66395
APOA1,1.3619
APOA2,-0.79296
APOA4,1.5046
APOA5,0.58846
APOB,0.76195
APOBEC1,0.29819
APOBEC2,1.2721
APOBEC3A,-0.95858
APOBEC3A_B,1.9421
APOBEC3B,-0.89611
APOBEC3C,-0.77397
APOBEC3D,0.39225
APOBEC3F,1.4797
APOBEC3G,0.79407
APOBEC3H,0.11234
APOBEC4,0.35104
APOBR,0.40813
APOC1,1.8682
APOC2,1.151
APOC3,0.45343
APOC4,0.24973
APOD,-0.25102
APOE,0.020819
APOF,1.199
APOH,0.41416
APOL1,1.4303
APOL2,-1.4858
APOL3,0.41869
APOL4,0.00038834
APOL5,-0.82024
APOL6,0.43666
APOLD1,-0.68972
APOM,0.00049943
APOO,1.6463
APOOL,0.73705
APOPT1,2.1573
APP,-0.39571
APPBP2,8.04e-05
APPL1,1.5462
APPL2,1.6909
APRT,0.97761
APTX,1.0228
AQP1,0.89033
AQP10,0.0038802
AQP11,1.6618
AQP12B,0.96965
AQP2,1.3076
AQP3,1.2092
AQP4,-0.59513
AQP5,1.219
AQP6,0.81175
AQP7,0.4076
AQP8,1.3759
AQP9,1.7552
AQR,0.16327
AR,-0.3127
ARAF,1.1936
ARAP1,1.5772
ARAP2,-0.55485
ARAP3,2.2209
ARC,1.0884
ARCN1,-1.0785
AREG,-0.81763
AREL1,-0.167945
ARF1,1.557
ARF3,0.80503
ARF4,1.4305
ARF5,0.68881
ARF6,0.90395
ARFGAP1,-0.69407
ARFGAP2,-0.18731
ARFGAP3,0.06853
ARFGEF1,-0.34733
ARFGEF2,0.5201
ARFGEF3,0.97677
ARFIP1,0.48219
ARFIP2,0.7973
ARFRP1,-1.4518
ARG1,-1.2442
ARG2,0.25943
ARGFX,0.045514
ARGLU1,1.0978
ARHGAP1,-0.45669
ARHGAP10,0.27454
ARHGAP11A,0.83419
ARHGAP11B,2.2342
ARHGAP12,1.8428
ARHGAP15,0.97721
ARHGAP17,-0.45105
ARHGAP18,0.40307
ARHGAP19,-0.61673
ARHGAP20,1.0639
ARHGAP21,1.5454
ARHGAP22,-0.37847
ARHGAP23,0.69234
ARHGAP24,0.00093074
ARHGAP25,0.66218
ARHGAP26,0.40213
ARHGAP27,0.00081639
ARHGAP28,1.0802
ARHGAP29,0.62374
ARHGAP30,0.041593
ARHGAP31,1.4343
ARHGAP32,0.93902
ARHGAP33,-0.30558
ARHGAP35,-0.76977
ARHGAP36,-0.72285
ARHGAP39,0.52281
ARHGAP4,0.436
ARHGAP40,-0.88873
ARHGAP44,0.23816
ARHGAP45,0.74922
ARHGAP5,-0.40124
ARHGAP6,-0.48247
ARHGAP8,0.047791
ARHGAP9,-0.51067
ARHGDIA,1.253
ARHGDIB,0.034321
ARHGDIG,0.96561
ARHGEF1,0.017147
ARHGEF10,1.01
ARHGEF10L,0.0019243
ARHGEF11,-1.2343
ARHGEF12,0.00042054
ARHGEF15,0.0028142
ARHGEF16,1.3754
ARHGEF17,0.030463
ARHGEF18,-0.74771
ARHGEF19,1.1894
ARHGEF2,2.1032
ARHGEF25,0.87824
ARHGEF26,-0.25257
ARHGEF28,0.62399
ARHGEF3,0.00033949
ARHGEF33,-0.30518
ARHGEF35,-0.90807
ARHGEF37,0.19951
ARHGEF38,-0.52716
ARHGEF39,0.021375
ARHGEF4,1.0544
ARHGEF40,0.64046
ARHGEF5,0.62911
ARHGEF6,1.5853
ARHGEF7,-0.62865
ARHGEF9,1.2545
ARID1A,2.6294
ARID1B,1.4566
ARID2,-1.4797
ARID3A,-1.0296
ARID3B,0.49084
ARID3C,-0.91761
ARID4A,0.095522
ARID4B,0.2159
ARID5A,1.7423
ARID5B,0.00011917
ARIH1,1.9412
ARIH2,0.75925
ARIH2OS,1.3716
ARL1,1.3212
ARL10,-0.78253
ARL11,-0.11839
ARL13A,-0.54962
ARL13B,1.1978
ARL14,-1.6855
ARL14EP,1.1976
ARL14EPL,0.27982
ARL15,1.5289
ARL16,0.36079
ARL17A,-0.77352
ARL17B,0.43228
ARL2,2.1107
ARL2BP,0.89383
ARL3,-0.17735
ARL4A,-0.4221
ARL4C,-0.79632
ARL4D,-0.71592
ARL5A,-1.5845
ARL5B,-0.51199
ARL5C,-0.79146
ARL6,1.0177
ARL6IP1,-0.7883
ARL6IP5,0.34165
ARL6IP6,0.45563
ARL8A,0.0027535
ARL8B,0.8044
ARL9,0.57105
ARMC1,0.28043
ARMC10,1.4367
ARMC12,0.99753
ARMC2,-1.4605
ARMC3,-0.48136
ARMC4,-0.94983
ARMC5,0.74193
ARMC6,-0.51145
ARMC7,1.144
ARMC8,1.0678
ARMC9,-1.5947
ARMCX1,-0.53875
ARMCX2,1.2392
ARMCX3,0.040565
ARMCX4,0.0013003
ARMCX5,-0.37825
ARMCX5-GPRASP2,-0.58778
ARMCX6,2.0626
ARMS2,0.58252
ARMT1,-1.3941
ARNT,1.238
ARNT2,2.1448
ARNTL,-0.9965
ARNTL2,-0.091722
ARPC1A,0.76557
ARPC1B,1.5748
ARPC2,0.66121
ARPC3,1.084
ARPC4,1.7495
ARPC4-TTLL3,-0.39306
ARPC5,1.2682
ARPC5L,1.3005
ARPIN,-0.66926
ARPP19,0.59247
ARPP21,-0.031584
ARR3,-0.80373
ARRB1,0.94384
ARRB2,-0.41184
ARRDC1,-0.058072
ARRDC1-AS1,0.065642
ARRDC2,0.00024526
ARRDC3,-0.74245
ARRDC4,-0.26037
ARRDC5,0.00218
ARSA,0.017926
ARSB,0.33388
ARSD,-0.78165
ARSE,0.65353
ARSF,-0.80955
ARSG,-0.67847
ARSH,0.41557
ARSI,1.2215
ARSJ,0.51771
ARSK,-0.60169
ART1,1.5404
ART3,0.0011412
ART4,0.87593
ART5,0.45978
ARTN,0.38866
ARV1,0.65672
ARVCF,1.3789
ARX,0.00052206
AS3MT,1.2525
ASAH1,-0.3828
ASAH2,1.0184
ASAH2B,-0.452
ASAP1,-0.078598
ASAP2,-0.33202
ASAP3,0.3763
ASB1,0.40155
ASB10,0.5136
ASB11,1.4961
ASB12,-1.3102
ASB13,-0.27525
ASB14,0.63406
ASB15,-0.45131
ASB16,1.0164
ASB17,0.16902
ASB18,-0.61741
ASB2,-0.32752
ASB3,-1.3391
ASB4,0.72197
ASB5,-1.0775
ASB6,-0.61181
ASB7,1.5775
ASB8,1.1536
ASB9,-0.89049
ASCC1,-0.29855
ASCC2,1.2963
ASCC3,0.41088
ASCL1,1.7095
ASCL2,0.47458
ASCL3,1.8484
ASCL4,1.887
ASCL5,0.82418
ASF1A,0.62792
ASF1B,1.5268
ASGR1,-1.0724
ASGR2,0.31476
ASH1L,-1.1092
ASH2L,-0.49839
ASIC1,2.8481
ASIC2,-1.8112
ASIC3,0.0033066
ASIC4,-0.24467
ASIC5,0.72682
ASIP,1.1417
ASL,1.106
ASMT,-1.1089
ASMTL,0.63355
ASNA1,0.79965
ASNS,1.3657
ASNSD1,1.0225
ASPA,0.85423
ASPDH,0.71565
ASPG,1.1335
ASPH,1.4023
ASPHD1,-0.70202
ASPHD2,-0.45567
ASPM,0.70339
ASPRV1,-0.44758
ASPSCR1,0.75594
ASRGL1,0.38116
ASS1,1.3968
ASTE1,-0.87727
ASTL,0.60687
ASTN1,0.56141
ASTN2,-1.4466
ASXL1,0.0003664
ASXL2,0.26087
ASXL3,-0.018152
ASZ1,0.52998
ATAD1,-0.96802
ATAD2,-1.4813
ATAD2B,1.1618
ATAD3A,0.91681
ATAD3B,1.2683
ATAD3C,1.3393
ATAD5,1.8566
ATAT1,-0.67955
ATCAY,1.3519
ATE1,1.4121
ATF1,0.71372
ATF2,-1.054
ATF3,1.2719
ATF4,-0.74367
ATF5,-0.95557
ATF6,-1.0096
ATF6B,-0.53707
ATF7,0.085843
ATF7IP,0.0027208
ATF7IP2,-0.43285
ATG10,0.95572
ATG101,0.60253
ATG12,0.0014128
ATG13,0.28879
ATG14,1.8546
ATG16L1,0.0031931
ATG16L2,0.16906
ATG2A,0.29473
ATG2B,0.91413
ATG3,0.7954
ATG4A,0.77555
ATG4B,2.3208
ATG4C,0.88107
ATG4D,1.6844
ATG5,-0.66944
ATG7,-0.73829
ATG9A,-1.4011
ATIC,1.6726
ATL1,1.6906
ATL2,-0.85453
ATL3,-0.68472
ATM,0.24603
ATMIN,-0.33296
ATN1,1.6365
ATOH1,0.83321
ATOH7,0.00013587
ATOH8,1.2483
ATOX1,1.2871
ATP10A,0.18762
ATP10B,-0.55335
ATP10D,1.1955
ATP11A,-1.7675
ATP11AUN,0.13661
ATP11B,0.65385
ATP11C,-1.4417
ATP12A,-0.40569
ATP13A1,-1.3217
ATP13A2,0.43813
ATP13A3,1.2308
ATP13A4,0.61112
ATP13A5,0.79115
ATP1A1,0.90623
ATP1A2,-0.27948
ATP1A3,0.44119
ATP1A4,1.6573
ATP1B1,1.2971
ATP1B2,-0.32242
ATP1B3,1.0554
ATP1B4,2.4527
ATP23,0.61465
ATP2A1,-0.69525
ATP2A2,-0.74535
ATP2A3,0.00044333
ATP2B1,-0.19529
ATP2B2,1.5226
ATP2B3,-0.64377
ATP2B4,-1.4648
ATP2C1,0.2868
ATP2C2,-0.53109
ATP4A,-0.23628
ATP4B,-0.59927
ATP5A1,-1.8188
ATP5B,-1.1615
ATP5C1,-0.38294
ATP5D,0.51431
ATP5E,0.8286
ATP5F1,0.0043064
ATP5G1,0.6396
ATP5G2,1.2719
ATP5G3,0.56476
ATP5H,0.43802
ATP5I,0.45917
ATP5J,0.34138
ATP5J2,1.1356
ATP5J2-PTCD1,-0.3369
ATP5L,0.18233
ATP5L2,1.8337
ATP5O,1.0809
ATP5S,1.3917
ATP6AP1,0.29335
ATP6AP1L,0.20713
ATP6AP2,-0.34906
ATP6V0A1,1.1145
ATP6V0A2,1.5383
ATP6V0A4,0.1805
ATP6V0B,1.0201
ATP6V0C,-1.783
ATP6V0D1,-1.3969
ATP6V0D2,0.60885
ATP6V0E1,0.82326
ATP6V0E2,0.983
ATP6V1A,1.388
ATP6V1B1,0.80636
ATP6V1B2,0.00016686
ATP6V1C1,0.50451
ATP6V1C2,0.80515
ATP6V1D,0.98261
ATP6V1E1,0.77177
ATP6V1E2,1.0716
ATP6V1F,-0.49785
ATP6V1G1,1.5369
ATP6V1G2,0.14225
ATP6V1G3,0.65537
ATP6V1H,0.76427
ATP7A,-0.49121
ATP7B,-0.37589
ATP8A1,5.29e-05
ATP8A2,1.8018
ATP8B1,-1.2087
ATP8B2,0.52478
ATP8B3,0.011607
ATP8B4,-0.82823
ATP9A,1.3136
ATP9B,0.0059975
ATPAF1,0.63432
ATPAF2,1.3831
ATPIF1,0.48677
ATR,-0.37496
ATRAID,0.22158
ATRIP,-0.59623
ATRN,1.4424
ATRNL1,1.0944
ATRX,1.1659
ATXN1,-0.54669
ATXN10,2.0069
ATXN1L,1.7568
ATXN2,0.78985
ATXN2L,0.0057434
ATXN3,0.044037
ATXN3L,-1.457
ATXN7,0.77842
ATXN7L1,1.1057
ATXN7L2,0.00047549
ATXN7L3,0.00020429
ATXN7L3B,-0.16225
AUH,-0.58486
AUNIP,0.89766
AUP1,-0.94553
AURKA,2.0312
AURKAIP1,0.66847
AURKB,0.70681
AURKC,0.68609
AUTS2,-0.27519
AVEN,-0.21252
AVIL,0.58378
AVL9,1.4619
AVP,-0.046984
AVPI1,0.2007
AVPR1A,-0.45937
AVPR1B,-0.82733
AVPR2,0.96407
AWAT1,0.17565
AWAT2,-0.24093
AXDND1,1.0872
AXIN1,-0.75679
AXIN2,-1.1897
AXL,1.806
AZGP1,0.69259
AZI2,-0.45152
AZIN1,0.00094534
AZIN2,0.8998
AZU1,0.15072
B2M,-2.3768
B3GALNT1,0.46162
B3GALNT2,1.164
B3GALT1,1.9576
B3GALT2,-0.90042
B3GALT4,0.60001
B3GALT5,0.080556
B3GALT6,0.87865
B3GAT1,-0.34414
B3GAT2,0.74622
B3GAT3,-0.5165
B3GLCT,0.63495
B3GNT2,1.7336
B3GNT3,0.00030646
B3GNT4,0.066637
B3GNT5,0.31672
B3GNT6,0.14664
B3GNT7,1.1044
B3GNT8,1.9855
B3GNT9,0.32517
B3GNTL1,0.38576
B4GALNT1,-0.52388
B4GALNT2,0.36182
B4GALNT3,1.268
B4GALNT4,1.6574
B4GALT1,0.83283
B4GALT2,0.651
B4GALT3,1.1532
B4GALT4,1.0789
B4GALT5,1.8469
B4GALT6,-1.3145
B4GALT7,0.1535
B4GAT1,-0.58757
B9D1,0.0033889
B9D2,-0.85152
BAALC,0.73336
BAAT,0.0017577
BABAM1,-0.41657
BABAM2,0.94995
BACE1,0.75436
BACE2,0.74243
BACH1,-0.75788
BACH2,-1.3109
BAD,0.07921
BAG1,0.46967
BAG2,-0.8163
BAG3,-0.90411
BAG4,0.13744
BAG5,-0.94225
BAG6,-1.878
BAGE,0.40647
BAGE2,0.55691
BAGE3,1.578
BAHCC1,0.89412
BAHD1,-0.00039034
BAIAP2,1.363
BAIAP2L1,1.7281
BAIAP2L2,0.63823
BAIAP3,0.86119
BAK1,0.30069
BAMBI,0.10884
BANF1,0.39505
BANF2,2.0719
BANK1,-1.0683
BANP,0.52119
BAP1,1.1625
BARD1,-1.0376
BARHL1,1.7316
BARHL2,2.1366
BARX1,1.255
BARX2,0.84629
BASP1,-0.024503
BATF,1.0188
BATF2,0.48135
BATF3,2.3801
BAX,0.6923
BAZ1A,-0.99063
BAZ1B,1.2921
BAZ2A,-0.57488
BAZ2B,-1.4099
BBC3,0.53988
BBIP1,0.73966
BBOF1,0.00020391
BBOX1,2.1309
BBS1,1.4821
BBS10,0.76689
BBS12,0.17044
BBS2,-0.71626
BBS4,1.0679
BBS5,0.90407
BBS7,-1.0911
BBS9,0.41625
BBX,-1.0117
BCAM,0.00057995
BCAN,1.0921
BCAP29,-0.56484
BCAP31,-0.48138
BCAR1,-1.1539
BCAR3,1.7267
BCAS1,0.96581
BCAS2,0.41181
BCAS3,-2.8676
BCAS4,0.5176
BCAT1,1.0239
BCAT2,0.57213
BCCIP,0.018684
BCDIN3D,-0.60585
BCHE,1.5552
BCKDHA,0.47095
BCKDHB,-0.57479
BCKDK,1.1165
BCL10,1.5122
BCL11A,-0.6564
BCL11B,-0.06445
BCL2,0.96603
BCL2A1,1.6811
BCL2L1,-1.0818
BCL2L10,1.2107
BCL2L11,-1.0347
BCL2L12,1.2369
BCL2L13,-0.70119
BCL2L14,-1.1465
BCL2L15,-0.31854
BCL2L2,0.65401
BCL2L2-PABPN1,-1.8044
BCL3,-0.58597
BCL6,1.5987
BCL6B,-0.074351
BCL7A,-0.20447
BCL7B,-0.11744
BCL7C,-0.31484
BCL9,-0.83542
BCL9L,1.7669
BCLAF1,0.69707
BCO1,0.23806
BCO2,0.63538
BCOR,-1.5029
BCORL1,0.36024
BCR,-0.53145
BCS1L,0.55104
BDH1,-0.94572
BDH2,0.54632
BDKRB1,0.82322
BDKRB2,3.0035
BDNF,-0.99565
BDP1,1.5625
BEAN1,0.0011715
BECN1,0.44106
BEGAIN,-0.38745
BEND2,0.00033851
BEND3,-1.2778
BEND4,0.53159
BEND5,1.2181
BEND6,-0.62596
BEND7,0.2648
BEST1,-0.96388
BEST2,0.60941
BEST3,-0.36471
BEST4,0.0015795
BET1,0.68559
BET1L,0.0019698
BEX1,0.93304
BEX2,-0.18627
BEX3,1.0692
BEX4,0.00042881
BEX5,1.1124
BFAR,-0.21141
BFSP1,1.3615
BFSP2,1.3968
BGLAP,0.84679
BGN,-0.63853
BHLHA15,2.8028
BHLHA9,-2.1445
BHLHB9,1.9028
BHLHE22,-0.71954
BHLHE40,1.1177
BHLHE41,0.62205
BHMT,0.56919
BHMT2,-0.43127
BICC1,0.9178
BICD1,0.82718
BICD2,0.71091
BICDL1,-0.56469
BICDL2,0.00047267
BICRA,-1.3051
BICRAL,0.0026472
BID,1.3546
BIK,-0.57923
BIN1,0.00085026
BIN2,0.15833
BIN3,-0.85763
BIRC2,-0.6714
BIRC3,1.357
BIRC5,-1.2154
BIRC6,1.3777
BIRC7,0.445
BIRC8,0.99199
BIVM,0.78075
BIVM-ERCC5,0.38342
BLCAP,0.34135
BLID,0.98102
BLK,2.3128
BLM,1.6621
BLMH,1.727
BLNK,0.59873
BLOC1S1,0.30224
BLOC1S2,0.6536
BLOC1S3,1.484
BLOC1S4,0.39551
BLOC1S5,-0.76754
BLOC1S6,-0.86597
BLVRA,-0.46626
BLVRB,1.0585
BLZF1,0.56237
BMF,1.2105
BMI1,1.4335
BMP1,-0.089629
BMP10,-0.17627
BMP15,1.4607
BMP2,0.46693
BMP2K,-0.52971
BMP3,0.77571
BMP4,1.4646
BMP5,1.0753
BMP6,-0.60047
BMP7,-0.88391
BMP8A,1.6385
BMP8B,1.2895
BMPER,0.67124
BMPR1A,0.49698
BMPR1B,-1.6291
BMPR2,0.0025791
BMS1,1.623
BMT2,-0.90586
BMX,0.17624
BNC1,-0.52885
BNC2,2.2129
BNIP1,0.00039067
BNIP2,-0.30739
BNIP3,-0.94752
BNIP3L,0.1205
BNIPL,0.53514
BOC,0.00062055
BOD1,1.272
BOD1L1,0.88437
BOD1L2,0.69273
BOK,1.2681
BOLA1,0.00062932
BOLA2,-0.68736
BOLA3,-0.36376
BOLL,8.99e-05
BOP1,1.6496
BORA,-0.39486
BORCS5,1.2859
BORCS6,0.76656
BORCS7,1.0075
BORCS8,2.5123
BORCS8-MEF2B,-0.53915
BPGM,0.0037622
BPHL,0.38215
BPI,0.20491
BPIFA1,0.00059372
BPIFA2,-0.12168
BPIFA3,2.2692
BPIFB1,-0.84677
BPIFB2,0.3692
BPIFB3,0.00081972
BPIFB4,-1.1427
BPIFB6,1.5087
BPIFC,0.8374
BPNT1,1.2022
BPTF,0.34316
BPY2,0.86505
BPY2C,-0.65237
BRAF,-1.4328
BRAP,-0.0037606
BRAT1,-0.31818
BRCA1,-0.27122
BRCA2,-0.77188
BRCC3,0.68529
BRD1,0.57266
BRD2,-0.95484
BRD3,1.9893
BRD4,0.40059
BRD7,0.0016416
BRD8,0.85368
BRD9,-3.0739
BRDT,-0.50405
BRF1,-1.4717
BRF2,1.1223
BRI3,1.4879
BRI3BP,1.8478
BRICD5,1.4399
BRINP1,0.77453
BRINP2,0.219617985
BRINP3,0.488885
BRIP1,0.55187
BRIX1,-1.5728
BRK1,-0.2125
BRMS1,-1.2978
BRMS1L,-0.83171
BROX,0.63182
BRPF1,1.0256
BRPF3,1.3384
BRS3,-1.7468
BRSK1,-0.34243
BRSK2,-0.74291
BRWD1,0.86981
BRWD3,0.43667
BSCL2,0.47489
BSDC1,1.0294
BSG,0.99435
BSN,0.33099
BSND,1.0328
BSPH1,0.33333
BSPRY,-0.72141
BST1,0.35021
BST2,0.0002659
BSX,1.9948
BTAF1,1.2575
BTBD1,1.0591
BTBD10,-1.1356
BTBD11,0.81023
BTBD16,-0.34033
BTBD17,0.73866
BTBD18,-0.38289
BTBD2,0.74793
BTBD3,-1.5022
BTBD6,-0.29547
BTBD7,0.99399
BTBD8,1.5912
BTBD9,0.31645
BTC,0.47565
BTD,-0.6243
BTF3,1.006
BTF3L4,1.3663
BTG1,0.009706
BTG2,-0.53792
BTG3,-0.68687
BTG4,0.69296
BTK,-0.86179
BTLA,1.5437
BTN1A1,-1.0882
BTN2A1,-0.31645
BTN2A2,0.00084656
BTN3A1,1.0951
BTN3A2,-1.054
BTN3A3,-1.2237
BTNL3,1.1869
BTNL8,0.60534
BTNL9,0.77506
BTRC,0.68946
BUB1,-1.4725
BUB1B,0.49156
BUB3,-0.8477
BUD13,-0.73518
BUD23,-0.24289
BUD31,-1.9687
BVES,0.85725
BYSL,1.4222
BZW1,-0.32598
BZW2,0.53835
C10orf10,-0.8549
C10orf105,-0.71314
C10orf107,-0.72531
C10orf111,-0.53464
C10orf113,-0.88313
C10orf120,0.35325
C10orf128,-0.51983
C10orf142,-0.13213
C10orf25,-0.3813
C10orf35,-0.40313
C10orf53,1.0525
C10orf55,-0.78682
C10orf62,0.59911
C10orf67,0.42268
C10orf71,0.26097
C10orf76,2.0471
C10orf82,0.00015562
C10orf88,2.5647
C10orf90,1.0393
C10orf91,0.79925
C10orf95,-0.34766
C10orf99,-0.28585
C11orf1,0.44686
C11orf16,0.68102
C11orf21,-0.32346
C11orf24,-0.37591
C11orf40,-1.7508
C11orf42,-0.25219
C11orf45,0.1377
C11orf48,1.2744
C11orf49,0.00059116
C11orf52,-0.36472
C11orf53,1.4748
C11orf54,0.0016373
C11orf57,0.003411
C11orf58,0.00022148
C11orf63,0.27693
C11orf65,1.7132
C11orf68,-1.5462
C11orf70,0.00026157
C11orf71,0.16797
C11orf74,0.7236
C11orf80,-0.51606
C11orf84,0.75469
C11orf86,1.34
C11orf87,-0.33284
C11orf88,0.65895
C11orf91,-1.6993
C11orf94,1.1765
C11orf96,0.3937
C11orf97,0.8973
C12orf10,-0.78613
C12orf29,0.65429
C12orf4,-0.21325
C12orf40,-0.92835
C12orf42,1.0533
C12orf43,-0.43195
C12orf45,-0.40287
C12orf49,0.39934
C12orf50,0.5521
C12orf54,-1.5772
C12orf56,0.52734
C12orf57,0.0010149
C12orf60,0.9725
C12orf65,0.68073
C12orf66,0.93167
C12orf71,1.0554
C12orf73,-1.2482
C12orf74,2.2869
C12orf75,0.17659
C12orf76,0.78774
C12orf77,-0.69217
C12orf80,0.82329
C14orf105,2.3617
C14orf119,0.86702
C14orf132,-0.39016
C14orf159,0.0011759
C14orf166,0.044249
C14orf177,0.82793
C14orf178,-0.62954
C14orf180,0.46153
C14orf2,1.3915
C14orf28,-0.51509
C14orf37,0.00043238
C14orf39,0.00050304
C14orf79,0.00029744
C14orf80,0.65225
C14orf93,-0.4517
C15orf32,-0.74969
C15orf38-AP3S2,-0.042006
C15orf39,0.72921
C15orf40,1.1964
C15orf41,0.6513
C15orf48,-0.20568
C15orf52,0.56907
C15orf53,0.85242
C15orf54,1.6009
C15orf56,0.59033
C15orf59,1.05
C15orf61,0.23349
C15orf62,-0.67071
C15orf65,0.541065
C16orf45,1.4029
C16orf46,-0.29146
C16orf52,0.41574
C16orf54,0.56807
C16orf58,1.2277
C16orf59,-0.6927
C16orf62,-0.052992
C16orf70,0.51678
C16orf71,0.31426
C16orf72,-0.62167
C16orf74,0.00034284
C16orf78,1.4003
C16orf86,-0.69219
C16orf87,0.69123
C16orf89,0.80065
C16orf90,-1.5211
C16orf92,1.4727
C16orf95,0.39963
C16orf96,0.52346
C16orf97,-1.2427
C17orf100,0.40821
C17orf102,0.5207
C17orf105,0.0015006
C17orf107,1.2727
C17orf112,-0.4201
C17orf47,-0.40083
C17orf49,1.339
C17orf50,3.0029
C17orf51,1.332
C17orf53,0.00021626
C17orf58,-0.6098
C17orf62,1.2832
C17orf64,-0.49706
C17orf74,1.2631
C17orf75,-1.2668
C17orf77,-0.73248
C17orf78,0.36637
C17orf80,-0.4854
C17orf82,1.6492
C17orf97,0.27235
C17orf98,0.15661
C17orf99,0.48346
C18orf21,-0.40518
C18orf25,2.2009
C18orf32,0.3303
C18orf54,0.93031
C18orf63,0.26124
C18orf8,0.001088
C19orf12,-0.63
C19orf18,1.4474
C19orf24,0.013027
C19orf25,0.94782
C19orf33,0.00040436
C19orf35,-0.40923
C19orf38,-0.37426
C19orf44,1.6169
C19orf47,-0.42152
C19orf48,-0.40149
C19orf53,0.18542
C19orf54,1.4137
C19orf57,-0.36702
C19orf60,1.3049
C19orf66,0.10926
C19orf67,0.37527
C19orf70,-0.57292
C19orf71,0.67351
C19orf73,1.4351
C19orf81,2.3719
C19orf84,-0.17063
C1D,1.5864
C1GALT1,0.42466
C1GALT1C1,0.89563
C1GALT1C1L,0.84983
C1QA,1.9668
C1QB,0.60956
C1QBP,0.80555
C1QC,1.9828
C1QL1,0.29568
C1QL2,-1.7345
C1QL3,-0.89801
C1QL4,0.97942
C1QTNF1,1.9475
C1QTNF12,-0.27537
C1QTNF2,1.8337
C1QTNF3,0.45307
C1QTNF4,-0.68485
C1QTNF5,-0.84969
C1QTNF6,1.0587
C1QTNF7,1.7639
C1QTNF8,1.7243
C1QTNF9,1.2682
C1QTNF9B,0.4756
C1R,0.84347
C1RL,1.0289
C1S,1.5455
C1orf100,-3.7498
C1orf105,0.0012247
C1orf106,0.3786
C1orf109,0.73112
C1orf112,0.5942
C1orf115,0.20172
C1orf116,-0.24495
C1orf122,0.10111
C1orf123,0.63193
C1orf127,-0.45808
C1orf131,0.67712
C1orf141,0.57748
C1orf146,0.62664
C1orf158,1.7201
C1orf159,0.72276
C1orf162,0.93689
C1orf174,0.35841
C1orf185,1.4925
C1orf186,-1.1532
C1orf189,0.00014814
C1orf194,0.44834
C1orf198,1.1748
C1orf21,-0.97353
C1orf210,0.22449
C1orf216,1.4167
C1orf226,1.3257
C1orf228,-0.6289
C1orf229,-0.067374
C1orf27,1.8773
C1orf35,0.00015289
C1orf43,1.4097
C1orf50,1.8409
C1orf52,1.9865
C1orf53,0.24198
C1orf54,0.14216
C1orf56,0.99781
C1orf61,0.41144
C1orf64,0.64554
C1orf68,0.65382
C1orf74,1.3527
C1orf87,1.8569
C1orf94,0.79602
C2,1.5203
C20orf141,0.3127
C20orf144,0.012502
C20orf173,1.0905
C20orf194,-0.026106
C20orf196,0.78238
C20orf197,-0.51802
C20orf202,0.86354
C20orf24,0.37448
C20orf27,0.00053026
C20orf78,0.29541
C20orf85,0.48676
C20orf96,1.0862
C21orf2,-0.72136
C21orf33,0.96394
C21orf58,-0.86591
C21orf59,0.85629
C21orf62,0.087024
C21orf91,2.1628
C22orf15,1.0547
C22orf23,0.75086
C22orf24,0.095157
C22orf31,-1.3011
C22orf39,0.0010827
C22orf42,0.81733
C22orf46,0.099815
C2CD2,-0.86162
C2CD2L,0.76566
C2CD3,0.099964
C2CD4A,-0.23861
C2CD4B,-2.6365
C2CD4C,-1.3291
C2CD4D,0.0037318
C2CD5,0.75703
C2CD6,0.86847
C2orf15,-0.49002
C2orf16,-1.4091
C2orf27A,1.8028
C2orf27B,1.5498
C2orf40,-1.2617
C2orf42,-0.57499
C2orf48,-0.99616
C2orf49,-1.0149
C2orf50,-1.6451
C2orf54,1.4595
C2orf66,1.1322
C2orf68,0.46698
C2orf69,0.16281
C2orf70,1.3172
C2orf71,1.3756
C2orf72,-0.56344
C2orf73,-1.0129
C2orf76,-0.68759
C2orf78,0.92345
C2orf80,0.9211
C2orf82,0.00038216
C2orf83,0.0039587
C2orf88,-0.06338
C2orf91,-0.56014
C3,1.2995
C3AR1,0.15566
C3orf14,-1.1103
C3orf18,1.6748
C3orf20,-1.0261
C3orf22,0.70722
C3orf30,0.12213
C3orf33,1.3261
C3orf35,0.49783
C3orf36,0.59822
C3orf38,1.3221
C3orf52,1.579
C3orf58,2.1934
C3orf62,1.4677
C3orf67,-0.81734
C3orf70,0.72516
C3orf79,-0.71511
C3orf80,1.713
C3orf84,0.5037168
C4A,-0.30456
C4B,1.6394
C4BPA,0.51488
C4BPB,-1.222
C4B_2,0.0028065
C4orf17,0.336
C4orf19,-0.90698
C4orf22,-1.1441
C4orf26,-0.75751
C4orf3,0.88014
C4orf32,-0.5413
C4orf33,0.13406
C4orf36,0.16871
C4orf45,-0.3814
C4orf46,-1.2462
C4orf47,-0.20752
C4orf48,0.78284
C4orf51,-0.6644
C5,0.66683
C5AR1,0.003036
C5AR2,0.71849
C5orf15,0.44234
C5orf22,0.68648
C5orf24,0.014761
C5orf30,2.2313
C5orf34,0.00017981
C5orf38,0.0013267
C5orf42,-0.42886
C5orf46,0.00062842
C5orf47,0.79032
C5orf49,0.46905
C5orf51,-0.48962
C5orf52,-0.77455
C5orf58,-0.38836
C5orf60,-0.39098
C5orf63,0.32413
C5orf64,0.70639
C5orf66,0.89247
C6,1.3796
C6orf10,1.1822
C6orf106,0.48316
C6orf118,1.6145
C6orf120,0.26928
C6orf132,0.71091
C6orf136,1.5236
C6orf141,0.43023
C6orf15,1.1667
C6orf163,1.1829
C6orf201,1.31
C6orf203,0.8045
C6orf222,-0.55838
C6orf223,-0.52663
C6orf226,0.38516
C6orf47,2.4658
C6orf48,0.0033742
C6orf52,-1.0934
C6orf58,1.2319
C6orf62,-0.23293
C6orf89,-0.83842
C6orf99,0.92319
C7,1.1287
C7orf25,-0.29655
C7orf26,-1.9817
C7orf31,0.30719
C7orf33,1.7331
C7orf34,0.00034112
C7orf43,0.010995
C7orf49,-0.42582
C7orf50,2.5345
C7orf55-LUC7L2,1.9259
C7orf57,0.29528
C7orf61,1.8721
C7orf65,-0.60786
C7orf66,0.4553
C7orf69,0.49685
C7orf71,-0.81586
C7orf72,0.00044257
C7orf73,-0.69912
C7orf77,0.70858
C8A,1.4007
C8B,1.4622
C8G,-0.40518
C8orf22,-0.42645
C8orf31,0.41649
C8orf33,0.89642
C8orf34,0.88953
C8orf37,-0.70449
C8orf4,-0.68154
C8orf44,-0.47707
C8orf44-SGK3,0.00055311
C8orf46,-0.34365
C8orf48,0.000584
C8orf58,0.72939
C8orf59,0.00041007
C8orf74,1.1725
C8orf76,-0.4715
C8orf82,0.92123
C8orf86,1.5721
C8orf87,0.83048
C8orf88,-0.68243
C8orf89,1.8261
C9,0.00039008
C9orf116,0.4296
C9orf129,-0.34871
C9orf131,-0.274
C9orf135,0.47374
C9orf139,-0.31159
C9orf142,-0.10487
C9orf152,-0.94353
C9orf153,0.052996
C9orf16,1.078
C9orf163,-0.34258
C9orf170,1.1554
C9orf172,0.9827
C9orf24,0.53623
C9orf3,0.82124
C9orf40,-0.82179
C9orf43,-0.79499
C9orf47,1.3962
C9orf50,-0.96647
C9orf57,-0.60765
C9orf62,-0.29432
C9orf64,-0.094519
C9orf66,0.55936
C9orf72,0.0016497
C9orf78,0.41777
C9orf84,0.84695
C9orf85,1.2534
C9orf92,1.3307
CA1,0.27421
CA10,0.41545
CA11,-2.3984
CA12,-1.5128
CA13,0.080239
CA14,-0.43793
CA2,-0.31031
CA3,0.35463
CA4,-0.74078
CA5A,0.81078
CA5B,0.12196
CA6,1.1012
CA7,0.39573
CA8,0.00075122
CA9,1.0655
CAAP1,0.94965
CAB39,0.14613
CAB39L,-0.77645
CABIN1,-2.5773
CABLES1,-0.38937
CABLES2,0.47692
CABP1,0.81745
CABP2,0.81343
CABP4,0.0004076
CABP5,-0.36417
CABP7,-0.054386
CABS1,0.14742
CABYR,0.45753
CACFD1,0.9149
CACHD1,-1.1017
CACNA1A,-0.98274
CACNA1B,-1.2933
CACNA1C,1.0166
CACNA1D,0.44868
CACNA1E,0.25437
CACNA1F,1.9712
CACNA1G,0.00052063
CACNA1H,-0.51742
CACNA1I,-0.24874
CACNA1S,-0.71039
CACNA2D1,0.00065365
CACNA2D2,0.00057633
CACNA2D3,-0.48226
CACNA2D4,0.55314
CACNB1,-0.31935
CACNB2,0.68241
CACNB3,-0.33069
CACNB4,0.02596
CACNG1,0.51928
CACNG2,-0.93406
CACNG3,0.00042233
CACNG4,-0.30312
CACNG5,0.28196
CACNG6,-0.37048
CACNG7,2.0391
CACNG8,0.0076029
CACTIN,-0.34257
CACUL1,1.2942
CACYBP,-0.60819
CAD,-1.7647
CADM1,-0.0038047
CADM2,-0.28989
CADM3,-1.6582
CADM4,1.2645
CADPS,-0.55914
CADPS2,-0.33267
CAGE1,-0.40601
CALB1,-0.48757
CALB2,-0.64953
CALCA,-0.145
CALCB,1.354
CALCOCO1,-0.36865
CALCOCO2,-0.95991
CALCR,0.58886
CALCRL,-0.77156
CALD1,1.9509
CALHM1,0.98192
CALHM2,0.33581
CALHM3,-0.71662
CALM1,0.00043699
CALM2,0.91986
CALM3,0.37898
CALML3,0.40167
CALML4,-0.047028
CALML5,1.1006
CALML6,0.94324
CALN1,0.069468
CALR,-0.66045
CALR3,0.46883
CALU,1.4994
CALY,-0.43493
CAMK1,-1.1512
CAMK1D,0.00029108
CAMK1G,1.1927
CAMK2A,2.5256
CAMK2B,0.77942
CAMK2D,0.35124
CAMK2G,-0.37453
CAMK2N1,2.3045
CAMK2N2,0.89584
CAMK4,0.44885
CAMKK1,0.67684
CAMKK2,0.56994
CAMKMT,0.27211
CAMKV,0.57265
CAMLG,0.65291
CAMP,0.8179
CAMSAP1,0.82671
CAMSAP2,0.63146
CAMSAP3,1.1919
CAMTA1,-0.44642
CAMTA2,-1.2552
CAND1,0.67822
CAND2,-1.2279
CANT1,1.3927
CANX,-0.81856
CAP1,2.8318
CAP2,0.59004
CAPG,1.3036
CAPN1,0.42945
CAPN10,0.73697
CAPN11,-0.2136
CAPN12,0.0030727
CAPN13,0.51017
CAPN14,0.51359
CAPN15,0.28561
CAPN2,1.2742
CAPN3,1.3706
CAPN5,1.4465
CAPN6,0.38513
CAPN7,0.6784
CAPN8,-0.89682
CAPN9,0.12472
CAPNS1,1.0996
CAPNS2,0.82762
CAPRIN1,-0.60936
CAPRIN2,0.82251
CAPS,0.68218
CAPS2,0.98156
CAPSL,-0.65977
CAPZA1,1.5586
CAPZA2,0.00049596
CAPZA3,-0.83549
CAPZB,0.88655
CARD10,0.59136
CARD11,-0.71076
CARD14,-1.1008
CARD16,0.78747
CARD17,-0.68647
CARD18,0.3108
CARD19,0.088758
CARD6,-1.0868
CARD8,-0.40337
CARD9,0.8541
CARF,0.66164
CARHSP1,-0.52124
CARM1,1.6698
CARMIL1,-0.14647
CARMIL2,-0.72154
CARMIL3,0.0005925
CARNMT1,-1.4015
CARNS1,0.64557
CARS,1.435
CARS2,0.95164
CARTPT,2.3563
CASC1,0.74135
CASC10,-0.32548
CASC3,0.30515
CASC4,0.89161
CASD1,0.43331
CASK,1.2433
CASKIN1,3.7894
CASKIN2,0.47193
CASP1,0.49656
CASP10,0.96616
CASP12,0.65626
CASP14,0.0012156
CASP2,0.026566
CASP3,1.2504
CASP4,1.1875
CASP5,-1.9578
CASP6,0.43442
CASP7,0.96779
CASP8,0.28759
CASP8AP2,-1.8076
CASP9,0.61022
CASQ1,-0.42608
CASQ2,0.63928
CASR,1.2577
CASS4,0.32447
CAST,-0.52137
CASTOR1,1.7636
CASTOR2,1.441175
CASZ1,0.2402
CAT,-0.91343
CATIP,1.1232
CATSPER1,1.58
CATSPER2,1.5722
CATSPER3,-0.43204
CATSPER4,2.6098
CATSPERB,-0.50503
CATSPERD,1.2703
CATSPERE,0.23245
CATSPERG,-0.25947
CAV1,1.1138
CAV2,-0.36621
CAV3,0.64976
CAVIN1,0.39772
CAVIN2,0.0090174
CAVIN3,1.5739
CAVIN4,-0.91832
CBARP,0.88674
CBFA2T2,-0.97828
CBFA2T3,-1.1793
CBFB,0.577
CBL,1.0817
CBLB,0.55379
CBLC,1.2207
CBLL1,1.9045
CBLN1,0.00029675
CBLN2,-1.1935
CBLN3,0.13345
CBLN4,1.4808
CBR1,-0.65725
CBR3,-0.75629
CBR4,1.9001
CBS,0.50642
CBWD1,1.8933
CBWD2,0.71693
CBWD3,-0.49894
CBWD5,1.1492
CBX1,0.0016315
CBX2,-0.58903
CBX3,0.50126
CBX4,-0.76796
CBX5,-0.59766
CBX6,-1.0351
CBX7,0.65685
CBX8,-0.58888
CBY1,-1.0381
CBY3,1.4808
CC2D1A,0.19731
CC2D1B,-1.1545
CC2D2A,0.11433
CC2D2B,0.48275
CCAR1,-0.18744
CCAR2,-0.70092
CCBE1,1.2796
CCBP2,0.56401
CCDC102A,-0.29157
CCDC102B,-0.56695
CCDC103,0.43823
CCDC105,-0.48327
CCDC106,1.8381
CCDC107,0.69913
CCDC110,0.69239
CCDC112,1.7379
CCDC113,0.0012031
CCDC114,-0.1766
CCDC115,-0.78257
CCDC116,-1.0198
CCDC117,-0.48874
CCDC12,-1.2581
CCDC120,0.35148
CCDC121,0.4176
CCDC122,0.3266
CCDC124,0.00035049
CCDC125,-0.27131
CCDC126,1.778
CCDC127,-1.4153
CCDC129,1.0385
CCDC13,0.30748
CCDC130,-0.95414
CCDC134,-0.19054
CCDC136,1.135
CCDC137,-0.47925
CCDC138,0.15768
CCDC14,1.0762
CCDC140,-0.29198
CCDC142,0.89371
CCDC144A,-0.50083
CCDC144NL,0.38613
CCDC146,0.31586
CCDC148,0.60012
CCDC149,0.61291
CCDC15,0.48821
CCDC150,-0.61429
CCDC151,1.5592
CCDC152,-0.33991
CCDC153,0.85639
CCDC154,-1.1813
CCDC155,-0.33798
CCDC157,-0.52397
CCDC158,-1.639
CCDC159,0.26017
CCDC160,1.5536
CCDC166,0.97395
CCDC167,0.00012908
CCDC168,-0.41724
CCDC169,1.0443
CCDC169-SOHLH2,-0.78199
CCDC17,-0.25923
CCDC170,-0.50187
CCDC171,0.5113
CCDC172,0.00034297
CCDC173,-1.5154
CCDC174,-0.55209
CCDC175,1.6737
CCDC177,-1.168
CCDC178,1.8252
CCDC179,0.9872
CCDC180,1.5376
CCDC181,1.6622
CCDC183,2.5998
CCDC184,-0.65704
CCDC185,1.2508
CCDC186,0.68649
CCDC188,-0.47316
CCDC189,1.4211
CCDC190,1.5082
CCDC191,1.9822
CCDC22,-1.2173
CCDC24,0.92741
CCDC25,0.23059
CCDC27,-0.43647
CCDC28A,1.2692
CCDC28B,0.16431
CCDC3,-2.2812
CCDC30,1.3404
CCDC32,0.52457
CCDC33,1.9355
CCDC34,1.1343
CCDC36,0.64555
CCDC38,-1.5643
CCDC39,-1.0904
CCDC40,1.5962
CCDC42,0.49464
CCDC43,-0.67929
CCDC47,1.3282
CCDC50,0.35999
CCDC51,0.74509
CCDC54,1.8069
CCDC58,1.1275
CCDC59,-0.52012
CCDC6,0.90092
CCDC60,1.3209
CCDC61,0.67561
CCDC62,-0.80094
CCDC63,0.31463
CCDC65,-1.9316
CCDC66,0.63005
CCDC68,-0.64557
CCDC69,0.77471
CCDC7,0.96448
CCDC70,1.2928
CCDC71,-0.16254
CCDC71L,2.9303
CCDC73,0.7181
CCDC74A,-0.57259
CCDC74B,-0.51591
CCDC77,-0.0011394
CCDC78,-1.7382
CCDC8,-0.34912
CCDC80,1.4624
CCDC81,1.0661
CCDC82,-0.62213
CCDC83,-0.46429
CCDC84,1.9053
CCDC85A,0.029323
CCDC85B,-0.47409
CCDC85C,0.90655
CCDC86,0.59112
CCDC87,1.2128
CCDC88A,0.81507
CCDC88B,-0.3727
CCDC88C,-0.59449
CCDC89,2.3555
CCDC9,1.2919
CCDC90B,0.0057877
CCDC91,0.83918
CCDC92,-0.077049
CCDC93,0.75465
CCDC94,-1.9741
CCDC96,-1.3015
CCDC97,-0.60828
CCER1,2.2212
CCER2,0.61805
CCHCR1,0.81208
CCIN,1.5356
CCK,-0.7661
CCKAR,-0.51787
CCKBR,0.19908
CCL1,-0.74805
CCL11,0.50452
CCL13,1.3313
CCL14,1.1904
CCL15,0.62863
CCL16,0.22652
CCL17,0.19611
CCL18,-0.62953
CCL19,-0.45024
CCL2,0.42166
CCL20,-0.19197
CCL21,0.00025819
CCL22,0.59241
CCL23,0.0010875
CCL24,1.2291
CCL25,-0.20551
CCL26,0.99909
CCL27,-1.0672
CCL28,0.00075283
CCL3,0.51151
CCL3L1,0.0020522
CCL4,1.558
CCL4L1,-0.13396
CCL4L2,0.49761
CCL5,0.20618
CCL7,-0.47695
CCL8,0.20486
CCM2,-0.015138
CCM2L,-0.27591
CCNA1,1.8169
CCNA2,-1.4471
CCNB1,0.47647
CCNB1IP1,0.18352
CCNB2,0.52984
CCNB3,-0.97688
CCNC,1.7656
CCND1,0.56992
CCND2,1.2062
CCND3,0.38051
CCNDBP1,-0.89533
CCNE1,-0.81302
CCNE2,-1.2312
CCNF,-0.91325
CCNG1,0.20012
CCNG2,0.0018502
CCNH,1.7964
CCNI,2.591
CCNI2,-0.20567
CCNJ,2.1507
CCNJL,-0.398
CCNK,-0.79135
CCNL1,-0.34667
CCNL2,-0.34413
CCNO,-0.49854
CCNT1,-0.55464
CCNT2,1.2125
CCNY,0.69084
CCNYL1,1.6652
CCP110,2.25
CCPG1,-0.2791
CCR1,0.63445
CCR10,-0.60788
CCR2,-0.46317
CCR3,1.1748
CCR4,0.2254
CCR5,0.71988
CCR6,-0.99913
CCR7,1.033
CCR8,-1.0978
CCR9,0.00021407
CCRL1,0.35434
CCRL2,-0.82843
CCS,2.2521
CCSAP,0.38967
CCSER1,-0.37849
CCSER2,0.94926
CCT2,-0.26559
CCT3,-1.5427
CCT4,-0.55509
CCT5,1.0566
CCT6A,1.2002
CCT6B,1.8274
CCT7,-0.99384
CCT8,0.98592
CCT8L2,-2.1647
CCZ1,0.86594
CCZ1B,-0.85394
CD101,1.8291
CD109,1.9566
CD14,0.0018153
CD151,-0.30645
CD160,-0.84002
CD163,0.33327
CD163L1,-0.98335
CD164,-0.70716
CD164L2,1.5255
CD177,0.61444
CD180,1.8633
CD19,0.33624
CD1A,0.96452
CD1B,1.2476
CD1C,0.6908
CD1D,-0.43564
CD1E,1.1016
CD2,0.66105
CD200,0.0029033
CD200R1,1.1758
CD200R1L,2.3146
CD207,-0.36488
CD209,-0.52704
CD22,1.5122
CD226,1.4969
CD24,1.2347
CD244,0.0027858
CD247,0.78349
CD248,-0.52805
CD27,1.3043
CD274,1.9648
CD276,0.99111
CD28,0.81017
CD2AP,0.0011873
CD2BP2,-1.4571
CD300A,0.38731
CD300C,1.1791
CD300LD,1.1525
CD300LF,1.4873
CD300LG,-0.2497
CD302,0.15808
CD320,-0.42924
CD33,1.5818
CD34,-0.71989
CD36,0.73063
CD37,-0.108
CD38,0.0057955
CD3D,-0.59551
CD3E,-0.62897
CD3EAP,1.5414
CD3G,-1.1258
CD4,-1.1962
CD40,1.7299
CD40LG,1.1231
CD44,1.4334
CD46,0.96964
CD47,-0.8388
CD48,0.00023193
CD5,-0.3745
CD52,-0.35264
CD53,0.25435
CD55,-0.77076
CD58,9.47e-05
CD59,-0.39657
CD5L,-0.20116
CD6,0.80225
CD63,1.278
CD68,1.5659
CD69,1.2534
CD7,1.584
CD70,1.0604
CD72,-0.15616
CD74,0.33159
CD79A,-0.30999
CD79B,-1.5377
CD80,1.4586
CD81,-0.85649
CD82,0.63786
CD83,-0.98671
CD84,1.292
CD86,0.055603
CD8A,-1.2068
CD8B,0.2234
CD9,-0.056532
CD93,-1.1247
CD96,-0.24954
CD99,0.0042322
CD99L2,0.70782
CDA,1.66
CDADC1,-1.1012
CDAN1,1.4947
CDC123,1.527
CDC14A,1.2484
CDC14B,0.30181
CDC16,1.3441
CDC20,-2.6247
CDC20B,-0.63662
CDC23,-0.55091
CDC25A,1.0343
CDC25B,-0.35163
CDC25C,0.95465
CDC26,1.0163
CDC27,0.42615
CDC34,-1.1084
CDC37,1.3172
CDC37L1,-0.10867
CDC40,0.29532
CDC42,0.001638
CDC42BPA,1.0127
CDC42BPB,1.074
CDC42BPG,-0.74103
CDC42EP1,0.502
CDC42EP2,0.00028139
CDC42EP3,0.53915
CDC42EP4,0.011304
CDC42EP5,-1.2752
CDC42SE1,0.63224
CDC42SE2,1.7981
CDC45,1.6559
CDC5L,0.066222
CDC6,-0.59924
CDC7,1.6718
CDC73,0.81588
CDCA2,0.77241
CDCA3,0.49488
CDCA4,0.00042173
CDCA5,0.42818
CDCA7,0.30209
CDCA7L,-0.72681
CDCA8,0.38563
CDCP1,-0.64846
CDCP2,1.2753
CDH1,0.7875
CDH10,0.64996
CDH11,0.23743
CDH12,0.10867
CDH13,-0.53368
CDH15,0.85403
CDH16,-2.5075
CDH17,0.89932
CDH18,-1.4742
CDH19,-0.13397
CDH2,0.56792
CDH20,0.00096486
CDH22,-0.08225
CDH23,-0.53303
CDH24,1.3334
CDH26,-0.64022
CDH3,0.00011679
CDH4,0.0002583
CDH5,1.3067
CDH6,-0.27225
CDH7,1.9943
CDH8,1.6166
CDH9,0.84554
CDHR1,1.0284
CDHR2,-0.16768
CDHR3,0.52994
CDHR4,0.73805
CDHR5,-0.0024435
CDIP1,-0.44351
CDIPT,1.2584
CDK1,0.1402
CDK10,-1.0766
CDK11A,0.81793
CDK11B,0.66635
CDK12,-1.2733
CDK13,0.57838
CDK14,1.2776
CDK15,0.097179
CDK16,-0.33948
CDK17,-0.60721
CDK18,0.00017822
CDK19,0.55138
CDK2,-1.1835
CDK20,1.6469
CDK2AP1,0.3209
CDK2AP2,-0.19372
CDK3,0.36352
CDK4,0.00046853
CDK5,3.2086
CDK5R1,0.00029977
CDK5R2,0.29121
CDK5RAP1,0.00011507
CDK5RAP2,1.189
CDK5RAP3,-0.38824
CDK6,1.5714
CDK7,0.16824
CDK8,-1.1707
CDK9,-0.99357
CDKAL1,0.77876
CDKL1,0.63472
CDKL2,2.6767
CDKL3,-0.86644
CDKL4,-0.20589
CDKL5,-0.17001
CDKN1A,-0.31158
CDKN1B,1.6998
CDKN1C,-0.67975
CDKN2A,0.44833
CDKN2AIP,1.4588
CDKN2AIPNL,0.85261
CDKN2B,0.31718
CDKN2C,2.3404
CDKN2D,0.58864
CDKN3,-0.39332
CDNF,1.2404
CDO1,1.3386
CDON,0.1967
CDPF1,0.97628
CDR1,0.00060583
CDR2,-1.0059
CDR2L,0.63368
CDRT1,-0.68187
CDRT15,-1.1085
CDRT15L2,-1.1376
CDS1,0.2121
CDS2,2.0225
CDSN,-0.91153
CDT1,-2.4637
CDV3,0.21416
CDX1,-0.36385
CDX2,-0.9181
CDX4,-0.62253
CDY1,-0.65755
CDY1B,-0.040334
CDY2A,-0.6354
CDY2B,0.79846
CDYL,1.7277
CDYL2,0.57845
CEACAM1,0.87333
CEACAM16,-0.56018
CEACAM19,1.1602
CEACAM20,0.51095
CEACAM21,-0.60521
CEACAM3,-1.3264
CEACAM4,0.52583
CEACAM5,1.8968
CEACAM6,1.9556
CEACAM7,-0.65914
CEACAM8,0.75776
CEBPA,1.0073
CEBPB,-2.0551
CEBPD,0.64257
CEBPE,-0.80238
CEBPG,1.7613
CEBPZ,-0.42328
CECR2,-0.94431
CECR6,1.0284
CEL,0.50258
CELA1,0.31456
CELA2A,-0.68114
CELA2B,0.95981
CELA3A,1.6795
CELA3B,2.1553
CELF1,1.2228
CELF2,-0.41788
CELF3,-0.50874
CELF4,0.14774
CELF5,0.17388
CELF6,2.5623
CELSR1,-0.40686
CELSR2,1.4993
CELSR3,0.43086
CEMIP,1.3915
CEMP1,0.00034977
CEND1,0.6924
CENPA,-0.74941
CENPB,1.5289
CENPBD1,1.9962
CENPC,0.20006
CENPE,-2.1508
CENPF,-0.9832
CENPH,0.11008
CENPI,0.62608
CENPJ,0.15016
CENPK,-0.7536
CENPL,1.9329
CENPM,-1.112
CENPN,-0.87101
CENPO,0.17778
CENPP,0.74635
CENPQ,1.289
CENPS,-0.19689
CENPS-CORT,0.44586
CENPT,-0.84012
CENPU,1.097
CENPV,1.119
CENPW,1.5725
CENPX,0.68105
CEP104,6.29e-05
CEP112,-0.38882
CEP120,-1.9488
CEP126,0.10605
CEP128,1.6858
CEP131,-0.56703
CEP135,0.98456
CEP152,0.055872
CEP162,-0.51195
CEP164,0.73298
CEP170,2.3369
CEP170B,-0.33783
CEP19,1.9678
CEP192,-0.99965
CEP250,-1.4452
CEP290,0.6152
CEP295,1.31
CEP295NL,1.0463
CEP350,0.0022243
CEP41,0.00085879
CEP44,0.78153
CEP55,1.0542
CEP57,-1.1097
CEP57L1,0.54506
CEP63,-0.29735
CEP68,0.57765
CEP70,-1.3744
CEP72,1.2295
CEP76,1.0367
CEP78,0.0010567
CEP83,1.6714
CEP85,0.00014543
CEP85L,0.67906
CEP89,1.0633
CEP95,0.65196
CEP97,-1.1024
CEPT1,0.21042
CER1,-0.42167
CERCAM,-0.38599
CERK,-0.60072
CERKL,0.21423
CERS1,0.0012095
CERS2,0.59059
CERS3,1.354
CERS4,-0.34248
CERS5,1.2673
CERS6,0.00056688
CES1,-0.96674
CES2,-0.29524
CES3,-0.45415
CES4A,-0.54962
CES5A,0.10039
CETN1,0.00074819
CETN2,-1.6079
CETN3,-0.73148
CETP,-0.83887
CFAP100,0.064349
CFAP126,-0.7623
CFAP157,0.0054848
CFAP161,0.5774
CFAP20,1.1084
CFAP206,0.77374
CFAP221,-0.37886
CFAP36,0.47724
CFAP43,-0.71976
CFAP44,0.97002
CFAP45,1.0332
CFAP46,1.2698
CFAP47,0.2419666666666666
CFAP52,1.5631
CFAP53,-1.1142
CFAP57,1.3952
CFAP58,-0.82962
CFAP61,-0.58226
CFAP65,0.8048
CFAP69,1.0269
CFAP70,-0.18626
CFAP73,1.6732
CFAP77,-0.83692
CFAP97,0.24766
CFAP99,0.41767
CFB,0.32261
CFC1,0.196
CFC1B,-1.4051
CFD,0.00064412
CFDP1,0.96721
CFH,0.79932
CFHR1,1.4041
CFHR2,1.2717
CFHR3,-0.84409
CFHR4,0.00028615
CFHR5,-0.47693
CFI,-0.34193
CFL1,0.12375
CFL2,-0.51544
CFLAR,0.20062
CFP,0.053045
CFTR,1.7789
CGA,0.36965
CGB,0.01529
CGB1,0.2521
CGB2,0.36895
CGB7,-0.80801
CGGBP1,0.57294
CGN,-0.636
CGNL1,0.0025687
CGREF1,-0.13161
CGRRF1,0.14979
CH25H,0.53856
CHAC1,0.36308
CHAC2,2.4315
CHAD,0.48956
CHADL,1.0274
CHAF1A,-0.23564
CHAF1B,1.1152
CHAMP1,-0.28417
CHAT,0.67848
CHCHD1,1.126
CHCHD10,1.2258
CHCHD2,1.0355
CHCHD3,-0.63187
CHCHD4,-1.5245
CHCHD5,0.84364
CHCHD6,1.2461
CHCHD7,0.304
CHD1,0.10156
CHD1L,1.5291
CHD2,-0.17755
CHD3,0.00030187
CHD4,1.1673
CHD5,0.00049375
CHD6,-1.2896
CHD7,-1.1588
CHD8,0.33007
CHD9,0.00029586
CHDH,1.515
CHEK1,-1.6174
CHEK2,-0.97028
CHERP,-0.36942
CHFR,-0.37983
CHGA,0.96613
CHGB,1.3468
CHI3L1,1.5487
CHI3L2,0.91748
CHIA,0.53797
CHIC1,3.4319
CHIC2,1.9106
CHID1,-0.91046
CHIT1,0.64746
CHKA,1.4807
CHKB,1.1084
CHL1,-0.41307
CHM,0.018951
CHML,-0.79855
CHMP1A,1.0766
CHMP1B,0.17724
CHMP2A,1.2197
CHMP2B,0.65342
CHMP3,0.76985
CHMP4A,0.68488
CHMP4B,0.64053
CHMP4C,0.9748
CHMP5,0.95595
CHMP6,-1.037
CHMP7,0.3345
CHN1,1.8043
CHN2,0.6929
CHODL,0.75616
CHORDC1,-0.51638
CHP1,0.64807
CHP2,-0.61569
CHPF,-0.49141
CHPF2,1.4816
CHPT1,0.73675
CHRAC1,0.00021618
CHRD,-0.62913
CHRDL1,1.0862
CHRDL2,1.1399
CHRFAM7A,-1.3832
CHRM1,-0.24293
CHRM2,-0.26215
CHRM3,0.00056799
CHRM4,2.0386
CHRM5,1.1301
CHRNA1,-0.34212
CHRNA10,1.0539
CHRNA2,-0.22201
CHRNA3,-0.44843
CHRNA4,0.00061246
CHRNA5,0.5817
CHRNA6,-0.45296
CHRNA7,-0.32588
CHRNA9,0.8452
CHRNB1,1.2857
CHRNB2,1.0439
CHRNB3,0.74647
CHRNB4,1.4677
CHRND,0.10596
CHRNE,0.78838
CHRNG,-0.51006
CHST1,0.49499
CHST10,0.85298
CHST11,-0.50521
CHST12,0.54305
CHST13,1.2831
CHST14,1.1263
CHST15,0.90009
CHST2,1.0692
CHST3,-0.51256
CHST4,-2.1074
CHST5,0.00045813
CHST6,2.2045
CHST7,0.0005285
CHST8,0.34845
CHST9,0.26344
CHSY1,1.2615
CHSY3,0.54974
CHTF18,1.9566
CHTF8,-0.76157
CHTOP,1.3047
CHUK,-0.70773
CHURC1,0.84747
CIAO1,-2.0567
CIAPIN1,-0.49181
CIART,0.77116
CIB1,0.63519
CIB2,0.21824
CIB3,-0.8851
CIB4,-0.96004
CIC,-0.23376
CIDEA,1.4381
CIDEB,1.4325
CIDEC,-0.8395
CIITA,-0.0105
CILP,1.3014
CILP2,0.40258
CINP,1.2822
CIPC,-0.29009
CIR1,-1.1975
CIRBP,-0.43966
CISD1,-0.21689
CISD2,0.5553
CISD3,1.0145
CISH,-0.98987
CIT,-0.4117
CITED1,1.844
CITED2,0.00045651
CITED4,1.5071
CIZ1,-0.16154
CKAP2,0.32133
CKAP2L,-0.86709
CKAP4,1.3498
CKAP5,0.16667
CKB,-0.38806
CKLF,0.65234
CKLF-CMTM1,0.59983
CKM,0.0013898
CKMT1A,0.42998
CKMT1B,-1.0753
CKMT2,0.7159
CKS1B,-0.79462
CKS2,2.1008
CLASP1,1.2763
CLASP2,0.94106
CLASRP,-0.98852
CLC,0.000169
CLCA1,1.2034
CLCA2,0.62879
CLCA4,0.011969
CLCC1,-0.65307
CLCF1,0.86283
CLCN1,2.4649
CLCN2,1.1661
CLCN3,0.55678
CLCN4,0.64812
CLCN5,0.0015096
CLCN6,-0.192
CLCN7,0.18475
CLCNKA,1.0405
CLCNKB,0.40153
CLDN1,0.54831
CLDN10,-0.94404
CLDN11,-0.42896
CLDN12,0.37069
CLDN14,0.19121
CLDN15,0.51955
CLDN16,0.18904
CLDN17,-1.0192
CLDN18,0.24972
CLDN19,2.6159
CLDN2,0.54582
CLDN20,1.4182
CLDN22,-0.39458
CLDN23,0.38868
CLDN24,0.59898
CLDN25,0.83955
CLDN3,1.139
CLDN34,0.38901
CLDN4,0.59966
CLDN5,-1.9713
CLDN6,0.89514
CLDN7,-0.5816
CLDN8,-0.47443
CLDN9,-0.59034
CLDND1,0.68472
CLDND2,0.22266
CLEC10A,0.90003
CLEC11A,0.0002503
CLEC12A,0.81461
CLEC12B,0.11151
CLEC14A,0.56858
CLEC16A,0.37927
CLEC17A,0.00073409
CLEC18A,0.53256
CLEC18B,-1.019
CLEC18C,-2.0584
CLEC19A,1.3359
CLEC1A,0.50037
CLEC1B,-0.77614
CLEC2A,0.32456
CLEC2B,-0.51411
CLEC2D,-0.12974
CLEC2L,-0.45688
CLEC3A,1.0682
CLEC3B,-0.37403
CLEC4A,0.80322
CLEC4C,-0.63039
CLEC4D,1.247
CLEC4E,1.1847
CLEC4F,-0.47071
CLEC4G,-0.67529
CLEC4M,0.87675
CLEC5A,0.57859
CLEC6A,-0.90548
CLEC7A,0.64158
CLEC9A,0.63368
CLECL1,1.4288
CLGN,0.95167
CLHC1,1.3551
CLIC1,0.79734
CLIC2,-0.94937
CLIC3,1.2289
CLIC4,0.89646
CLIC5,-0.6745
CLIC6,0.14882
CLINT1,0.37487
CLIP1,1.2484
CLIP2,-0.4794
CLIP3,0.56547
CLIP4,1.2379
CLK1,-0.68706
CLK2,-0.84925
CLK3,0.9613
CLK4,0.68173
CLLU1OS,-0.63642
CLMN,1.2049
CLMP,-0.66514
CLN3,-0.67099
CLN5,0.59082
CLN6,0.74486
CLN8,0.62904
CLNK,0.9545
CLNS1A,0.00025496
CLOCK,-0.58163
CLP1,-2.4899
CLPB,1.6476
CLPP,2.3186
CLPS,0.6983
CLPSL1,0.5447
CLPSL2,-0.47836
CLPTM1,-0.50825
CLPTM1L,-0.069842
CLPX,1.6182
CLRN1,-0.72408
CLRN2,-0.56415
CLRN3,0.83518
CLSPN,2.09
CLSTN1,0.0064521
CLSTN2,-0.26165
CLSTN3,0.49265
CLTA,0.98786
CLTB,1.2584
CLTC,1.0619
CLTCL1,0.53797
CLU,1.3601
CLUAP1,1.4619
CLUH,0.53789
CLUL1,-1.0418
CLVS1,1.052
CLVS2,0.37992
CLYBL,0.72935
CMA1,-0.11123
CMAS,-0.51107
CMBL,1.9216
CMC1,1.483
CMC2,1.0671
CMC4,0.036433
CMIP,-3.06
CMKLR1,1.8525
CMPK1,1.922
CMPK2,-0.11259
CMSS1,-0.92115
CMTM1,1.6519
CMTM2,-1.1866
CMTM3,0.37401
CMTM4,-1.0777
CMTM5,0.67482
CMTM6,1.7975
CMTM7,-1.2501
CMTM8,-0.50661
CMTR1,-1.043835
CMTR2,0.000195
CMYA5,0.6128
CNBD1,0.33885
CNBD2,0.67383
CNBP,0.00015931
CNDP1,0.44595
CNDP2,-0.16368
CNEP1R1,-0.75818
CNFN,0.29681
CNGA1,-0.49914
CNGA2,0.93609
CNGA3,-0.27093
CNGA4,-0.39295
CNGB1,0.31681
CNGB3,0.38852
CNIH1,0.8402350000000001
CNIH2,0.67791
CNIH3,-1.4251
CNIH4,0.94705
CNKSR1,-1.0141
CNKSR2,-0.75979
CNKSR3,0.29159
CNMD,0.0002039
CNN1,1.5526
CNN2,0.95289
CNN3,0.83383
CNNM1,-0.98436
CNNM2,0.46345
CNNM3,-0.98605
CNNM4,0.83133
CNOT1,0.26724
CNOT10,-0.27948
CNOT11,1.7562
CNOT2,1.5578
CNOT3,1.588
CNOT4,0.62013
CNOT6,0.19422
CNOT6L,-1.271
CNOT7,-0.59968
CNOT8,0.49284
CNOT9,0.00022144
CNP,1.0362
CNPPD1,0.56514
CNPY1,0.90396
CNPY2,1.088
CNPY3,0.37138
CNPY4,1.7737
CNR1,2.2851
CNR2,-0.38093
CNRIP1,0.51464
CNST,0.0004073
CNTD1,-1.2182
CNTD2,-0.15462
CNTF,-0.12467
CNTFR,0.90722
CNTLN,0.23662
CNTN1,-0.99884
CNTN2,2.26
CNTN3,-0.57609
CNTN4,1.8545
CNTN5,-0.37456
CNTN6,-0.60584
CNTNAP1,0.49856
CNTNAP2,1.2232
CNTNAP3,0.62734
CNTNAP3B,-0.69967
CNTNAP4,1.7544
CNTNAP5,-0.48868
CNTRL,-1.2157
CNTROB,0.93363
COA1,0.36322
COA3,1.4888
COA4,2.0258
COA5,0.6494
COA6,2.6239
COA7,0.23983
COASY,0.44047
COBL,-1.0708
COBLL1,0.43725
COCH,0.00045018
COG1,-0.34814
COG2,0.0010632
COG3,0.6946
COG4,0.29865
COG5,-0.0033117
COG6,0.25362
COG7,0.33999
COG8,0.36571
COIL,0.002485
COL10A1,0.58869
COL11A1,-2.7107
COL11A2,0.43701
COL12A1,-0.30524
COL13A1,0.69665
COL14A1,1.2116
COL15A1,0.51539
COL16A1,1.4052
COL17A1,0.52152
COL18A1,-0.30328
COL19A1,0.82234
COL1A1,0.47289
COL1A2,0.70409
COL20A1,1.2954
COL21A1,1.7422
COL22A1,-0.3007
COL23A1,2.0805
COL24A1,1.7571
COL25A1,1.8958
COL27A1,1.1384
COL28A1,-1.1007
COL2A1,0.42541
COL3A1,1.998
COL4A1,1.3494
COL4A2,-0.99668
COL4A3,0.00090219
COL4A3BP,1.0881
COL4A4,1.0943
COL4A5,-0.81298
COL4A6,0.27368
COL5A1,0.89006
COL5A2,0.24719
COL5A3,-0.42488
COL6A1,0.17016
COL6A2,1.3873
COL6A3,1.1201
COL6A5,0.64812
COL6A6,-1.722
COL7A1,1.0481
COL8A1,0.27275
COL8A2,-0.69821
COL9A1,-0.5982
COL9A2,0.45665
COL9A3,-0.43124
COLCA2,-0.492
COLEC10,-0.2483
COLEC11,1.1776
COLEC12,1.356
COLGALT1,1.1807
COLGALT2,-0.42056
COLQ,0.84638
COMMD1,0.54137
COMMD10,0.027171
COMMD2,-0.92839
COMMD3,1.5647
COMMD3-BMI1,-2.7718
COMMD4,-0.42575
COMMD5,0.64843
COMMD6,0.39733
COMMD7,0.93773
COMMD8,1.3501
COMMD9,1.2819
COMP,0.97881
COMT,0.79199
COMTD1,0.081896
COPA,1.0581
COPB1,0.77593
COPB2,-0.16649
COPE,-0.68469
COPG1,1.2047
COPG2,-0.49854
COPRS,0.96019
COPS2,0.8467
COPS3,-1.3619
COPS4,2.0563
COPS5,1.0771
COPS6,-0.72941
COPS7A,0.00086946
COPS7B,0.14826
COPS8,0.10437
COPS9,0.95867
COPZ1,2.098
COPZ2,0.0047916
COQ10A,-0.44617
COQ10B,-0.66438
COQ2,1.6566
COQ3,1.0895
COQ4,-0.26452
COQ5,0.9401
COQ6,-0.40099
COQ7,2.6195
COQ8A,-1.0659
COQ8B,-0.47159
COQ9,1.3554
CORIN,-1.6986
CORO1A,1.5255
CORO1B,-0.12247
CORO1C,0.86936
CORO2A,0.0053687
CORO2B,0.58752
CORO6,-0.96685
CORO7,-0.35007
CORO7-PAM16,0.5334
CORT,-0.28943
COTL1,0.73803
COX10,-0.33964
COX11,-1.9044
COX14,-0.054051
COX15,0.81937
COX16,1.7969
COX17,0.017292
COX18,1.1497
COX19,0.62011
COX20,-0.12558
COX4I1,-0.036096
COX4I2,0.49765
COX5A,0.86519
COX5B,-0.31905
COX6A1,1.5626
COX6A2,-0.79236
COX6B1,2.86e-07
COX6B2,-1.0392
COX6C,-0.79898
COX7A1,-0.00645
COX7A2,-1.9912
COX7A2L,0.76483
COX7B,1.1069
COX7B2,0.82998
COX7C,-0.30505
COX8A,2.5873
COX8C,0.92268
CP,0.99642
CPA1,-0.41867
CPA2,0.56337
CPA3,1.1128
CPA4,1.7249
CPA5,-0.72189
CPA6,-1.2695
CPAMD8,-0.68527
CPB1,0.91203
CPB2,-0.44334
CPD,0.4715
CPE,1.1474
CPEB1,0.42693
CPEB2,0.39817
CPEB3,0.40077
CPEB4,1.0971
CPED1,0.40104
CPLX1,1.6511
CPLX2,-0.43093
CPLX3,0.0013673
CPLX4,0.0018292
CPM,0.00016691
CPN1,-0.48272
CPN2,0.59366
CPNE1,-0.49572
CPNE2,-0.64531
CPNE3,0.39133
CPNE4,0.0074226
CPNE5,0.40779
CPNE6,-0.71848
CPNE7,1.9229
CPNE8,0.56697
CPNE9,0.23278
CPO,1.9282
CPOX,0.00066868
CPPED1,1.4177
CPQ,0.00032071
CPS1,-0.53975
CPSF1,-0.55006
CPSF2,2.4362
CPSF3,-1.2758
CPSF4,1.115
CPSF4L,-0.59966
CPSF6,0.58871
CPSF7,-0.41815
CPT1A,-0.65954
CPT1B,0.031389
CPT1C,1.6713
CPT2,0.95411
CPTP,0.81968
CPVL,0.60336
CPXCR1,0.63022
CPXM1,-0.53335
CPXM2,0.45968
CPZ,1.6164
CR1,1.0852
CR1L,-0.88654
CR2,0.63014
CRABP1,1.2573
CRABP2,1.3796
CRACR2A,1.4357
CRACR2B,1.7449
CRADD,-0.38032
CRAMP1,-0.77552
CRAT,-0.16639
CRB1,-0.2417
CRB2,0.52459
CRB3,0.00029635
CRBN,0.25152
CRCP,3.0425
CRCT1,-1.0414
CREB1,0.4252
CREB3,0.32028
CREB3L1,-0.18423
CREB3L2,1.2197
CREB3L3,-0.93139
CREB3L4,1.6294
CREB5,1.5336
CREBBP,2.2632
CREBL2,1.1448
CREBRF,-0.59125
CREBZF,0.56869
CREG1,-0.51309
CREG2,0.28984
CRELD1,-1.3194
CRELD2,0.85114
CREM,-0.77659
CRH,-0.47666
CRHBP,1.1602
CRHR1,1.414
CRHR2,-0.75963
CRIM1,0.40462
CRIP1,1.2424
CRIP2,1.17
CRIP3,0.70862
CRIPAK,0.66464
CRIPT,-0.85274
CRISP1,-0.7842
CRISP2,0.0012294
CRISP3,0.88051
CRISPLD1,0.62203
CRISPLD2,0.45138
CRK,0.85549
CRKL,0.52716
CRLF1,-0.42662
CRLF2,0.12687
CRLF3,-0.31257
CRLS1,1.3043
CRMP1,0.80319
CRNKL1,2.6636
CRNN,0.12734
CROCC,2.1844
CROT,-0.15221
CRP,0.00048539
CRTAC1,0.53733
CRTAM,1.0701
CRTAP,0.25664
CRTC1,0.010728
CRTC2,-0.92372
CRTC3,0.38659
CRX,0.92511
CRY1,0.31948
CRY2,-0.72459
CRYAA,-1.1909
CRYAB,-0.33491
CRYBA1,-1.0542
CRYBA2,0.71937
CRYBA4,1.444
CRYBB1,0.9554
CRYBB2,0.90488
CRYBB3,1.7232
CRYBG1,-1.3669
CRYGA,0.44122
CRYGB,0.95421
CRYGC,-0.29836
CRYGD,-0.32229
CRYGN,0.01431
CRYGS,-0.38655
CRYL1,-0.19852
CRYM,1.3466
CRYZ,0.0014204
CRYZL1,-0.98295
CS,1.2951
CSAD,0.81154
CSAG1,-0.49058
CSB-PGBD3,3.4167
CSDC2,0.36246
CSDE1,0.35657
CSE1L,1.4339
CSF1,1.0396
CSF1R,0.62821
CSF2,0.9696
CSF2RA,0.54824
CSF2RB,-0.16418
CSF3,1.1363
CSF3R,1.639
CSGALNACT1,0.49876
CSGALNACT2,0.00085896
CSH1,1.855
CSH2,-2.9534
CSHL1,0.31982
CSK,1.944
CSMD1,-0.28157
CSMD2,0.6945
CSMD3,-0.55598
CSN1S1,0.6598
CSN2,0.77208
CSN3,0.030404
CSNK1A1,0.35824
CSNK1A1L,0.82867
CSNK1D,0.64962
CSNK1E,0.84521
CSNK1G1,2.2907
CSNK1G2,0.94912
CSNK1G3,0.44874
CSNK2A1,0.90296
CSNK2A2,2.0416
CSNK2A3,0.39982
CSNK2B,0.57715
CSPG4,1.1741
CSPG5,-0.57084
CSPP1,-0.74489
CSRNP1,0.48399
CSRNP2,-1.1337
CSRNP3,0.14577
CSRP1,1.0119
CSRP2,1.2076
CSRP3,1.7456
CST1,-0.24109
CST11,0.46772
CST2,-0.51222
CST3,1.8022
CST4,0.83782
CST5,1.0896
CST6,-0.57929
CST7,0.68439
CST8,-0.86145
CST9,1.7918
CST9L,1.9035
CSTA,0.61633
CSTB,0.40819
CSTF1,1.3121
CSTF2,-1.1188
CSTF2T,1.6432
CSTF3,1.1793
CSTL1,0.51831
CT45A1,0.43461
CT45A2,-3.9399
CT45A3,-2.6831
CT45A5,-0.35026
CT47A1,0.014921
CT47B1,0.85463
CT55,-0.60142
CT62,0.93687
CT83,-0.39557
CTAG1A,0.57763
CTAG1B,1.1529
CTAG2,0.37753
CTAGE1,-1.2392
CTAGE15,-0.9576
CTAGE4,0.87809
CTAGE6,-1.3508
CTAGE9,-0.30613
CTBP1,0.13463
CTBP2,-0.6146
CTBS,0.4474
CTC1,1.0298
CTCF,-0.42633
CTCFL,1.1322
CTDNEP1,0.18991
CTDP1,-2.1502
CTDSP1,2.196
CTDSP2,0.36912
CTDSPL,1.7887
CTDSPL2,0.00051281
CTF1,0.6083
CTGF,-0.34055
CTH,0.57949
CTHRC1,0.93381
CTIF,0.49825
CTLA4,0.35798
CTNNA1,0.70923
CTNNA2,-1.1266
CTNNA3,1.0912
CTNNAL1,0.10492
CTNNB1,-0.84213
CTNNBIP1,0.89395
CTNNBL1,-1.1158
CTNND1,-0.89345
CTNND2,-0.6575
CTNS,-1.9275
CTPS1,-0.81961
CTPS2,0.45448
CTR9,0.004424
CTRB1,0.00090791
CTRB2,-0.37169
CTRC,1.0647
CTRL,-0.44768
CTSA,1.4673
CTSB,1.069
CTSC,1.3041
CTSD,0.55702
CTSE,-0.17256
CTSF,-1.2469
CTSG,1.0603
CTSH,-0.3061
CTSK,-0.35189
CTSL,-0.8240149999999999
CTSO,-0.76083
CTSS,1.5241
CTSV,-0.16002
CTSW,1.5505
CTSZ,0.85244
CTTN,1.014
CTTNBP2,0.42884
CTTNBP2NL,1.0257
CTU1,-1.1109
CTU2,0.67717
CTXN1,0.41734
CTXN2,0.37317
CTXN3,0.36442
CUBN,-0.93697
CUEDC1,0.5829
CUEDC2,0.69194
CUL1,-0.19954
CUL2,-0.28586
CUL3,-1.2476
CUL4A,0.65059
CUL4B,1.2819
CUL5,0.58011
CUL7,-0.61726
CUL9,-1.0149
CUTA,0.31973
CUTC,0.00052802
CUX1,1.8096
CUX2,-1.098
CUZD1,0.95386
CWC15,0.00035745
CWC22,0.97139
CWC25,-1.2887
CWC27,0.25707
CWF19L1,0.73188
CWF19L2,1.2984
CWH43,0.91322
CX3CL1,1.009
CX3CR1,-1.505
CXADR,0.19782
CXCL1,0.67524
CXCL10,-0.53332
CXCL11,0.59388
CXCL12,-0.016015
CXCL13,0.50557
CXCL14,1.315
CXCL16,0.92353
CXCL17,0.82857
CXCL2,0.21352
CXCL3,-0.47701
CXCL5,-0.50334
CXCL6,0.27502
CXCL8,-0.81316
CXCL9,0.93393
CXCR1,-1.4024
CXCR2,1.4952
CXCR3,0.8768
CXCR4,0.4997
CXCR5,0.88422
CXCR6,0.56774
CXXC1,-0.19513
CXXC4,2.1686
CXXC5,1.2567
CXorf21,1.5247
CXorf23,1.8728
CXorf36,1.218
CXorf38,0.70419
CXorf40A,-1.0665
CXorf40B,-0.71438
CXorf49,-0.21953
CXorf51A,3.2245
CXorf51B,2.9953
CXorf56,-0.57875
CXorf57,0.019914
CXorf58,0.4693
CXorf65,0.89166
CXorf66,-0.31563
CYB561,-1.4458
CYB561A3,1.0016
CYB561D1,2.1259
CYB561D2,-0.67512
CYB5A,-0.61926
CYB5B,-0.3736
CYB5D1,0.45836
CYB5D2,0.2447
CYB5R1,-0.75368
CYB5R2,-0.93269
CYB5R3,-1.1805
CYB5R4,0.17771
CYB5RL,0.97245
CYBA,-0.58613
CYBB,-0.71453
CYBRD1,1.3858
CYC1,-0.69573
CYCS,0.99111
CYFIP1,-0.7194
CYFIP2,0.92721
CYGB,1.4702
CYHR1,0.57852
CYLC1,0.0017101
CYLC2,-1.0955
CYLD,0.46489
CYP11A1,-0.097423
CYP11B1,0.68486
CYP11B2,0.89583
CYP17A1,-0.95425
CYP19A1,-0.82536
CYP1A1,-0.19286
CYP1A2,0.28039
CYP1B1,-0.43331
CYP20A1,-1.0252
CYP21A2,0.31366
CYP24A1,-0.80996
CYP26A1,0.0029372
CYP26B1,1.7441
CYP26C1,1.394
CYP27A1,0.0014642
CYP27B1,-0.768
CYP27C1,-0.24697
CYP2A13,0.46304
CYP2A6,0.92083
CYP2A7,-0.85825
CYP2B6,0.9247
CYP2C18,0.0043811
CYP2C19,-0.8566
CYP2C8,-0.3563
CYP2C9,-0.090716
CYP2D6,-0.74798
CYP2E1,0.91172
CYP2F1,-0.47462
CYP2J2,0.90352
CYP2R1,-0.88891
CYP2S1,0.00068693
CYP2U1,1.1043
CYP2W1,0.00061091
CYP39A1,0.74332
CYP3A4,1.5255
CYP3A43,1.3691
CYP3A5,0.31568
CYP3A7,0.48631
CYP3A7-CYP3A51P,-0.75906
CYP46A1,0.57682
CYP4A11,0.4444
CYP4A22,1.0262
CYP4B1,1.3333
CYP4F11,0.83353
CYP4F12,1.1539
CYP4F2,-1.3935
CYP4F22,0.0016881
CYP4F3,0.87034
CYP4F8,-0.13172
CYP4V2,0.95789
CYP4X1,0.56707
CYP4Z1,1.2952
CYP51A1,0.62538
CYP7A1,1.6414
CYP7B1,0.52467
CYP8B1,1.7718
CYR61,0.78914
CYS1,-1.0949
CYSLTR1,-0.85939
CYSLTR2,0.00051232
CYSRT1,0.70189
CYSTM1,-1.0736
CYTH1,0.3446
CYTH2,-0.60271
CYTH3,0.14253
CYTH4,1.9256
CYTIP,-1.2546
CYTL1,1.0199
CYYR1,0.91594
D2HGDH,-0.48885
DAAM1,0.82028
DAAM2,-0.95792
DAB1,1.0274
DAB2,1.8484
DAB2IP,0.31255
DACH1,-0.97287
DACH2,-1.5949
DACT1,1.1494
DACT2,1.1607
DACT3,0.50957
DAD1,-1.5147
DAG1,-0.57126
DAGLA,1.1329
DAGLB,-0.34142
DALRD3,1.3655
DAND5,-0.53163
DAO,1.2543
DAOA,0.28844
DAP,1.423
DAP3,0.93574
DAPK1,1.4117
DAPK2,-0.41627
DAPK3,-2.1967
DAPL1,-0.6219
DAPP1,0.8604
DARS,0.33472
DARS2,-1.735
DAW1,0.86409
DAXX,0.75652
DAZ1,-0.43203
DAZAP1,1.1109
DAZAP2,0.43716
DAZL,0.53894
DBC1,0.66187
DBF4,0.93811
DBF4B,1.0875
DBH,0.30031
DBI,0.83601
DBN1,0.001567
DBNDD1,1.4167
DBNDD2,-1.2092
DBNL,0.66355
DBP,-0.024335
DBR1,0.95668
DBT,-0.35979
DBX2,0.61674
DCAF1,-0.75613
DCAF10,-1.0155
DCAF11,0.97687
DCAF12,0.0015289
DCAF12L1,1.5898
DCAF12L2,-0.36189
DCAF13,-1.2099
DCAF15,-0.066162
DCAF16,1.4995
DCAF17,-0.64326
DCAF4,0.05916
DCAF4L1,0.0041194
DCAF4L2,1.3547
DCAF5,1.0527
DCAF6,0.29049
DCAF7,1.8645
DCAF8,1.0131
DCAF8L1,1.0649
DCAF8L2,-0.30602
DCAKD,-0.33124
DCANP1,1.0974
DCBLD1,-1.1921
DCBLD2,-0.38644
DCC,1.2421
DCD,-0.42144
DCDC1,1.01
DCDC2,1.4268
DCDC2B,0.58414
DCHS1,-0.51752
DCHS2,1.1505
DCK,0.51992
DCLK1,0.5846
DCLK2,-0.28991
DCLK3,-1.0127
DCLRE1A,0.39965
DCLRE1B,0.0011429
DCLRE1C,1.996
DCN,-0.61043
DCP1B,0.84285
DCP2,0.5261
DCPS,0.028061
DCST1,0.56475
DCST2,0.9448
DCSTAMP,-0.41004
DCT,-0.95457
DCTD,-1.2026
DCTN1,2.1158
DCTN2,-0.56414
DCTN3,-1.0266
DCTN4,-1.9967
DCTN5,-0.87659
DCTN6,1.6057
DCTPP1,0.2132
DCUN1D1,1.7237
DCUN1D2,0.66658
DCUN1D3,1.6106
DCUN1D4,1.243
DCUN1D5,0.00038795
DCX,0.44219
DCXR,1.176
DDA1,1.183
DDAH1,1.9513
DDAH2,0.004912
DDB1,0.80937
DDB2,0.15438
DDC,-0.65173
DDHD1,-0.42125
DDHD2,-0.70116
DDI1,0.10913
DDI2,1.4496
DDIAS,0.81351
DDIT3,1.3242
DDIT4,-1.3701
DDIT4L,-0.90472
DDN,-0.48219
DDO,0.28547
DDOST,0.42899
DDR1,0.36085
DDR2,0.35642
DDRGK1,-0.33882
DDT,0.87194
DDTL,0.64166
DDX1,-1.005
DDX10,-0.32917
DDX11,3.3697
DDX17,0.45189
DDX18,-0.14164
DDX19A,-1.0369
DDX19B,1.4911
DDX20,0.24243
DDX21,-0.0036512
DDX23,-1.3282
DDX24,-0.61785
DDX25,-0.24029
DDX27,0.015027
DDX28,1.1301
DDX31,0.74328
DDX39A,0.51234
DDX39B,0.8735
DDX3X,0.88031
DDX3Y,-1.5015
DDX4,-0.62956
DDX41,0.21049
DDX42,-0.4501
DDX43,1.0636
DDX46,0.81679
DDX47,-0.65323
DDX49,1.797
DDX5,1.0646
DDX50,-0.29439
DDX51,-0.96559
DDX52,0.76388
DDX53,0.0020818
DDX54,1.1282
DDX55,-1.2533
DDX56,-0.99066
DDX58,1.7883
DDX59,-0.93604
DDX6,0.82258
DDX60,0.66351
DDX60L,1.1244
DEAF1,0.0044728
DEC1,0.8291
DECR1,1.5331
DECR2,-0.28567
DEDD,0.59829
DEDD2,0.77576
DEF6,0.49483
DEF8,-0.35161
DEFA1,0.93075
DEFA4,0.15767
DEFA5,0.26817
DEFA6,0.32382
DEFB1,-0.3734
DEFB103A,0.25642
DEFB103B,-0.63917
DEFB104A,-0.33762
DEFB104B,0.65787
DEFB105A,-0.43657
DEFB105B,1.5251
DEFB106A,0.41039
DEFB106B,-1.9787
DEFB107A,-0.4828
DEFB107B,0.034549
DEFB108B,-0.28077
DEFB110,-0.047496
DEFB112,-1.0115
DEFB113,0.69918
DEFB114,1.2706
DEFB115,1.3508
DEFB116,-0.44035
DEFB118,-0.5552
DEFB119,0.26582
DEFB121,0.4248
DEFB123,-0.34845
DEFB124,1.1591
DEFB125,0.76241
DEFB126,-0.9437
DEFB127,-0.36035
DEFB128,1.2922
DEFB129,1.0015
DEFB130A,0.60464
DEFB131A,1.0569
DEFB131B,1.2769
DEFB132,0.43915
DEFB133,-1.1343
DEFB134,-0.658
DEFB135,-0.14692
DEFB136,-0.35391
DEFB4A,1.0614
DEFB4B,1.0863
DEGS1,0.1195
DEGS2,0.0079617
DEK,1.5564
DENND1A,1.8616
DENND1B,0.2169
DENND1C,0.59147
DENND2A,0.3074
DENND2C,-0.15953
DENND2D,1.3024
DENND3,0.00094795
DENND4A,-0.41348
DENND4B,0.82204
DENND4C,0.00042603
DENND5A,1.2366
DENND5B,-0.70518
DENND6A,1.8405
DENND6B,0.17252
DENR,-0.46795
DEPDC1,-0.42982
DEPDC1B,0.52181
DEPDC4,0.94823
DEPDC5,-2.2478
DEPDC7,0.59175
DEPTOR,0.061854
DERA,-0.47491
DERL1,0.34239
DERL2,1.1571
DERL3,1.012
DES,0.74222
DESI1,0.43469
DESI2,0.0013788
DET1,2.4748
DEUP1,0.2857
DEXI,0.7914
DFFA,0.73346
DFFB,0.85591
DFNA5,1.1895
DFNB59,0.2064
DGAT1,0.00027273
DGAT2,0.00034116
DGAT2L6,0.44235
DGCR2,-1.7209
DGCR6,-1.2558
DGCR6L,0.71447
DGCR8,1.4183
DGKA,-0.39051
DGKB,1.0355
DGKD,0.66313
DGKE,-1.1283
DGKG,-0.76418
DGKH,0.60611
DGKI,1.6268
DGKK,1.3312
DGKQ,0.22124
DGKZ,0.24
DGUOK,-0.32175
DHCR24,1.3779
DHCR7,0.24107
DHDDS,0.2168
DHDH,0.36712
DHFR,0.4088
DHFR2,1.3178
DHH,0.69361
DHODH,0.8068
DHPS,-0.59616
DHRS1,-0.085121
DHRS11,2.3999
DHRS12,1.9144
DHRS13,1.0432
DHRS2,-0.97427
DHRS3,2.0043
DHRS4,0.24839
DHRS4L1,0.72629
DHRS4L2,0.00024631
DHRS7,1.0073
DHRS7B,0.90864
DHRS7C,0.82752
DHRS9,0.41228
DHRSX,1.025
DHTKD1,1.3848
DHX15,-1.7907
DHX16,-1.3234
DHX29,-0.34704
DHX30,1.033
DHX32,0.69469
DHX33,1.343
DHX34,0.95332
DHX35,-1.9409
DHX36,-2.25e-06
DHX37,-0.87836
DHX38,2.8084
DHX40,0.76914
DHX57,0.57799
DHX58,0.41827
DHX8,-0.41417
DHX9,0.33736
DIABLO,2.4327
DIAPH1,1.3061
DIAPH2,1.8287
DIAPH3,0.4054
DICER1,0.36362
DIDO1,-0.26985
DIEXF,1.6192
DIMT1,1.2471
DIO1,1.1755
DIO2,2.3251
DIO3,-1.3792
DIP2A,0.29751
DIP2B,-0.67144
DIP2C,0.22125
DIRAS1,-0.81442
DIRAS2,0.51307
DIRAS3,0.56179
DIRC1,1.5498
DIRC2,-0.56449
DIS3,0.19752
DIS3L,1.1087
DIS3L2,0.46573
DISC1,0.12232
DISP1,-0.12977
DISP2,1.7288
DISP3,-0.48014
DIXDC1,2.9777
DKC1,0.4209
DKK1,1.1252
DKK2,0.0014539
DKK3,1.2989
DKK4,1.5789
DKKL1,1.2866
DLAT,1.4863
DLC1,-0.73479
DLD,0.42392
DLEC1,0.0010372
DLEU7,0.00052762
DLG1,0.56186
DLG2,1.2163
DLG3,-1.5365
DLG4,-0.69126
DLG5,-0.89335
DLGAP1,-0.5409
DLGAP2,-0.98185
DLGAP3,-0.61081
DLGAP4,0.84244
DLGAP5,-0.80787
DLK1,0.13987
DLK2,0.054387
DLL1,0.45848
DLL3,1.528
DLL4,1.5498
DLST,0.86627
DLX1,0.78394
DLX2,1.5675
DLX3,1.3418
DLX4,1.0992
DLX5,1.2534
DLX6,2.383
DMAC1,1.4537
DMAC2,-0.66002
DMAP1,0.66821
DMBT1,1.0006
DMBX1,0.98931
DMC1,0.52246
DMD,1.6284
DMGDH,0.52742
DMKN,-0.91214
DMP1,0.76942
DMPK,-0.054518
DMRT1,-0.18
DMRT2,-1.545
DMRT3,0.51951
DMRTA1,-1.3536
DMRTA2,1.0105
DMRTB1,1.0793
DMRTC1,0.59799
DMRTC1B,-0.76727
DMRTC2,0.19925
DMTF1,0.00083968
DMTN,-0.2868849999999999
DMWD,-0.42239
DMXL1,-0.80983
DMXL2,1.5561
DNAAF1,0.5923
DNAAF2,0.60063
DNAAF3,8.99e-05
DNAAF4,0.94452
DNAAF5,1.4721
DNAH1,-0.45588
DNAH10,1.6676
DNAH11,-0.64609
DNAH12,-0.87275
DNAH14,0.00063662
DNAH2,0.14263
DNAH3,0.63449
DNAH5,-0.14147
DNAH6,0.36484
DNAH7,0.59225
DNAH8,-1.4181
DNAH9,-0.48521
DNAI1,-0.57616
DNAI2,-0.26958
DNAJA1,1.0856
DNAJA2,1.2581
DNAJA3,-0.59788
DNAJA4,0.3593
DNAJB1,1.1323
DNAJB11,-1.4924
DNAJB12,0.0016761
DNAJB13,0.18762
DNAJB14,1.3652
DNAJB2,-0.73921
DNAJB3,-0.51802
DNAJB4,-0.19512
DNAJB5,0.463
DNAJB6,1.0294
DNAJB7,-0.71846
DNAJB8,1.4467
DNAJB9,0.72096
DNAJC1,0.00050552
DNAJC10,0.54198
DNAJC11,1.4476
DNAJC12,0.99437
DNAJC13,-0.96074
DNAJC14,0.9242
DNAJC15,0.015976
DNAJC16,-0.13072
DNAJC17,0.90733
DNAJC18,2.1952
DNAJC19,0.99255
DNAJC2,-0.95762
DNAJC21,0.00086341
DNAJC22,-1.6441
DNAJC24,-0.58945
DNAJC25,0.42359
DNAJC27,1.2809
DNAJC28,1.087
DNAJC3,-0.37255
DNAJC30,-0.4438
DNAJC4,0.12898
DNAJC5,0.7036
DNAJC5B,0.56791
DNAJC5G,-2.0099
DNAJC6,2.0421
DNAJC7,2.0685
DNAJC8,1.1444
DNAJC9,0.24446
DNAL1,-0.26718
DNAL4,0.81893
DNALI1,0.37312
DNASE1,0.000272
DNASE1L1,0.94593
DNASE1L2,0.64491
DNASE1L3,1.1389
DNASE2,0.23623
DNASE2B,0.92998
DND1,1.4171
DNER,1.5384
DNHD1,0.85919
DNLZ,-0.65306
DNM1,0.14781
DNM1L,2.6122
DNM2,1.5043
DNM3,0.38016
DNMBP,1.5503
DNMT1,-0.93785
DNMT3A,0.32843
DNMT3B,-0.93289
DNMT3L,0.38838
DNPEP,-0.5516
DNPH1,-0.98715
DNTT,1.0377
DNTTIP1,-1.2485
DNTTIP2,-1.507
DOC2A,0.00026738
DOC2B,-0.31071
DOCK1,-0.74811
DOCK10,1.4504
DOCK11,0.00079298
DOCK2,-1.1336
DOCK3,0.32182
DOCK4,1.1903
DOCK5,-0.27259
DOCK6,0.98958
DOCK7,1.5949
DOCK8,0.70902
DOCK9,0.993
DOHH,1.2174
DOK1,0.86237
DOK2,0.6608
DOK3,0.86157
DOK4,1.2911
DOK5,0.46808
DOK6,-0.77993
DOK7,0.47592
DOLK,-1.3273
DOLPP1,0.33325
DONSON,1.2069
DOPEY1,0.20763
DOPEY2,0.725
DOT1L,0.87583
DPAGT1,1.8989
DPCD,0.78566
DPCR1,1.043
DPEP1,-0.0668
DPEP2,0.0028553
DPEP3,0.37769
DPF1,0.40208
DPF2,0.47776
DPF3,-0.73233
DPH1,1.069
DPH2,-1.2537
DPH3,0.00075398
DPH3P1,-0.60618
DPH5,0.00032263
DPH6,1.7464
DPH7,0.8010999999999999
DPM1,0.16317
DPM2,1.9831
DPM3,-0.72969
DPP10,-1.022
DPP3,0.00087002
DPP4,0.90719
DPP6,0.10443
DPP7,-0.99167
DPP8,0.62788
DPP9,0.00046198
DPP9-AS1,-0.70582
DPPA2,0.52043
DPPA3,1.1401
DPPA4,0.55069
DPPA5,0.59151
DPRX,0.99359
DPT,1.4809
DPY19L1,-0.60134
DPY19L2,-0.84331
DPY19L3,0.0014205
DPY19L4,0.45173
DPY30,-1.4657
DPYD,1.5182
DPYS,0.44447
DPYSL2,0.85017
DPYSL3,0.65392
DPYSL4,1.2146
DPYSL5,0.677
DQX1,0.44762
DR1,0.65157
DRAM1,-1.074
DRAM2,0.92799
DRAP1,1.1513
DRAXIN,0.80434
DRC1,0.0026606
DRC3,1.6958
DRC7,1.1376
DRD1,1.0319
DRD2,1.2466
DRD3,-0.39099
DRD4,0.63768
DRD5,1.5249
DRG1,0.98399
DRG2,0.00033727
DRGX,-1.2772
DRICH1,1.9008
DROSHA,1.5301
DRP2,1.0524
DSC1,1.5116
DSC2,0.55419
DSC3,0.9381
DSCAM,0.72323
DSCAML1,-0.87511
DSCC1,-0.36797
DSCR3,0.95565
DSCR4,1.2152
DSE,0.67728
DSEL,0.56909
DSG1,1.1974
DSG2,0.55766
DSG3,0.74161
DSG4,-1.1366
DSN1,1.723
DSP,-0.29527
DSPP,1.5006
DST,-0.20459
DSTN,-0.77
DSTYK,2.1296
DTD1,1.528
DTD2,1.148
DTHD1,-0.35975
DTL,0.60142
DTNA,1.3762
DTNB,1.0013
DTNBP1,1.8777
DTWD1,-1.932
DTWD2,-0.74757
DTX1,-0.22672
DTX2,1.2844
DTX3,-0.57282
DTX3L,0.9258
DTX4,0.45549
DTYMK,-1.0043
DUOX1,1.1275
DUOX2,0.65733
DUOXA1,0.64463
DUOXA2,0.21765
DUPD1,-0.43444
DUS1L,-0.2849
DUS2,-0.50973
DUS3L,1.5984
DUS4L,0.019277
DUSP1,0.4622
DUSP10,1.4964
DUSP11,0.63057
DUSP12,0.00017245
DUSP13,-0.39047
DUSP14,0.16349
DUSP15,1.1663
DUSP16,0.76694
DUSP18,-0.89864
DUSP19,0.61076
DUSP2,-0.81434
DUSP21,-0.91175
DUSP22,-0.86327
DUSP23,0.087419
DUSP26,-1.3874
DUSP27,-0.37835
DUSP28,0.35919
DUSP3,0.4772
DUSP4,0.42479
DUSP5,0.39753
DUSP6,-0.12416
DUSP7,1.5592
DUSP8,0.10769
DUSP9,-0.80352
DUT,2.44e-05
DUX4L8,2.2336
DUXA,-1.1331
DVL1,2.0906
DVL2,-0.032428
DVL3,-0.57935
DXO,1.453347
DYDC1,0.39273
DYDC2,0.49228
DYM,-0.74901
DYNAP,0.79887
DYNC1H1,-0.7907
DYNC1I1,-0.47817
DYNC1I2,0.58803
DYNC1LI1,0.96123
DYNC1LI2,-1.0323
DYNC2H1,0.70534
DYNC2LI1,0.87501
DYNLL1,-1.3332
DYNLL2,-0.17412
DYNLRB1,-1.0861
DYNLRB2,0.17839
DYNLT1,0.48954
DYNLT3,0.0021476
DYRK1A,-0.73001
DYRK1B,1.3995
DYRK2,-0.47425
DYRK3,-0.5541
DYRK4,-0.50136
DYSF,1.896
DYTN,-1.6424
DZANK1,1.0349
DZIP1,0.52837
DZIP1L,-0.81945
DZIP3,0.31017
E2F1,0.94806
E2F2,0.95672
E2F3,1.5854
E2F4,1.5806
E2F5,0.81217
E2F6,-1.2571
E2F7,0.80017
E2F8,-0.68922
E4F1,0.37612
EAF1,-0.18236
EAF2,1.6189
EAPP,0.70811
EARS2,-0.62324
EBAG9,0.2197
EBF1,1.6345
EBF2,1.3698
EBF3,1.0797
EBF4,-0.14022
EBI3,1.9955
EBLN1,0.47191
EBLN2,1.5998
EBNA1BP2,-0.27516
EBP,1.4627
EBPL,-0.23404
ECD,0.41119
ECE1,0.34835
ECE2,0.76266
ECEL1,0.0011183
ECH1,-0.90489
ECHDC1,0.37914
ECHDC2,1.9126
ECHDC3,0.80819
ECHS1,1.0989
ECI1,-1.3222
ECI2,1.9364
ECM1,0.86907
ECM2,2.1418
ECSCR,0.46482
ECSIT,0.97334
ECT2,1.7469
ECT2L,-0.37185
EDA,-0.39602
EDA2R,0.16085
EDAR,-0.25186
EDARADD,0.49218
EDC3,0.38495
EDC4,-0.40519
EDDM3A,0.022336
EDDM3B,-0.72769
EDEM1,1.7844
EDEM2,0.30615
EDEM3,0.00087755
EDF1,-1.663
EDIL3,0.53971
EDN1,0.38885
EDN2,1.1372
EDN3,-0.73915
EDNRA,-0.48579
EDNRB,0.74218
EDRF1,0.1449
EEA1,0.25765
EED,1.3452
EEF1A1,-0.29646
EEF1A2,-1.2631
EEF1AKMT1,0.37801
EEF1AKMT2,-1.7908
EEF1AKMT3,0.83897
EEF1B2,1.6539
EEF1D,0.3811
EEF1E1,1.1568
EEF1G,0.92597
EEF2,1.467
EEF2K,0.98158
EEF2KMT,0.35889
EEFSEC,-0.66858
EEPD1,0.82354
EFCAB1,1.3741
EFCAB11,0.85678
EFCAB12,-0.42332
EFCAB13,0.68787
EFCAB14,0.19113
EFCAB2,-1.8866
EFCAB3,0.55533
EFCAB5,2.3341
EFCAB6,0.49004
EFCAB7,2.2927
EFCAB9,0.70228
EFCC1,0.00050438
EFEMP1,1.6398
EFEMP2,-0.41668
EFHB,0.76019
EFHC1,0.00046258
EFHC2,-1.1397
EFHD1,-0.38267
EFHD2,2.1309
EFL1,1.3583
EFNA1,1.729
EFNA2,1.4823
EFNA3,-0.60247
EFNA4,0.71588
EFNA5,-1.4916
EFNB1,1.4893
EFNB2,1.324
EFNB3,0.82091
EFR3A,-1.0205
EFR3B,-0.69124
EFS,0.41177
EFTUD2,0.77923
EGF,2.3589
EGFL6,-0.59707
EGFL7,0.4613
EGFL8,-1.6442
EGFLAM,-0.98015
EGFR,-1.0188
EGLN1,0.2292
EGLN2,1.717
EGLN3,-0.53917
EGR1,-0.62291
EGR2,0.00036549
EGR3,-0.25924
EGR4,8.21e-05
EHBP1,0.00050993
EHBP1L1,0.53926
EHD1,0.87869
EHD2,0.82937
EHD3,-0.24118
EHD4,1.0443
EHF,-0.35927
EHHADH,0.4337
EHMT1,1.6612
EHMT2,0.78424
EI24,0.0011293
EID1,-0.47547
EID2,0.26482
EID2B,-0.18907
EID3,0.0030946
EIF1,1.2605
EIF1AD,2.1171
EIF1AX,3.6499
EIF1AY,0.34246
EIF1B,0.093897
EIF2A,1.4993
EIF2AK1,-0.73009
EIF2AK2,0.26454
EIF2AK3,0.3037
EIF2AK4,-0.056794
EIF2B1,0.81674
EIF2B2,1.4633
EIF2B3,-0.29743
EIF2B4,-0.028298
EIF2B5,2.425
EIF2D,1.7201
EIF2S1,-0.35256
EIF2S2,-0.68563
EIF2S3,-0.80034
EIF3A,1.5983
EIF3B,-0.564
EIF3C,0.74454
EIF3CL,-2.0107
EIF3D,-1.1642
EIF3E,0.33885
EIF3F,-0.55719
EIF3G,0.6376
EIF3H,-0.48916
EIF3I,2.2266
EIF3J,1.4383
EIF3K,2.004
EIF3L,1.9899
EIF3M,-1.2432
EIF4A1,-0.9796
EIF4A2,1.189
EIF4A3,-0.69444
EIF4B,1.2926
EIF4E,-2.0326
EIF4E1B,0.69885
EIF4E2,2.2048
EIF4E3,0.57412
EIF4EBP1,-1.1108
EIF4EBP2,-0.68471
EIF4EBP3,0.26764
EIF4ENIF1,-0.58575
EIF4G1,-1.2864
EIF4G2,-0.24958
EIF4G3,1.9353
EIF4H,1.5828
EIF5,0.00014
EIF5A,0.92208
EIF5A2,1.7121
EIF5AL1,0.47462
EIF5B,0.54667
EIF6,0.63685
EIPR1,-1.0441
ELAC1,1.0159
ELAC2,-1.1046
ELANE,0.006744
ELAVL1,-0.90373
ELAVL2,-1.0018
ELAVL3,1.1467
ELAVL4,-0.71105
ELF1,-1.2447
ELF2,-2.0369
ELF3,-0.78918
ELF4,0.0032071
ELF5,0.80964
ELFN1,0.31552
ELFN2,-0.2079
ELK1,0.79493
ELK3,-0.81682
ELK4,0.49787
ELL,-0.83695
ELL2,2.6428
ELL3,1.196
ELMO1,0.0066131
ELMO2,1.0119
ELMO3,-1.0708
ELMOD1,1.2323
ELMOD2,0.20347
ELMOD3,-0.54137
ELMSAN1,1.0414
ELN,2.2888
ELOA,0.7599
ELOA2,2.0657
ELOA3B,0.32713
ELOA3D,0.70383
ELOB,-1.3372
ELOC,-0.84467
ELOF1,-0.35745
ELOVL1,1.2692
ELOVL2,0.98058
ELOVL3,2.8356
ELOVL4,-0.52334
ELOVL5,-0.30341
ELOVL6,1.244
ELOVL7,2.3821
ELP1,0.6161
ELP2,0.38949
ELP3,0.49887
ELP4,0.53597
ELP5,0.86782
ELP6,-1.9467
ELSPBP1,0.3998
EMB,1.5045
EMC1,1.076
EMC10,0.38186
EMC2,0.39742
EMC3,-1.4453
EMC4,1.0403
EMC6,1.8854
EMC7,2.1604
EMC8,0.92853
EMC9,1.0209
EMCN,1.4273
EMD,-0.98338
EME1,0.18574
EME2,-1.5193
EMG1,-0.36861
EMID1,-0.47112
EMILIN1,-0.97623
EMILIN2,1.202
EMILIN3,-0.83021
EML1,0.84303
EML2,0.52193
EML2-AS1,0.81289
EML3,-0.40733
EML4,-0.14813
EML5,0.14043
EML6,-0.41455
EMP1,-0.37424
EMP2,0.2757
EMP3,-0.46677
EMSY,0.72654
EMX1,0.39996
EMX2,0.92268
EN1,-1.1282
EN2,1.4429
ENAH,-0.57594
ENAM,-1.2809
ENC1,-0.28354
ENDOD1,0.72756
ENDOG,1.9829
ENDOU,-0.76077
ENDOV,1.1497
ENG,1.8022
ENGASE,1.0933
ENHO,2.3124
ENKD1,-0.20318
ENKUR,-0.21958
ENO1,-2.0294
ENO2,1.2218
ENO3,0.69897
ENO4,-0.15404
ENOPH1,0.59121
ENOSF1,0.49572
ENOX1,0.010744
ENOX2,-0.93253
ENPEP,1.9242
ENPP1,-0.42414
ENPP2,-1.3765
ENPP3,-0.8076
ENPP4,0.84736
ENPP5,-1.6732
ENPP6,-0.77763
ENPP7,-1.0123
ENSA,0.62135
ENTHD1,0.61838
ENTPD1,2.2139
ENTPD2,0.00058628
ENTPD3,-0.87044
ENTPD4,0.61374
ENTPD5,-0.22355
ENTPD6,-0.68429
ENTPD7,0.58814
ENTPD8,-0.55463
ENY2,0.58365
EOGT,1.456
EOMES,0.70102
EP300,0.31458
EP400,2.0493
EPAS1,0.48794
EPB41,0.70129
EPB41L1,0.001957
EPB41L2,0.67266
EPB41L3,-1.3868
EPB41L4A,-0.57899
EPB41L4B,0.64056
EPB41L5,1.1862
EPB42,0.52548
EPC1,2.1276
EPC2,1.814
EPCAM,-0.12315
EPDR1,1.5594
EPG5,-1.0124
EPGN,-0.31322
EPHA1,0.63794
EPHA10,0.88231
EPHA2,1.2062
EPHA3,0.48497
EPHA4,0.00011868
EPHA5,0.66409
EPHA6,0.19166
EPHA7,0.77185
EPHA8,-0.60258
EPHB1,-1.4257
EPHB2,1.3995
EPHB3,-0.45366
EPHB4,-0.90664
EPHX1,0.00028178
EPHX2,1.6342
EPHX3,1.1387
EPHX4,1.3846
EPM2A,1.4376
EPM2AIP1,-0.38759
EPN1,-0.59612
EPN2,0.78347
EPN3,-0.32654
EPO,0.81288
EPOP,0.61914
EPOR,-1.2414
EPPIN,0.28902
EPPIN-WFDC6,-1.2282
EPPK1,-1.1674
EPRS,2.1192
EPS15,-0.92443
EPS15L1,0.45128
EPS8,-0.11921
EPS8L1,1.7722
EPS8L2,1.6908
EPS8L3,0.20817
EPSTI1,-0.74409
EPX,0.38164
EPYC,0.34928
EQTN,1.5202
ERAL1,-1.2768
ERAP1,-0.29428
ERAP2,0.80139
ERAS,-0.80494
ERBB2,0.47778
ERBB3,-1.0879
ERBB4,1.3795
ERBIN,0.12592
ERC1,0.2851
ERC2,0.50237
ERCC1,-0.99146
ERCC2,-1.2557
ERCC3,-0.12963
ERCC4,2.0184
ERCC5,0.60008
ERCC6,-1.4623
ERCC6L,1.2891
ERCC6L2,0.4295
ERCC8,1.3521
EREG,1.2311
ERF,-0.75018
ERG,0.001202
ERG28,-1.2952
ERGIC1,0.81671
ERGIC2,-0.50138
ERGIC3,-0.5225
ERH,0.018166
ERI1,1.1136
ERI2,1.7047
ERI3,0.089884
ERICH1,-0.29901
ERICH3,0.63276
ERICH5,-1.1626
ERICH6,0.53825
ERICH6B,-0.35515
ERLEC1,0.40878
ERLIN1,0.14197
ERLIN2,0.21398
ERMAP,1.3296
ERMARD,0.837495
ERMN,0.52117
ERMP1,0.35598
ERN1,0.73776
ERN2,0.762
ERO1A,-0.22639
ERO1B,1.2332
ERP27,0.78213
ERP29,1.8359
ERP44,-2.2329
ERRFI1,-1.1661
ERV3-1,1.76
ERVFRD-1,1.2443
ERVMER34-1,0.92251
ERVV-1,0.38564
ERVV-2,0.56627
ERVW-1,1.016
ESAM,-0.090452
ESCO1,0.71856
ESCO2,1.2346
ESD,1.7015
ESF1,-0.94179
ESM1,0.38346
ESPL1,1.7923
ESPN,0.62759
ESPNL,0.00061111
ESR1,2.3167
ESR2,-0.85998
ESRP1,0.00080446
ESRP2,0.56384
ESRRA,0.46743
ESRRB,1.8676
ESRRG,-0.3369
ESS2,-1.5519
ESX1,0.54188
ESYT1,0.84368
ESYT2,0.93379
ESYT3,1.8313
ETAA1,-0.40363
ETF1,0.4649
ETFA,0.0005194
ETFB,1.9967
ETFBKMT,-0.69568
ETFDH,0.76595
ETFRF1,0.38924
ETHE1,-0.19999
ETNK1,1.306
ETNK2,0.7338
ETNPPL,-0.608575
ETS1,0.00026119
ETS2,1.5571
ETV1,0.49704
ETV2,0.53383
ETV3,0.95744
ETV3L,0.35582
ETV4,-2.8653
ETV5,-0.96424
ETV6,-0.71159
ETV7,-0.48438
EVA1A,1.1613
EVA1B,0.66638
EVA1C,1.1792
EVC,1.0347
EVC2,-0.13447
EVI2A,-0.49536
EVI2B,0.00030231
EVI5,0.0028638
EVI5L,-0.44528
EVL,1.4143
EVPL,0.81809
EVPLL,0.0022037
EVX1,0.00012763
EVX2,-0.60465
EWSR1,1.6741
EXD1,1.4568
EXD2,-0.039289
EXD3,-0.77576
EXO1,-0.24065
EXO5,1.9479
EXOC1,0.53481
EXOC2,0.51001
EXOC3,2.6633
EXOC3-AS1,-0.52056
EXOC3L1,-1.4688
EXOC3L2,0.19433
EXOC3L4,1.5252
EXOC4,0.75076
EXOC5,-0.1849
EXOC6,-0.37749
EXOC6B,-1.1659
EXOC7,1.8554
EXOC8,-0.32441
EXOG,0.92295
EXOSC1,-2.0976
EXOSC10,1.229
EXOSC2,1.4627
EXOSC3,0.23848
EXOSC4,0.61262
EXOSC5,-0.55219
EXOSC6,0.81368
EXOSC7,-0.50044
EXOSC8,1.5666
EXOSC9,-0.95547
EXPH5,-0.00351
EXT1,0.46536
EXT2,0.28846
EXTL1,-0.16854
EXTL2,1.7765
EXTL3,0.65101
EYA1,-0.5732
EYA2,-1.2969
EYA3,-0.15467
EYA4,0.39703
EYS,-1.1013
EZH1,0.6774
EZH2,1.8895
EZR,-0.44288
F10,0.076607
F11,0.41654
F11R,0.52072
F12,0.0012396
F13A1,0.2221
F13B,-0.43531
F2,0.87909
F2R,0.84666
F2RL1,0.4138
F2RL2,-0.25798
F2RL3,0.0043934
F3,0.48777
F5,0.7493
F7,-0.71065
F8,-0.39358
F8A1,0.80509
F8A3,2.6073
F9,1.4537
FA2H,0.0038957
FAAH,2.9678
FAAH2,-0.87991
FAAP100,-0.79104
FAAP20,0.88553
FAAP24,0.99668
FABP1,0.41534
FABP12,-0.63038
FABP2,0.87093
FABP3,1.1699
FABP4,0.00047013
FABP5,1.0538
FABP6,1.028
FABP7,2.1614
FADD,0.0066258
FADS1,-0.28093
FADS2,0.30596
FADS3,1.3711
FADS6,1.3666
FAF1,1.2302
FAF2,1.8267
FAH,1.4139
FAHD1,1.1625
FAHD2A,0.30002
FAHD2B,-0.64082
FAIM,-1.0381
FAIM2,1.3919
FAM102A,0.79799
FAM102B,1.0141
FAM103A1,0.00058507
FAM104A,1.1531
FAM104B,-0.10079
FAM105A,0.19553
FAM107A,0.22957
FAM107B,0.00046174
FAM109A,1.0986
FAM109B,0.34444
FAM110A,-0.44386
FAM110B,0.35164
FAM110C,1.8151
FAM110D,0.76891
FAM111A,-0.31121
FAM111B,0.85596
FAM114A1,0.92679
FAM114A2,-0.46904
FAM117A,1.0298
FAM117B,1.4928
FAM118A,1.2516
FAM118B,0.77402
FAM120A,1.5734
FAM120AOS,0.78441
FAM120B,-0.97767
FAM120C,0.10828
FAM122A,-1.5347
FAM122B,0.96491
FAM122C,0.48438
FAM124A,-0.51797
FAM124B,0.7644
FAM126A,-0.6848
FAM126B,0.6223
FAM129A,-0.96008
FAM129B,-0.11398
FAM129C,1.0595
FAM131A,0.32238
FAM131B,3.75e-05
FAM131C,0.00023602
FAM133A,1.2703
FAM133B,0.46105
FAM135A,0.00086624
FAM135B,1.5075
FAM136A,0.0043382
FAM13A,0.96828
FAM13B,1.5781
FAM13C,0.16154
FAM149A,-1.1161
FAM149B1,0.2989
FAM151A,0.18781
FAM151B,-0.51752
FAM153A,-0.275
FAM153B,0.01811
FAM155A,0.67849
FAM155B,1.5983
FAM156A,0.40404
FAM156B,0.87926
FAM157A,1.296
FAM157B,0.0083823
FAM159A,0.70887
FAM159B,0.42988
FAM160A1,0.00083513
FAM160A2,0.00078222
FAM160B1,0.75063
FAM160B2,1.8868
FAM161A,0.52228
FAM161B,0.49901
FAM162A,1.8045
FAM162B,-0.96151
FAM163A,-0.90733
FAM163B,0.92085
FAM166A,1.2119
FAM166B,-0.5728
FAM167A,1.0143
FAM167B,0.61657
FAM168A,-0.42106
FAM168B,-1.8173
FAM169A,-0.96101
FAM169B,-0.29447
FAM170A,-1.0309
FAM170B,1.0335
FAM171A1,0.050859
FAM171A2,0.69217
FAM171B,-0.39145
FAM172A,0.93458
FAM173A,0.49724
FAM173B,0.87357
FAM174A,-0.75753
FAM174B,-0.24801
FAM177A1,-0.37622
FAM177B,1.3447
FAM178B,-0.49031
FAM180A,-0.41119
FAM180B,1.2216
FAM181A,0.96658
FAM181B,-0.41623
FAM183A,1.7304
FAM184A,0.0072111
FAM184B,-0.96639
FAM185A,1.2755
FAM186A,-0.16829
FAM186B,-0.064725
FAM187B,0.68545
FAM189A1,0.00015938
FAM189A2,0.77514
FAM189B,0.62163
FAM192A,1.083
FAM193A,-0.4236
FAM193B,0.65368
FAM196A,1.1295
FAM196B,1.1854
FAM198A,-1.1472
FAM198B,-0.60839
FAM199X,0.40544
FAM19A1,0.31122
FAM19A2,0.16942
FAM19A3,1.156
FAM19A4,-0.43144
FAM19A5,0.21603
FAM200A,1.2967
FAM200B,-1.1236
FAM204A,1.2527
FAM205A,0.61988
FAM206A,-0.38735
FAM207A,0.94246
FAM208A,0.74749
FAM208B,1.8443
FAM209A,0.97299
FAM209B,0.89644
FAM20A,0.79614
FAM20B,0.84173
FAM20C,1.1045
FAM210A,0.24767
FAM210B,-0.92027
FAM212A,-0.07774
FAM212B,1.6187
FAM213A,2.226
FAM213B,-0.97638
FAM214A,-1.5815
FAM214B,1.3583
FAM216A,1.617
FAM216B,1.9338
FAM217A,0.94469
FAM217B,1.2713
FAM218A,0.00036188
FAM219A,-0.17502
FAM219B,-0.79153
FAM21A,1.7125
FAM220A,0.41704
FAM221A,0.35595
FAM221B,-0.68267
FAM222A,0.27047
FAM222B,1.2925
FAM227A,1.2402
FAM227B,0.95439
FAM228A,0.97654
FAM228B,0.98691
FAM229A,0.78814
FAM229B,1.0231
FAM234A,-0.354
FAM234B,-0.77089
FAM237A,0.00011887
FAM240A,0.071311
FAM24A,0.76749
FAM24B,1.0535
FAM25A,-0.58065
FAM25C,0.090435
FAM25G,-1.4673
FAM26D,0.82034
FAM26E,0.00095107
FAM26F,0.18602
FAM32A,0.11331
FAM35A,-1.1563
FAM3A,0.78999
FAM3B,0.92673
FAM3C,1.0731
FAM3D,-0.93532
FAM43A,0.38821
FAM43B,-0.67578
FAM45A,0.91387
FAM46A,0.1155
FAM46B,0.75571
FAM46C,1.0508
FAM46D,0.64711
FAM47A,0.0089706
FAM47B,2.0581
FAM47C,-1.2247
FAM47E,0.36871
FAM47E-STBD1,-0.43889
FAM49A,-0.74476
FAM49B,0.6274
FAM50A,1.6344
FAM50B,1.3885
FAM53A,-1.4986
FAM53B,-1.0112
FAM53C,0.95245
FAM57A,1.1294
FAM57B,1.19
FAM60A,0.83889
FAM69A,1.2998
FAM69B,0.00017956
FAM69C,-0.73947
FAM71A,0.41067
FAM71B,0.40322
FAM71C,0.31809
FAM71D,0.67871
FAM71E1,-0.35766
FAM71F1,0.69656
FAM71F2,0.50455
FAM72A,0.98892
FAM72B,0.0037586
FAM72D,1.0369
FAM76A,0.31448
FAM76B,-0.72771
FAM78A,-1.8894
FAM78B,-1.4439
FAM81A,0.80425
FAM81B,0.10874
FAM83A,0.58046
FAM83B,-0.38688
FAM83C,0.41142
FAM83D,0.97634
FAM83E,0.9056
FAM83F,0.54983
FAM83G,0.43266
FAM83H,-0.73936
FAM84A,-0.92297
FAM84B,0.89436
FAM86B1,-0.59038
FAM86B2,2.4949
FAM86C1,0.73143
FAM89A,0.00035312
FAM89B,-0.48972
FAM8A1,1.2035
FAM90A1,1.01
FAM91A1,1.2717
FAM92A,-0.60041
FAM92B,0.74658
FAM96A,0.0020172
FAM96B,1.2924
FAM98A,-0.90906
FAM98B,0.040013
FAM98C,0.33186
FAM9A,0.21696
FAM9B,1.5237
FAM9C,0.55529
FAN1,0.52413
FANCA,-0.83083
FANCB,0.4732
FANCC,-0.56353
FANCD2,2.086
FANCD2OS,0.67442
FANCE,1.8061
FANCF,0.70177
FANCG,1.5642
FANCI,0.35167
FANCL,0.81392
FANCM,1.3367
FANK1,0.80045
FAP,1.0621
FAR1,0.5823
FAR2,0.94034
FARP1,-0.50392
FARP2,-0.43156
FARS2,-1.2353
FARSA,0.89826
FARSB,0.86606
FAS,1.5706
FASLG,0.23927
FASN,-0.6962
FASTK,0.0010129
FASTKD1,0.21504
FASTKD2,0.4551
FASTKD3,1.8462
FASTKD5,-0.52598
FAT1,1.4714
FAT2,-0.70827
FAT4,-1.0354
FATE1,1.1681
FAU,-0.25047
FAXC,0.59676
FAXDC2,0.98376
FBF1,0.98795
FBL,0.55245
FBLIM1,-0.59115
FBLN1,1.0801
FBLN2,-0.22742
FBLN5,-0.50676
FBLN7,-0.23177
FBN1,0.41172
FBN2,0.27669
FBN3,0.00066096
FBP1,2.4264
FBP2,-0.64422
FBRSL1,0.70942
FBXL12,0.46759
FBXL13,1.189
FBXL14,-0.78612
FBXL15,-0.58077
FBXL16,0.00015176
FBXL17,1.1846
FBXL18,-0.78124
FBXL19,-0.71807
FBXL2,0.62831
FBXL20,-0.39623
FBXL22,0.89611
FBXL3,0.51398
FBXL4,0.0012146
FBXL5,0.19075
FBXL6,0.72231
FBXL7,-0.26839
FBXL8,1.4463
FBXO10,0.78251
FBXO11,0.67571
FBXO15,1.0927
FBXO16,-0.52896
FBXO17,-0.043895
FBXO18,-0.15937
FBXO2,1.5424
FBXO21,0.26343
FBXO22,-0.54896
FBXO24,-1.2619
FBXO25,1.5202
FBXO27,-0.45144
FBXO28,-1.3555
FBXO3,0.15806
FBXO30,-1.5545
FBXO31,0.37981
FBXO32,0.090945
FBXO33,0.63004
FBXO34,0.234
FBXO36,-0.40482
FBXO38,0.00035675
FBXO39,-0.96246
FBXO4,-0.38432
FBXO40,0.00060192
FBXO41,1.2915
FBXO42,0.48016
FBXO43,-1.0284
FBXO44,0.00035593
FBXO45,1.3803
FBXO46,-1.2022
FBXO47,0.25628
FBXO48,0.89717
FBXO5,0.20273
FBXO6,-0.58678
FBXO7,2.3968
FBXO8,1.5658
FBXO9,-0.43181
FBXW10,0.49527
FBXW11,0.29407
FBXW12,-0.23395
FBXW2,0.75621
FBXW4,1.8547
FBXW5,0.0028739
FBXW7,2.9237
FBXW8,-0.61464
FBXW9,0.0095606
FCAMR,1.1088
FCAR,2.0308
FCER1A,1.1049
FCER1G,0.25225
FCER2,-0.57725
FCF1,0.34421
FCGBP,0.0016106
FCGR1A,-0.5471
FCGR1B,-0.56561
FCGR2A,0.19928
FCGR2B,-0.69981
FCGR3A,0.84882
FCGR3B,0.32441
FCGRT,-0.74948
FCHO1,2.7535
FCHO2,1.587
FCHSD1,2.2931
FCHSD2,-1.3223
FCMR,0.15092
FCN1,-0.84809
FCN2,1.8628
FCN3,1.0293
FCRL1,1.5815
FCRL2,-0.5196
FCRL3,0.00088078
FCRL4,-1.4231
FCRL5,1.4691
FCRL6,-0.15849
FCRLA,-0.76215
FCRLB,-0.55484
FDCSP,0.63632
FDFT1,1.0688
FDPS,-2.3997
FDX1,-1.2628
FDX1L,3.4551
FDXACB1,0.50061
FDXR,-0.055548
FECH,0.71042
FEM1A,-1.2605
FEM1B,-0.93986
FEM1C,0.86402
FEN1,1.6893
FER,1.8166
FER1L6,1.2027
FERD3L,-0.80171
FERMT1,0.39041
FERMT2,1.4503
FERMT3,-0.25388
FES,0.13631
FETUB,0.74945
FEV,-0.50936
FEZ1,0.67889
FEZ2,1.042
FEZF1,0.96021
FEZF2,-0.52822
FFAR1,0.41357
FFAR2,-0.51835
FFAR3,0.36068
FFAR4,0.57273
FGA,0.52828
FGB,1.0217
FGD1,0.58408
FGD2,1.3503
FGD3,-1.0371
FGD4,1.1212
FGD5,1.3429
FGD6,0.99451
FGF1,0.87143
FGF10,0.36689
FGF11,1.3005
FGF12,0.87567
FGF13,-0.44538
FGF14,-1.12
FGF16,0.0021182
FGF17,0.6787
FGF18,0.082444
FGF19,0.24049
FGF2,-0.41846
FGF20,-1.1389
FGF21,0.62063
FGF22,0.00013243
FGF23,0.70588
FGF3,0.7824
FGF4,0.00022961
FGF5,0.56278
FGF6,3.1275
FGF7,-1.1328
FGF8,0.53342
FGF9,-0.60802
FGFBP1,-0.96067
FGFBP2,-1.0938
FGFBP3,0.40365
FGFR1,0.81119
FGFR1OP,1.7456
FGFR1OP2,0.41907
FGFR2,0.010754
FGFR3,0.32144
FGFR4,1.6502
FGFRL1,-0.91886
FGG,0.9915
FGGY,2.1923
FGL1,-0.37723
FGL2,0.1623
FGR,1.5621
FH,0.57741
FHDC1,1.1434
FHIT,1.0043
FHL1,0.18668
FHL2,1.3081
FHL3,0.74526
FHL5,-0.15349
FHOD1,0.34498
FHOD3,1.4285
FIBCD1,0.34269
FIBIN,1.304
FIBP,0.36724
FICD,2.205
FIG4,-0.51347
FIGLA,-0.14436
FIGN,1.1796
FIGNL1,2.3315
FIGNL2,0.60769
FILIP1,-0.5019
FILIP1L,0.0003598
FIP1L1,1.6482
FIS1,-1.6536
FITM1,-0.7148
FITM2,1.51
FIZ1,-1.3274
FJX1,-1.0424
FKBP10,0.25044
FKBP11,1.4764
FKBP14,0.14046
FKBP15,0.50154
FKBP1A,0.16806
FKBP1B,0.47698
FKBP2,0.93317
FKBP3,2.0283
FKBP4,-0.25521
FKBP5,1.1339
FKBP6,0.87574
FKBP7,0.013623
FKBP8,0.50111
FKBP9,0.00047821
FKBPL,-0.3869
FKRP,0.31624
FKTN,2.7697
FLAD1,0.0014237
FLCN,0.16579
FLG,-0.77741
FLG2,-1.1127
FLI1,0.00067129
FLII,1.085
FLJ22184,1.0246
FLJ25363,0.30689
FLJ44313,0.69716
FLJ44635,1.6042
FLJ45513,-0.23749
FLNA,0.99525
FLNB,1.0071
FLNC,0.43926
FLOT1,-0.51944
FLOT2,-0.7609
FLRT1,0.00062125
FLRT2,-0.54028
FLRT3,0.44527
FLT1,0.34363
FLT3,0.36215
FLT3LG,-0.83169
FLT4,0.35626
FLVCR1,0.81015
FLVCR2,-0.22956
FLYWCH1,0.90291
FLYWCH2,0.40601
FMC1,1.5898
FMN1,1.1785
FMN2,0.27202
FMNL1,0.7704
FMNL2,-0.98117
FMNL3,1.2472
FMO1,0.50552
FMO2,0.83322
FMO3,0.57377
FMO4,0.00058141
FMO5,0.32521
FMOD,0.58961
FMR1,0.17267
FMR1NB,-0.414
FN1,-1.1482
FN3K,1.594
FN3KRP,0.22719
FNBP1,0.09387
FNBP1L,0.00021774
FNBP4,0.36086
FNDC1,1.2985
FNDC10,0.00040474
FNDC11,0.00025254
FNDC3A,1.4377
FNDC3B,1.3657
FNDC4,0.86794
FNDC7,-0.80043
FNDC8,1.7716
FNDC9,0.00012742
FNIP1,1.1772
FNIP2,0.48353
FNTA,0.93669
FNTB,3.45e-05
FOCAD,-0.29935
FOLH1,1.6091
FOLR1,0.90346
FOLR2,1.0583
FOLR3,0.89522
FOPNL,0.12898
FOS,0.70996
FOSB,0.96318
FOSL1,1.1313
FOSL2,-1.0556
FOXA1,-0.52672
FOXA2,0.68552
FOXA3,0.54751
FOXB1,0.37531
FOXB2,1.5234
FOXC1,0.78912
FOXC2,-0.68082
FOXD1,0.28831
FOXD2,1.0165
FOXD3,0.69262
FOXD4,0.7379
FOXD4L1,0.49357
FOXD4L2,1.3018
FOXD4L3,1.0282
FOXD4L4,-3.0952
FOXD4L5,0.30946
FOXE1,-0.50265
FOXE3,-0.39534
FOXF1,-0.8311
FOXF2,1.0184
FOXG1,0.76665
FOXH1,0.012777
FOXI1,0.8358
FOXI2,1.2876
FOXI3,1.2287
FOXJ1,0.42243
FOXJ2,0.67957
FOXJ3,1.0287
FOXK1,3.3757
FOXK2,0.76813
FOXL1,0.42732
FOXL2,1.2803
FOXL2NB,-0.63111
FOXM1,-1.3405
FOXN1,1.2064
FOXN2,0.72976
FOXN3,0.26547
FOXN4,-0.94633
FOXO1,0.43192
FOXO3,1.1479
FOXO4,-0.41378
FOXP1,0.7725
FOXP2,1.1748
FOXP3,-0.64738
FOXP4,0.66016
FOXQ1,-0.78463
FOXR1,0.45046
FOXR2,-0.11649
FOXRED1,1.016
FOXRED2,-0.49114
FOXS1,0.00033087
FPGS,-0.85476
FPR1,-1.9809
FPR2,-0.39059
FPR3,0.4515
FRA10AC1,-0.66065
FRAS1,0.76821
FRAT1,1.0469
FRAT2,0.92359
FREM1,0.0029097
FREM2,0.87447
FREM3,2.1583
FRG1,-1.2001
FRG2,1.1164
FRG2B,-0.54464
FRG2C,1.7752
FRK,1.0418
FRMD1,1.5028
FRMD3,0.33467
FRMD4A,0.812
FRMD4B,0.0016314
FRMD5,2.5242
FRMD6,1.355
FRMD7,0.70743
FRMD8,0.59388
FRMPD1,1.5207
FRMPD2,0.74026
FRMPD4,1.8001
FRRS1,1.2096
FRRS1L,-0.23046
FRS2,0.0033852
FRS3,0.36252
FRY,0.56276
FRYL,0.94092
FRZB,0.58711
FSBP,0.91422
FSCB,0.23946
FSCN1,0.69057
FSCN2,0.00032661
FSCN3,0.012458
FSD1,-1.5495
FSD1L,0.85507
FSD2,-0.70819
FSHB,0.7403
FSHR,0.45855
FSIP1,0.55514
FSIP2,1.7976
FST,-1.3377
FSTL1,0.63076
FSTL3,0.97597
FSTL4,1.4154
FSTL5,0.71832
FTCD,0.00032558
FTH1,-0.27033
FTH1P18,-0.36457
FTHL17,-0.023986
FTL,0.64399
FTMT,-0.68648
FTO,-1.0344
FTSJ1,1.5027
FTSJ3,0.1489
FUBP1,0.69317
FUBP3,0.97646
FUCA1,-0.11839
FUCA2,1.7249
FUK,0.16433
FUNDC1,1.3937
FUNDC2,0.00024302
FUOM,-0.32777
FURIN,-0.79152
FUS,0.60436
FUT1,-0.71511
FUT10,-0.58703
FUT11,0.44596
FUT2,1.8188
FUT3,-0.52883
FUT4,1.3575
FUT5,1.7304
FUT6,1.1821
FUT7,-0.79854
FUT8,-0.68078
FUT9,0.5752
FUZ,1.2403
FXN,-2.3035
FXR1,-1.4381
FXR2,-0.97009
FXYD1,2.4117
FXYD2,-0.18092
FXYD3,0.99037
FXYD4,1.7263
FXYD5,0.65137
FXYD6,-0.17669
FXYD6-FXYD2,0.49528
FXYD7,1.0414
FYB1,0.73003
FYB2,3.075
FYCO1,-0.2129
FYN,0.42494
FYTTD1,0.30149
FZD1,1.4607
FZD10,0.00032146
FZD2,-0.23915
FZD3,0.96706
FZD4,0.98458
FZD5,0.48177
FZD6,1.1548
FZD7,-1.1189
FZD8,-0.60208
FZD9,-0.41779
FZR1,0.43417
G0S2,-0.25678
G2E3,-0.20995
G3BP1,1.1757
G3BP2,0.15884
G6PC,-0.56648
G6PC2,0.54571
G6PC3,-0.40765
G6PD,1.9428
GAA,0.1684
GAB1,0.71512
GAB2,0.62178
GAB3,-0.54951
GAB4,1.2074
GABARAP,0.41777
GABARAPL1,-0.34324
GABARAPL2,0.63364
GABBR1,-0.35062
GABBR2,0.85834
GABPA,0.48339
GABPB1,0.57552
GABPB2,0.40124
GABRA1,-0.28749
GABRA2,2.0591
GABRA3,-0.74087
GABRA4,1.2769
GABRA5,1.3982
GABRA6,-0.05042
GABRB1,-0.41394
GABRB2,0.3618
GABRB3,0.028419
GABRD,0.3233
GABRE,0.19197
GABRG1,-0.13641
GABRG2,0.1292
GABRG3,-0.46563
GABRP,-1.3543
GABRQ,0.00079826
GABRR1,0.30408
GABRR2,-0.78987
GAD1,0.97797
GAD2,0.98273
GADD45A,0.00030403
GADD45B,-0.97414
GADD45G,1.1671
GADD45GIP1,1.0078
GADL1,-0.31511
GAGE1,0.11541
GAGE10,0.13764
GAGE12B,0.64893
GAGE12H,1.4803
GAGE12J,-1.141
GAGE2A,-2.7808
GAK,0.65194
GAL,0.38387
GAL3ST1,0.32774
GAL3ST2,0.74174
GAL3ST3,0.49226
GAL3ST4,0.41793
GALC,0.00057307
GALE,1.7091
GALK1,-1.3943
GALK2,3.0695
GALM,1.7707
GALNS,0.86029
GALNT1,-0.71793
GALNT10,0.00035103
GALNT11,0.90421
GALNT12,0.10402
GALNT13,0.33086
GALNT14,1.1274
GALNT15,0.7845
GALNT16,0.49712
GALNT17,0.88522
GALNT18,2.708
GALNT2,0.14707
GALNT3,0.59916
GALNT4,-1.0337
GALNT5,0.68533
GALNT6,-0.17543
GALNT7,-1.0828
GALNT8,0.30996
GALNT9,0.6171
GALNTL5,0.98848
GALNTL6,-1.0392
GALP,0.4958
GALR1,1.4906
GALR2,-1.0834
GALR3,1.106
GALT,1.5272
GAMT,0.0033569
GAN,0.55502
GANAB,0.036412
GANC,2.0191
GAP43,0.00021923
GAPDH,-2.3139
GAPDHS,0.44486
GAPT,1.9041
GAR1,-0.22654
GAREM1,-0.64233
GAREM2,1.3989
GARNL3,-0.43402
GARS,0.41509
GART,-1.0509
GAS1,-0.4684
GAS2,0.50394
GAS2L2,1.2205
GAS2L3,-0.32579
GAS6,0.25853
GAS7,0.78383
GAS8,-1.54
GAS8-AS1,2.6092
GAST,-0.2895
GATA1,2.1658
GATA2,0.52042
GATA3,2.063
GATA4,0.41382
GATA5,-0.41434
GATA6,-0.15125
GATAD1,-0.93361
GATAD2A,-0.39114
GATAD2B,-0.96346
GATB,0.26109
GATC,-1.0831
GATD1,1.2456
GATM,1.1967
GATS,1.5089
GBA,-0.51735
GBA2,1.4662
GBE1,1.1334
GBF1,-0.91896
GBGT1,0.0030287
GBP1,0.83706
GBP2,0.98464
GBP3,-0.63288
GBP4,1.354
GBP5,1.5502
GBP6,-0.32
GBP7,0.94506
GBX1,-0.58023
GBX2,-1.3504
GC,-0.62286
GCA,-0.4871
GCAT,-0.84228
GCC1,-0.11867
GCC2,-0.83719
GCDH,-0.71839
GCFC2,-0.91238
GCG,-0.20901
GCGR,0.7582
GCH1,0.69612
GCHFR,1.3824
GCK,1.261
GCKR,0.00058187
GCLC,-0.99899
GCLM,-0.2635
GCM1,-0.21238
GCM2,0.011902
GCN1,-1.5193
GCNA,0.97791
GCNT1,-0.23391
GCNT2,0.16624
GCNT3,1.7471
GCNT4,0.54054
GCNT7,0.42517
GCOM1,0.77148
GCSAM,1.1296
GCSAML,0.33802
GCSH,-0.93922
GDA,0.72245
GDAP1,0.41153
GDAP1L1,0.26784
GDAP2,1.521
GDE1,1.3249
GDF1,4.17e-05
GDF10,-0.49049
GDF11,0.33303
GDF15,0.78491
GDF2,1.5084
GDF3,-0.26367
GDF5,0.93979
GDF6,-1.3899
GDF7,-0.73636
GDF9,1.2252
GDI1,-0.66617
GDI2,-0.80686
GDNF,0.16749
GDPD1,0.82726
GDPD2,0.29465
GDPD3,1.6832
GDPD4,0.77316
GDPD5,1.0039
GDPGP1,3.4254
GEM,-0.65729
GEMIN2,-0.68276
GEMIN4,0.39922
GEMIN5,1.3375
GEMIN6,0.30245
GEMIN7,0.70904
GEMIN8,0.54468
GEN1,1.7103
GET4,0.83081
GFAP,1.3327
GFER,-0.56658
GFI1,0.70941
GFI1B,1.8887
GFM1,1.5065
GFM2,-0.3736
GFOD1,1.272
GFOD2,1.4212
GFPT1,1.6866
GFPT2,0.50907
GFRA1,0.0022791
GFRA2,-0.79223
GFRA3,-0.82263
GFRA4,0.47914
GFRAL,-1.5568
GFY,-0.093723
GGA1,1.3162
GGA2,0.68241
GGA3,-0.59013
GGACT,0.1689
GGCT,1.097
GGCX,0.53769
GGH,0.68691
GGN,-0.4195
GGNBP2,-0.29755
GGPS1,0.7395
GGT1,1.1301
GGT5,-0.97447
GGT6,-1.2348
GGT7,0.68877
GGTLC1,-1.2885
GGTLC2,-0.79793
GH1,0.22516
GH2,-0.2087
GHDC,-0.83131
GHITM,1.1196
GHR,1.203
GHRH,0.89474
GHRHR,-2.4569
GHRL,0.51128
GHSR,0.88845
GID4,0.66154
GID8,0.65003
GIF,1.5589
GIGYF1,1.011
GIGYF2,2.2245
GIMAP1,-0.29681
GIMAP1-GIMAP5,0.26585
GIMAP2,0.0028493
GIMAP4,0.047256
GIMAP5,0.79029
GIMAP6,0.53281
GIMAP7,1.0799
GIMAP8,0.57077
GIMD1,1.5283
GIN1,0.001387
GINM1,0.44866
GINS1,-2.7288
GINS2,0.90642
GINS3,1.9089
GINS4,1.7211
GIP,0.43411
GIPC1,1.7337
GIPC2,1.7871
GIPC3,-0.83117
GIPR,-0.98519
GIT1,0.35264
GIT2,-0.70332
GJA1,0.86853
GJA10,-0.64437
GJA3,1.462
GJA4,0.83979
GJA5,1.5872
GJA8,1.71
GJA9,0.91369
GJB1,0.53375
GJB2,-0.61007
GJB3,1.8745
GJB4,0.18261
GJB5,0.39362
GJB6,0.33511
GJB7,-0.40339
GJC1,1.1012
GJC2,0.69896
GJC3,0.0055925
GJD2,1.9223
GJD3,-1.2201
GJD4,0.55658
GK,1.7663
GK2,-0.45431
GK5,0.19203
GKAP1,0.56773
GKN1,-1.0556
GKN2,-0.62221
GLA,0.0051253
GLB1,-0.88364
GLB1L,0.00063556
GLB1L2,-0.065731
GLB1L3,0.6929
GLCCI1,0.86457
GLCE,0.98114
GLDC,-0.22687
GLDN,1.2741
GLE1,0.55395
GLG1,0.62398
GLI1,1.1328
GLI2,-1.016
GLI3,0.19413
GLI4,0.00050685
GLIPR1,0.0024105
GLIPR1L1,0.00048615
GLIPR1L2,2.0894
GLIPR2,-0.50214
GLIS1,1.7851
GLIS2,-0.64814
GLIS3,-0.28213
GLMN,0.94396
GLMP,0.33065
GLO1,0.61621
GLOD4,1.3043
GLOD5,-0.67928
GLP1R,0.3262
GLP2R,0.53273
GLRA1,0.97662
GLRA2,1.5085
GLRA3,0.52391
GLRA4,-0.74529
GLRB,1.2677
GLRX,-0.3019
GLRX2,0.56693
GLRX3,2.1304
GLRX5,0.88598
GLS,-0.65331
GLS2,0.20893
GLT1D1,-1.5307
GLT6D1,0.99613
GLT8D1,0.20144
GLT8D2,2.7046
GLTP,1.1721
GLTPD2,-0.86643
GLUD1,2.0066
GLUD2,1.2216
GLUL,0.81215
GLYAT,0.00045069
GLYATL1,-0.55278
GLYATL2,2.2668
GLYATL3,2.3023
GLYCTK,1.4505
GLYR1,-0.36735
GM2A,1.1558
GMCL1,-0.25957
GMDS,0.9859
GMEB1,0.48773
GMEB2,0.11
GMFB,0.65786
GMFG,0.09006
GMIP,-0.92934
GML,0.72158
GMNC,-0.9333
GMNN,1.2534
GMPPA,0.0060369
GMPPB,-1.043
GMPR,-0.55725
GMPR2,0.10781
GMPS,-1.4245
GNA11,0.00054119
GNA12,1.7933
GNA13,0.96581
GNA14,1.0665
GNA15,1.1525
GNAI1,0.962
GNAI2,0.58568
GNAI3,0.88323
GNAL,0.34967
GNAO1,0.00085607
GNAQ,0.38911
GNAS,1.3893
GNAT1,1.0822
GNAT2,1.0523
GNAT3,0.80436
GNAZ,-1.4386
GNB1,0.23416
GNB1L,-0.80991
GNB2,1.9948
GNB3,2.005
GNB4,0.49725
GNB5,1.4412
GNE,-1.124
GNG10,-0.093278
GNG11,0.71681
GNG12,2.0301
GNG13,0.0012389
GNG2,-0.82223
GNG3,1.5058
GNG4,-0.40664
GNG5,-0.37344
GNG7,-1.1124
GNG8,0.27969
GNGT1,0.82195
GNGT2,0.23195
GNL1,1.2738
GNL2,-0.519
GNL3,0.54682
GNL3L,0.66459
GNLY,-1.3383
GNMT,0.6097
GNPAT,0.96362
GNPDA1,0.28943
GNPDA2,0.73561
GNPNAT1,0.5963
GNPTAB,0.74586
GNPTG,0.29785
GNRH1,-0.3924
GNRH2,0.70845
GNRHR,0.0010358
GNS,0.35519
GOLGA1,-1.3778
GOLGA2,0.25043
GOLGA3,-0.49048
GOLGA4,-0.79109
GOLGA5,1.3444
GOLGA6A,0.91876
GOLGA6B,-0.96673
GOLGA6C,0.95566
GOLGA6L1,-0.45214
GOLGA6L10,0.57538
GOLGA6L22,1.4476
GOLGA6L4,2.46e-05
GOLGA6L6,-3.6658
GOLGA6L9,2.9872
GOLGA7,0.97388
GOLGA7B,-0.35868
GOLGA8A,0.51301
GOLGA8B,0.51352
GOLGA8O,1.3875
GOLGB1,0.00023767
GOLIM4,-0.73514
GOLM1,0.35771
GOLPH3,-0.8244
GOLPH3L,-0.64997
GOLT1A,0.56844
GOLT1B,0.00054141
GON4L,-0.50931
GON7,0.7145
GOPC,0.54166
GORAB,0.91362
GORASP1,-1.4914
GORASP2,0.40277
GOSR1,1.0885
GOSR2,-0.34157
GOT1,-1.5535
GOT1L1,1.7151
GOT2,-1.4254
GP1BA,0.99707
GP1BB,0.346
GP2,1.728
GP5,-1.2766
GP6,-0.51462
GP9,0.95076
GPA33,-0.60902
GPAA1,0.78323
GPALPP1,0.38395
GPAM,-0.21048
GPANK1,1.1214
GPAT2,-0.67499
GPAT3,-0.5386
GPAT4,1.5531
GPATCH1,2.1629
GPATCH2,-0.82889
GPATCH2L,0.0016798
GPATCH3,2.3548
GPATCH4,0.00012684
GPATCH8,-0.15185
GPBAR1,0.43682
GPBP1,1.9759
GPBP1L1,0.83411
GPC1,0.24472
GPC2,0.17273
GPC3,0.91384
GPC4,0.52068
GPC5,-0.67005
GPC6,-0.56721
GPCPD1,1.7313
GPD1,0.94723
GPD1L,0.44355
GPD2,0.29175
GPER1,-0.0542981499999999
GPHA2,-1.4114
GPHB5,0.61069
GPHN,0.49375
GPI,-0.25355
GPIHBP1,1.0646
GPKOW,0.68383
GPLD1,0.97891
GPM6A,0.44116
GPM6B,0.77314
GPN1,1.4914
GPN2,0.79752
GPN3,-0.8557
GPNMB,-0.63132
GPR1,0.61526
GPR101,0.29544
GPR107,0.92288
GPR108,0.53758
GPR119,-0.3715
GPR12,-0.7234
GPR132,0.6737
GPR135,1.7249
GPR137,-0.8245
GPR137B,1.8147
GPR137C,0.0015353
GPR139,-0.036948
GPR141,-0.41098
GPR142,-0.63231
GPR143,0.45313
GPR146,0.88677
GPR148,1.7708
GPR149,0.98806
GPR15,1.7414
GPR150,-0.95862
GPR151,0.0010368
GPR152,-0.60808
GPR153,1.1478
GPR155,0.4181
GPR156,0.080024
GPR157,2.4719
GPR158,-0.2524
GPR160,1.0341
GPR161,0.11427
GPR162,1.0509
GPR17,-0.94813
GPR171,0.80084
GPR173,-0.9947
GPR174,-0.80943
GPR176,1.2151
GPR179,1.4751
GPR18,-0.45597
GPR180,0.55783
GPR182,0.74132
GPR183,-1.7361
GPR19,0.84011
GPR20,0.60713
GPR21,-1.2447
GPR22,0.46781
GPR25,0.39555
GPR26,2.1828
GPR27,1.1439
GPR3,-0.70737
GPR31,-0.30187
GPR32,0.001232
GPR33,0.17149
GPR34,0.63526
GPR35,0.69833
GPR37,0.58489
GPR37L1,-1.9672
GPR39,0.00013458
GPR4,0.77083
GPR45,-0.48724
GPR50,0.78486
GPR52,1.5638
GPR55,0.18919
GPR6,1.1399
GPR61,2.071
GPR62,0.1814
GPR63,-0.35639
GPR65,-0.72644
GPR68,1.0667
GPR75,-1.0767
GPR75-ASB3,-1.5677
GPR78,0.6762
GPR82,0.55716
GPR83,-0.6693
GPR84,-0.49201
GPR85,0.12611
GPR87,0.45988
GPR88,0.69408
GPR89A,0.67976
GPR89B,-1.4932
GPRASP1,0.0033278
GPRASP2,-0.90508
GPRC5A,0.38757
GPRC5B,0.42513
GPRC5C,-0.44765
GPRC5D,-0.18469
GPRC6A,1.12
GPRIN1,0.50903
GPRIN2,-0.93307
GPRIN3,0.25058
GPS1,-0.44597
GPS2,1.2873
GPSM1,0.81409
GPSM2,1.2693
GPSM3,1.2326
GPT,1.4922
GPT2,-0.27863
GPX1,0.64296
GPX2,-0.60524
GPX3,0.79
GPX4,1.3443
GPX5,0.26944
GPX6,0.25147
GPX7,1.9455
GPX8,2.2065
GRAMD1A,0.4488
GRAMD1B,1.2154
GRAMD1C,-0.88879
GRAMD2A,0.57477
GRAMD2B,0.16462
GRAMD4,0.77825
GRAP,0.15274
GRAP2,0.84212
GRAPL,0.28702
GRASP,0.45908
GRB10,0.67184
GRB14,0.44112
GRB2,5.59e-05
GRB7,-0.72176
GREB1,0.5382
GREB1L,1.1986
GREM1,-0.71309
GREM2,0.00051896
GRHL1,0.63829
GRHL2,-0.66905
GRHL3,1.8319
GRHPR,-0.67813
GRIA1,0.049765
GRIA2,-0.19941
GRIA3,0.63283
GRIA4,0.44571
GRID1,0.25798
GRID2,-0.18101
GRID2IP,-0.63177
GRIK1,-0.85838
GRIK2,0.74305
GRIK3,0.6273
GRIK4,-0.6273
GRIK5,0.00025043
GRIN1,0.54324
GRIN2A,0.70839
GRIN2B,0.00029251
GRIN2C,-0.34419
GRIN2D,-0.69546
GRIN3A,0.19023
GRIN3B,0.1607
GRINA,-0.80257
GRIP1,-1.1511
GRIPAP1,0.81659
GRK1,1.3689
GRK2,-0.49352
GRK3,-1.235
GRK4,1.3294
GRK5,2.0528
GRK6,0.855
GRK7,0.048386
GRM1,0.94675
GRM2,1.0414
GRM3,0.66216
GRM4,0.16578
GRM5,0.7244
GRM6,-0.51304
GRM7,-0.11607
GRM8,1.2265
GRN,0.74133
GRP,0.50112
GRPEL1,-0.59003
GRPEL2,0.3107
GRPR,-1.2476
GRSF1,1.3452
GRTP1,0.55625
GRWD1,-2.8178
GRXCR1,-0.37106
GRXCR2,0.72165
GSAP,1.43462
GSC,0.052894
GSC2,2.01
GSDMA,1.0392
GSDMB,1.0351
GSDMC,0.38059
GSDMD,0.51851
GSE1,0.28998
GSG1,0.18686
GSG1L,-0.73907
GSK3A,-1.0534
GSK3B,-0.39888
GSKIP,-0.73549
GSN,2.2839
GSPT1,0.54059
GSPT2,0.39268
GSR,0.75678
GSS,2.8441
GSTA1,0.59893
GSTA2,-1.0157
GSTA3,-0.806
GSTA4,-0.23161
GSTA5,-0.19158
GSTCD,0.84658
GSTK1,0.81626
GSTM1,1.0063
GSTM2,0.48906
GSTM3,0.98629
GSTM4,1.4998
GSTM5,1.0399
GSTO1,-1.0135
GSTO2,1.0568
GSTP1,0.86973
GSTT1,0.29803
GSTT2,-0.29646
GSTT2B,0.70291
GSTZ1,-1.1479
GSX1,-0.43558
GSX2,1.6696
GTDC1,1.4375
GTF2A1,1.6981
GTF2A1L,1.4463
GTF2A2,-0.51799
GTF2B,1.1277
GTF2E1,0.0079707
GTF2E2,-1.0887
GTF2F1,0.076425
GTF2F2,-0.6558
GTF2H1,1.0525
GTF2H2,0.42217
GTF2H2C,-1.0289
GTF2H2C_2,0.093998
GTF2H3,-0.16899
GTF2H4,-0.79823
GTF2H5,0.96889
GTF2I,0.52019
GTF2IRD1,1.409
GTF2IRD2,0.71253
GTF2IRD2B,0.56609
GTF3A,-0.81614
GTF3C1,-1.8166
GTF3C2,0.13568
GTF3C3,0.1928
GTF3C4,-2.1776
GTF3C5,0.67696
GTF3C6,1.7349
GTPBP1,0.497
GTPBP10,0.00026814
GTPBP2,-0.44354
GTPBP3,3.3372
GTPBP4,-1.2341
GTPBP6,0.40824
GTPBP8,-1.0937
GTSE1,-0.71176
GTSF1,0.23578
GTSF1L,-0.44497
GUCA1A,1.5291
GUCA1B,0.69653
GUCA1C,0.54018
GUCA2A,1.4521
GUCA2B,0.00037084
GUCD1,0.60458
GUCY1A2,-0.11354
GUCY1A3,0.0016097
GUCY1B3,0.24278
GUCY2C,-0.18155
GUCY2D,-0.59987
GUCY2F,0.00091011
GUF1,-0.27019
GUK1,-0.86935
GULP1,-0.48454
GUSB,2.0843
GVQW2,-1.082
GXYLT1,0.24567
GXYLT2,0.66828
GYG1,1.8391
GYG2,0.60836
GYPA,0.25031
GYPB,-0.74966
GYPC,0.42569
GYPE,0.68169
GYS1,-1.123
GYS2,1.9285
GZF1,0.00029836
GZMA,-1.3346
GZMB,1.0695
GZMH,0.35993
GZMK,1.1815
GZMM,0.00035271
H1F0,-0.28422
H1FNT,1.0071
H1FOO,0.00016221
H1FX,0.77036
H2AFB1,1.2707
H2AFB2,1.0718
H2AFB3,-0.16021
H2AFJ,-0.45395
H2AFV,2.5239
H2AFX,-0.99698
H2AFY,0.45896
H2AFY2,-0.95497
H2AFZ,0.77235
H2BFM,0.58481
H2BFWT,1.0689
H3F3A,-0.33754
H3F3B,-0.34949
H3F3C,-0.65191
H6PD,-0.20274
HAAO,-0.49524
HABP2,1.1834
HABP4,-0.8398
HACD1,0.90104
HACD2,0.58116
HACD3,1.4129
HACD4,0.66788
HACE1,-0.67996
HACL1,-0.47284
HADH,-1.3373
HADHA,-0.50395
HADHB,-0.45321
HAGH,0.55201
HAGHL,-1.6495
HAL,1.4364
HAMP,-0.4965
HAND1,0.00073322
HAND2,-0.76615
HAO1,-0.26765
HAO2,2.6845
HAP1,1.3324
HAPLN1,0.42093
HAPLN2,0.30507
HAPLN3,0.00167
HAPLN4,0.18656
HARBI1,0.73575
HARS,-0.27054
HARS2,2.0879
HAS1,-1.0414
HAS2,0.59213
HAS3,1.5607
HASPIN,1.4511
HAT1,1.8663
HAUS1,0.37453
HAUS2,0.88292
HAUS3,2.4776
HAUS4,-0.12815
HAUS5,1.8369
HAUS6,0.3495
HAUS7,-1.0981
HAUS8,2.4521
HAVCR1,0.29917
HAVCR2,-0.56971
HAX1,0.77744
HBA1,1.5401
HBB,0.3298
HBD,0.40775
HBE1,1.2675
HBEGF,0.20775
HBG1,-0.25788
HBG2,-0.81187
HBM,-0.3678
HBP1,1.4042
HBQ1,-0.79348
HBS1L,-1.0705
HBZ,0.48317
HCAR1,0.64907
HCAR2,-0.40861
HCAR3,0.00083881
HCCS,-0.8282
HCFC1,-0.59649
HCFC1R1,0.16766
HCFC2,0.00045609
HCK,1.3358
HCLS1,0.72273
HCN1,1.4979
HCN2,-1.1053
HCN3,-1.0623
HCN4,-1.3207
HCRT,1.7009
HCRTR1,0.74857
HCRTR2,0.75612
HCST,0.83536
HDAC1,1.8635
HDAC10,0.80975
HDAC11,0.0002295
HDAC2,0.00070156
HDAC3,-1.6634
HDAC4,-0.13039
HDAC5,0.00039551
HDAC6,-1.0373
HDAC7,0.27151
HDAC8,1.4977
HDAC9,0.00015006
HDC,0.78064
HDDC2,-0.85948
HDDC3,0.89737
HDGF,0.55432
HDGFL1,0.5193
HDGFL2,1.5034
HDGFL3,0.00047086
HDHD2,0.73189
HDHD3,-0.47123
HDHD5,-0.26467
HDLBP,0.88448
HDX,0.85244
HEATR1,1.1316
HEATR3,-0.23398
HEATR4,0.42762
HEATR5B,-0.63713
HEATR6,2.0856
HEATR9,1.0684
HEBP1,0.42463
HEBP2,0.82667
HECA,-0.2889
HECTD1,0.58514
HECTD2,1.3566
HECTD3,1.8404
HECW1,0.9362
HECW2,-0.33136
HEG1,0.9242
HELB,-0.30495
HELLS,-0.19737
HELQ,1.0004
HELT,-0.7556
HELZ,1.0746
HELZ2,-0.87946
HEMGN,-0.99062
HEMK1,-0.85659
HENMT1,1.4656
HEPACAM,0.33209
HEPACAM2,0.51854
HEPH,0.32615
HEPHL1,0.71985
HEPN1,0.74802
HERC1,0.00056074
HERC2,-0.60945
HERC3,0.66947
HERC4,0.8803
HERC5,0.00055053
HERC6,-0.13203
HERPUD1,0.0002192
HERPUD2,-0.86134
HES1,1.1387
HES2,-0.23516
HES3,0.18679
HES4,-0.50049
HES5,1.3493
HES6,0.86531
HES7,-0.89952
HESX1,0.37372
HEXA,0.68159
HEXB,0.00088229
HEXDC,1.1059
HEXIM1,-2.0902
HEXIM2,1.6655
HEY1,0.099169
HEY2,1.4294
HEYL,0.35048
HFE,1.0754
HFE2,0.88068
HFM1,-0.77795
HGC6.3,0.24945
HGD,1.6708
HGF,0.83051
HGFAC,0.75851
HGH1,2.4033
HGS,1.1724
HGSNAT,-1.9244
HHAT,0.00087564
HHATL,-3.1769
HHEX,1.0608
HHIP,0.0057362
HHIPL1,0.79141
HHIPL2,1.2663
HHLA2,0.85003
HHLA3,0.98045
HIBADH,1.3147
HIBCH,-0.76464
HIC1,0.17237
HIC2,-0.66461
HID1,2.2302
HIF1A,-0.91176
HIF1AN,1.6554
HIF3A,1.0854
HIGD1A,0.93997
HIGD1B,-1.5245
HIGD1C,1.0226
HIGD2A,1.875
HIKESHI,0.64294
HILPDA,0.86662
HINFP,1.4065
HINT1,-0.00079548
HINT2,0.32892
HINT3,0.81811
HIP1,-0.55938
HIP1R,0.63332
HIPK1,0.81565
HIPK2,0.28221
HIPK3,0.36346
HIPK4,-0.60893
HIRA,0.55798
HIRIP3,1.1103
HIST1H1A,0.00033549
HIST1H1B,0.37028
HIST1H1C,0.11319
HIST1H1D,1.6133
HIST1H1E,1.3625
HIST1H1T,1.0735
HIST1H2AA,-1.3752
HIST1H2AB,0.49367
HIST1H2AC,0.00057805
HIST1H2AD,0.35875
HIST1H2AE,-0.27469
HIST1H2AG,-0.5602
HIST1H2AH,0.60778
HIST1H2AI,1.4646
HIST1H2AJ,1.9135
HIST1H2AK,1.2712
HIST1H2AL,0.5277
HIST1H2AM,1.1453
HIST1H2BA,0.98669
HIST1H2BB,0.72172
HIST1H2BC,-0.62284
HIST1H2BD,1.1073
HIST1H2BE,0.48513
HIST1H2BF,0.23103
HIST1H2BG,1.4568
HIST1H2BH,-0.77539
HIST1H2BI,0.43529
HIST1H2BJ,0.69775
HIST1H2BK,0.76212
HIST1H2BL,1.2712
HIST1H2BM,2.4061
HIST1H2BN,-0.24124
HIST1H2BO,1.2165
HIST1H3A,1.1293
HIST1H3B,-1.0325
HIST1H3C,-1.0703
HIST1H3D,0.0016553
HIST1H3E,0.73989
HIST1H3F,1.8945
HIST1H3G,1.9769
HIST1H3H,-0.72053
HIST1H3I,0.81958
HIST1H3J,-0.8832
HIST1H4A,1.4847
HIST1H4B,-1.4885
HIST1H4C,0.76702
HIST1H4D,-0.36046
HIST1H4E,0.50098
HIST1H4F,1.7179
HIST1H4G,1.6602
HIST1H4H,0.84287
HIST1H4I,1.506
HIST1H4J,0.38453
HIST1H4K,-5.458
HIST1H4L,0.65171
HIST2H2AA3,1.6496
HIST2H2AA4,0.18201
HIST2H2AB,0.6577
HIST2H2AC,0.2935
HIST2H2BE,-1.1347
HIST2H2BF,1.0702
HIST2H3A,-0.792
HIST2H3C,-3.2555
HIST2H3D,1.2488
HIST2H4A,1.1625
HIST2H4B,1.2607
HIST3H2A,-1.5949
HIST3H2BB,0.55445
HIST3H3,0.8461
HIST4H4,1.2827
HIVEP1,-0.70014
HIVEP2,0.60006
HIVEP3,1.2909
HJURP,0.33184
HK1,-0.51039
HK2,-0.26822
HK3,2.1137
HKDC1,1.9322
HKR1,0.68255
HLA-A,-2.1518
HLA-B,-0.74004
HLA-C,-1.376
HLA-DMA,-1.1138
HLA-DMB,-0.036348
HLA-DOA,0.9742
HLA-DOB,1.0464
HLA-DPA1,-0.94566
HLA-DPB1,-0.38404
HLA-DQA1,1.8411
HLA-DQA2,-0.80584
HLA-DQB1,0.30694
HLA-DQB2,1.1829
HLA-DRA,1.09
HLA-DRB1,0.35917
HLA-DRB5,-0.68007
HLA-E,-2.9417
HLA-F,-0.69382
HLA-G,1.1842
HLCS,1.4712
HLF,1.3496
HLTF,1.3555
HLX,0.7381
HM13,-0.038285
HMBOX1,0.76549
HMBS,1.8648
HMCES,0.5304435
HMCN1,-1.5628
HMG20A,0.46334
HMG20B,1.4441
HMGA1,0.5153
HMGA2,0.43151
HMGB1,1.582
HMGB2,1.2474
HMGB3,1.3917
HMGB4,1.2195
HMGCL,1.2856
HMGCLL1,0.80124
HMGCR,-0.38046
HMGCS1,1.1098
HMGCS2,0.58233
HMGN1,-1.0631
HMGN2,1.0113
HMGN3,-0.36551
HMGN4,2.0149
HMGN5,1.3388
HMGXB3,0.74613
HMGXB4,0.96674
HMHB1,-0.41243
HMMR,2.0548
HMOX1,1.4126
HMOX2,0.41646
HMP19,1.0386
HMSD,-0.38881
HMX1,0.93002
HMX2,1.4632
HMX3,4.403
HNF1A,0.36419
HNF1B,-0.49973
HNF4A,0.55251
HNF4G,0.071993
HNMT,1.0622
HNRNPA0,-0.72201
HNRNPA1,-1.8495
HNRNPA1L2,0.00063761
HNRNPA2B1,-0.83069
HNRNPA3,-0.9235
HNRNPAB,2.1653
HNRNPC,-2.3442
HNRNPCL1,1.275
HNRNPCL2,0.75633
HNRNPCL3,-1.2055
HNRNPD,0.82443
HNRNPDL,0.055987
HNRNPF,-1.4867
HNRNPH1,-1.435
HNRNPH2,1.8599
HNRNPH3,-0.77837
HNRNPK,1.332
HNRNPL,0.5124
HNRNPLL,0.652404
HNRNPM,1.0047
HNRNPR,1.3487
HNRNPU,0.51734
HNRNPUL1,0.46101
HNRNPUL2,1.4376
HOGA1,-0.15545
HOMER1,0.61219
HOMER2,-0.92589
HOMER3,-1.3982
HOMEZ,1.3882
HOOK1,1.8343
HOOK2,-0.98699
HOOK3,-0.20487
HOPX,-0.65748
HORMAD1,4.11e-05
HORMAD2,-0.95594
HOXA1,1.1698
HOXA10,2.5273
HOXA11,-0.31283
HOXA13,0.34183
HOXA2,0.64169
HOXA3,1.4001
HOXA4,-0.63156
HOXA5,0.77643
HOXA6,-0.31054
HOXA7,0.50389
HOXA9,-0.70321
HOXB1,1.1212
HOXB13,0.9051
HOXB2,0.00061409
HOXB3,0.50829
HOXB4,2.2075
HOXB5,0.1194
HOXB6,-0.10182
HOXB7,1.306
HOXB8,-0.13415
HOXB9,0.35129
HOXC10,-0.020778
HOXC11,-0.45639
HOXC12,1.7392
HOXC13,-0.24569
HOXC4,0.0022579
HOXC5,1.3193
HOXC6,0.43064
HOXC8,0.34612
HOXC9,-0.13798
HOXD1,1.1196
HOXD10,0.41795
HOXD11,0.5254
HOXD12,-1.0607
HOXD13,0.57245
HOXD3,1.0094
HOXD4,-0.64044
HOXD8,-0.73969
HOXD9,0.93048
HP,0.76231
HP1BP3,1.2749
HPCA,0.016164
HPCAL1,0.00039759
HPCAL4,1.9784
HPD,0.38247
HPDL,1.1732
HPF1,-0.47166
HPGD,0.31441
HPGDS,1.4851
HPN,-1.1813
HPR,0.25588
HPRT1,0.33197
HPS1,2.6979
HPS3,0.43104
HPS4,2.1287
HPS5,0.84751
HPS6,0.66276
HPSE,2.5955
HPSE2,0.076762
HPX,1.549
HR,0.55488
HRAS,1.3326
HRASLS,-0.30767
HRASLS2,2.2298
HRASLS5,1.31
HRC,-0.87982
HRCT1,1.0423
HRG,-0.77613
HRH1,1.5238
HRH2,0.87259
HRH3,0.50166
HRH4,-0.86727
HRK,-1.2089
HRNR,-0.088628
HS1BP3,-0.33178
HS2ST1,-0.22463
HS3ST1,0.89679
HS3ST2,-0.75364
HS3ST3A1,0.65047
HS3ST3B1,0.071059
HS3ST4,1.0262
HS3ST5,-1.9351
HS3ST6,1.1234
HS6ST1,0.4505
HS6ST2,0.00031908
HS6ST3,1.7322
HSBP1,1.7053
HSBP1L1,0.60557
HSCB,-0.83231
HSD11B1,0.36694
HSD11B1L,0.00020341
HSD11B2,0.27221
HSD17B1,0.61261
HSD17B10,-1.2513
HSD17B11,1.0154
HSD17B12,-0.3439
HSD17B13,0.45018
HSD17B14,0.33443
HSD17B2,-0.53331
HSD17B3,-0.4088
HSD17B4,0.6543
HSD17B6,-0.89984
HSD17B7,1.6312
HSD17B8,0.00011491
HSD3B1,0.24653
HSD3B2,1.6745
HSD3B7,0.13128
HSDL1,0.9722
HSDL2,0.00040003
HSF1,1.3787
HSF2,-0.82026
HSF2BP,0.58469
HSF4,-1.483
HSF5,0.39155
HSFX1,0.68983
HSFX2,0.24241
HSFY1,-0.72031
HSFY2,-1.471
HSH2D,0.00020617
HSP90AA1,0.25524
HSP90AB1,0.58847
HSP90B1,0.00043423
HSPA12A,0.096964
HSPA12B,1.0073
HSPA13,1.1264
HSPA14,-2.5903
HSPA1A,-0.95564
HSPA1B,0.96281
HSPA1L,0.00050943
HSPA2,0.72664
HSPA4,-1.9305
HSPA4L,0.49149
HSPA5,0.75678
HSPA6,0.52994
HSPA8,2.0031
HSPA9,-0.021086
HSPB1,0.44106
HSPB11,-0.55795
HSPB2,0.99618
HSPB3,-0.66302
HSPB6,1.153
HSPB7,0.33956
HSPB8,-1.1001
HSPB9,-0.47026
HSPBAP1,1.564
HSPBP1,-1.8289
HSPD1,0.56466
HSPE1,2.5036
HSPE1-MOB4,1.3211
HSPG2,0.00021378
HSPH1,1.7807
HTATIP2,0.79648
HTATSF1,2.1657
HTN1,0.84493
HTN3,-0.35544
HTR1A,0.6887
HTR1B,-0.64795
HTR1D,0.24072
HTR1E,0.45322
HTR1F,0.00026301
HTR2A,0.0016408
HTR2B,0.62508
HTR2C,0.53468
HTR3A,-0.66811
HTR3B,-0.68108
HTR3C,-0.59547
HTR3D,0.72792
HTR3E,1.5929
HTR4,1.0872
HTR5A,-0.45482
HTR6,0.59193
HTR7,0.99985
HTRA1,1.6399
HTRA2,1.0243
HTRA3,0.87279
HTRA4,-0.077944
HTT,0.68742
HUNK,0.88559
HUS1,-2.514
HUS1B,0.063786
HUWE1,0.37782
HVCN1,1.5102
HYAL1,0.00030801
HYAL2,-0.4246
HYAL3,-0.59126
HYAL4,0.64227
HYDIN,-0.99307
HYI,0.58267
HYKK,0.761695
HYLS1,-0.32927
HYOU1,-1.2376
HYPK,-1.1807
HYPM,1.0939
IAH1,-0.33512
IAPP,0.66833
IARS,1.0784
IARS2,-1.2284
IBA57,1.1868
IBSP,2.5918
IBTK,-0.16752
ICA1,0.54799
ICA1L,0.2086
ICAM1,7.25e-05
ICAM2,1.3435
ICAM3,2.4854
ICAM4,0.39825
ICAM5,0.21561
ICE1,0.54933
ICE2,0.0001663
ICK,1.3676
ICMT,0.56509
ICOS,0.31566
ICOSLG,0.5681
ID1,1.4572
ID2,-0.45302
ID3,0.046331
ID4,0.92668
IDE,-0.55339
IDH1,2.1361
IDH2,2.8063
IDH3A,0.49891
IDH3B,1.7774
IDH3G,-0.01939
IDI1,0.72586
IDI2,-0.62784
IDNK,0.34437
IDO1,-0.82548
IDS,0.43937
IDUA,0.0019775
IER2,1.0445
IER3,-0.62464
IER3IP1,0.65922
IER5,-0.70279
IER5L,1.8113
IFFO1,0.81648
IFFO2,1.2492
IFI16,0.20757
IFI27,-0.33738
IFI27L1,1.1317
IFI27L2,0.94707
IFI30,0.26791
IFI35,1.9185
IFI44,1.2367
IFI44L,0.59293
IFI6,-0.79976
IFIH1,0.00067269
IFIT1,0.0046121
IFIT1B,0.64725
IFIT2,1.274
IFIT3,0.20989
IFIT5,0.073324
IFITM1,-0.91558
IFITM10,0.0005667
IFITM2,1.7786
IFITM3,-0.27279
IFITM5,-0.43598
IFNA1,1.2585
IFNA10,1.0304
IFNA13,-0.76216
IFNA14,0.37174
IFNA16,-0.80193
IFNA17,-0.033345
IFNA2,-0.23692
IFNA21,1.1731
IFNA4,1.7575
IFNA5,-0.81678
IFNA6,0.81739
IFNA7,1.9572
IFNA8,1.5336
IFNAR1,-1.3962
IFNAR2,-0.38361
IFNB1,0.0023974
IFNE,0.89998
IFNG,0.2348
IFNGR1,1.7131
IFNGR2,-2.6998
IFNK,-0.30816
IFNL1,1.6629
IFNL2,0.68527
IFNL3,-0.17013
IFNL4,-0.82032
IFNLR1,1.136
IFNW1,-0.43939
IFRD1,1.8132
IFRD2,0.98677
IFT122,1.8706
IFT140,1.1106
IFT172,-0.91987
IFT20,1.5086
IFT22,0.25531
IFT27,-0.37296
IFT43,-1.4588
IFT46,-0.53528
IFT52,-0.45495
IFT57,0.7879
IFT74,1.3644
IFT80,0.10874
IFT81,-0.67228
IFT88,0.79846
IGBP1,2.3858
IGDCC3,1.1222
IGDCC4,1.7025
IGF1,-0.7568
IGF1R,2.1001
IGF2,0.92209
IGF2BP1,-0.3904
IGF2BP2,0.72768
IGF2BP3,0.48277
IGF2R,0.11609
IGFALS,0.83822
IGFBP1,-0.59739
IGFBP2,-0.62261
IGFBP3,0.1011
IGFBP4,0.24011
IGFBP5,-0.078645
IGFBP6,0.5909
IGFBP7,0.21663
IGFBPL1,-0.64435
IGFL1,1.0562
IGFL2,0.74552
IGFL3,0.61378
IGFL4,2.0835
IGFLR1,-1.1411
IGFN1,0.92332
IGHMBP2,0.67405
IGIP,0.97864
IGLL1,-0.50806
IGLL5,0.61141
IGLON5,-0.70277
IGSF1,-0.58428
IGSF10,0.28295
IGSF11,1.2325
IGSF21,-0.11941
IGSF22,0.70831
IGSF23,1.0325
IGSF3,0.67103
IGSF5,-0.82848
IGSF6,0.72549
IGSF8,0.00066389
IGSF9,1.9385
IHH,0.50919
IK,1.0213
IKBIP,-0.61001
IKBKB,1.2693
IKBKE,2.2607
IKBKG,1.0372
IKZF1,-2.0531
IKZF2,-0.38027
IKZF3,0.53464
IKZF4,2.0538
IKZF5,1.9012
IL10,0.25214
IL10RA,0.98817
IL10RB,-0.76804
IL11,0.93847
IL11RA,-0.55132
IL12A,1.7804
IL12B,0.9041
IL12RB1,-1.0743
IL12RB2,0.21518
IL13,0.39695
IL13RA1,0.7338
IL13RA2,0.65055
IL15,-0.25597
IL15RA,0.19947
IL16,-0.76879
IL17A,1.6943
IL17B,-0.90969
IL17C,0.94416
IL17D,-0.27691
IL17F,0.91232
IL17RA,0.95631
IL17RB,0.57482
IL17RC,0.29879
IL17RD,1.7094
IL17RE,-0.27881
IL17REL,2.1426
IL18,0.51262
IL18BP,0.070089
IL18R1,0.77139
IL18RAP,-0.66837
IL19,1.1334
IL1A,0.26383
IL1B,0.74511
IL1F10,1.3243
IL1R1,0.37693
IL1R2,-1.3522
IL1RAP,0.58763
IL1RAPL1,-1.0221
IL1RAPL2,-0.50356
IL1RL1,-0.4321
IL1RL2,0.53551
IL1RN,0.50817
IL2,2.3933
IL20,0.16893
IL20RA,0.25706
IL20RB,0.49203
IL21,0.77929
IL21R,-1.3925
IL22,0.36104
IL22RA1,0.39026
IL22RA2,1.3929
IL23A,1.7775
IL23R,1.7891
IL24,0.53312
IL25,0.88729
IL26,-0.73024
IL27,1.366
IL27RA,0.75258
IL2RA,1.1785
IL2RB,-0.029692
IL2RG,0.63819
IL3,1.7712
IL31,0.00014299
IL31RA,0.00034403
IL32,1.346
IL33,0.87944
IL34,-1.0359
IL36A,-0.96308
IL36B,0.53869
IL36G,-0.66869
IL36RN,-0.23403
IL37,0.38865
IL3RA,0.76197
IL4,3.2215
IL4I1,0.19431
IL4R,1.025
IL5,0.25007
IL5RA,0.89648
IL6,1.5203
IL6R,0.94113
IL6ST,0.63312
IL7,0.55627
IL7R,0.46029
IL9,0.36178
IL9R,0.00057694
ILDR1,-0.73876
ILDR2,0.26549
ILF2,-0.27094
ILF3,0.43873
ILK,0.47908
ILKAP,0.25801
ILVBL,-0.54847
IMMP1L,0.00038045
IMMP2L,1.079
IMMT,1.5125
IMP3,0.31742
IMP4,0.85071
IMPA1,-0.55422
IMPA2,0.92358
IMPACT,1.0711
IMPAD1,0.068261
IMPDH1,-0.78629
IMPDH2,9.3e-05
IMPG1,0.21387
IMPG2,1.4349
INA,-0.59605
INAFM1,-0.9921
INCA1,-0.80629
INCENP,-1.108
INF2,1.2762
ING1,0.62936
ING2,-0.41508
ING3,0.49952
ING4,-0.33823
ING5,0.79383
INHA,0.31956
INHBA,-0.98542
INHBB,0.97706
INHBC,0.44076
INHBE,0.071493
INIP,1.3421
INMT,-0.25106
INO80,0.94097
INO80B,2.1394
INO80C,2.2487
INO80D,1.4038
INO80E,0.018756
INPP1,-0.066056
INPP4A,1.4074
INPP4B,-0.58114
INPP5A,1.0154
INPP5B,1.6397
INPP5D,0.6579
INPP5E,-0.5638
INPP5F,-0.81785
INPP5J,1.5229
INPP5K,1.5151
INPPL1,0.0001528
INS,0.39539
INS-IGF2,-0.68709
INSC,-0.5886
INSIG1,-1.0236
INSIG2,0.56693
INSL3,1.4689
INSL4,-0.47796
INSL5,0.7216
INSL6,-0.53072
INSM1,0.17108
INSM2,-0.53109
INSR,0.00051987
INSRR,1.4465
INTS1,-0.71487
INTS10,2.0041
INTS11,-0.61586
INTS12,0.5424
INTS13,-0.71391
INTS14,0.64594
INTS2,1.5269
INTS3,-1.0859
INTS4,0.33348
INTS5,1.2909
INTS6,1.4795
INTS6L,-0.47977
INTS7,2.1787
INTS8,3.52e-05
INTS9,0.34902
INTU,0.0068712
INVS,-0.17303
IP6K1,-0.98771
IP6K2,-0.1159
IP6K3,-0.94371
IPCEF1,-1.0936
IPMK,1.4282
IPO11,0.32065
IPO13,-0.76072
IPO4,0.38536
IPO5,0.4298
IPO7,2.1011
IPO8,-0.18471
IPO9,0.67487
IPP,1.5831
IPPK,0.82739
IQCA1,1.3537
IQCB1,-0.46587
IQCC,2.443
IQCD,0.82544
IQCE,-0.2451
IQCF1,0.61067
IQCF2,-0.20519
IQCF3,-0.083256
IQCF5,-0.3485
IQCF6,0.083165
IQCG,0.15955
IQCH,1.5213
IQCJ,0.35245
IQCJ-SCHIP1,0.62338
IQCK,-0.68872
IQGAP1,-0.57394
IQGAP2,0.5029
IQGAP3,0.49763
IQSEC1,0.86994
IQSEC2,1.8096
IQSEC3,0.61252
IQUB,1.0258
IRAK1,-0.84789
IRAK1BP1,-0.49497
IRAK2,-1.1867
IRAK3,0.97314
IRAK4,0.3778
IREB2,0.041576
IRF1,-1.0505
IRF2,-0.27899
IRF2BP1,0.0071816
IRF2BP2,0.97562
IRF2BPL,1.3422
IRF3,1.1152
IRF4,2.2634
IRF5,1.6915
IRF6,0.2984
IRF7,0.87189
IRF8,1.1668
IRF9,1.7474
IRGC,0.86853
IRGM,0.24598
IRGQ,1.0672
IRS1,0.41691
IRS2,0.8302
IRS4,0.58699
IRX1,0.59315
IRX2,1.0768
IRX3,0.41853
IRX4,-0.59907
IRX5,0.83582
IRX6,0.89099
ISCA1,-0.19126
ISCA2,0.3211
ISCU,-0.68094
ISG15,0.20382
ISG20,0.0022621
ISG20L2,2.0246
ISL1,0.13532
ISL2,1.3083
ISLR,-0.79341
ISLR2,0.0046735
ISM1,1.9189
ISM2,0.63886
ISOC1,0.00037948
ISOC2,-0.6334
IST1,-0.98798
ISX,-0.53745
ISY1,0.16327
ISY1-RAB43,-2.5198
ISYNA1,1.3876
ITCH,-0.72982
ITFG1,-1.0
ITFG2,9.99e-05
ITGA1,1.2356
ITGA10,-1.6355
ITGA11,0.82163
ITGA2,1.2773
ITGA2B,0.03086
ITGA3,-1.6357
ITGA4,-0.36894
ITGA5,0.39576
ITGA6,-0.34173
ITGA7,0.64101
ITGA8,-0.21462
ITGA9,0.4914
ITGAD,0.00018989
ITGAE,-0.49465
ITGAL,-1.445
ITGAM,1.0558
ITGAV,1.33
ITGAX,0.61526
ITGB1,-1.3063
ITGB1BP1,0.56486
ITGB1BP2,0.55562
ITGB2,0.0066426
ITGB3,-0.19803
ITGB3BP,-0.12177
ITGB4,-0.33622
ITGB5,0.00057732
ITGB6,0.31722
ITGB7,0.93106
ITGB8,0.68573
ITGBL1,0.45512
ITIH1,-0.53134
ITIH2,0.20745
ITIH3,-1.1615
ITIH4,0.59735
ITIH6,0.56468
ITK,0.62524
ITLN1,-0.27116
ITLN2,-1.7646
ITM2A,0.33527
ITM2B,2.1416
ITM2C,0.1978
ITPA,-0.26165
ITPK1,0.78477
ITPKA,-1.255
ITPKB,0.99021
ITPKC,2.3848
ITPR1,0.0020927
ITPR2,-0.84435
ITPR3,0.68163
ITPRIP,1.101
ITPRIPL1,0.75206
ITPRIPL2,0.22393
ITSN1,0.96203
ITSN2,1.2028
IVD,0.3742
IVL,-0.47025
IVNS1ABP,1.075
IWS1,1.1233
IYD,0.0038334
IZUMO1,0.86292
IZUMO2,1.5013
IZUMO3,0.58679
IZUMO4,0.18494
JADE1,-0.1523
JADE2,-0.36298
JADE3,-0.6552
JAG1,-0.28863
JAG2,1.4729
JAGN1,1.6556
JAK1,-1.5135
JAK2,-2.3663
JAK3,0.40154
JAKMIP1,-0.015778
JAKMIP2,-0.62715
JAKMIP3,-0.41672
JAM2,0.35304
JAM3,-0.5277
JAML,1.6459
JARID2,0.51005
JAZF1,1.9999
JCAD,1.354
JCHAIN,0.65784
JDP2,-1.2354
JKAMP,0.30405
JMJD1C,-1.4021
JMJD4,-0.90388
JMJD6,0.99678
JMJD7,1.1193
JMJD8,-0.79865
JMY,1.3184
JOSD1,0.32732
JOSD2,0.18877
JPH1,-0.41853
JPH2,0.77739
JPH3,0.32314
JPH4,0.88645
JPT1,0.42161
JPT2,0.39264
JRK,-0.63569
JRKL,0.85454
JSRP1,0.47603
JTB,0.00012682
JUN,0.74969
JUNB,1.5511
JUND,0.3679
JUP,0.4009
KAAG1,-0.88066
KALRN,0.80269
KANK1,0.49125
KANK2,1.3619
KANK3,-0.33018
KANK4,1.2755
KANSL1,-0.08184
KANSL1L,0.059752
KANSL2,1.484
KANSL3,-0.98395
KARS,1.2797
KAT14,-1.1638
KAT2A,0.00037729
KAT2B,-0.55434
KAT5,-0.61098
KAT6A,-0.23238
KAT6B,0.86932
KAT7,-1.4401
KAT8,-1.2601
KATNA1,-0.63379
KATNAL1,0.0033365
KATNAL2,1.1172
KATNB1,2.3044
KATNBL1,1.826
KAZALD1,-0.66579
KAZN,-0.75557
KBTBD11,1.2274
KBTBD12,0.32582
KBTBD13,0.44889
KBTBD2,1.2652
KBTBD3,0.00036743
KBTBD4,0.544
KBTBD6,-0.32644
KBTBD7,1.0225
KBTBD8,0.92864
KCMF1,1.5115
KCNA1,1.2312
KCNA10,2.3738
KCNA2,0.74117
KCNA3,1.3251
KCNA4,0.32858
KCNA5,0.16
KCNA6,-0.72088
KCNA7,0.2282
KCNAB1,-0.81553
KCNAB2,0.25984
KCNAB3,0.00062821
KCNB1,0.43164
KCNB2,0.083617
KCNC1,0.25491
KCNC2,0.49774
KCNC3,1.0163
KCNC4,0.86202
KCND1,0.46424
KCND2,0.56265
KCND3,1.3708
KCNE1,0.55833
KCNE2,1.8435
KCNE3,1.6105
KCNE5,-0.66002
KCNF1,0.81667
KCNG1,0.00025303
KCNG2,-0.25199
KCNG3,1.1394
KCNG4,-1.2519
KCNH1,0.60523
KCNH2,2.4823
KCNH3,1.8525
KCNH4,1.5044
KCNH5,-0.92149
KCNH6,1.1146
KCNH7,0.61521
KCNH8,-0.096378
KCNIP1,1.2824
KCNIP2,1.0541
KCNIP3,0.50572
KCNIP4,-1.1439
KCNJ1,0.64916
KCNJ10,0.45277
KCNJ11,-0.41363
KCNJ12,-0.36857
KCNJ13,0.50995
KCNJ14,1.795
KCNJ15,0.43053
KCNJ16,1.342
KCNJ18,-0.68963
KCNJ2,0.20945
KCNJ3,-0.88901
KCNJ4,0.00064986
KCNJ5,1.0971
KCNJ6,-0.85034
KCNJ8,0.94868
KCNJ9,0.05749
KCNK1,-0.73695
KCNK10,0.0019531
KCNK12,0.53427
KCNK13,0.85937
KCNK15,0.3751
KCNK16,0.0068846
KCNK17,1.2474
KCNK18,1.39
KCNK2,0.54206
KCNK3,0.36738
KCNK4,2.192
KCNK5,0.42616
KCNK6,1.5129
KCNK7,0.74203
KCNK9,0.064802
KCNMA1,-0.77005
KCNMB1,1.6668
KCNMB2,-0.47395
KCNMB3,-1.1242
KCNMB4,0.73562
KCNN1,0.00036364
KCNN2,-0.74657
KCNN3,0.75819
KCNN4,-0.50766
KCNQ1,0.94401
KCNQ2,-0.26331
KCNQ3,-0.10378
KCNQ4,-0.068466
KCNQ5,0.53573
KCNRG,-0.48833
KCNS1,0.88398
KCNS2,-1.5574
KCNS3,-0.39617
KCNT1,0.00020758
KCNT2,0.75423
KCNU1,0.54066
KCNV1,0.71289
KCNV2,-0.87647
KCP,1.2087
KCTD1,0.47669
KCTD10,1.5168
KCTD11,0.29693
KCTD12,-1.1443
KCTD13,1.1891
KCTD14,0.0013459
KCTD15,-0.35125
KCTD16,-0.41141
KCTD17,0.75413
KCTD18,1.4128
KCTD19,1.2851
KCTD2,-0.97595
KCTD20,0.00083803
KCTD21,0.95423
KCTD3,-0.26377
KCTD4,-0.57488
KCTD5,0.19666
KCTD6,0.53588
KCTD7,0.97846
KCTD8,-0.96507
KCTD9,1.4773
KDELC1,0.010529
KDELC2,1.9135
KDELR1,1.6436
KDELR2,2.098
KDELR3,1.3875
KDF1,0.76479
KDM1A,0.39743
KDM1B,0.62643
KDM2A,-0.80049
KDM2B,-0.18904
KDM3A,-0.92098
KDM3B,0.32777
KDM4A,-0.20214
KDM4B,-0.52503
KDM4C,0.22811
KDM4D,0.78689
KDM4E,0.1635
KDM5A,-0.40263
KDM5B,0.50331
KDM5C,0.69777
KDM5D,-0.4586
KDM6A,-2.1778
KDM6B,1.2528
KDM7A,0.62566
KDM8,-0.28877
KDR,0.92357
KDSR,0.95076
KEAP1,0.59298
KEL,1.0631
KERA,0.00066376
KHDC1,-1.2663
KHDC1L,-0.39149
KHDC3L,2.6209
KHDRBS1,0.79655
KHDRBS2,0.65495
KHDRBS3,2.222
KHK,1.629
KHNYN,0.94783
KHSRP,0.0015072
KIAA0100,-0.33094
KIAA0141,0.15933
KIAA0232,0.37997
KIAA0319,-0.78784
KIAA0319L,0.64885
KIAA0355,-0.62305
KIAA0368,1.2699
KIAA0391,-0.5306
KIAA0408,-0.4971
KIAA0513,-0.15386
KIAA0556,0.83286
KIAA0586,-0.61946
KIAA0753,0.34987
KIAA0754,0.59583
KIAA0825,-0.52134
KIAA0895,-0.24668
KIAA0895L,-0.58423
KIAA0907,-0.93672
KIAA0930,-0.52777
KIAA1024,-1.2802
KIAA1024L,-1.6099
KIAA1107,0.95574
KIAA1109,-0.46687
KIAA1143,-0.70886
KIAA1147,0.47053
KIAA1161,1.1269
KIAA1191,0.78538
KIAA1210,0.81152
KIAA1211,0.579
KIAA1211L,-0.63561
KIAA1217,1.0475
KIAA1257,0.87125
KIAA1324,1.9956
KIAA1324L,0.23007
KIAA1328,0.8305
KIAA1456,-0.045341
KIAA1468,-1.4509
KIAA1522,1.2194
KIAA1524,-0.40639
KIAA1549,1.3115
KIAA1549L,-0.51064
KIAA1551,1.1279
KIAA1586,-0.82766
KIAA1614,1.308
KIAA1644,-1.0486
KIAA1671,0.46315
KIAA1683,-0.92727
KIAA1755,0.66309
KIAA1841,-0.21355
KIAA1958,1.1875
KIAA2012,2.7064
KIAA2013,0.13785
KIDINS220,0.54646
KIF11,1.6671
KIF12,-0.17194
KIF13A,-0.48852
KIF13B,0.00097351
KIF14,-0.53084
KIF15,0.098295
KIF16B,1.4898
KIF17,2.278
KIF18A,1.4389
KIF18B,0.41864
KIF19,0.00018244
KIF1A,0.98339
KIF1B,1.1247
KIF1BP,0.78198
KIF1C,-0.99054
KIF20A,0.18545
KIF20B,1.6465
KIF21A,0.1777
KIF21B,1.2737
KIF22,2.6373
KIF23,0.65024
KIF24,1.625
KIF25,0.0002725
KIF26A,-0.78671
KIF26B,-0.45636
KIF27,0.94179
KIF2A,1.3523
KIF2B,0.4117
KIF2C,0.65131
KIF3A,0.00015891
KIF3B,-0.62313
KIF3C,0.39005
KIF4A,1.517
KIF4B,-0.90311
KIF5A,1.0251
KIF5B,-0.80662
KIF5C,0.0003041
KIF6,0.18987
KIF7,0.0012071
KIF9,-1.0502
KIFAP3,0.77945
KIFC1,-0.69049
KIFC2,-1.4428
KIFC3,-0.46363
KIN,0.55959
KIR2DL1,-0.96762
KIR2DL3,2.1425
KIR2DL4,0.67076
KIR3DL1,0.53308
KIR3DL2,0.80121
KIR3DL3,0.5966
KIRREL,0.47568
KIRREL2,0.48027
KIRREL3,0.38352
KISS1,-0.25736
KISS1R,0.75787
KIT,0.00077521
KITLG,0.33905
KIZ,0.70072
KL,-0.67565
KLB,-0.72767
KLC1,0.7246
KLC2,0.52996
KLC3,-0.15504
KLC4,0.60234
KLF1,-0.64159
KLF10,1.6464
KLF11,-1.4819
KLF12,1.0493
KLF13,-1.4652
KLF14,0.15753
KLF15,1.2636
KLF16,2.4014
KLF17,-0.60552
KLF2,-0.61439
KLF3,0.00024792
KLF4,-0.42093
KLF5,1.8128
KLF6,0.64543
KLF7,1.002
KLF8,-0.30685
KLF9,1.0082
KLHDC1,0.51274
KLHDC10,0.726
KLHDC2,-0.97557
KLHDC3,0.022718
KLHDC4,0.22668
KLHDC7A,1.507
KLHDC7B,0.11689
KLHDC8A,-0.49106
KLHDC8B,-1.6317
KLHDC9,0.50418
KLHL1,-1.166
KLHL10,2.0798
KLHL11,-0.89391
KLHL12,-0.43809
KLHL13,0.99007
KLHL14,0.0051268
KLHL15,0.51876
KLHL17,0.29021
KLHL18,0.68807
KLHL2,0.51933
KLHL20,-1.2315
KLHL21,-0.14873
KLHL22,-3.0679
KLHL23,1.0643
KLHL24,-0.73385
KLHL25,0.20953
KLHL26,2.5784
KLHL28,0.44334
KLHL29,0.88704
KLHL3,-1.025
KLHL30,0.66838
KLHL31,-0.51962
KLHL32,0.3957
KLHL33,-0.17661
KLHL34,1.166
KLHL35,0.5091
KLHL36,1.2997
KLHL38,0.4078
KLHL4,0.55797
KLHL40,0.31687
KLHL41,1.5944
KLHL42,-0.72068
KLHL5,0.3404
KLHL6,3.3472
KLHL7,-0.91827
KLHL8,0.39265
KLHL9,-0.94829
KLK1,-1.0633
KLK10,1.9517
KLK11,1.6695
KLK12,1.2451
KLK13,-0.71286
KLK14,-0.94015
KLK15,-0.53793
KLK2,-0.90197
KLK3,0.19252
KLK4,0.29546
KLK5,0.0054643
KLK6,-1.0066
KLK7,-0.076898
KLK8,0.0017358
KLK9,-0.77079
KLKB1,1.5727
KLLN,1.5838
KLRB1,0.95004
KLRC1,-0.64499
KLRC2,0.81869
KLRC3,1.3887
KLRC4,0.33689
KLRC4-KLRK1,0.91897
KLRD1,0.38833
KLRF1,-0.88162
KLRF2,0.001333
KLRG1,-0.065198
KLRG2,0.27324
KLRK1,0.30719
KMO,0.83982
KMT2A,0.03458
KMT2B,-1.7303
KMT2C,0.5706249999999999
KMT2D,0.0033091
KMT2E,0.789775
KMT5A,1.0346
KMT5B,1.266
KMT5C,0.0058067
KNCN,1.1913
KNDC1,-1.0975
KNG1,-1.2162
KNL1,2.0801
KNOP1,-0.44272
KNSTRN,-0.44032
KNTC1,1.4646
KPNA1,-0.15973
KPNA2,-0.44672
KPNA3,1.3193
KPNA4,-0.31469
KPNA5,-0.18709
KPNA6,1.2099
KPNA7,-0.61423
KPNB1,1.3286
KPRP,-0.49383
KPTN,-2.0002
KRAS,-1.8589
KRBA1,1.1116
KRBA2,1.0471
KRBOX1,1.1249
KRBOX4,0.39637
KRCC1,1.1448
KREMEN1,1.5681
KREMEN2,0.9407
KRIT1,-0.27775
KRR1,2.4502
KRT1,2.2712
KRT10,0.71969
KRT12,1.2258
KRT13,1.7567
KRT14,-0.51715
KRT15,-0.60387
KRT16,-1.0332
KRT17,-0.21796
KRT18,-1.9689
KRT19,1.7975
KRT2,0.0003505
KRT20,0.36979
KRT222,0.9455
KRT23,-0.67127
KRT24,-0.56579
KRT25,1.0819
KRT26,1.7882
KRT27,0.00018937
KRT28,1.7442
KRT3,0.00029342
KRT31,-0.66845
KRT32,-0.5345
KRT33A,0.53112
KRT33B,0.60712
KRT34,-0.27384
KRT35,1.0297
KRT36,1.1987
KRT37,-0.7722
KRT38,1.7518
KRT39,0.67963
KRT4,1.2251
KRT40,1.1013
KRT5,0.5998
KRT6A,-1.1527
KRT6B,-1.1021
KRT6C,-0.4994
KRT7,0.59401
KRT71,1.3936
KRT72,-0.70271
KRT73,0.048564
KRT74,-1.4654
KRT75,0.33584
KRT76,0.00016489
KRT77,-0.94165
KRT78,-0.67884
KRT79,-0.58003
KRT8,0.23161
KRT80,2.6415
KRT81,1.4835
KRT82,0.58495
KRT83,0.29205
KRT84,1.0128
KRT85,0.017181
KRT86,0.35348
KRT9,-0.39178
KRTAP1-1,1.2993
KRTAP1-3,0.19192
KRTAP1-4,-0.64534
KRTAP1-5,0.55971
KRTAP10-1,-0.67946
KRTAP10-10,-1.2176
KRTAP10-11,-0.38982
KRTAP10-12,0.68983
KRTAP10-2,1.0056
KRTAP10-3,1.2822
KRTAP10-4,1.129
KRTAP10-5,0.41426
KRTAP10-6,-0.42679
KRTAP10-7,0.45753
KRTAP10-8,0.068594
KRTAP10-9,-0.92342
KRTAP11-1,0.76721
KRTAP12-1,0.5652
KRTAP12-2,1.5977
KRTAP12-3,0.66751
KRTAP12-4,1.0309
KRTAP13-1,1.5845
KRTAP13-2,-0.74569
KRTAP13-3,0.017617
KRTAP13-4,-0.83451
KRTAP15-1,0.41626
KRTAP16-1,0.19353
KRTAP17-1,0.4514
KRTAP19-1,0.019206
KRTAP19-2,-2.1076
KRTAP19-3,-0.33409
KRTAP19-4,-0.49651
KRTAP19-5,-0.61175
KRTAP19-6,0.00023251
KRTAP19-7,0.70389
KRTAP19-8,-1.4994
KRTAP2-1,-0.02416
KRTAP2-2,-1.5488
KRTAP2-3,-2.092
KRTAP2-4,-3.7733
KRTAP20-1,1.322
KRTAP20-2,-0.44802
KRTAP20-3,0.86654
KRTAP21-1,-0.52073
KRTAP21-2,0.99569
KRTAP21-3,-0.58112
KRTAP22-1,0.8866
KRTAP22-2,0.0011691
KRTAP23-1,1.0198
KRTAP24-1,-0.35434
KRTAP25-1,-0.73212
KRTAP26-1,-0.60463
KRTAP27-1,-1.0959
KRTAP29-1,-0.13913
KRTAP3-1,1.4188
KRTAP3-2,0.40134
KRTAP3-3,-0.38982
KRTAP4-1,-0.41101
KRTAP4-11,0.72945
KRTAP4-12,-1.7531
KRTAP4-2,0.30419
KRTAP4-3,-0.74886
KRTAP4-4,-0.43273
KRTAP4-5,0.42582
KRTAP4-6,0.84139
KRTAP4-7,-0.74328
KRTAP4-8,1.1438
KRTAP4-9,0.62673
KRTAP5-1,-0.77474
KRTAP5-10,1.4815
KRTAP5-11,1.2914
KRTAP5-2,0.82571
KRTAP5-3,-1.516
KRTAP5-4,0.82235
KRTAP5-5,-1.5128
KRTAP5-6,0.0011551
KRTAP5-7,-0.34563
KRTAP5-8,1.9254
KRTAP5-9,1.2665
KRTAP6-1,-1.4988
KRTAP6-2,-1.2778
KRTAP6-3,0.001026
KRTAP7-1,0.95845
KRTAP8-1,1.4027
KRTAP9-1,-0.47166
KRTAP9-2,-1.0202
KRTAP9-3,0.36937
KRTAP9-4,0.79016
KRTAP9-6,0.72652
KRTAP9-7,1.1204
KRTAP9-8,-0.70906
KRTAP9-9,0.81314
KRTCAP2,1.065
KRTCAP3,1.9024
KRTDAP,-0.72893
KSR1,1.5672
KSR2,0.50739
KTI12,1.92
KTN1,1.6693
KXD1,1.0124
KY,-1.8347
KYAT1,-0.44513
KYAT3,1.9078
KYNU,-0.32838
L1CAM,0.0020972
L1TD1,1.7179
L2HGDH,0.0021807
L3HYPDH,-0.72713
L3MBTL1,0.1257
L3MBTL2,-1.1501
L3MBTL3,-1.4104
L3MBTL4,-0.64395
LACC1,0.8151
LACRT,1.1506
LACTB,-0.1643
LACTB2,-0.032382
LAD1,-1.0563
LAG3,0.42734
LAGE3,0.46817
LAIR1,0.13228
LAIR2,0.057685
LALBA,-0.31005
LAMA1,0.7847
LAMA2,0.71392
LAMA3,-0.88702
LAMA4,0.72778
LAMA5,0.13355
LAMB1,0.61401
LAMB2,-0.70461
LAMB3,0.00049701
LAMB4,-0.54863
LAMC1,-0.55565
LAMC2,-0.64625
LAMC3,-1.4812
LAMP1,-1.0194
LAMP2,-0.17249
LAMP3,0.0022809
LAMP5,-0.45367
LAMTOR1,0.39529
LAMTOR2,0.7609
LAMTOR3,1.7422
LAMTOR4,2.1433
LAMTOR5,1.8912
LANCL1,1.3797
LANCL2,-0.098915
LANCL3,-0.57522
LAP3,0.91246
LAPTM4A,-0.63033
LAPTM4B,0.18832
LAPTM5,0.79894
LARGE1,-0.62296
LARGE2,1.9848
LARP1,-0.87812
LARP1B,-0.07358
LARP4,-0.19006
LARP4B,0.011284
LARP6,0.00028883
LARP7,-0.37642
LARS,1.3904
LARS2,1.769
LAS1L,0.78571
LASP1,-0.14188
LAT,-0.077928
LAT2,1.1603
LATS1,1.2554
LATS2,1.1595
LAX1,1.6804
LAYN,0.85629
LBH,-0.34923
LBP,-0.13954
LBR,-0.74908
LBX1,0.80241
LBX2,0.46781
LCA5,0.65406
LCA5L,1.2014
LCAT,0.00036346
LCE1A,0.73806
LCE1B,0.00041199
LCE1C,-1.2765
LCE1D,0.81797
LCE1E,-0.91788
LCE1F,0.57733
LCE2A,-0.76773
LCE2B,1.7757
LCE2C,-0.26948
LCE2D,1.2247
LCE3A,1.1335
LCE3B,0.00092138
LCE3C,0.10221
LCE3D,-0.76568
LCE3E,1.7068
LCE4A,2.1294
LCE5A,0.96319
LCE6A,-1.0862
LCK,-0.41051
LCLAT1,0.26183
LCMT1,-1.9006
LCMT2,1.7673
LCN1,-0.73615
LCN10,1.2338
LCN12,0.6781
LCN15,-0.026509
LCN2,0.65808
LCN6,0.59484
LCN8,-0.35236
LCN9,0.96895
LCNL1,1.2083
LCOR,0.57347039
LCORL,-0.33249
LCP1,1.0185
LCP2,0.49211
LCT,0.30787
LCTL,0.0023155
LDAH,0.00030489
LDB1,-1.2352
LDB2,0.91669
LDB3,0.37883
LDHA,0.77846
LDHAL6A,0.0024028
LDHAL6B,-1.2114
LDHB,-1.1131
LDHC,0.77522
LDHD,0.96623
LDLR,-0.57335
LDLRAD1,0.93041
LDLRAD2,1.3142
LDLRAD3,0.4716
LDLRAD4,-0.23684
LDLRAP1,-0.65233
LDOC1,0.59709
LEAP2,0.7562
LECT2,-0.88431
LEF1,0.96271
LEFTY1,1.5062
LEFTY2,1.5792
LEKR1,-0.59936
LELP1,0.42114
LEMD1,1.4837
LEMD2,-0.35347
LEMD3,0.62394
LENEP,0.24424
LENG1,0.73374
LENG8,0.28863
LENG9,1.6456
LEO1,0.9388
LEP,1.9232
LEPR,1.1323
LEPROT,0.21341
LEPROTL1,-0.45683
LETM1,0.45314
LETM2,1.107
LETMD1,-0.06169
LEXM,1.8394
LFNG,0.82705
LGALS1,2.2244
LGALS12,0.46744
LGALS13,-0.64367
LGALS14,0.017495
LGALS16,0.76566
LGALS2,-0.70812
LGALS3,0.19139
LGALS3BP,1.8928
LGALS4,0.61672
LGALS7,1.8208
LGALS7B,0.35262
LGALS8,0.30668
LGALS9,0.4563
LGALS9B,0.90303
LGALS9C,1.6347
LGALSL,1.1704
LGI1,1.805
LGI2,1.4762
LGI3,-0.78724
LGI4,-0.28601
LGMN,2.5908
LGR4,0.82616
LGR5,-0.44174
LGR6,0.645
LGSN,-0.13862
LHB,-0.86333
LHCGR,-0.10165
LHFP,-0.45176
LHFPL1,0.13087
LHFPL2,0.32571
LHFPL3,1.5315
LHFPL4,-1.2459
LHFPL5,0.49991
LHPP,0.52825
LHX1,0.75924
LHX2,0.97713
LHX3,-0.90537
LHX4,1.5811
LHX5,-0.25801
LHX6,-0.80784
LHX8,0.91536
LHX9,0.42884
LIAS,0.89147
LIF,-0.13029
LIFR,-1.1739
LIG1,1.7053
LIG3,0.38114
LIG4,1.2876
LILRA1,0.84687
LILRA2,0.003141
LILRA3,-1.091
LILRA4,1.3648
LILRA5,-0.15342
LILRA6,1.2578
LILRB1,-0.23003
LILRB2,1.6454
LILRB3,-1.4644
LILRB4,0.53319
LILRB5,1.6467
LIM2,0.3701
LIMA1,1.1483
LIMCH1,0.48581
LIMD1,0.8997
LIMD2,0.56144
LIME1,0.0019854
LIMK1,2.3798
LIMK2,-1.0868
LIMS1,1.9848
LIMS2,0.44531
LIMS3,0.56684
LIMS4,-0.042382
LIN28A,1.0398
LIN28B,-0.42198
LIN37,-0.77941
LIN52,1.2021
LIN54,0.74217
LIN7A,1.1103
LIN7B,-0.95565
LIN7C,-0.40634
LIN9,-0.21547
LINC01387,-1.0433
LINC01465,1.4542
LINC01565,0.62051
LINC01587,-1.1124
LINC01588,1.1106
LINC01599,0.001299
LINC01600,-1.1811
LINC01619,0.24266
LINC01621,1.1136
LINC01750,-0.53179
LINGO1,0.5003
LINGO2,0.0006082
LINGO3,0.45258
LINGO4,1.142
LINS1,0.97381
LIPA,-0.50489
LIPC,0.00016169
LIPE,1.3627
LIPF,0.80767
LIPG,0.032906
LIPH,0.77659
LIPI,0.40357
LIPJ,-0.06098
LIPK,-0.25888
LIPM,0.62122
LIPN,-0.22736
LIPT1,-0.39222
LIPT2,-2.2757
LITAF,2.1966
LIX1,-0.84108
LIX1L,1.2173
LKAAEAR1,-0.37038
LLGL1,-0.29225
LLGL2,-0.19716
LLPH,-0.57907
LMAN1,0.50541
LMAN1L,-1.249
LMAN2,0.42635
LMAN2L,0.2452
LMBR1,0.80329
LMBR1L,0.014399
LMBRD1,0.37975
LMBRD2,-1.1791
LMCD1,-0.4271
LMF1,0.10109
LMF2,0.00057004
LMLN,-0.2564
LMNA,0.47172
LMNB1,-0.33157
LMNB2,0.47144
LMNTD1,1.9207
LMNTD2,2.7518
LMO1,0.61412
LMO2,-2.2806
LMO3,1.0769
LMO4,0.99404
LMO7,0.6938
LMO7DN,-0.52144
LMOD1,0.25862
LMOD2,1.4391
LMOD3,-0.38162
LMTK2,1.1226
LMTK3,-0.40605
LMX1A,0.7988
LMX1B,0.00027634
LNP1,0.061866
LNPEP,-0.6954
LNPK,0.3525
LNX1,-1.2487
LNX2,0.35221
LOC100129083,0.023272
LOC100129636,0.17162
LOC100130357,1.8437
LOC100130370,-0.13709
LOC100130451,0.0011238
LOC100130705,0.34663
LOC100130880,0.89682
LOC100144595,0.00032719
LOC100287036,-0.43578
LOC100287534,-0.68161
LOC100288255,-1.2803
LOC100289561,1.2327
LOC100505549,0.83023
LOC100505841,-0.8894
LOC100506388,1.0955
LOC100506422,-1.4246
LOC100506688,1.0758
LOC149373,-0.3916
LOC158434,1.3101
LOC283710,-0.28631
LOC286238,0.81241
LOC339862,0.85043
LOC388813,-0.73288
LOC389895,-0.77299
LOC391322,1.1481
LOC401052,0.77983
LOC441155,0.9602
LOC554223,-0.30827
LOC643802,0.85897
LOC650293,2.2274
LOC728392,0.4332
LOC730183,0.58632
LONP1,-0.20229
LONP2,0.00086309
LONRF1,0.97687
LONRF2,0.1693
LONRF3,0.84294
LOR,-1.3462
LOX,1.2172
LOXHD1,0.592
LOXL1,0.3906
LOXL2,0.70978
LOXL3,0.00055308
LOXL4,-0.36119
LPA,-0.75449
LPAR1,0.4685
LPAR2,-0.62248
LPAR3,1.6789
LPAR4,0.10749
LPAR5,1.0724
LPAR6,1.624
LPCAT1,0.63176
LPCAT2,0.94263
LPCAT3,-1.1679
LPCAT4,0.9436
LPGAT1,0.13918
LPIN1,-1.4546
LPIN2,0.38702
LPIN3,1.646
LPL,0.0011117
LPO,-1.5688
LPP,0.44306
LPXN,-0.69812
LRAT,-0.75403
LRBA,1.4241
LRCH1,-0.59009
LRCH2,-0.68271
LRCH3,0.84066
LRCH4,1.341
LRCOL1,0.19216
LRFN1,0.47934
LRFN2,2.562
LRFN3,0.47727
LRFN4,1.0565
LRFN5,-1.0569
LRG1,0.79668
LRGUK,0.47584
LRIF1,1.7903
LRIG1,0.24642
LRIG2,1.0705
LRIG3,1.0043
LRIT1,-0.97144
LRIT2,1.6097
LRIT3,-0.38907
LRMDA,-0.42888
LRMP,0.00028926
LRP1,0.83862
LRP10,1.8211
LRP11,0.94177
LRP12,2.5756
LRP1B,-0.84332
LRP2,0.32189
LRP2BP,-0.79954
LRP3,-0.13669
LRP4,-0.63556
LRP5,1.0928
LRP5L,0.33659
LRP6,-0.60871
LRP8,-0.08661
LRPAP1,0.81829
LRPPRC,2.975
LRR1,0.00025742
LRRC1,0.00048551
LRRC10,2.157
LRRC10B,0.50238
LRRC14,-0.63426
LRRC14B,1.7677
LRRC15,0.50595
LRRC17,8.29e-05
LRRC18,0.39852
LRRC19,0.66026
LRRC2,0.35272
LRRC20,0.00084006
LRRC23,0.57564
LRRC24,-0.40357
LRRC25,0.28528
LRRC26,-0.81009
LRRC27,0.59258
LRRC28,2.3057
LRRC29,0.4531
LRRC3,-2.114
LRRC30,0.042272
LRRC31,-0.82208
LRRC32,0.90812
LRRC34,0.27745
LRRC36,0.65377
LRRC37A,1.2038
LRRC37A2,0.38356
LRRC37A3,1.0287
LRRC37B,-0.22743
LRRC38,0.00027162
LRRC39,1.2153
LRRC3B,1.3155
LRRC3C,0.5758
LRRC4,-1.1635
LRRC40,0.26618
LRRC41,1.2376
LRRC42,2.2885
LRRC43,1.6863
LRRC45,0.68241
LRRC46,1.8156
LRRC47,0.90569
LRRC49,0.00042924
LRRC4B,-1.4934
LRRC4C,0.65571
LRRC52,-1.3296
LRRC55,-0.51743
LRRC56,1.0614
LRRC57,-0.40382
LRRC58,1.7495
LRRC59,0.51201
LRRC6,2.1305
LRRC61,-0.652
LRRC66,0.0011717
LRRC7,0.32759
LRRC70,0.81249
LRRC71,1.0091
LRRC72,0.74302
LRRC73,0.91153
LRRC74A,0.00099554
LRRC75A,0.17558
LRRC75B,-0.66174
LRRC8A,1.0256
LRRC8B,-0.66378
LRRC8C,0.9233
LRRC8D,0.66484
LRRC8E,0.0022912
LRRCC1,-0.72697
LRRD1,2.2326
LRRFIP1,0.20513
LRRFIP2,0.3428
LRRIQ1,-0.38413
LRRIQ3,-1.3713
LRRIQ4,0.47479
LRRK1,0.57911
LRRK2,-1.2702
LRRN1,0.8944
LRRN2,-1.9295
LRRN3,0.93921
LRRN4,0.15499
LRRN4CL,-0.39146
LRRTM1,0.61666
LRRTM2,0.002318
LRRTM3,1.7572
LRRTM4,-0.596
LRSAM1,0.46779
LRTM1,0.0026769
LRTM2,0.86469
LRTOMT,0.45537
LRWD1,0.28289
LSAMP,1.6665
LSG1,1.3416
LSM1,-0.79928
LSM10,0.62619
LSM11,-0.88372
LSM12,-1.4976
LSM14A,-1.0763
LSM14B,-0.41737
LSM2,0.31947
LSM3,-0.63824
LSM4,0.20804
LSM5,0.76239
LSM6,0.10867
LSM7,-0.27403
LSMEM1,0.50588
LSMEM2,0.21619
LSP1,0.4171
LSR,1.8837
LSS,0.51772
LST1,-0.37105
LTA,0.73292
LTA4H,-0.086399
LTB,-0.040117
LTB4R,1.5387
LTB4R2,1.1062
LTBP1,0.37808
LTBP2,1.0958
LTBP3,0.88759
LTBP4,0.78426
LTBR,-0.71069
LTC4S,1.132
LTF,0.57496
LTK,0.90125
LTN1,-1.3967
LTV1,1.4022
LUC7L,0.58928
LUC7L2,0.23146
LUC7L3,2.3839
LUM,0.16561
LURAP1,-0.12418
LURAP1L,1.0296
LUZP1,-0.6725
LUZP2,-0.36075
LUZP4,0.0013859
LUZP6,0.66039
LVRN,0.0063705
LXN,0.74477
LY6D,0.56079
LY6E,-1.2237
LY6G5B,-0.27942
LY6G5C,-0.36875
LY6G6C,-1.5244
LY6G6D,0.76444
LY6G6F,-0.45804
LY6H,-0.98541
LY6K,0.61805
LY75,2.3615
LY75-CD302,0.89329
LY86,-0.5149
LY9,-0.5459
LY96,0.6609
LYAR,0.061202
LYG1,-0.73916
LYG2,1.7687
LYL1,-1.3615
LYN,-0.86663
LYNX1,-0.51158
LYPD1,0.96014
LYPD2,1.2654
LYPD3,1.5028
LYPD4,0.94728
LYPD5,-0.22838
LYPD6,0.16839
LYPD6B,-0.71723
LYPD8,-0.88472
LYPLA1,0.54339
LYPLA2,-0.19825
LYPLAL1,0.77989
LYRM1,-0.10831
LYRM2,1.1462
LYRM4,0.5792
LYRM7,1.2272
LYRM9,-0.55679
LYSMD1,0.68389
LYSMD2,-0.61708
LYSMD3,-0.96162
LYSMD4,0.79864
LYST,1.6964
LYVE1,-0.12396
LYZ,1.3955
LYZL1,0.32836
LYZL2,0.13678
LYZL4,0.90542
LYZL6,0.00027082
LZIC,0.37761
LZTFL1,-1.5071
LZTR1,-0.38534
LZTS1,1.4295
LZTS2,-0.52625
M1AP,-1.1947
M6PR,-1.4377
MAATS1,-0.30795
MAB21L1,1.0298
MAB21L2,0.70615
MAB21L3,0.32768
MACC1,-0.081979
MACF1,-0.026362
MACROD1,0.93534
MACROD2,0.019298
MAD1L1,1.1801
MAD2L1,-0.67207
MAD2L1BP,-0.194
MAD2L2,0.63131
MADCAM1,0.00043088
MADD,0.96528
MAEA,1.2909
MAEL,-1.166
MAF,1.6065
MAF1,0.73549
MAFA,-0.31663
MAFB,0.64216
MAFF,0.59787
MAFG,-0.58966
MAFK,0.84048
MAG,-0.91161
MAGEA1,0.52846
MAGEA10,1.068
MAGEA10-MAGEA5,1.3482
MAGEA11,0.66286
MAGEA12,1.8455
MAGEA2,1.0253
MAGEA2B,0.82898
MAGEA3,0.00039235
MAGEA4,0.00092452
MAGEA6,0.83018
MAGEA8,0.46846
MAGEA9,1.3211
MAGEA9B,-2.9216
MAGEB1,0.35026
MAGEB10,1.1572
MAGEB16,0.87578
MAGEB17,1.5238
MAGEB18,0.041405
MAGEB2,0.0013207
MAGEB3,-0.47004
MAGEB4,1.3358
MAGEB5,0.22122
MAGEB6,-0.6846
MAGEC1,0.60065
MAGEC2,-0.90733
MAGEC3,-1.549
MAGED1,0.74922
MAGED2,0.24842
MAGED4,-1.0644
MAGED4B,0.21049
MAGEE1,-0.17981
MAGEE2,0.44611
MAGEF1,1.2058
MAGEH1,-0.96188
MAGEL2,0.35648
MAGI1,-0.55248
MAGI2,1.6001
MAGI3,0.56524
MAGIX,0.48344
MAGOH,1.1987
MAGOHB,0.69644
MAGT1,-1.3173
MAIP1,-1.4229
MAJIN,1.3014
MAK,1.9123
MAK16,-0.54228
MAL,-0.72899
MAL2,0.22535
MALL,0.61622
MALSU1,0.70461
MALT1,0.87449
MAMDC2,0.49262
MAMDC4,1.5427
MAML1,1.7887
MAML2,-1.4435
MAML3,-0.35847
MAMLD1,0.7868
MAMSTR,0.96775
MAN1A1,-0.64705
MAN1A2,0.19571
MAN1B1,0.56506
MAN1C1,0.60831
MAN2A1,0.62663
MAN2A2,1.5402
MAN2B1,-0.21616
MAN2B2,-0.75328
MAN2C1,-0.23359
MANBA,1.3884
MANBAL,0.45054
MANEA,1.3884
MANEAL,0.50568
MANF,-0.46256
MANSC1,1.6625
MANSC4,0.080277
MAOA,0.96475
MAOB,-0.49944
MAP10,-0.22865
MAP1A,-0.68932
MAP1B,-0.42614
MAP1LC3A,1.9485
MAP1LC3B,0.78828
MAP1LC3B2,0.73052
MAP1LC3C,0.41385
MAP1S,-0.47347
MAP2,1.409
MAP2K1,3.0004
MAP2K2,-0.096872
MAP2K3,1.2914
MAP2K4,2.0086
MAP2K5,1.7708
MAP2K6,0.67305
MAP2K7,0.00018229
MAP3K1,1.3484
MAP3K10,0.35295
MAP3K11,1.7835
MAP3K12,2.0763
MAP3K13,0.0017083
MAP3K14,1.7083
MAP3K19,-0.5337
MAP3K2,0.38634
MAP3K20,-1.003
MAP3K21,1.2439
MAP3K3,0.84293
MAP3K4,0.72761
MAP3K5,-0.90464
MAP3K6,0.85268
MAP3K7,-0.78847
MAP3K7CL,0.81371
MAP3K8,0.00068299
MAP3K9,1.213
MAP4,-0.67435
MAP4K1,1.4248
MAP4K2,2.6766
MAP4K3,-0.39447
MAP4K4,0.48487
MAP4K5,0.58081
MAP6,-0.65828
MAP6D1,-0.36194
MAP7,-0.5009
MAP7D1,0.00037378
MAP7D2,0.81863
MAP7D3,0.70424
MAP9,-0.58524
MAPK1,0.8372
MAPK10,0.47797
MAPK11,0.00072756
MAPK12,-0.25229
MAPK13,1.2665
MAPK14,0.00031749
MAPK15,-0.37161
MAPK1IP1L,0.70847
MAPK3,-0.6875
MAPK4,-1.2979
MAPK6,0.23666
MAPK7,-0.92085
MAPK8,1.0161
MAPK8IP1,1.1226
MAPK8IP2,1.1347
MAPK8IP3,1.2155
MAPK9,0.3153
MAPKAP1,3.6866
MAPKAPK2,0.069815
MAPKAPK3,-0.36383
MAPKAPK5,0.28719
MAPKBP1,-0.13521
MAPRE1,0.63007
MAPRE2,0.78477
MAPRE3,0.63112
MAPT,-0.2054
MARCH10,-1.4044
MARCH11,0.94042
MARCH3,-0.89604
MARCH4,0.00059661
MARCH5,0.6804
MARCH6,-1.1746
MARCH7,0.34673
MARCH8,1.1526
MARCH9,0.020861
MARCKS,0.078484
MARCKSL1,0.00033811
MARCO,1.8362
MARF1,-1.1214
MARK1,-2.0699
MARK2,1.5849
MARK3,-0.64719
MARK4,-0.31079
MARS,-1.2567
MARS2,-0.3649
MARVELD2,0.19629
MARVELD3,0.43056
MAS1,-0.20476
MAS1L,-1.0046
MASP1,-1.2433
MASP2,-0.5963
MAST1,-0.99526
MAST2,0.77824
MAST3,-1.4914
MAST4,-0.3162
MASTL,0.77136
MAT1A,-1.1389
MAT2A,-0.78968
MAT2B,0.5294
MATK,0.75659
MATN1,1.9327
MATN2,1.1456
MATN3,0.82712
MATN4,0.80397
MATR3,0.92827
MAU2,-1.5569
MAVS,1.1154
MAX,7.78e-05
MAZ,1.0266
MB,0.0051654
MB21D1,0.29536
MB21D2,-0.38447
MBD1,0.55092
MBD2,0.41702
MBD3,0.9349
MBD3L1,1.7166
MBD3L2,-0.80526
MBD3L3,0.47474
MBD3L4,1.3941
MBD3L5,-1.8056
MBD4,-0.62961
MBD5,0.73073
MBD6,0.48785
MBIP,0.38883
MBL2,0.47045
MBLAC1,0.43246
MBLAC2,0.78741
MBNL1,-0.45337
MBNL2,1.1989
MBNL3,1.0247
MBOAT1,0.95844
MBOAT2,-0.77694
MBOAT4,-1.0451
MBOAT7,1.447
MBP,0.53496
MBTD1,1.3319
MBTPS1,0.0027006
MBTPS2,-0.61427
MC1R,0.65052
MC2R,0.74666
MC3R,0.36594
MC4R,-0.21434
MC5R,0.69843
MCAM,0.32338
MCAT,0.37237
MCC,-1.3625
MCCC1,-1.0485
MCCC2,-1.2329
MCCD1,0.82755
MCEE,0.49429
MCEMP1,0.13059
MCF2,0.54972
MCF2L,-0.82602
MCF2L2,1.3506
MCFD2,-0.84565
MCHR1,0.92058
MCHR2,-0.14515
MCIDAS,1.0798
MCL1,0.93604
MCM10,2.0009
MCM2,-0.86989
MCM3,1.8139
MCM3AP,-0.55888
MCM4,1.3992
MCM5,-1.4323
MCM6,-1.5595
MCM7,-0.87254
MCM8,0.35187
MCM9,-0.76291
MCMBP,-0.55631
MCMDC2,-1.1168
MCOLN1,1.1979
MCOLN2,0.63232
MCOLN3,0.0014256
MCPH1,0.00011497
MCRIP1,-0.11565
MCRIP2,0.35513
MCRS1,1.1298
MCTP1,-0.024232
MCTP2,1.6561
MCTS1,0.3168
MCU,-0.42574
MCUB,-0.90685
MCUR1,0.59225
MDC1,0.91457
MDFI,0.64118
MDFIC,1.0515
MDGA1,0.24907
MDGA2,0.73734
MDH1,0.567
MDH1B,0.021813
MDH2,2.0377
MDK,-0.72063
MDM1,1.5199
MDM2,2.0147
MDM4,-0.48189
MDN1,-0.42869
MDP1,-0.084495
ME1,-0.37444
ME2,2.2918
ME3,1.1967
MEA1,-0.55742
MEAF6,1.1075
MECOM,-1.9104
MECP2,-0.88178
MECR,1.7367
MED1,2.8584
MED10,0.72132
MED11,0.80371
MED12,1.5752
MED12L,0.00036047
MED13,0.00066992
MED13L,-0.55505
MED14,0.34775
MED15,0.97865
MED16,0.0003287
MED17,-1.7736
MED18,-0.59104
MED19,1.7743
MED20,0.83006
MED21,2.0884
MED22,1.853
MED23,-2.0338
MED24,-0.87015
MED25,-1.1462
MED26,0.66471
MED27,-1.1569
MED28,-0.45532
MED29,0.0003954
MED30,-0.94644
MED31,0.13314
MED4,1.661
MED6,1.1241
MED7,0.46437
MED8,2.1768
MED9,0.00037338
MEDAG,0.96949
MEF2A,-0.52502
MEF2B,1.6645
MEF2C,-0.16327
MEF2D,1.09
MEFV,-0.47618
MEGF10,1.0498
MEGF11,0.63718
MEGF6,0.66779
MEGF8,1.8657
MEGF9,1.2326
MEI1,-0.52315
MEIG1,0.1734
MEIOB,0.89582
MEIOC,-0.14147
MEIS1,0.17213
MEIS2,-0.78886
MEIS3,0.25228
MELK,0.3525
MELTF,-0.56966
MEMO1,-0.056133
MEN1,0.17199
MEOX1,-0.43556
MEOX2,1.2218
MEP1A,0.60708
MEP1B,0.4869
MEPCE,-0.67844
MEPE,0.037137
MERTK,1.8995
MESD,-1.1934
MESP1,1.071
MESP2,0.98951
MEST,2.2456
MET,1.0111
METAP1,0.68185
METAP1D,1.3655
METAP2,1.0286
METRN,0.91262
METRNL,0.42771
METTL1,2.7848
METTL11B,-0.48717
METTL12,1.4696
METTL13,-1.5676
METTL14,0.89084
METTL15,1.0946
METTL16,-0.69085
METTL17,0.33087
METTL18,-1.6021
METTL21A,-0.39139
METTL21C,0.00088856
METTL22,-0.39124
METTL23,1.0257
METTL24,0.85976
METTL25,1.8438
METTL26,0.42503
METTL27,1.6114
METTL2A,0.81314
METTL2B,1.9744
METTL3,1.2826
METTL4,0.46059
METTL5,0.16541
METTL6,0.66903
METTL7A,0.98663
METTL7B,0.63944
METTL9,1.3069
MEX3A,-0.89168
MEX3B,-0.70085
MEX3C,-1.6141
MEX3D,0.29906
MFAP1,1.4945
MFAP2,0.52021
MFAP3,-0.65123
MFAP3L,-0.80251
MFAP4,1.3148
MFAP5,-1.4664
MFF,0.27752
MFGE8,-0.85133
MFHAS1,-1.2584
MFN1,0.39831
MFN2,1.6134
MFNG,-0.57067
MFRP,-0.5961
MFSD1,1.1415
MFSD10,0.39576
MFSD11,0.53342
MFSD12,-1.2188
MFSD13A,1.9221
MFSD14A,1.2519
MFSD14B,-0.35862
MFSD2A,1.7315
MFSD2B,-0.57333
MFSD3,-0.15298
MFSD4A,1.6635
MFSD4B,0.00043379
MFSD5,0.92126
MFSD6,0.00023018
MFSD6L,1.3058
MFSD7,-0.43669
MFSD8,0.43958
MFSD9,0.68044
MGA,-3.2482
MGAM,0.35002
MGARP,0.78181
MGAT1,-1.5649
MGAT2,-1.0281
MGAT3,-0.82847
MGAT4A,0.30026
MGAT4B,1.2612
MGAT4C,0.00058086
MGAT4D,-0.17675
MGAT5,0.97688
MGAT5B,0.00015639
MGEA5,-0.78585
MGLL,-0.24917
MGME1,1.0948
MGMT,0.00041321
MGP,0.35216
MGRN1,-0.29636
MGST1,1.0986
MGST2,0.59325
MGST3,-0.99275
MIA,0.69552
MIA2,0.655565
MIA3,0.76171
MIB1,-1.3276
MIB2,0.38181
MICA,0.0094418
MICAL1,0.00014111
MICAL2,1.0619
MICAL3,-0.65134
MICALCL,0.23716
MICALL1,0.56462
MICALL2,-1.6217
MICB,3.1512
MICU1,1.6044
MICU2,0.22312
MICU3,-1.1229
MID1,0.26931
MID1IP1,1.7223
MID2,0.37007
MIDN,7.91e-05
MIEF1,0.2906849999999999
MIEF2,1.39465
MIEN1,-0.70558
MIER1,0.6509
MIER2,0.69547
MIER3,1.1463
MIF,1.8206
MIF4GD,0.8724
MIGA1,0.001559
MIGA2,2.5893
MIIP,0.96725
MILR1,-1.4638
MINDY1,-1.1859
MINDY2,0.61743
MINDY3,-0.64054
MINDY4,0.31741
MINK1,0.94746
MINOS1,0.84793
MINOS1-NBL1,0.69908
MINPP1,0.52175
MIOS,1.2247
MIOX,0.90336
MIP,0.1453
MIPEP,-0.60343
MIPOL1,0.96127
MIR1-1,1.0213
MIR1-1HG,0.00026856
MIR1-2,1.0741
MIR100,-1.2365
MIR101-1,3.058
MIR101-2,0.24889
MIR103A1,-0.51666
MIR103A2,-0.30393
MIR103B1,-1.1931
MIR105-1,0.8821
MIR105-2,-0.91903
MIR106A,0.0045516
MIR106B,1.9169
MIR107,-0.88192
MIR10A,-0.66777
MIR10B,-0.55727
MIR1178,-1.1795
MIR1179,0.41291
MIR1180,-0.072419
MIR1181,-0.35315
MIR1182,0.6307
MIR1183,0.30711
MIR1184-1,1.3222
MIR1184-3,0.69214
MIR1185-1,-1.0716
MIR1185-2,1.8182
MIR1193,-0.54654
MIR1197,1.0167
MIR1199,-0.9007
MIR1200,-0.46457
MIR1202,1.1403
MIR1203,0.18311
MIR1204,-2.502
MIR1205,-1.5576
MIR1206,2.544
MIR1207,-2.2248
MIR1208,-0.6536
MIR122,0.22626
MIR1224,1.3256
MIR1225,-0.12975
MIR1226,-0.95894
MIR1227,-0.40235
MIR1228,2.1066
MIR1229,0.19591
MIR1231,-0.35573
MIR1233-1,2.4034
MIR1234,0.16744
MIR1236,-1.0706
MIR1237,0.73352
MIR1238,2.0864
MIR124-1,0.96972
MIR124-2,1.2175
MIR124-3,0.63717
MIR1243,-1.09
MIR1244-1,0.21137
MIR1244-2,-1.6417
MIR1245A,0.9793
MIR1246,-0.83944
MIR1247,0.00069113
MIR1248,0.68242
MIR1249,0.66783
MIR1250,-0.91303
MIR1251,1.4478
MIR1252,-0.66483
MIR1253,0.77383
MIR1254-1,0.75292
MIR1254-2,-0.62754
MIR1255A,0.087968
MIR1255B1,0.28012
MIR1255B2,-1.7152
MIR1256,-0.83172
MIR1257,-0.75609
MIR1258,0.16877
MIR125A,1.4629
MIR125B1,-0.27764
MIR125B2,-0.66802
MIR126,-0.37629
MIR1260A,-0.30945
MIR1260B,-0.20842
MIR1261,-0.1991
MIR1262,0.73276
MIR1263,0.001272
MIR1264,0.40723
MIR1265,0.16858
MIR1266,0.95017
MIR1267,-0.22278
MIR1268A,1.3034
MIR1268B,-2.2614
MIR1269A,1.3822
MIR1269B,0.19448
MIR127,0.5742
MIR1270,0.73806
MIR1271,0.82507
MIR1272,-0.29572
MIR1273A,0.89501
MIR1273C,-0.95306
MIR1273D,-0.29726
MIR1273F,0.59507
MIR1273G,-0.90211
MIR1273H,0.42316
MIR1275,-0.57054
MIR1276,-0.13048
MIR1277,-0.85111
MIR1278,1.159
MIR1279,-0.97917
MIR128-1,-0.59559
MIR128-2,-2.6925
MIR1281,1.6536
MIR1282,0.0051744
MIR1283-1,0.40296
MIR1283-2,0.9872
MIR1284,0.41978
MIR1285-1,-0.56531
MIR1285-2,0.17781
MIR1286,-1.4137
MIR1287,-0.11566
MIR1288,0.15395
MIR1289-1,-0.88554
MIR1289-2,0.1955
MIR129-1,-0.97948
MIR129-2,0.84298
MIR1290,-0.46266
MIR1291,0.72387
MIR1292,0.70186
MIR1293,-0.84568
MIR1294,0.00046547
MIR1295A,-0.35988
MIR1296,1.5993
MIR1297,0.25195
MIR1298,-1.1523
MIR1299,1.2131
MIR1301,1.0183
MIR1302-1,-0.66956
MIR1302-10,-0.43374
MIR1302-3,1.0882
MIR1302-4,1.392
MIR1302-5,-0.80158
MIR1302-6,0.88476
MIR1302-7,1.1467
MIR1302-8,0.00026086
MIR1303,1.4415
MIR1304,0.72143
MIR1305,2.0124
MIR1306,-0.22788
MIR1307,-0.60395
MIR130A,-1.5286
MIR130B,0.078659
MIR132,1.4163
MIR1321,-0.28903
MIR1322,0.26149
MIR1323,0.46857
MIR1324,0.58984
MIR133A1,0.82747
MIR133A2,-0.77795
MIR133B,1.834
MIR134,0.25984
MIR1343,0.97055
MIR135A1,0.64081
MIR135A2,0.26476
MIR135B,-0.46731
MIR136,0.43666
MIR137,2.5803
MIR138-1,-0.18917
MIR138-2,-0.35094
MIR139,1.5068
MIR140,-0.8637
MIR141,0.0024229
MIR142,0.61807
MIR143,0.53314
MIR144,-0.21594
MIR145,0.52759
MIR1468,-1.0948
MIR1469,-1.463
MIR146A,0.0011898
MIR146B,-1.008
MIR1470,2.7662
MIR1471,0.2927
MIR147A,1.0751
MIR147B,0.68578
MIR148A,1.3113
MIR148B,-0.39173
MIR149,1.7974
MIR150,0.7191
MIR151A,0.15887
MIR151B,1.8766
MIR152,-0.11092
MIR153-1,1.4387
MIR153-2,0.89939
MIR1537,-0.25446
MIR1538,-0.82928
MIR1539,0.60711
MIR154,0.70522
MIR155,-0.0085525
MIR1587,0.52978
MIR15A,0.55308
MIR15B,0.77442
MIR16-1,0.74727
MIR16-2,0.013538
MIR17,-0.12014
MIR181A1,-0.29861
MIR181A2,-0.53782
MIR181B1,1.5232
MIR181B2,-0.85884
MIR181C,-0.92841
MIR181D,0.00035055
MIR182,0.88354
MIR1825,-0.38418
MIR1827,0.21648
MIR183,0.51096
MIR184,-0.10432
MIR185,-0.86762
MIR186,0.00031434
MIR187,1.0656
MIR188,0.79871
MIR18A,-0.4788
MIR18B,1.019
MIR1908,1.7589
MIR1909,0.27794
MIR190A,1.8541
MIR190B,-0.023892
MIR191,0.15502
MIR1910,-0.0012199
MIR1911,-1.0553
MIR1912,-0.38859
MIR1913,-2.4923
MIR1914,2.06
MIR1915,0.75462
MIR192,-1.3035
MIR193A,1.7576
MIR193B,-0.78083
MIR194-1,0.32396
MIR194-2,0.063043
MIR195,6.9e-05
MIR196A1,0.17592
MIR196A2,0.3623
MIR196B,-0.31775
MIR197,0.36101
MIR1972-1,0.8216
MIR1972-2,-1.054
MIR1973,-0.90554
MIR1976,1.9731
MIR198,0.99351
MIR199A1,3.3e-06
MIR199A2,0.4295
MIR199B,0.48996
MIR19A,-1.9758
MIR19B1,0.96648
MIR19B2,0.64716
MIR200A,1.4845
MIR200B,1.0178
MIR200C,-0.33614
MIR202,-0.51041
MIR203A,-0.49839
MIR203B,0.73404
MIR204,-1.501
MIR205,0.58571
MIR2052,0.70801
MIR2053,0.44466
MIR2054,1.7881
MIR205HG,0.53134
MIR206,0.27928
MIR208A,1.2594
MIR208B,0.85445
MIR20A,0.62846
MIR20B,-1.0019
MIR21,0.42305
MIR210,0.52076
MIR211,-0.36752
MIR2110,0.60352
MIR2113,-1.1869
MIR2114,-1.0717
MIR2115,-0.32274
MIR2116,0.56296
MIR2117,-1.3429
MIR212,0.32037
MIR214,0.89589
MIR215,0.94737
MIR216A,0.91921
MIR216B,0.20907
MIR217,-0.87129
MIR218-1,0.00014132
MIR218-2,-0.75298
MIR219A1,-0.65826
MIR219A2,2.726
MIR219B,0.00024509
MIR22,0.47505
MIR221,0.00099929
MIR222,3.1632
MIR223,-1.0244
MIR224,-0.90965
MIR2276,1.4765
MIR2277,1.4278
MIR2278,1.107
MIR2355,0.23935
MIR2392,2.1966
MIR23A,0.43041
MIR23B,0.17663
MIR23C,-0.48504
MIR24-1,-0.85679
MIR24-2,-1.3123
MIR2467,-1.0006
MIR25,-0.20959
MIR2681,1.5165
MIR2682,0.52474
MIR26A1,0.49195
MIR26A2,0.044814
MIR26B,-0.57933
MIR27A,0.36711
MIR27B,1.336
MIR28,-0.87433
MIR2861,0.5013
MIR2909,-0.74446
MIR296,1.0687
MIR297,-1.2937
MIR298,-0.043215
MIR299,1.5356
MIR29A,0.11065
MIR29B1,0.65276
MIR29B2,2.2467
MIR29C,0.28961
MIR300,0.78644
MIR301A,3.0473
MIR301B,-1.0049
MIR302A,0.70862
MIR302B,0.29948
MIR302C,-1.1361
MIR302D,0.56768
MIR302E,-1.4646
MIR302F,1.8623
MIR3064,-0.86753
MIR3065,-0.59484
MIR30A,0.30576
MIR30B,0.33531
MIR30C1,1.7325
MIR30C2,0.93971
MIR30D,0.28805
MIR30E,0.92883
MIR31,-0.45024
MIR3115,0.87655
MIR3116-1,2.1833
MIR3117,1.0646
MIR3118-1,1.4791
MIR3118-2,-0.5205
MIR3118-3,0.2633
MIR3118-4,0.2712
MIR3119-1,0.12526
MIR3120,1.9246
MIR3121,1.5593
MIR3122,1.123
MIR3123,1.1377
MIR3124,-1.4761
MIR3125,-0.71252
MIR3126,1.1263
MIR3127,1.2168
MIR3128,1.1003
MIR3129,1.0084
MIR3130-1,0.00051123
MIR3131,-0.80482
MIR3132,-1.1729
MIR3133,0.20978
MIR3134,-1.8748
MIR3135A,-2.4022
MIR3135B,-1.6799
MIR3136,0.97349
MIR3137,-0.6889
MIR3138,-2.3556
MIR3139,1.1948
MIR3140,1.0853
MIR3141,0.91377
MIR3142,1.5942
MIR3143,0.26745
MIR3144,0.87009
MIR3145,-1.151
MIR3146,1.4827
MIR3147,0.84526
MIR3148,-1.2189
MIR3149,-2.6897
MIR3150A,-0.83359
MIR3151,-0.69596
MIR3152,-1.0915
MIR3153,-0.45484
MIR3154,0.46205
MIR3155A,0.0026737
MIR3156-1,-2.0897
MIR3156-2,-2.2494
MIR3156-3,9.38e-05
MIR3157,1.1732
MIR3158-1,1.2055
MIR3159,-0.98695
MIR3160-1,1.6443
MIR3161,0.41056
MIR3162,-0.47438
MIR3163,-1.2446
MIR3164,1.5795
MIR3165,1.7941
MIR3166,1.1396
MIR3167,-0.32032
MIR3168,2.1339
MIR3169,0.64
MIR3170,1.1012
MIR3171,-1.483
MIR3173,0.92534
MIR3174,-0.80418
MIR3175,0.92423
MIR3176,3.243
MIR3177,0.35595
MIR3178,-1.3051
MIR3179-1,0.68321
MIR3179-3,-0.17394
MIR3180-1,2.001
MIR3180-2,-0.71758
MIR3180-3,-0.47735
MIR3180-4,2.648
MIR3180-5,-1.3742
MIR3181,0.50442
MIR3182,-0.36464
MIR3183,2.1767
MIR3184,-0.15326
MIR3185,0.14191
MIR3186,2.0053
MIR3187,0.00053063
MIR3188,0.57574
MIR3189,1.2151
MIR3190,-0.029963
MIR3192,2.7849
MIR3193,2.5772
MIR3194,-2.0669
MIR3195,0.80168
MIR3196,0.33986
MIR3197,-0.85866
MIR3198-1,1.3381
MIR3198-2,0.11169
MIR3199-1,0.44793
MIR32,2.0425
MIR3200,-1.8571
MIR3201,-1.2637
MIR3202-1,0.96372
MIR320A,0.25539
MIR320B1,-2.5599
MIR320B2,0.7882
MIR320C1,-0.42476
MIR320C2,-0.44293
MIR320D1,1.3024
MIR320D2,1.9034
MIR320E,-1.2904
MIR323A,0.25304
MIR323B,3.145
MIR324,1.0493
MIR325,0.4715
MIR326,0.90312
MIR328,1.0176
MIR329-1,1.5149
MIR329-2,-1.3268
MIR330,1.3408
MIR331,0.5671
MIR335,1.6756
MIR337,-0.54097
MIR339,-1.1853
MIR33A,-0.74803
MIR33B,1.2633
MIR340,1.2326
MIR342,1.3169
MIR345,1.2756
MIR346,-1.4323
MIR34A,0.6086
MIR34B,0.98218
MIR34C,-0.53189
MIR3529,-1.0515
MIR3605,0.28918
MIR3606,1.725
MIR3609,2.1109
MIR361,-0.013258
MIR3610,-0.96414
MIR3611,0.1628
MIR3612,0.60015
MIR3613,-0.61194
MIR3614,1.904
MIR3615,-1.0558
MIR3616,0.72645
MIR3617,1.9289
MIR3618,1.1098
MIR3619,2.1585
MIR362,1.2909
MIR3620,0.82531
MIR3621,-0.90538
MIR3622A,-1.4169
MIR3622B,0.92603
MIR363,0.55656
MIR3646,1.5996
MIR3648-1,0.42984
MIR3649,-0.59273
MIR3650,0.76988
MIR3651,-0.63494
MIR3652,2.6018
MIR3653,-0.57028
MIR3654,1.4045
MIR3655,0.43288
MIR3656,0.28754
MIR3657,0.54577
MIR3658,-1.2522
MIR3659,2.3153
MIR365A,0.014251
MIR365B,2.0676
MIR3660,-0.012195
MIR3661,1.0647
MIR3662,-0.84776
MIR3663,-0.40778
MIR3664,0.46885
MIR3665,-1.1386
MIR3666,-0.35095
MIR3667,0.28918
MIR3668,0.54995
MIR367,-0.40945
MIR3670-1,-0.3884
MIR3671,1.0658
MIR3672,-1.2501
MIR3674,-0.62362
MIR3675,1.2986
MIR3677,1.1438
MIR3678,-1.1122
MIR3679,-0.67905
MIR3680-1,-0.19135
MIR3681,0.17803
MIR3682,0.26033
MIR3683,0.28357
MIR3684,-0.28517
MIR3685,0.43374
MIR3686,1.1271
MIR3687-1,-1.9112
MIR3688-1,-0.10983
MIR3689A,-0.32531
MIR3689B,1.0166
MIR3689C,-1.1512
MIR3689D1,1.6346
MIR3689D2,2.6824
MIR3689E,-1.9294
MIR3689F,0.62669
MIR369,1.0989
MIR3690,-0.22086
MIR3691,0.25103
MIR3692,0.17831
MIR370,-0.95889
MIR3713,-1.4847
MIR3714,-1.5776
MIR371A,0.82072
MIR371B,0.85336
MIR372,4.97e-05
MIR373,0.28135
MIR374A,-0.090187
MIR374B,0.00025977
MIR375,-0.5917
MIR376A1,1.0116
MIR376A2,0.00030993
MIR376B,0.52434
MIR376C,1.4353
MIR377,-1.2349
MIR378A,-0.51179
MIR378B,3.4057
MIR378C,-0.88577
MIR378D1,0.54121
MIR378D2,0.86548
MIR378E,-0.3007
MIR378F,-0.90519
MIR378G,0.77068
MIR378H,-0.40033
MIR378I,2.6608
MIR378J,0.52144
MIR379,0.02057
MIR380,-1.0431
MIR381,0.77244
MIR382,0.47087
MIR383,0.0007275
MIR384,-0.55618
MIR3907,-0.84108
MIR3908,-0.67612
MIR3909,1.0539
MIR3910-1,0.045698
MIR3911,0.025369
MIR3912,0.9653
MIR3913-1,2.1209
MIR3914-1,0.63311
MIR3914-2,0.67409
MIR3915,-0.42934
MIR3916,0.72243
MIR3917,1.4117
MIR3918,-0.37391
MIR3919,-1.7394
MIR3920,-0.83566
MIR3921,0.0044071
MIR3922,1.617
MIR3923,-0.080397
MIR3925,0.70795
MIR3926-1,0.39417
MIR3926-2,-1.6894
MIR3927,2.5861
MIR3928,0.84884
MIR3929,0.20158
MIR3934,-1.2107
MIR3935,0.17909
MIR3936,0.88585
MIR3937,0.50005
MIR3938,0.65465
MIR3939,-0.68721
MIR3940,0.60302
MIR3941,0.50426
MIR3942,-0.8262
MIR3943,-0.70593
MIR3944,-0.22434
MIR3945,0.29704
MIR3960,-1.1608
MIR3972,0.45503
MIR3973,0.50496
MIR3974,0.76469
MIR3975,1.7573
MIR3976,-0.96018
MIR3977,0.94941
MIR3978,-0.79476
MIR409,-0.0044829
MIR410,0.54392
MIR411,2.0749
MIR412,1.3832
MIR421,1.3706
MIR422A,0.6823
MIR423,-1.9374
MIR424,0.23531
MIR425,0.36981
MIR4251,0.00015202
MIR4252,1.1395
MIR4253,0.8263
MIR4254,1.0422
MIR4255,1.9326
MIR4256,2.0446
MIR4257,-0.6904
MIR4258,0.66266
MIR4259,0.38124
MIR4260,-0.22202
MIR4261,0.78219
MIR4262,0.50714
MIR4263,3.3699
MIR4264,-0.62101
MIR4265,-0.76394
MIR4266,-0.95087
MIR4267,0.5934
MIR4268,-0.52908
MIR4269,0.81435
MIR4270,0.788
MIR4271,-0.46059
MIR4273,0.70573
MIR4274,-0.26168
MIR4275,1.4559
MIR4276,0.0006695
MIR4277,0.56338
MIR4278,-1.4212
MIR4279,-1.5635
MIR4280,-0.13074
MIR4281,-0.56574
MIR4282,-1.428
MIR4283-1,-0.43802
MIR4283-2,1.2817
MIR4284,-0.29627
MIR4285,0.89934
MIR4286,-0.38132
MIR4287,-0.87382
MIR4288,-0.42274
MIR4289,-0.63681
MIR429,-0.18561
MIR4290,-0.72452
MIR4291,0.36208
MIR4292,0.5417
MIR4293,0.28378
MIR4294,-1.4594
MIR4295,1.4916
MIR4296,1.8744
MIR4297,0.66584
MIR4298,-1.1235
MIR4299,0.39737
MIR4300,-0.69703
MIR4301,-2.0304
MIR4302,-0.621
MIR4303,0.23307
MIR4304,0.6309
MIR4305,-0.42056
MIR4306,0.70802
MIR4307,0.37793
MIR4308,0.59074
MIR4309,0.63697
MIR431,-1.7602
MIR4310,0.87214
MIR4311,0.30075
MIR4312,0.4405
MIR4313,2.1748
MIR4314,0.54877
MIR4315-1,1.3209
MIR4316,0.95636
MIR4317,-0.2015
MIR4318,0.82983
MIR4319,-0.33034
MIR432,0.33108
MIR4320,0.71397
MIR4321,0.10999
MIR4322,0.56515
MIR4323,1.7204
MIR4324,-0.66896
MIR4325,0.90046
MIR4326,0.21528
MIR4327,-0.64296
MIR4328,-1.2425
MIR4329,-0.89318
MIR433,1.0163
MIR4330,-0.67639
MIR4417,0.50748
MIR4418,0.30983
MIR4419A,2.3589
MIR4419B,3.4484
MIR4420,0.9604
MIR4421,0.73141
MIR4422,1.631
MIR4423,0.58993
MIR4424,-1.6016
MIR4425,0.67708
MIR4426,0.62141
MIR4427,0.59944
MIR4428,2.0444
MIR4429,-0.5331
MIR4430,-2.4317
MIR4431,1.3744
MIR4432,0.81278
MIR4433A,1.2393
MIR4434,-1.6389
MIR4435-1,-1.64
MIR4435-2,-0.58587
MIR4436A,0.91654
MIR4436B1,-1.4129
MIR4436B2,1.5855
MIR4437,-0.93267
MIR4438,0.10749
MIR4439,0.28164
MIR4440,-0.40741
MIR4441,0.3935
MIR4442,0.93721
MIR4443,1.0559
MIR4444-1,-0.28727
MIR4445,2.0014
MIR4446,-0.67974
MIR4447,1.0615
MIR4448,-1.371
MIR4449,2.8394
MIR4450,1.2118
MIR4451,0.91528
MIR4452,1.4226
MIR4453,0.39739
MIR4454,1.4029
MIR4455,0.19762
MIR4456,1.3512
MIR4457,-0.48155
MIR4458,1.0365
MIR4459,-2.158
MIR4460,0.32483
MIR4461,0.33473
MIR4462,-0.25975
MIR4463,-0.35212
MIR4464,-0.64671
MIR4465,-0.20558
MIR4466,1.2146
MIR4467,2.2569
MIR4468,1.6782
MIR4469,0.0035453
MIR4470,0.0051963
MIR4471,-0.9247
MIR4472-1,0.56795
MIR4472-2,-1.3281
MIR4473,1.3696
MIR4474,-3.3335
MIR4475,-0.75989
MIR4476,0.63704
MIR4477A,-0.0027839
MIR4478,0.00078675
MIR4479,0.17128
MIR448,-1.0657
MIR4480,1.359
MIR4481,2.1576
MIR4482,-0.23206
MIR4483,3.0993
MIR4484,1.4105
MIR4485,0.47701
MIR4486,-1.4772
MIR4487,1.4174
MIR4488,1.6007
MIR4489,-2.0389
MIR4490,1.3389
MIR4491,-1.4151
MIR4492,-0.35283
MIR4493,1.824
MIR4494,2.575
MIR4495,2.006
MIR4496,-1.0479
MIR4497,0.0015039
MIR4498,0.25972
MIR4499,-0.62495
MIR449A,0.37617
MIR449B,0.82465
MIR449C,-0.22168
MIR4500,1.8142
MIR4501,0.6356
MIR4502,-0.53168
MIR4503,1.4899
MIR4504,-0.71214
MIR4505,0.15081
MIR4506,1.6237
MIR4507,1.1385
MIR4508,0.61373
MIR4509-1,0.70293
MIR4509-2,2.2541
MIR450A1,1.4629
MIR450A2,-0.67124
MIR450B,0.26059
MIR4510,-0.53823
MIR4511,2.1447
MIR4512,0.85261
MIR4513,0.00021007
MIR4514,1.3528
MIR4515,0.66604
MIR4516,1.251
MIR4517,-0.4721
MIR4518,-0.78975
MIR4519,1.451
MIR451A,0.39168
MIR452,1.1845
MIR4520-1,0.40487
MIR4521,0.93844
MIR4522,-1.2689
MIR4523,-1.3774
MIR4524A,-0.39573
MIR4524B,-0.68083
MIR4525,-0.48027
MIR4526,0.99184
MIR4527,0.82396
MIR4528,-0.55056
MIR4529,0.44479
MIR4530,1.8889
MIR4531,-0.53658
MIR4532,0.50837
MIR4533,0.3626
MIR4534,0.88715
MIR4535,0.70391
MIR4536-1,-1.008
MIR4537,-0.7466
MIR4538,-1.5515
MIR4539,0.39795
MIR454,-0.48133
MIR4540,-0.13069
MIR455,-1.4982
MIR4632,0.52202
MIR4633,0.00069999
MIR4634,-0.78108
MIR4635,-0.025791
MIR4636,-0.84863
MIR4637,1.3769
MIR4638,0.9367
MIR4639,-0.77313
MIR4640,-0.48952
MIR4641,-1.1173
MIR4642,0.34689
MIR4643,0.40427
MIR4644,0.8348
MIR4645,-1.6217
MIR4646,0.39593
MIR4647,-0.5075
MIR4648,0.49103
MIR4649,-0.7991
MIR4650-1,0.5667
MIR4650-2,1.8263
MIR4651,0.19536
MIR4652,0.97741
MIR4653,0.23485
MIR4654,1.2916
MIR4655,-0.54356
MIR4656,0.0002706
MIR4657,0.25509
MIR4658,0.68369
MIR4659A,-0.56321
MIR4660,0.92181
MIR4661,-1.0258
MIR4662A,1.5545
MIR4662B,-0.24518
MIR4663,2.276
MIR4664,-0.34681
MIR4665,0.59998
MIR4666A,0.45984
MIR4666B,1.6275
MIR4667,-0.4639
MIR4668,-1.0278
MIR4669,1.1056
MIR4670,0.44528
MIR4671,-0.21539
MIR4672,2.1203
MIR4673,-0.89363
MIR4674,2.3097
MIR4675,0.099494
MIR4676,4e-05
MIR4677,2.0297
MIR4678,-0.20321
MIR4679-1,-0.55994
MIR4681,0.40345
MIR4682,1.3826
MIR4683,0.79093
MIR4684,1.7594
MIR4685,-1.2471
MIR4686,0.7309
MIR4687,-0.94082
MIR4688,1.0732
MIR4689,0.40945
MIR4690,-3.541
MIR4691,0.98304
MIR4692,0.057919
MIR4693,0.34429
MIR4694,1.8671
MIR4695,0.8608
MIR4696,-1.0967
MIR4697,1.838
MIR4698,-0.67213
MIR4699,1.3141
MIR4700,-0.78788
MIR4701,-2.3774
MIR4703,1.036
MIR4704,1.5243
MIR4705,1.2806
MIR4706,-0.88673
MIR4707,-0.062402
MIR4708,-0.62438
MIR4709,0.27455
MIR4710,3.401
MIR4711,0.00034695
MIR4712,-0.64373
MIR4713,-0.63494
MIR4714,-0.50497
MIR4715,-0.22859
MIR4716,-0.37516
MIR4717,0.91156
MIR4718,0.89376
MIR4719,-0.30646
MIR4720,-0.9071
MIR4721,0.62096
MIR4722,-1.3491
MIR4723,-0.78116
MIR4724,-0.61352
MIR4725,0.54522
MIR4726,0.81235
MIR4727,-0.61263
MIR4728,0.048235
MIR4729,-1.0885
MIR4730,0.0023185
MIR4731,0.63662
MIR4732,-0.26252
MIR4733,-0.43987
MIR4734,1.5099
MIR4735,-1.1946
MIR4736,0.47142
MIR4737,1.1144
MIR4738,-0.10001
MIR4739,0.41567
MIR4740,-0.27494
MIR4741,0.00068793
MIR4742,-1.1728
MIR4743,-1.3342
MIR4744,-0.095065
MIR4745,1.358
MIR4746,1.3337
MIR4747,0.30978
MIR4748,0.00017452
MIR4749,-1.9785
MIR4750,0.78974
MIR4751,-0.52646
MIR4752,0.77524
MIR4753,-0.073127
MIR4754,-0.65002
MIR4755,1.5697
MIR4756,1.7134
MIR4757,-0.11313
MIR4758,1.7043
MIR4759,-0.5622
MIR4760,2.7473
MIR4761,7.34e-05
MIR4762,2.2075
MIR4763,0.79742
MIR4764,0.13696
MIR4765,-1.1294
MIR4766,1.3681
MIR4767,-1.0894
MIR4768,-1.7365
MIR4769,3.2897
MIR4770,1.6851
MIR4771-1,0.77472
MIR4771-2,0.20423
MIR4772,1.0412
MIR4773-1,0.94369
MIR4774,-2.3226
MIR4775,0.64509
MIR4776-1,-0.80697
MIR4777,0.12903
MIR4778,0.69759
MIR4779,2.7716
MIR4780,0.0007396
MIR4781,0.8162
MIR4782,-0.67487
MIR4783,0.62476
MIR4784,0.55686
MIR4785,1.9304
MIR4786,0.79907
MIR4787,0.00055555
MIR4788,-0.37811
MIR4789,0.30616
MIR4790,1.0739
MIR4791,1.3659
MIR4792,-1.1239
MIR4793,-1.8002
MIR4794,0.95861
MIR4795,-0.6286
MIR4796,0.43894
MIR4797,-0.18141
MIR4798,-0.66744
MIR4799,0.039616
MIR4800,1.3477
MIR4801,0.77894
MIR4802,1.3761
MIR4803,1.021
MIR4804,0.0002358
MIR483,-0.58562
MIR484,-0.9731
MIR485,0.19833
MIR486-1,0.24621
MIR486-2,0.18201
MIR487A,-2.1211
MIR487B,1.6704
MIR488,0.51158
MIR489,-0.69905
MIR490,0.76081
MIR491,0.25727
MIR492,1.079
MIR493,-0.46088
MIR494,-0.72226
MIR495,-0.63711
MIR496,0.59166
MIR497,3.75e-05
MIR498,-0.02796
MIR4999,3.2225
MIR499A,0.0009842
MIR499B,0.31936
MIR5000,0.31366
MIR5001,1.1221
MIR5002,0.0011098
MIR5003,-1.2872
MIR5004,0.87834
MIR5006,-0.010109
MIR5007,-1.8167
MIR5008,1.2999
MIR5009,1.6276
MIR500A,0.61604
MIR500B,1.5105
MIR501,-1.9918
MIR5010,0.82274
MIR5011,-0.059652
MIR502,-1.1229
MIR503,1.6313
MIR504,-1.0314
MIR5047,-1.1116
MIR505,0.74086
MIR506,0.46111
MIR507,-0.61922
MIR508,-0.19782
MIR5087,0.0099012
MIR5088,0.62431
MIR5089,0.68702
MIR509-1,-0.25362
MIR509-3,0.94137
MIR5090,0.87555
MIR5091,-1.2799
MIR5092,0.19213
MIR5093,-0.55931
MIR5094,1.0694
MIR5095,-1.1215
MIR5096,-1.4362
MIR510,0.95797
MIR5100,0.24824
MIR511,0.85501
MIR512-1,1.2218
MIR513A1,-1.4217
MIR513A2,2.1006
MIR513B,0.25465
MIR513C,-0.61862
MIR514A1,0.28615
MIR514A2,-1.3591
MIR514B,0.38023
MIR515-1,1.4079
MIR516A1,2.3424
MIR516A2,3.2604
MIR516B1,1.5234
MIR516B2,0.67152
MIR517A,0.37066
MIR517B,0.42143
MIR517C,-1.0424
MIR5186,-0.67733
MIR5187,-0.97573
MIR5188,-0.50078
MIR5189,1.4102
MIR518A1,0.35258
MIR518A2,1.2104
MIR518B,-0.23856
MIR518C,2.2938
MIR518D,0.0023035
MIR518E,0.90213
MIR518F,-1.1111
MIR5190,0.13728
MIR5191,0.44966
MIR5192,1.0324
MIR5193,-0.16723
MIR5194,1.3041
MIR5195,-0.95338
MIR5196,-0.3693
MIR5197,-0.46434
MIR519A1,1.0356
MIR519A2,1.1056
MIR519B,-1.6496
MIR519C,0.82419
MIR519D,-0.68105
MIR519E,0.63557
MIR520A,-0.3991
MIR520B,-0.16891
MIR520C,-1.4484
MIR520D,0.59129
MIR520E,-0.35217
MIR520F,0.26118
MIR520G,-1.9537
MIR520H,-2.7739
MIR521-1,0.96051
MIR521-2,2.4881
MIR522,0.66498
MIR523,1.9055
MIR524,1.0962
MIR525,1.3772
MIR526A1,-1.5606
MIR526A2,0.26926
MIR526B,0.00020873
MIR527,0.45667
MIR532,0.71799
MIR539,-1.1452
MIR541,0.49059
MIR542,0.62183
MIR543,-3.1028
MIR544A,0.38689
MIR544B,2.1261
MIR545,2.9167
MIR548A1,0.50129
MIR548A2,1.6367
MIR548A3,0.78074
MIR548AA1,1.207
MIR548AA2,-0.58759
MIR548AB,0.51327
MIR548AC,-1.2027
MIR548AD,0.89603
MIR548AE1,1.3523
MIR548AE2,-0.35017
MIR548AG1,0.58821
MIR548AG2,1.675
MIR548AH,-2.1603
MIR548AI,0.68829
MIR548AJ1,0.92911
MIR548AJ2,0.19247
MIR548AK,-1.6864
MIR548AL,0.66132
MIR548AM,-0.61003
MIR548AN,-0.51992
MIR548AO,-0.5797
MIR548AP,-0.5125
MIR548AQ,1.6312
MIR548AR,0.412
MIR548AS,-0.80796
MIR548AT,1.3322
MIR548AU,-1.2291
MIR548AV,-0.89041
MIR548AW,0.68467
MIR548AX,0.84739
MIR548AY,1.0379
MIR548AZ,0.62897
MIR548B,-1.1417
MIR548BA,1.0524
MIR548C,0.10771
MIR548E,-0.8083
MIR548F1,0.103
MIR548F2,0.79936
MIR548F3,1.031
MIR548F4,-1.6607
MIR548F5,0.49042
MIR548G,-1.0562
MIR548H1,-1.4368
MIR548H2,-1.0966
MIR548H3,-0.23499
MIR548H4,0.56213
MIR548H5,0.62778
MIR548I1,3.2814
MIR548I2,0.6582
MIR548I3,0.19493
MIR548I4,2.5954
MIR548J,-0.6477
MIR548K,0.51144
MIR548L,0.31753
MIR548M,-0.79383
MIR548N,1.6521
MIR548O,0.00047775
MIR548O2,0.095917
MIR548P,-1.3907
MIR548Q,-0.2563
MIR548S,-0.25721
MIR548T,-0.58901
MIR548U,0.72201
MIR548V,1.0675
MIR548W,0.056963
MIR548X2,-1.0251
MIR548Y,-0.31058
MIR549A,0.72467
MIR550A1,0.24185
MIR550A2,-0.27064
MIR550A3,-0.23175
MIR551A,0.82104
MIR551B,-0.88793
MIR552,0.3342
MIR553,-0.41502
MIR554,-0.30654
MIR555,1.1948
MIR556,0.085915
MIR557,-1.3615
MIR5571,-3.0087
MIR5572,1.3619
MIR5579,0.057144
MIR558,-0.084117
MIR5581,1.7547
MIR5582,-2.7258
MIR5583-1,-0.019782
MIR5584,0.67082
MIR5585,-0.47858
MIR5586,4.3192
MIR5587,0.83211
MIR5588,2.1137
MIR5589,-0.27091
MIR559,1.4506
MIR5590,2.3392
MIR5591,-0.50317
MIR561,-0.046505
MIR562,0.71953
MIR563,0.15664
MIR564,1.0432
MIR566,0.20158
MIR567,0.028403
MIR568,-0.57719
MIR5680,-1.6078
MIR5681A,-1.5256
MIR5682,0.56804
MIR5683,1.2364
MIR5684,0.75171
MIR5685,-0.6527
MIR5687,0.68364
MIR5688,-0.95238
MIR5689,-0.38363
MIR569,0.00046968
MIR5690,0.65817
MIR5691,1.1145
MIR5692A1,1.4039
MIR5692B,1.4571
MIR5692C1,-0.13981
MIR5692C2,3.4889
MIR5693,0.30915
MIR5694,0.38187
MIR5695,-0.5852
MIR5696,0.22508
MIR5697,0.48933
MIR5698,-0.1877
MIR5699,-0.44398
MIR570,0.43823
MIR5700,3.2148
MIR5701-1,-1.0607
MIR5702,0.00057963
MIR5703,0.91646
MIR5704,0.87382
MIR5705,-0.36606
MIR5706,1.3715
MIR5707,-0.20914
MIR5708,0.95489
MIR571,0.22262
MIR572,2.0961
MIR573,-0.96601
MIR5739,-0.70487
MIR574,-1.1555
MIR575,2.1455
MIR576,1.4098
MIR577,-0.77401
MIR578,0.83989
MIR5787,-1.2398
MIR579,-1.0899
MIR580,0.59737
MIR581,-0.71543
MIR582,0.91941
MIR583,-0.2766
MIR584,-1.2948
MIR585,0.34399
MIR586,1.0872
MIR587,0.60905
MIR588,-1.0492
MIR589,2.0136
MIR590,-1.1977
MIR591,1.3441
MIR592,0.12155
MIR593,-1.9188
MIR595,0.41776
MIR596,-0.52247
MIR597,2.2277
MIR598,0.89264
MIR599,-1.0693
MIR600,-1.3195
MIR601,3.4273
MIR602,-0.81545
MIR603,0.8971
MIR604,-0.70516
MIR605,0.75713
MIR606,0.24133
MIR6068,1.7445
MIR6069,0.23344
MIR607,0.17547
MIR6070,0.44314
MIR6071,-0.74166
MIR6072,-1.8948
MIR6073,0.074267
MIR6074,-0.85628
MIR6075,-1.5491
MIR6076,1.7818
MIR6077,-0.44187
MIR6078,-0.65587
MIR6079,-0.44435
MIR608,2.1938
MIR6080,1.1608
MIR6081,-0.35198
MIR6082,0.46718
MIR6083,0.94886
MIR6084,1.6164
MIR6085,0.30902
MIR6086,0.9655
MIR6087,-1.3382
MIR6088,0.90839
MIR6089,-0.78718
MIR609,2.4941
MIR6090,-0.60565
MIR610,0.85135
MIR611,-0.8863
MIR612,-1.1925
MIR6124,0.99301
MIR6125,-0.22087
MIR6126,-0.95882
MIR6127,-1.0899
MIR6128,0.58202
MIR6129,-0.65185
MIR613,0.93071
MIR6130,-1.417
MIR6131,1.6897
MIR6132,0.45462
MIR6133,-1.8583
MIR6134,0.91535
MIR614,-0.40502
MIR615,-0.9067
MIR616,-0.30752
MIR6165,1.4296
MIR617,0.90959
MIR618,2.2239
MIR619,1.3732
MIR620,1.9282
MIR621,-0.65574
MIR622,0.28518
MIR623,0.18305
MIR624,0.76298
MIR625,1.0247
MIR626,1.4904
MIR627,-0.89497
MIR628,0.75631
MIR629,-0.30056
MIR630,0.73554
MIR631,0.19029
MIR632,-0.45876
MIR633,0.24696
MIR634,0.3206
MIR635,0.18158
MIR636,1.7675
MIR637,2.0022
MIR638,-0.48091
MIR639,0.26989
MIR640,2.1943
MIR641,-1.0372
MIR642A,-0.17889
MIR642B,0.51266
MIR643,0.45417
MIR644A,-1.2375
MIR645,-1.6244
MIR646,-0.30009
MIR647,0.93065
MIR648,0.00023778
MIR649,0.65716
MIR6499,-1.094
MIR650,-1.0109
MIR6500,1.0945
MIR6501,-0.53595
MIR6502,0.30064
MIR6503,-0.2867
MIR6504,-0.44001
MIR6505,-0.8197
MIR6506,0.65449
MIR6507,-1.4917
MIR6508,-0.58239
MIR6509,1.567
MIR651,0.96746
MIR6510,-0.09113
MIR6511A1,0.34728
MIR6511A4,1.8382
MIR6511B1,0.51463
MIR6511B2,0.52972
MIR6512,-1.4217
MIR6513,0.40833
MIR6514,0.53315
MIR6515,0.15039
MIR6516,-0.96626
MIR652,1.0894
MIR653,0.81898
MIR654,0.1488
MIR655,-0.74628
MIR656,0.14602
MIR657,-0.5864
MIR658,1.2076
MIR659,0.83338
MIR660,1.9522
MIR661,1.2592
MIR662,-1.9523
MIR663A,2.7717
MIR663B,2.7747
MIR664A,0.017679
MIR664B,2.1115
MIR665,-1.1499
MIR668,-0.20217
MIR670,-0.58419
MIR671,0.41179
MIR6715A,-0.25765
MIR6716,1.6181
MIR6717,1.2441
MIR6718,0.34841
MIR6719,-2.0734
MIR6720,0.17915
MIR6721,-1.1757
MIR6722,1.8742
MIR6723,-0.71137
MIR6726,-0.42452
MIR6727,1.1761
MIR6728,-0.36391
MIR6729,0.83183
MIR6730,1.1946
MIR6731,0.70655
MIR6732,0.56721
MIR6733,0.81751
MIR6734,-0.42149
MIR6735,-0.64825
MIR6736,-0.80181
MIR6737,0.85416
MIR6738,1.9127
MIR6739,0.67279
MIR6740,-0.24879
MIR6741,2.1815
MIR6742,-2.2054
MIR6743,1.3664
MIR6744,0.43536
MIR6745,0.91519
MIR6746,-0.37456
MIR6747,0.00094529
MIR6748,0.78979
MIR6749,1.23
MIR675,0.79838
MIR6750,0.81162
MIR6751,1.033
MIR6752,1.006
MIR6753,1.5179
MIR6754,-0.73381
MIR6755,0.60986
MIR6756,-0.16233
MIR6757,0.20441
MIR6758,1.4718
MIR6759,-0.40631
MIR676,-0.2496
MIR6760,0.88934
MIR6761,-0.69623
MIR6762,0.62392
MIR6763,1.2006
MIR6764,0.97365
MIR6765,1.5753
MIR6766,-1.4365
MIR6767,-0.5295
MIR6768,1.0733
MIR6769A,0.015628
MIR6769B,0.89227
MIR6770-1,-0.96814
MIR6770-3,-1.442
MIR6771,-0.51654
MIR6772,0.38153
MIR6773,0.40184
MIR6774,-0.26848
MIR6775,-0.33843
MIR6776,-1.326
MIR6777,-0.50286
MIR6778,1.2249
MIR6779,-0.57334
MIR6780A,0.38973
MIR6780B,-0.88396
MIR6781,-0.69261
MIR6782,0.77044
MIR6783,0.53162
MIR6784,-0.95727
MIR6785,-1.0909
MIR6786,-0.49009
MIR6787,-0.98765
MIR6788,0.20828
MIR6789,-2.7991
MIR6790,0.32314
MIR6791,-1.4671
MIR6792,0.3753
MIR6793,-1.2247
MIR6794,1.0869
MIR6795,-1.3057
MIR6796,1.1472
MIR6797,1.5603
MIR6798,1.5129
MIR6799,-0.89366
MIR6800,-2.6133
MIR6801,-0.53155
MIR6802,0.1114
MIR6803,1.2217
MIR6804,-0.51999
MIR6805,2.2333
MIR6806,-1.1977
MIR6807,0.92956
MIR6808,0.94012
MIR6809,1.313
MIR6810,1.294
MIR6811,1.3432
MIR6812,0.71498
MIR6813,-0.37815
MIR6814,-0.4462
MIR6815,0.54497
MIR6816,-0.37884
MIR6817,1.7878
MIR6818,-0.91547
MIR6819,1.096
MIR6820,0.13174
MIR6821,-0.48418
MIR6822,0.42486
MIR6823,-0.28705
MIR6824,-0.57912
MIR6825,-1.5982
MIR6826,0.081437
MIR6827,1.6487
MIR6828,-0.15843
MIR6829,1.1953
MIR6830,1.0802
MIR6831,2.3124
MIR6832,1.3443
MIR6833,-3.4464
MIR6834,0.0096801
MIR6835,-1.0883
MIR6836,-0.52328
MIR6837,0.56975
MIR6838,-1.0418
MIR6839,1.387
MIR6840,-0.50069
MIR6841,1.6913
MIR6842,-0.27829
MIR6843,1.6816
MIR6844,-1.6303
MIR6845,-0.56361
MIR6846,0.46188
MIR6847,0.56072
MIR6848,0.16104
MIR6849,1.6918
MIR6850,0.23898
MIR6851,-0.57147
MIR6852,-1.0003
MIR6853,0.4718
MIR6854,0.034965
MIR6855,-0.71363
MIR6856,0.4946
MIR6857,1.8169
MIR6858,0.73789
MIR6859-1,-1.5188
MIR6859-2,-4.5422
MIR6860,1.5745
MIR6861,0.776
MIR6862-1,-0.39713
MIR6862-2,0.83692
MIR6863,-1.0433
MIR6864,-0.094014
MIR6865,1.0144
MIR6866,-0.67213
MIR6867,0.39552
MIR6868,0.31843
MIR6869,-0.564
MIR6870,1.1757
MIR6871,0.83862
MIR6872,-0.76181
MIR6873,-1.0338
MIR6874,-0.93199
MIR6875,2.3308
MIR6876,0.0001084
MIR6877,1.6559
MIR6878,-0.76329
MIR6879,-1.2369
MIR6880,-0.73303
MIR6881,-0.39907
MIR6882,1.2831
MIR6883,0.43721
MIR6884,1.1228
MIR6885,-0.27138
MIR6886,0.23199
MIR6887,-2.7907
MIR6888,1.7383
MIR6889,0.44509
MIR6890,0.47328
MIR6891,-2.2127
MIR6892,0.087886
MIR6893,0.5939
MIR6894,0.25628
MIR6895,0.0073331
MIR7-1,-1.6636
MIR7-2,0.32622
MIR7-3,0.62242
MIR708,0.97098
MIR7106,-0.50404
MIR7107,0.23269
MIR7108,-2.5467
MIR7109,0.6961
MIR711,0.71126
MIR7110,-0.72025
MIR7111,-1.4325
MIR7112,-1.1086
MIR7113,-0.29798
MIR7114,0.32807
MIR7150,0.12347
MIR7151,-1.3639
MIR7152,0.9611
MIR7153,-0.51969
MIR7154,1.045
MIR7155,0.038243
MIR7156,0.53451
MIR7157,0.18944
MIR7158,0.9335
MIR7159,0.53242
MIR7160,0.47007
MIR7161,-1.1347
MIR7162,3.0706
MIR718,-0.95261
MIR744,-0.18622
MIR7515,1.8923
MIR758,0.76496
MIR759,0.34996
MIR760,0.49978
MIR761,0.42884
MIR762,-0.37183
MIR764,0.48612
MIR7641-1,-0.81845
MIR7641-2,-1.7412
MIR765,-1.048
MIR766,-0.58567
MIR767,0.1758
MIR769,0.24849
MIR770,0.00073794
MIR7702,1.8099
MIR7703,-0.58453
MIR7704,-0.82896
MIR7705,-0.47517
MIR7706,-2.0754
MIR7843,1.1931
MIR7844,1.3329
MIR7845,-2.6036
MIR7846,0.98243
MIR7847,1.2187
MIR7848,1.5345
MIR7849,-0.78748
MIR7850,0.66959
MIR7851,-0.71642
MIR7852,0.43333
MIR7853,-0.72405
MIR7854,0.6689
MIR7855,0.43451
MIR7856,2.9266
MIR7973-1,-0.23765
MIR7974,2.4072
MIR7975,-2.0277
MIR7976,-0.31806
MIR7977,1.191
MIR7978,0.3079
MIR802,-1.9497
MIR8052,-0.66077
MIR8053,1.0887
MIR8054,1.3756
MIR8055,1.0454
MIR8056,-0.56292
MIR8057,0.39616
MIR8058,0.76986
MIR8059,1.4456
MIR8060,-0.39511
MIR8061,-0.49875
MIR8062,0.85466
MIR8063,-1.056
MIR8064,0.46503
MIR8065,1.0693
MIR8066,0.42398
MIR8067,-0.52638
MIR8068,-0.71549
MIR8069-1,-0.086394
MIR8070,0.78573
MIR8071-1,0.88698
MIR8072,-0.78398
MIR8073,-0.24795
MIR8074,-0.38268
MIR8075,-0.35347
MIR8076,1.4042
MIR8077,1.623
MIR8078,-2.8392
MIR8079,-0.69602
MIR8080,0.14527
MIR8081,0.86762
MIR8082,0.00041737
MIR8083,-1.1303
MIR8084,0.24131
MIR8085,0.94461
MIR8086,-0.049782
MIR8087,-0.52693
MIR8088,2.1843
MIR8089,-0.13929
MIR873,0.96097
MIR874,-2.0818
MIR875,-1.4212
MIR876,1.2484
MIR877,-0.95262
MIR885,2.1248
MIR887,-0.83636
MIR888,0.93567
MIR889,0.46799
MIR890,-1.0622
MIR891A,-0.49632
MIR891B,2.6135
MIR892A,1.2513
MIR892B,1.218
MIR892C,1.0792
MIR9-1,0.0022653
MIR9-2,-0.29979
MIR9-3,-1.9111
MIR920,0.40319
MIR921,-0.23885
MIR922,-1.2549
MIR924,0.30822
MIR92A1,-0.25512
MIR92A2,-0.57038
MIR92B,0.42404
MIR93,1.7222
MIR933,-1.3844
MIR934,0.94463
MIR935,-0.29537
MIR936,-0.3989
MIR937,-1.1974
MIR938,-0.33865
MIR939,1.3264
MIR940,0.48113
MIR941-1,1.1424
MIR941-2,0.80852
MIR942,2.3684
MIR943,2.1016
MIR944,1.6126
MIR95,0.93804
MIR96,0.4962
MIR98,-0.84581
MIR99A,-0.49564
MIR99B,1.1101
MIRLET7A1,0.00096708
MIRLET7A2,0.52888
MIRLET7A3,0.38062
MIRLET7B,0.5583
MIRLET7C,1.1192
MIRLET7D,-0.24886
MIRLET7E,-1.8776
MIRLET7F1,0.20458
MIRLET7F2,-1.7429
MIRLET7G,-0.23864
MIRLET7I,0.7157
MIS12,1.3883
MIS18A,0.69695
MIS18BP1,-0.58563
MISP,-0.59158
MITD1,0.58078
MITF,0.53557
MIXL1,0.41606
MKI67,-0.046288
MKKS,0.81978
MKL1,2.632
MKL2,-0.61182
MKLN1,1.2958
MKNK1,0.66683
MKNK2,-1.9759
MKRN1,0.56234
MKRN2,1.3184
MKRN2OS,-0.30766
MKRN3,-0.61076
MKS1,0.97115
MKX,0.00064502
MLANA,2.061
MLC1,0.77146
MLEC,1.0529
MLF1,-0.33385
MLF2,-1.0368
MLH1,1.3984
MLH3,0.6556
MLIP,1.1307
MLKL,-1.1456
MLL2,-2.5147
MLL4,1.7697
MLLT1,-1.365
MLLT10,-0.40034
MLLT11,1.3439
MLLT3,1.4236
MLLT6,1.698
MLN,-0.86299
MLNR,0.00020904
MLPH,-1.2195
MLST8,3.8841
MLX,0.62508
MLXIP,0.5341
MLXIPL,0.59593
MLYCD,-0.73544
MMAA,-1.0833
MMAB,-1.4574
MMACHC,1.5084
MMADHC,0.14578
MMD,2.8964
MMD2,0.63536
MME,0.63667
MMEL1,1.0922
MMGT1,1.0387
MMP1,1.6664
MMP10,0.0044847
MMP11,0.48422
MMP12,0.77374
MMP13,0.005483
MMP14,0.60178
MMP15,-1.4901
MMP16,2.3729
MMP17,-0.27282
MMP19,-0.24367
MMP2,1.5167
MMP20,0.79768
MMP21,-0.5871
MMP23B,1.0106
MMP24,-1.0065
MMP25,0.96601
MMP26,0.81824
MMP27,0.49628
MMP28,0.70858
MMP3,0.31482
MMP7,0.32687
MMP8,1.3802
MMP9,1.1576
MMRN1,0.81161
MMRN2,0.78946
MMS19,-1.216
MMS22L,-0.87047
MN1,-0.60722
MNAT1,0.12354
MND1,-0.56438
MNDA,1.5598
MNS1,-0.85188
MNT,1.5987
MNX1,0.0088991
MOAP1,1.9387
MOB1A,0.80427
MOB1B,0.76505
MOB2,1.2336
MOB3A,2.0572
MOB3B,0.71569
MOB3C,1.2452
MOB4,0.93566
MOBP,0.29979
MOCOS,1.1361
MOCS1,1.1796
MOCS2,1.6544
MOCS3,-0.38336
MOG,-0.27342
MOGAT1,1.5071
MOGAT2,0.0033206
MOGAT3,1.2947
MOGS,0.28966
MOK,1.6836
MON1A,0.69899
MON1B,0.63185
MON2,-0.46412
MORC1,1.3615
MORC2,0.18999
MORC3,0.61965
MORC4,-0.61109
MORF4L1,0.93299
MORF4L2,0.77976
MORN1,1.0313
MORN2,0.5605
MORN3,0.42842
MORN4,1.8698
MORN5,1.6148
MOS,0.91773
MOSPD1,-0.65291
MOSPD2,0.00024151
MOSPD3,0.60772
MOV10,1.022
MOV10L1,0.65511
MOXD1,1.2694
MPC1,0.981
MPC1L,0.0011029
MPC2,-0.74869
MPDU1,0.94437
MPDZ,0.0086918
MPEG1,0.55237
MPG,-0.51855
MPHOSPH10,1.1221
MPHOSPH6,-1.1188
MPHOSPH8,0.15131
MPI,0.45022
MPIG6B,3.0152
MPL,1.0731
MPLKIP,-0.91135
MPND,1.8612
MPO,1.9291
MPP1,0.56042
MPP2,-0.65921
MPP3,1.1782
MPP4,0.54154
MPP5,0.98395
MPP6,0.78486
MPP7,1.5913
MPPE1,-1.6864
MPPED1,0.92056
MPPED2,-0.67828
MPRIP,1.5657
MPST,-0.35366
MPV17,0.0023548
MPV17L,-0.47537
MPV17L2,-1.1156
MPZ,0.20222
MPZL1,-1.0348
MPZL2,0.98684
MPZL3,0.40255
MR1,0.86246
MRAP,1.8569
MRAP2,1.4715
MRAS,1.0504
MRC1,-0.2853
MRC2,0.57174
MRE11,1.322
MREG,-0.84445
MRFAP1,0.085932
MRFAP1L1,-0.76046
MRGBP,0.55297
MRGPRD,-1.4147
MRGPRF,0.99567
MRGPRG,-0.51738
MRGPRX1,-1.5548
MRGPRX2,-0.17025
MRGPRX3,0.14215
MRGPRX4,-0.032351
MRI1,6.96e-05
MRM1,0.45315
MRM2,1.7081
MRM3,2.087
MRNIP,0.75435
MRO,0.54064
MROH1,0.0022708
MROH2B,-0.45448
MROH6,0.59929
MROH7,1.0582
MROH8,-0.36454
MROH9,0.55015
MRPL1,0.82879
MRPL10,-1.2711
MRPL11,1.0778
MRPL12,-1.6065
MRPL13,2.3372
MRPL14,-1.5844
MRPL15,1.5366
MRPL16,0.50476
MRPL17,1.3267
MRPL18,1.0964
MRPL19,-0.44889
MRPL2,-0.51832
MRPL20,-1.1618
MRPL21,-0.32997
MRPL22,1.3622
MRPL23,0.53777
MRPL24,-0.5444
MRPL27,0.86812
MRPL28,-0.26476
MRPL3,-1.0918
MRPL30,-0.78299
MRPL32,-0.74779
MRPL33,1.0258
MRPL34,0.40568
MRPL35,1.6251
MRPL36,-0.19072
MRPL37,0.53195
MRPL38,0.0020306
MRPL39,-0.59884
MRPL4,-0.2404
MRPL40,0.50402
MRPL41,2.2726
MRPL42,0.99383
MRPL43,-2.1936
MRPL44,1.1148
MRPL45,0.85683
MRPL46,-0.40904
MRPL47,0.14873
MRPL48,0.7925
MRPL49,-2.3221
MRPL50,1.7848
MRPL51,0.7213
MRPL52,0.93548
MRPL53,0.92736
MRPL54,1.5824
MRPL55,-1.0712
MRPL57,0.38889
MRPL58,0.79427
MRPL9,-0.45026
MRPS10,1.8396
MRPS11,0.35202
MRPS12,2.0433
MRPS14,3.2918
MRPS15,1.2658
MRPS16,0.73603
MRPS17,1.3419
MRPS18A,0.37901
MRPS18B,1.1084
MRPS18C,0.16354
MRPS2,1.0653
MRPS21,0.5173
MRPS22,0.00074775
MRPS23,0.36507
MRPS24,-0.27915
MRPS25,1.9796
MRPS26,0.46689
MRPS27,0.48567
MRPS28,-0.62586
MRPS30,1.6191
MRPS31,-1.4684
MRPS33,-0.34456
MRPS34,1.0756
MRPS35,-1.144
MRPS36,1.3501
MRPS5,0.7529
MRPS6,-0.046175
MRPS7,-0.056832
MRPS9,0.17673
MRRF,0.098749
MRS2,-0.095827
MRTO4,0.57506
MRVI1,-0.69125
MS4A1,0.73938
MS4A10,1.5233
MS4A12,0.99165
MS4A13,0.49656
MS4A14,0.31355
MS4A15,1.6446
MS4A2,0.35822
MS4A3,2.0368
MS4A4A,0.039588
MS4A5,1.3852
MS4A6A,-0.55927
MS4A6E,0.76072
MS4A7,0.44021
MS4A8,0.93255
MSANTD1,-0.18169
MSANTD2,0.67773
MSANTD3,1.4292
MSANTD3-TMEFF1,1.2908
MSANTD4,0.48724
MSC,0.1867
MSGN1,0.80872
MSH2,1.0783
MSH3,0.12
MSH4,0.90801
MSH5,0.63457
MSH6,-0.70295
MSI1,0.00046023
MSI2,-1.2598
MSL1,0.38411
MSL2,1.2846
MSL3,0.26121
MSLN,0.63624
MSMB,0.24778
MSMO1,-0.62566
MSMP,0.80897
MSN,-0.51453
MSR1,-0.38122
MSRA,1.1873
MSRB1,-0.38926
MSRB2,-0.6788
MSRB3,-0.69299
MSS51,0.62598
MST1,-0.45423
MST1L,1.6759
MST1R,0.60308
MSTN,1.7478
MSTO1,7.42e-05
MSX1,-0.49946
MSX2,0.96811
MT1A,-0.3613
MT1B,0.48726
MT1E,0.79585
MT1F,0.43792
MT1G,-1.1921
MT1H,0.49929
MT1M,0.85893
MT1X,0.097147
MT2A,0.4017
MT3,-0.56802
MT4,-0.91994
MTA1,0.70482
MTA2,0.85951
MTA3,0.55019
MTAP,0.86764
MTBP,0.38283
MTCH1,1.1626
MTCH2,1.5161
MTCL1,-0.96825
MTCP1,1.7169
MTDH,-1.1222
MTERF1,2.3416
MTERF2,1.4295
MTERF3,1.3561
MTERF4,-0.72898
MTF1,-1.0518
MTF2,0.0095397
MTFMT,1.4649
MTFP1,-1.2305
MTFR1,0.55237
MTFR1L,0.50839
MTFR2,0.076723
MTG1,-0.028006
MTG2,-1.222595
MTHFD1,-0.41236
MTHFD1L,-0.36247
MTHFD2,-0.56811
MTHFD2L,0.65991
MTHFR,-1.0383
MTHFS,1.3002
MTHFSD,0.7415
MTIF2,1.0827
MTIF3,0.36853
MTM1,0.54179
MTMR1,-0.87603
MTMR10,0.428
MTMR11,2.2877
MTMR12,-0.26616
MTMR14,-0.52912
MTMR2,-0.7395
MTMR3,-0.29051
MTMR4,0.88621
MTMR6,1.3714
MTMR7,0.44902
MTMR8,0.23727
MTMR9,-0.90162
MTNR1A,1.1527
MTNR1B,1.5608
MTO1,0.29391
MTOR,2.4831
MTPAP,0.47209
MTPN,1.0665
MTR,0.84603
MTRF1,0.66917
MTRF1L,0.44403
MTRNR2L1,1.5947
MTRNR2L10,-1.6684
MTRNR2L2,1.7572
MTRNR2L3,-1.0397
MTRNR2L4,-0.46781
MTRNR2L5,1.4777
MTRNR2L6,-0.10897
MTRNR2L7,-0.28732
MTRNR2L8,0.63806
MTRR,0.87821
MTSS1,0.32368
MTSS1L,-0.37333
MTTP,0.0092056
MTURN,0.39533
MTUS1,-0.30726
MTUS2,0.17143
MTX1,2.93
MTX2,1.5924
MTX3,0.49901
MUC1,0.53597
MUC12,0.69552
MUC15,-1.2351
MUC16,0.48789
MUC17,0.94121
MUC2,1.1959
MUC20,-0.91351
MUC21,1.076
MUC22,1.0299
MUC4,-0.64404
MUC5B,1.0977
MUC6,-1.5097
MUC7,0.24727
MUCL1,-0.20349
MUL1,0.10288
MUM1,-1.1747
MUM1L1,0.0088798
MUS81,1.534
MUSK,-0.69059
MUSTN1,0.81731
MUT,0.88194
MUTYH,1.4282
MVB12A,-0.58212
MVB12B,0.95707
MVD,2.3775
MVK,1.6515
MVP,0.60716
MX1,0.0001646
MX2,-0.50045
MXD1,0.64007
MXD3,1.3128
MXD4,0.0013909
MXI1,-1.1158
MXRA5,-0.29359
MXRA7,1.4454
MXRA8,2.6338
MYADM,2.88
MYADML2,1.8414
MYB,-1.3917
MYBBP1A,0.01854
MYBL1,0.92363
MYBL2,1.5909
MYBPC1,0.49464
MYBPC2,1.3115
MYBPC3,0.15811
MYBPH,0.85629
MYBPHL,1.7869
MYC,1.4837
MYCBP,0.7597
MYCBPAP,0.72104
MYCL,1.071485
MYCN,-0.5579
MYCT1,-0.50967
MYD88,0.92208
MYDGF,-1.0725
MYEF2,-1.1485
MYEOV,0.92677
MYF5,0.77755
MYF6,2.5943
MYH1,0.14627
MYH10,-1.3222
MYH11,0.00018921
MYH13,-1.3185
MYH14,1.8972
MYH15,1.2796
MYH2,-0.47248
MYH3,-0.43691
MYH4,-1.1202
MYH6,-0.60358
MYH7,0.37245
MYH7B,0.87975
MYH8,2.2389
MYH9,1.4866
MYL1,-0.23988
MYL10,1.2846
MYL12A,1.4043
MYL12B,0.00017072
MYL2,1.0948
MYL3,1.0732
MYL4,0.13645
MYL5,0.098104
MYL6,1.4143
MYL6B,1.111
MYL7,-0.88428
MYL9,1.3363
MYLIP,2.0991
MYLK,0.48704
MYLK2,0.36995
MYLK3,-1.2171
MYLK4,1.9649
MYLPF,-1.157
MYMK,1.5825
MYNN,0.79877
MYO10,0.0003751
MYO15A,0.62142
MYO16,1.0646
MYO18A,-0.63497
MYO18B,0.60026
MYO19,-1.0508
MYO1A,-0.79057
MYO1B,-1.4207
MYO1C,-0.35851
MYO1D,0.41522
MYO1E,0.56535
MYO1F,-0.60652
MYO1G,-0.88136
MYO1H,0.41608
MYO3A,0.60705
MYO3B,0.78428
MYO5A,1.1072
MYO5B,0.59903
MYO5C,-1.1299
MYO6,0.56426
MYO7A,1.0345
MYO7B,1.3273
MYO9A,0.61717
MYO9B,0.5623
MYOC,0.3079
MYOCD,1.1238
MYOD1,0.70666
MYOF,0.1228
MYOG,2.2011
MYOM1,0.9464
MYOM2,-1.4202
MYOM3,1.029
MYOT,-0.70482
MYOZ1,-0.68535
MYOZ2,-0.81793
MYOZ3,0.70753
MYPN,-0.14597
MYPOP,0.64642
MYRF,0.99588
MYRIP,1.4341
MYSM1,-1.0809
MYT1,2.0876
MYT1L,0.48571
MZB1,2.0853
MZF1,0.67759
MZT1,0.88082
MZT2A,0.35878
MZT2B,1.9592
N4BP1,0.25262
N4BP2,1.2494
N4BP2L1,0.00020986
N4BP2L2,1.9883
N4BP3,1.0261
N6AMT1,-1.3756
NAA10,0.76566
NAA11,0.0085874
NAA15,-0.48694
NAA16,0.0010432
NAA20,0.011046
NAA25,2.9971
NAA30,-1.2437
NAA35,0.0035711
NAA38,-1.11078
NAA40,0.62303
NAA50,-0.78488
NAA60,-1.2193
NAAA,-1.0183
NAALAD2,0.30434
NAALADL1,3.0364
NAALADL2,-1.1973
NAB1,0.48496
NAB2,-0.75057
NABP1,0.42317
NABP2,0.67691
NACA,1.0817
NACA2,-1.4338
NACAD,1.0538
NACC1,0.91284
NACC2,-0.23064
NADK,-0.52543
NADK2,1.4718
NADSYN1,-0.11894
NAE1,-0.94486
NAF1,1.2511
NAGA,1.3617
NAGK,0.93109
NAGLU,1.4202
NAGPA,-0.78841
NAGS,-0.76155
NAIF1,1.2986
NAIP,-0.71909
NALCN,1.0421
NAMPT,-0.41601
NANOG,0.68314
NANOGNB,-0.97052
NANOS1,-0.77922
NANOS2,1.3646
NANOS3,0.28457
NANP,-0.42087
NANS,-1.0137
NAP1L1,0.70278
NAP1L2,-0.42915
NAP1L3,0.3047
NAP1L4,0.00028438
NAP1L5,0.26249
NAPA,1.8772
NAPB,-0.23972
NAPEPLD,1.1004
NAPG,-0.79738
NAPRT,0.40825
NAPSA,1.0606
NARF,-1.0145
NARFL,0.18666
NARS,3.1779
NARS2,0.46614
NASP,-0.67066
NAT1,-0.33327
NAT10,0.45716
NAT14,0.04785
NAT16,1.7194
NAT2,0.26912
NAT6,0.80943
NAT8,2.1347
NAT8B,1.3171
NAT8L,-1.6962
NAT9,0.45722
NAV1,0.66128
NAV2,0.00072517
NAV3,-0.38454
NAXD,0.13426
NAXE,-0.53083
NBAS,-0.17441
NBEA,0.89243
NBEAL1,1.2468
NBEAL2,-0.57223
NBL1,0.54977
NBN,1.0996
NBPF1,3.0655
NBPF11,-0.7711
NBPF15,0.37288
NBPF3,0.65481
NBPF4,1.5932
NBPF6,-1.6152
NBPF8,1.4318
NBPF9,0.75184
NBR1,0.3189
NCALD,0.32135
NCAM1,0.76271
NCAM2,-0.53351
NCAN,0.00011778
NCAPD2,-1.2284
NCAPD3,0.75686
NCAPG,0.92728
NCAPG2,0.34601
NCAPH,0.64718
NCAPH2,-1.7972
NCBP1,0.69602
NCBP2,-1.2103
NCBP3,1.0286
NCCRP1,0.0032081
NCDN,1.1693
NCEH1,0.59157
NCF1,1.9279
NCF2,1.4932
NCF4,0.58342
NCK1,0.52627
NCK2,-0.55568
NCKAP1,-1.4992
NCKAP1L,1.471
NCKAP5,2.1817
NCKAP5L,0.74676
NCKIPSD,-0.76946
NCL,0.36355
NCLN,3.3602
NCMAP,0.82058
NCOA1,-1.1176
NCOA2,0.93894
NCOA3,-0.73026
NCOA4,-1.0101
NCOA5,0.89944
NCOA6,0.30707
NCOA7,0.26085
NCOR1,2.2712
NCOR2,-1.1172
NCR1,1.1792
NCR2,0.48211
NCR3,0.54115
NCR3LG1,5.5775
NCS1,0.0009357
NCSTN,-0.23029
NDC1,0.93979
NDC80,0.6765
NDE1,0.74522
NDEL1,1.3968
NDFIP1,1.5174
NDFIP2,1.3182
NDN,0.51916
NDNF,0.49005
NDOR1,-0.1231
NDP,0.62385
NDRG1,1.5352
NDRG2,-1.3191
NDRG3,0.0075669
NDRG4,1.3977
NDST1,1.0031
NDST2,0.65789
NDST3,1.1017
NDST4,1.1461
NDUFA1,1.3823
NDUFA10,-0.76954
NDUFA11,-0.046956
NDUFA12,-0.7202
NDUFA13,1.6962
NDUFA2,-0.81991
NDUFA3,-0.96631
NDUFA4,0.62773
NDUFA4L2,-0.71642
NDUFA5,2.0649
NDUFA6,2.0829
NDUFA7,2.1749
NDUFA8,0.3766
NDUFA9,-0.22451
NDUFAB1,2.4258
NDUFAF1,0.79338
NDUFAF2,-0.74196
NDUFAF3,1.7542
NDUFAF4,0.81437
NDUFAF5,0.18929
NDUFAF6,1.7549
NDUFAF7,0.77041
NDUFAF8,0.76507
NDUFB1,0.63232
NDUFB10,1.6225
NDUFB11,-0.39741
NDUFB2,0.73328
NDUFB3,0.84005
NDUFB4,0.62548
NDUFB5,-0.36166
NDUFB6,0.00036631
NDUFB7,1.5307
NDUFB8,-1.9732
NDUFB9,0.66535
NDUFC1,0.8742
NDUFC2,1.2925
NDUFC2-KCTD14,0.51572
NDUFS1,-0.29909
NDUFS2,1.736
NDUFS3,0.71759
NDUFS4,0.58526
NDUFS5,0.71451
NDUFS6,1.7205
NDUFS7,-0.91323
NDUFS8,0.43079
NDUFV1,0.80696
NDUFV2,-0.42459
NDUFV3,0.22546
NEB,0.44609
NEBL,1.3225
NECAB1,0.90094
NECAB2,0.66534
NECAB3,0.99007
NECAP1,1.2355
NECAP2,0.59734
NECTIN1,0.86814
NECTIN2,-0.46715
NECTIN3,-1.4078
NECTIN4,0.9335
NEDD1,1.5535
NEDD4,0.00072676
NEDD4L,-1.4143
NEDD8,-1.9199
NEDD8-MDP1,-1.8835
NEDD9,0.83842
NEFH,0.66301
NEFL,-1.708
NEFM,0.37221
NEGR1,-0.71826
NEIL1,0.40574
NEIL2,0.54756
NEIL3,-0.23512
NEK1,1.1012
NEK10,-0.25716
NEK11,0.00064862
NEK2,0.28098
NEK3,0.2364
NEK4,1.9692
NEK5,-1.1103
NEK6,0.67468
NEK7,0.49926
NEK8,-0.11116
NEK9,-0.36429
NELFA,0.0076192
NELFB,3.2131
NELFCD,-0.43412
NELFE,0.99241
NELL1,1.549
NELL2,0.59526
NEMF,-0.81434
NEMP1,0.77041
NEMP2,0.57356
NENF,2.2096
NEO1,0.71717
NEPRO,0.28373
NES,0.49696
NET1,1.0188
NETO1,-0.82347
NETO2,-0.58772
NEU1,-0.60018
NEU2,1.4166
NEU3,2.1983
NEU4,0.16362
NEURL1,0.80416
NEURL1B,0.71577
NEURL2,-0.4333
NEURL4,0.5477
NEUROD1,0.51727
NEUROD2,-0.20056
NEUROD4,-1.1487
NEUROD6,3.7e-05
NEUROG1,2.2877
NEUROG2,0.75215
NEUROG3,-1.6099
NEXMIF,-0.34566
NEXN,-0.53502
NF1,1.6769
NF2,1.3048
NFAM1,0.00017932
NFASC,0.32477
NFAT5,0.46303
NFATC1,-0.92749
NFATC2,0.56131
NFATC2IP,-1.0549
NFATC3,0.17769
NFATC4,-0.035214
NFE2,-0.95028
NFE2L1,-1.1893
NFE2L2,0.56464
NFE2L3,-0.58956
NFIA,0.87093
NFIB,0.77409
NFIC,0.54089
NFIL3,0.81474
NFIX,1.0434
NFKB1,0.82682
NFKB2,0.68867
NFKBIA,0.68396
NFKBIB,1.298
NFKBID,-0.065806
NFKBIE,0.5272
NFKBIL1,-0.41718
NFKBIZ,1.0157
NFRKB,-0.42719
NFS1,0.92462
NFU1,1.4413
NFX1,0.45606
NFXL1,1.8295
NFYA,-0.51871
NFYB,-0.43259
NFYC,1.7119
NGB,0.00034863
NGDN,0.68431
NGEF,0.0003746
NGF,1.4819
NGFR,2.3367
NGLY1,3.0994
NGRN,0.57899
NHEJ1,1.6413
NHLH1,0.52239
NHLH2,1.1275
NHLRC1,0.76338
NHLRC2,-0.81691
NHLRC3,0.00041363
NHLRC4,0.23132
NHP2,-1.4281
NHS,-0.036473
NHSL1,0.63563
NICN1,-0.30213
NID1,0.41545
NID2,0.57386
NIF3L1,0.4244
NIFK,-0.31217
NIM1K,-0.53554
NIN,-0.42372
NINJ1,1.0438
NINJ2,0.36349
NINL,-0.57055
NIP7,-1.1656
NIPA1,0.0011104
NIPA2,-1.0651
NIPAL1,0.86135
NIPAL2,0.56691
NIPAL3,0.97473
NIPAL4,0.21582
NIPBL,1.5733
NIPSNAP1,1.3085
NIPSNAP2,0.00038758
NIPSNAP3A,0.77276
NIPSNAP3B,0.92759
NISCH,0.95759
NIT1,1.7194
NIT2,-0.54044
NKAIN1,2.6468
NKAIN2,-1.172
NKAIN3,0.58578
NKAIN4,-0.42098
NKAP,0.91798
NKAPL,0.38891
NKD1,2.8898
NKD2,0.71997
NKG7,0.59775
NKIRAS1,1.3783
NKIRAS2,0.22104
NKRF,1.6278
NKTR,-0.60759
NKX1-2,1.3957
NKX2-1,1.6948
NKX2-2,1.593
NKX2-3,-0.73046
NKX2-4,-0.31438
NKX2-5,0.43996
NKX2-8,-0.37485
NKX3-1,0.77525
NKX3-2,0.99621
NKX6-1,0.13409
NKX6-2,2.4368
NKX6-3,1.6844
NLE1,2.8574
NLGN1,0.89581
NLGN2,1.1994
NLGN3,0.43991
NLGN4X,1.2654
NLGN4Y,-0.43451
NLK,2.2327
NLN,-0.49676
NLRC3,0.92622
NLRC4,-0.18838
NLRC5,-0.35374
NLRP1,-0.61357
NLRP10,0.71457
NLRP11,-1.1833
NLRP12,-1.9239
NLRP13,0.091077
NLRP14,0.0016628
NLRP2,-0.58821
NLRP3,0.24053
NLRP4,0.00077138
NLRP5,0.37205
NLRP6,1.3244
NLRP7,0.4972
NLRP8,0.80907
NLRP9,0.44328
NLRX1,-0.12561
NMB,1.5437
NMBR,0.00063354
NMD3,0.95081
NME1,0.4622
NME1-NME2,1.0955
NME2,0.74115
NME3,0.74834
NME4,-0.54219
NME5,1.0227
NME6,1.4089
NME7,1.4172
NME8,-0.88727
NME9,-0.77279
NMI,0.55396
NMNAT1,0.32273
NMNAT2,0.49662
NMNAT3,2.0633
NMRAL1,-1.0544
NMRK1,0.96562
NMRK2,0.36871
NMS,-0.43677
NMT1,-0.63957
NMT2,0.38302
NMU,-1.0379
NMUR1,0.37289
NMUR2,-0.20616
NNAT,0.0058515
NNMT,0.64216
NNT,1.5986
NOA1,0.77577
NOB1,1.8884
NOC2L,0.00076906
NOC3L,0.92916
NOC4L,2.0421
NOCT,0.81465
NOD1,1.0497
NOD2,-0.62545
NODAL,0.00034125
NOG,0.0025155
NOL10,1.3144
NOL11,-0.72805
NOL12,-1.5705
NOL3,-0.23847
NOL4,0.81361
NOL4L,0.00039233
NOL6,1.3903
NOL7,0.00063845
NOL8,-0.96694
NOL9,2.3998
NOLC1,2.2413
NOM1,0.53905
NOMO1,0.61936
NOMO2,-0.057204
NOMO3,1.9914
NONO,-1.4182
NOP10,-1.2322
NOP14,0.79134
NOP16,0.97947
NOP2,-1.6438
NOP53,-1.534
NOP56,-1.0169
NOP58,-0.91986
NOP9,0.42714
NOS1,1.1999
NOS1AP,0.55921
NOS2,-0.44047
NOS3,0.57577
NOSIP,-0.5416
NOSTRIN,0.88507
NOTCH1,0.29942
NOTCH2,1.6344
NOTCH2NL,0.78695
NOTCH3,0.079566
NOTCH4,2.0732
NOTO,0.14146
NOTUM,0.99715
NOV,-0.71506
NOVA1,-0.69404
NOVA2,0.00093076
NOX1,-0.42212
NOX3,-0.27879
NOX4,1.5831
NOX5,1.3623
NOXA1,0.69656
NOXO1,0.49014
NOXRED1,0.20055
NPAP1,-0.54461
NPAS1,0.68911
NPAS2,-0.87528
NPAS3,-0.25947
NPAS4,-1.0163
NPAT,-0.42559
NPB,1.1667
NPBWR1,0.49811
NPBWR2,1.049
NPC1,-1.403
NPC1L1,0.35794
NPC2,0.46526
NPDC1,-1.2788
NPEPL1,1.7676
NPEPPS,-1.5448
NPFF,1.5972
NPFFR1,1.2185
NPFFR2,1.0103
NPHP1,1.5996
NPHP3,0.78606
NPHP4,2.1801
NPHS1,1.9409
NPHS2,0.76602
NPIPA5,-0.524755
NPIPB3,-1.6508
NPIPB5,-0.80432
NPL,1.2436
NPLOC4,0.72014
NPM1,-0.81504
NPM2,2.2073
NPM3,-0.33471
NPNT,0.0059997
NPPA,-0.70618
NPPB,-0.70183
NPPC,0.38805
NPR1,2.1006
NPR2,1.2051
NPR3,2.6412
NPRL2,-1.9868
NPRL3,0.058776
NPS,1.3279
NPSR1,-0.98334
NPTN,1.2247
NPTX1,0.27581
NPTX2,0.81501
NPTXR,2.5249
NPVF,1.7358
NPW,1.9404
NPY,0.37357
NPY1R,-0.27099
NPY2R,0.16774
NPY4R,-0.60849
NPY5R,-1.8487
NQO1,-0.015781
NQO2,-0.4379
NR0B1,0.00047707
NR0B2,1.4948
NR1D1,0.72233
NR1D2,0.7849
NR1H2,0.0021439
NR1H3,-1.6385
NR1H4,0.00070727
NR1I2,1.2339
NR1I3,-0.68211
NR2C1,0.52989
NR2C2,-0.48646
NR2C2AP,1.6593
NR2E1,0.86433
NR2E3,2.4176
NR2F1,0.95314
NR2F2,0.70458
NR2F6,0.0020686
NR3C1,-0.30801
NR3C2,0.42933
NR4A1,0.00076759
NR4A2,0.7804
NR4A3,1.9316
NR5A1,0.58319
NR5A2,-0.71454
NR6A1,1.0868
NRAP,0.86808
NRARP,0.0021939
NRAS,1.9914
NRBF2,0.15811
NRBP1,-0.099202
NRBP2,0.64869
NRCAM,1.0854
NRDC,1.3865
NRDE2,1.0325
NREP,0.33459
NRF1,-0.422
NRG1,-0.49298
NRG2,-0.55406
NRG3,0.71433
NRG4,0.24111
NRGN,0.4868
NRIP1,-0.19205
NRIP2,1.4257
NRIP3,1.5712
NRK,0.45125
NRL,0.92977
NRM,1.1115
NRN1,1.1216
NRN1L,0.77203
NRP1,1.9457
NRP2,0.1701
NRROS,0.6485093000000001
NRSN1,0.18159
NRSN2,1.4331
NRTN,0.00063209
NRXN1,-0.23307
NRXN2,0.1226
NRXN3,-0.18557
NSA2,2.7988
NSD1,-0.39278
NSD2,1.5253
NSD3,0.52788
NSDHL,1.1428
NSF,-1.1017
NSFL1C,1.3041
NSG1,0.00042629
NSL1,0.0011451
NSMAF,-0.30021
NSMCE1,0.83337
NSMCE2,-1.2806
NSMCE3,-2.9903
NSMCE4A,0.56564
NSMF,0.65877
NSRP1,-0.0077479
NSUN2,0.43195
NSUN3,1.7909
NSUN4,1.6912
NSUN5,-0.11467
NSUN6,-0.20774
NSUN7,0.14035
NT5C,1.5452
NT5C1A,0.88665
NT5C1B,-0.042677
NT5C1B-RDH14,0.98452
NT5C2,0.61287
NT5C3A,1.4235
NT5C3B,0.0036694
NT5DC1,-0.885
NT5DC2,-0.52847
NT5DC3,2.0156
NT5E,0.15124
NT5M,1.0417
NTAN1,1.0469
NTF3,0.57761
NTF4,-1.0757
NTHL1,0.46504
NTM,1.5198
NTMT1,1.2392
NTN1,1.8818
NTN3,1.6122
NTN4,-0.90364
NTN5,0.4804
NTNG1,-0.37691
NTNG2,0.91338
NTPCR,2.6366
NTRK1,-0.93341
NTRK2,-0.2261
NTRK3,0.32178
NTS,1.3591
NTSR1,-1.1529
NTSR2,0.41894
NUAK1,1.7819
NUAK2,0.58977
NUB1,0.38012
NUBP1,-0.81939
NUBP2,0.93934
NUBPL,0.93876
NUCB1,0.39557
NUCB2,0.057608
NUCKS1,1.3608
NUDC,0.0038198
NUDCD1,2.0158
NUDCD2,0.49499
NUDCD3,-0.70696
NUDT1,-1.0543
NUDT10,1.3422
NUDT11,0.30506
NUDT12,-0.56263
NUDT13,-1.4208
NUDT14,1.4851
NUDT15,-0.4682
NUDT16,-0.40043
NUDT16L1,0.55327
NUDT17,-0.11975
NUDT18,1.2101
NUDT19,-0.59701
NUDT2,-0.39894
NUDT21,3.0018
NUDT22,-0.26001
NUDT3,1.6357
NUDT4,-0.4284
NUDT5,0.64822
NUDT6,1.1193
NUDT7,-0.98652
NUDT8,1.554
NUDT9,1.041
NUF2,-0.60603
NUFIP1,-0.77428
NUFIP2,1.871
NUGGC,-1.0241
NUMA1,-0.69558
NUMB,0.8571
NUMBL,0.44884
NUP107,-1.2448
NUP133,-0.45696
NUP153,0.00019285
NUP155,0.77139
NUP160,0.20329
NUP188,-0.0034738
NUP205,1.742
NUP210,1.0149
NUP210L,0.86948
NUP214,-0.78504
NUP35,-0.63543
NUP37,0.96154
NUP43,-1.3808
NUP50,0.99719
NUP54,-1.3921
NUP58,1.4396
NUP62,-0.30656
NUP62CL,-0.55645
NUP85,1.126
NUP88,-0.79814
NUP93,0.71951
NUP98,0.39906
NUPL2,0.62793
NUPR1,0.74646
NUPR2,-0.75381
NUS1,-0.33068
NUSAP1,0.36278
NUTF2,0.00024287
NUTM1,0.93545
NUTM2A,2.1575
NUTM2F,-0.45183
NUTM2G,0.9417
NVL,1.0845
NWD1,0.67826
NWD2,-0.79207
NXF1,-1.5332
NXF2,-0.68019
NXF3,-0.64632
NXF5,0.69123
NXN,1.4922
NXNL1,-1.4528
NXNL2,0.86352
NXPE1,0.36648
NXPE2,-0.28349
NXPE3,0.00061367
NXPE4,1.0319
NXPH1,-0.88153
NXPH2,0.36509
NXPH3,0.85298
NXPH4,1.561
NXT1,-0.55192
NXT2,1.0698
NYAP1,0.62201
NYAP2,0.4591
NYNRIN,-0.9378
NYX,0.52001
OAF,1.224
OARD1,1.377
OAS1,0.96548
OAS2,-0.24021
OAS3,-0.6843
OASL,1.2643
OAT,2.1092
OAZ1,-1.0948
OAZ2,1.814
OAZ3,1.7789
OBP2A,-0.83483
OBP2B,0.67072
OBSCN,-0.63921
OBSL1,1.1247
OC90,3.298
OCA2,0.45927
OCEL1,0.22083
OCIAD1,0.31535
OCIAD2,0.00054787
OCLM,0.81302
OCLN,0.33385
OCM,0.53443
OCM2,0.42885
OCRL,1.2077
OCSTAMP,0.94786
ODAM,-0.58214
ODC1,1.9903
ODF1,1.2175
ODF2,0.52933
ODF2L,0.1255
ODF3,-1.7215
ODF3B,0.76147
ODF3L1,1.4248
ODF3L2,1.8208
ODF4,0.15907
OFD1,-0.95429
OGDH,-0.32322
OGDHL,1.143
OGFOD1,0.62768
OGFOD2,1.3067
OGFOD3,-0.3025
OGFR,0.14278
OGFRL1,-0.64661
OGG1,1.6343
OGN,0.75089
OGT,0.32055
OIP5,-0.55907
OIT3,-0.47225
OLA1,-1.0557
OLAH,-0.71206
OLFM1,0.94196
OLFM2,0.0025662
OLFM3,-0.17894
OLFM4,0.69791
OLFML1,0.22337
OLFML2A,0.60434
OLFML2B,0.61635
OLFML3,0.67573
OLIG1,0.79105
OLIG2,2.2721
OLIG3,1.0351
OLR1,0.0011065
OMA1,-0.1315
OMD,-1.3789
OMG,-0.93945
OMP,2.3527
ONECUT1,-1.2903
ONECUT2,1.0931
ONECUT3,0.23274
OOEP,-0.73519
OOSP2,-0.88943
OPA1,0.79623
OPA3,0.81541
OPALIN,0.24128
OPCML,-1.2975
OPHN1,0.17006
OPLAH,1.267
OPN1LW,0.0011013
OPN1MW,-0.71156
OPN1SW,0.25909
OPN3,-0.71102
OPN4,1.3776
OPN5,0.46439
OPRD1,0.044111
OPRK1,-0.70588
OPRL1,-0.36852
OPRM1,1.1026
OPRPN,-0.63741
OPTC,0.36957
OPTN,0.50279
OR10A2,0.0034095
OR10A3,1.0168
OR10A4,0.0010872
OR10A5,0.47422
OR10A6,1.0376
OR10A7,1.719
OR10AD1,0.78816
OR10AG1,0.99457
OR10C1,0.64172
OR10G2,0.73301
OR10G3,0.0083391
OR10G4,0.39031
OR10G7,1.938
OR10G8,1.0712
OR10G9,1.6784
OR10H1,-0.53229
OR10H2,0.17723
OR10H3,0.0012615
OR10H4,1.1624
OR10H5,0.31636
OR10J1,-0.6378
OR10J3,0.44046
OR10J5,2.3064
OR10K1,0.74564
OR10K2,-0.33567
OR10P1,1.8548
OR10Q1,0.69705
OR10R2,0.81811
OR10S1,1.2212
OR10T2,-0.97352
OR10V1,0.24834
OR10W1,1.0208
OR10X1,0.018066
OR10Z1,-0.64375
OR11A1,-0.44935
OR11G2,0.24196
OR11H1,1.0238
OR11H12,-0.73378
OR11H2,0.26818
OR11H4,0.00077565
OR11H6,0.9739
OR11L1,0.79798
OR12D2,0.34183
OR12D3,0.91339
OR13A1,-0.25317
OR13C2,0.64861
OR13C3,-0.5029
OR13C4,-1.022
OR13C5,0.91807
OR13C8,0.42685
OR13C9,1.4253
OR13D1,-1.0413
OR13F1,-1.1566
OR13G1,0.55918
OR13H1,-0.46769
OR13J1,-0.24964
OR14A16,1.2643
OR14C36,0.97393
OR14I1,1.0006
OR14J1,0.71139
OR1A1,0.79163
OR1A2,1.0611
OR1B1,0.58069
OR1C1,0.77186
OR1D2,-0.96261
OR1D5,-0.28239
OR1E1,0.0030431
OR1E2,2.0336
OR1F1,-0.67637
OR1G1,0.64833
OR1I1,-0.45658
OR1J1,-0.64528
OR1J2,1.3096
OR1J4,-0.50531
OR1K1,0.31544
OR1L1,0.0049535
OR1L3,1.2798
OR1L4,0.13276
OR1L6,-0.79721
OR1L8,0.69362
OR1M1,1.9624
OR1N1,0.58919
OR1N2,-0.039948
OR1Q1,-0.97629
OR1S1,-0.50642
OR1S2,0.79126
OR2A1,-0.098585
OR2A12,0.22988
OR2A14,-0.41096
OR2A2,0.68017
OR2A25,0.044427
OR2A4,-0.19159
OR2A42,-1.0585
OR2A5,0.54577
OR2A7,0.28123
OR2AE1,2.2743
OR2AG1,-0.18933
OR2AG2,0.00049675
OR2AK2,0.51305
OR2AP1,1.05
OR2AT4,-0.29913
OR2B11,0.49792
OR2B2,0.46518
OR2B3,0.53555
OR2B6,1.1732
OR2C1,1.6659
OR2C3,0.0025214
OR2D2,-0.71275
OR2D3,2.0187
OR2F1,1.1371
OR2F2,-0.062996
OR2G2,-0.13704
OR2G3,2.0347
OR2G6,1.1115
OR2H1,0.36899
OR2H2,-1.1178
OR2J2,1.0058
OR2J3,-0.18761
OR2K2,0.16157
OR2L13,0.31147
OR2L2,-0.90802
OR2L3,-0.77182
OR2L5,1.6222
OR2L8,0.80571
OR2M2,0.48376
OR2M3,1.4881
OR2M4,0.91677
OR2M5,0.45152
OR2M7,0.77647
OR2S2,0.70266
OR2T1,1.2895
OR2T10,1.1725
OR2T11,0.69549
OR2T12,0.65022
OR2T2,-0.49041
OR2T27,0.94286
OR2T29,0.42991
OR2T3,1.0742
OR2T33,0.90429
OR2T34,0.18319
OR2T35,-0.79068
OR2T4,-0.61777
OR2T5,2.0759
OR2T6,-0.93465
OR2T8,-1.5666
OR2V1,-0.21278
OR2V2,0.36129
OR2W1,-0.72787
OR2W3,0.2613
OR2Y1,0.1619
OR2Z1,0.96187
OR3A1,0.41321
OR3A2,1.9527
OR3A3,1.6525
OR4A15,1.6324
OR4A16,-0.88222
OR4A47,0.1806
OR4A5,1.5752
OR4B1,-1.1704
OR4C11,1.2891
OR4C12,0.1411
OR4C13,0.62686
OR4C15,3.0838
OR4C16,-0.23899
OR4C3,-0.28827
OR4C45,0.00055767
OR4C46,0.91318
OR4C6,1.2982
OR4D1,0.72912
OR4D10,0.64712
OR4D11,-0.89801
OR4D2,-0.51777
OR4D5,0.45341
OR4D6,1.289
OR4D9,-0.19044
OR4E2,0.00094716
OR4F15,0.21582
OR4F16,0.0026464
OR4F17,1.8439
OR4F29,-1.4311
OR4F5,0.44402
OR4F6,1.0226
OR4K1,0.040647
OR4K13,1.0738
OR4K14,0.0049752
OR4K15,-0.92609
OR4K17,-0.92107
OR4K2,0.60429
OR4K5,0.79714
OR4L1,3.855
OR4M1,0.68088
OR4M2,-0.54756
OR4N2,0.62694
OR4N4,-0.43791
OR4N5,0.00067252
OR4P4,1.4396
OR4Q3,0.37973
OR4S1,1.4854
OR4S2,0.016118
OR4X1,-0.010702
OR4X2,-0.27159
OR51A2,-1.0661
OR51A4,0.92476
OR51A7,0.69684
OR51B2,-0.15118
OR51B4,-1.2647
OR51B5,0.91774
OR51B6,-0.42147
OR51D1,-0.49085
OR51E1,0.68703
OR51E2,1.5715
OR51F1,-0.19623
OR51F2,-0.96854
OR51G1,0.99921
OR51G2,-0.51469
OR51I1,-0.41545
OR51I2,-1.2876
OR51L1,-0.8344
OR51M1,2.1696
OR51Q1,0.56882
OR51S1,0.46778
OR51T1,0.7444
OR51V1,0.72788
OR52A1,-0.4208
OR52A5,0.032149
OR52B2,1.5163
OR52B4,1.685
OR52B6,0.16295
OR52D1,-0.43976
OR52E2,0.004018
OR52E4,-0.51105
OR52E6,-0.46298
OR52E8,-0.36158
OR52H1,0.00033613
OR52I1,1.4396
OR52I2,-0.73182
OR52J3,-0.055299
OR52K1,0.5232
OR52K2,0.7166
OR52L1,-0.098881
OR52M1,1.3466
OR52N1,0.00062761
OR52N2,0.088835
OR52N4,0.00069641
OR52N5,0.71307
OR52R1,1.4999
OR52W1,1.6962
OR56A1,-0.11258
OR56A3,-0.36678
OR56A4,0.50188
OR56A5,-0.4676
OR56B1,-0.13859
OR56B4,-0.67171
OR5A1,0.66152
OR5A2,-0.26932
OR5AC2,0.95692
OR5AK2,1.5399
OR5AN1,0.4428
OR5AP2,-0.22385
OR5AR1,1.8973
OR5AS1,1.017
OR5AU1,0.528
OR5B12,0.509
OR5B17,0.21406
OR5B2,-1.0431
OR5B21,0.87478
OR5B3,0.74096
OR5C1,0.29905
OR5D13,-0.14383
OR5D14,0.17018
OR5D16,0.54139
OR5D18,1.5351
OR5F1,1.3305
OR5H1,1.1959
OR5H14,-0.5459
OR5H15,0.71727
OR5H2,0.46484
OR5H6,0.47723
OR5I1,1.4598
OR5J2,0.19972
OR5K1,-0.34031
OR5K2,1.0524
OR5K3,-0.38466
OR5K4,-0.17919
OR5L1,-1.1168
OR5L2,-0.3589
OR5M1,0.47745
OR5M10,0.00080841
OR5M11,1.1661
OR5M3,0.40428
OR5M8,0.6975
OR5M9,0.54974
OR5P2,0.97913
OR5P3,-0.58253
OR5R1,0.26038
OR5T1,0.31535
OR5T2,0.19108
OR5T3,1.2457
OR5V1,-0.34586
OR5W2,0.31114
OR6A2,-0.70842
OR6B1,0.55659
OR6B2,-1.8341
OR6B3,0.5724
OR6C1,0.1112
OR6C2,0.58854
OR6C3,1.212
OR6C4,0.73067
OR6C6,-1.0702
OR6C65,-0.46981
OR6C68,-1.1659
OR6C70,0.10844
OR6C74,0.0006015
OR6C75,0.31764
OR6C76,0.17405
OR6F1,1.2397
OR6K2,0.43136
OR6K3,-0.20835
OR6K6,-0.42692
OR6M1,0.34577
OR6N1,0.00028861
OR6N2,1.5841
OR6P1,0.54563
OR6Q1,0.77797
OR6S1,0.30856
OR6T1,-0.60576
OR6V1,1.6293
OR6X1,1.657
OR6Y1,-0.83442
OR7A10,0.64015
OR7A17,0.0037917
OR7A5,-0.64646
OR7C1,0.0010145
OR7C2,-1.2398
OR7D2,-0.030611
OR7D4,0.00059259
OR7E24,0.91843
OR7G1,2.5291
OR7G2,-1.074
OR7G3,0.33849
OR8A1,-0.67006
OR8B12,-0.96577
OR8B2,0.6078
OR8B3,1.0044
OR8B4,0.51657
OR8B8,-0.7731
OR8D1,-0.56959
OR8D2,-1.1346
OR8D4,2.0179
OR8G1,-1.1948
OR8G2P,-0.46426
OR8G5,1.32
OR8H1,0.25642
OR8H2,-0.51216
OR8H3,1.3854
OR8I2,0.5416
OR8J1,0.34256
OR8J3,-0.36955
OR8K1,0.90137
OR8K3,0.33857
OR8K5,1.8882
OR8S1,0.30532
OR8U1,0.92402
OR8U8,-0.96479
OR9A2,-0.37185
OR9A4,1.5296
OR9G1,1.0345
OR9G4,-0.7087
OR9I1,1.4718
OR9K2,0.67605
OR9Q1,0.00087821
OR9Q2,2.1437
ORAI1,-0.41728
ORAI2,0.41425
ORAI3,1.2731
ORAOV1,-0.28492
ORC1,0.8863
ORC2,-0.5681
ORC3,4.0124
ORC4,-0.46503
ORC5,1.0368
ORC6,1.2014
ORM1,0.35427
ORM2,0.00027946
ORMDL1,-0.53249
ORMDL2,1.2669
ORMDL3,0.74708
OS9,-1.0895
OSBP,-0.54438
OSBP2,0.68836
OSBPL10,0.82377
OSBPL11,0.95711
OSBPL1A,-0.6341
OSBPL2,1.0283
OSBPL3,1.5961
OSBPL5,0.55117
OSBPL6,-1.9162
OSBPL7,0.0013469
OSBPL8,1.2803
OSBPL9,1.2898
OSCAR,0.00044192
OSCP1,0.79983
OSER1,-0.999585
OSGEP,-1.9661
OSGEPL1,0.001231
OSGIN1,-1.0629
OSGIN2,2.0273
OSM,-0.26369
OSMR,0.42403
OSR1,0.31631
OSR2,0.1144
OST4,1.5458
OSTC,0.78614
OSTF1,0.47753
OSTM1,-0.35797
OSTN,0.0010857
OTC,0.53352
OTOA,2.3481
OTOF,-0.37036
OTOG,-0.024411
OTOL1,1.7765
OTOP1,0.65301
OTOP2,0.33307
OTOP3,0.47859
OTOR,-0.59392
OTOS,0.41001
OTP,0.26201
OTUB1,0.97597
OTUB2,-1.1138
OTUD1,-1.0685
OTUD3,1.76
OTUD4,0.46635
OTUD5,-1.187
OTUD6A,0.00037766
OTUD6B,-0.34024
OTUD7A,1.2763
OTUD7B,0.0033801
OTULIN,-0.19651
OTX1,-0.48721
OTX2,-0.39645
OVCA2,0.67334
OVCH1,-1.2524
OVCH2,0.59593
OVGP1,1.0038
OVOL1,0.56681
OVOL2,-1.1062
OVOL3,-1.2107
OXA1L,0.0003547
OXCT1,0.002643
OXCT2,0.94824
OXER1,0.59827
OXGR1,0.99894
OXLD1,0.29183
OXNAD1,1.4467
OXR1,0.26672
OXSM,0.38431
OXSR1,0.21798
OXT,-0.86246
OXTR,1.0237
P2RX1,0.018587
P2RX2,-0.82169
P2RX3,-0.77922
P2RX4,-1.0192
P2RX5,1.0591
P2RX6,-1.3262
P2RX7,-0.51724
P2RY1,-0.75926
P2RY10,-0.60429
P2RY11,0.23947
P2RY12,0.0031422
P2RY13,0.28371
P2RY14,0.0016881
P2RY2,1.0339
P2RY4,-0.53851
P2RY6,-0.87571
P2RY8,0.32584
P3H1,-0.3569
P3H2,0.18536
P3H3,0.55741
P3H4,-0.39333
P4HA1,1.1615
P4HA2,1.7989
P4HA3,0.5928
P4HB,1.3612
P4HTM,1.027
PA2G4,0.73991
PAAF1,0.2291
PABPC1,0.28123
PABPC1L,1.0916
PABPC1L2A,0.84064
PABPC1L2B,-0.92173
PABPC3,0.23509
PABPC4,0.2223
PABPC5,0.24352
PABPN1L,1.0557
PACRG,0.77022
PACRGL,0.00023387
PACS1,1.5341
PACS2,-0.83135
PACSIN1,0.80011
PACSIN2,-0.42947
PACSIN3,-0.94781
PADI1,0.61496
PADI2,0.70031
PADI3,1.8709
PADI4,0.23279
PADI6,-0.86968
PAEP,-0.27148
PAF1,-0.54085
PAFAH1B1,-0.62712
PAFAH1B2,-1.5702
PAFAH1B3,0.39558
PAFAH2,1.4494
PAG1,-0.32588
PAGE1,-1.7758
PAGE2,0.77176
PAGE2B,-1.5496
PAGE4,-0.31255
PAGE5,0.80872
PAGR1,0.24828
PAH,1.3437
PAICS,1.3514
PAIP1,1.3207
PAIP2,-0.77201
PAIP2B,1.0802
PAK1,1.5231
PAK1IP1,1.0869
PAK2,2.117
PAK3,1.362
PAK4,1.2774
PAK5,1.6533
PAK6,0.94262
PALB2,0.56059
PALD1,-0.89802
PALLD,-1.0015
PALM,0.41727
PALM2,0.5302
PALM2-AKAP2,0.3047
PALM3,0.0027064
PALMD,0.7354
PAM,0.51125
PAM16,1.1649
PAMR1,0.00085069
PAN2,0.14976
PAN3,0.52353
PANK1,0.47679
PANK2,-0.31077
PANK3,0.42225
PANK4,-0.14202
PANX1,1.4317
PANX2,1.6624
PANX3,1.2027
PAOX,2.5875
PAPD4,0.65125
PAPD5,-0.47746
PAPD7,-0.31099
PAPLN,1.057
PAPOLA,0.31934
PAPOLB,-0.24827
PAPOLG,1.2662
PAPPA,1.2069
PAPPA2,-0.8528
PAPSS1,-0.7461
PAPSS2,0.21609
PAQR3,0.0018891
PAQR4,0.65066
PAQR5,0.00076987
PAQR6,0.94585
PAQR7,1.3626
PAQR8,0.55883
PAQR9,0.89166
PARD3,0.79864
PARD3B,0.19482
PARD6A,1.3637
PARD6B,-0.2609
PARD6G,0.29949
PARG,0.78093
PARK7,2.62
PARL,0.73791
PARM1,1.3672
PARN,1.2433
PARP1,-0.29218
PARP10,0.8213
PARP11,0.87982
PARP12,2.1149
PARP14,-0.27292
PARP15,-0.79243
PARP16,0.56724
PARP2,1.5667
PARP3,-0.63679
PARP4,1.451
PARP6,-1.1844
PARP8,0.51344
PARP9,0.66116
PARPBP,0.67588
PARS2,0.18298
PARVA,0.18106
PARVB,1.5616
PARVG,1.1731
PASD1,0.47956
PASK,1.5982
PATE1,0.90498
PATE2,0.60157
PATE3,0.0015572
PATE4,1.2122
PATJ,-0.798
PATL1,0.0824
PATL2,-0.58175
PATZ1,0.7389
PAWR,1.1575
PAX1,0.39561
PAX2,-0.82027
PAX3,0.16607
PAX4,0.30951
PAX5,-0.42661
PAX6,-0.5306
PAX7,2.5325
PAX8,-0.48254
PAX9,0.48676
PAXBP1,-1.2077
PAXIP1,0.85296
PBDC1,0.89112
PBK,1.0599
PBLD,0.00051493
PBOV1,1.2228
PBRM1,0.58365
PBX1,-0.71085
PBX2,-2.4939
PBX3,2.0594
PBX4,0.17007
PBXIP1,1.0844
PC,-0.67428
PCBD1,-0.56591
PCBD2,0.50034
PCBP1,0.28296
PCBP2,-0.57459
PCBP3,1.0025
PCBP4,1.5864
PCCA,1.7966
PCCB,0.77539
PCDH1,-1.0799
PCDH10,-0.76756
PCDH11X,0.71552
PCDH11Y,0.83023
PCDH12,-0.20381
PCDH15,0.21446
PCDH17,0.51009
PCDH18,-0.25104
PCDH19,0.86084
PCDH20,1.0748
PCDH7,0.33832
PCDH8,1.2748
PCDH9,1.0227
PCDHA1,0.011773
PCDHA10,1.1324
PCDHA11,-2.2061
PCDHA12,-0.27601
PCDHA13,-1.5504
PCDHA2,0.93166
PCDHA3,1.0659
PCDHA4,-1.4265
PCDHA5,-0.021919
PCDHA6,3.3486
PCDHA7,-0.24097
PCDHA8,1.3314
PCDHA9,-0.85726
PCDHAC1,-1.3766
PCDHAC2,0.32908
PCDHB1,0.99397
PCDHB10,1.2533
PCDHB11,0.79107
PCDHB12,1.3321
PCDHB13,-0.1484
PCDHB14,1.4524
PCDHB15,0.18875
PCDHB16,0.59925
PCDHB2,0.5935
PCDHB3,0.032847
PCDHB4,0.011436
PCDHB5,0.66032
PCDHB6,0.83257
PCDHB7,-0.21984
PCDHB8,0.00013525
PCDHB9,2.0498
PCDHGA1,0.48339
PCDHGA10,2.1262
PCDHGA11,-0.74823
PCDHGA12,-0.95112
PCDHGA2,0.1062
PCDHGA3,0.00061772
PCDHGA5,-1.0868
PCDHGA6,-3.0448
PCDHGA7,0.60327
PCDHGA8,-0.061637
PCDHGA9,-1.0901
PCDHGB1,-0.89277
PCDHGB2,-1.1143
PCDHGB3,0.57056
PCDHGB4,0.29373
PCDHGB5,0.58421
PCDHGB6,1.2066
PCDHGB7,-0.49866
PCDHGC3,-0.59035
PCDHGC4,-2.7366
PCDHGC5,-0.60633
PCED1A,2.0037
PCED1B,0.37199
PCF11,0.58156
PCGF1,1.5421
PCGF2,1.6561
PCGF3,0.00039864
PCGF5,-0.036675
PCGF6,0.15584
PCID2,-0.487
PCIF1,0.015297
PCK1,-2.1062
PCK2,0.56227
PCLAF,-1.0094
PCLO,1.4721
PCM1,0.3636
PCMT1,-0.15622
PCMTD1,0.6939
PCMTD2,1.0613
PCNA,2.1316
PCNP,0.55358
PCNT,0.56618
PCNX1,1.103
PCNX2,1.9637
PCNX3,1.1831
PCOLCE,0.71399
PCOLCE2,1.2031
PCOTH,-1.1739
PCP2,-0.25672
PCP4,1.2907
PCP4L1,1.0093
PCSK1,-1.1068
PCSK1N,-0.82441
PCSK2,0.89878
PCSK4,0.47698
PCSK5,-0.40875
PCSK6,1.369
PCSK7,-1.2476
PCSK9,1.8595
PCTP,0.25968
PCYOX1,0.55281
PCYOX1L,1.363
PCYT1A,0.11906
PCYT1B,0.54807
PCYT2,-0.49241
PDAP1,1.6442
PDC,-1.0494
PDCD1,0.77602
PDCD10,-1.3614
PDCD11,0.066723
PDCD1LG2,-0.49871
PDCD2,-1.109
PDCD2L,-1.2916
PDCD4,0.36705
PDCD5,-1.2422
PDCD6,0.33489
PDCD6IP,1.1455
PDCD7,-0.15624
PDCL,0.84404
PDCL2,0.24389
PDCL3,-0.062744
PDE10A,0.92327
PDE11A,-0.68467
PDE12,0.85814
PDE1A,1.8678
PDE1B,-0.69951
PDE1C,-0.46679
PDE2A,1.8779
PDE3A,-0.7318
PDE3B,0.52268
PDE4A,0.8996
PDE4B,0.1337
PDE4C,0.86057
PDE4D,0.79343
PDE4DIP,0.43393
PDE5A,-0.52041
PDE6A,-0.46667
PDE6B,-0.026403
PDE6C,-0.46455
PDE6D,1.1643
PDE6G,0.75107
PDE6H,0.29934
PDE7A,0.074923
PDE7B,0.84776
PDE8A,0.23367
PDE8B,2.329
PDE9A,0.058537
PDF,0.00044893
PDGFA,1.0286
PDGFB,1.2854
PDGFC,2.147
PDGFD,0.55991
PDGFRA,0.39118
PDGFRB,-0.13177
PDGFRL,-0.97346
PDHA1,1.5335
PDHA2,-0.53411
PDHB,1.4682
PDHX,0.9183
PDIA2,1.031
PDIA3,0.1405
PDIA4,0.56965
PDIA5,-0.70548
PDIA6,0.86484
PDIK1L,-0.80026
PDILT,-0.34047
PDK1,0.34366
PDK2,1.3146
PDK3,-0.11817
PDK4,3.4706
PDLIM1,-0.77171
PDLIM2,0.3684
PDLIM3,1.6456
PDLIM4,-0.19649
PDLIM5,1.1026
PDLIM7,-1.7096
PDP1,-0.79069
PDP2,0.74003
PDPK1,0.45847
PDPN,1.2421
PDPR,2.2483
PDRG1,-0.38997
PDS5A,0.81785
PDS5B,1.1232
PDSS1,0.47103
PDSS2,-0.23208
PDX1,-0.40244
PDXDC1,1.2825
PDXK,0.8662
PDXP,-0.019688
PDYN,0.0002965
PDZD11,1.3505
PDZD2,1.2642
PDZD3,1.8671
PDZD4,1.2877
PDZD7,-1.3381
PDZD8,1.8448
PDZD9,0.57705
PDZK1,2.1138
PDZK1IP1,0.30268
PDZRN3,-0.71298
PDZRN4,-0.24345
PEA15,0.00032467
PEAK1,-0.25925
PEAR1,-0.94035
PEBP1,0.33771
PEBP4,-1.1637
PECAM1,1.0501
PECR,-0.60569
PEF1,2.9803
PEG10,2.1862
PEG3,-0.82863
PELI1,-0.97503
PELI2,-0.83019
PELI3,1.376
PELO,-1.9926
PEMT,0.00069141
PENK,0.79658
PEPD,1.6664
PER1,1.1461
PER2,-1.2419
PER3,-0.1731
PERP,-0.70401
PES1,1.1299
PET100,-0.41051
PET117,0.3
PEX1,1.5516
PEX10,-0.51711
PEX11A,1.486
PEX11B,1.4825
PEX11G,0.96766
PEX12,1.0782
PEX13,0.58479
PEX14,1.747
PEX16,0.79496
PEX19,0.4274
PEX2,0.63184
PEX26,-1.0731
PEX3,2.1592
PEX5,-0.99035
PEX5L,-0.61975
PEX6,0.89259
PEX7,1.0674
PF4,0.65409
PF4V1,0.87114
PFAS,0.00011393
PFDN1,1.2221
PFDN2,-0.18811
PFDN4,0.0065294
PFDN5,0.80616
PFDN6,0.72226
PFKFB1,1.5322
PFKFB2,0.36633
PFKFB3,0.46969
PFKFB4,-0.57034
PFKL,-0.33659
PFKM,0.89586
PFKP,0.44438
PFN1,1.7569
PFN2,-0.17975
PFN3,1.9314
PFN4,0.24606
PGA3,1.1196
PGAM1,-0.87861
PGAM2,1.1125
PGAM4,-0.62639
PGAM5,1.5414
PGAP1,1.8877
PGAP2,1.8147
PGAP3,0.001855
PGBD1,0.40243
PGBD2,1.6611
PGBD3,-0.86016
PGBD4,1.0741
PGC,2.208
PGD,0.73482
PGF,0.0004771
PGGHG,-0.91014
PGGT1B,1.521
PGK1,2.6515
PGK2,0.65843
PGLS,-1.3067
PGLYRP1,1.3537
PGLYRP2,-0.30218
PGLYRP3,0.9083
PGLYRP4,1.7525
PGM1,-0.16382
PGM2,-0.59766
PGM2L1,-0.67515
PGM3,0.017431
PGM5,0.26564
PGP,1.7742
PGPEP1,-1.2268
PGPEP1L,0.004007
PGR,0.0019587
PGRMC1,-1.088
PGRMC2,-0.87866
PGS1,0.54275
PHACTR1,0.8437
PHACTR2,1.3675
PHACTR3,0.9156
PHACTR4,0.97023
PHAX,1.0672
PHB,0.00029657
PHB2,-1.3637
PHC1,1.0181
PHC2,-1.4996
PHC3,-0.77661
PHEX,-0.41429
PHF1,-0.892
PHF10,0.78922
PHF11,0.68659
PHF12,0.74143
PHF13,-0.12704
PHF14,1.0198
PHF19,2.024
PHF2,0.44581
PHF20,-0.82149
PHF20L1,1.4402
PHF21A,0.9083
PHF21B,0.90478
PHF23,-1.368
PHF24,0.69757
PHF3,-1.267
PHF5A,-0.4937
PHF6,-0.0095492
PHF7,0.65025
PHF8,0.10855
PHGDH,1.8684
PHGR1,1.0426
PHIP,-0.59897
PHKA1,0.5234
PHKA2,-0.71337
PHKB,0.53217
PHKG1,1.1568
PHKG2,1.344
PHLDA1,1.3177
PHLDA2,0.0044535
PHLDA3,1.474
PHLDB1,0.60553
PHLDB2,0.4936
PHLDB3,-0.33952
PHLPP1,0.29699
PHLPP2,-0.52062
PHOSPHO1,0.40076
PHOSPHO2,0.00068039
PHOSPHO2-KLHL23,1.4299
PHOX2A,0.38866
PHOX2B,0.87663
PHPT1,0.24905
PHRF1,0.6828
PHTF1,1.5214
PHTF2,0.4017
PHYH,0.91493
PHYHD1,-0.091757
PHYHIP,0.029222
PHYHIPL,0.10387
PHYKPL,-0.3536249999999999
PI15,0.56266
PI16,5.59e-05
PI3,-0.82756
PI4K2A,-0.63204
PI4K2B,1.3898
PI4KA,-0.38012
PI4KB,-1.5905
PIANP,-0.4297
PIAS1,-0.49482
PIAS2,0.47438
PIAS3,-0.34881
PIAS4,1.6643
PIBF1,-0.32909
PICALM,0.84981
PICK1,-1.1368
PID1,0.10617
PIDD1,-0.71498
PIEZO1,0.12826
PIF1,-0.054288
PIFO,0.68269
PIGA,-0.16745
PIGB,1.2401
PIGC,1.4929
PIGF,0.25147
PIGG,1.411
PIGH,-0.2346
PIGK,0.88151
PIGL,0.32032
PIGM,-0.41956
PIGN,-0.54539
PIGO,-0.96579
PIGP,-0.44048
PIGQ,0.56993
PIGR,-0.15695
PIGS,0.22795
PIGT,0.35748
PIGU,0.40765
PIGV,1.7014
PIGW,-0.42568
PIGX,1.3533
PIGY,0.66668
PIGZ,0.18728
PIH1D1,-0.64317
PIH1D2,0.22866
PIH1D3,-0.90185
PIK3AP1,0.62464
PIK3C2A,0.57938
PIK3C2B,0.68346
PIK3C2G,0.19982
PIK3C3,1.2165
PIK3CA,0.00028309
PIK3CB,0.75894
PIK3CD,1.5684
PIK3CG,1.9249
PIK3IP1,0.44987
PIK3R1,1.1531
PIK3R2,0.67785
PIK3R3,-0.59288
PIK3R4,0.50276
PIK3R5,0.26659
PIK3R6,0.88729
PIKFYVE,0.054667
PILRA,0.014799
PILRB,-1.1236
PIM1,-1.4119
PIM2,1.0312
PIM3,0.31973
PIMREG,-0.46722
PIN1,1.1689
PIN4,0.33945
PINK1,2.3581
PINLYP,1.6401
PINX1,1.8639
PIP,1.115
PIP4K2A,0.55051
PIP4K2B,0.78978
PIP4K2C,-0.47321
PIP5K1A,-1.0826
PIP5K1B,-0.18407
PIP5K1C,-0.90355
PIP5KL1,1.0667
PIPOX,0.32197
PIR,0.32899
PIRT,1.9636
PISD,1.9378
PITHD1,0.5366
PITPNA,1.4661
PITPNB,1.466
PITPNC1,0.74013
PITPNM1,0.8021
PITPNM2,0.42993
PITPNM3,0.79314
PITRM1,1.2936
PITX1,0.56721
PITX2,-1.7785
PITX3,0.67048
PIWIL1,1.9022
PIWIL2,0.90839
PIWIL3,0.78347
PIWIL4,1.9794
PJA1,0.97463
PJA2,0.97583
PKD1,-0.68021
PKD1L1,-0.93543
PKD1L3,0.84033
PKD2,1.128
PKD2L1,-0.46204
PKD2L2,-0.4704
PKDCC,-0.59295
PKDREJ,0.42142
PKHD1,0.68912
PKHD1L1,0.60612
PKIA,1.9299
PKIB,1.0585
PKIG,-1.1129
PKLR,-0.7424
PKM,1.0919
PKMYT1,0.60264
PKN1,-2.0451
PKN2,0.40282
PKN3,-0.12123
PKNOX1,0.48128
PKNOX2,-0.46304
PKP1,-0.54454
PKP2,0.74964
PKP3,1.7712
PKP4,0.00048002
PLA1A,1.7824
PLA2G10,0.78114
PLA2G12A,1.0833
PLA2G12B,-0.18402
PLA2G15,2.0751
PLA2G16,-0.48559
PLA2G1B,1.6212
PLA2G2A,0.54404
PLA2G2D,-1.4219
PLA2G2E,1.0316
PLA2G2F,0.74817
PLA2G3,-0.16639
PLA2G4A,1.6399
PLA2G4B,-0.54846
PLA2G4C,1.2276
PLA2G4D,1.7146
PLA2G4E,-0.32018
PLA2G4F,-0.18424
PLA2G5,1.5846
PLA2G6,0.20348
PLA2G7,-0.97404
PLA2R1,0.81007
PLAA,0.64871
PLAC1,0.27991
PLAC4,0.36092
PLAC8,0.53419
PLAC8L1,1.0692
PLAC9,0.5411
PLAG1,0.0018096
PLAGL1,-0.87311
PLAGL2,0.4115
PLAT,1.5785
PLAU,-0.66514
PLAUR,-0.90487
PLB1,-0.52851
PLBD1,-0.30495
PLBD2,5.66e-05
PLCB1,0.39475
PLCB2,0.29985
PLCB3,-1.1356
PLCB4,-0.8978
PLCD1,0.81288
PLCD3,1.6313
PLCD4,0.2135
PLCE1,-0.14942
PLCG1,0.72936
PLCG2,-0.84383
PLCH1,0.63097
PLCH2,-0.49431
PLCL1,-1.6111
PLCL2,1.1353
PLCXD1,1.8972
PLCXD2,0.52928
PLCXD3,0.0051201
PLCZ1,-0.31317
PLD1,0.00021891
PLD2,-0.77594
PLD3,0.00042203
PLD4,0.57939
PLD5,2.1974
PLD6,0.66365
PLEC,0.65983
PLEK,1.2184
PLEK2,-0.72955
PLEKHA1,-0.79948
PLEKHA2,-0.93022
PLEKHA3,-0.54739
PLEKHA4,1.4701
PLEKHA5,-1.0352
PLEKHA6,0.23561
PLEKHA7,0.91232
PLEKHA8,0.25254
PLEKHB1,-0.8832
PLEKHB2,-0.92506
PLEKHD1,-0.58119
PLEKHF1,-0.74985
PLEKHF2,-1.2206
PLEKHG1,-0.70953
PLEKHG2,1.4323
PLEKHG3,1.4839
PLEKHG4,2.0003
PLEKHG4B,0.61143
PLEKHG5,2.1901
PLEKHG6,0.497
PLEKHG7,1.412
PLEKHH1,0.65617
PLEKHH2,0.33304
PLEKHH3,0.48058
PLEKHJ1,-0.55414
PLEKHM1,1.0838
PLEKHM2,1.0364
PLEKHM3,1.9396
PLEKHN1,1.2186
PLEKHO1,-0.78579
PLEKHO2,0.9293
PLEKHS1,0.3817
PLG,1.0568
PLGLB1,0.96858
PLGLB2,-4.6131
PLGRKT,1.1606
PLIN1,-0.88321
PLIN2,0.41296
PLIN3,0.21464
PLIN4,-0.47699
PLIN5,0.7001
PLK1,1.3293
PLK2,0.42417
PLK3,1.492
PLK4,0.78868
PLK5,-0.57606
PLLP,-1.1265
PLN,0.86348
PLOD1,1.6184
PLOD2,1.1885
PLOD3,1.0839
PLP1,0.37476
PLP2,0.68467
PLPBP,-0.48078
PLPP1,0.0004546
PLPP2,1.2476
PLPP3,0.59929
PLPP4,1.6137
PLPP5,-0.68379
PLPP6,0.36287
PLPP7,0.74738
PLPPR1,0.30266
PLPPR2,1.0709
PLPPR3,-0.66568
PLPPR4,2.0674
PLPPR5,1.0581
PLRG1,1.4103
PLS1,1.0098
PLS3,-0.83991
PLSCR1,1.2068
PLSCR2,0.72128
PLSCR3,-1.0599
PLSCR4,-0.47758
PLSCR5,0.098291
PLTP,1.4546
PLVAP,1.4138
PLXDC1,-1.4312
PLXDC2,0.66568
PLXNA1,1.6438
PLXNA2,0.7888
PLXNA3,0.93695
PLXNA4,1.3998
PLXNB1,0.94108
PLXNB2,-0.89039
PLXNB3,0.45811
PLXNC1,0.00074298
PLXND1,0.92836
PM20D1,0.74007
PM20D2,0.53736
PMAIP1,0.18489
PMCH,0.26669
PMEL,0.91476
PMEPA1,0.38312
PMF1,2.3284
PMF1-BGLAP,0.56645
PMFBP1,0.81265
PML,-1.0592
PMM1,0.13436
PMM2,2.1715
PMP2,-1.0952
PMP22,-0.57765
PMPCA,-2.0729
PMPCB,-0.65818
PMS1,0.51565
PMS2,1.1221
PMVK,0.14397
PNCK,-1.0579
PNISR,0.00038517
PNKD,0.28941
PNKP,1.933
PNLIP,1.1188
PNLIPRP1,-0.37768
PNLIPRP2,0.00094802
PNLIPRP3,1.6394
PNMA1,-0.29297
PNMA2,0.55131
PNMA3,1.3429
PNMA5,0.58003
PNMA6A,0.55224
PNMA8A,-0.55104
PNMA8B,0.63947
PNMT,0.00038996
PNN,-0.9204
PNO1,0.41772
PNOC,0.4987
PNP,-0.181
PNPLA1,-1.1947
PNPLA2,0.21932
PNPLA3,-1.0767
PNPLA4,-0.58661
PNPLA5,1.2184
PNPLA6,0.0064906
PNPLA7,-0.34404
PNPLA8,2.3966
PNPO,-0.36907
PNPT1,-0.31975
PNRC1,0.93805
PNRC2,-1.299
POC1A,-0.57771
POC1B,0.69352
POC1B-GALNT4,-0.43627
POC5,0.34445
PODN,0.0020315
PODNL1,0.80927
PODXL,1.0946
PODXL2,0.99808
POF1B,-0.9142
POFUT1,0.048594
POFUT2,0.62801
POGK,-0.68548
POGLUT1,2.4589
POGZ,-0.8468
POLA1,0.96059
POLA2,-0.58235
POLB,0.54134
POLD1,-0.53046
POLD2,-0.82332
POLD3,-0.46119
POLD4,-0.88127
POLDIP2,0.24122
POLDIP3,0.95669
POLE,2.0499
POLE2,-2.229
POLE3,0.12184
POLE4,2.8339
POLG,0.76315
POLG2,1.2961
POLH,-0.99251
POLI,0.22881
POLK,0.00034183
POLL,0.21307
POLM,-0.50464
POLN,0.76467
POLQ,-0.50463
POLR1A,1.6115
POLR1B,1.0398
POLR1C,-0.15675
POLR1D,1.1101
POLR1E,-0.29221
POLR2A,-0.84566
POLR2B,0.065667
POLR2C,-0.86943
POLR2D,-0.45778
POLR2E,-1.1918
POLR2F,0.35157
POLR2G,1.0562
POLR2H,0.80831
POLR2I,-0.35574
POLR2J,2.0931
POLR2J2,2.1492
POLR2J3,-0.84431
POLR2K,-1.0891
POLR2L,0.34622
POLR2M,-1.0334
POLR3A,0.27788
POLR3B,0.00065157
POLR3C,-0.58068
POLR3D,-0.85021
POLR3E,-0.49765
POLR3F,0.46748
POLR3G,-0.59402
POLR3GL,0.60734
POLR3H,0.19562
POLR3K,-1.0572
POLRMT,-0.50626
POM121,1.5961
POM121C,1.8631
POM121L12,0.07582
POM121L2,-0.14322
POMC,-0.31311
POMGNT1,1.1291
POMGNT2,0.91694
POMK,0.10448
POMP,-0.51705
POMT1,-0.41725
POMT2,-0.66963
POMZP3,0.26055
PON1,0.92019
PON2,0.77622
PON3,-0.73803
POP1,0.93911
POP4,1.8041
POP5,-0.53544
POP7,0.7957
POPDC2,-0.5398
POPDC3,-0.50483
POR,0.90555
PORCN,1.6272
POSTN,0.00068218
POT1,-1.1285
POTEB2,0.862
POTEC,-0.87112
POTED,-1.337
POTEE,0.27094
POTEF,-0.32992
POTEG,-0.48038
POTEH,2.7299
POTEI,-0.20604
POTEJ,-1.0117
POTEM,-0.52422
POU1F1,0.14397
POU2AF1,0.17686
POU2F1,-0.28682
POU2F2,-0.036856
POU2F3,0.20322
POU3F1,0.55835
POU3F2,2.6187
POU3F3,-0.44581
POU3F4,1.3632
POU4F1,-0.29985
POU4F2,-0.21878
POU4F3,-0.80654
POU5F1,0.0017313
POU5F1B,0.98312
POU5F2,1.3729
POU6F1,-1.0911
POU6F2,0.2668
PP2D1,-0.40961
PPA1,0.97517
PPA2,0.27079
PPAN,2.0545
PPAN-P2RY11,-1.2839
PPARA,0.74577
PPARD,0.96217
PPARG,0.22364
PPARGC1A,0.43838
PPARGC1B,0.73555
PPAT,-2.0835
PPBP,1.141
PPCDC,1.6373
PPCS,1.3435
PPDPF,0.89233
PPEF1,-0.31561
PPEF2,1.2745
PPFIA1,0.92874
PPFIA2,0.8785
PPFIA3,0.92105
PPFIA4,0.00029245
PPFIBP1,-0.76655
PPFIBP2,-1.3351
PPHLN1,1.1273
PPIA,-0.82633
PPIAL4A,1.4687
PPIAL4C,1.5
PPIAL4D,2.1504
PPIAL4E,1.2389
PPIAL4F,2.7039
PPIAL4G,-1.5572
PPIB,0.41761
PPIC,0.8225
PPID,1.5227
PPIE,1.8842
PPIF,0.89204
PPIG,1.2798
PPIH,1.0374
PPIL1,-1.1793
PPIL2,-1.768
PPIL3,0.65427
PPIL4,-0.54757
PPIL6,0.55289
PPIP5K1,0.53269
PPIP5K2,0.47819
PPL,0.058662
PPM1A,1.9219
PPM1B,1.0957
PPM1D,-0.29877
PPM1E,0.9785
PPM1F,-0.90597
PPM1G,0.79785
PPM1H,0.21497
PPM1J,1.4084
PPM1K,0.41335
PPM1L,-0.44851
PPM1M,-0.18601
PPM1N,-0.55336
PPME1,0.50056
PPOX,2.1152
PPP1CA,1.7047
PPP1CB,-0.88239
PPP1CC,1.0601
PPP1R10,0.8151
PPP1R11,-0.5674
PPP1R12A,-0.29339
PPP1R12B,-1.0575
PPP1R12C,-1.2548
PPP1R13B,-0.54891
PPP1R13L,-1.188
PPP1R14A,-0.88562
PPP1R14B,-0.42099
PPP1R14C,-0.13885
PPP1R14D,0.30386
PPP1R15A,0.64907
PPP1R15B,0.93572
PPP1R16A,-0.50476
PPP1R16B,0.71647
PPP1R17,0.59245
PPP1R18,1.2309
PPP1R1A,0.57592
PPP1R1B,-0.49572
PPP1R1C,0.074296
PPP1R2,0.76044
PPP1R21,0.36922
PPP1R26,1.3034
PPP1R27,-1.3342
PPP1R32,1.2927
PPP1R35,0.27828
PPP1R36,1.5971
PPP1R37,0.92968
PPP1R3A,0.86307
PPP1R3B,0.67492
PPP1R3C,0.0010564
PPP1R3D,0.35789
PPP1R3E,2.4766
PPP1R3F,1.6461
PPP1R3G,1.2975
PPP1R42,1.0475
PPP1R7,0.98529
PPP1R8,-0.98461
PPP1R9A,1.7757
PPP1R9B,0.62086
PPP2CA,0.52767
PPP2CB,-0.39083
PPP2R1A,-0.24974
PPP2R1B,-0.53482
PPP2R2A,-0.71012
PPP2R2B,0.00026516
PPP2R2C,0.21589
PPP2R3A,0.43816
PPP2R3B,0.8251
PPP2R3C,-0.26184
PPP2R5A,0.00080226
PPP2R5B,0.30787
PPP2R5C,1.3686
PPP2R5D,-0.60011
PPP2R5E,2.6096
PPP3CA,0.92085
PPP3CB,0.46788
PPP3CC,1.2351
PPP3R1,1.0335
PPP3R2,0.35273
PPP4C,0.47967
PPP4R1,1.5764
PPP4R2,2.3387
PPP4R3A,0.39852
PPP4R3B,1.6112
PPP4R4,0.81509
PPP5C,0.63143
PPP5D1,-0.29348
PPP6C,1.1286
PPP6R1,1.0168
PPP6R2,0.20636
PPP6R3,0.78293
PPRC1,0.73291
PPT1,0.46777
PPT2,0.00031287
PPTC7,0.59938
PPWD1,0.83251
PPY,0.31827
PQBP1,0.75166
PQLC1,-1.0212
PQLC2,0.96477
PQLC2L,-0.37122
PQLC3,-0.8541
PRAC1,0.16042
PRADC1,0.62779
PRAF2,1.2736
PRAG1,1.0765
PRAM1,-0.45378
PRAME,-0.63527
PRAMEF1,-0.76816
PRAMEF10,1.0999
PRAMEF11,0.0033012
PRAMEF12,0.73544
PRAMEF13,1.6947
PRAMEF15,1.2437
PRAMEF16,1.736
PRAMEF17,0.31353
PRAMEF18,0.52042
PRAMEF2,0.65597
PRAMEF20,-0.09188
PRAMEF22,0.42828
PRAMEF4,1.0263
PRAMEF5,-0.55331
PRAMEF6,2.5402
PRAMEF7,-0.40328
PRAMEF8,-0.69272
PRAP1,1.19
PRB1,-0.89921
PRB2,-1.1017
PRB3,2.0334
PRB4,0.46271
PRC1,-0.98675
PRCC,-0.35854
PRCD,2.1209
PRCP,-1.1663
PRDM1,0.97156
PRDM10,1.9788
PRDM11,0.84596
PRDM12,0.8588
PRDM13,0.00025303
PRDM14,-0.41079
PRDM15,-0.89629
PRDM16,0.34826
PRDM2,1.2422
PRDM4,0.59205
PRDM5,0.12755
PRDM6,1.382
PRDM7,0.879
PRDM8,1.2553
PRDM9,-0.67116
PRDX1,1.4997
PRDX2,-0.81678
PRDX3,0.66451
PRDX4,-0.81012
PRDX5,-0.15371
PRDX6,0.0010089
PREB,1.1132
PRELID1,-0.80185
PRELID2,-0.46548
PRELID3A,0.045745
PRELID3B,-0.066742
PRELP,0.90473
PREP,0.80896
PREPL,0.84144
PREX1,1.0295
PREX2,0.00092958
PRF1,0.3831
PRG2,0.45022
PRG3,0.010077
PRG4,0.32506
PRH1,0.29408
PRH2,0.47182
PRICKLE1,0.00030716
PRICKLE2,-0.15692
PRICKLE3,2.5026
PRICKLE4,-1.085
PRIM1,1.4579
PRIM2,2.2838
PRIMA1,-0.45013
PRIMPOL,0.35213
PRKAA1,-0.19949
PRKAA2,1.0216
PRKAB1,1.3514
PRKAB2,1.2403
PRKACA,1.6678
PRKACB,1.8391
PRKACG,0.43585
PRKAG1,0.00018372
PRKAG2,-0.56191
PRKAG3,0.00015093
PRKAR1A,1.3566
PRKAR1B,1.4509
PRKAR2A,-1.2553
PRKAR2B,-0.68492
PRKCA,-0.33407
PRKCB,-0.37369
PRKCD,0.0020985
PRKCE,1.2191
PRKCG,1.8345
PRKCH,-0.67746
PRKCI,0.40274
PRKCQ,1.9373
PRKCSH,-0.43557
PRKCZ,1.7515
PRKD1,0.0028614
PRKD2,-0.26182
PRKD3,-1.1337
PRKDC,-1.4559
PRKG1,0.33765
PRKG2,0.67264
PRKN,-0.78119
PRKRA,0.00065755
PRKRIP1,1.1739
PRKX,0.22833
PRL,0.0037041
PRLH,0.30289
PRLHR,0.85846
PRLR,0.00013167
PRM1,0.10257
PRM2,-0.85471
PRM3,1.6629
PRMT1,0.89256
PRMT2,0.08112
PRMT3,-0.66945
PRMT5,0.80471
PRMT6,0.42286
PRMT7,0.81535
PRMT8,0.26894
PRMT9,0.5796
PRND,0.57766
PRNP,-0.59541
PROB1,0.45487
PROC,0.18128
PROCA1,0.79113
PROCR,-0.74304
PRODH,0.54554
PRODH2,-0.50702
PROK1,1.4928
PROK2,0.8059
PROKR1,1.1385
PROKR2,0.78968
PROM1,-1.1285
PROM2,-0.048476
PROP1,-0.50759
PROS1,0.23058
PROSER1,1.051
PROSER2,1.0953
PROX1,1.8048
PROX2,-0.75444
PROZ,0.42048
PRPF18,-2.2174
PRPF19,-1.1168
PRPF3,1.6005
PRPF31,0.88921
PRPF38A,-1.1902
PRPF38B,1.0772
PRPF39,-1.0081
PRPF4,-0.72876
PRPF40A,0.33347
PRPF40B,1.3888
PRPF4B,0.36568
PRPF6,-0.98105
PRPF8,0.14393
PRPH,0.54957
PRPH2,-0.31277
PRPS1,1.4927
PRPS1L1,0.28959
PRPS2,-0.59206
PRPSAP1,-0.98667
PRPSAP2,1.2579
PRR11,-0.62813
PRR12,-0.56424
PRR13,0.72646
PRR14,1.2647
PRR14L,0.40604
PRR15,0.22677
PRR15L,-0.51695
PRR16,0.28295
PRR18,0.55165
PRR19,0.0002168
PRR20A,0.82357
PRR21,0.61292
PRR22,-0.3245
PRR23A,-0.61158
PRR23B,0.19431
PRR23C,0.30831
PRR25,-0.19005
PRR27,-1.1691
PRR29,-0.74195
PRR3,0.55964
PRR30,-1.5072
PRR32,0.094687
PRR34,-0.13195
PRR35,1.4042
PRR4,1.3272
PRR5,0.31058
PRR5-ARHGAP8,-1.4899
PRR5L,0.6819
PRR7,0.29171
PRR9,-0.078969
PRRC1,1.075
PRRC2A,0.00026133
PRRC2B,0.25051
PRRC2C,-0.78197
PRRG1,0.32798
PRRG2,0.0077309
PRRG3,-0.58518
PRRG4,0.65864
PRRT1,-1.0185
PRRT2,0.64014
PRRT3,-1.2149
PRRT4,1.7974
PRRX1,0.94138
PRRX2,0.00010725
PRSS1,1.2289
PRSS12,0.38917
PRSS16,0.42318
PRSS2,0.50284
PRSS21,0.36607
PRSS22,-0.31914
PRSS23,0.70653
PRSS27,0.56462
PRSS3,-1.2736
PRSS33,0.83051
PRSS35,0.68773
PRSS36,1.6778
PRSS37,2.6479
PRSS38,0.71379
PRSS42,0.47736
PRSS45,0.029928
PRSS46,0.002358
PRSS48,-0.63668
PRSS50,1.5878
PRSS53,1.3663
PRSS54,1.3366
PRSS55,1.5923
PRSS56,0.00026196
PRSS57,-0.30673
PRSS58,0.88692
PRSS8,1.4078
PRTFDC1,0.42257
PRTG,-1.1457
PRTN3,-0.99907
PRUNE1,-0.62896
PRUNE2,0.37202
PRX,0.50992
PRY,0.39565
PRY2,-1.5723
PSAP,0.86782
PSAPL1,0.88308
PSAT1,-0.59745
PSCA,0.15293
PSD,0.00023364
PSD2,0.67213
PSD3,0.83225
PSD4,-0.81228
PSEN1,0.19754
PSEN2,0.59864
PSENEN,0.0041976
PSG1,1.7609
PSG11,1.7379
PSG2,-1.2189
PSG3,-0.47565
PSG4,-0.87117
PSG5,0.54631
PSG6,0.2319
PSG8,-0.10104
PSG9,0.62295
PSIP1,0.00024694
PSKH1,0.18255
PSKH2,0.87396
PSMA1,-0.53539
PSMA2,1.2625
PSMA3,-0.49632
PSMA4,0.90009
PSMA5,0.88204
PSMA6,-1.5699
PSMA7,-0.42852
PSMA8,0.0002173
PSMB1,-1.6362
PSMB10,0.36645
PSMB11,1.2536
PSMB2,-2.4781
PSMB3,-2.5375
PSMB4,0.84116
PSMB5,-3.9949
PSMB6,0.00055525
PSMB7,-1.6705
PSMB8,2.6236
PSMB9,0.21695
PSMC1,0.49505
PSMC2,0.0010447
PSMC3,1.2322
PSMC3IP,0.9975
PSMC4,-0.6962
PSMC5,1.7408
PSMC6,1.5631
PSMD1,2.1687
PSMD10,-0.76994
PSMD11,2.2699
PSMD12,1.3303
PSMD13,1.0624
PSMD14,1.8317
PSMD2,-0.50353
PSMD3,0.92339
PSMD4,2.1657
PSMD5,0.0058346
PSMD6,0.85019
PSMD7,-0.57968
PSMD8,0.99793
PSMD9,-0.97233
PSME1,-0.81398
PSME2,0.056474
PSME3,1.5771
PSME4,-0.76009
PSMF1,0.50744
PSMG1,-0.2648
PSMG2,-0.7239
PSMG3,1.7684
PSMG4,-1.1373
PSORS1C1,1.0106
PSORS1C2,-0.5219
PSPC1,1.8047
PSPH,1.0534
PSPN,-0.11776
PSRC1,2.4764
PSTK,0.0042162
PSTPIP1,0.60992
PSTPIP2,1.1235
PTAFR,1.3698
PTAR1,1.5853
PTBP1,-0.53746
PTBP2,1.5986
PTBP3,0.88505
PTCD1,-2.0344
PTCD2,-0.45704
PTCD3,0.28777
PTCH1,2.5511
PTCH2,0.87581
PTCHD1,1.1408
PTCHD3,0.4344
PTCHD4,-0.89152
PTCRA,0.00030187
PTDSS1,-0.31556
PTDSS2,-0.67064
PTEN,-0.70368
PTER,0.71443
PTF1A,-0.37827
PTGDR,0.39503
PTGDR2,1.0362
PTGDS,0.91175
PTGER1,0.38879
PTGER2,-0.67186
PTGER3,2.7434
PTGER4,0.62202
PTGES,0.37741
PTGES2,8.37e-05
PTGES3,1.8347
PTGES3L,0.25243
PTGES3L-AARSD1,2.0617
PTGFR,1.2694
PTGFRN,0.95498
PTGIR,-1.0439
PTGIS,0.79831
PTGR1,0.88027
PTGR2,0.75282
PTGS1,1.0874
PTGS2,1.1462
PTH,0.87396
PTH1R,-1.6444
PTH2,-0.72185
PTH2R,0.84523
PTHLH,0.32513
PTK2,0.33618
PTK2B,6.77e-05
PTK6,1.2231
PTK7,1.3774
PTMA,-1.1048
PTMS,0.26815
PTN,1.0891
PTOV1,0.36295
PTP4A1,0.79338
PTP4A2,-0.67693
PTP4A3,0.31946
PTPA,-0.92656
PTPDC1,-1.017
PTPMT1,0.50095
PTPN1,-2.1252
PTPN11,-2.0449
PTPN12,1.2007
PTPN13,-0.6733
PTPN14,2.933
PTPN18,0.00083541
PTPN2,0.00015433
PTPN20,0.49988
PTPN21,1.526
PTPN22,1.4566
PTPN23,-2.2035
PTPN3,-0.4116
PTPN4,1.2374
PTPN5,0.50202
PTPN6,-1.163
PTPN7,0.66879
PTPN9,0.38626
PTPRA,0.49199
PTPRB,0.056349
PTPRC,0.34676
PTPRCAP,0.61557
PTPRD,0.69437
PTPRE,0.00054592
PTPRF,-0.1468
PTPRG,0.47123
PTPRH,0.00029092
PTPRJ,0.18699
PTPRK,0.43646
PTPRM,-0.60587
PTPRN,-0.64094
PTPRN2,0.62717
PTPRO,0.48372
PTPRQ,-0.27446
PTPRR,0.74465
PTPRS,0.23656
PTPRT,0.892
PTPRU,1.1447
PTPRZ1,2.2328
PTRH1,0.18113
PTRH2,2.0546
PTRHD1,-0.22083
PTS,-0.39811
PTTG1,1.0445
PTTG1IP,0.37709
PTTG2,1.3846
PTX3,-0.45497
PTX4,0.00032275
PUDP,0.11115
PUF60,1.4671
PUM1,2.8141
PUM2,-0.80817
PUM3,-0.73648
PURA,0.94222
PURB,1.681
PURG,-0.5435
PUS1,-0.50826
PUS10,-0.61544
PUS3,1.4152
PUS7,2.1566
PUS7L,-0.72958
PUSL1,2.2163
PVALB,1.0207
PVR,0.00038586
PVRIG,1.8625
PWP1,1.4962
PWP2,0.20754
PWWP2A,-1.0407
PWWP2B,0.0046838
PXDC1,0.38053
PXDN,0.00094807
PXDNL,0.99824
PXK,0.17217
PXMP2,0.00064695
PXMP4,0.00039862
PXN,0.56043
PXT1,-0.73672
PXYLP1,-1.4091
PYCARD,-0.145
PYCR1,-0.10533
PYCR2,-0.96142
PYCR3,0.71717
PYDC1,-0.99874
PYGB,0.44484
PYGL,0.84967
PYGM,0.46671
PYGO1,0.53043
PYGO2,-0.73004
PYHIN1,1.2326
PYM1,-0.024435
PYROXD1,-0.015661
PYROXD2,0.70531
PYURF,0.60638
PYY,0.93746
PZP,1.2302
QARS,1.0711
QDPR,2.5348
QKI,4.5792
QPCT,0.95501
QPCTL,1.177
QPRT,0.73724
QRFP,-2.6965
QRFPR,1.8017
QRICH1,-0.70325
QRICH2,0.96568
QRSL1,-1.1023
QSER1,0.28922
QSOX1,0.31566
QSOX2,1.7567
QTRT1,0.1238
QTRT2,0.93925
R3HCC1,0.86286
R3HCC1L,0.46997
R3HDM1,1.0248
R3HDM2,0.90187
R3HDM4,0.37402
R3HDML,-0.66542
RAB10,-0.54519
RAB11A,-0.35186
RAB11B,1.0853
RAB11FIP1,0.38001
RAB11FIP2,0.64098
RAB11FIP3,0.00038021
RAB11FIP4,-1.0212
RAB11FIP5,0.47103
RAB12,-0.52318
RAB13,0.00047194
RAB14,-0.25427
RAB15,1.547
RAB17,0.87092
RAB18,0.5593
RAB19,0.48117
RAB1A,1.1504
RAB1B,-0.67042
RAB20,-0.36249
RAB21,-0.32694
RAB22A,0.33934
RAB23,0.00019296
RAB24,-0.47436
RAB25,2.0684
RAB26,2.3388
RAB27A,2.6578
RAB27B,1.5122
RAB28,1.755
RAB29,-0.58747
RAB2A,1.2616
RAB2B,-0.59126
RAB30,0.48895
RAB31,0.0002925
RAB32,0.67391
RAB33A,0.79007
RAB33B,0.657
RAB34,1.057475
RAB35,0.67205
RAB36,-2.891
RAB37,0.23871
RAB38,0.75781
RAB39A,-0.18353
RAB39B,0.15222
RAB3A,0.00091367
RAB3B,1.2123
RAB3C,1.1045
RAB3D,0.013011
RAB3GAP1,-0.50608
RAB3GAP2,1.672
RAB3IL1,-0.36791
RAB3IP,-0.50069
RAB40A,1.4071
RAB40AL,-0.36242
RAB40B,0.73575
RAB40C,1.1924
RAB41,0.20231
RAB42,0.19514
RAB43,1.0033
RAB44,1.8309
RAB4A,0.0011474
RAB4B,-0.39488
RAB5A,0.20995
RAB5B,-0.88958
RAB5C,-0.15363
RAB6A,1.0584
RAB6B,0.92261
RAB6C,2.5087
RAB7A,-1.4839
RAB8A,0.23181
RAB8B,1.1044
RAB9A,0.96665
RAB9B,-0.27999
RABAC1,0.15171
RABEP1,0.18905
RABEP2,-0.6714
RABEPK,0.00068253
RABGAP1,-0.35897
RABGAP1L,-0.76547
RABGEF1,0.92611
RABGGTA,0.29628
RABGGTB,1.8654
RABIF,0.78712
RABL2A,-1.1445
RABL2B,-2.0168
RABL3,0.90269
RABL6,-0.79457
RAC1,1.556
RAC2,0.0026306
RAC3,0.014103
RACGAP1,1.4423
RACK1,1.458
RAD1,0.25184
RAD17,1.5171
RAD18,0.36631
RAD21,1.2857
RAD21L1,-1.2812
RAD23A,0.59694
RAD23B,-0.71403
RAD50,1.0037
RAD51,0.54182
RAD51AP1,-1.3015
RAD51AP2,-0.58337
RAD51B,-1.5391
RAD51C,-0.70661
RAD51D,-0.35019
RAD52,0.00034435
RAD54B,-0.94306
RAD54L,1.3458
RAD54L2,-0.86842
RAD9A,-2.2951
RAD9B,0.35671
RADIL,-0.75185
RAE1,0.84269
RAET1E,0.00017846
RAET1G,0.44042
RAET1L,-0.80266
RAF1,-0.55225
RAG1,1.0752
RAG2,-1.187
RAI1,0.76199
RAI14,-0.62469
RAI2,-0.67765
RALA,0.44053
RALB,0.91521
RALBP1,0.36377
RALGAPA1,-0.44958
RALGAPA2,0.793
RALGAPB,0.39713
RALGDS,1.4109
RALGPS1,1.621
RALGPS2,1.223
RALY,-0.62149
RALYL,1.8842
RAMP1,-0.23012
RAMP2,-0.19835
RAMP3,-0.031916
RAN,2.2371
RANBP1,0.0065425
RANBP10,1.0411
RANBP17,-0.19792
RANBP2,-0.34356
RANBP3,0.031351
RANBP3L,0.98466
RANBP6,-0.71587
RANBP9,0.0027512
RANGAP1,1.0177
RANGRF,0.19575
RAP1A,0.56335
RAP1B,1.1734
RAP1GAP,0.85115
RAP1GAP2,-0.0091117
RAP1GDS1,0.0026512
RAP2A,0.73015
RAP2B,-1.0382
RAP2C,0.40365
RAPGEF1,0.00084575
RAPGEF2,-1.1672
RAPGEF3,-0.41793
RAPGEF4,0.26436
RAPGEF5,1.0005
RAPGEF6,-0.66366
RAPGEFL1,-0.64553
RAPH1,0.54871
RAPSN,2.121
RARA,0.26858
RARB,-0.62014
RARG,-0.54612
RARRES1,0.95166
RARRES2,0.10203
RARRES3,2.8142
RARS,-0.97107
RARS2,-0.97196
RASA1,0.19133
RASA2,1.0981
RASA3,1.1969
RASA4,0.93655
RASA4B,2.5554
RASAL1,1.0404
RASAL2,0.12362
RASAL3,0.00075494
RASD1,0.0017717
RASD2,-0.8692
RASEF,0.31884
RASGEF1A,-0.79687
RASGEF1B,2.1749
RASGEF1C,-0.39703
RASGRF1,0.0094207
RASGRF2,-0.4051
RASGRP1,0.82904
RASGRP2,1.2025
RASGRP3,0.00021738
RASGRP4,0.00029156
RASIP1,0.3909
RASL10A,1.3067
RASL10B,1.3644
RASL11A,-0.4705
RASL11B,0.72066
RASL12,0.0007257
RASSF1,0.35435
RASSF2,-0.010239
RASSF3,-0.72341
RASSF4,-1.589
RASSF5,0.28878
RASSF6,-0.10247
RASSF7,-0.48407
RASSF8,0.18585
RASSF9,0.0036183
RAVER1,0.28377
RAVER2,1.4544
RAX,0.85311
RAX2,0.78017
RB1,0.11113
RB1CC1,1.5687
RBAK,-0.49433
RBAK-RBAKDN,0.6169
RBBP4,1.4369
RBBP5,-0.50781
RBBP6,-2.2432
RBBP7,0.56265
RBBP8,1.4429
RBBP8NL,0.78994
RBBP9,-0.54252
RBCK1,1.0701
RBFA,1.1818
RBFOX1,0.47585
RBFOX2,0.64365
RBFOX3,1.1058
RBKS,-0.7906
RBL1,0.78762
RBL2,0.53676
RBM10,1.3003
RBM11,0.48216
RBM12,1.1545
RBM12B,0.00049794
RBM14,-1.2648
RBM14-RBM4,-0.96171
RBM15,1.2136
RBM15B,-1.1469
RBM17,-1.2039
RBM18,1.5933
RBM19,1.2069
RBM20,0.76145
RBM22,-0.7662
RBM23,0.79695
RBM24,0.49801
RBM25,0.84856
RBM26,1.2443
RBM27,0.69082
RBM28,0.45406
RBM3,0.33389
RBM33,1.846
RBM34,0.019466
RBM38,0.7003
RBM39,1.3881
RBM4,-1.1418
RBM41,1.4702
RBM42,0.86691
RBM43,0.0012168
RBM44,1.0916
RBM45,0.70655
RBM46,1.4157
RBM47,-0.98552
RBM48,0.32217
RBM4B,-0.57642
RBM5,1.0354
RBM6,-0.81514
RBM7,-0.15903
RBM8A,1.1053
RBMS1,-0.2311
RBMS2,-0.31924
RBMS3,0.45812
RBMX,2.0061
RBMX2,-0.3799
RBMXL1,0.4264
RBMXL2,0.73625
RBMXL3,0.4939
RBMY1A1,0.48608
RBMY1B,1.9215
RBMY1D,-0.18195
RBMY1F,-1.4997
RBMY1J,-1.0556
RBP1,-0.46481
RBP2,0.84347
RBP3,0.33316
RBP4,1.311
RBP5,0.000621
RBP7,0.96677
RBPJ,0.66325
RBPJL,1.6566
RBPMS,-0.82197
RBPMS2,-0.80418
RBSN,1.8624
RBX1,0.23314
RC3H1,1.916
RC3H2,-0.37266
RCAN1,0.00088444
RCAN2,-1.6454
RCAN3,1.5808
RCBTB1,0.12792
RCBTB2,0.40104
RCC1,1.6624
RCC1L,0.42445
RCC2,1.8045
RCCD1,0.28287
RCE1,1.0749
RCHY1,1.5463
RCL1,0.38658
RCN1,-0.42799
RCN2,0.00078688
RCN3,-2.0951
RCOR1,2.4547
RCOR2,-1.0721
RCOR3,-1.1737
RCSD1,-1.4551
RCVRN,1.217
RD3,1.6644
RD3L,0.077785
RDH10,0.3015
RDH11,1.4983
RDH12,1.0423
RDH13,-0.66975
RDH14,0.19496
RDH16,0.90918
RDH5,0.89561
RDH8,1.6285
RDM1,0.34071
RDX,-0.098174
REC114,0.50758
REC8,-0.57164
RECK,0.18026
RECQL,0.00032197
RECQL4,1.8297
RECQL5,0.80755
REEP1,0.00082901
REEP2,0.28616
REEP3,-1.1029
REEP4,-1.162
REEP5,0.25969
REEP6,1.6257
REG1A,0.55579
REG1B,0.63457
REG3A,0.52567
REG3G,1.008
REG4,0.43071
REL,1.0368
RELA,-0.33086
RELB,-1.4516
RELL1,0.99862
RELL2,1.1498
RELN,0.59998
RELT,1.6715
REM1,0.16184
REM2,-0.47186
REN,0.45182
RENBP,0.00042768
REP15,-0.21634
REPIN1,0.64446
REPS1,-1.2323
REPS2,-0.35656
RER1,0.60614
RERE,-0.61174
RERG,0.348
RERGL,-0.1339
RESP18,-0.65264
REST,2.0415
RET,-0.19999
RETN,0.17873
RETNLB,1.5639
RETREG1,-0.8298
RETREG2,-0.23594
RETREG3,0.5082
RETSAT,-0.30644
REV1,-0.89108
REV3L,0.21531
REXO1,0.80597
REXO1L1P,1.1484
REXO2,-2.9131
REXO4,-0.56855
REXO5,1.2755
RFC1,-0.73452
RFC2,0.81389
RFC3,-1.462
RFC4,-0.44443
RFC5,0.55372
RFESD,0.38332
RFFL,0.15328
RFK,-0.70428
RFLNA,0.47113
RFLNB,0.18893
RFNG,0.00022064
RFPL1,0.38502
RFPL2,0.63548
RFPL3,0.00090642
RFPL4A,0.00055055
RFPL4AL1,0.54913
RFPL4B,-0.87766
RFT1,1.3293
RFTN1,0.90213
RFTN2,-0.45452
RFWD2,1.5939
RFWD3,0.6725
RFX1,0.43421
RFX2,0.18295
RFX3,-0.25664
RFX4,0.94599
RFX5,1.1124
RFX6,0.60671
RFX7,0.15255
RFX8,1.1067
RFXANK,-0.4481
RFXAP,1.8878
RGCC,0.13255
RGL1,-0.99959
RGL2,-0.24601
RGL3,1.1577
RGL4,0.90003
RGMA,0.54528
RGMB,0.77218
RGN,0.7794
RGP1,0.4161
RGPD1,1.529
RGPD2,0.51067
RGPD3,1.1104
RGPD4,0.50424
RGPD5,1.7671
RGPD6,-2.4984
RGR,0.64216
RGS1,0.5004
RGS10,-0.83146
RGS11,1.3402
RGS12,0.81361
RGS13,0.58774
RGS14,0.68279
RGS16,0.22578
RGS17,0.37146
RGS18,0.14527
RGS19,-0.06301
RGS2,-0.49052
RGS20,-0.43436
RGS21,0.98725
RGS22,1.4744
RGS3,1.0936
RGS4,1.0127
RGS5,1.5016
RGS6,2.349
RGS7,-0.95483
RGS7BP,0.38644
RGS8,-1.6428
RGS9,-0.50898
RGS9BP,1.362
RGSL1,-0.8646
RHAG,1.1008
RHBDD1,1.8716
RHBDD2,-0.68049
RHBDD3,0.6298
RHBDF1,1.8461
RHBDF2,-0.059468
RHBDL2,0.82284
RHBDL3,-0.86224
RHCE,0.68484
RHCG,-0.40633
RHD,0.4922
RHEB,-1.3562
RHEBL1,0.0030865
RHNO1,1.6363
RHO,0.55346
RHOA,0.89636
RHOB,-0.70047
RHOBTB1,-0.19829
RHOBTB2,0.21933
RHOBTB3,-0.28675
RHOC,1.4151
RHOD,-0.91792
RHOF,1.0002
RHOG,0.081913
RHOH,0.467
RHOJ,0.67572
RHOQ,-0.52538
RHOT1,0.38669
RHOT2,0.067123
RHOU,2.5338
RHOV,0.25603
RHOXF1,-1.6654
RHOXF2,0.40966
RHOXF2B,0.065782
RHPN1,-0.37072
RHPN2,0.91153
RIBC1,1.1708
RIC1,-1.0315
RIC3,0.0011719
RIC8A,0.75988
RIC8B,-1.1429
RICTOR,1.1604
RIDA,0.82316
RIF1,0.00015003
RIIAD1,1.5453
RILP,0.76511
RILPL1,-0.94904
RILPL2,0.26478
RIMBP2,1.0405
RIMBP3,0.68497
RIMBP3B,-0.66676
RIMBP3C,-1.0375
RIMKLA,1.9408
RIMKLB,2.5683
RIMS1,-1.4192
RIMS2,0.37305
RIMS3,-0.20287
RIMS4,0.94868
RIN1,0.92468
RIN2,0.016567
RIN3,1.5161
RING1,0.72302
RINL,0.84966
RINT1,-0.98977
RIOK1,1.6351
RIOK2,-1.5032
RIOK3,-1.5759
RIOX1,0.42023
RIOX2,-0.77257
RIPK1,-1.2191
RIPK2,0.45031
RIPK3,1.1895
RIPK4,-1.3938
RIPOR1,1.0504
RIPOR2,0.41765
RIPOR3,-0.60575
RIPPLY1,-0.4906
RIPPLY2,0.99701
RIPPLY3,0.915325
RIT1,1.1795
RIT2,-0.20992
RITA1,-1.2492
RLBP1,-0.91452
RLF,-1.3354
RLIM,-0.29326
RLN1,-1.1052
RLN2,-0.45978
RLN3,0.18872
RMDN1,3.0958
RMDN2,0.58445
RMDN3,1.041
RMI1,1.8434
RMI2,0.00017812
RMND1,0.95941
RMND5A,1.2266
RMND5B,0.71226
RNASE1,0.13813
RNASE10,0.82993
RNASE11,0.77881
RNASE12,1.3245
RNASE13,-0.90243
RNASE2,0.58487
RNASE3,0.23766
RNASE4,0.53281
RNASE6,-0.7352
RNASE7,0.44151
RNASE8,-0.2537
RNASE9,0.41695
RNASEH1,1.2996
RNASEH2A,1.4204
RNASEH2B,0.46898
RNASEH2C,-0.40332
RNASEK,0.0007555
RNASEL,0.42333
RNASET2,1.9097
RND1,0.62208
RND2,0.97389
RND3,-1.1414
RNF10,1.3314
RNF103,-0.21062
RNF103-CHMP3,-1.199
RNF11,-0.015376
RNF111,1.6445
RNF112,0.81689
RNF113A,1.0419
RNF113B,1.04
RNF114,1.4994
RNF115,-0.73207
RNF121,-1.5147
RNF122,0.38025
RNF123,-0.41881
RNF125,-1.9422
RNF126,-1.1482
RNF128,0.44424
RNF13,1.8668
RNF130,-0.33286
RNF133,-0.26572
RNF135,-0.48712
RNF138,1.6697
RNF139,-0.38485
RNF14,1.1838
RNF141,0.31786
RNF144A,0.00069172
RNF144B,0.55277
RNF145,1.3103
RNF146,-1.7901
RNF148,0.86535
RNF149,1.2306
RNF150,0.50234
RNF151,0.55416
RNF152,0.76185
RNF157,-1.0342
RNF165,2.3444
RNF166,1.2314
RNF167,0.8499
RNF168,-1.2073
RNF169,1.0596
RNF17,0.62412
RNF170,1.7463
RNF175,0.1894
RNF180,0.43404
RNF181,-1.0798
RNF182,0.0020763
RNF183,0.00073782
RNF185,-0.72745
RNF186,-0.37484
RNF187,-0.7435
RNF19A,0.79754
RNF19B,0.4575
RNF2,-0.41061
RNF20,-0.21903
RNF207,-0.64185
RNF208,0.69503
RNF212,-0.53982
RNF213,-1.3214
RNF214,1.6126
RNF215,0.93968
RNF216,0.90924
RNF217,0.51037
RNF219,0.22118
RNF220,0.72093
RNF222,0.57839
RNF223,0.91584
RNF224,0.56778
RNF225,2.4691
RNF24,0.034893
RNF25,0.52992
RNF26,0.33587
RNF31,0.9228
RNF32,-0.47514
RNF34,-0.54981
RNF38,0.92697
RNF39,1.2062
RNF4,-0.17906
RNF40,1.2606
RNF41,-0.27215
RNF43,1.1906
RNF44,0.99308
RNF5,1.9883
RNF6,0.75727
RNF7,0.43766
RNF8,1.4027
RNFT1,0.88428
RNFT2,-1.3405
RNGTT,-0.51384
RNH1,1.3569
RNLS,0.26912
RNMT,0.53114
RNPC3,0.71334
RNPEP,0.79869
RNPS1,-0.51032
ROBO1,-0.33502
ROBO2,-0.79199
ROBO3,1.1299
ROBO4,0.17356
ROCK1,0.35412
ROCK2,0.00020083
ROGDI,-0.61402
ROM1,-0.76083
ROMO1,-1.1996
ROPN1,0.96113
ROPN1B,0.86977
ROPN1L,0.80505
ROR1,1.6765
ROR2,1.0339
RORA,1.4737
RORB,1.0044
RORC,0.0002069
ROS1,0.16627
RP1,0.44194
RP1L1,0.029071
RP2,-0.92783
RP9,0.00078917
RPA1,-1.018
RPA2,-1.1849
RPA3,-1.7465
RPA4,1.2762
RPAIN,-1.4715
RPAP1,0.94764
RPAP2,1.3107
RPAP3,1.9298
RPE,0.61283
RPE65,1.6144
RPEL1,0.0010453
RPF1,0.56277
RPF2,-1.4304
RPGR,0.48498
RPGRIP1,1.883
RPGRIP1L,1.7386
RPH3A,-0.74433
RPH3AL,0.47166
RPIA,0.64888
RPL10,0.38847
RPL10A,0.73513
RPL10L,1.2165
RPL11,1.0684
RPL12,-0.67708
RPL13,-1.9379
RPL13A,-1.7636
RPL14,-0.31281
RPL15,0.93171
RPL17,-1.2561
RPL17-C18orf32,-1.9133
RPL18,-0.47647
RPL18A,-0.95893
RPL19,2.4517
RPL21,1.1177
RPL22,1.4479
RPL22L1,0.28971
RPL23,1.8501
RPL23A,-1.0548
RPL24,-0.33727
RPL26,0.36748
RPL26L1,-0.52071
RPL27,2.9828
RPL27A,0.82791
RPL28,-0.64041
RPL29,-1.0166
RPL3,-2.2021
RPL30,-0.01722
RPL31,4.97e-05
RPL32,1.6471
RPL34,-0.43576
RPL35,0.72208
RPL35A,-0.97942
RPL36,-1.535
RPL36A,-0.21252
RPL36AL,1.1696
RPL37,-0.8791
RPL37A,-2.43
RPL38,-0.15985
RPL39,-0.60197
RPL39L,-0.34651
RPL3L,0.0020471
RPL4,1.8611
RPL41,0.55756
RPL5,1.4493
RPL6,-0.92542
RPL7,0.79867
RPL7A,-0.94832
RPL7L1,0.27224
RPL8,1.9475
RPL9,0.57702
RPLP0,-1.0733
RPLP1,-0.59379
RPLP2,-0.71064
RPN1,1.5238
RPN2,-0.28415
RPP14,2.5659
RPP21,1.8346
RPP25,0.56429
RPP25L,0.67951
RPP30,0.93802
RPP38,-0.19698
RPP40,-0.70385
RPRD1A,0.00095441
RPRD1B,0.00048257
RPRD2,0.2219
RPRM,0.90829
RPRML,1.0876
RPS10,0.00011996
RPS10-NUDT3,0.48467
RPS11,-0.89886
RPS12,-0.27999
RPS13,1.1533
RPS14,0.46084
RPS15,0.79735
RPS15A,-0.50007
RPS16,-0.2793
RPS17,0.7736
RPS18,2.1771
RPS19,-0.7168
RPS19BP1,1.0418
RPS2,0.36245
RPS20,1.0254
RPS21,-0.51133
RPS23,1.4499
RPS24,0.35206
RPS25,0.11342
RPS26,1.8086
RPS27,2.2089
RPS27A,1.6439
RPS27L,0.6107
RPS28,2.3484
RPS29,0.49601
RPS3,1.8722
RPS3A,-0.54063
RPS4X,1.7288
RPS4Y1,0.84531
RPS4Y2,0.42682
RPS5,0.70243
RPS6,1.2945
RPS6KA1,0.53949
RPS6KA2,-0.59442
RPS6KA3,0.50788
RPS6KA4,0.25696
RPS6KA5,1.5785
RPS6KA6,-0.25639
RPS6KB1,0.74957
RPS6KB2,0.85514
RPS6KC1,1.0433
RPS6KL1,0.30154
RPS7,-0.35883
RPS8,-1.1946
RPS9,1.4033
RPSA,0.86545
RPTN,-1.0892
RPTOR,1.1757
RPUSD1,0.90048
RPUSD2,0.0012149
RPUSD3,1.239
RPUSD4,0.87813
RRAD,0.6557
RRAGA,2.1802
RRAGB,1.6871
RRAGC,1.6582
RRAGD,0.58313
RRAS,-0.35052
RRAS2,1.3594
RRBP1,1.3172
RREB1,-0.93167
RRH,-0.48382
RRM1,1.6436
RRM2,0.99206
RRM2B,1.5539
RRN3,1.1876
RRNAD1,0.0019139
RRP1,-0.98424
RRP12,0.21734
RRP15,-1.9703
RRP1B,-0.37627
RRP36,-0.53262
RRP7A,0.251
RRP8,0.52911
RRP9,-0.47078
RRS1,-0.56116
RS1,1.3482
RSAD1,-1.1337
RSAD2,0.97181
RSBN1,0.8686
RSBN1L,0.1712
RSC1A1,1.3125
RSF1,0.46915
RSG1,1.8226
RSL1D1,0.68979
RSL24D1,0.72612
RSPH1,0.6219
RSPH10B,2.5871
RSPH10B2,0.26551
RSPH14,-0.98318
RSPH3,0.52778
RSPH4A,-0.98483
RSPH6A,-0.30708
RSPH9,-1.8068
RSPO1,1.0342
RSPO2,1.1266
RSPO3,-0.15174
RSPO4,1.7216
RSPRY1,-0.85427
RSRC1,0.79657
RSRC2,0.33383
RSRP1,1.4398
RSU1,-0.36694
RTBDN,0.56604
RTCA,0.96395
RTCB,-0.246475
RTEL1,-0.42159
RTF1,1.9298
RTFDC1,-0.7971
RTKN,0.27921
RTKN2,1.0362
RTL1,0.17568
RTL10,-0.7868
RTL3,0.21565
RTL4,-0.58526
RTL5,1.1261
RTL6,-0.10709
RTL8A,0.00028055
RTL8B,0.25754
RTL8C,2.118
RTL9,1.1853
RTN1,-0.30912
RTN2,0.12805
RTN3,1.5974
RTN4,-0.36141
RTN4IP1,0.00187
RTN4R,-2.0059
RTN4RL1,0.589
RTN4RL2,0.98306
RTP1,-1.2101
RTP2,1.6094
RTP3,-1.1978
RTP4,0.7191
RTP5,2.687
RTTN,-1.0315
RUBCN,-1.3065
RUBCNL,-1.9934
RUFY1,1.7152
RUFY2,-0.77348
RUFY3,0.77035
RUNDC1,0.75582
RUNDC3A,-0.49286
RUNDC3B,0.074859
RUNX1,-2.5326
RUNX1T1,0.59399
RUNX2,1.3361
RUNX3,1.9052
RUSC1,-1.0169
RUSC2,0.42466
RUVBL1,-0.0056636
RUVBL2,1.0723
RWDD1,-0.67295
RWDD2A,0.36621
RWDD2B,0.73615
RWDD3,0.77505
RWDD4,0.75298
RXFP1,-0.2437
RXFP2,0.0079764
RXFP3,0.77727
RXFP4,0.98188
RXRA,1.8279
RXRB,3.1592
RXRG,-2.4274
RYBP,1.6987
RYK,1.3224
RYR1,0.4612
RYR2,0.42064
RYR3,0.026436
S100A1,0.63098
S100A10,0.71886
S100A11,-0.82763
S100A12,0.317
S100A13,-0.66788
S100A14,0.92346
S100A16,0.00062265
S100A2,0.25513
S100A3,-0.40894
S100A4,-0.66995
S100A5,-1.5889
S100A6,-0.57294
S100A7,0.44592
S100A7A,-0.62205
S100A8,1.3988
S100A9,-0.63077
S100B,2.0426
S100G,1.4435
S100P,0.89558
S100PBP,1.8292
S100Z,0.74779
S1PR1,2.9164
S1PR2,2.3987
S1PR3,0.28747
S1PR4,1.066
S1PR5,-2.3002
SAA1,0.0042909
SAA2,0.86177
SAA2-SAA4,0.26682
SAA4,1.1677
SAAL1,0.96834
SAC3D1,1.2828
SACM1L,0.5979
SACS,0.41761
SAE1,0.72449
SAFB,-1.0571
SAFB2,1.4599
SAG,1.0624
SAGE1,-0.53217
SALL1,1.8397
SALL2,-1.5525
SALL3,-1.0432
SALL4,0.22701
SAMD1,0.93697
SAMD10,2.2773
SAMD11,0.91543
SAMD12,-0.82003
SAMD13,-0.23991
SAMD14,0.90794
SAMD15,0.1301
SAMD3,0.00437
SAMD4A,0.61044
SAMD4B,1.1967
SAMD5,0.71412
SAMD7,0.00031656
SAMD8,0.00041243
SAMD9,-0.93862
SAMD9L,0.00039004
SAMHD1,0.76133
SAMM50,-0.41708
SAMSN1,0.0031132
SAP130,3.1754
SAP18,-0.12746
SAP25,1.3938
SAP30,1.401
SAP30BP,-1.0645
SAP30L,0.34032
SAPCD1,1.8658
SAPCD2,-1.2044
SAR1A,-0.72855
SAR1B,0.39166
SARAF,2.1212
SARDH,0.54745
SARNP,1.3436
SARS,0.49693
SARS2,1.0941
SART1,-0.80024
SART3,1.9782
SASH1,1.1162
SASH3,0.28353
SASS6,-0.20059
SAT1,2.8426
SAT2,0.74257
SATB1,-0.82283
SATB2,-0.96507
SATL1,0.4295
SAV1,-0.70514
SAXO1,1.5254
SAXO2,1.4145
SAYSD1,1.0033
SBDS,1.4626
SBF1,0.94123
SBF2,0.92728
SBK1,0.47274
SBK2,-0.4622
SBK3,-1.1634
SBNO1,0.79607
SBNO2,-0.69945
SBSN,-1.0025
SBSPON,1.2181
SC5D,0.16473
SCAF1,1.0537
SCAF11,-0.69788
SCAF4,0.9362
SCAF8,1.0158
SCAI,0.92879
SCAMP1,0.9907
SCAMP2,0.00011138
SCAMP3,-0.59533
SCAMP4,0.0056422
SCAMP5,-0.92619
SCAND1,-1.1999
SCAP,1.4254
SCAPER,-1.8901
SCARA3,1.1387
SCARA5,1.2141
SCARB1,-0.60508
SCARB2,0.61733
SCARF1,0.0025135
SCARF2,0.73744
SCCPDH,0.50772
SCD,0.63873
SCD5,-0.20723
SCEL,0.0011483
SCFD1,-1.3547
SCFD2,0.38541
SCG2,-0.40091
SCG3,-0.85381
SCG5,0.00027899
SCGB1A1,-0.44852
SCGB1C1,2.473
SCGB1C2,0.72904
SCGB1D1,1.1685
SCGB1D2,-0.64314
SCGB1D4,0.66108
SCGB2A1,0.65027
SCGB2A2,0.33926
SCGB2B2,0.92902
SCGB3A1,0.33275
SCGB3A2,0.27047
SCGN,-1.0182
SCHIP1,-0.1048
SCIMP,-0.2045
SCIN,1.3543
SCLT1,0.7535
SCLY,1.2675
SCMH1,-0.70929
SCML1,0.043523
SCML2,0.33386
SCML4,-0.61919
SCN10A,0.81009
SCN11A,0.00024137
SCN1A,0.6362
SCN1B,0.30775
SCN2A,0.35203
SCN2B,0.80832
SCN3A,-0.58729
SCN3B,2.2179
SCN4A,1.1529
SCN4B,0.45106
SCN5A,-1.2636
SCN7A,1.2774
SCN8A,0.60398
SCN9A,-0.52662
SCNM1,1.7983
SCNN1A,0.66619
SCNN1B,0.4926
SCNN1D,1.0793
SCNN1G,-0.53242
SCO1,-0.79436
SCO2,1.1101
SCOC,1.4064
SCP2,-0.79824
SCP2D1,0.00055078
SCPEP1,0.0076648
SCRG1,-0.22469
SCRIB,1.6089
SCRN1,-0.73513
SCRN2,1.0709
SCRN3,0.081529
SCRT1,0.12218
SCRT2,-0.38112
SCT,-0.5352
SCTR,-0.58304
SCUBE1,0.26521
SCUBE2,-1.2759
SCUBE3,1.1751
SCX,0.89923
SCYL1,0.97353
SCYL2,0.45512
SCYL3,0.22155
SDAD1,1.9308
SDC1,0.97727
SDC2,-0.73302
SDC3,0.88302
SDC4,1.2663
SDCBP,-0.26441
SDCBP2,0.59726
SDCCAG3,-0.86237
SDCCAG8,1.6745
SDE2,1.1997
SDF2,0.22162
SDF2L1,1.5313
SDF4,-0.6597
SDHA,0.70552
SDHAF1,-0.35739
SDHAF2,-1.2143
SDHAF3,-0.35537
SDHAF4,1.3986
SDHB,-1.0296
SDHC,0.49339
SDHD,1.8416
SDK1,-0.55288
SDK2,-1.1348
SDR16C5,0.27592
SDR39U1,-0.43865
SDR42E1,1.8446
SDR9C7,-0.51283
SDS,-1.2439
SDSL,0.00013138
SEBOX,-0.62424
SEC11A,1.1704
SEC11C,1.3434
SEC13,2.3108
SEC14L1,1.7461
SEC14L2,1.1989
SEC14L3,1.7856
SEC14L4,1.0228
SEC14L5,0.19968
SEC14L6,0.0006901
SEC16A,0.21922
SEC16B,-0.17676
SEC22A,-1.1232
SEC22C,0.82241
SEC23A,1.1246
SEC23B,0.00017111
SEC23IP,0.7765
SEC24A,-1.0918
SEC24B,-0.8284
SEC24C,0.31943
SEC24D,0.84937
SEC31A,-0.54443
SEC31B,-1.0024
SEC61A1,-0.33234
SEC61A2,-0.32738
SEC61B,0.97018
SEC61G,0.92127
SEC62,0.25905
SEC63,0.6778
SECISBP2,0.16317
SECISBP2L,0.482
SECTM1,3.2104
SEH1L,0.15335
SEL1L,1.1551
SEL1L2,0.56975
SEL1L3,-0.79329
SELE,-0.13495
SELENBP1,0.70229
SELENOF,0.075965
SELENOH,0.15142
SELENOI,0.29147
SELENOK,0.32237
SELENOM,1.2586
SELENON,0.82171
SELENOO,1.3066
SELENOP,-1.0255
SELENOS,-0.28437
SELENOT,1.3533
SELENOV,-1.5196
SELENOW,0.50872
SELL,1.3112
SELP,1.1218
SELPLG,0.55245
SEM1,1.2223
SEMA3A,1.0685
SEMA3B,0.77864
SEMA3C,1.8744
SEMA3D,1.5362
SEMA3E,1.2706
SEMA3F,0.70713
SEMA3G,-1.339
SEMA4A,0.16066
SEMA4B,-1.0913
SEMA4C,0.00015743
SEMA4D,0.35424
SEMA4F,-0.57568
SEMA4G,0.5138
SEMA5A,-1.1626
SEMA5B,0.35376
SEMA6A,-0.090265
SEMA6B,0.28042
SEMA6C,0.97562
SEMA6D,0.35281
SEMA7A,-0.68449
SEMG1,2.4321
SEMG2,0.24879
SENP1,0.064659
SENP2,1.366
SENP3,1.1413
SENP5,0.42247
SENP6,-0.32927
SENP7,-0.56843
SENP8,-1.1833
SEPHS1,0.99814
SEPHS2,0.73088
SEPSECS,1.0666
SEPT10,0.19198
SEPT11,0.00050247
SEPT12,0.78067
SEPT14,-1.1365
SEPT2,-1.2744
SEPT3,0.62795
SEPT4,-1.0013
SEPT5,0.39219
SEPT6,-0.20442
SEPT7,-0.9073
SEPT8,0.58462
SEPT9,0.00042946
SERAC1,-0.55921
SERBP1,0.9267
SERF1A,-0.95579
SERF2,3.0755
SERGEF,-0.55465
SERHL2,-0.91961
SERINC1,0.4029
SERINC2,1.4054
SERINC3,-1.0507
SERINC4,1.3988
SERINC5,1.5697
SERP1,-0.80238
SERP2,-0.84865
SERPINA1,1.3079
SERPINA10,-0.25189
SERPINA11,-0.74458
SERPINA12,0.82562
SERPINA3,0.80196
SERPINA4,-0.66845
SERPINA5,0.70901
SERPINA6,-0.95167
SERPINA7,-0.68784
SERPINA9,0.0012619
SERPINB1,-0.48255
SERPINB10,1.1119
SERPINB12,1.2236
SERPINB13,0.68156
SERPINB2,1.1166
SERPINB3,-0.090292
SERPINB4,0.84894
SERPINB5,0.84365
SERPINB6,0.1604
SERPINB7,-0.49136
SERPINB8,0.75043
SERPINB9,-1.4892
SERPINC1,1.8068
SERPIND1,0.92256
SERPINE1,0.50301
SERPINE2,1.0889
SERPINE3,1.2437
SERPINF1,0.94167
SERPINF2,1.3744
SERPING1,0.79802
SERPINH1,2.0911
SERPINI1,-1.0548
SERPINI2,0.86972
SERTAD1,0.97854
SERTAD2,0.6228
SERTAD3,0.6394
SERTAD4,0.38539
SERTM1,0.08435
SESN1,0.56029
SESN2,-0.68443
SESN3,0.0012037
SESTD1,0.93406
SET,-1.179
SETBP1,-0.45651
SETD1A,0.78683
SETD1B,-0.010709
SETD2,0.065174
SETD3,1.6204
SETD4,-0.40527
SETD5,0.80526
SETD6,2.8083
SETD7,2.2271
SETD9,-0.37828
SETDB1,0.76052
SETDB2,1.1269
SETMAR,0.68192
SETX,0.00068561
SEZ6,0.00063455
SEZ6L,1.6318
SEZ6L2,1.0935
SF1,-1.1247
SF3A1,1.1359
SF3A2,-0.89769
SF3A3,0.48862
SF3B1,0.11835
SF3B2,-0.1395
SF3B3,2.1086
SF3B4,1.2012
SF3B5,1.043
SF3B6,1.2061
SFI1,0.86004
SFMBT1,-1.0233
SFMBT2,2.8317
SFN,2.1935
SFPQ,0.11656
SFR1,0.53506
SFRP1,-0.9406
SFRP2,-0.48101
SFRP4,0.70446
SFRP5,0.30923
SFSWAP,0.12907
SFT2D1,-0.45919
SFT2D2,2.1635
SFT2D3,-1.3533
SFTA2,0.97061
SFTA3,-0.90953
SFTPA1,1.5968
SFTPA2,1.6091
SFTPB,-0.050621
SFTPC,0.88416
SFTPD,-0.33186
SFXN1,2.8024
SFXN2,0.72898
SFXN3,-1.6141
SFXN4,1.7091
SFXN5,0.0014502
SGCA,0.51019
SGCB,-1.1418
SGCD,-0.47595
SGCE,1.3848
SGCG,0.34981
SGCZ,1.2797
SGF29,1.4424
SGIP1,0.89958
SGK1,-0.95551
SGK2,0.0052875
SGK3,0.81706
SGMS1,-1.6519
SGMS2,1.15
SGO1,1.4951
SGO2,0.92396
SGPL1,0.28558
SGPP1,0.80529
SGPP2,-0.36377
SGSH,0.47982
SGSM1,-0.16483
SGSM2,0.87094
SGSM3,0.0003971
SGTA,1.5439
SGTB,0.77022
SH2B1,-0.88789
SH2B2,1.4102
SH2B3,-0.45865
SH2D1A,0.6272
SH2D1B,-1.3081
SH2D2A,0.6925
SH2D3A,1.265
SH2D3C,2.3477
SH2D4A,0.002128
SH2D4B,0.93307
SH2D5,0.92368
SH2D6,0.754
SH2D7,-0.31758
SH3BGR,-0.19756
SH3BGRL,-0.42499
SH3BGRL2,-0.18384
SH3BGRL3,1.0118
SH3BP1,-0.91786
SH3BP2,-1.0083
SH3BP4,-0.34626
SH3BP5,0.44355
SH3BP5L,-0.36095
SH3D19,0.56613
SH3D21,-0.39673
SH3GL1,0.52004
SH3GL2,0.74635
SH3GL3,1.0361
SH3GLB1,-0.35232
SH3GLB2,1.1182
SH3KBP1,-0.87917
SH3PXD2A,-1.1543
SH3PXD2B,-0.96871
SH3RF1,1.3479
SH3RF2,-0.23632
SH3RF3,0.67058
SH3TC1,2.2578
SH3TC2,1.1221
SH3YL1,0.00076443
SHANK1,-0.48162
SHARPIN,-0.66562
SHB,-1.4902
SHBG,1.4353
SHC1,1.2352
SHC2,0.0022393
SHC3,0.51971
SHC4,0.37178
SHCBP1,0.35635
SHCBP1L,0.00011077
SHD,0.31164
SHE,1.2033
SHF,-1.3501
SHH,1.2885
SHISA2,-0.38766
SHISA3,0.00031844
SHISA4,-0.75078
SHISA5,-0.45967
SHISA6,-0.74463
SHISA7,-1.0308
SHISA8,-0.53062
SHISA9,0.00081845
SHKBP1,1.314
SHMT1,1.1775
SHMT2,-0.65195
SHOC2,0.00010992
SHOX,2.7406
SHOX2,1.0809
SHPK,2.445
SHPRH,2.1107
SHQ1,1.5952
SHROOM1,0.98896
SHROOM2,0.8525
SHROOM3,0.73275
SHROOM4,-0.56631
SHTN1,0.11935
SI,0.89452
SIAE,-1.0728
SIAH1,-0.78452
SIAH2,1.3564
SIAH3,-1.2685
SIDT1,1.2538
SIDT2,0.66639
SIGIRR,-0.90123
SIGLEC1,-0.18872
SIGLEC10,-0.31566
SIGLEC11,0.5346
SIGLEC12,0.93554
SIGLEC14,0.49883
SIGLEC15,1.2337
SIGLEC5,0.00056741
SIGLEC6,-0.44191
SIGLEC7,-0.32352
SIGLEC8,0.73044
SIGLEC9,-1.2647
SIGLECL1,1.5929
SIGMAR1,1.1525
SIK1,-1.6859
SIK2,0.82416
SIKE1,1.4017
SIL1,0.78163
SIM1,-0.65381
SIM2,0.92987
SIMC1,0.62977
SIN3A,0.76182
SIN3B,-1.2322
SIPA1,1.2367
SIPA1L1,-0.34358
SIPA1L2,0.63763
SIPA1L3,-0.67659
SIRPA,0.77223
SIRPB1,1.0748
SIRPB2,1.4324
SIRPD,0.0048277
SIRPG,0.64828
SIRT1,2.9625
SIRT2,-0.79628
SIRT3,-0.74341
SIRT4,0.68215
SIRT5,-0.95521
SIRT6,0.26037
SIRT7,0.75127
SIT1,-0.63473
SIVA1,1.3041
SIX1,-1.8688
SIX2,0.23895
SIX3,0.00041808
SIX4,-0.47786
SIX5,-0.9292
SIX6,1.1249
SKA1,-0.53201
SKA2,-0.95046
SKA3,0.49834
SKAP1,1.6913
SKAP2,0.37853
SKI,-0.87697
SKIDA1,-0.33077
SKIL,-0.79677
SKIV2L,0.736
SKIV2L2,-0.18552
SKOR1,0.0026328
SKP1,-0.52157
SKP2,-1.4881
SLA,0.63111
SLA2,1.832
SLAIN1,1.1174
SLAIN2,-0.83853
SLAMF1,0.38009
SLAMF6,-0.26934
SLAMF7,0.94145
SLAMF8,0.59931
SLAMF9,-0.10906
SLBP,0.36725
SLC10A1,0.33355
SLC10A2,0.68294
SLC10A3,-0.75496
SLC10A4,0.81398
SLC10A5,-0.78312
SLC10A6,-1.2186
SLC10A7,1.048
SLC11A1,0.19907
SLC11A2,-0.69867
SLC12A1,0.37856
SLC12A2,-1.0369
SLC12A3,0.65422
SLC12A4,0.75797
SLC12A5,0.82404
SLC12A6,0.54495
SLC12A7,1.0178
SLC12A8,0.76527
SLC12A9,3.5456
SLC13A1,-0.51076
SLC13A2,-0.15192
SLC13A3,0.61975
SLC13A4,0.42025
SLC13A5,-0.8043
SLC14A1,1.3979
SLC14A2,0.58606
SLC15A1,0.69849
SLC15A2,-1.285
SLC15A3,-0.66374
SLC15A4,-0.24829
SLC16A1,-1.4763
SLC16A10,0.82689
SLC16A11,0.58543
SLC16A12,0.26386
SLC16A13,0.61554
SLC16A14,1.1335
SLC16A2,-1.034
SLC16A3,1.3307
SLC16A4,-0.47263
SLC16A5,1.6471
SLC16A6,-0.71496
SLC16A7,0.38346
SLC16A8,-0.8306
SLC16A9,0.94666
SLC17A1,0.9329
SLC17A2,-0.83565
SLC17A3,1.3184
SLC17A4,2.0657
SLC17A5,0.51944
SLC17A6,0.68418
SLC17A7,0.82766
SLC17A8,0.00054778
SLC17A9,-0.26899
SLC18A1,-0.20546
SLC18A2,1.3357
SLC18A3,-0.88371
SLC18B1,0.71678
SLC19A1,0.75063
SLC19A2,1.0202
SLC19A3,0.0013704
SLC1A1,-0.98021
SLC1A2,0.40284
SLC1A3,-0.20496
SLC1A4,0.67863
SLC1A5,0.82194
SLC1A6,0.28102
SLC1A7,0.16411
SLC20A1,-1.8991
SLC20A2,1.7359
SLC22A1,-0.81416
SLC22A10,-1.6152
SLC22A11,-0.34747
SLC22A12,-1.0088
SLC22A13,-0.42395
SLC22A14,1.6765
SLC22A15,0.45227
SLC22A16,0.71132
SLC22A17,0.18983
SLC22A18,-0.41299
SLC22A18AS,-1.3668
SLC22A2,1.4065
SLC22A20,-0.9696
SLC22A23,1.638
SLC22A24,-0.32653
SLC22A25,-1.1106
SLC22A3,-0.30681
SLC22A31,0.64376
SLC22A4,1.4192
SLC22A5,0.8222
SLC22A6,0.74267
SLC22A7,0.10517
SLC22A8,0.36993
SLC22A9,1.3086
SLC23A1,1.3193
SLC23A2,0.00048449
SLC23A3,-0.0032208
SLC24A1,-0.072023
SLC24A2,1.2019
SLC24A3,-0.16485
SLC24A4,1.3466
SLC24A5,-0.76252
SLC25A1,-0.34818
SLC25A10,0.50865
SLC25A11,1.1781
SLC25A12,1.3113
SLC25A13,-0.29946
SLC25A14,-0.9924
SLC25A15,1.4172
SLC25A16,0.44629
SLC25A17,1.1334
SLC25A18,-0.49759
SLC25A19,1.81
SLC25A2,1.8071
SLC25A20,-1.1356
SLC25A21,1.3257
SLC25A22,-0.16453
SLC25A23,0.00027758
SLC25A24,1.9445
SLC25A25,1.2479
SLC25A26,1.9106
SLC25A27,0.19806
SLC25A28,1.6456
SLC25A29,0.43157
SLC25A3,-0.96765
SLC25A30,0.26941
SLC25A31,1.0338
SLC25A32,-0.26179
SLC25A33,1.1087
SLC25A34,1.1504
SLC25A35,0.70492
SLC25A36,1.1372
SLC25A37,1.4008
SLC25A38,0.54659
SLC25A39,1.2568
SLC25A4,-0.89728
SLC25A40,-0.22254
SLC25A41,1.4313
SLC25A42,2.171
SLC25A43,0.00019756
SLC25A44,-0.38678
SLC25A45,0.22855
SLC25A46,1.2489
SLC25A47,-1.4104
SLC25A48,0.50263
SLC25A5,0.93781
SLC25A51,-0.15742
SLC25A52,0.00074402
SLC25A53,-0.82177
SLC25A6,1.4557
SLC26A1,2.3158
SLC26A10,0.95706
SLC26A11,0.49399
SLC26A2,-0.70962
SLC26A3,-0.45346
SLC26A4,1.3619
SLC26A5,-0.082785
SLC26A6,0.53982
SLC26A7,-0.90042
SLC26A8,1.0853
SLC26A9,0.25801
SLC27A1,0.52325
SLC27A2,-1.1666
SLC27A3,-0.75792
SLC27A4,0.13071
SLC27A5,-0.55222
SLC27A6,1.6385
SLC28A1,1.2785
SLC28A2,0.29658
SLC28A3,0.1768
SLC29A1,-0.40839
SLC29A2,0.19833
SLC29A3,-0.044729
SLC29A4,2.665
SLC2A1,1.4616
SLC2A10,1.1206
SLC2A11,0.62072
SLC2A12,0.69791
SLC2A13,0.13596
SLC2A14,1.7589
SLC2A2,-1.1472
SLC2A3,-0.2708
SLC2A4,0.5927
SLC2A4RG,1.3456
SLC2A5,1.1377
SLC2A6,0.00061921
SLC2A7,1.6362
SLC2A8,-0.82699
SLC2A9,0.90475
SLC30A1,2.5359
SLC30A10,0.79473
SLC30A2,0.49655
SLC30A3,1.6282
SLC30A4,1.6878
SLC30A5,0.48809
SLC30A6,-0.9858
SLC30A7,0.00093468
SLC30A8,0.45656
SLC30A9,0.63844
SLC31A1,0.46611
SLC31A2,-1.1709
SLC32A1,0.94847
SLC33A1,0.66367
SLC34A1,2.3676
SLC34A2,-0.71989
SLC34A3,1.2852
SLC35A1,-1.1763
SLC35A2,-0.87461
SLC35A3,0.27235
SLC35A4,0.00059644
SLC35A5,-0.78536
SLC35B2,-0.32589
SLC35B3,0.57565
SLC35B4,0.95076
SLC35C1,0.34656
SLC35C2,-0.30498
SLC35D1,1.2342
SLC35D2,0.7178
SLC35D3,0.56566
SLC35E1,1.5488
SLC35E2,0.27937
SLC35E2B,1.1148
SLC35E3,-1.4268
SLC35E4,0.50074
SLC35F1,1.5837
SLC35F2,-0.58753
SLC35F3,0.21759
SLC35F5,0.70156
SLC35F6,0.87273
SLC35G1,0.62001
SLC35G2,-0.30098
SLC35G3,1.1592
SLC35G5,0.46273
SLC35G6,0.00036443
SLC36A1,1.2476
SLC36A2,-0.72097
SLC36A3,1.5723
SLC36A4,1.4938
SLC37A1,0.14159
SLC37A2,-0.22526
SLC37A3,-0.58994
SLC37A4,-2.0376
SLC38A1,1.4611
SLC38A10,-1.1337
SLC38A11,-0.48058
SLC38A2,1.117
SLC38A3,-0.75826
SLC38A4,1.0759
SLC38A5,0.90529
SLC38A6,0.72944
SLC38A7,0.70472
SLC38A8,-0.59253
SLC38A9,1.353
SLC39A1,0.54552
SLC39A10,2.4023
SLC39A11,2.4698
SLC39A12,0.94788
SLC39A13,1.6412
SLC39A14,0.0005029
SLC39A2,1.0975
SLC39A3,-1.1673
SLC39A4,0.24512
SLC39A5,-0.39393
SLC39A6,0.18893
SLC39A7,0.24343
SLC39A8,0.00030754
SLC39A9,0.20033
SLC3A1,0.23071
SLC3A2,-2.2779
SLC40A1,-1.1004
SLC41A1,0.46437
SLC41A2,0.14537
SLC41A3,0.45973
SLC43A1,0.3309
SLC43A2,-0.53574
SLC43A3,0.90013
SLC44A1,-1.3123
SLC44A2,0.00044483
SLC44A3,0.79912
SLC44A4,-0.80292
SLC44A5,1.3428
SLC45A1,-0.89859
SLC45A2,1.5507
SLC45A3,-0.20533
SLC45A4,-0.33127
SLC46A1,0.80377
SLC46A2,-0.3353
SLC46A3,0.67693
SLC47A1,-0.15097
SLC47A2,-0.42972
SLC48A1,0.72991
SLC4A1,1.5825
SLC4A10,1.0075
SLC4A11,-1.4013
SLC4A1AP,-0.525
SLC4A2,2.1239
SLC4A3,1.6986
SLC4A4,-0.25188
SLC4A5,0.00031345
SLC4A7,0.32778
SLC4A8,2.5702
SLC4A9,0.00032751
SLC50A1,1.2449
SLC51A,-0.89669
SLC51B,0.91021
SLC52A1,-0.30636
SLC52A2,-0.49753
SLC52A3,-0.90968
SLC5A1,1.1872
SLC5A10,-0.92274
SLC5A11,0.0090849
SLC5A12,0.42767
SLC5A2,1.9605
SLC5A3,-0.80313
SLC5A4,0.86888
SLC5A5,0.2279
SLC5A6,1.0602
SLC5A7,-0.73165
SLC5A8,2.6072
SLC5A9,-0.57838
SLC6A1,0.00055348
SLC6A11,-1.8368
SLC6A12,-0.33334
SLC6A13,-0.56253
SLC6A14,0.32976
SLC6A15,1.4329
SLC6A16,0.1591
SLC6A17,-0.45473
SLC6A18,1.5547
SLC6A19,-0.8557
SLC6A2,0.85404
SLC6A20,-0.4234
SLC6A3,0.49266
SLC6A4,1.4899
SLC6A5,-0.50858
SLC6A6,-1.2974
SLC6A7,-0.63274
SLC6A8,1.5771
SLC6A9,-1.0552
SLC7A1,4.0751
SLC7A10,0.92385
SLC7A11,0.41934
SLC7A13,-1.1923
SLC7A14,0.13465
SLC7A2,0.21149
SLC7A3,0.50562
SLC7A4,-0.98921
SLC7A5,1.7581
SLC7A6,2.3929
SLC7A6OS,-1.4267
SLC7A7,0.39118
SLC7A8,1.3285
SLC7A9,3.2478
SLC8A1,0.66071
SLC8A2,1.1403
SLC8A3,0.17746
SLC8B1,0.09369
SLC9A1,0.4364
SLC9A2,2.3873
SLC9A3,-0.45263
SLC9A3R1,1.9641
SLC9A3R2,2.8484
SLC9A4,0.8083
SLC9A5,-1.0158
SLC9A6,0.49154
SLC9A7,1.487
SLC9A8,-0.95705
SLC9A9,-1.014
SLC9B1,-0.61194
SLC9B2,1.4585
SLC9C1,-0.49351
SLC9C2,0.39694
SLCO1A2,0.00061748
SLCO1B1,1.5168
SLCO1B3,0.62874
SLCO1B7,1.0137
SLCO1C1,0.0023384
SLCO2A1,0.16794
SLCO2B1,0.69457
SLCO3A1,0.86849
SLCO4A1,-1.9212
SLCO4C1,0.62403
SLCO5A1,1.1428
SLCO6A1,0.63446
SLF1,0.3068
SLF2,-0.63782
SLFN11,1.3974
SLFN12,0.30684
SLFN12L,0.063974
SLFN13,0.016798
SLFN14,-0.55228
SLFN5,-0.45194
SLFNL1,2.0816
SLIRP,0.76775
SLIT1,-0.41929
SLIT2,-0.35636
SLIT3,1.7696
SLITRK1,0.35351
SLITRK2,1.9164
SLITRK3,1.0091
SLITRK4,-0.47642
SLITRK5,-0.7203
SLITRK6,0.024968
SLK,-0.44716
SLMAP,0.67549
SLN,-0.31412
SLPI,-1.0555
SLTM,-1.3524
SLU7,-1.2124
SLURP1,1.4088
SLX1A,1.3332
SLX4,-0.89765
SLX4IP,2.051
SMAD1,1.0757
SMAD2,1.075
SMAD3,0.57264
SMAD4,0.9067
SMAD5,-0.52697
SMAD6,0.0098527
SMAD7,0.78915
SMAD9,0.23088
SMAGP,-0.72949
SMAP1,-0.30181
SMAP2,0.00020555
SMARCA1,0.17743
SMARCA2,-0.50664
SMARCA4,-1.2393
SMARCA5,-1.2609
SMARCAD1,-0.65518
SMARCAL1,1.2978
SMARCB1,-1.0443
SMARCC1,-0.054129
SMARCC2,1.746
SMARCD1,-0.84712
SMARCD2,-2.0533
SMARCD3,0.90495
SMARCE1,-0.34581
SMC1A,1.8757
SMC1B,0.65814
SMC2,-1.4071
SMC3,0.96734
SMC4,0.51822
SMC5,0.015085
SMC6,0.23615
SMCHD1,-1.0966
SMCO1,0.0073984
SMCO2,0.97059
SMCO3,-0.71634
SMCO4,0.79797
SMCP,1.1374
SMCR8,-0.76374
SMCR9,-1.7043
SMDT1,-1.6482
SMG1,2.4523
SMG5,0.9593
SMG6,-1.3075
SMG7,-0.80535
SMG8,0.26997
SMG9,0.80286
SMIM1,2.0118
SMIM10,0.038162
SMIM10L1,-0.45099
SMIM11A,0.6586
SMIM12,0.71805
SMIM13,0.35596
SMIM14,-1.0664
SMIM15,-1.0303
SMIM17,-0.28525
SMIM18,1.0433
SMIM19,0.6476
SMIM20,0.00408
SMIM21,-0.84164
SMIM22,0.079145
SMIM24,-0.21318
SMIM29,0.72046
SMIM3,-1.2867
SMIM4,0.77488
SMIM5,0.00027069
SMIM6,-0.33244
SMIM7,0.88589
SMIM8,0.10721
SMIM9,0.61968
SMKR1,1.6802
SMLR1,0.72145
SMN1,0.47597
SMN2,3.0478
SMNDC1,-0.92408
SMO,0.5112
SMOC1,-0.092857
SMOC2,2.1157
SMOX,-0.35298
SMPD1,0.84868
SMPD2,0.37911
SMPD3,0.67391
SMPD4,0.69604
SMPDL3A,0.97038
SMPDL3B,-0.75685
SMPX,0.29807
SMR3A,0.55343
SMR3B,1.1596
SMS,1.0401
SMTN,0.73049
SMTNL2,-0.48778
SMU1,-1.2414
SMUG1,-0.25431
SMURF1,0.47041
SMURF2,0.97882
SMYD1,-1.1215
SMYD2,-1.1459
SMYD3,-1.1748
SMYD4,1.5242
SMYD5,1.4996
SNAI1,-0.4837
SNAI2,0.46721
SNAI3,0.0011977
SNAP23,1.1664
SNAP25,1.182
SNAP29,0.47944
SNAP47,-0.80794
SNAP91,-0.38102
SNAPC1,-1.8088
SNAPC2,-1.7332
SNAPC3,-2.2521
SNAPC4,1.1143
SNAPC5,0.28765
SNAPIN,2.2744
SNCA,0.70667
SNCAIP,0.05724
SNCB,-0.12498
SNCG,-1.3504
SND1,0.24432
SNED1,-0.481
SNF8,1.2769
SNHG28,0.94499
SNIP1,-0.079895
SNN,0.49809
SNORD138,-0.34333
SNPH,0.00027806
SNRK,0.24349
SNRNP200,-0.30281
SNRNP25,0.6087
SNRNP27,1.8764
SNRNP35,0.47263
SNRNP40,-1.0462
SNRNP48,0.47855
SNRNP70,1.6637
SNRPA,0.068678
SNRPA1,-1.5537
SNRPB,-0.014417
SNRPB2,0.13857
SNRPC,-0.67811
SNRPD1,-0.79661
SNRPD2,0.53204
SNRPD3,-0.042382
SNRPE,-1.7205
SNRPF,-0.34473
SNRPG,0.61515
SNRPN,-0.54354
SNTA1,0.78596
SNTB1,-0.26917
SNTB2,0.096506
SNTG1,-0.56749
SNTG2,1.5048
SNTN,0.70608
SNU13,0.45522
SNUPN,0.29839
SNURF,0.58517
SNW1,0.54697
SNX1,1.1056
SNX10,1.012
SNX11,1.2634
SNX12,0.0012377
SNX13,1.5586
SNX14,-0.25783
SNX15,0.78461
SNX16,-0.92995
SNX17,1.1719
SNX18,0.25975
SNX19,-0.77127
SNX2,0.050668
SNX20,1.4058
SNX21,-0.14756
SNX22,2.219
SNX24,0.99621
SNX25,-0.63862
SNX27,-0.66236
SNX29,1.6137
SNX3,1.1824
SNX30,0.29096
SNX31,0.00064478
SNX32,0.33611
SNX33,0.17697
SNX4,0.23519
SNX5,0.00034765
SNX6,0.33616
SNX7,0.002824
SNX8,0.79064
SNX9,1.224
SOAT1,1.3949
SOAT2,0.52403
SOBP,-0.53715
SOCS1,0.0010366
SOCS2,2.0768
SOCS3,0.36378
SOCS4,-1.0554
SOCS5,1.3207
SOCS6,-0.40914
SOCS7,-1.0526
SOD1,0.54831
SOD2,0.58585
SOD3,-1.041
SOGA1,0.41879
SOGA3,0.39361
SOHLH1,0.00042502
SOHLH2,0.43131
SON,-1.5266
SORBS1,-0.66944
SORBS2,0.71001
SORBS3,-0.90093
SORCS1,0.93899
SORCS2,1.4172
SORCS3,0.65169
SORD,-0.62551
SORL1,1.4746
SORT1,1.5547
SOS1,-0.73576
SOS2,0.44081
SOST,0.5605
SOSTDC1,-0.71746
SOWAHA,0.2183
SOWAHB,0.0010349
SOWAHC,0.0013854
SOWAHD,-1.0556
SOX1,-0.36928
SOX10,0.11031
SOX11,0.24441
SOX12,0.63744
SOX13,-0.85947
SOX14,1.8306
SOX15,0.58685
SOX17,0.71206
SOX18,0.54368
SOX2,0.72933
SOX21,0.99417
SOX3,-0.39442
SOX30,0.00088212
SOX4,1.3732
SOX5,0.64273
SOX6,1.7073
SOX7,0.77579
SOX8,1.0005
SOX9,-1.1749
SP1,-0.49032
SP100,0.0007378
SP110,-1.4965
SP140,-0.38062
SP140L,-0.23318
SP2,-0.99159
SP3,-0.71023
SP4,-1.0236
SP5,0.36424
SP6,0.00019262
SP7,0.78083
SP8,1.8391
SP9,1.7211
SPA17,1.487
SPACA1,1.022
SPACA3,-0.55467
SPACA4,-1.0246
SPACA5,1.5716
SPACA7,1.9369
SPACA9,-0.83481
SPAG1,0.53117
SPAG11A,0.29053
SPAG11B,0.21234
SPAG16,-0.53379
SPAG17,0.89584
SPAG4,1.8524
SPAG5,0.96601
SPAG6,2.1189
SPAG7,0.4582
SPAG8,0.81456
SPAG9,0.28462
SPAM1,0.43914
SPANXA1,1.5106
SPANXA2,0.060789
SPANXB1,0.0253942
SPANXC,2.3571
SPANXD,-0.8435050000000001
SPANXN1,-0.82535
SPANXN2,0.00037941
SPANXN3,0.8142
SPANXN4,1.2493
SPANXN5,-0.31837
SPARC,1.5027
SPARCL1,1.2828
SPART,-0.48988
SPAST,1.3469
SPATA12,0.085767
SPATA13,-1.0919
SPATA16,0.74701
SPATA17,-0.24817
SPATA18,0.00060706
SPATA19,-0.36233
SPATA2,0.76209
SPATA20,-0.035049
SPATA21,-0.22606
SPATA22,-1.026
SPATA24,0.0032517
SPATA25,1.153
SPATA2L,2.2498
SPATA3,0.65321
SPATA31A1,0.5515399999999999
SPATA31A3,0.25944
SPATA31A5,0.87745
SPATA31A6,0.39572
SPATA31A7,-0.624765
SPATA31C1,0.92916
SPATA31C2,1.2482
SPATA31D1,-0.51567
SPATA31D3,-0.94327
SPATA31D4,-0.92256
SPATA31E1,1.3168
SPATA32,-1.0899
SPATA33,-0.476635
SPATA4,0.83836
SPATA45,0.9407
SPATA46,1.2244
SPATA5,1.5032
SPATA5L1,0.70675
SPATA6,0.25671
SPATA6L,1.4933
SPATA7,0.24145
SPATA8,-0.97337
SPATA9,1.0312
SPATC1,-0.79654
SPATC1L,1.0758
SPATS1,-0.48988
SPATS2,0.56657
SPATS2L,0.54184
SPC24,0.80905
SPC25,0.41915
SPCS1,0.00018329
SPCS2,-0.89566
SPCS3,1.0916
SPDEF,4.91e-05
SPDL1,0.71762
SPDYA,0.31431
SPDYC,0.23193
SPDYE1,0.50179
SPDYE2,-0.2217
SPDYE2B,-0.5242
SPDYE3,1.0335
SPDYE4,0.00049224
SPDYE5,0.88616
SPDYE6,3.278
SPECC1,0.86589
SPECC1L,0.00061904
SPEF1,-0.76487
SPEF2,0.00068469
SPEG,0.78924
SPEM1,1.088
SPEN,1.2916
SPERT,-0.52393
SPESP1,-0.17715
SPG11,0.59938
SPG21,1.0119
SPG7,0.5909
SPHAR,-3.1294
SPHK1,0.51961
SPHK2,2.3947
SPHKAP,-0.50386
SPI1,0.32776
SPIB,2.3907
SPIC,1.189
SPICE1,1.9191
SPIDR,-0.6841499999999999
SPIN1,0.018711
SPIN2A,0.0011849
SPIN2B,-0.88145
SPIN3,-0.20777
SPIN4,1.7609
SPINK1,-1.4963
SPINK13,1.4061
SPINK14,-1.1419
SPINK2,0.81755
SPINK4,-0.69594
SPINK5,1.44
SPINK6,-0.48499
SPINK7,-0.74627
SPINK8,0.35671
SPINK9,1.205
SPINT1,1.0185
SPINT2,-0.8644
SPINT3,-0.029286
SPINT4,0.57523
SPIRE1,1.9542
SPIRE2,0.15149
SPN,-1.0811
SPNS1,-1.0547
SPNS2,0.34319
SPNS3,-0.33621
SPO11,0.00031984
SPOCD1,0.80984
SPOCK1,-0.78688
SPOCK2,0.68784
SPOCK3,-0.09001
SPON1,0.78358
SPON2,0.12712
SPOP,1.4179
SPOPL,-0.21796
SPOUT1,-1.4727
SPP1,-0.51173
SPP2,0.97886
SPPL2A,0.58679
SPPL2B,1.2912
SPPL2C,-0.32705
SPPL3,0.00017623
SPR,0.0025134
SPRED1,0.0011853
SPRED2,3.0181
SPRED3,0.12657
SPRN,-0.5222
SPRR1A,-0.34191
SPRR1B,0.4422
SPRR2A,-0.71562
SPRR2B,-3.6564
SPRR2D,-0.708
SPRR2E,-0.4316
SPRR2F,0.57809
SPRR2G,1.0089
SPRR3,-0.78271
SPRR4,1.0649
SPRTN,-0.9386
SPRY1,-0.19423
SPRY2,0.17612
SPRY3,1.1942
SPRY4,0.19435
SPRYD3,1.8245
SPRYD4,0.78789
SPRYD7,-0.41235
SPSB1,0.80787
SPSB2,1.1339
SPSB3,-0.1188
SPSB4,0.63481
SPTA1,1.5468
SPTAN1,0.4038
SPTB,0.12763
SPTBN1,2.7805
SPTBN2,-0.89546
SPTBN4,1.9541
SPTBN5,-0.6355
SPTLC1,-0.1571
SPTLC2,-0.71239
SPTLC3,-0.76725
SPTSSA,1.6133
SPTSSB,0.92526
SPTY2D1,-0.84104
SPX,-0.29612
SPZ1,0.0004496
SQLE,-2.4728
SQOR,0.65756
SQSTM1,-0.43636
SRA1,-0.58244
SRBD1,0.28857
SRC,0.63979
SRCAP,-2.0582
SRCIN1,0.55768
SRD5A1,-1.7356
SRD5A2,0.54642
SRD5A3,-1.0157
SREBF1,0.57694
SREBF2,1.7243
SREK1,0.74949
SREK1IP1,0.19753
SRF,-0.51661
SRFBP1,-1.6289
SRGAP1,0.97916
SRGAP2,1.107
SRGAP2B,1.5901
SRGAP2D,1.1079
SRGAP3,-0.46336
SRGN,1.0598
SRI,0.75135
SRL,1.4022
SRM,2.3689
SRMS,-0.52273
SRP14,1.8323
SRP19,-0.37713
SRP54,0.75415
SRP68,-1.3805
SRP72,-0.44492
SRP9,1.0655
SRPK1,1.0129
SRPK2,0.66251
SRPK3,0.50498
SRPRA,-0.68739
SRPRB,0.59358
SRPX,1.4453
SRPX2,0.9891
SRR,1.1112
SRRD,1.5551
SRRM1,1.3422
SRRM2,-0.87756
SRRM4,-0.99375
SRRM5,1.0338
SRRT,0.51024
SRSF1,-1.5868
SRSF10,1.2915
SRSF11,1.3697
SRSF12,-0.33444
SRSF2,1.1113
SRSF3,1.6542
SRSF4,1.6819
SRSF5,-0.8545
SRSF6,0.99115
SRSF7,1.2547
SRSF8,1.4018
SRSF9,1.2679
SRXN1,0.65942
SRY,0.00032381
SS18,-0.81647
SS18L1,0.43553
SS18L2,0.77732
SSB,0.41077
SSBP1,1.3272
SSBP2,0.53768
SSBP3,-0.79735
SSBP4,0.81639
SSC4D,0.60712
SSC5D,-0.12301
SSFA2,0.065111
SSH1,-0.6084
SSH2,0.69472
SSH3,-0.91918
SSMEM1,1.9922
SSNA1,2.68e-05
SSPN,-1.8411
SSPO,1.462
SSR1,1.5749
SSR2,-1.6548
SSR3,-0.41063
SSR4,-0.28639
SSRP1,0.85686
SSSCA1,1.2852
SST,0.61317
SSTR1,0.51288
SSTR2,0.11934
SSTR3,0.24403
SSTR4,-1.2612
SSTR5,0.47321
SSU72,-0.70068
SSUH2,0.00011526
SSX1,0.47189
SSX2,0.65607
SSX2B,0.33792
SSX2IP,0.40395
SSX3,0.51669
SSX4,1.4778
SSX4B,1.843
SSX5,-0.32793
SSX7,0.00019305
ST13,0.79291
ST14,0.60928
ST18,0.45669
ST20,0.27441
ST20-MTHFS,2.1749
ST3GAL1,1.0882
ST3GAL2,0.73323
ST3GAL3,2.0249
ST3GAL4,0.53044
ST3GAL5,-1.1328
ST3GAL6,1.0731
ST5,0.68118
ST6GAL1,-1.2448
ST6GAL2,0.41465
ST6GALNAC1,0.00021163
ST6GALNAC2,-0.36663
ST6GALNAC3,1.1717
ST6GALNAC4,-0.35714
ST6GALNAC5,2.7749
ST6GALNAC6,-0.27974
ST7,-0.12413
ST7L,1.5129
ST8SIA1,-0.23085
ST8SIA2,0.64749
ST8SIA3,0.63086
ST8SIA4,0.98826
ST8SIA5,0.1578
ST8SIA6,0.92057
STAB1,1.3034
STAB2,-0.70163
STAC,-1.218
STAC2,1.0164
STAC3,1.3559
STAG1,0.74705
STAG2,-1.1102
STAG3,0.69646
STAM,0.53375
STAM2,-0.72355
STAMBP,-0.10709
STAMBPL1,1.132
STAP1,-0.72201
STAP2,0.71311
STAR,0.00013824
STARD10,0.77182
STARD13,-0.71687
STARD3,1.0193
STARD3NL,0.78472
STARD4,0.97431
STARD5,0.34252
STARD6,1.4534
STARD7,2.4668
STARD8,-0.2834
STARD9,2.0551
STAT1,-1.4406
STAT2,-0.58142
STAT3,0.12225
STAT4,0.0021154
STAT5A,1.1892
STAT5B,-1.7852
STAT6,0.38772
STATH,-1.0452
STAU1,-0.51751
STAU2,0.0020199
STBD1,0.67065
STC1,-0.32373
STC2,0.72739
STEAP1,0.44387
STEAP1B,0.0068498
STEAP2,-0.63742
STEAP3,0.049554
STEAP4,1.6054
STH,-0.81171
STIL,0.57903
STIM1,1.8488
STIM2,0.13267
STIP1,0.74087
STK10,0.9668
STK11,-0.22788
STK11IP,0.73809
STK16,-0.9024
STK17A,0.81703
STK17B,0.70477
STK19,1.0819
STK24,-1.3671
STK25,0.70304
STK26,-0.73624
STK3,-0.43726
STK31,0.64179
STK32A,0.26776
STK32B,0.87903
STK32C,0.32679
STK33,-0.1293
STK35,-0.68806
STK36,0.82623
STK38,0.52773
STK38L,-0.76934
STK39,0.87702
STK4,1.7958
STK40,1.6632
STKLD1,0.27284
STMN1,0.43295
STMN2,1.018
STMN3,-0.53292
STMN4,-1.7112
STMND1,0.18306
STN1,-0.45285
STOM,-0.8887
STOML1,1.0719
STOML2,1.547
STOML3,1.0127
STON1,1.4729
STON1-GTF2A1L,0.0010534
STON2,-1.0829
STOX1,2.4213
STOX2,-0.60456
STPG1,0.93518
STPG2,0.070581
STPG3,-0.81932
STPG4,0.507
STRA6,0.92483
STRA8,1.0132
STRADA,1.6949
STRADB,1.1516
STRAP,0.70946
STRBP,-0.76107
STRC,1.2968
STRIP1,0.83458
STRIP2,1.3545
STRN,0.00059972
STRN3,0.80339
STRN4,0.71941
STS,0.21732
STT3A,0.88947
STT3B,1.1486
STUB1,2.235
STUM,0.77033
STX10,0.76467
STX11,1.3675
STX12,-0.86145
STX16,-0.80476
STX17,0.2838
STX18,-0.76012
STX19,1.7477
STX1A,1.3885
STX1B,7.44e-05
STX2,1.8677
STX3,0.079235
STX4,1.2751
STX5,1.2035
STX6,0.24827
STX7,1.1991
STX8,-1.3009
STXBP1,-0.78536
STXBP2,0.0045624
STXBP3,0.52664
STXBP4,-0.37516
STXBP5,1.2609
STXBP5L,-1.2512
STXBP6,1.9759
STYK1,0.13052
STYX,0.77039
STYXL1,0.0012069
SUB1,-0.6795
SUCLA2,-1.6229
SUCLG1,-1.4296
SUCLG2,0.47491
SUCNR1,0.48181
SUCO,1.6874
SUDS3,-0.767
SUFU,0.96716
SUGCT,-0.71672
SUGP1,1.5511
SUGP2,0.041087
SUGT1,0.19468
SULF1,0.60675
SULF2,1.7075
SULT1A1,1.8154
SULT1A2,-1.0413
SULT1A3,0.80886
SULT1A4,-0.80616
SULT1B1,0.18285
SULT1C2,-0.3417
SULT1C3,0.00043263
SULT1C4,0.27669
SULT1E1,-0.49372
SULT2A1,-1.3748
SULT2B1,0.34444
SULT4A1,0.76214
SULT6B1,0.46427
SUMF1,0.0014762
SUMF2,-0.51893
SUMO1,1.2941
SUMO2,0.52369
SUMO3,1.3616
SUMO4,0.091171
SUN1,2.2145
SUN2,0.00010959
SUN3,-0.78666
SUN5,0.58126
SUOX,-1.8582
SUPT16H,0.74096
SUPT20H,0.0010109
SUPT20HL1,-0.59072
SUPT20HL2,-0.8543
SUPT3H,1.1089
SUPT4H1,0.16802
SUPT5H,1.7662
SUPT6H,0.52997
SUPT7L,1.9753
SUPV3L1,-1.9671
SURF1,2.2955
SURF2,1.4705
SURF4,0.9069
SURF6,0.94074
SUSD1,0.53365
SUSD2,0.1988
SUSD3,1.8434
SUSD4,0.43657
SUSD5,1.5332
SUSD6,2.4479
SUV39H1,0.34404
SUV39H2,0.0023633
SUZ12,2.4446
SV2A,1.1194
SV2B,0.00089211
SV2C,0.39598
SVBP,0.00061102
SVEP1,0.00041343
SVIL,0.48629
SVIP,0.84118
SVOP,-0.62357
SVOPL,-0.40271
SWAP70,0.79711
SWSAP1,0.86477
SWT1,0.3557
SYAP1,-1.1858
SYBU,-0.98881
SYCE1,1.0938
SYCE1L,-0.52115
SYCE2,0.00015733
SYCE3,-0.53563
SYCN,0.00090633
SYCP1,0.97933
SYCP2,0.0062287
SYCP2L,0.75137
SYCP3,-0.61949
SYDE1,0.95381
SYDE2,1.1193
SYF2,1.4386
SYK,-0.83751
SYMPK,0.26577
SYN1,1.9154
SYN2,0.80114
SYN3,0.00024833
SYNC,1.3629
SYNCRIP,-1.2179
SYNDIG1,1.6081
SYNDIG1L,2.1163
SYNE1,-0.1643
SYNE2,-0.99435
SYNE3,1.0451
SYNE4,0.66666
SYNGAP1,-0.45944
SYNGR1,1.2613
SYNGR2,7.47e-05
SYNGR3,1.999
SYNGR4,-1.569
SYNJ1,-0.26327
SYNJ2,0.9338
SYNJ2BP,-0.44217
SYNJ2BP-COX16,0.8618
SYNM,0.00022782
SYNPO,0.23917
SYNPO2,0.11212
SYNPO2L,-0.43215
SYNPR,1.6603
SYNRG,1.2154
SYP,0.0027834
SYPL1,0.43645
SYPL2,1.193
SYS1,0.11253
SYT1,0.24704
SYT10,0.8294
SYT11,-0.3957
SYT12,-1.0197
SYT13,0.58108
SYT14,1.0617
SYT15,-0.45321
SYT16,-0.59701
SYT17,0.32764
SYT2,1.5456
SYT3,-0.83589
SYT4,0.54598
SYT5,1.8104
SYT6,1.047
SYT7,-0.80246
SYT8,1.0342
SYT9,-0.86355
SYTL1,0.56948
SYTL2,1.1763
SYTL3,0.0011192
SYTL4,2.028
SYTL5,0.90625
SYVN1,-0.53357
SZRD1,0.3988
SZT2,-0.79682
T,1.0751
TAAR1,2.7653
TAAR2,-0.097847
TAAR5,-0.90892
TAAR6,1.8792
TAAR8,0.69966
TAAR9,-0.1263
TAB1,0.54362
TAB2,1.3949
TAB3,1.3823
TAC1,2.4089
TAC3,0.00269
TAC4,2.5717
TACC1,0.50521
TACC2,0.89924
TACC3,-0.74072
TACO1,0.71135
TACR1,-1.1222
TACR2,0.24001
TACR3,-0.68398
TACSTD2,1.8499
TADA1,0.28971
TADA2A,-1.0213
TADA2B,1.1423
TADA3,-0.81759
TAF1,-0.067371
TAF10,1.2292
TAF11,0.61822
TAF12,0.0014406
TAF13,0.40403
TAF15,0.26875
TAF1A,0.84413
TAF1B,2.169
TAF1C,0.70807
TAF1D,0.33646
TAF1L,1.6632
TAF2,-1.9661
TAF3,-1.1781
TAF4,-0.61394
TAF4B,0.04179
TAF5,-0.86068
TAF5L,1.0911
TAF6,0.54928
TAF6L,1.6044
TAF7,1.4204
TAF7L,0.23286
TAF8,-1.6655
TAF9,0.3456
TAF9B,-0.25563
TAGAP,0.14849
TAGLN,0.37935
TAGLN2,1.4115
TAGLN3,2.2788
TAL1,2.8281
TAL2,0.62785
TALDO1,1.1882
TAMM41,-0.58197
TANC1,0.51997
TANC2,1.6886
TANGO2,1.528
TANGO6,1.144
TANK,-0.58293
TAOK1,0.65092
TAOK2,1.0303
TAOK3,0.57312
TAP1,-1.5537
TAP2,1.7407
TAPBP,-2.0667
TAPBPL,1.4331
TAPT1,0.97819
TARBP1,-1.3543
TARBP2,1.176
TARDBP,-0.78387
TARM1,-0.73471
TARP,1.2017
TARS,0.38634
TARS2,1.1697
TARSL2,-0.4668
TAS1R1,1.1233
TAS1R2,-1.1141
TAS1R3,0.61232
TAS2R1,0.82126
TAS2R10,-0.40309
TAS2R13,-0.71208
TAS2R14,-0.51094
TAS2R16,-0.6103
TAS2R19,0.89202
TAS2R20,-0.61578
TAS2R3,0.00058598
TAS2R30,0.25847
TAS2R31,0.57649
TAS2R38,2.4928
TAS2R39,0.81033
TAS2R4,0.98092
TAS2R40,1.7169
TAS2R41,0.3577
TAS2R42,0.34107
TAS2R43,0.67664
TAS2R46,0.58344
TAS2R5,1.2054
TAS2R50,0.49235
TAS2R60,-0.6285
TAS2R7,1.2435
TAS2R8,-1.0309
TAS2R9,0.0010731
TASP1,0.00034865
TAT,0.22296
TATDN1,-1.2252
TATDN2,0.59393
TATDN3,0.99616
TAX1BP1,1.4032
TAX1BP3,1.2612
TAZ,0.49286
TBATA,0.00038268
TBC1D1,1.2632
TBC1D10A,-0.7335
TBC1D10B,-0.62245
TBC1D10C,0.50571
TBC1D12,1.8609
TBC1D13,-0.15495
TBC1D14,0.30515
TBC1D15,0.88012
TBC1D16,-0.70921
TBC1D17,1.8497
TBC1D19,-0.62621
TBC1D2,0.73767
TBC1D20,0.41032
TBC1D21,0.48735
TBC1D22A,0.72528
TBC1D22B,-0.80608
TBC1D23,-0.67968
TBC1D24,-0.71469
TBC1D25,0.37241
TBC1D26,0.91916
TBC1D28,-0.63391
TBC1D29,0.26575
TBC1D2B,0.00055231
TBC1D3,0.87666
TBC1D30,0.37437
TBC1D31,-0.0286999999999999
TBC1D32,0.83758
TBC1D3F,-4.3638
TBC1D3H,0.18201
TBC1D4,1.0875
TBC1D5,0.9105
TBC1D7,0.025504
TBC1D8,1.0634
TBC1D8B,0.92193
TBC1D9,0.69939
TBC1D9B,0.34567
TBCA,0.33183
TBCB,0.26633
TBCC,-0.72747
TBCCD1,-0.89856
TBCD,-0.25349
TBCE,0.64959
TBCEL,-0.19982
TBCK,-0.44212
TBK1,0.71035
TBKBP1,1.0274
TBL1X,0.00029592
TBL1XR1,1.0481
TBL1Y,0.72072
TBL2,-0.78585
TBL3,0.22244
TBP,0.57306
TBPL1,1.6894
TBPL2,0.36946
TBR1,1.0328
TBRG1,2.318
TBRG4,1.0766
TBX1,-1.2029
TBX10,0.26371
TBX15,1.9477
TBX18,1.0573
TBX19,-0.31226
TBX2,-0.19864
TBX20,-0.21704
TBX21,-0.67507
TBX22,-0.78445
TBX3,0.46369
TBX4,0.82498
TBX5,2.1098
TBX6,2.1869
TBXA2R,0.15066
TBXAS1,-0.75924
TC2N,-0.85949
TCAF1,0.31707
TCAF2,0.37688
TCAIM,0.49356
TCAP,0.99573
TCEA1,1.6629
TCEA2,-0.5089
TCEA3,2.1843
TCEAL1,1.1811
TCEAL2,0.65965
TCEAL3,-1.4636
TCEAL4,0.66989
TCEAL5,0.50337
TCEAL6,-0.64601
TCEAL7,1.0425
TCEAL8,-0.17087
TCEAL9,0.78764
TCEANC,-0.077464
TCEANC2,0.78631
TCEB3C,0.88769
TCERG1,2.673
TCERG1L,-0.27179
TCF12,-0.7308
TCF15,2.3956
TCF19,-0.20257
TCF20,-1.7175
TCF21,0.32339
TCF23,0.00032739
TCF24,0.68681
TCF25,1.8757
TCF3,2.6911
TCF4,-0.91573
TCF7,-0.74601
TCF7L1,0.017454
TCF7L2,-0.24184
TCFL5,0.57357
TCHH,-0.57305
TCHHL1,1.163
TCHP,-0.54293
TCIRG1,0.0018563
TCL1A,0.0021229
TCL1B,0.085778
TCN1,0.69008
TCN2,0.81809
TCOF1,1.246
TCP1,1.2833
TCP10,0.75694
TCP10L,0.008255
TCP10L2,0.15939
TCP11,-1.624
TCP11L1,-0.65205
TCP11L2,0.36886
TCP11X2,0.55143
TCTA,0.85424
TCTE1,1.223
TCTE3,0.66197
TCTEX1D1,1.9553
TCTEX1D2,0.36931
TCTEX1D4,0.48139
TCTN1,0.62117
TCTN2,0.39338
TCTN3,0.00017204
TDG,-0.9182
TDGF1,-0.67506
TDO2,1.0631
TDP1,1.1282
TDP2,1.0278
TDRD1,0.18272
TDRD10,-0.4673
TDRD12,-0.98329
TDRD3,0.43795
TDRD5,0.39056
TDRD6,0.86999
TDRD7,1.1919
TDRD9,0.7358
TDRKH,0.56817
TDRP,-0.58834484
TEAD1,-1.0286
TEAD2,-0.5915
TEAD3,2.1429
TEAD4,0.54983
TEC,1.0374
TECPR1,1.0216
TECPR2,-0.84223
TECR,0.57041
TECRL,1.2495
TECTA,0.00035758
TECTB,1.1524
TEDDM1,1.0038
TEF,2.0871
TEFM,0.92343
TEK,-0.03839
TEKT1,0.95618
TEKT2,1.8481
TEKT3,-0.21103
TEKT4,1.5957
TEKT5,0.59295
TELO2,1.9017
TEN1,-2.5162
TENM1,-0.43304
TENM2,0.56901
TENM3,0.00092041
TENM4,-0.46009
TEP1,0.18368
TEPP,-1.0267
TEPSIN,1.4004
TERB2,0.3205
TERF1,1.5669
TERF2IP,0.70649
TERT,-1.1455
TES,1.2094
TESC,-1.2276
TESK1,1.0631
TESK2,1.1527
TESMIN,0.00080907
TESPA1,0.0065475
TET1,1.7017
TET2,0.0010066
TET3,-0.32312
TEX10,-1.7897
TEX101,0.00085787
TEX11,0.35562
TEX12,0.90061
TEX13A,0.56649
TEX13B,0.1502
TEX13C,0.96068
TEX14,-0.95584
TEX15,-1.2548
TEX19,-1.81
TEX2,-0.76098
TEX22,-0.35595
TEX26,0.81648
TEX261,0.33666
TEX264,-0.79174
TEX28,1.2775
TEX29,-0.25529
TEX30,0.5605
TEX33,0.50091
TEX35,-0.86348
TEX36,0.57012
TEX37,-0.40149
TEX38,-0.45849
TEX43,-1.2355
TEX44,0.21113
TEX45,-0.91665
TEX46,0.6813899999999999
TEX47,0.4859
TEX48,0.39263
TEX50,-0.47711
TEX9,8.0312
TF,1.662
TFAM,1.5463
TFAP2A,0.32778
TFAP2B,0.69972
TFAP2C,0.78361
TFAP2D,0.18048
TFAP2E,1.8999
TFAP4,1.2874
TFB1M,1.7327
TFB2M,1.0595
TFCP2,0.2635
TFCP2L1,-1.512
TFDP1,0.5242
TFDP2,0.79077
TFDP3,0.25164
TFE3,0.15609
TFEB,1.312
TFEC,0.79083
TFF1,1.9235
TFF2,1.3892
TFF3,0.42078
TFG,-0.60846
TFIP11,1.109
TFPI,-2.1366
TFPI2,0.081875
TFPT,0.86996
TFR2,0.93483
TFRC,1.6557
TG,1.0687
TGDS,1.3383
TGFA,-0.62159
TGFB1,0.2106
TGFB1I1,0.38588
TGFB2,0.57425
TGFB3,-0.74141
TGFBI,0.60965
TGFBR1,0.76409
TGFBR2,0.00023469
TGFBR3,0.6901
TGFBR3L,0.00018631
TGFBRAP1,1.0929
TGIF1,-0.89935
TGIF2,0.72298
TGIF2-C20orf24,0.80742
TGIF2LX,1.3051
TGIF2LY,0.036388
TGM1,1.0855
TGM2,-0.83902
TGM3,0.90266
TGM4,-1.002
TGM5,1.0005
TGM6,1.1788
TGM7,0.61548
TGOLN2,0.36207
TGS1,0.58694
TH,-0.42463
THADA,1.4709
THAP1,0.51354
THAP10,-0.47206
THAP11,4.3315
THAP12,1.6638
THAP2,0.33404
THAP3,-0.5043
THAP4,0.27756
THAP5,1.5656
THAP6,1.4832
THAP7,-1.5541
THAP8,0.87642
THAP9,-0.36437
THBD,0.44718
THBS1,-0.17403
THBS2,0.32686
THBS3,1.0286
THBS4,0.00034896
THEG,0.82758
THEGL,1.0045
THEM4,0.35625
THEM5,0.56801
THEM6,0.52258
THEMIS,0.0023462
THEMIS2,1.358
THG1L,0.49
THNSL1,1.5641
THNSL2,1.8863
THOC1,0.0004859
THOC2,-0.41389
THOC3,0.70109
THOC5,0.13518
THOC6,-0.45858
THOC7,1.501
THOP1,-1.4148
THPO,1.7624
THRA,1.3359
THRAP3,-0.35538
THRB,-1.6157
THRSP,-0.49331
THSD1,0.34082
THSD4,-0.21856
THSD7A,-0.77915
THSD7B,0.60117
THTPA,0.00043165
THUMPD1,1.0052
THUMPD2,0.3
THUMPD3,0.51697
THY1,0.68975
THYN1,1.2499
TIA1,0.697
TIAF1,-1.4267
TIAL1,0.0008918
TIAM1,1.0441
TIAM2,-0.83648
TICAM1,-0.74327
TICAM2,-0.59504
TICRR,0.0086416
TIE1,0.00041748
TIFA,1.7598
TIFAB,-1.0729
TIGAR,0.00050625
TIGD1,0.68531
TIGD2,-1.1139
TIGD3,1.6846
TIGD4,-0.89017
TIGD5,0.62775
TIGD6,0.35631
TIGD7,0.3595
TIGIT,0.69153
TIMD4,-1.3033
TIMELESS,-1.3056
TIMM10,0.74771
TIMM10B,-1.0263
TIMM13,-1.3431
TIMM17A,-0.61442
TIMM17B,0.35256
TIMM21,-0.72712
TIMM22,-1.3166
TIMM23,1.6264
TIMM29,-1.5169
TIMM44,-0.017459
TIMM50,1.7776
TIMM8A,0.90579
TIMM8B,0.00051549
TIMM9,-0.46624
TIMMDC1,2.0961
TIMP1,-0.67336
TIMP2,0.26044
TIMP3,0.4733
TIMP4,-0.65336
TINAG,0.57628
TINAGL1,-0.17117
TINF2,1.0406
TIPARP,1.3013
TIPIN,0.2945
TIPRL,0.3591
TIRAP,0.65688
TJAP1,1.6456
TJP1,0.0015365
TJP2,0.13562
TJP3,-0.8525
TK1,-0.8291
TK2,3.134
TKFC,0.59408
TKT,0.98833
TKTL1,0.41463
TKTL2,-1.2387
TLCD1,-0.14936
TLCD2,0.8687
TLDC1,-0.8284
TLDC2,0.94063
TLE1,0.50167
TLE2,0.83725
TLE3,2.6643
TLE4,0.47806
TLE6,0.00058822
TLK1,0.045932
TLK2,-0.6579
TLL1,-0.27784
TLL2,0.84999
TLN1,1.3481
TLN2,1.3177
TLNRD1,-0.26588
TLR1,-0.33275
TLR10,-1.5465
TLR2,0.19646
TLR3,-1.8273
TLR4,-0.076861
TLR5,0.92728
TLR6,0.52904
TLR7,0.95323
TLR8,0.19579
TLR9,0.45148
TLX1,0.95528
TLX1NB,-0.57894
TLX2,-0.39987
TLX3,1.3875
TM2D1,0.50672
TM2D2,0.67756
TM2D3,0.82272
TM4SF1,1.3536
TM4SF18,-0.64503
TM4SF19,0.3502
TM4SF20,0.84287
TM4SF4,-0.87318
TM4SF5,1.472
TM6SF1,-0.62006
TM6SF2,1.3581
TM7SF2,1.2542
TM7SF3,-1.3272
TM9SF1,-0.99631
TM9SF2,-0.1818
TM9SF3,1.0369
TM9SF4,-0.098133
TMA16,1.7321
TMA7,-0.64564
TMBIM1,-0.98793
TMBIM4,-0.34864
TMBIM6,0.26014
TMC1,0.75483
TMC2,0.36277
TMC3,0.17782
TMC4,1.3984
TMC5,0.00057546
TMC6,-0.52243
TMC7,-0.17507
TMC8,1.1727
TMCC1,0.00046925
TMCC2,1.3669
TMCC3,1.4356
TMCO1,1.1793
TMCO2,0.80165
TMCO3,1.3272
TMCO4,0.29828
TMCO5A,0.71347
TMCO6,0.78908
TMED1,0.0025747
TMED10,-0.10204
TMED2,1.1337
TMED3,0.62685
TMED4,1.5571
TMED5,1.9559
TMED6,-0.88008
TMED7,1.6051
TMED7-TICAM2,-2.7
TMED8,-0.62738
TMED9,0.33407
TMEFF1,0.0012658
TMEFF2,1.2397
TMEM100,-0.66696
TMEM101,-0.199
TMEM102,-0.81197
TMEM104,-0.83797
TMEM105,-0.60086
TMEM106A,1.2962
TMEM106B,0.87844
TMEM106C,-0.09455
TMEM107,1.3357
TMEM108,1.3366
TMEM109,0.53563
TMEM11,1.5534
TMEM110,0.82456
TMEM110-MUSTN1,-0.54194
TMEM114,0.022427
TMEM115,0.20599
TMEM116,2.2803
TMEM117,-0.28448
TMEM119,1.8125
TMEM120A,0.9878
TMEM120B,1.2321
TMEM121,0.11726
TMEM123,-0.33711
TMEM125,1.352
TMEM126A,0.63083
TMEM126B,1.1932
TMEM127,0.49855
TMEM128,0.0015807
TMEM129,1.2902
TMEM130,1.9077
TMEM131,2.538
TMEM131L,-0.85747
TMEM132A,0.83807
TMEM132B,-0.64847
TMEM132D,0.47595
TMEM132E,0.5744
TMEM133,0.45794
TMEM134,-0.33738
TMEM135,1.1748
TMEM136,-0.49593
TMEM138,2.101
TMEM139,-0.72091
TMEM140,0.004321
TMEM141,0.59043
TMEM143,-1.5405
TMEM144,0.92223
TMEM145,0.036309
TMEM147,1.7942
TMEM14A,1.1915
TMEM14B,0.033393
TMEM14C,1.2924
TMEM14EP,-1.0567
TMEM150A,1.5537
TMEM150B,0.34614
TMEM150C,0.0031014
TMEM151A,0.69407
TMEM151B,1.1634
TMEM154,0.23145
TMEM155,-0.75538
TMEM156,0.095351
TMEM158,-0.22173
TMEM159,0.99457
TMEM160,0.90409
TMEM161A,0.66036
TMEM161B,0.006955
TMEM163,-0.34463
TMEM164,1.3391
TMEM165,1.7122
TMEM167A,-0.42817
TMEM167B,1.3742
TMEM168,-0.024079
TMEM169,0.57152
TMEM17,0.42118
TMEM170A,0.030549
TMEM170B,0.99755
TMEM171,-0.25877
TMEM173,1.003
TMEM174,-0.67759
TMEM175,-0.54323
TMEM176A,0.95141
TMEM176B,0.82886
TMEM177,0.36645
TMEM178A,0.66197
TMEM178B,0.65274
TMEM179,1.3872
TMEM179B,0.51211
TMEM18,0.99
TMEM181,0.00063908
TMEM182,2.0416
TMEM183A,0.44077
TMEM184A,1.0815
TMEM184B,0.0045514
TMEM184C,-0.34404
TMEM185A,1.0845
TMEM185B,2.0044
TMEM186,0.78817
TMEM187,1.0956
TMEM189,1.3454
TMEM19,0.42275
TMEM190,0.96999
TMEM191B,-1.3083
TMEM191C,-0.77393
TMEM192,0.48522
TMEM196,1.5458
TMEM198,0.69783
TMEM199,-1.3388
TMEM2,0.00089675
TMEM200A,0.53538
TMEM200B,1.2376
TMEM200C,0.00075003
TMEM201,2.2591
TMEM202,1.0168
TMEM203,1.0949
TMEM204,1.4655
TMEM205,-0.73558
TMEM206,1.4851
TMEM207,0.53364
TMEM208,-0.64081
TMEM209,7.76e-05
TMEM211,1.1167
TMEM212,0.0063725
TMEM213,0.069006
TMEM214,-0.34572
TMEM215,0.36971
TMEM216,0.88809
TMEM217,-0.21059
TMEM218,2.1798
TMEM219,-0.45631
TMEM220,0.98683
TMEM221,1.3254
TMEM222,1.01
TMEM223,0.75613
TMEM225,1.3542
TMEM225B,2.1739
TMEM229A,-0.60791
TMEM229B,2.1954
TMEM230,0.96265
TMEM231,0.0025295
TMEM232,-2.0849
TMEM233,-1.0127
TMEM234,1.1543
TMEM235,0.93782
TMEM236,-1.2467
TMEM237,0.33858
TMEM238,-0.95857
TMEM239,-0.20811
TMEM240,1.5868
TMEM241,1.4136
TMEM242,0.90696
TMEM243,1.6392
TMEM244,-0.51452
TMEM245,0.18687
TMEM246,0.38725
TMEM247,0.45119
TMEM248,1.4726
TMEM249,0.00047985
TMEM25,-0.43863
TMEM250,0.00015285
TMEM251,0.14901
TMEM252,-0.36921
TMEM253,0.0014615
TMEM254,-0.3788
TMEM255A,0.69637
TMEM255B,-0.3654
TMEM256,-0.60621
TMEM257,0.337
TMEM258,1.0266
TMEM259,-1.1458
TMEM26,-0.079562
TMEM260,1.9314
TMEM262,0.00036878
TMEM263,0.00059523
TMEM265,-0.47628
TMEM266,0.29956
TMEM267,-0.58773
TMEM268,0.4676
TMEM269,1.4482
TMEM27,1.6476
TMEM270,1.1267
TMEM30A,0.00031843
TMEM30B,1.2698
TMEM31,0.30077
TMEM33,0.45516
TMEM35A,2.0083
TMEM35B,1.5924
TMEM37,0.63948
TMEM38A,0.00036387
TMEM38B,0.00020471
TMEM39A,1.7332
TMEM39B,1.0781
TMEM40,-0.25744
TMEM41A,-0.88526
TMEM41B,1.2305
TMEM42,-0.62519
TMEM43,-0.70179
TMEM44,1.1272
TMEM45A,-0.37491
TMEM45B,-0.21564
TMEM47,0.49118
TMEM5,1.096
TMEM50A,-1.6323
TMEM50B,0.64378
TMEM51,1.1592
TMEM52,2.3914
TMEM52B,-0.55867
TMEM53,1.2216
TMEM54,0.87244
TMEM55A,1.0074
TMEM55B,-0.86337
TMEM56,0.11828
TMEM56-RWDD3,1.4853
TMEM57,-0.4183
TMEM59,1.1372
TMEM59L,-0.42282
TMEM60,2.49
TMEM61,1.5364
TMEM62,0.68907
TMEM63A,0.14605
TMEM63B,-0.21427
TMEM63C,-1.0404
TMEM64,-0.29125
TMEM65,-0.2566
TMEM67,0.812
TMEM68,0.00037659
TMEM69,1.9694
TMEM70,0.72171
TMEM71,0.48732
TMEM72,0.00026359
TMEM74,0.81465
TMEM74B,0.40313
TMEM79,0.49008
TMEM81,1.27
TMEM82,1.2902
TMEM86A,0.70175
TMEM86B,1.5051
TMEM87A,-0.31081
TMEM87B,-0.0014751
TMEM88,1.5928
TMEM88B,1.3331
TMEM89,0.0037546
TMEM8A,0.6428
TMEM8B,0.53186
TMEM9,0.78786
TMEM91,-0.25113
TMEM92,0.62918
TMEM94,0.82931
TMEM95,-0.25532
TMEM97,-0.36155
TMEM98,0.90124
TMEM99,0.00030865
TMEM9B,1.7536
TMF1,-0.75822
TMIE,-1.6123
TMIGD1,-0.54584
TMIGD2,-1.4406
TMLHE,1.6216
TMOD1,-0.11211
TMOD2,1.4263
TMOD3,1.4266
TMOD4,-1.0711
TMPO,2.7352
TMPPE,0.88742
TMPRSS11A,0.32665
TMPRSS11B,0.0041634
TMPRSS11D,0.50045
TMPRSS11E,1.6604
TMPRSS11F,0.56127
TMPRSS12,0.64244
TMPRSS13,1.4423
TMPRSS15,0.34113
TMPRSS2,-0.85347
TMPRSS3,0.43198
TMPRSS4,0.9364
TMPRSS5,-0.58462
TMPRSS6,-0.81296
TMPRSS7,1.9706
TMPRSS9,-0.46322
TMSB10,2.048
TMSB15A,0.88543
TMSB15B,1.3437
TMSB4X,1.8308
TMSB4Y,1.0427
TMTC1,-0.5814
TMTC2,0.60115
TMTC3,0.896
TMTC4,-0.73952
TMUB1,0.29679
TMUB2,-0.57488
TMX1,-0.38763
TMX2,-1.0133
TMX3,-0.51904
TMX4,-1.5151
TNC,0.00078884
TNF,0.91638
TNFAIP1,-0.5557
TNFAIP2,-0.28002
TNFAIP3,1.2888
TNFAIP6,0.96181
TNFAIP8,0.41319
TNFAIP8L1,-0.80118
TNFAIP8L2,-1.0806
TNFAIP8L2-SCNM1,1.082
TNFAIP8L3,0.74848
TNFRSF10A,-0.99283
TNFRSF10B,-0.47478
TNFRSF10C,-0.21418
TNFRSF10D,0.00012822
TNFRSF11A,1.7511
TNFRSF11B,0.10795
TNFRSF12A,0.7165
TNFRSF13B,0.13891
TNFRSF13C,-0.81239
TNFRSF14,0.5441
TNFRSF17,-1.2946
TNFRSF18,-0.58003
TNFRSF19,0.00012923
TNFRSF1A,-0.71234
TNFRSF1B,0.53524
TNFRSF21,1.9261
TNFRSF25,0.0002772
TNFRSF4,0.89931
TNFRSF6B,0.00027926
TNFRSF8,1.1128
TNFRSF9,-0.67702
TNFSF10,-0.23006
TNFSF11,0.73875
TNFSF12,0.82551
TNFSF12-TNFSF13,-0.88811
TNFSF13,1.1832
TNFSF13B,0.0016575
TNFSF14,-0.19606
TNFSF15,1.1435
TNFSF18,0.00028503
TNFSF4,0.00069269
TNFSF8,-0.4312
TNFSF9,-0.64136
TNIK,0.33983
TNIP1,-0.50468
TNIP2,-0.8604
TNIP3,-2.0598
TNK1,-0.085397
TNK2,-1.5248
TNKS,0.48367
TNKS1BP1,-0.47241
TNKS2,0.39344
TNMD,0.49204
TNN,0.58243
TNNC1,-0.70246
TNNC2,0.52206
TNNI1,-0.19623
TNNI2,-0.37868
TNNI3,0.31919
TNNI3K,1.3398
TNNT1,-0.44895
TNNT2,-0.62472
TNNT3,0.99064
TNP1,-0.97328
TNP2,-1.0577
TNPO1,0.74711
TNPO2,0.45945
TNPO3,-0.61202
TNR,0.97077
TNRC18,0.17106
TNRC6A,-1.5955
TNRC6B,-1.0036
TNRC6C,-0.77423
TNS1,1.3756
TNS2,-0.68928
TNS3,-0.26635
TNS4,1.5661
TNXB,1.2043
TOB1,0.9556
TOB2,-0.88958
TOE1,1.2252
TOGARAM1,2.1204
TOGARAM2,-0.43226
TOLLIP,-0.86375
TOM1,0.95635
TOM1L1,0.98672
TOM1L2,-1.2727
TOMM20,-1.1445
TOMM20L,0.00014143
TOMM22,1.4236
TOMM34,1.4439
TOMM40,-1.7108
TOMM40L,-0.93203
TOMM5,-0.79893
TOMM6,0.60211
TOMM7,1.4181
TOMM70,-1.5421
TONSL,1.7656
TOP1,0.69149
TOP1MT,0.86765
TOP2A,0.76774
TOP2B,-0.25742
TOP3A,0.25596
TOP3B,0.36404
TOPAZ1,0.51571
TOPBP1,0.40433
TOPORS,0.64468
TOR1A,-1.4602
TOR1AIP1,1.4415
TOR1AIP2,-0.26141
TOR1B,-0.50601
TOR2A,-0.14979
TOR3A,-0.69984
TOR4A,0.00025377
TOX,0.62268
TOX2,1.6631
TOX3,-0.74707
TOX4,-0.59665
TP53,-0.5273
TP53AIP1,0.26099
TP53BP1,-0.68794
TP53BP2,0.0042397
TP53I11,2.379
TP53I13,0.13899
TP53I3,0.00079346
TP53INP1,1.216
TP53INP2,-0.95424
TP53RK,-0.91594
TP53TG3,0.69768
TP53TG3B,1.8123
TP53TG3D,-0.98242
TP53TG5,1.509
TP63,0.99846
TP73,-0.91073
TPBG,-2.3709
TPBGL,0.61398
TPCN1,1.2687
TPCN2,-1.4746
TPD52,-0.9386
TPD52L1,-0.51082
TPD52L2,-1.9225
TPD52L3,1.0888
TPGS1,-1.3035
TPGS2,1.1468
TPH1,0.8825
TPH2,0.98252
TPI1,-0.64224
TPK1,0.83221
TPM1,-0.79736
TPM2,0.33672
TPM3,-0.34483
TPM4,1.8012
TPMT,0.000504
TPO,0.66188
TPP1,1.1611
TPP2,-0.97574
TPPP,-0.45405
TPPP2,0.20086
TPPP3,1.131
TPR,3.2472
TPRA1,1.7027
TPRG1,-0.70157
TPRG1L,1.6975
TPRKB,0.11837
TPRN,1.2804
TPRX1,0.81818
TPSAB1,2.2368
TPSD1,1.7967
TPSG1,1.114
TPST1,1.4578
TPST2,-1.3287
TPT1,-0.59849
TPTE,1.7325
TPTE2,2.2014
TPX2,-0.047058
TRA2A,0.51937
TRA2B,-0.82206
TRABD,0.50499
TRABD2A,0.48087
TRABD2B,1.766
TRADD,-0.75749
TRAF1,1.8608
TRAF2,0.53129
TRAF3,2.1997
TRAF3IP1,0.76771
TRAF3IP2,2.0175
TRAF3IP3,0.58154
TRAF4,2.2955
TRAF5,-1.164
TRAF6,2.2374
TRAF7,1.676
TRAFD1,1.6281
TRAIP,-0.83281
TRAK1,1.2889
TRAK2,0.00068005
TRAM1,0.27935
TRAM1L1,1.619
TRAM2,0.35245
TRANK1,0.86946
TRAP1,-0.74264
TRAPPC1,1.228
TRAPPC10,-0.65347
TRAPPC11,0.65338
TRAPPC12,-0.85861
TRAPPC13,-0.49444
TRAPPC2,-1.0948
TRAPPC2L,0.97868
TRAPPC3,-0.62301
TRAPPC3L,1.14734
TRAPPC4,-2.0958
TRAPPC5,1.5734
TRAPPC6A,-0.79314
TRAPPC6B,0.96376
TRAPPC8,-0.1944
TRAPPC9,1.3408
TRAT1,0.55579
TRDMT1,1.5194
TRDN,1.3149
TREH,0.2045
TREM1,0.23098
TREM2,0.00023249
TREML1,-0.39363
TREML2,0.13392
TREML4,-0.49859
TRERF1,-0.25134
TREX1,0.83101
TREX2,1.1273
TRH,0.32027
TRHDE,1.3924
TRHR,0.10211
TRIAP1,0.024259
TRIB1,1.5925
TRIB2,-0.43784
TRIB3,0.15201
TRIL,-1.3934
TRIM10,-0.43272
TRIM11,1.2945
TRIM13,-1.0287
TRIM14,-0.22052
TRIM15,0.81501
TRIM16,0.00087767
TRIM16L,0.62631
TRIM17,1.5279
TRIM2,0.0070198
TRIM21,0.55069
TRIM22,-0.32062
TRIM23,0.21048
TRIM24,0.66622
TRIM25,1.0461
TRIM26,0.39622
TRIM27,0.27906
TRIM28,1.4969
TRIM29,1.3161
TRIM3,0.50905
TRIM31,-0.64211
TRIM32,-0.76035
TRIM33,0.77186
TRIM34,1.3136
TRIM35,-0.30473
TRIM36,1.1041
TRIM37,-0.59988
TRIM38,0.00012218
TRIM39,0.47504
TRIM39-RPP21,-1.4564
TRIM4,1.0348
TRIM40,1.4749
TRIM41,0.68399
TRIM42,1.2675
TRIM43,-0.83143
TRIM43B,0.89713
TRIM44,0.99834
TRIM45,1.3811
TRIM46,0.57609
TRIM47,-0.48101
TRIM48,0.5472
TRIM49,1.0345
TRIM49B,1.2204
TRIM49D1,-1.8258
TRIM5,0.78592
TRIM50,0.50414
TRIM52,2.4065
TRIM54,-0.66198
TRIM55,0.35793
TRIM56,1.0033
TRIM58,0.28354
TRIM59,0.20931
TRIM6,0.45817
TRIM6-TRIM34,1.4788
TRIM60,1.0618
TRIM61,1.2814
TRIM62,1.044
TRIM63,-0.4095
TRIM64,-0.98103
TRIM64B,0.31794
TRIM64C,0.44363
TRIM65,0.71324
TRIM67,-0.12989
TRIM68,0.30424
TRIM69,-0.31178
TRIM7,0.71588
TRIM71,0.65639
TRIM72,-0.8049
TRIM73,1.7533
TRIM74,2.1582
TRIM77,-0.52039
TRIM8,0.59265
TRIM9,-1.4592
TRIML1,0.0002835
TRIML2,-0.30772
TRIO,1.0915
TRIOBP,0.28396
TRIP10,1.253
TRIP11,1.1425
TRIP12,0.68803
TRIP13,-0.49452
TRIP4,0.0005845
TRIP6,1.2736
TRIQK,-0.21137
TRIR,1.3681
TRIT1,0.82296
TRMO,-2.6972
TRMT1,0.75455
TRMT10A,1.058
TRMT10B,0.72678
TRMT10C,1.4916
TRMT11,0.42735
TRMT112,-0.51833
TRMT12,-1.5892
TRMT13,0.48278
TRMT1L,1.616
TRMT2A,0.11749
TRMT2B,1.2884
TRMT44,1.3555
TRMT5,0.63484
TRMT6,1.653
TRMT61A,1.3345
TRMT61B,0.53111
TRMU,2.3259
TRNAU1AP,-0.091932
TRNP1,0.88426
TRNT1,1.7056
TRO,-0.36674
TROAP,0.86519
TROVE2,2.7993
TRPA1,-0.20576
TRPC1,0.40666
TRPC3,0.76509
TRPC4,0.88867
TRPC4AP,0.0013468
TRPC5,0.74931
TRPC5OS,1.0978
TRPC6,0.38762
TRPC7,0.52979
TRPM1,0.51348
TRPM2,-1.4136
TRPM3,0.0021207
TRPM4,0.6197
TRPM5,1.3842
TRPM6,0.70394
TRPM7,0.59371
TRPM8,1.9574
TRPS1,-0.33506
TRPT1,0.85836
TRPV1,-0.77289
TRPV2,0.65891
TRPV3,1.12
TRPV4,-0.032869
TRPV5,0.35495
TRPV6,-0.074484
TRRAP,0.5346
TRUB1,0.41061
TRUB2,1.9719
TSACC,-0.88746
TSC1,1.2431
TSC2,-1.9023
TSC22D1,0.43111
TSC22D2,-0.18974
TSC22D3,-0.2834
TSC22D4,2.0695
TSEN15,0.43035
TSEN2,0.78663
TSEN34,0.5983
TSEN54,0.56201
TSFM,0.21393
TSG101,0.26893
TSGA10,-0.62425
TSGA10IP,1.452
TSGA13,0.00053503
TSHB,1.0973
TSHR,-0.35553
TSHZ1,0.0030672
TSHZ2,-0.34386
TSHZ3,1.219
TSKS,0.90081
TSKU,1.5891
TSLP,1.0546
TSN,-0.84821
TSNARE1,0.39702
TSNAX,0.53146
TSNAXIP1,0.4774
TSPAN1,0.96743
TSPAN11,-1.2861
TSPAN12,-0.21824
TSPAN13,1.8146
TSPAN14,-0.78346
TSPAN15,0.45337
TSPAN16,0.95318
TSPAN17,-1.317
TSPAN18,0.82359
TSPAN19,-0.55866
TSPAN2,0.80531
TSPAN3,0.00099098
TSPAN31,0.99087
TSPAN32,1.2243
TSPAN33,0.75331
TSPAN4,1.1899
TSPAN5,-1.3763
TSPAN6,0.85429
TSPAN7,-0.77268
TSPAN8,0.60033
TSPAN9,-0.77766
TSPEAR,-0.32134
TSPO,1.2924
TSPO2,0.62856
TSPOAP1,1.3676
TSPY1,0.0063648
TSPY2,0.69471
TSPY3,-0.52754
TSPY8,-1.3518
TSPYL1,-0.71638
TSPYL2,-0.68371
TSPYL4,0.25186
TSPYL5,0.53584
TSPYL6,1.3512
TSR1,2.6705
TSR2,1.0405
TSR3,1.1741
TSSC4,0.20534
TSSK1B,0.25805
TSSK2,-0.71899
TSSK3,1.4224
TSSK4,-1.2575
TSSK6,0.49145
TST,1.3149
TSTA3,0.29924
TSTD1,1.515
TSTD2,0.42705
TSTD3,1.1725
TTBK1,0.35017
TTBK2,-0.75598
TTC1,0.9074
TTC12,0.36484
TTC13,0.5691
TTC14,1.1971
TTC16,-0.09675
TTC17,0.8484
TTC19,-0.29688
TTC21A,1.6238
TTC21B,0.060008
TTC22,1.4044
TTC23,1.0816
TTC23L,0.83199
TTC24,-1.0764
TTC25,0.076795
TTC26,0.22354
TTC27,1.2216
TTC28,0.55998
TTC29,-1.6468
TTC3,-0.3461
TTC30A,-0.63665
TTC30B,0.00022205
TTC31,-0.35546
TTC32,-0.58543
TTC33,0.00022715
TTC34,-1.4819
TTC36,0.0011276
TTC37,-0.19396
TTC38,0.29876
TTC39A,1.6101
TTC39B,-0.14381
TTC39C,0.37607
TTC4,1.4116
TTC5,0.1091
TTC7A,1.4125
TTC7B,0.67968
TTC8,0.9669
TTC9,0.70061
TTC9B,0.70026
TTC9C,-0.52997
TTF1,-0.51788
TTF2,2.5861
TTI1,-0.03486
TTI2,0.74415
TTK,0.75961
TTL,1.0479
TTLL1,-0.26171
TTLL10,1.1233
TTLL11,0.0016913
TTLL12,0.81513
TTLL2,-1.0828
TTLL3,-2.1849
TTLL4,1.9123
TTLL5,0.72999
TTLL6,-0.53928
TTLL7,1.2696
TTLL9,0.026178
TTN,-0.72891
TTPA,1.8035
TTPAL,0.40093
TTR,-1.4289
TTYH1,0.71501
TTYH2,-0.024804
TTYH3,-0.48924
TUB,1.5167
TUBA1A,-0.55616
TUBA1B,1.2534
TUBA1C,0.2141
TUBA3C,0.00089152
TUBA3D,0.45761
TUBA3E,0.38595
TUBA4A,1.3385
TUBA8,0.96497
TUBAL3,1.0758
TUBB,1.1616
TUBB1,0.34446
TUBB2A,0.85113
TUBB2B,0.93352
TUBB3,1.0814
TUBB4A,0.54667
TUBB4B,-1.8683
TUBB6,0.38335
TUBB8,-0.87398
TUBD1,1.2581
TUBE1,0.51463
TUBG1,1.651
TUBG2,0.25873
TUBGCP2,1.0005
TUBGCP3,-1.6294
TUBGCP4,-0.1864
TUBGCP5,-0.81497
TUBGCP6,0.2424
TUFM,-0.21458
TUFT1,0.73718
TULP1,0.00098473
TULP2,-0.62213
TULP3,1.1426
TULP4,1.5384
TUSC1,1.2209
TUSC2,-0.25013
TUSC3,1.1602
TUSC5,-1.5201
TUT1,-0.48912
TVP23A,0.39714
TVP23B,0.33607
TVP23C,0.19101
TWF1,0.49295
TWF2,-0.49404
TWIST1,-0.69575
TWIST2,0.00025768
TWISTNB,0.76836
TWNK,1.372
TWSG1,-0.5793
TXK,-0.92143
TXLNA,1.1072
TXLNB,0.83089
TXLNG,0.38458
TXN,1.3033
TXN2,1.1894
TXNDC11,0.29164
TXNDC12,0.32064
TXNDC15,0.05128
TXNDC16,-0.28105
TXNDC17,2.1585
TXNDC2,1.0411
TXNDC5,0.75521
TXNDC8,-0.50467
TXNDC9,0.061487
TXNIP,1.0903
TXNL1,-0.6563
TXNL4A,0.00014356
TXNL4B,1.4475
TXNRD1,-0.61287
TXNRD2,-1.042
TXNRD3,0.44649
TXNRD3NB,1.4892
TYK2,1.9934
TYMP,0.89475
TYMS,-1.3164
TYR,0.00021197
TYRO3,0.14173
TYROBP,-0.27396
TYRP1,0.84935
TYSND1,-0.27835
TYW1,-0.79107
TYW1B,-0.2318
TYW3,1.2261
TYW5,1.3072
U2AF1,0.37854
U2AF1L4,0.16795
U2AF2,-1.5668
U2SURP,0.6035
UACA,0.45529
UAP1,0.62636
UAP1L1,0.90403
UBA1,1.2234
UBA2,-0.6881
UBA3,1.9393
UBA5,0.384
UBA52,-0.029237
UBA6,-0.86454
UBA7,0.036048
UBAC1,1.2965
UBAC2,0.8229
UBALD1,-0.30423
UBALD2,1.7942
UBAP1,1.0411
UBAP1L,-0.97203
UBAP2,-1.1763
UBAP2L,0.20668
UBASH3A,-0.31527
UBASH3B,0.76294
UBB,0.20889
UBC,2.1684
UBD,1.6671
UBE2A,1.9832
UBE2B,1.9161
UBE2C,1.3776
UBE2D1,0.52702
UBE2D2,-0.60037
UBE2D3,1.3548
UBE2D4,1.8466
UBE2E1,-0.82482
UBE2E2,1.536
UBE2E3,0.19
UBE2F,-0.43798
UBE2G1,-0.60287
UBE2G2,0.60543
UBE2H,1.1736
UBE2I,1.2987
UBE2J1,-1.3414
UBE2J2,0.8567
UBE2K,0.36993
UBE2L3,0.76959
UBE2L6,1.4267
UBE2M,0.84122
UBE2N,1.4605
UBE2NL,-0.77616
UBE2O,2.0659
UBE2Q1,-0.25415
UBE2Q2,1.0005
UBE2Q2L,1.6239
UBE2QL1,-0.12624
UBE2R2,-0.42359
UBE2S,1.6878
UBE2T,-0.095383
UBE2U,0.42123
UBE2V1,0.44088
UBE2V2,-0.28836
UBE2W,0.00060022
UBE2Z,0.23785
UBE3A,-0.061845
UBE3B,0.61169
UBE3C,0.55081
UBE3D,0.73949
UBE4A,-0.68842
UBE4B,-0.31664
UBFD1,0.62378
UBIAD1,-0.48378
UBL3,2.3753
UBL4A,0.45418
UBL4B,0.80854
UBL5,0.92874
UBL7,1.0746
UBLCP1,19.525
UBN1,1.6242
UBN2,0.96279
UBOX5,0.53477
UBP1,-0.35618
UBQLN1,0.62445
UBQLN2,0.49996
UBQLN3,0.56467
UBQLN4,-0.47167
UBQLNL,-1.0046
UBR1,-0.3431
UBR2,-0.057387
UBR3,0.88636
UBR4,0.26681
UBR5,-0.77078
UBR7,1.8818
UBTD1,-0.25666
UBTD2,-0.44446
UBTF,-1.2112
UBXN1,-1.0269
UBXN10,1.1547
UBXN11,0.85778
UBXN2A,0.29963
UBXN2B,0.000925
UBXN4,0.47466
UBXN6,0.30509
UBXN7,1.4026
UBXN8,0.37601
UCHL1,0.78528
UCHL3,-0.50047
UCHL5,1.0676
UCK1,0.00019087
UCK2,1.0356
UCKL1,1.2285
UCMA,0.64945
UCN,1.2585
UCN2,-0.77878
UCN3,-0.67543
UCP1,0.4784
UCP2,0.1925
UCP3,0.7623
UEVLD,0.2955
UFC1,1.5019
UFD1,-0.29084
UFL1,-0.82128
UFM1,1.6863
UFSP1,0.16012
UFSP2,0.72348
UGCG,0.21758
UGDH,1.1543
UGGT1,1.8307
UGGT2,-0.3854
UGP2,1.1253
UGT1A1,0.46237
UGT1A10,0.00085316
UGT2A1,0.45333
UGT2A2,2.7304
UGT2A3,1.0955
UGT2B10,0.00053778
UGT2B11,1.2637
UGT2B15,0.46743
UGT2B17,2.0654
UGT2B28,0.63718
UGT2B4,0.00036615
UGT2B7,0.35184
UGT3A1,-0.56043
UGT3A2,0.6487
UGT8,0.26489
UHMK1,0.92695
UHRF1,0.43486
UHRF1BP1,-0.42351
UHRF1BP1L,-0.29317
UHRF2,0.28643
UIMC1,-0.17184
ULBP1,0.86366
ULBP2,-0.3027
ULBP3,-0.094893
ULK1,0.70508
ULK2,-1.375
ULK4,1.2131
UMOD,-0.6185
UMODL1,0.67118
UMPS,-1.2201
UNC119,0.81527
UNC119B,0.50846
UNC13A,0.42171
UNC13B,0.43595
UNC13C,0.43349
UNC13D,-0.93739
UNC45A,-0.71333
UNC45B,0.00011143
UNC50,1.8634
UNC5A,0.58639
UNC5B,0.58573
UNC5C,0.0010975
UNC5CL,-1.3436
UNC5D,-0.5043
UNC79,-0.90727
UNC80,1.0276
UNC93A,-1.4115
UNC93B1,0.73192
UNCX,0.25724
UNG,1.3642
UNK,-1.1173
UNKL,-1.0385
UPB1,0.39223
UPF1,0.00022373
UPF2,-1.6793
UPF3A,-1.0826
UPF3B,0.81907
UPK1A,0.37704
UPK1B,-0.25979
UPK2,0.15077
UPK3A,-0.29793
UPK3B,1.1003
UPK3BL1,1.5526
UPP1,-0.32335
UPP2,0.82605
UPRT,-0.98063
UQCC1,0.6654
UQCC2,-0.25265
UQCC3,0.67603
UQCR10,1.6897
UQCR11,1.4739
UQCRB,0.42477
UQCRC1,-1.2803
UQCRC2,-2.0187
UQCRFS1,0.25975
UQCRH,0.26249
UQCRHL,1.3252
UQCRQ,1.0076
URAD,0.79674
URB1,1.1546
URB2,1.1965
URGCP,-0.34539
URGCP-MRPS24,0.42416
URI1,0.52331
URM1,0.096317
UROC1,0.0057936
UROD,-0.47236
UROS,0.25384
USB1,-0.96868
USE1,-1.1402
USF1,0.7693
USF2,-0.42612
USF3,1.0109
USH1C,1.1018
USH1G,0.34106
USH2A,-0.61211
USHBP1,0.0027087
USMG5,0.28968
USO1,1.9077
USP1,0.35282
USP10,1.6264
USP11,0.73186
USP12,0.27764
USP13,-0.30971
USP14,1.7146
USP15,1.4064
USP16,0.24724
USP17L1,-0.42816
USP17L10,0.78121
USP17L11,0.422
USP17L12,-1.0174
USP17L13,0.1699
USP17L15,1.4948
USP17L2,0.90495
USP17L24,0.019536
USP17L3,-1.2644
USP17L4,0.83933
USP17L5,-2.6898
USP17L7,0.46163
USP17L8,0.0060567
USP18,0.73319
USP19,0.92438
USP2,0.91528
USP20,0.25508
USP21,-0.73755
USP22,0.94365
USP24,1.8604
USP25,0.52116
USP26,-0.019788
USP27X,1.1506
USP28,1.2503
USP29,0.42379
USP3,0.81613
USP30,-0.77216
USP31,0.88868
USP32,-0.85296
USP33,0.74442
USP34,1.274
USP35,0.62345
USP36,-0.96098
USP37,0.80113
USP38,0.93896
USP39,-0.71277
USP4,0.95508
USP40,-0.77414
USP42,0.62474
USP43,0.51866
USP44,2.4814
USP45,0.92429
USP46,0.00061991
USP47,0.22517
USP48,1.1744
USP49,1.4
USP5,1.125
USP50,0.19506
USP51,-0.32771
USP53,0.00064577
USP54,0.30386
USP6,0.70265
USP6NL,0.66993
USP7,1.3788
USP8,-0.21001
USP9X,1.3336
USP9Y,0.76981
USPL1,-0.35325
UST,0.40606
UTF1,2.6285
UTP11,-1.0545
UTP14A,0.81211
UTP14C,0.39015
UTP15,-1.2174
UTP18,1.1818
UTP20,-2.0934
UTP23,0.44347
UTP3,0.85429
UTP4,1.4379
UTP6,1.318
UTRN,-0.58878
UTS2,1.0928
UTS2B,1.0472
UTS2R,1.6744
UTY,-1.3049
UVRAG,-1.0041
UVSSA,0.11542
UXS1,2.3439
UXT,-1.3146
VAC14,0.36626
VAMP1,-0.119
VAMP2,0.87424
VAMP3,0.45942
VAMP4,1.6173
VAMP5,1.8593
VAMP7,0.95122
VAMP8,1.4349
VANGL1,1.5098
VANGL2,-1.1784
VAPA,-0.78233
VAPB,0.91485
VARS,1.6977
VARS2,0.74973
VASH1,-0.16253
VASH2,-0.7652
VASN,-0.73901
VASP,0.049075
VAT1,-0.39408
VAT1L,-0.2872
VAV1,0.64644
VAV2,0.23913
VAV3,0.83891
VAX1,0.34404
VAX2,-0.72491
VBP1,1.3779
VCAM1,1.5236
VCAN,2.1319
VCL,0.76296
VCP,-1.1403
VCPIP1,-1.6362
VCPKMT,0.37958
VCX,0.68396
VCX2,0.65657
VCX3A,-0.73675
VCX3B,1.3123
VCY,-0.76524
VCY1B,0.63503
VDAC1,1.0229
VDAC2,-0.95642
VDAC3,-0.85875
VDR,1.0133
VEGFA,-3.0165
VEGFB,-0.79354
VEGFC,1.6705
VEGFD,1.3493
VENTX,0.82307
VEPH1,0.67021
VEZF1,1.7372
VEZT,0.46286
VGF,0.87206
VGLL1,1.2786
VGLL2,-0.24608
VGLL3,0.56117
VGLL4,0.4198
VHL,1.9547
VIL1,0.41462
VILL,-0.70791
VIM,0.17969
VIP,1.4379
VIPAS39,0.060407
VIPR1,0.44453
VIPR2,0.69396
VIRMA,-0.53383
VIT,1.9603
VKORC1,0.38557
VKORC1L1,1.7114
VLDLR,-1.2161
VMA21,-0.93518
VMAC,-1.1261
VMO1,0.25291
VMP1,0.0010826
VN1R1,2.1418
VN1R2,0.99979
VN1R4,0.75381
VN1R5,1.8866
VNN1,-0.61566
VNN2,1.2505
VOPP1,0.00016094
VPREB1,0.21289
VPREB3,-0.95001
VPS11,0.77067
VPS13A,0.5041
VPS13B,-0.39959
VPS13C,1.6714
VPS13D,-0.23434
VPS16,1.1525
VPS18,0.25957
VPS25,-0.94738
VPS26A,-0.80345
VPS26B,0.00055582
VPS28,-1.0788
VPS29,1.0263
VPS33A,2.0525
VPS33B,0.41126
VPS35,-0.11082
VPS36,-0.093354
VPS37A,0.79258
VPS37B,1.1795
VPS37C,1.9589
VPS37D,0.91378
VPS39,0.98947
VPS41,1.4042
VPS45,1.4983
VPS4A,1.0675
VPS4B,0.25117
VPS50,1.06
VPS51,-0.24567
VPS52,-0.87152
VPS53,0.59783
VPS54,-0.99836
VPS72,-0.8419
VPS8,0.70533
VPS9D1,-0.95745
VRK1,0.0008316
VRK2,1.1247
VRK3,0.57455
VRTN,2.3106
VSIG1,0.77662
VSIG10,-0.74745
VSIG10L,0.70405
VSIG2,0.78715
VSIG4,1.0027
VSIG8,-1.0742
VSIR,0.63338
VSNL1,-0.49601
VSTM1,0.85446
VSTM2A,0.81702
VSTM2B,0.82252
VSTM2L,0.0040942
VSTM4,0.010618
VSTM5,1.6984
VSX1,0.0016042
VSX2,-1.2657
VTA1,1.1353
VTCN1,1.9478
VTI1A,0.36943
VTI1B,2.4908
VTN,-0.92997
VWA1,1.1371
VWA2,0.00072073
VWA3A,1.3619
VWA3B,0.63891
VWA5A,-0.21756
VWA5B2,-0.86271
VWA7,-0.89163
VWA8,-0.92288
VWC2,-0.48684
VWC2L,0.46495
VWCE,-1.1411
VWDE,0.22128
VWF,-0.65707
WAC,1.1254
WAPL,-1.024
WARS,-0.5692
WARS2,0.65432
WAS,1.8147
WASF1,0.30095
WASF2,2.1189
WASF3,0.93483
WASHC1,1.7366
WASHC2A,1.5058
WASHC2C,-1.0004
WASHC3,-0.92507
WASHC4,-0.34759
WASHC5,1.4278
WASL,2.3698
WBP1,-1.0359
WBP11,0.33684
WBP1L,0.00050629
WBP2,0.33276
WBP2NL,-0.73228
WBP4,-0.71871
WDCP,-0.41136
WDFY1,0.32157
WDFY2,1.5604
WDFY3,2.2372
WDFY4,-1.1259
WDHD1,2.1768
WDPCP,2.1233
WDR1,-1.4387
WDR11,1.0268
WDR12,0.7843
WDR13,0.84663
WDR17,0.87611
WDR18,-1.7863
WDR19,1.4385
WDR20,1.7456
WDR24,-0.79661
WDR25,1.6516
WDR26,0.97154
WDR27,0.0045399
WDR3,0.57347
WDR31,-0.076105
WDR33,-1.8298
WDR34,0.68573
WDR35,1.6304
WDR36,-0.25641
WDR37,-0.65387
WDR38,1.666
WDR4,0.87367
WDR41,1.0724
WDR43,-0.27793
WDR44,1.1033
WDR45,0.27765
WDR45B,0.5686
WDR46,-0.33475
WDR47,0.82365
WDR48,1.0834
WDR49,0.35581
WDR5,-0.44048
WDR53,-0.63814
WDR54,-0.46805
WDR55,-0.44943
WDR59,0.84772
WDR5B,0.6157
WDR6,1.0288
WDR60,-0.61963
WDR61,1.2082
WDR62,0.5281
WDR63,1.1253
WDR66,-1.1469
WDR7,-0.97696
WDR70,-1.1169
WDR72,-0.23558
WDR73,1.15
WDR74,-0.70547
WDR75,-0.24309
WDR76,0.87991
WDR77,-2.254
WDR78,2.082
WDR81,0.8504
WDR82,2.0713
WDR83,1.6625
WDR83OS,1.0716
WDR86,-0.41238
WDR87,-0.73483
WDR88,-0.1684
WDR89,0.001072
WDR90,0.51344
WDR91,1.9611
WDR92,0.80485
WDR93,1.2017
WDSUB1,0.00142
WDTC1,0.94379
WDYHV1,1.0174
WEE1,1.1495
WEE2,-0.12611
WFDC1,-0.38155
WFDC10A,1.8048
WFDC10B,1.0549
WFDC11,-0.53439
WFDC12,1.0131
WFDC13,-0.74225
WFDC2,1.638
WFDC3,0.6022
WFDC5,-0.89318
WFDC6,-0.65272
WFDC8,0.80262
WFDC9,1.5281
WFIKKN1,-0.87966
WFIKKN2,0.5562
WFS1,-0.18906
WHAMM,1.984
WHRN,0.76271
WI2-2373I1.2,-1.7047
WIF1,0.62821
WIPF1,0.71914
WIPF2,1.2602
WIPF3,0.00038106
WIPI1,0.32108
WIPI2,1.1469
WISP1,1.494
WISP2,0.7024
WISP3,0.2826
WIZ,1.4215
WLS,0.61467
WNK1,1.286
WNK3,-0.59766
WNK4,-1.1366
WNT1,-0.60147
WNT10A,0.57758
WNT10B,-0.65754
WNT11,-0.70124
WNT16,0.40134
WNT2,0.47392
WNT2B,-1.1015
WNT3,-0.17445
WNT3A,0.00022954
WNT4,1.2453
WNT5A,0.55273
WNT5B,0.51029
WNT6,0.43146
WNT7A,-0.51568
WNT7B,0.09224
WNT8A,1.7323
WNT8B,0.34956
WNT9A,1.5325
WNT9B,0.53407
WRAP53,1.3002
WRAP73,0.86175
WRB,-0.45138
WRN,-1.1293
WRNIP1,0.50315
WSB1,0.64708
WSB2,0.80625
WSCD1,-0.28902
WSCD2,0.6035
WT1,0.00093173
WTAP,0.25183
WTH3DI,-2.1103
WTIP,-0.51117
WWC1,1.9541
WWC2,1.885
WWC3,0.5584
WWOX,0.42052
WWP1,1.7519
WWP2,0.0011204
WWTR1,0.84419
XAB2,0.22178
XAF1,-0.43923
XAGE1B,0.08489
XAGE2,-0.60278
XAGE3,-0.79984
XAGE5,0.51775
XBP1,-0.72579
XCL1,0.66084
XCL2,-0.36792
XCR1,1.1559
XDH,-0.3109
XG,-0.38911
XIAP,2.1053
XIRP1,0.77122
XIRP2,1.1445
XK,0.62701
XKR3,-0.75158
XKR4,-1.7783
XKR6,1.0751
XKR7,6.66e-05
XKR8,1.0174
XKR9,-0.8433
XKRX,1.0309
XKRY,-0.87066
XPA,1.3707
XPC,-1.167
XPNPEP1,0.26073
XPNPEP2,0.61874
XPNPEP3,0.75079
XPO1,-1.2776
XPO4,0.32175
XPO5,-0.5762
XPO6,1.0824
XPO7,1.7265
XPOT,0.41206
XPR1,-0.98475
XRCC1,0.5405
XRCC2,-0.81847
XRCC3,-0.20977
XRCC4,0.58442
XRCC5,1.5615
XRCC6,1.792
XRN1,0.056319
XRN2,0.39712
XRRA1,-1.5072
XXYLT1,0.38691
XYLB,0.61294
XYLT1,-0.35651
XYLT2,1.5968
YAE1D1,0.169
YAF2,0.71319
YAP1,0.23072
YARS,0.90229
YARS2,-2.5939
YBEY,-1.0943
YBX1,2.8259
YBX2,2.3436
YBX3,-0.25632
YDJC,-0.36229
YEATS2,0.77261
YEATS4,1.2168
YES1,0.92525
YIF1A,1.6191
YIF1B,-0.84764
YIPF1,-0.79646
YIPF2,0.00029911
YIPF3,1.2653
YIPF4,-0.61855
YIPF5,-0.18417
YIPF6,1.8157
YIPF7,0.91105
YJEFN3,1.7092
YKT6,0.42526
YLPM1,0.84472
YME1L1,-0.44586
YOD1,1.7448
YPEL1,-3.7363
YPEL2,0.082171
YPEL3,2.0748
YPEL4,-0.43666
YPEL5,1.6279
YRDC,1.2238
YTHDC1,2.0156
YTHDC2,0.00051334
YTHDF1,-0.56104
YTHDF2,0.23119
YTHDF3,-0.59911
YWHAB,1.8919
YWHAE,-0.25397
YWHAG,1.8577
YWHAH,1.3014
YWHAQ,0.99974
YWHAZ,1.4466
YY1,-0.71586
YY1AP1,1.0421
YY2,1.1657
ZACN,0.48841
ZADH2,-0.30021
ZAP70,0.75497
ZAR1,0.00070525
ZAR1L,-1.2952
ZBBX,-0.6893
ZBED1,0.004176
ZBED2,0.34769
ZBED3,1.258
ZBED4,0.71812
ZBED6,0.13677
ZBED6CL,1.1224
ZBED8,1.029
ZBED9,-0.38612
ZBP1,0.00016686
ZBTB1,-0.80111
ZBTB10,1.1364
ZBTB11,1.4335
ZBTB12,-0.13407
ZBTB14,1.6926
ZBTB16,0.43288
ZBTB17,0.00061055
ZBTB18,-0.0015326
ZBTB2,1.9699
ZBTB20,1.2312
ZBTB21,1.2849
ZBTB22,-2.2906
ZBTB24,-0.86837
ZBTB25,0.138
ZBTB26,-1.5617
ZBTB3,1.0682
ZBTB32,0.59805
ZBTB33,0.64383
ZBTB34,1.4189
ZBTB37,0.64999
ZBTB38,-0.40603
ZBTB39,0.5774
ZBTB4,-0.50419
ZBTB40,0.67568
ZBTB41,0.49547
ZBTB42,-0.17039
ZBTB43,-0.76194
ZBTB44,-1.1029
ZBTB45,1.6093
ZBTB46,0.87803
ZBTB47,-0.32343
ZBTB48,-0.3433
ZBTB49,0.00028094
ZBTB5,-0.6961
ZBTB6,0.3906
ZBTB7A,0.00082168
ZBTB7B,1.8777
ZBTB7C,-0.43278
ZBTB8A,-1.0032
ZBTB8B,1.0894
ZBTB8OS,-0.34842
ZBTB9,-0.50789
ZC2HC1A,0.46464
ZC2HC1B,0.86255
ZC2HC1C,0.19994
ZC3H10,0.003967
ZC3H11A,0.093341
ZC3H12A,0.32771
ZC3H12B,-0.82736
ZC3H12C,-0.63347
ZC3H13,-1.0723
ZC3H14,0.54508
ZC3H15,1.6252
ZC3H18,0.87448
ZC3H3,-1.164
ZC3H4,0.00024822
ZC3H6,0.66901
ZC3H7A,1.2598
ZC3H7B,-1.2375
ZC3H8,1.0246
ZC3HAV1,1.1672
ZC3HAV1L,0.38474
ZC3HC1,0.62738
ZC4H2,0.90822
ZCCHC10,0.08926
ZCCHC11,1.7479
ZCCHC12,0.53809
ZCCHC13,0.90298
ZCCHC14,-0.010595
ZCCHC17,0.00057294
ZCCHC18,-1.2175
ZCCHC2,-1.0093
ZCCHC24,0.67258
ZCCHC3,0.51459
ZCCHC4,0.4069
ZCCHC6,0.73305
ZCCHC7,-0.37079
ZCCHC8,0.43513
ZCCHC9,-0.64389
ZCRB1,1.0166
ZCWPW1,1.4054
ZCWPW2,0.18683
ZDBF2,-0.91001
ZDHHC1,-0.82923
ZDHHC11,0.13413
ZDHHC12,1.5601
ZDHHC13,0.14761
ZDHHC14,1.5104
ZDHHC15,0.84097
ZDHHC16,-1.7073
ZDHHC17,2.2302
ZDHHC18,-0.24555
ZDHHC19,-1.7396
ZDHHC2,0.00044001
ZDHHC20,-0.80462
ZDHHC21,0.008075
ZDHHC22,0.67038
ZDHHC23,-0.40373
ZDHHC24,2.5401
ZDHHC3,1.8356
ZDHHC4,-0.44699
ZDHHC5,-0.66158
ZDHHC6,0.23286
ZDHHC7,0.93459
ZDHHC8,-1.2802
ZDHHC9,0.71146
ZEB1,2.0861
ZEB2,-2.4471
ZER1,0.00042807
ZFAND1,0.14569
ZFAND2A,0.31492
ZFAND2B,0.0091917
ZFAND3,1.1805
ZFAND4,1.0669
ZFAND5,-0.73126
ZFAND6,1.1526
ZFAT,1.043
ZFC3H1,-0.039851
ZFHX2,-0.96491
ZFHX3,3.2878
ZFHX4,0.0003871
ZFP1,0.3371
ZFP14,0.42939
ZFP2,1.6147
ZFP28,0.00012714
ZFP3,1.4023
ZFP30,2.2842
ZFP36,0.56105
ZFP36L1,-0.74586
ZFP36L2,-0.48488
ZFP37,-1.1629
ZFP41,-0.48755
ZFP42,2.6753
ZFP57,-0.54393
ZFP62,-0.64918
ZFP64,-0.25994
ZFP69,1.3406
ZFP69B,1.4325
ZFP82,-1.172
ZFP90,1.0783
ZFP91,1.0204
ZFP92,0.16565
ZFPL1,-0.23302
ZFPM1,-2.2778
ZFPM2,0.47548
ZFR,1.0652
ZFR2,0.70572
ZFX,-1.465
ZFY,-0.11377
ZFYVE1,0.75337
ZFYVE16,1.0665
ZFYVE19,0.0036458
ZFYVE21,1.3751
ZFYVE26,0.41562
ZFYVE27,0.97214
ZFYVE28,0.47172
ZFYVE9,1.4705
ZG16,-0.19101
ZG16B,0.00098554
ZGLP1,1.6096
ZGPAT,0.1159
ZGRF1,0.28176
ZHX1,-0.95174
ZHX2,-1.0822
ZHX3,0.25887
ZIC1,-1.2143
ZIC2,-0.76508
ZIC3,-0.72479
ZIC4,-0.69501
ZIC5,0.82608
ZIK1,1.1818
ZIM2,0.025209
ZIM3,0.74318
ZKSCAN1,0.74606
ZKSCAN2,0.19739
ZKSCAN3,-0.46691
ZKSCAN4,0.00065359
ZKSCAN5,0.55944
ZKSCAN7,-0.95461
ZKSCAN8,0.90478
ZMAT1,0.0015466
ZMAT2,2.414
ZMAT3,-0.64434
ZMAT4,0.00045823
ZMAT5,1.1307
ZMIZ1,-2.1209
ZMIZ2,1.2687
ZMPSTE24,0.57915
ZMYM1,1.1737
ZMYM2,-1.5632
ZMYM3,-1.1786
ZMYM4,1.2132
ZMYM5,-0.20071
ZMYM6,1.3338
ZMYND10,1.0823
ZMYND11,0.24622
ZMYND12,2.2046
ZMYND15,0.62011
ZMYND19,-0.80691
ZMYND8,1.4709
ZNF10,0.75383
ZNF100,-0.84285
ZNF101,-0.53684
ZNF106,0.22954553
ZNF107,0.66845
ZNF112,0.31031
ZNF114,1.1671
ZNF117,0.73602
ZNF12,0.5067
ZNF121,-0.40277
ZNF124,0.73818
ZNF131,2.4019
ZNF132,-0.44929
ZNF133,1.0915
ZNF134,-1.7515
ZNF135,0.77248
ZNF136,-0.38022
ZNF138,1.1873
ZNF14,-0.43999
ZNF140,0.92046
ZNF141,0.71739
ZNF142,-1.2455
ZNF143,1.9176
ZNF146,0.89798
ZNF148,0.99193
ZNF154,0.94848
ZNF155,0.00026831
ZNF157,0.95462
ZNF16,0.9672
ZNF160,0.33495
ZNF165,-0.75574
ZNF169,0.59846
ZNF17,-0.1474
ZNF174,0.8414
ZNF175,1.582
ZNF177,0.92801
ZNF18,0.00096782
ZNF180,0.0002183
ZNF181,0.23924
ZNF182,-1.2691
ZNF184,0.00055375
ZNF185,-0.2695
ZNF189,1.832
ZNF19,1.13
ZNF195,0.39592
ZNF197,-0.40309
ZNF2,1.4931
ZNF20,0.87023
ZNF200,0.00016216
ZNF202,-0.21405
ZNF205,1.661
ZNF207,1.6408
ZNF208,-0.59586
ZNF211,1.5186
ZNF212,0.75727
ZNF213,0.58671
ZNF214,0.609
ZNF215,-0.67043
ZNF217,-0.5191
ZNF219,0.85338
ZNF22,-2.0345
ZNF221,0.18816
ZNF222,0.31015
ZNF223,0.00026513
ZNF224,0.83729
ZNF225,-1.0242
ZNF226,1.7986
ZNF227,-0.87675
ZNF229,0.13644
ZNF23,0.4785
ZNF230,-0.17934
ZNF232,1.0337
ZNF233,-0.92317
ZNF234,-0.82026
ZNF235,0.53523
ZNF236,-0.4249
ZNF239,-0.7205
ZNF24,0.66147
ZNF248,-0.92378
ZNF25,0.29026
ZNF250,1.0372
ZNF251,1.0611
ZNF253,-1.3715
ZNF254,1.3294
ZNF256,-1.3294
ZNF257,0.50916
ZNF26,1.0225
ZNF260,1.2919
ZNF263,-0.74073
ZNF264,1.3374
ZNF266,-0.65448
ZNF267,-1.0411
ZNF268,-0.62717
ZNF273,2.6189
ZNF274,-1.127
ZNF276,1.07
ZNF277,0.45316
ZNF28,0.64057
ZNF280A,0.00010584
ZNF280B,0.23116
ZNF280C,-0.75734
ZNF280D,1.4432
ZNF281,-0.43158
ZNF282,1.0425
ZNF283,0.011683
ZNF284,0.94879
ZNF285,0.55364
ZNF286A,-0.59329
ZNF286B,0.42293
ZNF287,0.41316
ZNF292,-1.27
ZNF296,0.69185
ZNF3,0.089525
ZNF30,-0.57116
ZNF300,0.79247
ZNF302,-0.25996
ZNF304,-0.68218
ZNF311,1.7727
ZNF317,1.1408
ZNF318,-0.53461
ZNF319,0.43361
ZNF32,-0.2334
ZNF320,-0.81692
ZNF322,0.30568
ZNF324,0.20048
ZNF324B,-0.5973
ZNF326,0.78335
ZNF329,0.8815
ZNF330,0.005871
ZNF331,1.8068
ZNF333,-0.56365
ZNF334,-0.53685
ZNF335,1.1388
ZNF337,-1.5064
ZNF33A,-0.21175
ZNF33B,0.31255
ZNF34,1.4092
ZNF341,0.24018
ZNF343,0.91987
ZNF345,1.615
ZNF346,1.3718
ZNF347,-0.1005
ZNF35,-0.18285
ZNF350,-1.2895
ZNF354A,1.4044
ZNF354B,0.10186
ZNF354C,-0.83932
ZNF358,-0.029792
ZNF362,0.30812
ZNF365,-1.0915
ZNF366,0.088206
ZNF367,0.15562
ZNF37A,0.96235
ZNF382,0.975
ZNF383,0.38678
ZNF384,1.4967
ZNF385A,0.31966
ZNF385B,0.82008
ZNF385D,0.96572
ZNF391,-0.27291
ZNF394,1.4777
ZNF395,-0.72441
ZNF396,0.76331
ZNF397,0.20462
ZNF398,1.2472
ZNF404,0.80707
ZNF407,0.29877
ZNF408,0.77288
ZNF41,-1.7714
ZNF410,1.0022
ZNF414,1.6597
ZNF415,-1.4293
ZNF416,0.88206
ZNF417,0.33837
ZNF418,0.77561
ZNF419,1.15
ZNF420,1.2169
ZNF423,0.9654
ZNF425,2.0571
ZNF426,0.0026003
ZNF428,-0.27671
ZNF429,0.00018553
ZNF43,2.1737
ZNF430,0.0002777
ZNF431,0.36986
ZNF432,0.70594
ZNF433,0.35053
ZNF436,0.85629
ZNF438,0.0047112
ZNF439,1.5448
ZNF44,0.77662
ZNF440,0.68969
ZNF441,0.0014976
ZNF442,1.0376
ZNF443,0.67109
ZNF444,0.84764
ZNF445,1.7682
ZNF446,-1.032
ZNF449,0.80553
ZNF45,0.45409
ZNF451,0.93799
ZNF454,0.40663
ZNF460,-0.47449
ZNF461,0.0021674
ZNF462,1.8093
ZNF467,0.28457
ZNF468,0.67119
ZNF469,-0.16948
ZNF470,1.0478
ZNF471,0.99494
ZNF473,0.45095
ZNF474,0.27354
ZNF479,0.91111
ZNF48,0.67557
ZNF480,0.99959
ZNF483,0.002256
ZNF484,0.538
ZNF485,0.31769
ZNF486,-0.12353
ZNF488,2.0867
ZNF490,-1.1541
ZNF491,0.042311
ZNF492,0.63589
ZNF493,-0.79368
ZNF496,-0.79789
ZNF497,0.53243
ZNF500,0.7609
ZNF501,-1.1486
ZNF502,1.2983
ZNF503,3.0466
ZNF506,-1.38
ZNF507,0.8908
ZNF510,0.64158
ZNF511,2.1148
ZNF512,0.73607
ZNF512B,-1.2961
ZNF513,0.00018615
ZNF514,-0.25604
ZNF516,0.00040378
ZNF517,1.221
ZNF518A,-0.33736
ZNF518B,0.98499
ZNF519,-0.77697
ZNF521,0.46847
ZNF524,1.9409
ZNF526,-0.21511
ZNF527,0.23799
ZNF528,0.39793
ZNF529,2.0501
ZNF530,-0.40384
ZNF532,0.00034552
ZNF534,0.099918
ZNF536,1.4736
ZNF540,-0.6233
ZNF541,-0.71234
ZNF543,0.093077
ZNF544,1.08
ZNF546,0.63948
ZNF547,0.67485
ZNF548,-0.50156
ZNF549,0.70481
ZNF550,0.90457
ZNF551,-0.45756
ZNF552,-0.59132
ZNF554,1.6799
ZNF555,1.2302
ZNF556,0.061599
ZNF557,0.00030769
ZNF558,-1.1315
ZNF559,0.015021
ZNF559-ZNF177,0.58966
ZNF560,-0.45819
ZNF561,0.35419
ZNF561-AS1,-0.36519
ZNF562,1.3186
ZNF563,0.20111
ZNF564,0.00030055
ZNF565,-0.60031
ZNF566,0.62831
ZNF567,-0.47341
ZNF568,-0.5919
ZNF569,0.19489
ZNF57,0.37148
ZNF570,1.3882
ZNF571,0.75132
ZNF572,-0.34777
ZNF573,1.0444
ZNF574,0.87159
ZNF575,0.00011554
ZNF576,1.9566
ZNF577,2.4376
ZNF578,0.00028116
ZNF579,-0.0022174
ZNF580,-1.2679
ZNF581,-0.40928
ZNF582,0.15426
ZNF583,-0.65926
ZNF584,0.34964
ZNF585A,-0.32515
ZNF585B,0.29604
ZNF586,1.4365
ZNF587,-0.24085
ZNF587B,0.071836
ZNF589,0.46681
ZNF592,-0.86447
ZNF593,0.98757
ZNF594,0.66535
ZNF595,-1.772
ZNF596,-0.66992
ZNF597,1.3434
ZNF598,-0.95168
ZNF599,1.4883
ZNF600,0.0042899
ZNF605,-0.4208
ZNF606,0.88771
ZNF607,-1.1721
ZNF608,0.78177
ZNF609,-0.89595
ZNF610,0.8993
ZNF611,1.324
ZNF613,0.51299
ZNF614,0.99096
ZNF615,1.0322
ZNF616,0.64542
ZNF618,0.0074411
ZNF619,0.66055
ZNF620,-0.47261
ZNF621,0.00044457
ZNF622,0.28824
ZNF623,-0.81728
ZNF624,1.5872
ZNF625,0.64005
ZNF626,-1.0318
ZNF627,0.50898
ZNF628,1.3379
ZNF629,0.97806
ZNF630,1.0785
ZNF638,0.7633
ZNF639,1.191
ZNF641,0.22192
ZNF644,0.71931
ZNF645,0.63298
ZNF646,1.2855
ZNF648,-0.54603
ZNF649,0.0010951
ZNF652,1.0326
ZNF653,0.92467
ZNF654,-0.10197
ZNF655,-0.58957
ZNF658,-1.2738
ZNF660,0.050331
ZNF662,0.5141
ZNF664,0.00088544
ZNF664-FAM101A,-0.26749
ZNF665,-0.86506
ZNF667,0.89049
ZNF668,0.27893
ZNF669,0.00023064
ZNF670,1.3231
ZNF671,-0.75853
ZNF672,-0.36628
ZNF674,1.6534
ZNF675,0.0028418
ZNF676,0.6685
ZNF677,0.22008
ZNF679,0.22163
ZNF680,-0.27984
ZNF681,-0.5613
ZNF682,-2.4091
ZNF683,1.2547
ZNF684,0.90678
ZNF687,0.67051
ZNF688,1.1924
ZNF689,-1.7235
ZNF69,0.41305
ZNF691,0.88445
ZNF692,0.5075
ZNF695,0.00037725
ZNF696,0.00011907
ZNF697,2.6551
ZNF699,0.00016792
ZNF7,0.56635
ZNF70,0.0034433
ZNF700,0.5829
ZNF701,-0.51985
ZNF703,0.94524
ZNF704,0.51236
ZNF705A,-0.79731
ZNF705B,2.0559
ZNF705D,0.38946
ZNF706,-0.68942
ZNF707,0.62117
ZNF708,0.22764
ZNF709,1.038
ZNF71,-1.1607
ZNF710,0.71021
ZNF711,2.0273
ZNF713,-1.5159
ZNF714,1.4482
ZNF716,0.60776
ZNF720,-1.0165
ZNF721,-0.42567
ZNF726,1.0976
ZNF727,0.53845
ZNF728,-0.31982
ZNF729,-0.89392
ZNF730,0.57193
ZNF732,0.54295
ZNF735,0.001021
ZNF736,0.46635
ZNF737,0.4017
ZNF74,-0.85061
ZNF740,-0.38422
ZNF746,1.7278
ZNF747,-1.505
ZNF749,-0.46138
ZNF750,2.3928
ZNF75A,0.0015786
ZNF75D,-0.16184
ZNF76,1.0879
ZNF763,-0.5192
ZNF764,1.5359
ZNF765,-0.90709
ZNF766,2.0134
ZNF768,1.2514
ZNF77,-0.53596
ZNF770,0.24396
ZNF771,0.83542
ZNF772,1.2332
ZNF773,0.30828
ZNF774,0.41666
ZNF775,0.61573
ZNF776,0.23859
ZNF777,1.231
ZNF778,-0.50796
ZNF780A,0.27252
ZNF780B,-0.49676
ZNF781,-1.5724
ZNF782,0.00094942
ZNF783,0.8439
ZNF784,0.018407
ZNF785,0.40013
ZNF786,1.3843
ZNF787,-1.0635
ZNF789,1.5879
ZNF79,0.75197
ZNF790,0.226
ZNF791,-0.081308
ZNF792,0.072441
ZNF793,-1.1837
ZNF799,-0.79346
ZNF8,0.00034799
ZNF80,0.497
ZNF800,0.0013036
ZNF804A,-0.014885
ZNF804B,0.40397
ZNF805,0.00023857
ZNF808,-0.60709
ZNF81,-0.86813
ZNF812P,-1.9579
ZNF813,0.53373
ZNF814,0.92651
ZNF816,0.32987
ZNF816-ZNF321P,-0.55397
ZNF821,-0.76922
ZNF823,-1.2372
ZNF827,0.65403
ZNF829,1.0041
ZNF83,-1.392
ZNF830,-0.68432
ZNF831,0.52434
ZNF835,-1.1558
ZNF836,-0.43385
ZNF837,-0.74636
ZNF839,0.76875
ZNF84,-0.68596
ZNF841,1.7833
ZNF843,-1.1157
ZNF844,-0.59768
ZNF845,-0.83799
ZNF846,-0.35083
ZNF85,0.81561
ZNF850,2.5285
ZNF853,0.54212
ZNF860,1.1013
ZNF862,0.2723
ZNF865,0.55506
ZNF878,0.60107
ZNF879,0.00091566
ZNF880,-0.37454
ZNF883,0.82595
ZNF891,0.0041526
ZNF90,0.20247
ZNF91,0.9011
ZNF92,1.2148
ZNF93,0.38312
ZNF98,0.00056828
ZNF99,0.50898
ZNFX1,-0.13373
ZNHIT1,0.81513
ZNHIT2,0.98406
ZNHIT3,-0.67829
ZNHIT6,1.4371
ZNRD1,2.6351
ZNRF1,0.90687
ZNRF2,-0.83002
ZNRF3,0.0011911
ZNRF4,-0.73492
ZP1,0.92079
ZP2,0.45418
ZP3,1.0602
ZP4,-0.84208
ZPBP,0.92906
ZPBP2,-0.65781
ZPLD1,-1.3146
ZPR1,-0.84247
ZRANB1,0.23196
ZRANB2,1.2555
ZRANB3,-0.24122
ZRSR2,-0.75272
ZSCAN1,0.52139
ZSCAN10,0.94549
ZSCAN16,0.32995
ZSCAN18,0.61264
ZSCAN2,0.88849
ZSCAN20,0.52851
ZSCAN21,0.75777
ZSCAN22,-0.35708
ZSCAN23,3.0867
ZSCAN25,-0.76426
ZSCAN29,0.75615
ZSCAN30,0.0089038
ZSCAN31,0.29766
ZSCAN32,0.53294
ZSCAN4,1.0233
ZSCAN5A,-0.36096
ZSCAN5B,-0.0057856
ZSCAN9,0.27271
ZSWIM1,0.34645
ZSWIM2,0.41216
ZSWIM3,-0.40083
ZSWIM4,1.0964
ZSWIM5,0.66277
ZSWIM6,-0.59783
ZSWIM7,2.4358
ZSWIM8,0.67721
ZUFSP,0.82356
ZW10,0.94974
ZWILCH,0.59295
ZWINT,-0.13876
ZXDA,0.29899
ZXDB,0.97541
ZXDC,1.9496
ZYG11A,1.114
ZYG11B,-0.21214
ZYX,0.35976
ZZEF1,0.23471
ZZZ3,0.38903
hsa-mir-3118-5,0.26144
hsa-mir-3669,-1.5468
hsa-mir-3673,-1.2876
