action_id,score
A1CF,0.102403593904235
AAAS,-0.141015395896896
AADAT,-0.22793735198133
AAK1,-0.0456237464994091
AAMDC,-0.0656363414611223
AAMP,0.31521734129321
AANAT,0.1997440299525
AATF,0.430417119248468
AATK,-0.0669747809556593
ABCA1,-0.28059847244288
ABCA10,0.987120390362297
ABCA11P,-0.758407668324973
ABCA12,-0.0468513302532861
ABCA13,-0.245426038504234
ABCA2,-0.446763446444918
ABCA3,0.200737304591927
ABCA4,-0.375389234468937
ABCA5,0.0351024637538325
ABCA6,-0.180955333680209
ABCA7,-0.126179781101977
ABCA8,-0.417991647358294
ABCA9,0.0711480681185372
ABCB1,-0.0996207071643387
ABCB10,0.152316634184861
ABCB11,-0.047127788365659
ABCB4,0.0460056143033761
ABCB5,-0.0910789507790921
ABCB6,0.18026092111513
ABCB7,0.701809158198471
ABCB8,0.117351643873633
ABCB9,0.677764937644383
ABCC1,-0.17333531758563
ABCC10,-0.272901378437154
ABCC11,-0.0165226309433212
ABCC12,-0.0628863552873325
ABCC2,-0.0493629782313495
ABCC3,-0.0844352859407994
ABCC4,0.0005568301604865
ABCC5,0.340508902901163
ABCC6,-0.0536143303753578
ABCC6P1,0.155778997928364
ABCC8,0.219661781188578
ABCC9,-0.0847664251416227
ABCD1,0.448796735929932
ABCD2,0.366321895454254
ABCD3,0.0028280837585613
ABCD4,-0.272870205505502
ABCE1,1.93451672559802
ABCF1,0.266102615979619
ABCF2,-0.0402694584556842
ABCF3,-0.0741633480906806
ABCG1,-0.029027929014386
ABCG2,0.0130020866965853
ABCG4,-0.217658151233435
ABCG5,-0.0339313960041068
ABCG8,0.0148745006637049
ABHD13,0.176676774636492
ABI1,-0.0737498716506982
ABL1,0.0375088635904269
ABL2,0.120297320629841
ABR,-0.26720787148507
ABRAXAS1,-0.148058564708863
ABTB1,0.0604993406608483
ABTB2,-0.0858983831870253
ACACA,0.0009192967100001
ACACB,0.115416500377471
ACAD10,0.49424095930631
ACAD11,-0.276660964629566
ACAD8,-0.112584751444962
ACAD9,-0.0332897202139276
ACADL,-0.192723481319107
ACADM,-0.141679802273142
ACADS,0.0278759643951072
ACADSB,0.188312640334368
ACADVL,0.0639358781605401
ACAN,0.0464096372362954
ACAP1,0.53688698303874
ACAP2,-0.0919232157341882
ACAP3,-0.110796946244168
ACBD5,0.279530817480999
ACCS,-0.251196129073571
ACCSL,0.143133427949277
ACHE,-0.0707741623349759
ACIN1,0.26201126298802
ACKR2,-0.0344202451225182
ACKR4,0.137704986857325
ACLY,0.0871088757128995
ACO1,-0.246569694927151
ACO2,0.231694871865681
ACOT1,-0.055632907518854
ACOT11,0.0713349477565962
ACOT12,0.0864106287811339
ACOX1,-0.254727051536485
ACOX2,-0.0589369885463811
ACOX3,0.136967780862617
ACOXL,-0.138962073634833
ACP5,-0.0658513524991082
ACP7,0.225509311820899
ACSL3,-0.180776116269048
ACSL6,-0.149774209668944
ACTA1,-0.280345906776731
ACTA2,-0.0126851036477323
ACTB,0.62122512835024
ACTC1,0.501685215689601
ACTG1,0.7394058873011
ACTG1P17,-1.43061444525182
ACTG1P20,0.410572941041827
ACTG1P4,0.516702711839305
ACTG2,1.10469673026007
ACTL6A,0.708058730171446
ACTL6B,-0.0952207330844961
ACTR5,-0.0381015257478776
ACTR6,0.273415371197725
ACTR8,0.215723600102631
ACTRT3,0.155726016721172
ACVR1,0.349063043291217
ACVR1B,-0.092958711716978
ACVR1C,-0.283109730945608
ACVR2A,0.007410611805236
ACVR2B,0.249406362052431
ACVRL1,0.208897658787657
ACYP2,-0.598949338108749
ADAM12,-0.0865151033094762
ADAM17,-0.0176734110693709
ADAM23,0.421344862692388
ADAM30,0.427608324353845
ADAMTS10,-0.0075370042336958
ADAMTS20,-0.286799040912221
ADAMTS3,0.0241394218636878
ADAMTSL3,-0.267426151921865
ADAMTSL5,-0.125652286353648
ADAP2,-0.0096011804222502
ADAR,-0.0172843366199207
ADARB1,0.152536475780393
ADCK1,0.0692756911974229
ADCK2,-0.0547267906616265
ADCK5,-0.145018505431134
ADCY1,0.394196550482069
ADCY10,0.0408659585920044
ADCY2,0.259126725359991
ADCY3,-0.309599953808612
ADCY4,0.178745804570548
ADCY5,-0.0669613679458718
ADCY6,-0.0305207484015338
ADCY7,0.0710856505639079
ADCY8,0.0455341657861939
ADCY9,-0.0553546865957926
ADGRB1,-0.218759958938834
ADGRB3,-0.106944124624795
ADGRE2,0.0064144905625802
ADGRE5,0.0635143822773854
ADGRF1,-0.120223154575391
ADGRF5,-0.26366204359431
ADGRG2,-0.222110394779892
ADGRL3,0.0365577256525018
ADGRV1,-0.0442646704873045
ADH1A,-0.106970785378525
ADH1B,-0.111328715727782
ADH1C,0.565171003737693
ADH4,0.0864343086297736
ADH5,-0.0957194328633316
ADH6,-0.161241273615727
ADH7,-0.198104379309662
ADIPOQ,-0.200810237022448
ADIPOR1,0.0234094490004598
ADIPOR2,-0.0073623504653325
ADK,0.258478368420766
ADM,-0.289182645200717
ADM2,-0.393603817716168
ADNP,0.407036994671945
ADORA1,-0.079668938707421
ADORA2B,0.152955989693615
ADORA3&TMIGD3,-0.208930910944799
ADPGK,0.557180502330077
ADPRM,-0.404013185910763
ADRA1A,-0.155830763441109
ADRA1B,-0.14207003266495
ADRA1D,-0.238263920080475
ADRA2A,-0.109324725065174
ADRA2B,-0.051765626750149
ADRA2C,0.102716941781379
ADRB1,0.391590866726237
ADRB2,0.125293243046944
ADRB3,0.280525644107445
ADRM1,0.214096073798518
ADSL,0.176011425564158
ADTRP,-0.0840394765109223
AEBP2,0.35809821609692
AEN,-0.308304365781147
AFDN,-0.0375944250233054
AFF1,-0.273657297063398
AFF3,0.0333506560491678
AFF4,-0.143782558052952
AFG3L2,1.17845461823823
AFP,-0.0186047969496559
AGAP1,-0.0747037364156506
AGAP11,0.0156334039022762
AGAP12P,-0.145224549055822
AGAP2,0.613902017537049
AGAP3,0.0206542803838477
AGAP4,0.0304798802637639
AGAP5,0.0351201722769526
AGAP6,-0.175322452662442
AGAP7P,0.285549734428585
AGAP9,0.282906275359658
AGFG1,-0.180142664818187
AGFG2,-0.0259576644505071
AGO1,0.0071862742297298
AGO3,-0.520464974395841
AGPAT2,-0.0360036153139446
AGPAT5,0.0438665855301174
AGR2,0.0944016537513779
AGRP,-0.141979172926581
AGT,-0.168616920508297
AGTR1,0.10175507462267
AGTR2,-0.0555235540779256
AGXT,-0.110336361564954
AGXT2,0.0591402451067945
AHCTF1,0.380668964695109
AHCTF1P1,-0.781268250711387
AHCY,-0.0908508923732395
AHCYL1,0.291130357863121
AHCYL2,0.200585272387485
AHI1,0.039107315986263
AHR,-0.0567924317810567
AHRR,-0.0054960911198615
AICDA,-0.194405153001442
AIFM1,0.506112702955442
AIFM2,0.0242297666817441
AIFM3,-0.429136803518202
AIG1,-0.0088857212102323
AIP,-0.364697878686951
AIPL1,0.25584467566108
AIRE,0.113957973576131
AJAP1,0.121757057613931
AK1,0.246613119910742
AK4,-0.21714075783334
AK5,0.199490718039844
AKAP1,0.522285053313648
AKAP10,0.133838914909508
AKAP13,0.128236438531044
AKAP8,-0.224046120454599
AKAP9,-0.0332019734373864
AKNA,-0.0481590320410715
AKR1A1,0.238090800571787
AKR1B1,0.441667684077136
AKR1B10,0.26362726610948
AKR1B15,0.101564097764735
AKR1C1,0.0242259474172446
AKR1C2,-0.0006142838278734
AKR1C3,0.287253597757232
AKR1C4,-0.170545492605098
AKR1D1,-0.070139295852734
AKR1E2,-0.27754565997249
AKR7A2,0.247516005724601
AKR7A2P1,-0.136000584768118
AKR7A3,-0.0150940958453286
AKR7L,-0.455734425516449
AKT1,-0.0073842834150178
AKT1S1,0.0955073611266875
AKT2,-0.163305813027116
AKT3,0.165843992629929
AKTIP,-0.215753332433248
ALAS1,0.0252421427967537
ALAS2,-0.126659029403393
ALB,0.273306641431898
ALCAM,-0.070309052186745
ALDH16A1,0.3198214651258
ALDH18A1,-0.0104629152212568
ALDH1A1,-0.114725176936339
ALDH1A2,-0.28493544319599
ALDH1A3,-0.0433999542251761
ALDH1B1,0.389133573314297
ALDH1L1,-0.110606023813714
ALDH1L2,-0.140928613966748
ALDH2,-0.125502589180819
ALDH3A1,0.0685987264561223
ALDH3A2,0.229375634656195
ALDH3B1,-0.0459687388755229
ALDH3B2,-0.136213754470936
ALDH4A1,-0.246711504382032
ALDH5A1,-0.223277201448477
ALDH6A1,-0.0219424074866782
ALDH7A1,-0.0520253284906268
ALDH8A1,-0.0758085232688815
ALDH9A1,-0.129698036939196
ALDOA,0.835218364978478
ALDOB,-0.0047328379372033
ALDOC,0.258276009778433
ALG10,0.127172550974687
ALG10B,-0.304746969806321
ALG3,-0.0260629090504448
ALG5,0.467523580514934
ALG8,-0.0897067639652683
ALK,-0.0407627608137063
ALKBH1,0.261504313932046
ALKBH2,-0.301525446421784
ALKBH3,0.275567367294681
ALKBH4,-0.285508098456932
ALKBH5,-0.196352557842957
ALKBH7,-0.229671819461195
ALKBH8,-0.27700597407493
ALOX12,-0.307495698950383
ALOX12B,0.108391670547688
ALOX15,0.232559044723324
ALOX15B,-0.16238624719722
ALOX15P1,-0.273421907319186
ALOX5,0.120353655365248
ALOX5AP,-0.198601572685233
ALOXE3,0.63777271824005
ALPI,-0.0885314808293691
ALPK1,-0.056306544565436
ALPK2,-0.21725684173613
ALPK3,0.0323679787024064
ALPP,-0.318221730445158
ALPPL2,-0.160073781759767
ALS2,0.0638433120138504
ALS2CL,-0.232890997732812
ALX1,-0.488863815175049
ALX3,0.237343465936643
ALX4,-0.0897246757730933
ALYREF,0.623370298967268
AMBP,0.109962289536527
AMBRA1,0.292310402170395
AMD1,0.254555538550353
AMER1,0.732179422240508
AMHR2,-0.0418561551311105
AMIGO1,-0.474460037951276
AMIGO2,0.147059044453301
AMT,0.289476094315427
AMZ2,0.0664858935330659
AMZ2P1,0.0648766242880359
ANAPC1,0.821560554545977
ANAPC4,0.201835022917898
ANGEL1,0.412541419018844
ANGEL2,0.406698934698867
ANGPTL4,-0.218263485842544
ANGPTL5,-0.0350821971754951
ANGPTL8,0.0419900261903905
ANK1,-0.255234674675795
ANK2,0.15171817108547
ANK3,-0.144142870745884
ANKAR,-0.0054709423350652
ANKFY1,0.0234025490061261
ANKH,0.127260678976872
ANKHD1,-0.163456459211522
ANKHD1-EIF4EBP3,0.168032584094624
ANKIB1,-0.108348034587857
ANKK1,0.166781006487588
ANKLE2,-0.278578430538567
ANKRA2,-0.114274423769262
ANKRD11,0.236530622886288
ANKRD12,0.130574071084675
ANKRD13A,-0.286391192342259
ANKRD17,0.312745195852933
ANKRD18A&ANKRD18B,0.164769854624207
ANKRD20A2&ANKRD20A4&ANKRD20A1,-0.901187301283642
ANKRD20A21P,-0.0856084073555384
ANKRD20A3,0.916527479713205
ANKRD20A4-ANKRD20A20P,-0.17288524185635
ANKRD20A5P,-0.0655668597007525
ANKRD20A8P,-0.142324072180225
ANKRD20A9P,-0.195322266282356
ANKRD23,-0.198434979757269
ANKRD24,0.95984637432898
ANKRD26,-0.171831881311212
ANKRD27,0.241856538524367
ANKRD28,-0.069712199769335
ANKRD29,-0.388313427357258
ANKRD30A,-0.168988116591455
ANKRD30B,0.0587698664359244
ANKRD31,-0.458510498407534
ANKRD33B,-0.293491057044589
ANKRD36,-0.288550202641732
ANKRD36B,0.285514125179595
ANKRD36C,-0.702104045925482
ANKRD42,0.295881345750471
ANKRD46,-0.070884932217443
ANKRD50,0.0307654742503549
ANKRD6,-0.316365846470315
ANKRD62,-0.168224831088385
ANKRD62P1-PARP4P3,0.327010790414641
ANKRD65,0.067153400280234
ANKRD7,0.0646305966194947
ANKS1A,0.129799892245461
ANKS6,0.174592191845093
ANKZF1,0.0171775058392705
ANO1,0.103671289887988
ANPEP,-0.108301627110292
ANTXR1,0.771939238156429
ANTXR2,0.185941863378914
ANXA13,-0.0648224453146585
ANXA4,0.198446596644637
ANXA6,0.0168634745975356
AP1G2,-0.365649364822677
AP1S2,-0.539097092061399
AP2A2,-0.0902793581662967
AP2M1,0.0955652900295164
AP2S1,-0.091838817536412
AP3M2,0.570492394789243
AP5M1,0.406656206359523
APAF1,0.0668036225474675
APC,0.0590056121403354
APC2,-0.0579342433174863
APCDD1L,-0.0109274789724483
APEX1,0.29998653264023
APEX2,-0.168762099362709
APH1A,0.0152492947977009
APH1B,0.090665272613196
APLNR,-0.0862080913720291
APMAP,-0.219336277813754
APOA2,0.0576180688140339
APOB,0.0943237218578356
APOD,0.039674283170585
APOH,-0.155880351839537
APPBP2,0.194210991547869
APRT,0.126388946225492
APTX,0.161180846069065
AQP11,0.0135527272834191
AQP4,-0.0947900880917469
AR,0.214621912345606
ARAF,0.151379408696163
ARAP1,0.33555009500529
ARAP2,-0.0554723946478026
ARAP3,0.266763916471902
AREL1,0.132995886770454
ARF1,0.290039036937883
ARF3,0.0403239139186793
ARF4,-0.158587763082017
ARF5,0.302250239650909
ARF6,-0.145316217542418
ARFGAP1,0.513519000537039
ARFGAP2,0.102166751927856
ARFGAP3,0.392256836654168
ARFRP1,-0.217216427586121
ARG1,0.279076140010778
ARG2,-0.191909137572356
ARHGAP1,0.0162967018954669
ARHGAP10,0.105288423351682
ARHGAP11A,0.145590980092013
ARHGAP11B,-0.274325502109285
ARHGAP12,-0.0466244509691221
ARHGAP15,-0.316674817566429
ARHGAP17,-0.0736785898229924
ARHGAP18,0.0952517332290349
ARHGAP19,0.337548158739349
ARHGAP19-SLIT1,-0.019372042445583
ARHGAP20,-0.0941902538980618
ARHGAP21,0.124089588453734
ARHGAP22,-0.081754594016218
ARHGAP23,0.084405604313861
ARHGAP24,0.409584344867912
ARHGAP25,-0.0803977700217959
ARHGAP26,-0.480107422980624
ARHGAP27,-0.194190933011185
ARHGAP27P1-BPTFP1-KPNA2P3,0.268866904139466
ARHGAP29,0.136860605497569
ARHGAP30,-0.188210457620801
ARHGAP31,-0.409523467872771
ARHGAP33,-0.607026638713443
ARHGAP35,0.167402139307978
ARHGAP36,-0.283816371231161
ARHGAP39,0.222572045898772
ARHGAP4,-0.0147177124435616
ARHGAP42,0.855629487817879
ARHGAP44,0.258456949412964
ARHGAP45,-0.0702126849510544
ARHGAP5,-0.0814184670506065
ARHGAP6,0.0986259898392129
ARHGAP8,-0.217456628889195
ARHGEF1,-0.237906471182831
ARHGEF10,-0.163616999097472
ARHGEF10L,0.170721247574215
ARHGEF11,0.0847966050270479
ARHGEF12,-0.212096221592874
ARHGEF15,-0.0057517053220522
ARHGEF16,0.0047671478763711
ARHGEF17,0.0740977291340109
ARHGEF18,-0.247808904516916
ARHGEF19,-0.380692078577189
ARHGEF2,0.0279752387467009
ARHGEF25,-0.2358068982819
ARHGEF26,-0.368079427699651
ARHGEF28,-0.156663133735163
ARHGEF3,0.0613314260455089
ARHGEF33,0.513801482067442
ARHGEF34P,-0.356200982755659
ARHGEF35,0.472702959265166
ARHGEF37,-0.356870768980223
ARHGEF38,-0.467434146777386
ARHGEF39,0.204525156089223
ARHGEF4,-0.0162624246938725
ARHGEF40,-0.117852947282098
ARHGEF5,-0.16977132006124
ARHGEF6,-0.127790557170786
ARHGEF7,0.120108480590675
ARHGEF9,-0.296343912541867
ARID1A,0.133580632249643
ARID1B,0.162177022074287
ARID2,-0.158986992635202
ARID3A,-0.0222790626431922
ARID3B,0.231027908797783
ARID3C,0.0274075976858696
ARID4A,-0.137969109642388
ARID4B,-0.478884558550869
ARID5A,-0.0960030889544442
ARID5B,0.834432709646914
ARL1,-0.0267227938413986
ARL10,-0.163006945167934
ARL11,0.561790268473601
ARL13A,0.0847395845025457
ARL13B,0.179434939340064
ARL14,0.11358752510313
ARL15,0.158392130509785
ARL16,0.244389402319195
ARL17A,0.0461734359386966
ARL17B,-0.0803730280592484
ARL2,-0.0524602304105017
ARL2-SNX15,0.226819580707413
ARL3,-0.161217354755128
ARL4A,-0.118085360318249
ARL4C,0.692594404498
ARL4D,-0.115743324805213
ARL5A,0.0634719674466875
ARL5B,-0.0213639225320312
ARL5C,-0.332832093482097
ARL6,0.0023243467621945
ARL8A,-0.0055520296691707
ARL8B,0.177659624089124
ARL9,-0.29278418426786
ARMC1,0.50697707445886
ARMC3,-0.097722028441551
ARMC6,-0.305880051772808
ARMC7,0.497503540583271
ARMC8,0.102864830641045
ARNT,0.154358592092085
ARNT2,-0.552664216150321
ARNTL,-0.185258252685656
ARNTL2,-0.172508582530126
ARPC1B,-0.0955406014479726
ARPC4,0.251441658883663
ARPC4-TTLL3,0.286925464931157
ARSG,-0.286626904770284
ART3,-0.0620794472299114
ARVCF,-0.0409404789739487
ARX,-0.143455717362442
ASAP1,0.191327504138816
ASAP2,0.295432459742406
ASAP3,0.0985542606703342
ASB10,0.221670400999892
ASB11,-0.678848299199901
ASB12,-0.0614357344038358
ASB13,-0.351409196368835
ASB14,0.257609274941747
ASB15,0.472886381808398
ASB16,0.39223824670149
ASB18,0.021349788290764
ASB4,0.0215292127681625
ASB7,0.367480400231082
ASCC3,-0.329716464935738
ASCL1,0.0731359158884564
ASCL2,-0.058610450181205
ASCL3,-0.145802515214261
ASCL4,-0.164660295088415
ASF1A,0.0584071381887381
ASF1B,0.428465442489031
ASGR1,0.0462032775479259
ASGR2,0.0072029130259314
ASH1L,0.0267693630346686
ASH2L,-0.369127882385443
ASL,-0.350398853314835
ASNSP1,-0.214871487221251
ASPH,-0.126820761310997
ASPHD2,-0.233271233373327
ASPN,0.248124201897326
ASPRV1,0.116693361909315
ASPSCR1,-0.028531900209725
ASS1,0.0966430522313717
ASTN2,0.265222860351137
ASXL1,0.158862079773911
ASXL2,-0.328948866488064
ASXL3,-0.0598779372337822
ATAD1,-0.143187160528224
ATAD2B,0.0070342713188587
ATAD3A,0.0479336703992923
ATAD3B,0.825069860397669
ATAD3C,0.216651650618026
ATAD5,0.354025566872267
ATAT1,0.0536781371739146
ATF1,0.55877060874075
ATF2,0.15953268505909
ATF3,0.0320851372166282
ATF4,-0.121428689156054
ATF5,-0.40162848127012
ATF6,-0.31840259250123
ATF6B,-0.400712569855833
ATG10,0.0247907964713676
ATG12,-0.0612529926057161
ATG13,0.225622370602799
ATG14,0.0837540785132465
ATG16L1,-0.345654515216559
ATG16L2,-0.387415384190033
ATG2A,-0.139501277963715
ATG2B,0.120539425505475
ATG3,-0.0329022768894268
ATG4A,-0.232183357975732
ATG4B,-0.196717442774256
ATG4C,-0.0775239071878841
ATG4D,-0.116041082192378
ATG5,-0.12790708186734
ATG7,0.289398207396773
ATG9A,-0.0317404571022655
ATG9B,-0.10826874915249
ATIC,0.16156091775515
ATL2,0.165879023095382
ATL3,-0.165575560825718
ATM,-0.0354071320695417
ATN1,-0.0197328716471262
ATOH1,0.0433507205367551
ATOH7,-0.0880453717328887
ATOH8,0.114919191088001
ATOX1,-0.0389176598404054
ATP10A,0.451613678435519
ATP10B,-0.2240727343193
ATP10D,0.528621469466036
ATP11A,-0.569505525707513
ATP11B,-0.0346595753467195
ATP11C,-0.276032363557099
ATP12A,0.123948717056845
ATP13A1,-0.219507872573758
ATP13A2,-0.395417839145217
ATP13A3,-0.0629803699049424
ATP13A4,-0.0251942676989442
ATP13A5,-0.036728258185062
ATP1A1,0.250134308823842
ATP1A2,0.12381237314116
ATP1A3,-0.229103973529139
ATP1A4,-0.267993311388195
ATP2A1,-0.108322977269718
ATP2A2,0.541512195405563
ATP2A3,0.0113779642281542
ATP2B1,0.260984051056763
ATP2B2,-0.0065491273504652
ATP2B3,0.275718833679703
ATP2B4,0.174185160612241
ATP2C1,-0.120272025980889
ATP2C2,0.170282337391444
ATP4A,-0.339884742167884
ATP5A1,0.726037209315451
ATP5B,0.328484337214579
ATP5J2,0.444459059717422
ATP5J2-PTCD1,-0.426924744841158
ATP5O,-0.024392130081388
ATP6AP1,0.358908518191732
ATP6V0C,0.275435862231613
ATP6V0E1,-0.27155727592277
ATP6V1A,0.177396661959628
ATP6V1B1,-0.163513688745069
ATP6V1B2,0.505005621755775
ATP6V1G2,-0.349617282275875
ATP6V1G2-DDX39B,0.869885813086447
ATP7A,0.0603371784623532
ATP7B,-0.170537373833516
ATP8A1,-0.173265906182853
ATP8A2,0.213973763040623
ATP8B1,0.0217597259570292
ATP8B2,0.314256016993727
ATP8B3,-0.151315596700513
ATP8B4,-0.0168563720413286
ATP9A,-0.517979697056555
ATP9B,0.475241662806426
ATR,0.234618325023507
ATRIP,0.147244637805093
ATRNL1,-0.165255284619219
ATRX,0.0115647347222934
ATXN3,0.152634508327102
AUH,0.198854285549244
AURKA,0.155213694762901
AURKAPS1,-0.314505106297728
AURKB,0.242565063245512
AURKC,0.0222350388170908
AVPR1A,0.155675682781161
AVPR1B,-0.09147380914396
AVPR2,0.153012221467199
AXIN1,-0.0327810759674427
AXL,0.131277025136993
AZGP1,-0.0541105747929552
B2M,-0.133240144061078
B3GALT6,0.481913487819927
B3GLCT,0.153064197315235
B3GNT2,0.0027462517887482
B3GNT7,0.278093923381263
B4GALNT3,0.26799190413811
B9D1,0.148673044233362
BACH1,0.0937374502409052
BACH2,0.0901186959167615
BAD,0.19456737192108
BAG3,0.0081692722217519
BAG6,0.0482074538229101
BAGE4,0.159754591817874
BAGE5&BAGE3,-0.0671409453536664
BAIAP2,0.0375879962304462
BANK1,-0.188825718323137
BAP1,0.305910364063155
BARD1,0.16256311174912
BARHL1,-0.241990157741979
BARHL2,0.038448518564954
BARX1,-0.162627987281377
BARX2,0.0179146415048028
BATF,0.115110633622826
BATF3,0.382273956080928
BAX,-0.33409147013125
BAZ1A,-0.310575795221228
BAZ1B,0.603337297497179
BAZ2A,-0.485759861922201
BAZ2B,-0.189685342258406
BBC3,0.41993772512616
BBOX1,-0.384423550639757
BCAM,-0.0517762948726445
BCAN,0.483195337004485
BCAR1,0.205340034376631
BCAR3,0.0175212725515813
BCAS3,-0.209380716551277
BCCIP,0.0527623933061928
BCDIN3D,0.0072154691133451
BCHE,-0.0866413301060694
BCKDK,0.129116917969073
BCL10,-0.0815701550771249
BCL11A,-0.0107618925652687
BCL11B,-0.0762678848400293
BCL2,-0.445242895315152
BCL2L1,-0.395000053525329
BCL2L10,0.140601327333429
BCL2L14,0.127216775059744
BCL2L2,-0.0834882370657587
BCL2L2-PABPN1,0.141700036998546
BCL3,0.0802966483082594
BCL6,0.117851206358365
BCL6B,-0.177934448748922
BCL7A,0.0117050484170576
BCL9,0.508319548983396
BCLAF1,0.391207189781192
BCOR,0.181004552209939
BCR,0.0485544783880252
BCS1L,0.197313713117013
BDKRB1,0.245901066030031
BDKRB2,0.649251899012192
BDP1,0.112462596022118
BECN1,-0.0418118715431791
BET1,0.518706359242235
BFSP1,0.0042616045164686
BGLAP,0.005431614640059
BGN,0.312669345642978
BHLHA15,0.0365799078362097
BHLHE22,-0.357665598181317
BHLHE23,0.272407525444437
BHLHE40,0.25485444267722
BHLHE41,-0.0066976186674434
BHMT,-0.11674796894225
BHMT2,0.0074227281377337
BIN1,0.0902141069930788
BIN2,-0.146048144961811
BIN3,0.0071078151508138
BIRC2,0.124647487484415
BIRC3,-0.0432596706746603
BIRC5,0.0886441547597003
BIRC6,0.405974782278483
BIRC7,0.374993406326797
BIVM-ERCC5,0.357052201986717
BLCAP,-0.0428740404131924
BLK,-0.0867198600825631
BLM,0.0783130798788565
BLNK,0.0007270159143275
BLOC1S1-RDH5,-0.321402980988784
BLZF1,0.0653160541332166
BMP2,-0.176158927766755
BMP2K,-0.0958687069179331
BMP4,0.0410477170708929
BMP7,-0.180548535638618
BMPER,0.463805863822549
BMPR1A,0.222631476568109
BMPR1B,-0.0840011330212496
BMPR2,-0.0030117118143558
BMS1,0.12831123797438
BMX,0.142963307901314
BNC1,-0.178390976418028
BNIP1,0.277765284767782
BNIP3,-0.212645079134539
BNIP3L,-0.126730830622985
BOLL,-0.0263966930346407
BOP1,0.711876824444205
BORCS8-MEF2B,-0.359001714698297
BPGM,-0.0422825676037596
BPTF,-0.0297128673061939
BRAF,-0.434884170642885
BRAP,0.31218010227036
BRCA1,0.0509088794663214
BRCA2,0.224942512981624
BRCC3,-0.0724292533263557
BRD1,0.0034730754169416
BRD2,0.0448748150676933
BRD3,-0.162506051333971
BRD4,0.612365758996558
BRD7,-0.192219794722197
BRD7P3,0.263712276932675
BRD8,0.200677161507945
BRD9,0.0956292441092954
BRDT,0.128091584702321
BRI3,0.131309538652524
BRIP1,-0.0184298670063754
BRIX1,0.065126408705197
BRMS1,0.178503201973576
BRMS1L,0.254052212046013
BRPF1,0.116858299047625
BRPF3,-0.131959547334245
BRS3,-0.101850408251905
BRSK1,-0.15179216700422
BRSK2,0.186332743030906
BRWD1,-0.291582455491017
BRWD3,-0.306072595715916
BSG,0.248500087001307
BTAF1,-0.0223657223229651
BTBD1,-0.24138721441855
BTBD11,-0.275669149780045
BTBD17,-0.516830553072258
BTBD18,0.330426250622048
BTBD19,0.12205971299858
BTBD2,0.140990960486869
BTBD3,-0.059515100060735
BTBD6,-0.161674683888955
BTBD7,-0.253538218231186
BTBD8,0.237434725704551
BTBD9,-0.0418627168292174
BTD,0.606798007359047
BTF3,0.497046149405049
BTF3P11,-0.564212222177584
BTG1,-0.45030448203697
BTG2,0.25608680927564
BTK,0.115459430469897
BTN1A1,0.103917188943685
BTN2A1,-0.0031486936994943
BTN3A1,0.109361365311927
BTN3A2,0.0043636670721291
BTN3A3,-0.38921619157184
BTNL2,0.0726589647241387
BTNL3,-0.350649753792003
BTNL8,-0.21175473850052
BTNL9,-0.0759269804751735
BTRC,-0.280064626109016
BUB1,-0.0901784467708236
BUB1B,0.845321646087066
BUB1B-PAK6&PAK6,0.0567989456888169
BUB3,1.00488493238133
BUD31,0.433363522789417
C11orf24,-0.0842401784129099
C11orf70,-0.0189441524088992
C15orf65,0.512095972274479
C17orf58,0.0486445407900806
C17orf62,-0.0645342485303192
C17orf80,-0.34206710918602
C17orf82,-0.167028902897731
C17orf99,-0.0184584023566605
C18orf8,-0.128226454016748
C19orf12,0.290597244879164
C1QA,0.122712671377743
C1QB,-0.126798824499908
C1QBP,0.473670139345536
C1QC,-0.135404752194832
C1QL1,0.0458861284094435
C1QL2,-0.348401294689405
C1QL3,0.819275632897847
C1QL4,0.135845580197467
C1QTNF1,-0.0431433893698861
C1QTNF12,-0.282735277825583
C1QTNF2,-0.139240098675418
C1QTNF3,-0.383016313229063
C1QTNF3-AMACR,0.0787565345382003
C1QTNF5&MFRP,-0.0261109233042255
C1QTNF6,-0.223453811888165
C1QTNF7,0.186787619431158
C1QTNF8,-0.398065315274584
C1QTNF9,-0.294369280324324
C1QTNF9B,-0.222507362737704
C1R,-0.280520488680092
C1S,0.169917592882902
C1orf159,-0.140281850338105
C1orf186,0.0267885122467782
C1orf228,0.0449166050706147
C1orf27,-0.0719945574428841
C1orf56,0.270432114963713
C2,-0.0603132195830877
C3,-0.169661037564293
C3AR1,0.0461347416532871
C3orf38,-0.287106510235616
C3orf80,0.182775125649802
C4B,-0.17379421180984
C4BPA,-0.423274187877843
C4BPB,0.16727964153887
C4B_2&LOC110384692&C4A,0.148186925920788
C5,-0.201096216565194
C5AR1,0.0033057699069329
C5AR2,0.125026396835531
C6,0.0646749819540478
C7,-0.0525994687445363
C7orf49,-0.408809886350041
C8G,0.201712422336687
C8orf33,0.120540320832018
C8orf44,0.246294227085213
C8orf44-SGK3,-0.15844124044095
C8orf46,0.322670178934627
C8orf86,-0.353249204863669
C9orf24,-0.214656687812604
CA1,-0.122389873371872
CA10,0.72578484436521
CA11,-0.148805666926588
CA12,-0.55637156005188
CA13,-0.0213275403948754
CA14,-0.128166658775935
CA2,0.221276347548358
CA3,0.183748687857192
CA4,0.190354415797325
CA5A,-0.0059122952055381
CA5B,-0.0013660111754589
CA6,-0.0480959042558496
CA7,0.074736808302427
CA8,0.573326997529471
CA9,0.0227897755978391
CABLES2,0.112742292286236
CABP1,0.162993472777098
CABP2,-0.180071935281783
CABP4,-0.250416730565395
CABP5,0.500686070600883
CABYR,0.152549277550489
CACNA1A,-0.101226310929579
CACNA1B,0.574363644128755
CACNA1C,0.352252840656788
CACNA1D,0.183370595862351
CACNA1E,-0.0835187381867335
CACNA1F,0.0811248975274108
CACNA1G,-0.131492962553641
CACNA1H,-0.218043511169473
CACNA1I,-0.301743867600591
CACNA1S,-0.109880468259973
CACNA2D1,0.367236633932573
CACNA2D2,-0.0857220665809456
CACNB1,-0.278395937403415
CACNB2,-0.0129707564240975
CACNB3,0.49809212541464
CACNB4,0.410516651898065
CACNG1,0.0250703620081168
CACNG4,0.09301840379217
CACNG6,0.0648176538832203
CACNG8,0.179440818884138
CAD,0.23063306103607
CADM1,-0.225905432455031
CADM2,0.0003154311652296
CADM3,0.102106529169459
CADM4,-0.180161084795837
CALCOCO2,0.143705064696077
CALCR,-0.0981985506298563
CALD1,0.311597712998431
CALM1,-0.0534709483875627
CALM2,0.300959727012561
CALM3,-0.336023332059752
CALML3,-0.032584462100804
CALML5,-0.0283671817265411
CAMK1,0.371961145250268
CAMK1D,0.225625152181859
CAMK1G,0.268197478268545
CAMK2A,0.413954660932124
CAMK2B,-0.0838811174262095
CAMK2D,0.0228578870596963
CAMK2G,0.0786917987771118
CAMK2N1,0.0573508428525748
CAMK4,-0.0085047004099664
CAMKK1,0.0984086928986132
CAMKK2,0.0411190244901968
CAMKV,-0.0746322148607093
CAND1,0.0027011397065335
CANT1,-0.0304095301651228
CANX,0.0925302281561133
CAPN1,-0.0894345536689865
CAPN10,-0.276663377674103
CAPN2,0.340627259928662
CAPN6,0.421201554300039
CAPN8,0.129375454740866
CAPNS1,-0.0113791169079334
CAPRIN2,-0.282928775807211
CAPZA2,-0.0713271435096442
CAPZB,1.0174947972105
CARD11,-0.120947728349979
CARD14,-0.20969574266963
CARF,-0.0089205811308043
CARM1,0.0990166923903199
CARS,0.175017017597734
CASC1,0.0944114325945906
CASD1,0.0253208007994817
CASK,0.318454484705717
CASP14,-0.141907816338445
CASP5,0.201896765434048
CASP8AP2,0.569359403598579
CASP9,-0.0971459456844538
CASR,-0.0285803885549438
CATSPERE,-0.0724343184463189
CATSPERG,-0.149429738402077
CAV1,0.203737211249952
CAV2,0.0011294367211149
CAV3,-0.283802450856015
CAVIN3,0.215562300248751
CBFA2T2,-0.0355939165378741
CBFA2T3,-0.240467283825962
CBFB,-0.0186623088121333
CBL,0.241618090079727
CBLB,-0.0271633964467303
CBLC,0.0510842223762093
CBLN1,0.11695122269282
CBLN2,-0.515882266720511
CBLN3,0.148946643460416
CBLN4,-0.0967417113294454
CBR1,0.420136804849924
CBR3,0.0715807818063634
CBR4,0.0687436838825011
CBSL&CBS,0.360987264143071
CBWD1,0.337181694748618
CBWD2&CBWD5&CBWD3&CBWD6,0.0064620619987246
CBX1,-0.24464387993791
CBX2,0.278902902635929
CBX3,-0.036031978594482
CBX4,-0.0230562556384562
CBX5,0.343488748452016
CBX6,0.089293274790251
CBX7,0.0819598428154021
CBX8,-0.0827545727323095
CCAR1,0.435551655556444
CCAR2,-0.221994954906135
CCBE1,-0.0238972785888898
CCDC144A,-0.104259637349165
CCDC144B,-0.210302376685883
CCDC144CP,-0.333200086856596
CCDC169,-0.161419661827126
CCDC169-SOHLH2,0.262004907946115
CCDC171,-0.11785774955796
CCDC36,0.0725481135138186
CCDC47,0.199783118495053
CCDC6,-0.169140935121345
CCDC91,-0.0926473958875261
CCIN,0.0237861433746964
CCKAR,0.0368805479312293
CCKBR,0.41137915943605
CCL2,0.159186520603057
CCL4,0.185721482094295
CCL4L1&CCL4L2,0.149247301233114
CCNA1,0.147900824807152
CCNA2,1.09212963607498
CCNB1,0.803903859060988
CCNB1IP1,-0.0118472779253669
CCNB2,-0.135857763909316
CCNB3,0.0398922979444533
CCNC,0.347909745719755
CCND1,0.971500979405029
CCND2,-0.117782031825032
CCND3,-0.382103854251621
CCNE1,-0.0874163363272164
CCNE2,-0.068345833987883
CCNF,-0.210774085371309
CCNG1,0.0279969189698792
CCNG2,0.0258117794781602
CCNH,-0.027691297802444
CCNI,-0.184722641926854
CCNI2,0.115490024990645
CCNJ,0.165560479213161
CCNJL,0.683820170311421
CCNK,0.402256966253722
CCNL1,0.0324723956768715
CCNL2,0.384339766139866
CCNO,0.016752010771076
CCNT1,0.567772133232347
CCNT2,-0.0241305468932331
CCNY,0.271720171758777
CCNYL1,-0.167988462957468
CCNYL2,0.259313078480728
CCR1,0.0509023370100678
CCR10,0.0655090667070129
CCR2,-0.326731269908577
CCR3,0.0125776519515293
CCR4,-0.0445169558689277
CCR5,-0.0280888853354863
CCR6,5.80052442588184e-06
CCR7,-0.360932064327044
CCR8,-0.0281481134523545
CCR9,-0.199029556427576
CCRL2,0.0840633279709073
CCS,0.182106948099326
CCT2,1.27486803984021
CCT3,1.0232724973713
CCT7,1.86394475962164
CD101,-0.268314891032433
CD109,0.510327324606868
CD14,-0.325232454734284
CD1A,-0.181706554607374
CD1B,0.0496279999924795
CD1C,0.0116280108922873
CD1D,-0.0416689170989753
CD2,0.0668852531053204
CD22,-0.0943087006006055
CD226,-0.0912361214999263
CD244,-0.036246130881263
CD247,0.225606687388304
CD274,-0.0389832918884465
CD276,0.10186003837988
CD28,0.0070376095222029
CD2AP,0.171261306537716
CD300A,0.0757995125632701
CD300C,0.406173775015627
CD300E,0.0683462482192333
CD300LD,-0.280796543208652
CD300LF,0.0851430685842579
CD300LG,-0.0794714123951637
CD33,0.121019120666395
CD36,-0.246194616442563
CD38,-0.021252859148942
CD3EAP,0.0761974759455496
CD4,0.134900909962464
CD44,-0.156806365395082
CD46,-0.177785375668234
CD48,0.0922646067737854
CD55,0.264415071848022
CD69,-0.249802025490058
CD7,-0.002776875590514
CD74,-0.420286358393562
CD79A,-0.252342336349162
CD79B,-0.309879797256769
CD83,-0.173787858233327
CD84,-0.0195588100085984
CD86,-0.0247423528830415
CD8A,-0.370100593698429
CD8B,0.215910295690382
CD8B2,-0.0995290734198557
CD93,-0.130813307954346
CDA,0.214658257494692
CDC14A,0.392701760354539
CDC14B,0.829858813810744
CDC14C,-1.12595584364237
CDC20,-0.657721769495224
CDC20B,-0.215665463334561
CDC23,0.161937787118753
CDC25A,-0.0594101597754952
CDC25B,0.272973337793314
CDC25C,-0.0963676066858583
CDC27,-0.223872031214037
CDC27P9&CDC27P10&CDC27P11,0.0405580175217394
CDC34,-0.0588715815446683
CDC37,0.401389337061839
CDC40,0.892174485266836
CDC42,0.777785514085326
CDC42BPA,-0.256936771834729
CDC42BPB,-0.176454241963059
CDC42BPG,-0.0447527756536936
CDC42P3,-0.0998828430804022
CDC42SE2,0.240201856030638
CDC45,0.571754385002783
CDC6,0.161096007940281
CDC7,1.13112624337184
CDC73,0.630215469962891
CDCP1,-0.174780356285519
CDH1,0.0365621664977741
CDH11,0.264317069448944
CDH12,-0.335202802232064
CDH15,-0.080525104821976
CDH16,0.666170748587308
CDH17,0.204941042234261
CDH2,-0.117200511167864
CDH24,0.0129663044061277
CDH3,-0.446680398941817
CDH4,0.548724894707596
CDH5,0.0856139653818366
CDH6,-0.314519163351858
CDHR2,0.208795388866766
CDIPT-AS1,-0.122579910058441
CDK1,1.27068476662398
CDK10,-0.20212810164589
CDK11A,0.196259106411299
CDK11B,0.558902917394651
CDK12,-0.617829609085173
CDK13,0.39439306255144
CDK14,-0.196314857310776
CDK15,0.100254754544476
CDK16,0.027596098580549
CDK17,-0.375394991533428
CDK18,0.0903685616271156
CDK19,0.362125611505992
CDK2,0.342782203499273
CDK20,-0.0980534515344473
CDK4,0.299047453816379
CDK5,-0.164764124612534
CDK6,0.153810013887225
CDK7,-0.259371658461638
CDK8,-0.246395784890852
CDK9,0.159249006638458
CDKAL1,0.192762923599435
CDKL1,-0.240963715272865
CDKL2,0.245259894046515
CDKL3,0.0781325673708017
CDKL4,0.268739864382553
CDKL5,-0.0628113840616567
CDKN1A,-0.167494417028074
CDKN1B,0.0047973054269849
CDKN2A,-0.0514171027749495
CDKN2B,-0.031564989461215
CDKN2C,-0.0865726296826554
CDKN2D,-0.0362263984388215
CDKN3,0.102487957209664
CDRT1,0.1979333378731
CDT1,0.0870320364263589
CDX1,-0.215483691815411
CDX2,-0.235712499446873
CDX4,-0.0897065841674256
CDY1B&CDY1,-0.0609895685220931
CDY2B&CDY2A,0.125454767125843
CDYL,-0.098968105256183
CDYL2,0.0200653599402969
CEACAM1,-0.303381470113918
CEACAM16,-0.279133126118886
CEACAM18,-0.390970852324857
CEACAM19,-0.0102707449501241
CEACAM21,0.0212352290919258
CEACAM3,0.069555989504054
CEACAM4,-0.0879636760663245
CEACAM5,-0.0655251251193687
CEACAM6,-0.152319094989104
CEACAM7,0.556871194278656
CEACAM8,-0.209602131716903
CEBPA,0.0649270523938817
CEBPB,0.186415354413845
CEBPD,-0.109842209579816
CEBPG,0.215154496066885
CEBPZ,0.230213222541308
CECR2,0.216722757851573
CEL,0.469798330910091
CELF1,-0.102952963792971
CELF2,-0.143949952689438
CELF3,0.0455533382370299
CELF4,0.196406236770056
CELF5,-0.276443994854071
CELF6,0.0442360828686061
CELP,-0.0174154458155275
CELSR1,-0.404729300551532
CENPA,-0.0072281663894838
CENPE,0.0611783264932421
CENPW,0.711068003522651
CEP126,0.377854529943844
CERK,-0.113440418805595
CERNA2,-0.0030635773406209
CES1,0.0365773350547846
CES1P1,0.176818205473415
CES1P2,0.0522556668226815
CES2,0.0061434196444775
CES3,0.601990103382519
CES4A,-0.401869153741729
CES5A,-0.189291097777395
CES5AP1,0.032779433686456
CETN2,0.0634610795340841
CFAP44,-0.117120340042491
CFAP52,-0.058251964656926
CFAP57,0.188898190185151
CFAP65,-0.459639981054404
CFB,0.137254479171038
CFH,0.0012691602066931
CFHR1,0.558902147718064
CFHR2,-0.182581436366303
CFHR3,0.121805632735884
CFHR4,0.0393768779097457
CFHR5,0.622749283750578
CFL1,0.520600632686182
CFL2,-0.12203713245213
CFLAR,0.0997728427516811
CFTR,-0.117922343871608
CHAD,0.0964570185660057
CHAF1A,0.528912321222302
CHAF1B,0.392699623801157
CHCHD7,-0.225874110046155
CHD1,0.217103034163692
CHD1L,-0.0772148469574121
CHD2,0.0450691724616827
CHD3,-0.128215466243011
CHD4,0.496265306315102
CHD5,-0.244859170651942
CHD6,-0.188818696606126
CHD7,-0.266585526815299
CHD8,-0.488915539526693
CHD9,-0.596373244481224
CHEK1,0.321828485585477
CHEK2,0.0460518846451226
CHFR,0.201108528381011
CHIC2,-0.0316055940466721
CHKA,0.074685872527011
CHKB&CHKB-CPT1B,0.355648835305375
CHM,0.0206304847191812
CHML,0.0013790087628726
CHMP4C,-0.396842819749349
CHN1,-0.248737677313901
CHN2,-0.253487847096209
CHP1,0.267226633313748
CHP2,-0.283730602503191
CHRAC1,-0.0229147500526582
CHRD,-0.343338284160788
CHRDL1,-0.0125770790772425
CHRDL2,-0.347570516525344
CHRFAM7A,-0.451099546569458
CHRM1,-0.260095711149656
CHRM2,-0.006764605631611
CHRM3,-0.0154293325330103
CHRM4,-0.0522157827270319
CHRM5,-0.096691407508869
CHRNA1,9.89274968250852e-05
CHRNA10,0.630098669467845
CHRNA2,0.851587836418865
CHRNA3,-0.241449532198826
CHRNA4,-0.22644990129674
CHRNA6,-0.0659209168308062
CHRNA7,0.342010294521085
CHRNA9,0.3827227609626
CHRNB1,0.491943371670071
CHRNB2,0.26631479598535
CHRNB3,-0.103477040416574
CHRNB4,0.03727757803429
CHRND,-0.0008273100911463
CHRNE,0.0810475232699142
CHRNG,-0.489757001810127
CHST1,0.368651959410381
CHST15,-0.0603764942516392
CHST2,0.127141055940031
CHST3,-0.075795872669317
CHST4,-0.0934080655012198
CHST5,0.189363399279273
CHST6,-0.379841974420581
CHST7,-0.122613019046802
CHST9,-0.121240584982179
CHSY1,-0.10953201339098
CHTF18,0.402292239521181
CHUK,-0.292433631798766
CHURC1-FNTB,-0.0516913024633202
CIAO1,0.387611977692309
CIC,-0.348766176917508
CIITA,-0.0472758413246704
CIRBP,0.29234956920498
CISH,-0.0322893828004562
CIT,0.658517235567252
CITED1,0.118750410898557
CITED2,0.431378288358504
CKAP5,1.468496982301
CKB,0.0808364855766718
CKM,0.289023509188441
CKMT2,0.450992300729486
CKS1B,-0.161026288222086
CLASP1,-0.0298646950971222
CLC,-0.08307700224857
CLCA2,-0.055706780417925
CLCN1,-0.0950873558861447
CLCN2,0.211220354533872
CLCN3,0.142841191551814
CLCN4,0.0478692745436273
CLCN5,0.141017125128623
CLCN6,-0.137138756279973
CLCN7,-0.0265856574603642
CLCNKA,0.0685184639575109
CLCNKB,-0.185214239360232
CLDN1,-0.0629872405133096
CLDN10,0.12557668077614
CLDN11,0.0396630707224662
CLDN14,0.0108855911595874
CLDN15,-0.393760326755111
CLDN16,-0.100564988555246
CLDN18,0.169302124087797
CLDN3,-0.197286575617237
CLDN4,-0.0192275239924467
CLDN6&CLDN9,-0.283233045549638
CLDN8,-0.29805245341895
CLEC12A,0.309039132370513
CLEC1A,-0.0764696822658995
CLEC2D,-0.168171568289966
CLEC5A,-0.0424647894750033
CLEC7A,-0.52692566166601
CLINT1,-0.119536772026496
CLK1,0.0509448775016533
CLK2,-0.368759092366905
CLK2P1,0.0786598726741048
CLK3,0.087697793228102
CLK4,0.0505645275418284
CLMP,-0.195014000374332
CLNK,-0.0242458607344067
CLNS1A,0.691996835071423
CLOCK,0.194043091705785
CLP1,0.543390103476632
CLPTM1L,0.0286191735577441
CLRN3,0.267304648203072
CLSPN,1.78827892989221
CLTA,-0.0396023405259221
CLTC,0.232175965392207
CLTCL1,0.0250415987460908
CMC4,0.253963298127574
CMKLR1,-0.213874334079516
CMTM5,0.233447601518231
CMTR1,-0.0692911165534372
CNBD1,-0.0650500676336188
CNBD2,-0.436523338274173
CNBP,0.0750941937337632
CNGA1,-0.263790791085068
CNGA2,-0.278612244367225
CNGA3,-0.0236995238408024
CNGA4,-0.207039717442974
CNGB3,0.217026652580509
CNKSR1,0.122235958940037
CNNM1,0.0015650840391754
CNNM4,-0.0702075815994387
CNOT6,-0.471714037878904
CNOT6L,-0.158290672059769
CNOT7,-0.116272664930036
CNOT8,-0.0199908211138812
CNP,0.315289354811261
CNPY3,0.281747180329154
CNPY3-GNMT,-0.245422674604403
CNPY4,-0.111309798868504
CNR1,0.225383079870904
CNR2,0.0559921543718961
CNST,0.190830070233549
CNTD1,-0.191731436444086
CNTD2,-0.0997068883962164
CNTN1,-0.21451025794475
CNTNAP2,-0.039251265592375
CNTRL,0.178355000747707
COA1,0.347441954029871
COBLL1,0.107302541385723
COCH,0.322358540441686
COG2,-0.0464373196439879
COL10A1,-0.321736875031689
COL11A1,0.356423212489746
COL11A2,0.222456902900295
COL12A1,0.0019075959955536
COL13A1,-0.243776688960652
COL14A1,-0.226575852147946
COL15A1,0.224604339033298
COL16A1,-0.0761508230862283
COL17A1,-0.212707235221948
COL18A1,-0.0282299882361047
COL19A1,-0.128473635241416
COL1A1,0.158949695630413
COL1A2,-0.0223206800912466
COL20A1,0.0163241139394957
COL21A1,0.170315966511948
COL22A1,0.103838944315876
COL23A1,0.136898138956025
COL24A1,-0.157843633618457
COL25A1,0.121915615914053
COL26A1,0.0364205790317442
COL27A1,0.476285789520039
COL28A1,-0.0447925601010773
COL2A1,0.108352087309687
COL3A1,0.131134046953785
COL4A1,-0.0368589410796815
COL4A2,-0.312596680915894
COL4A3,0.46169230945939
COL4A4,0.293326721932042
COL4A5,0.341557052599368
COL4A6,-0.149240792026561
COL5A1,-0.120721363256289
COL5A2,0.184102505999073
COL5A3,0.150813850675976
COL6A1,0.501823880507814
COL6A2,0.0183063882690408
COL6A3,-0.0536546971767245
COL6A5,-0.0675509811519801
COL6A6,0.138711199887799
COL7A1,-0.267159388131092
COL8A1,0.227760774780631
COL8A2,-0.0976350530933175
COL9A1,0.149219138107324
COL9A2,0.027522144785418
COL9A3,0.132258382254382
COLEC11,-0.200148555070317
COLEC12,-0.0473078975985355
COLQ,0.187791183451924
COMMD3-BMI1&BMI1,-0.150890150672724
COMT,0.0597822571073107
COPA,1.74228627708674
COPB2,1.39903303546847
COPG1,-0.0157223618931816
COPS2,1.35965620754055
COPS3,0.913812607447423
COPS4,1.72288056564076
COPS5,0.777034721259739
COPS6,0.547261321830401
COPS7A,0.234292313896295
COPS7B,-0.0983127612442324
COPS8,0.796963990668117
COPZ1,1.06718715810816
COQ5,0.009772350337857
COQ8A,-0.349265817882416
COQ8B,0.201313997089056
CORO1A,-0.282555417763784
CORO1B,-0.117031356339685
CORO1C,0.463465020033221
CORO2A,-0.268751088058906
CORO2B,0.12781695875063
CORO6,0.0469692209663207
CORO7,-0.148766011076548
CORO7-PAM16,0.286262310449996
COX11,0.0625357374462634
COX20,0.486364497773476
COX4I2,0.153596570810805
COX6A1,-0.0183812328052873
COX6C,0.424995749274998
CP,-0.0072404838565281
CPA6,0.0231738831899712
CPB2,0.0968650191316824
CPD,0.0142651424503375
CPE,-0.0069694871521879
CPEB2,0.216387365910805
CPEB3,-0.116297465940757
CPEB4,-0.0325186545435202
CPM,-0.230459876557604
CPN2,0.0737618480134965
CPPED1,-0.197647269039335
CPS1,-0.0135850286696214
CPSF7,0.0360073740427331
CPVL,-0.545677732580156
CR1,-0.0523117751233896
CR1L,-0.277994948926
CR2,-0.0102812650748702
CRABP1,0.100844226518802
CRABP2,-0.0119404749050755
CRBN,0.408606528769923
CRCT1,0.283461637247632
CREB1,0.0729861660270233
CREB3,0.0164071140626434
CREB3L1,-0.0819481824595651
CREB3L2,-0.194815663987834
CREB3L4,-0.0147217920259608
CREBBP,-0.18769103363002
CREBL2,0.0564630784960448
CREG1,0.576359647167941
CRIM1,-0.143257361289766
CRK,-0.0091092364420726
CRKL,0.24330995854525
CRLF2,-0.116058185273018
CRSP8P,0.700504739774939
CRTAM,-0.167414243782061
CRTC1,-0.219053568588127
CRTC3,0.147570774827941
CRYZ,0.0923350650056594
CRYZL1,-0.0147192689348739
CS,0.180845821401512
CSDE1,-0.0746630144470838
CSF1R,-0.396373161202967
CSF2RB,-0.0345748844264122
CSH1,-0.0541831840084736
CSH2,-0.496469412657033
CSHL1,0.35209114600471
CSK,-0.551854321826489
CSMD1,0.254549433413211
CSMD2,0.0758999872039744
CSMD3,0.223136389977615
CSNK1A1,0.0249464134879268
CSNK1A1L,0.0263966436508548
CSNK1D,-0.0944150310328523
CSNK1G1,-0.266307310392043
CSNK1G2,-0.0141789011708159
CSNK1G3,-0.179130719950859
CSNK2A1,0.12329991061207
CSNK2A2,0.611734746513266
CSNK2A3,0.0722916261100914
CSPG4,-0.0426097803454812
CSRNP3,0.135511154719767
CSTF1,-0.135068286577706
CSTF2,0.156048956560816
CSTF2T,0.244331490710263
CT83,0.186973942464662
CTAG1B&CTAG1A,0.0953332867857939
CTAG2,-0.390561458277331
CTAGE1,0.0371465649452734
CTBP1,-0.267084119726828
CTBP2,-0.11975359011057
CTCF,0.218381429424708
CTCFL,-0.271472843777302
CTDP1,0.0253063806826955
CTGF,0.223124309790666
CTH,-0.0907500572944049
CTHRC1,0.286360425986085
CTIF,0.398979830002903
CTNNB1,-0.0130471460961559
CTNNBIP1,0.0202722411502081
CTNNBL1,0.982592002257378
CTNND1,0.248148640781718
CTNND2,0.208934051576568
CTR9,0.531912094862229
CTSB,0.163998842455995
CTSD,-0.288751963578776
CTSF,-0.210243040925905
CTSL,0.0392635832766873
CTSV,0.158594455536547
CTTNBP2,-0.165611911899492
CUL4A,0.343539035727056
CUL9,0.307547692643765
CUX1,0.0242551839784091
CUX2,0.520848439754559
CWC22,0.516668180073262
CX3CR1,0.0716742305416873
CXADR,-0.451982499613379
CXADRP3,0.392211376414137
CXCL12,-0.16576296685782
CXCL14,0.407151248824954
CXCL2,0.56998033004084
CXCL3,-0.129022609361504
CXCL5,-0.0232750699697924
CXCL6,0.256203122211654
CXCL8,-0.387131894972053
CXCR1,0.469621324691907
CXCR2,0.322415389965013
CXCR2P1,-0.283074200362179
CXCR3,0.130617906680249
CXCR4,0.0618519863273628
CXCR5,-0.266861908643905
CXCR6,0.102610296043974
CXXC1,0.0006510744126803
CXorf21,0.0055344704770417
CYB561,0.560236770917144
CYBA,0.185813640023442
CYC1,0.0511832710182851
CYGB,0.277052830776466
CYHR1,0.280223861828169
CYLD,0.200625511261581
CYP11A1,0.0197996879487008
CYP11B1,-0.166254399402192
CYP11B2,-0.0736336987723753
CYP17A1,-0.175744852645575
CYP19A1,0.0298522550780527
CYP1A1,0.198825985396948
CYP1A2,-0.247269630679679
CYP1B1,0.130581399491486
CYP20A1,0.0292198214063447
CYP21A1P,-0.292368586467977
CYP21A2,-0.120697166177513
CYP24A1,0.042087753862834
CYP26A1,0.0163709004087357
CYP26B1,0.270664216816562
CYP26C1,-0.12256145351521
CYP27A1,-0.0763014056058703
CYP27B1,0.351133365943709
CYP27C1,0.0291027224601122
CYP2A13,0.216570675075831
CYP2A6,-0.259635030961463
CYP2A7,0.271377130800666
CYP2B6,-0.103339247744661
CYP2B7P,-0.24356406753531
CYP2C18,-0.0569824854701748
CYP2C19,-0.217637232506957
CYP2C8,-0.0179074395904678
CYP2C9,-0.154201591886385
CYP2D7,-0.189617978641838
CYP2E1,-0.0745581038105728
CYP2F1,-0.156493339831119
CYP2J2,0.468910398228721
CYP2R1,-0.0711405209995218
CYP2S1,0.0533757220925208
CYP2U1,-0.0322337847212184
CYP2W1,-0.33067382362498
CYP39A1,-0.006780636336444
CYP3A4,0.081154935985086
CYP3A43,0.147417257636488
CYP3A5,-0.172252424785022
CYP3A7,-0.768580653465196
CYP3A7-CYP3A51P,0.413045336872297
CYP46A1,0.0892055195095904
CYP4A11,0.0175271651914066
CYP4A22,-0.182256050166809
CYP4B1,0.0814614040048219
CYP4F11,-0.22828020993413
CYP4F12,-0.333475431578237
CYP4F22,0.448935752617078
CYP4F24P,0.119149261229896
CYP4F3,0.306353528728457
CYP4F8,0.120949913126993
CYP4V2,0.183926711932746
CYP4X1,-0.0655562620718822
CYP4Z1,-0.283793620251289
CYP4Z2P,0.0319962648439902
CYP51A1,-0.0026565166061805
CYP7A1,0.259721629066453
CYP7B1,0.282917616242122
CYP8B1,0.784493223382299
CYR61,-0.0630858410591806
CYSLTR1,0.154341609607109
CYSLTR2,0.0798183751829921
CZ1P-ASNS&ASNS,0.0764173579834221
DAB2,-0.38212281380077
DACH1,0.162023164525018
DACH2,-0.373787014752826
DAD1,0.273294671537881
DAG1,-0.238093762420563
DAPK1,0.113114343353182
DAPK2,-0.0225405333869115
DAPK3,0.138700459171295
DAPP1,-0.334450639347675
DARS,0.839065670580909
DAW1,-0.424372896313755
DAXX,-0.0349112435426011
DAZ1&DAZ4,-0.559830594346629
DAZAP1,-0.504894606318911
DAZAP2,-0.192044678743586
DAZL,-0.0319621302754525
DBF4,0.0472480464302469
DBF4B,-0.0205235634344096
DBP,0.240256365843679
DBT,-0.442115362244132
DCAF1,0.814906624883479
DCAF10,-0.139181805497267
DCAF11,-0.0829248184254865
DCAF12,-0.0855547103631755
DCAF12L1,-0.174478478715227
DCAF12L2,-0.124572431394743
DCAF13,-0.450363582788179
DCAF13P3,1.70341214541678
DCAF4,0.0341321657954044
DCAF4L1,0.28793695177063
DCAF4L2,-0.0552105783086514
DCAF5,-0.0492623815232065
DCAF6,0.275302679487377
DCAF7,0.221648387911276
DCAF8,-0.132077811297239
DCAF8L1,-0.123798489190527
DCAF8L2,-0.243368563861266
DCAKD,-0.084805404232139
DCK,0.139431009318556
DCLK1,0.300701580267568
DCLK2,-0.621018623376987
DCLK3,-0.0623498846024301
DCLRE1B,0.209960882192946
DCLRE1C,0.532405315101639
DCLRE1CP1&ACBD7-DCLRE1CP1,-0.0355280790631412
DCN,0.148266822393646
DCP2,-0.147495549129158
DCT,0.166153554260596
DCTD,-0.12475908881136
DDB1,1.50732338221449
DDB2,0.317099907207307
DDHD2,-0.172044101480055
DDI1,-0.0463474170584722
DDI2,0.144271168067384
DDIT3,-0.120316138664385
DDIT4,0.0619618997187938
DDIT4L,-0.329902064407288
DDR1,0.132212421772408
DDR2,-0.260480496504707
DDRGK1,0.244080868142292
DDX1,-0.0113757826641872
DDX10,0.510643080696953
DDX17,-0.174832286175511
DDX18,1.18601143222439
DDX19A,-0.165253952765098
DDX19B,0.279319787425983
DDX20,0.153781750873431
DDX21,0.920934278811144
DDX23,0.432883733647246
DDX24,0.44098376108554
DDX25,-0.205357767195867
DDX27,0.801280211510058
DDX28,0.466429375554311
DDX31,0.178154929970527
DDX39A,0.942247521631487
DDX39B,-0.385219723721929
DDX3X,0.102651729967253
DDX3Y,0.0446276300791474
DDX4,-0.154164888916388
DDX41,0.497521423146438
DDX42,0.320334390436202
DDX43,0.112592369148917
DDX46,0.54051722562055
DDX47,0.706021075164966
DDX49,0.611961915701167
DDX5,-0.10823211586148
DDX50,-0.100821152248756
DDX51,0.317338516366916
DDX52,0.146329576918151
DDX53,0.0405523761702824
DDX54,0.272379002927671
DDX55,0.327755303591497
DDX56,0.624936835227665
DDX58,0.272870332201917
DDX59,-0.0741772058905238
DDX6,0.2848701222453
DDX60,-0.14310200787923
DDX60L,-0.559974068652028
DEAF1,0.17724399244128
DECR1,0.0120481231444192
DEK,-0.0390148669861127
DENND3,0.356110043552071
DENND5B,0.411097616827733
DEPDC1B,0.322265711052374
DET1,0.243496059869749
DGAT1,-0.202224723829344
DGKB,0.0542142213896534
DGKD,0.246373463655925
DGKG,-0.22959241502225
DGKH,-0.130306730253435
DGKI,-0.125117177745814
DGKQ,-0.30598347842402
DGKZ,0.183501643084768
DGUOK,0.136381880178457
DHFR,-0.171310847825921
DHFR2,0.236343401835264
DHFRP3,-0.349609966325389
DHH,-0.0548632705254268
DHRS1,0.375000382728042
DHRS11,0.0968020399511158
DHRS12,-0.2072743870261
DHRS3,-0.144866862397358
DHRS7,-0.0448739058376473
DHRS7B,0.0293005277924929
DHRS7C,-0.0629491894858955
DHRS9,0.0853262743098237
DHRSX,-0.0182163772477868
DHTKD1,0.275762879242968
DHX15,0.543734366120873
DHX16,0.0410820873816044
DHX29,-0.125851168782135
DHX30,0.193242025593884
DHX33,-0.0146465811542838
DHX34,0.249391219280286
DHX35,0.132696700028104
DHX36,0.272125069947459
DHX37,0.371058025781646
DHX38,0.558279433433432
DHX40,0.277566945965504
DHX57,-0.0573389722592665
DHX58,0.0282204347892792
DHX8,0.636548680852685
DHX9,0.761008414889283
DIAPH1,0.0991424515109138
DICER1,0.450695910224323
DIDO1,0.111269262695446
DIMT1,0.359315644409791
DIO2,-0.0142548839480311
DIRAS1,0.0537064777675084
DIRAS2,-0.0221760538718096
DIRAS3,0.0290525148153158
DKK1,0.0089210000596122
DKK4,-0.0521673925596284
DLAT,0.404219231500205
DLC1,-0.0214932346703134
DLD,0.184771063645717
DLG1,0.341010213140304
DLG5,0.143582012602785
DLGAP1-AS1,0.0483291135652186
DLK1,-0.155871382906403
DLL3,0.0287793736991931
DLL4,0.294373325665369
DLST,0.128353410348988
DLSTP1,-0.415740349416791
DLX1,0.100419327942529
DLX2,0.127382860211261
DLX3,-0.555413719164799
DLX4,0.316435447631787
DLX5,0.26010296988937
DLX6,0.135489697689734
DMAP1,0.0877145458171933
DMBX1,0.10255628952161
DMC1,0.238537281314223
DMGDH,0.299187735233637
DMPK,0.134872173114084
DMRT1,0.0982313000619444
DMRT2,-0.234871222241766
DMRT3,0.0567861385272913
DMRTA1,-0.0879746644760158
DMTF1,0.0869276570261473
DMWD,-0.27524469255305
DMXL1,0.0206363824259842
DMXL2,-0.155013914798612
DNA2,0.339404901591788
DNAAF5,-0.208864694059714
DNAH5,-0.107654195363765
DNAI1,0.405117957788073
DNAI2,-0.0083677042611296
DNAJC1,-0.047922124780287
DNAJC10,0.305288093764379
DNAJC19,0.176439813952719
DNAJC2,0.208447941094778
DNAJC25-GNG10,-0.12590367714732
DNAJC27,-0.423591945357099
DNAJC3,-0.242869828730762
DNAJC5,0.320858063991512
DNAJC7,0.0702055645005177
DNASE1,0.318161948507137
DNASE1L1,0.150481590471468
DNASE1L2,0.0545083122876922
DNASE1L3,0.352528285165333
DND1,0.136181473118326
DNM1L,0.649402929577352
DNM2,0.235723152516199
DNMBP,-0.018522983906235
DNMT1,0.205183161584787
DNMT3A,-0.0609407511632991
DNMT3B,0.394253946927367
DNMT3L,-0.257854604759065
DOCK10,0.106978741339637
DOCK11,0.0644916121581368
DOCK2,-0.118962730246098
DOCK3,-0.111345366909919
DOCK9,0.114767973291169
DOK3,-0.465995754454469
DOK4,0.223621461032402
DOPEY1,-0.0084498209234378
DOT1L,-0.324208002495935
DPCR1,0.0174259412246614
DPF1,-0.376020605771082
DPF2,0.163557384711057
DPF3,0.114160661566051
DPH7,0.0930093202998211
DPP10,0.207838465913309
DPP6,-0.0588231270043119
DPP9,-0.0655530244557845
DPT,0.127945525257434
DPY19L3,0.474797077741467
DPY30,0.0573501037219688
DPYD,0.253650017675156
DPYSL2,-0.193859453134087
DRAM1,0.137223833632355
DRAM2,-0.109424266604846
DRAP1,0.255890502886112
DRD1,-0.112919124228397
DRD2,0.105682442486161
DRD3,-0.149563125191656
DRD4,0.178537739297107
DRD5,0.17580591446278
DRG1,0.405536013852839
DRG2,-0.0492803367581147
DROSHA,0.347546494215847
DSC1,0.582607964644111
DSC2,-0.174324791624117
DSEL,-0.178832386986404
DSG1,0.175579964726466
DSG3,-0.0471585250081532
DSP,0.0872221029430541
DSTYK,0.348269993144385
DTL,-0.202162937032595
DTX2P1-UPK3BP1-PMS2P11,0.332232539449506
DTX3L,-0.0419214336148995
DUOX2,0.0693841897825978
DUPD1,-0.317888590938546
DUSP1,-0.0259086633842078
DUSP10,0.0413256632171082
DUSP11,-0.171512135435672
DUSP12,-0.668286194135396
DUSP13,-0.0076285449788524
DUSP14,-0.026117880283516
DUSP15,0.145792674797672
DUSP16,0.304586042536896
DUSP18,-0.258209505233255
DUSP19,0.176580664475308
DUSP2,-0.293391919410965
DUSP21,0.10361755701547
DUSP22,-0.206732957473877
DUSP23,0.102627027988317
DUSP26,0.233531616080726
DUSP27,-0.0228340779755499
DUSP28,0.325070249986655
DUSP3,-0.114964346941748
DUSP4,-0.192909213349401
DUSP5,0.0066217139687227
DUSP6,-0.0742140581929926
DUSP7,0.243946982165947
DUSP8,-0.474660349463914
DUSP9,-0.0538540903663132
DUT,1.14656965008308
DYNC1I1,-0.523059333172798
DYNC1I2,0.611665549880819
DYRK1A,0.105443219894612
DYRK1B,-0.209414863785767
DYRK2,0.153108888284688
DYRK3,0.229888184236344
DYRK4,-0.110880561783
DZANK1,0.179944365781529
E2F1,0.233243123482694
E2F2,-0.0984564787292966
E2F3,0.506162468507693
E2F4,0.18410092912853
E2F5,0.205673734512359
E2F6,-0.385753011784225
E2F7,-0.666490627198379
E2F8,-0.0936859333809026
EAF1,-0.23070818909489
EAF2,-0.0543591678257231
EBF1,-0.400696931010043
EBI3,-0.310330223590874
EBPL,-0.091172146175124
ECE2,-0.209154269586431
ECH1,0.260548677709924
ECHDC1,0.18807399400123
ECHDC2,0.0651282480859112
ECHDC3,-0.0698644593556279
ECHS1,-0.0382490963349175
ECI1,0.248806136767571
ECI2,0.0739297229447044
ECM1,0.0959378987277044
ECM2,-0.0392714733649914
ECT2,1.07601905743799
EDA,-0.0077813951460367
EDARADD,0.445938894505886
EDC4,0.0828563338297928
EDF1,-0.0649675728698146
EDN1,0.0965833985649952
EDN2,-0.178536167098166
EDNRA,-0.201858800679098
EDNRB,-0.0258211757243719
EED,-0.27933750338247
EEF1AKMT1&WDPCP&SEC22B,-0.600342761984079
EEF1AKMT3,0.110959317056996
EEF1E1-BLOC1S5&EEF1E1,-0.0751089676243464
EEF1G,0.728023618379782
EEF2,0.803959448424748
EEPD1,-0.0789873038542589
EFNA2,-0.203377845325478
EFNB2,0.111177139076657
EFNB3,0.156428134551498
EGF,-0.255214680438391
EGFL7,-0.255104826542936
EGFR,0.0732810465671657
EGLN1,0.0817538614591695
EGLN2,0.105834074114951
EGLN3,-0.0443265481640747
EGOT,0.280415572782619
EGR1,0.325495214254123
EGR2,-0.0824308385477163
EGR3,0.0373428945694039
EHF,0.14768424765542
EHHADH,0.331322784493755
EHMT1,0.211139839999959
EHMT2,0.167646279404904
EIF2AK1,-0.421188553009097
EIF2AK2,0.14724391697157
EIF2AK3,0.712354981979223
EIF2AK4,-0.149015559744231
EIF2B3,1.00968915255671
EIF2S2,1.77120297055447
EIF3A,1.22083386358804
EIF3B,1.35635594514014
EIF3G,1.17805791999047
EIF3H,0.187910167733325
EIF3I,0.708559220808406
EIF4A2,0.361838625196064
EIF4A3,0.381508863121141
EIF4B,0.138299275712483
EIF4E,0.937042228049699
EIF4EBP1,-0.106264245717457
EIF4EBP3,0.243819459523528
EIF4G1,0.724764010526555
EIF4G2,0.192954477184076
EIF4G3,0.306180512065673
EIF4H,-0.108112930073839
EIF5A,0.407457354726634
EIF5A2,-0.353827958352389
EIF5AL1,0.461038966865479
EIF5B,1.70385246896866
EIPR1,-0.272566063750306
ELAC2,-0.236560006207311
ELAVL1,0.454435999307374
ELAVL2,-0.0705128350596698
ELAVL3,0.108494738861031
ELAVL4,0.154976485577275
ELF1,0.0942220246786784
ELF2,0.0512059613026109
ELF3,-0.053228529797791
ELF4,-0.127309760228811
ELF5,-0.424612949937977
ELK1,0.0444414289404852
ELK3,0.077732749584553
ELK4,-0.219364418062615
ELL,0.162162002900085
ELL2,-0.175835079819776
ELL3,-0.242483279420768
ELN,0.101794314182409
ELOB,-0.0104132232391238
ELOVL2,0.246318670054789
ELP2,0.0856190524524243
ELP3,0.548955940384054
EMD,0.0103060161267087
EME1,0.361173869990699
EME2,-0.0590704755662606
EMID1,0.188056265647522
EMILIN1,-0.234423707819067
EMILIN2,-0.316057750524362
EML1,-0.187764856165714
EML2,-0.0331907553914689
EML3,-0.16155084290198
EML4,-0.209612107542006
EML5,-0.142416182227245
EML6,-0.156096330846269
EMP1,0.332781550824849
EMX1,-0.392451451354535
EMX2,0.37756597765296
EN1,0.17569218951539
EN2,-0.144277846243415
ENC1,-0.14527052591263
ENDOV,0.192615259273615
ENG,-0.329223611054401
ENO1,-0.172032298677617
ENO2,-0.211125012629956
ENO3,0.396214565467805
ENO4,0.454851969583135
ENOX1,0.13803737849319
ENOX2,-0.222005113897869
ENPP3,0.267990753240195
ENPP4,0.0503598110478913
ENPP7,0.0807708214364805
ENTPD2,-0.0565889122562085
ENTPD5,0.202767794425894
ENTPD8,-0.335774111790318
EOMES,-0.480583908932675
EP300,-0.483950414417698
EP400,0.37816318106724
EPAS1,-0.175848350210698
EPB41,0.156438041192385
EPB41L1,-0.0981665120994443
EPB41L2,-0.199108883122941
EPB41L3,0.272981666084116
EPB41L4A,-0.347463951059092
EPB41L4B,0.013597680918443
EPB41L5,-0.200182204496282
EPC1,-0.265314188699999
EPHA1,0.0008527461120613
EPHA10,-0.232776542102039
EPHA2,-0.552437480111516
EPHA3,-0.250468283776863
EPHA4,-0.0982837278332029
EPHA5,-0.257649048632063
EPHA7,-0.0910736315791428
EPHA8,0.0733330166136045
EPHB1,-0.0620382933810797
EPHB2,0.104300935053974
EPHB3,-0.223018517102934
EPHB4,0.236844900590289
EPHB6,-0.0341400167842517
EPM2A,0.159858750960645
EPN2,0.414928029618084
EPOR,0.398836666074809
EPS15,-0.0529777720804307
EPSTI1,0.173192606028311
EPYC,0.108472864447979
ERAL1,-0.0237596343034822
ERAS,0.0646708884423284
ERBB2,0.190935683304581
ERBB3,0.0429885133792818
ERBB4,0.123747500346021
ERC1,-0.163660417170847
ERCC1,-0.0266258954454105
ERCC2,0.146589816311676
ERCC3,0.127332343802061
ERCC4,-0.0346986930655855
ERCC5,-0.380500910266067
ERCC6,-0.0242892426445348
ERCC6L,0.239355333072733
ERCC6L2,-0.0420297216271113
ERCC8,-0.181989249460615
EREG,0.382553373326082
ERG,-0.229405044995909
ERI1,-0.176983012977051
ERMAP,0.218366592328208
ERN1,-0.496619312235756
ERP44,0.379635672146187
ERV3-1-ZNF117&ZNF117,0.0788299805090845
ERVFRD-1,0.395266904654155
ESAM,0.340616713726108
ESCO2,0.0234322224286909
ESPN,-0.0882389391291465
ESPNL,-0.178809502087134
ESPNP,-0.373195580532443
ESR1,0.121685360720114
ESR2,-0.005302382453823
ESRP1,0.0989270152395279
ESRRA,-0.213227392614886
ESRRB,-0.0990367286926684
ESRRG,0.0017138653321913
ESX1,-0.218109810306584
ESYT2,0.376587761242738
ETFDH,0.495066680783914
ETNK2,0.0604058227904746
ETS1,-0.504638694470868
ETS2,0.125946202829045
ETV1,-0.0364291216391843
ETV4,0.225709904704804
ETV5,0.0157266186141404
ETV6,0.0228217107050881
EVC,-0.0376179769322363
EVI2A,-0.0691550239337727
EVI2B,0.0932266053141598
EVX1,-0.0105156001483117
EWSR1,0.252843898628353
EXO1,-0.0655496958364166
EXOC2,-0.0577220541973512
EXOC8,-0.0532717252747947
EXT1,-0.193208373751387
EXT2,0.104835266588484
EYA4,-0.101858508948832
EZH1,0.262758932934938
EZH2,-0.167080295503952
EZR,0.46122564815236
F11R,0.23567908780335
F12,-0.255893150508446
F13A1,0.0787575393886172
F13B,0.0644893734000353
F2R,-0.277261067494956
F2RL1,0.206626286408035
F2RL2,0.0729177094493919
F2RL3,-0.119034707490256
FABP1,0.206509210172709
FABP12,-0.0213859248665469
FABP2,-0.0563516061122754
FABP3,-0.399099744255047
FABP4,-0.0517358596057139
FABP5,0.027340146164879
FABP5P3,-0.512161876950009
FABP7,-0.239502525704193
FABP9,-0.138980054404641
FADD,0.233662404555887
FAF2,0.118229319515628
FAM118A,-0.220816805319972
FAM122B,-0.11161756325343
FAM126B&ZYG11B,-0.152991694146971
FAM13A,0.35502156976575
FAM13B,-0.15263488922123
FAM173B,0.0806954886784373
FAM200A,0.244917428366971
FAM201A,-0.247577337214646
FAM20B,0.313101991207193
FAM210B,0.057589749695392
FAM222B,-0.133832973018344
FAM46C,0.106031987959949
FAM58A,-0.112018829599736
FAM69A,0.0879014134931176
FAM69B,0.234675344510951
FAM83H,-0.188200538168688
FAM8A1,-0.0707301556126184
FAM91A1,-0.0852657325968306
FAN1,0.125885956803712
FANCA,-0.0865758123219048
FANCC,-0.059766192833731
FANCD2,-0.0099881398119604
FANCD2P2,0.227015741094502
FANCE,0.0830116776220093
FANCF,0.388353335624148
FANCG,-0.376806639239799
FANCI,-0.212898444222734
FANCL,0.06135541271588
FANCM,-0.411605610689432
FANK1,-0.0124461096612941
FAP,-0.283391311667333
FARP1,0.0968656650325903
FARP2,0.132299341732037
FAS,-0.329403077218464
FASLG,-0.144928399226114
FASN,0.0781014251218324
FASTK,-0.110548576753698
FAT3,-0.137641984324057
FAU,0.485369721569511
FBLN1,-0.319742445685912
FBLN7,0.0472670741316492
FBP1,-0.0880739467528013
FBP2,0.15105799555691
FBXL14,0.188045789072846
FBXL20,0.209449598320866
FBXO10,0.615519741272492
FBXO11,0.105771897192927
FBXO32,0.0812736510268124
FBXO5,1.77828723072607
FBXO7,0.116297034437874
FBXW10,-0.278010847257849
FBXW11,-0.110534375596954
FBXW2,-0.314354735560859
FBXW4,-0.293110137797387
FBXW4P1,0.557395422098908
FBXW5,-0.210727116100751
FBXW7,-0.162139317525541
FBXW8,-0.0066336286988268
FBXW9,-0.0775016655199533
FCAMR,0.173265241169512
FCER1G,-0.0354022487412138
FCGBP,-0.0668422701026832
FCGR2A,0.106949713819895
FCGR2B,-0.0782815124895043
FCGR2C,-0.146848664106804
FCGR3A,0.0795662713837667
FCGR3B,-0.0370851626760722
FCGRT,-0.295084538825222
FCHO1,-0.0920835814541127
FCHO2,-0.394407731844332
FCHSD1,-0.303828826732406
FCHSD2,0.0566665591787577
FCMR,0.0217551298960596
FCN1,0.489426868630135
FCN2,-0.285965395101911
FCN3,0.458338441945573
FCRL4,0.143129300376104
FCRLA,-0.176859742761309
FDXR,0.192376189577709
FEM1A,-0.441498377057004
FEM1B,0.267691825214162
FEM1C,0.0199903509601005
FEN1,0.156923392588485
FER1L6,-0.0532769726365862
FER1L6-AS1,-0.302743670103057
FERD3L,0.0607761011411416
FERMT1,0.116864410332512
FERMT2,0.134898773720723
FERMT3,-0.260685515350131
FES,0.296877147112207
FEV,0.0689391824673919
FFAR1,-0.167464027670173
FFAR2,0.0226885157508993
FFAR3,-0.262314045074026
FFAR4,0.158308087449126
FGD1,-0.27309186671761
FGD2,-0.0371525039880366
FGD3,0.651185543747157
FGD4,0.0168126877317441
FGD5,-0.0682566288447132
FGD6,-0.12919179876671
FGF10,0.114226608076872
FGF14,-0.112832717319426
FGF18,-0.152264378746264
FGF19,0.365020471408079
FGF2,0.239347883935408
FGF3,0.841361161987679
FGF4,-0.0805443419606457
FGF7,0.142096498033696
FGFR1,-0.40462951047582
FGFR1OP,0.495557652664018
FGFR2,0.0488521572109761
FGFR3,-0.0616452161631794
FGFR4,0.039693303691524
FGFRL1,0.0559679071533061
FGL2,0.452878893777557
FGR,0.280815827529334
FH,-0.233934569072217
FHIT,0.291933520329789
FHOD3,-0.239085654328517
FIG4,0.0434606091181956
FIGLA,-0.158133088346511
FIGN,-0.155695714776351
FIGNL1,-0.0923054760015193
FIGNL2,-0.124344639311611
FIP1L1,0.520067604802284
FKBP10,-0.0655550462496087
FKBP11,-0.110938799524531
FKBP14,0.155229039680079
FKBP15,0.180167236512666
FKBP1A,-0.172865463417727
FKBP1AP1,-0.159692816405085
FKBP1B,0.128918284340899
FKBP2,-0.0526147997783657
FKBP3,0.11449595646508
FKBP5,0.154307785721237
FKBP6,0.0063011743123052
FKBP7,0.0988118257866556
FKBP8,0.530407727184213
FKBP9,0.169508288242815
FKBP9P1,-0.109361488049789
FLCN,-0.428837527335728
FLI1,-0.229251714304839
FLII,0.179093022313459
FLJ44635,0.391465596669429
FLNA,-0.273766321659538
FLOT2,-0.022837462676598
FLRT1,-0.187579575289403
FLRT2,-0.128627556509764
FLT1,-0.0688612852081752
FLT3,-0.0700879718400271
FLT4,-0.16272099713476
FLVCR1,-0.0340318279197704
FMN2,0.108770425276391
FMOD,-0.141554354910392
FMR1,0.0794387827958517
FN1,0.415891282623297
FN3K,-0.193734729636173
FN3KRP,0.0550336503883103
FNBP1,0.21919574045464
FNBP1L,0.122952415901569
FNDC3B,-0.101719468591018
FNDC4,0.217844706908343
FNIP1,-0.308190327730509
FNTA,0.465077123860507
FNTB,0.029019314728868
FOLR1,0.137893964346732
FOS,1.0762615670525
FOSB,0.0046609740312036
FOSL1,0.0872983187176813
FOSL2,0.17908152120551
FOXA1,-0.0718544106978501
FOXA2,0.276386416211055
FOXA3,-0.0507699964469204
FOXB1,0.0342521424089649
FOXB2,0.198230310217329
FOXC1,-0.0872532684554961
FOXC2,0.0866159619665449
FOXD1,-0.111596415512744
FOXD2,0.255198324418634
FOXD3,-0.0009617688720523
FOXD4,0.153095778026435
FOXD4L1,-0.176038068601497
FOXD4L3,-0.362046213762476
FOXD4L4,-0.117430993013678
FOXD4L5,0.141454440878422
FOXD4L6,-0.189638576633279
FOXE1,0.0163941573602897
FOXE3,0.0981298550570063
FOXF1,0.664608475698873
FOXF2,0.0690807671767846
FOXG1,-0.26779570950661
FOXH1,0.0925230784178515
FOXI1,0.268496124514305
FOXI2,-0.0485667186814891
FOXI3,0.0099977954555648
FOXJ1,0.0144363243681306
FOXJ2,0.565129541613236
FOXJ3,-0.105815366365184
FOXK1,-0.15715204332733
FOXK2,0.205596650828775
FOXL1,-0.134128810212202
FOXL2,0.566539578207546
FOXM1,0.0627865542106886
FOXN1,0.294046338102159
FOXN2,0.245292759168024
FOXN3,-0.170016469701871
FOXN4,-0.121682377497103
FOXO1,-0.38529279122971
FOXO3,-0.126010013945499
FOXO3B,-0.035201259756551
FOXO4,0.12222995210992
FOXP1,-0.160822281864704
FOXP2,-0.181797433160984
FOXP3,0.344555732662928
FOXP4,0.279120285341356
FOXQ1,-0.14832627751869
FOXR1,-0.180355179057686
FOXR2,-0.0698313129640359
FOXS1,-0.0988951806981984
FPGT-TNNI3K,-0.167420621480243
FPR1,0.10511565815546
FPR2,-0.0284046333678287
FPR3,-0.0271793512308478
FRAS1,-0.0910946445547632
FREM2,-0.325578915644767
FRK,0.0216652069487283
FRMD1,0.254571478066911
FRMD3,-0.0251033441738135
FRMD4A,0.0761518686682154
FRMD4B,0.0433875760126534
FRMD5,-0.371680317268469
FRMD6,-0.0152804222436829
FRMD7,0.459703028811089
FRMD8,-0.0664334919199547
FRMPD1,-0.0807357970265906
FRMPD2&FRMPD2B,-0.143436179143538
FRMPD4,0.218046208193255
FRS2,-0.255444451712333
FRY,-0.148174570370936
FRYL,-0.0042452226509224
FRZB,-0.195336490799943
FSHR,-0.319326267183791
FST,0.314245521047059
FSTL3,-0.0414525045984233
FTH1,0.0392816166378768
FTH1P3,0.248778679526587
FTO,0.0250179120189986
FTSJ3,0.63237058801703
FUBP1,0.418855685080334
FUK,0.20824314991947
FUS,0.199170509156164
FUT11,0.280766409246794
FXR2,-0.126571319081959
FXYD3,0.316994278466002
FXYD5,0.304557943030603
FYCO1,0.111943404534929
FZD1,-0.288274485860359
FZD10,-0.227994147700176
FZD2,-0.408471575804922
FZD3,0.0940587359465007
FZD4,0.0122950923963099
FZD5,0.590935592809046
FZD6,-0.183750342699101
FZD7,-0.233758476420327
FZD9,0.151976577577663
FZR1,-0.0752881729090128
G2E3,0.321777662517979
G3BP1,0.0841882052297894
G3BP2,0.194557523388466
G6PD,-0.214139603152048
GAB1,0.0745255769251704
GAB2,0.11265228207042
GABARAP,0.263737213867054
GABARAPL1,-0.10148345089412
GABARAPL2,0.0431764766765922
GABARAPL3,-0.109000490021581
GABBR1,-0.105938178742862
GABBR2,0.207693802381348
GABPA,0.548094326234026
GABPB1,0.470469083695716
GABRA1,-0.165593210452034
GABRA2,0.18216301392024
GABRA3,0.115895422605765
GABRA4,0.0558422989883073
GABRA5,0.275128591374855
GABRB1,-0.142134010027055
GABRB2,-0.035548096325938
GABRB3,0.0425352649639403
GABRD,0.107907920955242
GABRE,0.072937469386878
GABRG1,-0.281002048462414
GABRG2,0.0823576850450333
GABRG3,0.0737192342471336
GABRP,0.0712331925142694
GABRQ,-0.177627338566006
GABRR1,0.240253503183757
GABRR2,-0.0242136181983425
GABRR3,0.383364841442976
GADD45A,0.0492883927864279
GAGE5&GAGE6,-0.454684952081509
GAK,0.502524920487886
GALK1,0.311722329668695
GALK2,-0.203164286001711
GALR1,-0.317695979606783
GALR2,-0.0745431720983403
GALR3,-0.16631924138601
GAMT,0.0050099784570287
GAN,0.14546751199867
GAPDH,-0.0142153216555312
GAPDHS,0.0744823444149563
GAPVD1,0.375385328499987
GAS6,-0.0830780866116008
GAS6-AS2&LINC00501&MARVELD2&PLPP4&STOX1&KIAA1328,-0.108521438730095
GAS7,0.0843233196909188
GATA1,-0.0755404766717314
GATA2,0.0363587150083892
GATA3,0.237900758889573
GATA4,-0.0429867426690839
GATA5,0.0381634270751317
GATA6,-0.0546635372685413
GATM,0.111821459060149
GBP1,-0.69391868663951
GBP2,0.316183936393003
GBX1,-0.18217457024157
GBX2,-0.465303003583053
GCAT,0.0118154512129604
GCDH,0.137046097151129
GCK,0.0015322186752482
GCLC,0.540508405832848
GCLM,-0.0127915765130911
GCM1,-0.236852301122612
GCSH,-0.133081811050334
GDF15,0.482878825313394
GDPD1&ZYG11A,-0.987116830538102
GDPD3,-0.239534836091618
GEM,0.389985607759054
GEMIN4,0.588844087269748
GEMIN5,0.738160832896713
GEN1,-0.072723283137141
GFI1,0.404506414584084
GFRA1,-0.13436715546482
GGA1,0.421268345888982
GGA2,-0.118107798091071
GGA3,0.0157338394990127
GH1,0.263875757133377
GH2,-0.0174343403599661
GHRH,0.414574130610939
GHRL,0.0274384593290995
GHSR,-0.245213867785722
GINS1,0.287250692182428
GINS2,0.986589564252158
GINS3,0.288923938027949
GINS4,0.760151355530939
GIP,0.221480225678735
GIPC1,-0.0664638685445981
GIT1,-0.0955546140219337
GIT2,-0.175813475385809
GJA1,-0.149640331434539
GJA10,-0.0602953079677305
GJA3,0.14041303813285
GJA4,0.234957765599843
GJA5,-0.0818948942740898
GJA8,-0.170005953011535
GJA9-MYCBP&GJA9,-0.0477444308701909
GJB1,-0.360247013172852
GJB2,0.0267291087770153
GJB3,-0.119314695428177
GJB4,-0.0945279236656278
GJB5,-0.320419996078785
GJB6,0.230356201379649
GJB7,0.0425039616371985
GJC1,0.131534450772835
GJC2,-0.0530953300007474
GJC3,0.355195475525133
GJD2,-0.274328978784521
GJD3,-0.087765467197345
GJD4,0.220826072614827
GKN1,0.101183911242329
GLCE,-0.44870673667944
GLDC,-0.114296454830246
GLDN,0.225162636506101
GLI1,-0.128997911280573
GLI2,-0.336385358586778
GLI3,-0.0087681276891941
GLIS3,-0.211802047377902
GLRA1,0.15386126398886
GLRA2,0.0975543794238613
GLRA3,0.11358142101655
GLRA4,-0.365523815130128
GLRB,-0.172803663237556
GLRX,-0.245959223896287
GLS,0.158307619574432
GLS2,0.124165871930571
GLUD1,0.102238154315471
GLUD1P7,0.171639470468759
GLUD2,-0.284962609852878
GLUL,0.069460325489857
GLYCTK,0.0804727656087872
GLYR1,0.143188285196313
GMCL1,-0.0400243828322983
GMCL1P1,-0.0721436613754197
GMEB1,-0.0310020747398909
GMFG,0.0462415055418698
GMIP,0.0567410199810743
GMNN,0.382918851217424
GMPR2,0.0218646223040382
GMPS,-0.0038198491996325
GNA11,-0.494525376197794
GNA12,-0.24125438025832
GNA13,-0.457362676269207
GNA14,0.284771297215342
GNA15,-0.34023650884132
GNAI1,0.303954171474553
GNAI2,-0.267834364573069
GNAI3,0.0295888459224447
GNAQ,0.202808144445978
GNAS,0.0703043339096675
GNAZ,-0.029686741450115
GNB1,-0.117587665788865
GNB1L,0.0746645604608267
GNB2,-0.314530996842131
GNB3,0.130629717358662
GNB4,0.0075710686364709
GNB5,-0.124559843693814
GNE,-0.130993135864439
GNG10,0.115295141248752
GNG11,0.338738553709661
GNG12,-0.126840398297162
GNG13,-0.197801340968677
GNG2,-0.0025215593102902
GNG3,-0.13842800717697
GNG4,-0.293384558194262
GNG5,-0.348111854478467
GNG7,0.0469464898969622
GNG8,0.0268312810555617
GNGT1,0.0482673634417732
GNGT2,-0.0221420921556561
GNL1,-0.314129602195353
GNL2,0.417751496005752
GNL3,0.539707591153435
GNL3L,0.719950444410619
GNMT,0.577092448612651
GNPNAT1,0.175360805932988
GNRH2,0.225523489263903
GNRHR,0.743032482161402
GOLGA4,-0.0123285958245295
GOLGA5,0.267676504482078
GOPC,-0.237034318881849
GORASP2,-0.0628160456109541
GOT1,-0.174430474106793
GOT1L1,-0.215082155935364
GP1BA,-0.192254478367447
GP1BB,0.150337745105931
GP2,0.393531010887093
GP5,0.281491158858625
GP9,-0.0477530595056387
GPA33,0.0115271261514241
GPAA1,0.206535190039795
GPAT4,-0.172200348388628
GPBAR1,-0.0211747073502834
GPC6,0.0310060954602511
GPER1,0.223175667925852
GPHN,-0.0711855414234572
GPI,0.0150061077428551
GPIHBP1,0.229765830645565
GPN3,0.153393018059222
GPNMB,0.405660799369119
GPR1,-0.493872039449015
GPR101,-0.128396706435348
GPR12,0.129358559085436
GPR132,0.0029674811838166
GPR135,0.246298110881613
GPR139,-0.0198483783890859
GPR141,0.455346795097456
GPR142,0.0809023409515112
GPR143,0.131969320825549
GPR146,-0.032465456819751
GPR148,-0.138345728166322
GPR149,0.055000351874385
GPR15,-0.256158226280589
GPR150,-0.259256574887033
GPR151,0.113840233842486
GPR152,-0.446217750951766
GPR153,0.761226166187826
GPR158,0.100998540306899
GPR160,-0.0708299004350223
GPR161,-0.0753680532442866
GPR162,0.0923925830701216
GPR17,-0.0938184215427192
GPR171,-0.207694015565155
GPR173,0.0896181221994066
GPR174,-0.0432945625555753
GPR176,0.231941913244142
GPR179,-0.103649208644421
GPR18,-0.007492447464958
GPR182,0.285652704676775
GPR183,0.148797262011978
GPR19,-0.363933984999147
GPR20,0.220453763917682
GPR21,-0.141916813087245
GPR22,0.180285669510311
GPR25,-0.0283399124167044
GPR26,0.112411172996939
GPR27,-0.203171423475314
GPR3,-0.141934449277343
GPR31,-0.321513108144924
GPR32,-0.119070054142713
GPR33,0.320904277969177
GPR34,0.282402235856569
GPR35,0.248633412371348
GPR37,0.0551379749835691
GPR37L1,0.0766404651953313
GPR39,0.145884551790146
GPR4,-0.0541513640146699
GPR42,0.216867624393195
GPR45,-0.285360996763966
GPR50,0.0413038936991019
GPR52,-0.230156300773321
GPR55,-0.192307489797864
GPR6,0.245742305380474
GPR61,-0.122322961005845
GPR62,-0.0204836262414193
GPR63,-0.0695871800946661
GPR65,0.0955881150923279
GPR68,-0.0198016180642373
GPR75,-0.482827603153416
GPR78,0.0881668555630317
GPR82,-0.0435346279990569
GPR83,0.128843239720749
GPR84,0.112728543008286
GPR85,-0.164897257600149
GPR87,0.388073875945159
GPR88,0.366227078394064
GPR89B&GPR89A,1.61003093831354
GPRC5A,-0.205389833282163
GPRC5B,0.0477223618587631
GPRC5D,-0.70446822974397
GPRC6A,0.0215869223200278
GPS1,0.756208602420986
GPSM1,0.210796866269346
GPSM2,-0.0871619957243648
GPT,-0.015220743610915
GPT2,0.078345005335576
GPX4,-0.185120244476961
GRAP,-0.201165505535927
GRAP2,-0.230828608346184
GRAPL,-0.237457426426436
GRB10,0.112300950652146
GRB14,-0.0714462833656463
GRB2,0.297816610522743
GRB7,0.206983908690477
GREB1,-0.241642330363506
GRHL1,-0.0691365805492284
GRIA1,-0.0212968932513405
GRIA2,0.0026648236805288
GRIA3,0.0288542324002494
GRIA4,0.141407821968705
GRID1,0.229836769868388
GRID2,-0.115752080892821
GRIK1,0.055356348110837
GRIK2,0.151402163139074
GRIK3,0.0435757916754957
GRIK4,0.270728067567662
GRIK5,-0.0491444811309384
GRIN1,-0.0613520712485376
GRIN2A,0.1619864432295
GRIN2B,-0.128134015678904
GRIN2C,0.026184901551792
GRIN2D,-0.690664874107611
GRIN3A,-0.0247543215549809
GRIN3B,0.179806787129875
GRINA,-0.353698763998255
GRK1,0.241069524779005
GRK2,0.0512245822027863
GRK4,0.296677924373304
GRK5,-0.106365889266731
GRK6,-0.0372778764481212
GRK6P1,-0.188268561543229
GRK7,0.216457250132337
GRM1,0.262585426120894
GRM2,-0.147377148812388
GRM4,0.236914002961607
GRM5,0.451911185260435
GRM6,0.225703095397898
GRM7,-0.183345457947841
GRM8,0.121417658989387
GRPR,0.192363853948563
GRTP1,0.179508632809401
GRWD1,0.0151733251446801
GSC,0.0144849523902939
GSK3A,-0.296751390857623
GSK3B,-0.459269432789046
GSR,-0.165278023114804
GSTA1,0.136253312141961
GSTA2,-0.0705610788106583
GSTA3,-0.245467733431552
GSTA4,-0.249801301389124
GSTA5,0.11065990276352
GSTA7P,0.0423734176065339
GSTM1,-0.215413958744882
GSTM2,0.107382242794485
GSTM2P1,0.0858329143444452
GSTM3,-0.0396808095354853
GSTM4,-0.103687781347631
GSTM5,0.107480104948235
GSTO1,0.0459449278122192
GSTP1,0.147838128513438
GSTT1,-0.277476879943482
GSTT2&GSTT2B,-0.496764399657106
GSTZ1,-0.0266758347214036
GSX2,-0.0673030512667528
GTF2A1,-0.231552484071526
GTF2E1,0.389707890153041
GTF2F1,0.51367781120137
GTF2H1,-0.174710572272264
GTF2H2,-0.354156266980991
GTF2H2B,0.0429317845325638
GTF2H2C&GTF2H2C_2,0.0459903509748701
GTF2H3,-0.0692513478388403
GTF2H4,-0.0636796203488575
GTF2H5,-0.249096029924824
GTF2I,-0.354060847770701
GTF2IP4&GTF2IP1,0.0370413902718884
GTF2IRD1,0.0656296043625726
GTF2IRD2,-0.327044774069604
GTF2IRD2B,0.43772310416367
GTF3A,0.114651318351329
GTF3C1,0.0090998840933879
GTF3C2,-0.0557739773071899
GTF3C3,0.0088811807476328
GTF3C4,-0.192630448898098
GTPBP10,0.251504424774259
GTPBP3,-0.0793143708740775
GTPBP6,0.33863597153236
GTPBP8,-0.442918010698598
GUCA1B,-0.0611170835693292
GUCA1C,0.379436281183024
GUCY2C,0.0173301850955272
GUCY2D,0.318988080706311
GUCY2F,0.217077362341033
GUF1,-0.473991525606222
GUK1,0.413102885391293
GXYLT1,-0.190322385277632
GZF1,0.0329843003061193
GZMB,0.282058680568259
GZMH,-0.105478315702922
H2AFX,-0.243943479337969
H2AFY,-0.182710533956652
H2AFZ,0.0230279233792619
H3F3A,-0.252195915304454
H3F3AP4,-0.107397215821758
H6PD,-0.0159418115305577
HACE1,-0.0126284503892231
HADHA,0.137427393830353
HAL,0.179694053544896
HAND1,0.0565176898806031
HAND2,-0.001210134573526
HAPLN1,0.310901617166264
HAPLN2,-0.0173117613258185
HAPLN3,0.0250923128336799
HAPLN4,-0.29183878639545
HAS2,0.0165357227878584
HASPIN,0.11478816807198
HAT1,0.237721280121932
HAVCR1,-0.13705849589547
HAVCR2,-0.120091611020598
HBA1,0.138053643765227
HBA2,-0.0792615077649465
HBB,-0.257110240244902
HBBP1,0.307689795633235
HBD,0.180179194030996
HBE1,0.267387677829212
HBG1,-0.089936046262485
HBG2,0.140776525541598
HBM,0.28357602858456
HBP1,0.490273423570209
HBQ1,0.0233710156386907
HBZ,-0.230382216222647
HCAR1,-0.04951071330208
HCAR2,-0.0473603446406903
HCAR3,-0.132954406264733
HCFC1,0.74135310461742
HCK,0.0200100994013453
HCLS1,-0.386695673007844
HCN1,0.174279871476664
HCN2,-0.101694639272443
HCN3,-0.432058693215418
HCN4,0.105346042591881
HCRTR1,-0.0241867724538248
HCRTR2,0.235339063957871
HDAC1,0.155155382146495
HDAC10,0.0995156193176704
HDAC11,0.273601930874987
HDAC2,0.0271484989314145
HDAC3,-0.0100699091860887
HDAC4,0.0981876824439622
HDAC5,-0.0545135041382722
HDAC6,0.0933608791437176
HDAC7,0.149169102100273
HDAC8,0.217185379013893
HDAC9,-0.307018314375745
HDGF,0.148553933167743
HDGFL1,-0.212197455232727
HDGFL2,-0.639721402917597
HDGFL3,0.252713614254136
HEATR6,-0.241541312357304
HECTD1,0.0200350699065958
HECTD2,-0.0477631891677995
HECTD3,0.0694131722416162
HECTD4,0.100637074470168
HECW1,0.315099217564536
HECW2,0.182126688905895
HELLS,0.0831412569502957
HELQ,-0.302373852877167
HELT,-0.0418880483258245
HELZ,0.256841705131601
HENMT1,0.0763777346327327
HEPACAM,0.0873087519975606
HEPACAM2,0.210777188158869
HERC1,-0.0910117504006439
HERC2,-0.210224057213446
HERC2P2,-0.161210165416978
HERC2P3,0.243581857354484
HERC3,-0.0191445485929508
HERC4,-0.171203577934472
HERC5,0.0079110270524705
HERC6,-0.089766598232061
HERPUD1,0.0013910088905079
HERPUD2,-0.5967394846238
HES1,0.161642642354031
HES2,0.0585734049236092
HES3,-0.148091356427779
HES4,-0.401750202169407
HES5,0.177234326970545
HES6,-0.401601915155621
HES7,0.405836103713035
HEY1,0.0901010333875854
HEY2,0.447775928244425
HEYL,-0.386552756532877
HFE,-0.106481499963128
HFM1,-0.0534358634197794
HGF,-0.29979168122834
HHAT,0.138820278289474
HHLA2,0.200523855731755
HIC1,-0.0110080893007623
HIC2,-0.39880039320956
HIF1A,-0.17375698355666
HIF1AN,-0.18834926379925
HIF3A,0.242985914579911
HIGD2A,0.354090988878511
HIP1,0.014894776825928
HIPK1,0.230756547266386
HIPK2,0.314131937898416
HIPK3,-0.0138261512846829
HIPK4,-0.133055279168815
HIRA,-0.0184918205834487
HIST1H1A,-0.096867903269464
HIST1H1B,0.0162536618713116
HIST1H1C,0.0643392130232696
HIST1H1D,0.0826937443514418
HIST1H1E,-0.17513564848306
HIST1H1T,-0.0491271895189691
HIST1H2BB,-0.185006618617585
HIST1H2BD,0.173769799138202
HIST1H2BI&HIST2H2BE,-0.124373326934415
HIST1H2BL&HIST1H2BH&HIST1H2BC,-0.691230801376568
HIST1H2BN,-0.839168039504617
HIST1H2BO,1.0006510570214
HIST1H4I,0.296589813319339
HIST3H2BB,-0.0364493449948206
HIST3H3,0.328295996834509
HIVEP2,0.527494949088006
HIVEP3,0.440291946658814
HK1,0.234162430445184
HK2,0.305750065491605
HK3,-0.16048704611253
HKDC1,0.421738333687259
HLA-A,-0.066650483595521
HLA-B,-0.47369434836476
HLA-C,0.242906338624139
HLA-E,-0.149614688515554
HLA-F,-0.219131085988919
HLA-G,-0.186381176232136
HLA-H,0.0327641368488233
HLA-J,0.121602903597002
HLF,0.434614865437199
HLTF,-0.260252628990719
HLX,-0.209234921081486
HM13,-0.0491923411584253
HMG20A,-0.0257433099215837
HMG20B,-0.0996859083462217
HMGA1,-0.257368011708241
HMGA2,0.261132904843931
HMGB1,0.646218837950121
HMGB2,-0.422616401577939
HMGB3,0.0070549502862414
HMGB4,-0.246549514000059
HMGCR,-0.114948167555727
HMGCS2,-0.489630272367067
HMGN1,-0.198828350004946
HMGN2,-0.293233545940576
HMGN2P46,0.052298809770752
HMGN3,-0.369040923997675
HMGN5,-0.227794414662092
HMOX1,0.199881629817477
HMSD,0.1201570330025
HMX1,0.165840293174785
HMX2,0.238517043949348
HMX3,0.0642557423991816
HNF1A,-0.163804082131205
HNF1B,-0.05717638960213
HNF4A,0.207154968129696
HNF4G,0.231869091770779
HNRNPA0,0.0732218787101159
HNRNPA1,0.0786536217845217
HNRNPA1L2,-0.212901037258156
HNRNPA1P10,0.295567122763314
HNRNPA2B1,0.289431603427201
HNRNPA3,0.345817536913435
HNRNPA3P1,-0.283045364694607
HNRNPAB,-0.0900031459215758
HNRNPC,1.35790171124186
HNRNPCL1,0.212124515395001
HNRNPCL2,0.90166257712655
HNRNPCL4&HNRNPCL3,0.199415610199692
HNRNPD,-0.430875837928424
HNRNPDL,-0.0857810689032498
HNRNPF,-0.26524262150253
HNRNPM,0.44587651115178
HNRNPR,0.142189312742966
HNRNPU,0.823963206916992
HNRNPUL1,-0.0240933242515901
HNRNPUL2,0.205796238015385
HNRNPUL2-BSCL2,-0.196737040672274
HOOK3,0.409781774153447
HORMAD1,0.0535865150949889
HOXA1,0.008743593890022
HOXA10,0.0424781113749853
HOXA10-HOXA9,-0.101936193618458
HOXA13,-0.291739405735834
HOXA2,0.0516331119976176
HOXA3,0.49204621374412
HOXA4,-0.35298896510811
HOXA5,0.508668891466625
HOXA6,0.0264169542647068
HOXA7,-0.0755654253310979
HOXA9,-0.0611000005443157
HOXB-AS3,0.0752595867501228
HOXB1,-0.0643295952497323
HOXB13,0.092382475189804
HOXB2,0.206779429210991
HOXB3,0.238350792482629
HOXB4,-0.408181526990864
HOXB5,0.29197358360301
HOXB6,0.813208838722699
HOXB7,-0.0529830721391946
HOXB8,-0.557993591989893
HOXB9,0.278622595863962
HOXC10,-0.124479721953729
HOXC11,-0.0771753249396323
HOXC12,0.188430099823986
HOXC13,0.336449285416387
HOXC4,-0.0213591089434713
HOXC5,0.063340483503021
HOXC6,0.125891877314359
HOXC8,-0.0623812105745969
HOXC9,0.268618272748864
HOXD1,0.0692842031591196
HOXD10,-0.457737139545049
HOXD11,0.149577709872223
HOXD12,-0.0736595411347867
HOXD13,0.260105359416451
HOXD3,0.18975678211123
HOXD4,-0.172595267102524
HOXD8,-0.508487009897984
HOXD9,0.187532561586354
HPCA,-0.166579534818637
HPCAL4,0.20134775895234
HPD,0.435538048164278
HPGD,0.356552391395498
HPGDS,0.0858353592024835
HPN,0.504561466186609
HPRT1,0.1306188180524
HPSE,-0.0155746691582993
HR,0.0308311189573888
HRAS,0.408480525299235
HRASLS,-0.149468874450532
HRH1,-0.19124342238738
HRH2,0.152166975439671
HRH3,0.10562739019901
HRH4,0.194570652045595
HS3ST1,-0.0446237751438972
HS3ST2,0.417338849518794
HS3ST3A1,-0.451796546145078
HS3ST3B1,0.0403067432560014
HS3ST4,0.543098101620992
HS3ST5,-0.163437115775108
HS3ST6,0.203683105281897
HSD11B1,-0.198727870063914
HSD11B1L,-0.00513318580729
HSD11B2,-0.3427843209535
HSD17B1,-0.376481461065058
HSD17B10,0.196572854026368
HSD17B11,0.0613497684531221
HSD17B12,-0.0033372890497916
HSD17B13,0.0333076110861347
HSD17B14,0.87722185141545
HSD17B2,0.161381894574237
HSD17B3,-0.147055099329523
HSD17B4,0.239340299577383
HSD17B6,0.0564783951413897
HSD17B7,-0.107556416928101
HSD17B7P2,-0.164609354767356
HSD17B8,0.118546722848561
HSDL1,0.0572948324861124
HSF1,-0.225113511945547
HSF2,0.162924249322947
HSF4,0.295299091391057
HSH2D,-0.170979507110159
HSP90AA1,0.101195290915259
HSP90AB1,0.175892110488248
HSP90B1,0.246506538456402
HSP90B2P,-0.627157798208366
HSPA1A,0.250796369385296
HSPA1B,-0.0235070318100663
HSPA8,-0.011605794549281
HSPB1,0.0606195716180116
HSPB8,0.129016512086874
HSPBAP1,-0.216912839003697
HSPD1,1.60682634665015
HSPE1,1.88426035968936
HSPE1-MOB4,0.246219854412902
HTATSF1,0.580899916467653
HTD2&RPP14,0.485009361672228
HTR1A,0.149043962165601
HTR1B,0.206597127491214
HTR1D,-0.446538581574033
HTR1E,0.334317299593008
HTR1F,0.0342654400607988
HTR2A,-0.0899234251885483
HTR2B,0.16919704396263
HTR2C,-0.0119350543590334
HTR3A,0.159895303273638
HTR3B,-0.298865406348916
HTR3C,0.178584068130395
HTR3D,-0.168627735513798
HTR3E,-0.175981688288642
HTR4,-0.109521270025164
HTR5A,-0.0764290148349345
HTR6,-0.0559199612517384
HTR7,0.168460654525707
HUNK,-0.0683075399723587
HUS1,0.622359205457485
HUWE1,-0.096166421150387
IBTK,-0.216412003248816
ICK,0.388422853297689
ICMT,-0.22115046880388
ICOSLG,-0.0039765616816953
ID1,0.0396462583359171
ID2,0.436187114786182
ID3,0.280137730741946
ID4,0.337009099316351
IDH1,0.17474344903518
IDH2,-0.19419404720022
IDH3A,0.0348455666707067
IDH3B,0.0711726523039706
IDH3G,-0.426282234690033
IDI1,0.0915240992192633
IDI2,0.148655784944126
IER3,0.191243383362714
IFIH1,-0.233581645768353
IFNA1,0.014416714031879
IFNA13,0.174383642614696
IFNGR2,-0.0441611097165025
IFT122,-0.29849601197338
IFT140,-0.0842996497222759
IFT172,0.0455611962880866
IFT22,-0.125471825963041
IFT27,0.0522243116751249
IFT80,-0.389430592371774
IGF1,-0.0051947844231817
IGF1R,-0.0666923015746689
IGF2BP1,-0.12132497436972
IGF2BP2,0.108181374813919
IGF2BP3,-0.139555453580834
IGFALS,0.0511608499135159
IGLON5,-0.030805581107429
IGSF1,0.131179417541406
IGSF11,0.0078078285888159
IGSF21,0.188716853817111
IGSF3,0.110232812501346
IGSF6,0.24563726880829
IGSF8,-0.419884135987871
IGSF9,0.322376592983552
IGSF9B,0.0225394815566344
IHH,0.0008904817078816
IK,0.479207590458315
IKBKB,-0.005232094558404
IKBKE,0.441173261130688
IKBKG,-0.0250199409713048
IKZF1,-0.128181953082114
IKZF2,-0.0145847066844587
IKZF3,0.0384587166048375
IKZF4,-0.117142586839317
IL10,-0.120510512286368
IL10RA,0.0123337144869312
IL17RA,0.063068526062059
IL17REL,0.0886358297283727
IL18R1,0.290164644486834
IL18RAP,0.0563123012029048
IL1B,-0.242005883109502
IL1R2,-0.0668061798358707
IL1RAP,-0.151506749633184
IL1RAPL1,0.140935246565833
IL1RAPL2,0.185532026333233
IL1RL1,-0.0220009355555098
IL1RL2,0.492905867317385
IL2,0.207526455350816
IL20RA,0.09119469734066
IL2RA,-0.356602605041652
IL2RB,0.239244602007584
IL36RN,0.359796480395051
IL6,0.18829333445957
IL6R,0.285035881635219
IL6ST,0.0204773940623122
IL7R,0.0334865260560751
ILDR1,0.318451905945091
ILF2,0.492614017270918
ILF3,0.223628225491183
ILK,0.347442984794285
IMPACT,0.161074438695586
IMPDH1,0.255530630920657
IMPDH2,-0.0325989659299412
INA,-0.0052512065467355
INCENP,1.10957989126104
ING1,-0.242332871502386
ING2,0.17713498830196
ING3,-0.0333254702383432
ING4,-0.0248948267324696
ING5,-0.184437735649128
INO80,0.216448480029922
INO80B,0.119893968604479
INO80B-WBP1,-0.376148650645317
INO80C,-0.219229057848733
INO80D,-0.0801786536258846
INO80E,0.19222748715365
INPP4A,-0.17808522896965
INPP4B,-0.0060034855371168
INPP5A,0.211007021994653
INPP5B,-0.0191670266111463
INPP5D,-0.178587947941358
INPP5E,0.188335535118941
INPP5F,-0.0741926929756568
INPP5J,0.0621773748443973
INPP5K,-0.178553911209905
INPPL1,-0.126893671216601
INSL4,-0.334966350278198
INSR,0.0196339627370983
INSRR,-0.0082362806752224
INTS12,-0.163117685226965
INTS4,1.45968290603332
IP6K2,-0.314304725020591
IPO11-LRRC70,-0.25168035605936
IPP,-0.231438578410306
IQCA1,0.138029655132812
IQCG,-0.103562266263283
IQGAP1,-0.0655168250753852
IQGAP2,-0.12744919678732
IQGAP3,0.14818771009375
IQSEC3,0.0444115404687396
IQUB,-0.225457503019565
IRAK1,-0.121071112089686
IRAK1BP1,-0.189540904140319
IRAK2,0.114374265997739
IRAK3,0.145119772672312
IRAK4,-0.224889035603428
IREB2,0.148252158981957
IRF1,0.0829826239513063
IRF2,-0.0524369251459756
IRF3,-0.0839801371173777
IRF4,-0.0448143938838444
IRF5,-0.0283708625965857
IRF6,-0.198797413048019
IRF7,-0.154772237951247
IRF8,-0.444540183196656
IRF9,0.505414266206167
IRS1,0.145758291404127
IRS2,-0.24237354670455
IRS4,-0.0170096870623185
IRX1,-0.136017697488798
IRX2,0.0695455599405404
IRX3,0.0262972423603011
IRX4,-0.203516915506475
IRX6,0.135715906800492
ISG15,0.0817650227894778
ISG20,-0.0532687565162233
ISL1,-0.293765105892259
ISL2,0.132252906655266
ISY1-RAB43,-0.410300032974103
ITCH,0.232784078042605
ITGA1,0.333482925618142
ITGA10,-0.036903605305642
ITGA11,-0.26685744371343
ITGA2,0.0619159361406574
ITGA2B,0.209251006045623
ITGA3,-0.179652962254092
ITGA4,0.271250396458786
ITGA5,0.466445013510318
ITGA6,0.430304074634536
ITGA7,-0.0097222943911465
ITGA8,0.157583145725262
ITGA9,0.253657684440833
ITGAD,0.839266643687022
ITGAE,-0.0402849380634163
ITGAL,-0.296314648882906
ITGAV,0.0217213227270398
ITGAX,-0.0364427888393451
ITGB1,-0.146945792813129
ITGB2,0.13352751882884
ITGB3,-0.232446612409764
ITGB4,-0.301071473389754
ITGB5,0.236462180433694
ITGB6,0.297026895555486
ITGB7,-0.429390272191827
ITGB8,0.0602026217219319
ITIH2,-0.142960784419598
ITIH3,0.054779919096193
ITIH4,-0.42955911608851
ITIH5,0.191474369381919
ITK,0.013917931706456
ITLN1,0.379506427609829
ITM2C,-0.653257274365785
ITPK1,-0.17670080008606
ITPKB,-0.0664747993865376
ITPKC,0.691525719384335
ITSN1,-0.013755926607227
ITSN2,0.133200306332294
IVD,0.122601967825153
IVL,-0.0868861352717485
IVNS1ABP,-0.0639797854150861
JADE1,0.152063558222263
JADE2,-0.11516699249798
JADE3,0.226544581044977
JAG1,0.571311288064632
JAK1,0.200970691545887
JAK2,0.144940020020736
JAK3,0.319072830331546
JAM2,-0.296056466007398
JAM3,-0.127366921173574
JAML,-0.317763874058905
JARID2,0.251789084559983
JAZF1,-0.0195433506853376
JMJD1C,-0.0870112004367818
JMJD4,-0.134405291258585
JMJD6,0.128839714692687
JMJD7,-0.12374278396062
JMJD7-PLA2G4B,0.328964957694855
JMJD8,0.24763854789943
JPH2,0.319575211611428
JPH4,0.0592790125536765
JUN,-0.282651203379591
JUNB,0.101928067103601
JUND,-0.588163604598859
JUP,0.0965479608818523
KALRN,0.0113949048026371
KANK1,0.0800003955267988
KANK2,0.0671128241703523
KANK3,0.0216821973021951
KANSL1,0.298400630603272
KANSL3,0.31055354363603
KAT14,0.159450662072596
KAT2A,-0.0252795774081179
KAT2B,0.0438122618593281
KAT5,-0.0771549682487438
KAT6A,-0.0150982101354081
KAT6B,0.193321693192384
KAT8,0.385560149954459
KATNA1,0.245951894602293
KATNAL1,0.0265104713920376
KATNAL2,0.165722887896395
KATNB1,-0.0429190532334137
KBTBD11,-0.0660777854846153
KBTBD12,-0.300281373345492
KBTBD13,-0.171372472845179
KBTBD2,-0.124862479402882
KBTBD3,0.044657537529337
KBTBD4,0.0473018052568537
KBTBD6,-0.432514743262434
KBTBD7,0.0935411144950684
KBTBD8,0.156103014861694
KCNA1,0.0647956781568729
KCNA10,0.296446282883673
KCNA2,0.622319334930121
KCNA3,0.0744182593409883
KCNA4,0.404853166967573
KCNA5,-0.0290679184745669
KCNA6,-0.235043407889187
KCNAB1,-0.105864503716037
KCNAB2,0.368462434786434
KCNAB3,-0.0900926362185904
KCNB1,-0.180256531930247
KCNB2,0.136828875642348
KCNC1,-0.0794385098007601
KCNC2,0.106749345294715
KCNC3,-0.285087892996414
KCNC4,0.0038023377859469
KCND1,-0.158577085122534
KCND2,0.172237080811572
KCND3,-0.210364480812262
KCNE1B&KCNE1,0.0783949742306776
KCNE2,-0.506632121874443
KCNE3,0.0803406782554962
KCNE4,0.030339340870854
KCNF1,0.326656747418311
KCNG1,0.237173050606027
KCNG2,-0.0976442997461518
KCNG3,-0.159102959014581
KCNG4,-0.124071816571388
KCNH1,0.139610975894982
KCNH2,-0.212242038007895
KCNH3,-0.0017433931780728
KCNH4,0.0296931532960185
KCNH5,0.108287199362658
KCNH6,-0.0635342079186044
KCNH7,-0.362752015907354
KCNH8,-0.170471004383375
KCNIP3,0.0102973683091429
KCNIP4,0.0076637169545364
KCNJ1,0.471700061579679
KCNJ10,0.0747650865610805
KCNJ11,-0.139608625055134
KCNJ12,0.178138333456294
KCNJ13,-0.0491958749295035
KCNJ14,-0.420201188346081
KCNJ15,0.150462461398234
KCNJ16,0.0230549098981354
KCNJ18,-0.566439588745133
KCNJ2,-0.0822943658736401
KCNJ4,-0.0963719335698057
KCNJ5,0.143469552313795
KCNJ6,0.273435038402099
KCNJ8,0.503220929870238
KCNJ9,-0.0255682915544469
KCNK1,-0.0296067690253097
KCNK10,0.110942801015378
KCNK12,0.271257201700709
KCNK13,-0.0847352876989356
KCNK15,-0.117015395656784
KCNK16,-0.065485041310713
KCNK17,-0.12981141463953
KCNK18,-0.0136198073576624
KCNK3,-0.217063906230026
KCNK4-TEX40&KCNK4,-0.0041467122005623
KCNK5,-0.0815894861117056
KCNK6,-0.398471904840263
KCNK7,-0.260425704370434
KCNK9,-0.0975863322562649
KCNMA1,-0.452939498958846
KCNMB1,-0.0715933241851859
KCNMB2,-0.148724634287805
KCNMB3,-0.0356761983696791
KCNN1,0.408878040161296
KCNN2,0.0792870932189143
KCNN3,0.262570895626853
KCNN4,-0.386147226882812
KCNQ1,0.201436632485114
KCNQ2,-0.0835499695701215
KCNQ3,0.058917806471768
KCNQ4,0.0130405584279334
KCNQ5,0.164001346712871
KCNRG,-0.274520966802617
KCNS1,0.105754578115794
KCNS2,-0.129205497373167
KCNS3,-0.570542237530902
KCNT1,0.0614843015386584
KCNT2,0.775235508457863
KCNV1,0.404013495270638
KCNV2,-0.0790923915922459
KCP,0.240805471682039
KCTD1,0.0026405254350379
KCTD10,0.235580931815967
KCTD11,-0.8268329569029
KCTD12,-0.0018224884389967
KCTD13,0.289528287317595
KCTD14,0.259922299190676
KCTD15,-0.0189003172337596
KCTD16,-0.342463761065395
KCTD17,-0.288446820000519
KCTD18,-0.0318834534392273
KCTD19,0.261038597385972
KCTD2,0.265769944686592
KCTD20,0.357286368362717
KCTD21,-0.072350700797825
KCTD3,-0.118202436935568
KCTD4,0.0656532743398886
KCTD5,-0.0821780623196769
KCTD6,0.242389312024591
KCTD7,0.13510831159194
KCTD8,-0.0886075535038868
KCTD9,-0.381905568665404
KDM1A,0.13947485287855
KDM1B,-0.254794837882918
KDM2A,0.0895755284592419
KDM2B,0.0769626823145991
KDM3B,-0.0130292761007203
KDM4A,0.132191884288825
KDM4B,-0.13794093697914
KDM4C,-0.083143757600469
KDM4D,-0.21529657970047
KDM4E,-0.172443983146053
KDM5A,-0.0254737695642561
KDM5B,0.329972243147359
KDM5C,0.0768508898458895
KDM5D,0.114791810767697
KDM6A,-0.366152311478053
KDM6B,0.0425534276952177
KDM7A,-0.204434068145243
KDM8,0.0631808853144542
KDR,0.0440559415610294
KDSR,0.165864199767986
KEAP1,-0.5925368600663
KERA,-0.0313867850011343
KHK,-0.108353119330761
KHSRP,0.0681993295806122
KIAA1324,-0.0421867898592161
KIAA1549,0.908356693634618
KIAA1549L,0.021880705304097
KIAA2026,0.0349175669110244
KIDINS220,0.118472133819725
KIF11,0.691938918293603
KIF12,-0.0240204149924083
KIF13A,-0.335355425951158
KIF13B,-0.0393562211411035
KIF14,0.432505967373827
KIF15,0.162785659708119
KIF16B,-0.217391856980647
KIF17,0.0212803327578406
KIF18A,0.363684146890981
KIF18B,0.617090940149003
KIF19,0.114585600429488
KIF1A,0.0641324658220603
KIF1B,-0.102449812625362
KIF1C,0.18797963354831
KIF20A,0.172899534882405
KIF20B,0.169492412444863
KIF21A,-0.301662736912074
KIF21B,-0.0605057807804239
KIF22,-0.0431984956739566
KIF23,0.847170829467049
KIF24,0.0736123304360861
KIF25,-0.0185003008265106
KIF26A,-0.231264784494787
KIF26B,-0.0027230261422556
KIF27,0.199681248666727
KIF2A,0.239887483192028
KIF2B,-0.140965209055193
KIF2C,-0.0751844393087279
KIF3A,-0.225667968088065
KIF3B,-0.0813759654861511
KIF3C,-0.0321998956098786
KIF4A,-0.202934945490788
KIF4B,0.255973083995652
KIF5A,0.407987182360497
KIF5B,-0.135517651065838
KIF5C,-0.551245427189485
KIF6,0.140152568645097
KIF7,-0.0059879093969706
KIF9,0.0138360029612444
KIFC1,0.325092670624682
KIFC2,-0.0006880018056185
KIFC3,-0.224509478121584
KIR2DS2&LOC105379650&KIR2DL1,-0.0571999494864663
KIR3DL2,-0.0444208555312567
KIR3DL3,-0.0808666738971048
KIRREL1,0.106626486996492
KIRREL2,0.259188462832422
KIRREL3,0.0274911057627629
KISS1,0.153576684055675
KISS1R,-0.0729319706027982
KIT,0.0560957502786521
KL,0.0203705980091586
KLB,-0.287941238052195
KLC1,0.264074537900886
KLC2,-0.0571493220297822
KLC3,0.0407307816913936
KLC4,-0.254781091703086
KLF1,-0.10459377259044
KLF10,-0.070191738922842
KLF11,-0.175392120133035
KLF12,0.847538196541599
KLF13,0.0207379115845935
KLF15,-0.126303182079558
KLF16,0.0638474979054974
KLF2,0.423232851731581
KLF3,0.0843327178158422
KLF4,0.065105380364945
KLF5,-0.115778013421161
KLF6,-0.445313728468912
KLF7,-0.0962954159251867
KLF8,0.275348782947097
KLF9,0.128323794563722
KLHL1,0.3006920546585
KLHL10,-0.0583347943063179
KLHL11,0.236772538792485
KLHL12,-0.280332667072211
KLHL13,-0.0693116220812716
KLHL14,0.0371583374298637
KLHL15,0.156156328433707
KLHL17,0.185354090667687
KLHL18,0.175891364072066
KLHL2,0.357538885435175
KLHL20,-0.178067569211925
KLHL21,-0.0542774133157244
KLHL22,-0.0130528312146369
KLHL24,0.138807531374962
KLHL25,0.308096125825182
KLHL26,-0.513039459788649
KLHL28,-0.0424150083291778
KLHL29,-0.352446938405016
KLHL3,0.0043649965431305
KLHL30,0.172070898171071
KLHL31,0.0985058110600384
KLHL32,-0.32032563832996
KLHL34,0.0513259704074866
KLHL35,0.0628585679879127
KLHL36,-0.188377457147201
KLHL38,0.0962404362055227
KLHL4,0.126330627021592
KLHL40,-0.0543900952116785
KLHL41,0.011323394136087
KLHL5,-0.129972344847471
KLHL6,-0.206661276611062
KLHL7,0.0677417566780633
KLHL8,0.100029550363943
KLHL9,0.0137884676596728
KLK1,0.556395982148438
KLK10,0.0317360104759948
KLK2,0.0728871825960636
KLRA1P,-0.254020774711031
KLRG2,0.0579771503607137
KMT2A,-0.184068817607216
KMT2B,0.57268296300318
KMT2C,-0.402521902464263
KMT2D,-0.301973544736828
KMT2E,-0.0108422478976489
KMT5A,0.481849799971575
KMT5B,-0.0390624280071452
KMT5C,0.468358724591484
KNDC1,-0.417897131995945
KNL1,0.746279323089771
KPNA1,-0.273004793186644
KPNA2,-0.0915425647530183
KPNA3,0.423916661891986
KPNA4,0.164274756826245
KPNA5,0.224816417284356
KPNA6,-0.466891185261266
KPNA7,0.0149621601647879
KPNB1,0.641736290063367
KRAS,0.338367691331691
KRIT1,0.157536600850768
KRT1,0.743334317012706
KRT18,-0.201880619905883
KRT73&KRT3,-0.512485050739193
KRT85,-0.046531990568308
KRTAP5-4&KRTAP5-7,-0.142854048197747
KRTAP5-5,-0.295809294851487
KSR1,-0.158012458811186
KSR2,0.201012969275218
KTN1,-0.115213728982072
KYAT1,0.491832771979656
KYAT3,-0.0339711151704282
L1CAM,0.332207506579881
L3MBTL1,0.0028549941797101
L3MBTL2,0.070362720533923
L3MBTL3,0.0394728667145633
L3MBTL4,0.173875234476633
LAIR1,-0.0260128444446087
LAMA3,0.0730619346422637
LAMA5,0.0650869302799879
LAMP1,-0.0901293592978348
LAMP2,-0.0130338368175391
LAMP3,-0.0676856263349214
LAMP5,0.0156906558673429
LANCL2,0.228917132585635
LARP4B,0.257411852056916
LARP7,0.210621959429236
LASP1,-0.257020741764808
LATS1,-0.321914622931104
LATS2,0.143530220088059
LAX1,0.215825132502151
LBR,0.327815353908778
LBX1,0.119657681376134
LCK,-0.0975994147878005
LCN1,0.278967614679949
LCN12,0.0745633327848602
LCN15,0.0545320547982013
LCN2,-0.376729183236799
LCN6,0.0025108513033635
LCN8,0.254349704663975
LCN9,-0.143507977249665
LCNL1,0.142867535085008
LCP1,0.0122905808286923
LCP2,0.38132263632961
LDB3,-0.344941774655473
LDHA,0.45752602127222
LDHAL6A,0.451292156829276
LDHAL6B,0.11048174118195
LDHB,0.363403588140603
LDHC,0.258647022340463
LDLR,0.115853190520898
LDLRAD3,0.469052228642891
LDLRAD4,-0.220649046772149
LEF1,-0.193452301450087
LEFTY1,-0.0825137935257713
LEFTY2,0.313905762985806
LEO1,-0.0699755889216018
LEP,-0.126423602871615
LETM1,0.278844700553198
LETM2,-0.210790473798245
LGALS1,-0.305171779013115
LGALS12,0.231207859830557
LGALS13,-0.238692795318776
LGALS14,0.133498224527322
LGALS16,0.241484359026554
LGALS2,-0.0591806867757522
LGALS3,0.0628659281244625
LGALS4,0.572181618854528
LGALS7&LGALS7B,-0.148128227524047
LGALS8,-0.181290105819107
LGALS9,-0.184294614975058
LGALS9B,0.0615936967334233
LGALS9C,0.0269196323965468
LGALSL,-0.100582182505222
LGR4,-0.122554480909911
LGR5,0.0642760782482026
LGR6,0.195482740831552
LGSN,0.187017607505344
LHCGR,0.0931239367191166
LHFPL6,-0.0526214859145913
LHX1,0.29647484251093
LHX2,-0.0019608416336925
LHX3,0.185617823466529
LHX4,-7.3978438091915e-05
LHX5,0.300066541828522
LHX6,-0.531090627976369
LHX8,-0.0369655446986092
LHX9,0.0131898738356787
LIAS&ADAT1,-0.365345903639712
LIF,0.457912806454988
LIFR,-0.128637223006197
LIG1,0.20773698041143
LIG3,-0.233671878024374
LIG4,0.167714772509795
LILRA4,0.0741589792998006
LILRA6,0.0635491524524847
LILRB5,0.213732714405494
LILRP2,-0.247639076498547
LIMCH1,-0.0502322278889083
LIME1,-0.502470518290697
LIMK1,-0.017160178736644
LIMK2,-0.179500037904196
LIMS1,0.571755169295123
LIMS3-LOC440895&LIMS4&LIMS3,-0.692954587937669
LIN7A,0.262959160544541
LIN7B,0.0074414934766767
LIN7C,0.32501758915155
LINC00092&SMIM12,-0.51479767294341
LINC00869,-0.222649038634692
LINC00881&LOC105373218,-0.0786319613188626
LINC01116,0.208343229573136
LINC01160&LOC105379331&LOC107984772&FAM71F2,0.884257850571472
LINC01361&LOC105369547&LOC105377362,0.0700016694232348
LINC01425&LOC105379039&WHAMM&MPI&C17orf75,-0.399923035408041
LINC01567,0.0685583096626432
LINC02336&LOC105374114&HCG18,-0.109087225518041
LINGO1,-0.220955927041382
LINGO2,-0.0034184742307801
LINGO3,-0.333213931676782
LLGL1,0.0493075511406938
LLGL2,-0.1975115435788
LMAN2,-0.231354405112591
LMBR1,0.185624022140812
LMBR1L,0.245683013195672
LMLN,0.191314228321932
LMNA,0.186685255913587
LMNB2,-0.423564380344794
LMO1,-0.100461326538678
LMO2,-0.109709173309095
LMO4,-0.212104723715299
LMO7,0.228506872769498
LMTK2,-0.272159930681528
LMTK3,0.101154607765758
LMX1A,0.419808970082143
LMX1B,-0.129818174690378
LOC100129055,-0.0011058231700416
LOC100130331,0.209063448643961
LOC100287072,0.219584410420155
LOC100288778,0.132520913284225
LOC100288966&POTED,-0.0611499405699871
LOC100289561,-0.0383543091871974
LOC100505534,0.0274768036156267
LOC100630923,-0.0388718388127306
LOC100996413&LOC101060580,0.282322495823297
LOC100996709&LOC107984156,-0.109287422651626
LOC100996724,0.273482918247215
LOC100996792,-0.449060521112995
LOC101060524&DRD5P2,-0.437119063055828
LOC101926969,0.0606872693655124
LOC101927562,0.152707683289201
LOC101928058&LOC102724624&LOC388436&CENPH&LOC79999,0.15084474989252
LOC101928489&FAM168B&KIAA1456,-0.186144250706342
LOC101928635,-0.480240099982839
LOC101928704&LOC105377224&SLC26A2&TRAPPC10&DISP1,-0.565156693681291
LOC101929141,0.0324019211916651
LOC101929380&LINC02547,0.134917556498033
LOC101929418&LOC105371345&UBXN7&PPCDC,-0.529432541649207
LOC101929748,-0.28561666980997
LOC101929775,-0.342394917951403
LOC101929829&CYP2D6,0.238242564851282
LOC101929950,-0.492846843024067
LOC101929970,0.0013048783417101
LOC101930006,-0.0768097098418058
LOC101930123&EEF2K,0.299333356421018
LOC101930665,-0.170443464680261
LOC102723414&LOC102723608&LOC102723819&LOC102723933&LOC105371747&LOC105379635,0.0966290319069614
LOC102723478&CXADRP2,-0.108162837462844
LOC102723502&POTEB3,-0.124612308486363
LOC102723728,0.0301895208393791
LOC102723897,0.658709169630652
LOC102723996,-0.208795266376883
LOC102724159,0.204027196593136
LOC102724184,-0.307082598558848
LOC102724229,-0.211670705866011
LOC102724334,-0.208620415881275
LOC102724428,-0.034502825863403
LOC102724562,0.0058871891292587
LOC102724642,-0.738468674171259
LOC102724751&LOC107985589&BCRP2,-0.318831297334178
LOC102724788,-0.311002229470164
LOC102724865,0.430309039133696
LOC102725034&LOC107987441&LOC107987446&LOC107987451&LOC107987456,0.306389499981235
LOC102725035,0.119939940290514
LOC102725070,-0.0800240111180126
LOC102725117,0.177463177963535
LOC103021295,0.0042001370829794
LOC105369236&SLX1A&SLX1B,-0.0614498494057606
LOC105369239,-0.0276094979770704
LOC105369243&SULT1A4&SULT1A3,0.526414560651239
LOC105369244,-0.316920250861778
LOC105369247&QPRT,-0.0980529381235996
LOC105369252,0.071632137217814
LOC105369254,0.0646592696513424
LOC105369273,-0.162408237670182
LOC105370109&LOC105377167,-0.0332645741134011
LOC105370892&LOC105374686&LOC107985088&RNF219&KIAA0753,-0.108097862913986
LOC105370978&LOC107987005,-0.158402952767109
LOC105371115&CAPN9&C16orf87,-0.0986813885723148
LOC105371137,-0.0524576646417752
LOC105371175&LOC105371206&LOC105371216&LOC107987365,0.681888950612347
LOC105371814,-0.173887846469266
LOC105373388,-0.0323698296395419
LOC105373485&LOC105375855,0.126999232902986
LOC105374925,-0.0125639007557974
LOC105375118&SLX4IP&ZNF451&LITAF,0.224287295782656
LOC105375262,0.0540278833387578
LOC105375607&LOC105376845&IL1R1,0.0268744699152876
LOC105375975&LOC105379829,-0.155508102088016
LOC105376114,0.003189100593428
LOC105376268&WIPF2,-0.403657989699185
LOC105376361,-0.498032341854164
LOC105376601&LOC105377814,0.100233914076226
LOC105376839,-0.0976219150935394
LOC105378260&BAGE2,-0.176133723879429
LOC105378669&DNAJC18&RIPOR2,0.265368989746256
LOC105379426,-0.17519576196868
LOC105379511,0.475982030949339
LOC105379562,-0.0457655219519088
LOC105379861&NPY4R,-0.373026156933437
LOC107984021,0.0636275642720765
LOC107984026,-0.335920124556547
LOC107984055,0.480762509672572
LOC107984056,0.0740652367792241
LOC107984058,-0.144310825724161
LOC107984065,-0.139672627699036
LOC107984099,-0.462006705932495
LOC107984289,0.883156665298277
LOC107984838,-0.249549148988702
LOC107985117,-0.112583360659826
LOC107985636,-0.499509884757273
LOC107986383,-0.0598174433806166
LOC107986460&ZNF841&IL5&GRAMD1B,-0.541864242433641
LOC107986705&INTS4P1,-0.249717617697089
LOC107986988,0.284329319180713
LOC107987163,-0.243640566156195
LOC107987188,-0.394078447336975
LOC107987373&MRPL23,0.324913803152286
LOC107987423,0.0335128317153213
LOC107987425&LILRB3,-0.19714252157732
LOC107987462,-0.164815634919804
LOC107987478&LOC107987479,-0.02292807423749
LOC107987524&IDS&RPE,-0.693179960206698
LOC107987587&PGM5P2,0.365516238812771
LOC110117498-PIK3R3,0.0355026096322507
LOC220729,0.200553162360262
LOC284578&THEMIS&LOC400706,0.0362889035180405
LOC285074,-0.346681924414276
LOC341056,-0.0105053387634053
LOC389765,-0.101056994005409
LOC392232,-0.0884905315201603
LOC400927-CSNK1E&CSNK1E,0.116250824772722
LOC401127,0.326804033962149
LOC407835,-0.494133151856252
LOC440040,-0.640060595295275
LOC440311,-0.339697865568816
LOC440434,0.0047460724247391
LOC554223,0.198731395077081
LOC606724,0.583891637313661
LOC641367,-0.650124009544124
LOC641746,-0.314502150110532
LOC642852,0.123228781542813
LOC643387,-0.0817294948090248
LOC644936,0.319330190778762
LOC646214,0.0087995815369833
LOC647859,0.525335441943249
LOC653513,-0.285384496711062
LOC728554,0.483640853848011
LOC729080,0.68736455933527
LOC729603,-0.892685621372147
LOC730268,0.254780928560501
LONP1,0.680241799393416
LONP2,0.208343936699608
LOX,-0.239461217006117
LOXL2,-0.199013321464751
LPAR1,0.114616793818604
LPAR2,-0.151612336638756
LPAR3,0.140655834894556
LPAR4,0.0791642537858181
LPAR5,0.0990882226173827
LPAR6,-0.0802701151673413
LPP,0.166512170741574
LRCH3,0.169424196379631
LRCH4,-0.250234278324678
LRFN1,0.167712367124644
LRFN2,-0.162320401334172
LRFN3,-0.225169968635561
LRFN4,-0.0873167601804556
LRG1,0.155694140169576
LRIG2,-0.0086072317373617
LRIG3,0.164642647839472
LRIT2,0.12111908764213
LRIT3,-0.0924561255697112
LRP1,0.241182439292127
LRP10,-0.0125431739507497
LRP11,0.108738281651667
LRP1B,-0.184259635630154
LRP2,-0.178145855168946
LRP4,0.354198438836187
LRP5,-0.192635889537624
LRP5L,0.382593895898097
LRP6,0.172272157483235
LRP8,0.0224742519087444
LRPPRC,0.584932446339472
LRR1,0.0836340488567811
LRRC1,0.171079796075048
LRRC10,0.0148758078060685
LRRC15,0.166398660852272
LRRC18,0.151910941402213
LRRC2,0.287673585813704
LRRC20,0.145099490695123
LRRC23,0.009463029790999
LRRC24,0.323029405876924
LRRC26,0.0544281226685756
LRRC3,-0.279754646038731
LRRC30,0.0664658621373948
LRRC31,0.606245211478798
LRRC32,-0.0659692287940576
LRRC34,-0.138275039375916
LRRC38,0.443434508793117
LRRC39,0.0984816830118843
LRRC3B,-0.0871468487152516
LRRC4,0.383577354302862
LRRC40,-0.0616065126592041
LRRC4B,0.800802977225411
LRRC4C,0.528130649275888
LRRC52,-0.0243980558362627
LRRC55,-0.131533629150589
LRRC59,-0.0174367168332418
LRRC69,-0.338932097505423
LRRC7,0.0138993111468167
LRRC70,-0.201985197409324
LRRC8A,0.0470065714354411
LRRC8B,-0.385939235934855
LRRC8C,0.0710498766446933
LRRCC1,0.427244291167199
LRRD1,-0.183935732747482
LRRIQ4,0.274890010352581
LRRK1,-0.494686177289423
LRRK2,-0.168407682066531
LRRN1,0.341323461587056
LRRN2,0.0172158462295351
LRRN3,0.405403121488122
LRRN4CL,0.212740257326485
LRRTM3,0.118658387056414
LRRTM4,0.311901323741772
LRTM2,-0.107527988847182
LRWD1,-0.0403788985395367
LSG1,0.288779984617544
LSR,-0.1571851133843
LTB4R,0.136612572640838
LTB4R2,-0.125690046919154
LTBP4,0.142112387722777
LTC4S,-0.29731316452048
LTK,0.0003755024868687
LTV1,0.100737920654082
LUM,-0.0634933109387181
LY6D,-0.118718446554563
LY6E,-0.233855347203499
LY6G6F,0.415112921219782
LY6K,-0.0238825385786856
LY9,-0.308133571517835
LYL1,-0.259756242198723
LYN,-0.0998604694678612
LYNX1,0.40818802775004
LYPD1,0.101482575384718
LYPD3,-0.50500514568039
LYPD6B,-0.563110932782122
LYPD8,-0.298604420489203
LYST,-0.0845936800119417
LYZ,-0.0897205193871086
LZTR1,-0.139202342863746
LZTS2,0.0789888626957905
MACF1,-0.0494337665975566
MAD1L1,-0.147219278006935
MAD2L1,1.62900185606891
MADD,-0.228135245548512
MAEA,0.198695818558952
MAF,0.0662141802132992
MAFA,0.0890216364558343
MAFB,-0.0406007418470205
MAFF,0.183295343233785
MAFG,-0.117454551212841
MAFK,0.140629541892455
MAG,-0.0015245953510021
MAGEA1,0.297249815432997
MAGEA10,0.053388686295325
MAGEA10-MAGEA5&MAGEA5,-0.0747671839469792
MAGEA11,-0.10935983178711
MAGEA12,-0.0798324344662239
MAGEA2B&MAGEA2,0.160677283500999
MAGEA3,0.213363279103051
MAGEA4,-0.278844305551691
MAGEA6,0.582372625560323
MAGEA8,-0.0889559459855909
MAGEA9,-0.275233447053129
MAGEA9B,0.080183135140885
MAGEB1,0.230539201383952
MAGEB10,-0.174678204816393
MAGEB18,-0.346449572031302
MAGEB2,-0.167091795573335
MAGEB3,0.0300425172201501
MAGEB4,-0.140587583871796
MAGEB5,-0.0213064128799704
MAGEB6,0.0876639199360729
MAGEC1,-0.122939227068366
MAGEC2,0.248676134835446
MAGEC3,-0.0069584827969424
MAGED1,-0.0184198898985293
MAGED2,0.183281219780921
MAGED4&MAGED4B,-0.145054848339063
MAGEE1,0.418467550934472
MAGEE2,1.25814657738545
MAGEF1,0.129063914195818
MAGEH1,-0.363567954776333
MAGOHB,-0.0990211330786901
MAK,0.138762783822699
MAL2,0.14591230629465
MALAT1,0.112891490175358
MALT1,0.30916968504404
MAMDC2,-0.0349900179124494
MAMDC4,-0.188559235733695
MAML2,-0.12492268717013
MAMSTR,-0.354659282230201
MAN1B1,0.141904536265634
MAP1B,0.112333791285656
MAP1LC3A,-0.0057246114681302
MAP1LC3B,-0.0090392325627473
MAP1LC3B2,0.100943871852235
MAP1LC3C,0.659602022928435
MAP2K1,0.0057921835014558
MAP2K2,0.404687969458567
MAP2K3,-0.0572202343304159
MAP2K4,-0.2218006724462
MAP2K4P1,0.015685216149938
MAP2K5,0.0969575819851075
MAP2K6,0.11771956224477
MAP2K7,0.0016932464924935
MAP3K1,-0.0465506018690275
MAP3K10,-0.277219297848335
MAP3K11,-0.108915292352156
MAP3K12,0.343552142581265
MAP3K13,-0.375619475772956
MAP3K14,0.0097384835451255
MAP3K15,-0.074722734029729
MAP3K19,0.289232574753644
MAP3K2,-0.241483131114014
MAP3K20,0.0765230163437665
MAP3K21,-0.278492755729307
MAP3K3,0.511163240205268
MAP3K4,-0.244235519163824
MAP3K5,-0.262909653351812
MAP3K6,-0.0983587047230581
MAP3K7,0.0367428394726407
MAP3K8,-0.0392676413918216
MAP3K9,-0.248088745219012
MAP4K1,0.104817803878003
MAP4K2,0.2381050399397
MAP4K3,0.664916218561314
MAP4K4,-0.0980040761140965
MAP4K5,-0.181469583389839
MAPK1,-0.236799800436511
MAPK10,0.0725846654628268
MAPK11,-0.0621961381899526
MAPK12,-0.145150767005704
MAPK13,-0.0238134502231378
MAPK14,-0.13746260966847
MAPK15,0.178709266750679
MAPK3,-0.208616371056531
MAPK4,-0.0380635285402176
MAPK6,0.140142227486962
MAPK7,0.0751169466453532
MAPK8,0.120149212968467
MAPK8IP1,0.302857453374204
MAPK8IP1P2,-0.191611499558999
MAPK8IP2,0.106712909125496
MAPK9,0.206058451247519
MAPKAP1,-0.0391397084958781
MAPKAPK2,-0.232710945263635
MAPKAPK3,-0.230318806792168
MAPKBP1,0.205919711401247
MAPRE1,0.0561055651851417
MARCH5,-0.143921245939533
MARCKS,0.0494463649817612
MARCO,-0.0807777572288726
MARK1,-0.166455035230785
MARK2,0.172557756038234
MARK3,0.285121287188235
MARK4,-0.302118312396978
MAS1,-0.0599624833884903
MASP2,0.115915346560837
MAST1,0.211602712109325
MAST2,-0.0444556944829852
MAST3,0.164877137933606
MAST4,-0.449896046989073
MASTL,0.368918649671078
MAT1A,0.489147580776453
MAT2A,0.137094693848137
MAT2B,-0.33599388839002
MATK,0.0653704088683558
MATN1,-0.251087373009962
MATN2,-0.0748370192089436
MATN3,-0.0390355730979333
MATN4,0.189748533394472
MAVS,0.176135513694516
MAX,0.44294867673683
MAZ,-0.18769986623053
MB,0.258494802870153
MBD1,-0.0624832588103982
MBD2,-0.107548544412993
MBD3,-0.075162055896476
MBD3L1,-0.101380518912171
MBD3L2,0.176299093118975
MBD3L2B,-0.396404614004684
MBD3L4&MBD3L3,0.144844368580909
MBD3L5,-0.351405332201148
MBD4,-0.390959364770235
MBD5,0.223248499793674
MBD6,-0.208522453632001
MBL2,0.113273655640716
MBOAT1,-0.150314510651574
MBOAT2,0.162779122494823
MBOAT7,0.169961940762157
MBP,-0.152692479466949
MBTD1,0.0749433120109583
MBTPS1,0.132176310346304
MC1R,-0.0920038283167598
MC2R,-0.185519600206017
MC3R,-0.297681147499618
MC4R,-0.0878370297451973
MC5R,-0.112722683535309
MCAM,-0.228020134730003
MCF2,0.0171308052502944
MCF2L,-0.304064319359774
MCF2L2,0.33345527453842
MCHR1,-0.0290443198758887
MCHR2,-0.0845720486557753
MCL1,-0.514582290906912
MCM10,-0.0303088310547753
MCM2,0.289067080451885
MCM3,-0.336622250465206
MCM4,0.185018798577934
MCM5,0.248753531863992
MCM6,0.999933710850652
MCM7,0.422090963375535
MCM8,0.035592894517448
MCM9,0.0560026745297949
MCMBP,-0.239512418430212
MCOLN2,0.654762272639928
MCPH1,-0.10927662555104
MCRS1,0.44468522714153
MCUR1,-0.0478067759442217
MDC1,-0.131737555459878
MDH1,0.0435485571648633
MDH1B,0.477843525022045
MDH2,0.177768829178092
MDM2,-0.372244229058148
MDM4,-0.264513885175134
MDS2,0.28106797793593
MECOM,0.0416174873193631
MECR,0.282504453197741
MED1,0.0365437169128452
MED10,-0.0706981017612941
MED11,1.27814437345393
MED12,0.706583080869296
MED12L,0.0103827315000471
MED13,0.124787371608516
MED13L,0.130661172565991
MED14,1.26910142538781
MED15,0.070866919683827
MED16,-0.154335269766997
MED17,0.342592052530538
MED18,0.0527685278668786
MED19,0.192063571972363
MED20,0.66581447813778
MED21,0.717608737142128
MED22,0.306296259919803
MED23,0.193753406891741
MED24,0.100444673267722
MED25,-0.259285533879147
MED26,0.338212748051804
MED27,0.235068275384618
MED28,1.74022183393108
MED29,0.182336772032926
MED30,0.85198892407915
MED31,0.0058110252020891
MED4,0.528701001965754
MED6,0.390847023402709
MED7,0.313618256214347
MED9,0.594479123459221
MEF2A,0.0246323222436779
MEF2B,-0.0453347148155806
MEF2C,-0.135952946232106
MEF2D,0.0995768857438182
MEGF8,-0.0912469869491516
MEIS1,0.252819960009177
MEIS2,-0.135684095863864
MELK,-0.0276520705836569
MELTF,0.0921492733669486
MEN1,-0.30216704492781
MEOX2,-0.148371590142699
MEP1A,0.120924894749398
MEPCE,0.269029358560938
MERTK,0.289488251205682
MESP1,-0.211684252141085
MESP2,-0.120486709327788
MET,-0.169703608710904
METAP2,0.755667414155439
METRNL,-0.0744565466314284
METTL1,0.247489140735621
METTL13,0.223078766268627
METTL14,0.0221224742175311
METTL2A,-0.0136093451424752
METTL2B,0.488145940365197
METTL3,-0.0459716799751587
MFAP4,0.160565661498848
MFGE8,0.0081017534418599
MFHAS1,-0.409357587285905
MFN1,0.368332642969409
MFNG,0.0102155617884391
MFSD10,-0.181303103215668
MFSD2A,-0.318722199410369
MFSD3,0.115537899446957
MFSD4A,-0.133894489957127
MGA,0.380855264826163
MGAT1,0.208162777472477
MGAT4C,0.106922601954947
MGC70870,-0.174799082458395
MGP,0.0831531875697743
MIA-RAB4B,-0.159029258981373
MIB1,-0.0857727629900312
MICA,-0.30014396098505
MICB,0.113956685752907
MIDN,0.143070022365435
MIEN1,-0.259777715898836
MIF,-0.015304140670326
MIF4GD,0.506892435662889
MINK1,-0.0960113508178091
MIOS,0.0357400404436905
MIOX,0.173126218794114
MIR141,-0.0155244102825451
MIR200A,-0.0549268571623266
MIR200B,0.395370368645928
MIR205,-0.279364009430021
MIR205HG,0.0039939925168795
MIR21,-0.125383963886811
MIR429,-0.232993213326722
MITF,-0.127541731050985
MIXL1,0.232280429838833
MKL1,0.003939499258619
MKL2,0.10084047148415
MKNK1,-0.0154847769578302
MKNK2,0.150327883528496
MKX,0.0068664715679332
MLF1,0.0865848664250643
MLF2,0.282403458567999
MLH1,0.0049444868450635
MLH3,0.0535947311866407
MLKL,0.0027556141897789
MLLT1,-0.166127569655257
MLLT10,-0.288236911807394
MLLT11,-0.277795130235305
MLLT3,0.196035271354001
MLLT6,0.0243030149479801
MLNR,0.164847201725022
MLST8,0.29815569917436
MLX,0.0856458762397574
MLXIP,-0.419628504572024
MLXIPL,0.270070638786692
MME,-0.217583154649137
MMEL1,-0.222379776201404
MMP10,0.289096945671422
MMP14,0.102807176834379
MMP2,0.33168579577498
MMP20,0.0718143590706191
MMP27,0.0378789069739626
MMP3,0.0192203661023806
MMP7,0.049480485034307
MMP8,-0.17200577067693
MMP9,-0.0188977340547906
MMRN1,0.0420838568510217
MMRN2,0.321531495219842
MMS19,0.120462196952121
MMS22L,0.68722802785041
MN1,-0.220834853612605
MNAT1,0.0363125192959027
MNT,0.129306745702426
MNX1,0.116078967674691
MOG,-0.213149716923505
MOK,-0.328526459961398
MORF4L1,-0.490798108174419
MOS,-0.0536107148970303
MPG,0.159811320298184
MPHOSPH8,0.528014787955181
MPL,0.0517485001253589
MPP2,0.47898410993447
MPP3,-0.211594224386739
MPP4,0.281512116700519
MPP5,-0.0854343928078367
MPP6,0.143634180765035
MPP7,-0.0469354612941953
MPPED2,-0.243491185577373
MPRIP,0.0211081985337465
MPZ,-0.219440787528828
MPZL1,0.229771411112777
MPZL2,0.141600177767486
MPZL3,0.17865652616022
MR1,-0.143700179578514
MRAS,-0.1185584087282
MRE11,0.377837219886041
MREG,-0.130943468670761
MRGPRD,-0.008183629825335
MRGPRE,0.344857714079579
MRGPRF,0.0105006097844396
MRGPRG,-0.262288850455437
MRGPRX1,0.216779654915138
MRGPRX2,-0.17430288443612
MRGPRX3,0.0546149784497098
MRGPRX4,-0.24525004000719
MRM2,0.252806022821533
MRPL38,0.294414051516184
MRPL45,0.403160657895207
MRPL45P2,-0.354840357903059
MRPS31P5,-0.027628326652635
MS4A8,-0.143302765691895
MSANTD3-TMEFF1,0.604925629044429
MSC,0.33051729200671
MSH2,0.208751095183354
MSH3,0.196447907774778
MSH4,3.28558001651717e-05
MSH5-SAPCD1&MSH5,0.231628732204939
MSH6,-0.206748306821236
MSI1,-0.158146443739793
MSI2,0.102061131873799
MSL3,-0.0932778037523435
MSL3P1,0.0132753297399762
MSLN,0.596522981478247
MSN,0.138723565222745
MSR1,0.0727618778593476
MST1,-0.327231368696339
MST1P2,0.0072725936424307
MST1R,-0.229897868360827
MSX1,0.629736663534225
MSX2,0.204551340310692
MSX2P1,-0.448917346593649
MT1A&MT1X&MT2A,-0.269771245141421
MT1DP,-0.132725851491202
MTA1,-0.304902618064469
MTA2,-0.0704791106566475
MTAP,0.143483149205689
MTCP1,0.137398561336078
MTF1,-0.0587687576960994
MTF2,0.443097276710961
MTG1,0.175248094745172
MTG2,-0.0070680803840108
MTHFD1,-0.105374923955231
MTHFD1L,-0.0528278904843216
MTHFD2,-0.124360257188373
MTHFR,0.168434457573539
MTHFSD,0.318368391519708
MTM1,0.111323822873469
MTMR1,0.373430259726935
MTMR10,-0.113715023521678
MTMR11,-0.238604435147741
MTMR12,0.185961028081672
MTMR14,0.358106352945785
MTMR2,0.0187178311464636
MTMR3,-0.0966066304472012
MTMR4,-0.01536454668546
MTMR6,0.144917423307109
MTMR7,-0.0415321885032931
MTMR8,-0.369994531271538
MTMR9,-0.0504545880958641
MTMR9LP,-0.129548484616921
MTNR1A,-0.0345002125233527
MTNR1B,0.243228144723223
MTOR,0.481639342702225
MTR,0.113590688272315
MTRR,-0.218631932593617
MTSS1L,-0.0447663606420958
MUC1,-0.114171889342604
MUC12,0.0377980108914717
MUC13,0.171563537923641
MUC15,-0.254727289089832
MUC20,0.274222734193362
MUC4,-0.380722489396867
MUC5B,-0.345540875117542
MUCL1,0.142773856921894
MUM1,-0.08121639699471
MUS81,-0.140414660149425
MUSK,0.143334454805468
MUTYH,-0.0386017083391422
MX1,-0.184382059370632
MXD1,0.361326284252891
MXD3,-0.118880980130486
MXD4,-0.0675834713197224
MXI1,0.263470156916348
MXRA8,-0.0872146120210744
MYB,-0.131953274036575
MYBBP1A,0.199111461236638
MYBL1,0.0895509204413123
MYBL2,0.388317469106512
MYC,0.6315545177879
MYCN,-0.243660499489466
MYD88,-0.136365074537937
MYEF2,0.0878085320710238
MYF5,0.307014793356952
MYF6,-0.0624722501546826
MYH11,0.0153557436866294
MYH13,-0.0897731665687374
MYH3&MYH4,-0.0588888600772298
MYH6&MYH7,0.0213017541771721
MYH9,0.332995431966236
MYL12A,-0.198664946674915
MYL12B,0.344413487576331
MYL2,-0.518453380147603
MYL3,0.23539578515239
MYLIP,-0.111455332781206
MYLK,-0.127515450415417
MYLK2,-0.0072458904112226
MYLK3,0.0275598833601375
MYLK4,-0.0176729064161572
MYNN,-0.0879307673306988
MYO10,0.26211980464078
MYO15A,-0.258550799223215
MYO3A,0.176399773494065
MYO3B,-0.0252023585165979
MYO7A,0.194912622551698
MYO7B,-0.190446763554429
MYO9A,0.160844270715897
MYO9B,0.0573800049282869
MYOC,-0.121223459948269
MYOCD,0.125567073682982
MYOD1,0.0966838626775929
MYOG,0.0893285466545175
MYOM1,0.192470537486006
MYOM2,0.023101089844795
MYOZ3,0.0206766580274035
MYSM1,-0.126732805151842
MYT1,-0.0224804590769363
MYT1L,-0.159676743025061
NAA10,1.05000039369724
NAA11,0.313253838906218
NAA15,0.736393835129443
NAA20,0.0387787979109313
NAA30,0.28845410079199
NAA40,0.243663845473107
NAA50,0.353683878557362
NAA60,-0.125708038814625
NAB1,0.115802005067899
NAB2,-0.0212510935482616
NACA,1.74793083223139
NACA2,-0.737279800789953
NACAP1,0.272258444077107
NACC1,0.0377550339547728
NACC2,-0.0347945991200546
NADK,0.524492837389468
NADSYN1,0.0150892107250638
NAE1,-0.0052575051607417
NAGK,-0.207738099900259
NAMPT,0.0369433156765895
NANOG,0.885742558622185
NAPG,-0.111366615763926
NAPRT,-0.0608021508520424
NARS2,0.110928151053964
NASP,0.07890081051379
NAT10,0.537424967806819
NAT14,0.0624729332333847
NAT6,-0.204053773402326
NAT8,-0.0130537315009992
NAT8B,0.0687066309320276
NAT8L,-0.126901336802961
NAV2,0.031645882415811
NAXD,-0.19643079918786
NBEAL1,0.345665915701029
NBEAL2,-0.357954106160759
NBN,0.0080240522421466
NBR1,0.139892710790044
NCALD,0.11093618584685
NCAM1,-0.277385438087352
NCAN,-0.164789548521685
NCBP1,0.997180125640538
NCBP2,0.749643747148317
NCF1,0.386521487675941
NCF1B,-0.0861929951109665
NCF1C,-0.452662267965391
NCK1,0.276935789852386
NCK2,-0.34252591540547
NCKAP1,-0.0334259894397403
NCKAP1L,0.0850442295849929
NCKIPSD,-0.27011456877285
NCL,0.520797436358578
NCOA1,-0.18726546175121
NCOA2,0.351672103340456
NCOA3,0.174138080518661
NCOA4,-0.12324340999342
NCOA5,-0.244569685506737
NCOA6,1.09253639694446
NCOA7,-0.284910487605049
NCOR1,-0.103803513266969
NCOR2,-0.305082075096403
NCR2,-0.153964947215653
NCR3,0.283636693227124
NCR3LG1,0.135827771460435
NCS1,0.193662237897141
NCSTN,0.102814232594919
NDFIP2,0.127497800374863
NDN,0.124794425573586
NDOR1,0.005538910761402
NDRG1,0.451795920578547
NDRG3,-0.195237999776285
NDST1,0.226606198803088
NDST2,-0.090633554901386
NDST3,0.471085937752939
NDST4,0.0154189592615677
NDUFA2,0.332817432195454
NDUFA3,0.572937260983218
NDUFB5,0.501208776830648
NDUFC2,0.220389323284234
NDUFC2-KCTD14,-0.138874950088447
NDUFS7,0.0762518224323738
NECTIN1,0.0610707361832763
NECTIN2,-0.131653992808218
NECTIN3,0.103915468117069
NECTIN4,-0.0307669799726209
NEDD1,0.591910963318778
NEDD4,-0.146691245191601
NEDD4L,-0.193945979761873
NEDD8,0.368690925115606
NEDD8-MDP1,0.0435635341834834
NEGR1,0.206235856961854
NEIL1,-0.226759769788218
NEIL2,-0.234235842915326
NEIL3,-0.114417083249618
NEK1,0.284529706563659
NEK10,0.363487892764409
NEK11,0.0742690654517197
NEK2,0.36695219836972
NEK3,0.326219829760958
NEK4,0.196086034761137
NEK5,0.16472055723148
NEK6,-0.0744999745172981
NEK7,0.280464464615195
NEK8,0.230727201268177
NEK9,0.140616199324815
NELFA,0.0473641695034071
NELFE,0.338855510565391
NELL1,-0.0088460360717823
NELL2,0.19443807499122
NET1,-0.0032615964452057
NEURL2,0.0810852649535393
NEUROD1,-0.065037546528189
NEUROD2,-0.0453104376383674
NEUROD4,-0.125212268369611
NEUROD6,0.33000347092014
NEUROG1,0.363348986606773
NEUROG2,0.129124390513545
NEUROG3,0.312221786066303
NF2,0.115516245161009
NFASC,0.0377629931138237
NFAT5,0.285218065257745
NFATC1,-0.0457346055899787
NFATC2,-0.426836207689609
NFATC3,0.32429354816564
NFATC4,0.260900789376558
NFE2,-0.233246633825516
NFE2L1,0.290027114987301
NFE2L2,0.301336502397511
NFIA,0.0332936090567486
NFIB,-0.210213128914548
NFIC,0.132677737332233
NFIL3,0.0145868317381342
NFIX,0.0742320579000175
NFKB1,0.0099814029594662
NFKB2,-0.246975186946365
NFKBIA,-0.18547022665956
NFKBIB,-0.0164478911958778
NFKBID,0.29626841180426
NFKBIE,-0.043556614500583
NFKBIZ,0.514638663115781
NFRKB,-0.15575485687072
NFX1,-0.155921012679988
NFYA,-0.151240093547596
NFYB,0.26755158742222
NGB,0.080753686185506
NGEF,-0.0566597179503638
NGFR,-0.0039266624774858
NHEJ1,0.16262415079499
NHLH1,0.340958490213889
NHLH2,-0.0488721077856308
NID1,-0.351001564281225
NID2,-0.211861507456276
NIFK,0.659949520725259
NIM1K,-0.0115841188929042
NIN,-0.0050525000227817
NINJ2,-0.0338411984503266
NIPSNAP1,-0.162030525968028
NIPSNAP2,0.595952603975847
NKAIN4,-0.0974989696652534
NKIRAS1,0.116329561451398
NKIRAS2,-0.183836058066131
NKX1-2,-0.0285673813447198
NKX2-1,-0.0685514935741123
NKX2-2,0.589463343454151
NKX2-3,0.377334013887753
NKX2-5,0.0779125257069597
NKX2-6,0.209681340689803
NKX2-8,0.587041357567207
NKX3-1,0.298393073311062
NKX3-2,-0.222774151917135
NKX6-1,-0.0853380795759656
NKX6-3,0.234586353695534
NLE1,0.0293294883752054
NLGN1,0.173359112359761
NLGN2,0.0357711024231242
NLGN3,-0.10327488344964
NLGN4X,1.85454576527085
NLGN4Y,-2.05775196867258
NLK,0.1524133443613
NLRP12,0.69081270756086
NLRP3,-0.128001998396068
NMBR,0.132656663091073
NME1,0.122379088654863
NME1-NME2,0.329191744194836
NME2,0.148744992687873
NME3,0.160663330859514
NME4,-0.0854114238017437
NME5,0.039510755822338
NME6,0.0020975023985814
NME7,-0.367195176191835
NMNAT1,0.20720510982519
NMNAT2,0.119240104881681
NMNAT3,0.0137781043149859
NMRK1,0.307050151105789
NMRK2,0.616601870014451
NMT2,-0.110794980191225
NMU,-0.111219726697326
NMUR1,0.284227908778372
NNMT,0.605566458578589
NNT,-0.332737761112593
NOA1,-0.0967669251887752
NOC2L,0.202840723295968
NOC2LP2,-0.327506779787956
NOG,-0.229342947199883
NOL11,0.594089084864684
NOM1,0.143493267063153
NOMO1,-0.252177960673374
NOMO2&NOMO3,0.200849496877269
NONO,-0.137486611228641
NOP53,0.800317544891428
NOS1,-0.130189367771859
NOS2,-0.347464703538346
NOSTRIN,0.442805516217003
NOTCH1,-0.0055834164107794
NOTCH2,0.52024933480596
NOTCH3,-0.374641751177534
NOTCH4,0.159700897092264
NOTUM,-0.274666035386905
NOV,0.058716623635206
NOX4,-0.079284111581059
NPAS1,-0.115727912689614
NPAS2,-0.2566035917784
NPAS3,-0.0234807654529947
NPAS4,0.491248698330154
NPAT,0.475273878290335
NPBWR1,-0.318573044283646
NPBWR2,-0.0026936064707643
NPC1,0.0372699719863655
NPDC1,-0.0730308193398607
NPEPPS,0.220807689786626
NPFFR1,-0.459876430643582
NPFFR2,-0.0709778567114481
NPHP3-ACAD11,0.343690534682103
NPM1,0.0800116469649964
NPPA-AS1,0.461832882050539
NPPB,-0.140213405675342
NPR1,-0.0101129096104046
NPR2,0.0988135139978752
NPR3,0.210970532908464
NPSR1,0.130737451129879
NPTX1,-0.0846484044810294
NPTXR,0.112162287889872
NPY1R,0.194013400181915
NPY2R,0.37074168594238
NPY4R2,0.574647394786141
NPY5R,-0.16087793317357
NR0B1,0.0687633585063898
NR0B2,-0.0200348798026848
NR1D1,-0.154852649074097
NR1D2,0.485094480280462
NR1H2,0.398835529639763
NR1H3,0.132544002357924
NR1H4,-0.192168352778596
NR1I2,-0.0396319874101037
NR1I3,0.211619527704963
NR2C1,0.233824517895225
NR2C2,-0.251770220014826
NR2E3,0.234234554140929
NR2F1,0.114897781096164
NR2F2,-0.0613166149974989
NR2F6,0.0110743355521394
NR3C1,0.27701044555061
NR3C2,0.30292922936517
NR4A1,0.064900295949987
NR4A2,-0.160281856140081
NR4A3,0.257379394921603
NR5A1,-0.0374236538785371
NR5A2,-0.0285382123003192
NR6A1,0.193092110481387
NRAP,0.0404451157160496
NRAS,0.0255065755241422
NRBF2,-0.0456204606927098
NRBP1,0.489863786238482
NRBP2,-0.20159189755062
NRCAM,0.111122351591274
NRF1,0.230926034491751
NRG1,0.0953863541183618
NRG2,-0.123146942790695
NRIP1,-0.357082345042786
NRK,0.163882291328189
NRL,-0.211544332187026
NRN1,-0.201522630544581
NRP1,0.0816025522070789
NRP2,0.162372312518569
NRROS,-0.0959990342396319
NRXN1,0.0108096738368081
NRXN2,0.340046731072184
NRXN3,0.106380063086834
NSD1,0.400403326804233
NSD2,-0.10124742357753
NSD3,-0.104640807960648
NSDHL,0.616854652199519
NSF,-0.10187757803652
NSFP1,0.0559409988613792
NSMAF,-0.291526367606209
NSMCE1,0.0020753576046066
NSMCE3,0.136821606033175
NSMCE4A&LINC01545&BMS1P14,0.180633601191868
NSUN2,-0.10691582488317
NSUN6,-0.495251321870885
NT5C1B-RDH14&RDH14,-0.015458199707851
NT5E,0.236368517366454
NTHL1,-0.233593307314345
NTM,-0.152362449762312
NTN1,0.024630798809514
NTN3,-0.0424109786567149
NTN4,0.125132027391777
NTN5,0.0457490869013636
NTNG1,0.394741667271035
NTRK1,-0.356388815497537
NTRK2,0.0704273946921211
NTRK3,0.484825667539189
NTSR1,-0.250156856637599
NTSR2,0.0239188902426877
NUAK1,-0.181283165511277
NUAK2,-0.615558536466297
NUDT1,-0.0897278230419595
NUDT10,-0.054431997852332
NUDT11,0.326898236391072
NUDT12,-0.269903156126817
NUDT13,-0.213649755361973
NUDT14,0.146663433656487
NUDT15,0.135559549534217
NUDT16,0.118709850124302
NUDT17,-0.209681283339937
NUDT18,0.393318154808091
NUDT19,0.273465696915154
NUDT2,-0.148148285615654
NUDT3,0.0876833192699218
NUDT4,0.0911417819531994
NUDT4P2&NUDT4P1,-0.168535380033311
NUDT5,0.286972579746274
NUDT6,-0.275438217042293
NUDT7,-0.122603785698379
NUDT8,-0.132963316212489
NUDT9,0.245327295672134
NUMA1,0.10358258573169
NUMB,-0.369622579545838
NUP214,0.307369820890437
NUP37,-0.352528939924186
NUP43,0.130255475782667
NUP54,-0.156897943719719
NUP98,0.253233794478671
NUTF2,1.9855363714315
NUTM1,0.0191043263358755
NUTM2A,-0.0344036662242976
NUTM2B,0.0273041241879554
NUTM2F,-0.398241849930188
NUTM2G,0.268016885551012
NVL,0.636577578418698
NWD1,0.12229282810641
NWD2,-0.112221441002501
NXF1,0.528520887239229
NXPH3,-0.0814300644392276
NXT1,0.22659482384147
NYX,-0.0755723999191806
OASL,0.207476215487219
OAT,0.319257328662534
OBP2A,-0.13885356514669
OBP2B,-0.146283212418617
OBSCN,-0.0748010170891992
OCLN,-0.0312603805322395
OCRL,-0.0512798800766156
OGDH,-0.236573085061402
OGDHL,0.0760768440275884
OGFOD1,0.381315703365945
OGFOD2,-0.0881254403836264
OGFOD3,-0.27210696138223
OGG1,0.236657453786183
OGT,0.839310315195223
OLA1,0.109135949036892
OLFM2,0.110659374828435
OLFML2B,0.238332115991156
OLIG1,0.08193557248064
OLIG2,0.0007930171242602
OLIG3,0.0537728659048935
OLR1,0.0620007418960009
OMA1,-0.210169031743788
OMD,0.0491773874172821
OMG,0.0066292571325826
ONECUT1,0.746773144763784
ONECUT2,-0.0681226391170905
ONECUT3,-0.0209265402469693
OPA1,0.866676329374995
OPHN1,-0.0214497174120914
OPN1LW,0.193258328103427
OPN1MW,-0.267256489348156
OPN1MW3&OPN1MW2,-0.531049552201618
OPN1SW,0.319841578136743
OPN3,0.54567837699086
OPN4,-0.0929134535870832
OPN5,0.28074461132664
OPRD1,-0.048945156868467
OPRK1,0.0755495867552348
OPRL1,0.0804587298541013
OPRM1,0.250922476452593
OPRPN,-0.151997841613652
OR10G2,-0.216924150146438
OR10G3,0.4799536559722
OR10J1,-0.0766353612003177
OR11G2,-0.106917181947707
OR11H4,0.0982653114680858
OR11H6,0.350054264202048
OR11L1,-0.0992612882158239
OR13G1,-0.007852409102987
OR14A16,-0.24600339758682
OR14C36,0.0064253966265287
OR14I1,0.198427066464614
OR1C1,0.45988531285476
OR1D2,-0.39691892182105
OR1D4&OR1D5,0.0826481462284426
OR1I1,-0.0148139555531897
OR2A14&OR5A1&OR2A2,-0.925026834446295
OR2AK2,-0.157943353100768
OR2AT4,-0.190202906552685
OR2B11,-0.24301034787105
OR2C3,0.0874858051577913
OR2G3,0.23724004590659
OR2G6,0.556278483658273
OR2L13,-0.161396845020933
OR2L1P,-0.32679653910804
OR2L2,0.138833025711934
OR2L3,0.06076740264543
OR2L5,-0.207920914067418
OR2L8,0.132835073884986
OR2M1P,-0.492360093034804
OR2M2,-0.102275562070075
OR2M3,-0.151561621977694
OR2M4,0.129919511368188
OR2M5,-0.161274656942238
OR2M7,0.444410980749437
OR2T1,0.0548824795441576
OR2T10,0.489816919970533
OR2T11,0.35331585307635
OR2T12,-0.0293129811224138
OR2T2,0.188936071651402
OR2T27,-0.18320569391863
OR2T33,0.273643859890762
OR2T34&OR2T3,0.0154151768689423
OR2T35,-0.038624252636978
OR2T4,0.596999012166547
OR2T5,-0.10533077617938
OR2T6,0.128940038747686
OR2T8,-0.192202378550519
OR2V1,-0.196384641401023
OR2V2,-0.164872685538877
OR2W3,-0.0989519803135214
OR2W5,-0.318586273514893
OR2Y1,-0.0166747297359077
OR4E2,0.075464654607861
OR4K13,0.0970281884919713
OR4K14,0.266705921929858
OR4K15,0.0099165970229244
OR4L1,0.198776322723712
OR4N5,-0.0984114240337437
OR51A2,-0.0231329402405292
OR51A4,-0.149821259733804
OR51A7,-0.211752408792073
OR51B2,-0.329287272236165
OR51B5,0.0337678949940623
OR51E1,-0.0172101756092452
OR51E2,-0.0259841735111114
OR51S1,0.386455183575847
OR51T1,0.181894322046318
OR51V1,0.102374405454244
OR52I1,0.121083044092937
OR52I2,-0.251590844866996
OR5AU1,0.60484657174455
OR5H14,-0.136772223810089
OR5H15,-0.215468392466554
OR5H6,0.0626445654980827
OR5W2,0.16563148040671
OR6F1,0.0858302715825961
OR6S1,0.081108415481418
ORAI2,-0.898402938676969
ORAOV1,-0.117353875898364
ORC1,0.207079124126234
ORC2,-0.0418206136477147
ORC3,0.166320443051037
ORC4,0.0292449233190225
ORC5,-0.0625689736145246
ORC6,-0.215623882873964
ORM1,-0.0664461334530433
ORM2,-0.0737696763048775
OS9,0.107200301319439
OSBP,0.013814418396544
OSBPL1A,-0.0038205109789266
OSBPL2,0.293605760337328
OSCAR,0.504482586061996
OSM,-0.0558990804923606
OSMR,-0.0984819046822967
OTC,0.0170650285558136
OTOL1,0.127335590377208
OTUB1,-0.0732831969499696
OTX1,0.0910456475592732
OTX2,-0.111548779054843
OVOL1,0.0689815372486798
OXA1L,0.723880494369743
OXER1,0.205958792546236
OXGR1,-0.0606152005966275
OXSR1,0.137648607814139
OXTR,-0.150270571913032
P2RX5-TAX1BP3&LOC105376461&ILDR2&BLOC1S3&LINC01205&LINC02145,-0.361212176593327
P2RY1,-0.0738826671417709
P2RY10,0.0616296082557801
P2RY11,0.0025236260901474
P2RY12,0.117975138750891
P2RY13,0.126433539465267
P2RY2,0.205414732602867
P2RY4,-0.0832406592481147
P2RY6,0.271514361451648
P2RY8,0.024905687689197
P3H1,0.0925241200182378
P3H2,-0.300890625688693
P3H3,-0.104146153509038
P4HA1,-0.049041314583648
P4HA2,-0.0564067972577921
P4HA3,-0.130950243512894
P4HTM,0.0130655372117123
PA2G4,0.0667124589687427
PA2G4P4,-0.0001433811121022
PAAF1,0.249098931156466
PABPC1,0.0935899501907673
PABPC1L,-0.085653024215846
PABPC1L2A,0.40954992573045
PABPC1L2B,-0.292489325248231
PABPC3,0.798384419478237
PABPC5,0.132242116336147
PABPN1,1.53944491565049
PABPN1L,-0.0471678735830386
PACSIN1,-0.282720483344174
PACSIN2,-0.113468920369651
PACSIN3,0.371074685138701
PAEP,-0.0845713966741796
PAF1,0.21087421585974
PAFAH1B1,-0.308697048034535
PAFAH1B2,0.349409820520401
PAG1,-0.007105659432855
PAGE4,0.166501090355989
PAIP1,0.182839267500346
PAK1,0.15268357670185
PAK1IP1,0.298798360550363
PAK2,0.222280966814185
PAK3,-0.0696309846453085
PAK4,0.243996943148251
PAK5,-0.102439799904194
PALB2,-0.0355656189493532
PAN3,0.0902685447757564
PANK1,0.0657612317925194
PANK2,-0.106033427355186
PANK3,0.0086469367159893
PAPPA2,0.0684107170510374
PAPSS1,0.127877858400288
PAQR8,-0.056938359801059
PAQR9,-0.0374699751820136
PARD6A,-0.207377681108638
PARL,0.0890632714392598
PARP1,-0.100720775480511
PARP10,-0.209142188897416
PARP11,-0.346863510450236
PARP12,0.175750451837406
PARP14,-0.0073656712185771
PARP15,0.335373147856917
PARP16,0.0335992875774205
PARP2,-0.0527624808539679
PARP3,0.0260755066895866
PARP4,-0.0850949757764449
PARP6,-0.246978481518455
PARP8,0.0953545480608843
PARP9,0.288216379159064
PART1,0.516896255645038
PASK,0.048953132321176
PATZ1,-0.416004909136345
PAX1,0.356316653034084
PAX2,0.176581353276847
PAX3,0.376542075227305
PAX4,0.0688428479826364
PAX5,-0.0010526572738565
PAX6,0.342722115170638
PAX7,0.0845031162183353
PAX8,0.421369807697382
PAX9,0.0130574082999082
PAXBP1,-0.0400371444688324
PAXIP1,0.0835049538109213
PBK,-0.0250135327610028
PBRM1,-0.166278821029315
PBX1,-0.0201395722254697
PBX2,0.569960784722563
PBX3,-0.400518869515089
PCAT4,0.0787661232546584
PCCA,0.322894718220528
PCDH10,0.0584085688775303
PCDH7,-0.20458817577855
PCDH8,-0.205775384403418
PCDH9,0.10977642929647
PCGF1,-0.0613535396780756
PCGF2,-0.309319844640819
PCGF3,-0.558922658132483
PCGF5,-0.376356961048731
PCGF6,-0.0438796508162981
PCK1,0.0609353169604823
PCK2,-0.116698944401451
PCM1,0.109627045405474
PCNA,0.90535132146384
PCNX4,0.106428110371252
PCOLCE,0.013101730045997
PCOLCE2,-0.0669820974344564
PCSK1N,-0.0081812481962595
PCSK5,-0.0845286129681853
PCSK7,0.126039027594709
PCTP,0.139190147356864
PDAP1,0.0242471762584714
PDCD1,-0.269859560260198
PDCD1LG2,0.269987616434329
PDE10A,0.183166623977346
PDE11A,-0.0863592146566579
PDE1A,0.213083260250658
PDE1B,-0.211402834633301
PDE1C,0.463862797018078
PDE2A,0.0370675985712816
PDE3A,0.0119700575834786
PDE3B,0.08867642712586
PDE4A,0.122465911057513
PDE4B,-0.107537885035129
PDE4C,0.171869647876586
PDE4D,-0.0492363231575305
PDE4DIP,0.186687992416957
PDE5A,-0.0582314851822706
PDE6A,-0.145093728621056
PDE6B,-0.206881101790473
PDE6C,0.265743455104237
PDE6D,0.231626264256949
PDE6G,0.107125999649514
PDE6H,-0.115308506747606
PDE7A,0.167032502906034
PDE7B,-0.0044804789961906
PDE8A,0.208270293904212
PDE8B,-0.173019932616665
PDE9A,0.0330215243784971
PDGFA,-0.205424438789599
PDGFB,0.262421181927977
PDGFD,-0.16130722217115
PDGFRA,0.0209944076657697
PDGFRB,0.0113755814243875
PDHA1,0.287075695704246
PDHA2,-0.185757257701868
PDHB,-0.0181163359582023
PDIK1L,0.0436178171381415
PDK1,-0.0287288149212578
PDK2,0.218416482915032
PDK3,-0.041667470579395
PDK4,-0.192857754522934
PDPK1,-0.120464268668057
PDPN,0.368522711492309
PDX1,-0.332581937497166
PDXK,0.363671235921249
PDZK1IP1,-0.891396480281688
PDZRN4,-0.450480795992636
PEA15,-0.062738041974084
PEBP1,-0.0608916102301343
PECAM1,0.0393952715546814
PELP1,0.079083108338802
PER1,-0.31639715133138
PER2,0.053748036105825
PEX1,-0.0460567772110614
PEX10,0.524894759738433
PEX14,0.0637065729038064
PEX19,-0.122599869287419
PEX6,0.337674747469968
PEX7,-0.160094766735883
PFDN4,0.600384601116519
PFDN5,0.0125769701837004
PFKFB1,-0.0998875412224557
PFKFB2,-0.0788724966971142
PFKFB3,-0.023196839171831
PFKFB4,-0.0181798887176385
PFKL,-0.0204591540261148
PFKM,-0.027625035451389
PFKP,0.0433709522602499
PGAM1,-0.0859891633143668
PGAM1P5,-0.238990896242445
PGAM2,-0.286842667040302
PGAM4,-0.303615046750312
PGAM5,-0.393642179200489
PGAP3,-0.182270345877965
PGBD5,-0.0337295389890603
PGC,0.153731224484077
PGK1,-0.0221845545523682
PGK2,-0.105180519489691
PGLYRP2,0.237357303126259
PGM5,0.155911112152661
PGR,0.533960598067627
PGRMC1,0.0761605354664594
PHACTR1,-0.357243302221165
PHACTR4,-0.0269653327179253
PHB,0.236947212716462
PHC1,-0.11538652142295
PHC2,-0.0273420951950201
PHC3,0.0576514674103362
PHF1,-0.0457946710308774
PHF10,0.0614487856777849
PHF11,0.852027642827657
PHF12,-0.0725332759451852
PHF13,0.0581482018612298
PHF14,0.164107216343432
PHF19,0.469304144928199
PHF2,-0.345649357905474
PHF20,0.0105399617825859
PHF20L1,0.0275835182680144
PHF21A,0.149684220364328
PHF21B,-0.0752207829929525
PHF23,0.0611955997958536
PHF3,-0.0064219047346563
PHF5A,1.59397265027397
PHF6,-0.229541432115642
PHF7,0.1996437990064
PHF8,-0.12925740417887
PHGDH,0.469105453241869
PHIP,0.1650144104716
PHKA1,-0.310213996407505
PHKA2,-0.0334534636273667
PHKB,-0.134562425211754
PHKG1,-0.118936103978271
PHKG2,-0.0398988153062894
PHLDA2,-0.212577004008039
PHLPP1,-0.418165507610498
PHLPP2,-0.336370837257841
PHOSPHO2-KLHL23&KLHL23,-0.31007217508361
PHOX2A,0.218375547205805
PHOX2B,0.0841375031746889
PHRF1,0.158999264083026
PHTF1,0.084673516278457
PHYH,-0.0413684825025683
PHYHD1,0.0858182503976213
PI4K2A,0.0789911641299367
PI4K2B,-0.124930610371388
PI4KA,0.0973622450752248
PI4KAP1,0.317103947771366
PI4KAP2,-0.168932791175224
PI4KB,0.995553269497991
PIAS1,-0.139780962623505
PIAS4,0.0970928559986764
PICALM,-0.0233848113488499
PIDD1,-0.11991251409854
PIGG,-0.10893447230379
PIGR,0.289372064258163
PIGS,-0.156365505317261
PIGU,0.0566002971735249
PIGX,0.125048729646433
PIGZ,0.0771763707312872
PIK3C2A,0.237278075894268
PIK3C2B,-0.293037003218603
PIK3C2G,0.434677648487012
PIK3C3,-0.142327549087437
PIK3CA,0.0063820309477059
PIK3CB,-0.187978108084638
PIK3CD,0.542559310446244
PIK3CG,0.109807821364777
PIK3R1,-0.172193496837954
PIK3R2,-0.0670204329437191
PIK3R3,-0.0152602644018112
PIK3R4,0.165038783547264
PIK3R5,-0.434794127048936
PIKFYVE,-0.131059821233396
PILRA,0.42048028447203
PILRB,-0.244855575805728
PIM1,-0.175897716742397
PIM2,-0.110869756103472
PIM3,-0.214350383614865
PINK1,0.0492497469585117
PIP4K2A,0.0935291141374538
PIP4K2B,-0.0006623408505745
PIP4K2C,0.386148135890992
PIP5K1A,0.0957051472334457
PIP5K1B,0.225430317871453
PIP5K1C,-0.014115538703081
PIP5K1P1,0.194313478069387
PIP5KL1,-0.090827476220614
PIPOX,0.0310051152398237
PIPSL,-0.281347802413444
PITPNC1,-0.147322849632168
PITPNM2,-0.0448305681708439
PITX1,0.306030607544075
PITX2,-0.171246031034261
PITX3,-0.189909175971074
PKD1,-0.0507737579445985
PKD1L2,0.256673477713723
PKD1P1,-0.0587253880366327
PKD1P3-NPIPA1&PKD1P4-NPIPA8,-0.125742571101481
PKD1P5-LOC105376752,-0.323944920869253
PKD1P6-NPIPP1,-0.126995225987286
PKDCC,0.446587298566046
PKHD1,-0.170996379843983
PKHD1L1,-0.0551468554459247
PKIA,-0.127665606182981
PKLR,0.437338384802253
PKM,0.164325987585215
PKMYT1,-0.138071485873788
PKN1,-0.315298928945778
PKN2,0.071666456332443
PKN3,0.0849106484585864
PKNOX2,-0.096436140362759
PKP1,-0.218045269795538
PKP2,-0.157466882813217
PKP3,0.061029393854715
PKP4,0.506782135461562
PLA2G4B,-0.411467906957681
PLA2G6,-0.271151730191889
PLAA,0.0853489493253685
PLAC9,-0.205330459126487
PLAG1,0.222884017136162
PLAGL2,-0.109450439260437
PLAT,0.208611599201504
PLAU,0.0636833608344123
PLCE1,-0.293390426513254
PLCG1,0.207728121657309
PLCG2,-0.107573424445648
PLD1,-0.0856387847751557
PLEKHA4,-0.182527344317116
PLEKHF1,-0.286325777514227
PLEKHG1,-0.127103063473377
PLEKHG2,0.17688618177089
PLEKHG3,0.0435897254544049
PLEKHG4,-0.0006034540612402
PLEKHG4B,-0.150081629890425
PLEKHG5,0.172229780212252
PLEKHG6,-0.0914524357599355
PLEKHG7,-0.268872289252478
PLEKHH1,0.00966142713567
PLEKHH2,-0.204704196692122
PLIN1,-0.085183735947573
PLK1,0.626141695095076
PLK2,-0.0052363889153513
PLK3,-0.365975879305802
PLK4,0.126628166325599
PLK5,0.121830284144523
PLLP,-0.219247269395318
PLOD1,-0.0211198591755293
PLOD2,0.0006920813944403
PLOD3,-0.387681097806969
PLPP5,0.192339609240939
PLRG1,0.659862540166418
PLS1,0.0383602321087723
PLS3,0.321172135633001
PLTP,-0.198293821008227
PLXDC1,0.285739642087401
PLXDC2,0.0699748856408697
PLXNA1,0.131888057220854
PLXNA2,0.325588133815987
PLXNA3,0.027194480184674
PLXNB1,0.0776239220486964
PLXNB3,0.115229154547429
PLXNC1,-0.0305951175552181
PLXND1,-0.219310939967288
PMEL,-0.04597084691235
PMEPA1,-0.0034337515267543
PMF1-BGLAP,0.0608496369235575
PML,-0.164722934603428
PMP2,0.352487816810912
PMP22,0.127245159053439
PMS1,-0.140602038396254
PMS2,-0.382055947966789
PMS2CL,0.034864566743923
PMS2P1,0.0202694865928225
PMS2P3,-0.269215013092322
PMS2P4,-0.0967298119274621
PMS2P7&PMS2P2,-0.462166862399255
PMS2P9&PMS2P5,0.426872695596768
PMVK,0.410823849871447
PNCK,0.0655938304147334
PNKP,-0.0064257976481481
PNN,0.972715841698946
PNPLA6,-0.127159200672812
PNPLA7,-0.438104138125494
PNPT1,0.991132624419613
POC1A,-0.189229336909868
POC1B,-0.0187375978202399
PODNL1,-0.0865477679485901
POFUT2,-0.0904939474691303
POLA1,2.59466640290245
POLA2,-0.0054470322837749
POLB,0.352788934223265
POLD1,0.308899034133778
POLD2,-0.0985721960623908
POLD3,0.417977193333903
POLD4,0.037789921071539
POLDIP2,0.315068546665732
POLDIP3,0.0553675070412912
POLE,0.42147338609472
POLE2,1.52236844036575
POLE3,0.135865668750205
POLG,0.511696903369793
POLG2,-0.30768617499433
POLH,0.32142460012358
POLI,-0.179371490051548
POLK,-0.038500468333625
POLL,-0.127876891150573
POLM,0.193403388242605
POLN,0.193220181427996
POLQ,0.139941667472571
POLR2A,0.799198192505627
POLR2B,0.922243521843174
POLR2D,1.28835396865652
POLR2J,0.737336857943706
POLR2J2,1.10263146345088
POLR2J3,-1.21169545487945
POLR2J4,0.151551919999629
POLR3B,-0.190739101549912
POLR3G,0.072494232537288
POMK,-0.206282478458788
POMT1,0.933674297892933
PON2,0.187107264816612
POP7,0.130782884179067
PORCN,-0.0792890412585645
POT1,-0.0438713372404625
POTEA,-0.238097549678556
POTEB,-0.0919939018083254
POTEB2,-0.0272606888584001
POTEC,-0.116184169191528
POTEE,-0.44182645856161
POTEF,-0.006018600241964
POTEG,0.444212261935622
POTEH,-0.291714793123279
POTEI&POTEJ,0.213710220253723
POTEKP,0.219538574611612
POTEM,-0.047157717858012
POU1F1,-0.139098017852656
POU2AF1,0.227662585664021
POU2F1,-0.0878514777949585
POU2F2,0.0337358946682966
POU2F3,-0.14183293358793
POU3F1,-0.144758626158192
POU3F2,-0.279782008735015
POU3F3,-0.0362063274034881
POU3F4,-0.115555300418287
POU4F1,-0.0244864154667298
POU4F2,-0.172888674057249
POU4F3,0.214426063485154
POU5F1,0.0780492680914665
POU5F1B,-0.316600223809743
POU5F1P3,-0.0702762568795705
POU5F1P4,0.157305845247231
POU5F1P5,0.185215601125813
PPAN,0.155411464675035
PPAN-P2RY11,-0.159479176787017
PPARA,0.54962133484856
PPARD,-0.0682189128330083
PPARG,0.183772835644231
PPARGC1A,-0.108770792233531
PPARGC1B,0.172626071692573
PPAT,-0.158830404631293
PPBP,-0.203753634516484
PPDPF,-0.803102028926515
PPEF2,-0.0720078786644416
PPFIA4,-0.368900232410926
PPHLN1,0.164823675509731
PPIE,0.942469782967448
PPIG,-0.217734792438792
PPIL1,0.289096171324408
PPIL2,0.144746406378747
PPIL4,0.339121303768616
PPM1D,-0.259673641238301
PPM1G,-0.157013447697035
PPM1L,-0.0839562010844766
PPME1,-0.0519712103539799
PPP1CA,-0.0454530748404992
PPP1CB,1.15403963108274
PPP1CC,0.226320395235378
PPP1R10,0.264012274533066
PPP1R12A,0.793501979571049
PPP1R12B,0.155511978566111
PPP1R13B,-0.0190221673454743
PPP1R14B,-0.214448603389895
PPP1R15A,0.115355408898608
PPP1R16A,-0.261739923116667
PPP1R16B,-0.322540099283459
PPP2CA,0.670408410917527
PPP2CB,-0.23136965535942
PPP2R1A,0.823718421615815
PPP2R2A,0.0463688810930849
PPP2R2B,-0.115151760222899
PPP2R2C,-0.458517711979899
PPP2R2D,-0.467399610427262
PPP2R3A,0.16043313061252
PPP2R5B,0.138443429129485
PPP3CA,-0.118488630627868
PPP3CB,-0.429140693095262
PPP3CC,-0.127747242012124
PPP3R1,0.0507245560065946
PPP4C,0.0136703887927915
PPP4R1,0.259938648635302
PPP4R3B,-0.0020300139335826
PPP5C,-0.11709959405134
PPP6C,0.272395887332426
PPRC1,0.0444342392529764
PPWD1,0.247572366209778
PRAG1,0.0269567827954505
PRCC,0.460031255671403
PRDM1,0.0292926788206055
PRDM10,0.441326961403267
PRDM11,-0.0678925984550406
PRDM12,0.388987667800132
PRDM13,-0.69911011903666
PRDM14,0.0779431132969193
PRDM15,0.118382512202829
PRDM16,-0.233607833210042
PRDM2,0.149050332692095
PRDM4,0.105832126588168
PRDM5,-0.163752422337503
PRDM6,0.545582759812572
PRDM7,-0.0567216314508207
PRDM8,0.27926907479592
PRDM9,-0.151547345545354
PRDX1,-0.0174890944978583
PRDX3,-0.417900354908421
PRDX5,-0.0469013459753677
PREB,0.23346263553038
PRELP,0.506686465277079
PREX1,-0.28903209575305
PREX2,-0.100137823670401
PRF1,-0.212939313941292
PRG4,0.0296111505582833
PRICKLE1,0.408203820696023
PRIM1,0.680524532750008
PRIM2,0.0615529852469308
PRKAA1,0.568060007182597
PRKAA2,-0.336130660448248
PRKAB1,-0.0515534083279477
PRKAB2,-0.200506677854397
PRKACA,0.211876382969257
PRKACB,-0.0749041194643963
PRKACG,0.0012189787692704
PRKAG1,-0.0499148515788664
PRKAG2,-0.0255880873517514
PRKAG3,-0.180949048385617
PRKAR1A,0.0085850019047632
PRKAR1B,-0.216637618203717
PRKAR2A,0.232065718704009
PRKAR2A-AS1&TNFAIP8L1&C1orf210&CHMP7,-0.0789878158602384
PRKAR2B,0.256242507927259
PRKCA,0.0681053107990479
PRKCB,0.112746195263475
PRKCD,-0.0018939279845907
PRKCE,-0.0894739379319845
PRKCG,-0.0664162646962807
PRKCH,0.0940610209446824
PRKCI,0.0517108200242121
PRKCQ,-0.115168189804716
PRKCSH,0.344565820624872
PRKCZ,0.218575264341939
PRKD1,0.0371410487698827
PRKD2,-0.124808480830705
PRKD3,-0.0907854149833125
PRKDC,0.0080926966737062
PRKG1,0.306097571345495
PRKG2,0.313294552967096
PRKN,0.134627608056055
PRKRA,-0.206609199377575
PRKRIP1,0.0379471379371957
PRKX,0.0424798056446564
PRKXP1,-0.234093718716029
PRKY,0.0039730955971384
PRL,-0.146606005278326
PRLHR,0.0163416729107474
PRLR,-0.270722091687979
PRMT1,0.488881143662371
PRMT2,-0.0758743697884501
PRMT3,-0.0275704435460803
PRMT5,0.0945687725074034
PRMT6,-0.1297922864044
PRMT7,0.212998942832607
PRMT8,0.232485825539467
PRMT9,-0.109865638612441
PROCR,-0.0566930091889239
PRODH,0.456613466880062
PRODH2,-0.0588266952352934
PROKR1,-0.0996470990800459
PROKR2,0.156399221775345
PROM1,-0.180750713359919
PROP1,-0.0820504271118544
PROX1,0.332100943307105
PRPF19,2.12133824561716
PRPF3,0.505456774699835
PRPF31,1.15469094382194
PRPF4,0.0041972288852931
PRPF4B,0.649267232643116
PRPF6,0.628083571108442
PRPS1,0.0304459517591375
PRPS2,0.148146265411507
PRR5,0.208716000741551
PRR5-ARHGAP8,-0.176224933769599
PRR5L,0.191163226811145
PRR7,0.0931857303490303
PRRG4,0.0266063636497023
PRRT2,-0.0106500975772848
PRRX1,-0.259636181460057
PRRX2,-0.101030051069291
PRSS12,0.0773133002291058
PRSS23,-0.277015544269346
PRSS42,-0.213427711019014
PSAT1,0.384465136477995
PSCA,0.191733762593961
PSEN1,-0.0061103177674997
PSEN2,-0.0054692782108994
PSENEN,-0.174908871209013
PSG1,0.265099254386307
PSG10P,-0.368986245634166
PSG11,-0.131552986111003
PSG2,-0.216931774495
PSG3,0.108517866353515
PSG4,0.516311428908585
PSG5,-0.160078910880341
PSG6,-0.204280087579194
PSG7,-0.0643971369087944
PSG8,-0.368909825683818
PSG9,0.10761629397712
PSIP1,-0.406707322214273
PSKH1,-0.0909328696575795
PSKH2,0.298996499284297
PSMA3,1.83886879099921
PSMA4,1.44698263398776
PSMA6,1.77991877333927
PSMA8,0.0578513261536756
PSMB5,0.904210124874171
PSMB9,0.0644871954765568
PSMC1,1.61250948825681
PSMC2,0.867594678878255
PSMC3,1.35340846076703
PSMC4,0.809362295036602
PSMC5,1.06472180748561
PSMC6,1.83024877318132
PSMD10,0.20619868580754
PSMD12,0.993495645525839
PSMD14,0.471412533403355
PSMD2,0.62732577328589
PSMD4,0.671256642400999
PSPC1,-0.46512986965781
PSPH,0.245436963679984
PSTPIP1,0.018132093304186
PSTPIP2,-0.181354278032408
PTAFR,-0.23171734041326
PTAR1,0.128483690249817
PTBP1,0.257123503023435
PTBP3,-0.180902616759295
PTCH1,-0.0846337494615429
PTEN,-0.0239093251262831
PTENP1,-0.133492554616256
PTF1A,-0.243561981705285
PTGDR,-0.0739716413067608
PTGDR2,0.149803324074151
PTGDS,-0.0808600734091159
PTGER1,0.340602196326657
PTGER2,0.469468993229324
PTGER3,-0.0507555637157625
PTGES,-0.035205417526491
PTGFR,0.245223217812711
PTGFRN,-0.0452466099633625
PTGIR,0.0847908327149101
PTGIS,-0.30776203505737
PTGR1,0.0192475002002943
PTGR2,-0.123461490634822
PTGS2,-0.088910528727127
PTH2,0.0004098098261203
PTK2,0.0694996849369516
PTK2B,-0.153524158038345
PTK6,-0.0011463584920255
PTK7,0.0478962585728161
PTN,-0.129956777251465
PTOV1,0.0038891049888096
PTP4A2,-0.0395831522463255
PTP4A3,-0.199921863516989
PTPA,0.115070564195258
PTPDC1,0.460974348122173
PTPMT1,-0.207250929992082
PTPN1,0.348353317809972
PTPN11,-0.0679330353953474
PTPN12,-0.144587173605539
PTPN13,-0.0852297425985183
PTPN14,-0.20745457145132
PTPN18,-0.0933482805601622
PTPN21,0.586079101751577
PTPN3,0.107315193089642
PTPN4,-0.132031598938239
PTPN6,0.529045199912175
PTPRA,-0.215623288329739
PTPRC,0.0349048038694315
PTPRD,0.206258127544106
PTPRE,0.220413631536594
PTPRG,0.481141756843953
PTPRK,0.164785562656354
PTPRN2,-0.215344780093424
PTPRT,0.0911370883542772
PTPRZ1,-0.226723940120655
PTTG1,-0.17346710559341
PTTG1IP,0.112676452998061
PTTG2,0.0314184817523142
PTTG3P,-0.255128001299312
PUF60,0.434448240633249
PURA,-0.15159270709806
PURB,-0.106017027767883
PUS7L,0.109263356826702
PVR,0.326617660145555
PWP1,0.310361353354822
PWP2,0.0672113165384308
PWWP2A,0.0216995839189397
PWWP2B,0.0412808228954985
PXDN,-0.132716199476509
PXDNL,-0.309710432776301
PXK,-0.322060890964191
PYGB,0.0829655835538484
PYGO1,-0.080731145771899
PYGO2,-0.177011245775935
PYROXD1,0.161369167327401
QDPR,-0.358741582802303
QPCT,0.133518962372521
QRFPR,-0.201821303387457
QSOX2,-0.0415083262992996
RAB10,0.0002602108654435
RAB11A,-0.198639106477111
RAB11B,-0.0404795817474561
RAB12,0.111945720608397
RAB13,-0.187856064902788
RAB14,0.323500545566649
RAB15,0.0332848077128167
RAB17,0.153662824118048
RAB18,0.312470617903778
RAB1A,1.08346843699531
RAB1B,0.229152652125238
RAB20,0.694323412464556
RAB21,-0.231803720299754
RAB22A,0.0857106946923416
RAB23,0.268217184683714
RAB24,-0.0906026979755405
RAB25,0.179524825551567
RAB26,-0.326336629344581
RAB27A,0.0038717276995746
RAB27B,-0.264811187162126
RAB28,0.0929979959052616
RAB29,0.337700159085048
RAB2A,0.0949096848396355
RAB2B,0.318208299717272
RAB30,-0.219814200588991
RAB31,-0.304125503291166
RAB32,0.103843690140514
RAB33A,-0.0398027903621299
RAB33B,0.346237559908913
RAB34,-0.0578369941325625
RAB35,0.321025156986534
RAB36,0.48966990385636
RAB37,0.0801200495222776
RAB38,0.162281759364563
RAB39A,-0.348436978843901
RAB39B,-0.0595471795712164
RAB3A,-0.0713138206998499
RAB3B,0.316187849466467
RAB3C,0.301641056187793
RAB3D,-0.0141311294633207
RAB3GAP1,-0.228032766397988
RAB3GAP2,-0.253269675728429
RAB3IL1,-0.0003022048694672
RAB40A,0.000286937156516
RAB40AL,-0.0625737455527107
RAB40B,-0.059907157100937
RAB40C,0.394437573255802
RAB41,-0.0915105929974719
RAB42,-0.159859914606521
RAB43,0.412740646587353
RAB4A,0.0942160093719507
RAB4B,0.324930801566517
RAB4B-EGLN2,-0.0870333549709499
RAB5A,0.220160837498983
RAB5B,-0.234280498151184
RAB5C,-0.0063613887648588
RAB6A,0.220079791415861
RAB6B,0.118659437761534
RAB6C,-0.440617601261058
RAB6C-AS1,0.0206645632918305
RAB7A,-0.368064024678637
RAB7B,0.413837442070599
RAB8A,-0.222796978756287
RAB8B,0.181685406814441
RAB9A,-0.267972456623146
RAB9B,-0.0358523677704853
RABEP1,-0.231066892852726
RABEPK,0.286865111916522
RABGAP1,-0.054970858280842
RABGAP1L,-0.0829354891301797
RABGGTA,0.529503619989233
RABGGTB,0.0842589552122308
RABL2A,0.0500480402189149
RABL2B,-0.112430792295041
RABL3,-0.762553082987475
RAC1,0.236399997483731
RAC2,0.223085795010877
RACGAP1,0.525292095601006
RACK1,0.185108681797921
RAD17,0.602884683976792
RAD18,-0.024555061120183
RAD21,-0.0647318370612679
RAD23A,-0.142834944369979
RAD23B,0.211298918237284
RAD50,-0.0069002492534843
RAD51,1.24772992480004
RAD51B,0.111724144878935
RAD51C,0.354890529063427
RAD51D,0.169130299814671
RAD51L3-RFFL,0.346658565939832
RAD52,-0.0059625067894174
RAD54B,-0.0149605789019211
RAD54L,-0.0157680509464571
RAD54L2,0.128847711616335
RAD9A,-0.133684882985873
RAD9B,0.374689224564704
RAE1,0.467083815600602
RAET1E,0.164196257013194
RAET1G,-0.0633307651896414
RAET1K,-0.332374301805446
RAF1,-0.129371633231283
RAG2,0.408319727808825
RAI1,-0.371743162354752
RALA,0.577922422831293
RALB,-0.181813134284745
RALBP1,0.60278665512781
RALGAPA1,-0.079415100538124
RALGAPA1P1,0.135557976716524
RALGAPA2,0.372027334564133
RALGAPB,0.0567486073230176
RALGDS,-0.0312626440325245
RALGPS1,-0.471199273820677
RALGPS2,0.349690816217486
RALY,0.192978103711598
RALYL,0.155464017533464
RAN,2.14298861764518
RANBP10,0.203707194525148
RANBP17,-0.169494347912555
RANBP2,0.0746111783064486
RANBP6,-0.0334453119188223
RANGAP1,-0.185997826381571
RAP1A,-0.0831599975569489
RAP1B,0.262132952023059
RAP1GDS1,0.109481851053482
RAP2A,0.0910096326094296
RAP2B,-0.312363146571874
RAP2C,-0.255984712885141
RAPGEF1,0.136375496752534
RAPGEF2,-0.127703666529832
RAPGEF3,-0.244980502091875
RAPGEF4,-0.0146517482938128
RAPGEF5,0.210322701585424
RAPGEF6,0.21301073039086
RAPGEFL1,0.124618537043809
RAPSN,0.18190445892878
RARA,0.140802760917155
RARB,0.448847393620274
RARG,-0.0170601185581902
RARRES1,-0.169264732326221
RASA1,-0.0689392939449783
RASA2,-0.324476631148275
RASA3,-0.107168267245592
RASA4,-0.0942709981341311
RASA4B,0.001737437776042
RASA4CP,-0.170521191973226
RASA4DP,0.315354267993302
RASAL1,0.0998304975019683
RASAL2,-0.0127508397238843
RASAL3,0.0694616714958192
RASD1,0.0294619623269901
RASD2,-0.063342912826907
RASEF,-0.117879096858146
RASGEF1A,-0.0492202364574685
RASGEF1B,0.0338356530030694
RASGEF1C,0.318734067422555
RASGRF1,-0.212903616644256
RASGRF2,-0.230738020685437
RASGRP1,-0.130862081008766
RASGRP2,0.0329878227446949
RASGRP3,-0.204536644606918
RASGRP4,0.242389264626602
RASL10A,0.186354897402071
RASL10B,-0.0772949345102913
RASL11A,-0.16554673916978
RASL11B,0.224474336262867
RASL12,-0.246047318179383
RAVER1,-0.0918069103552664
RAVER2,-0.20743299148218
RAX,0.125879165001698
RB1,0.0246968556499834
RB1CC1,-0.0980762605555515
RBBP4,0.161642016657765
RBBP5,0.100507726368285
RBBP7,0.202119800710067
RBBP8,-0.171275368580825
RBBP8NL,-0.352668018133061
RBFOX1,0.140016181999554
RBFOX2,0.327408841683435
RBFOX3,0.050684838872349
RBKS,0.048671530583701
RBL1,-0.0929328435920192
RBL2,0.209641275623454
RBM11,-0.378044117950377
RBM14,0.16570409494236
RBM14-RBM4,-0.450786489379962
RBM15,0.127828057984919
RBM15B,-0.176411324705774
RBM18,0.510619819304705
RBM19,0.412739298349822
RBM22,0.860650004562673
RBM23,-0.0384332955072102
RBM24,-0.478041330802504
RBM25,0.841499256885856
RBM28,0.103135484342322
RBM3,-0.244406988366234
RBM34,-0.0142361227738263
RBM38,-0.158272207710768
RBM39,0.379428324928615
RBM4,0.392254294729992
RBM41,-0.0437875858390916
RBM42,0.276080215142077
RBM44,0.108204052893611
RBM45,0.0606292442674261
RBM46,0.0095768397090252
RBM47,0.0997237119828114
RBM4B,-0.167707255808298
RBM7,-0.0836357489155156
RBMS1,0.436123430549622
RBMS2,0.240667027351652
RBMS3,-0.184043555702263
RBMX,0.543287531389166
RBMX2,0.463181207667706
RBMXL1,0.236095056625102
RBMXL2,-0.197943882179361
RBMXL3,0.268466495053419
RBMY1A3P,0.125177473393916
RBMY1B&RBMY1E,0.0929624004188717
RBMY1D&RBMY1A1,0.0100145967332414
RBMY1F&RBMY1J,-0.208349395909334
RBMY2EP,-0.163685591872061
RBMY2FP,-0.773307472821628
RBP1,0.0113336117748662
RBP2,0.090445435795556
RBP4,-0.122183166122992
RBP5,0.171778876081492
RBP7,0.0827340727659288
RBPJ,0.0099468522937196
RBPJL,0.0456399164202549
RBPMS,-0.0219609668668405
RBPMS2,0.349237703311982
RBX1,2.33148557804352
RCAN1,0.0989450703959503
RCBTB1,-0.0132983772249533
RCBTB2,-0.0466935502394927
RCC1,0.426255373462599
RCE1,-0.418337563510261
RCN2,0.166333813004602
RCOR1,-0.0011631536085965
RCOR2,-0.322190741925543
RCOR3,0.133697470235563
RDH10,-0.1766854182827
RDH11,-0.300615759849251
RDH12,0.368142991590796
RDH13,0.0613021407816447
RDH16,-0.155144485673977
RDH5,0.110582972499373
RDH8,-0.378114633096968
RDM1,-0.0392703012441198
RDX,0.0966283217820234
RECQL,0.182268811314185
RECQL4,0.0141767771516553
RECQL5,0.155168025724651
REG4,0.0993770007344045
REL,0.0215157555873091
RELA,0.0652901918302937
RELB,-0.274253091149698
RELT,-0.11227459257203
REM1,-0.27284527332584
REPS1,0.0246078417015793
RER1,-0.167334010913253
RERG,0.0573624673964928
RERGL,-0.128539145965644
REST,-0.203466777830583
RET,0.298019547424278
REV1,0.279124975504085
REV3L,0.0955554854459898
REXO4,-0.211154797150349
REXO5,0.171693507567856
RFC1,0.866708464226517
RFC2,0.0423957270144634
RFC3,0.388867373151713
RFC4,0.958619426865238
RFC5,0.61801280612857
RFFL,-0.150592940358707
RFWD2,0.907632656739637
RFWD3,0.0751045821107458
RFX3,0.12995165241523
RFX5,0.664991301656885
RFXANK,-0.339855358514379
RGL1,-0.275381568007586
RGL2,-0.398649172049923
RGL3,-0.506687252510076
RGL4,-0.370267391391019
RGMA,0.095618195220107
RGPD1&RGPD2,0.116169381164046
RGPD3,0.501770314559287
RGPD4,-0.332092923972631
RGPD6&RGPD5,-0.0633200937696244
RGPD8,-0.107057824122787
RGR,0.0901239934970957
RGS12,0.153249446801473
RGS2,0.0466757755358049
RGS5,0.015664631928385
RHEB,-0.201546476274037
RHEBL1,0.0492497118048912
RHO,0.0438474422158442
RHOA,-0.0468144406391971
RHOB,0.145518463608868
RHOBTB1,-0.160840338711476
RHOBTB2,0.0873317838649358
RHOBTB3,-0.169537110513709
RHOC,-0.254333062921456
RHOD,0.165545834907172
RHOG,-0.238844139093977
RHOH,0.017431145483872
RHOJ,-0.11444000280602
RHOQ,-0.341680385777752
RHOT1,0.156480825493311
RHOT2,-0.292031589429752
RHOV,0.382853843410538
RIF1,0.022727384028875
RIN2,-0.497261769652936
RING1,-0.206435771930064
RIOK1,0.338804393090077
RIOK3,0.537378994037847
RIOX1,-0.171780050945925
RIOX2,0.417357952685312
RIPK1,-0.297427290685198
RIPK2,-0.173854424597122
RIPK3,0.10376011167133
RIPK4,-0.289649293187567
RIT1,0.0302450277262964
RIT2,0.288421654716348
RLBP1,-0.0724459494905204
RLIM,-0.249128140669245
RLN3,0.561316518404783
RMI1,-0.006724398837866
RMI2,0.0821664380802094
RNASEL,-0.0559047637254581
RND1,0.132984140996277
RND2,0.0093429613838722
RND3,-0.292679632297076
RNF111,-0.197680506911036
RNF112,-0.122175308589466
RNF113A,0.291796800745251
RNF123,0.0364360762570095
RNF125,0.328104825732696
RNF130,-0.0223872051409193
RNF139,-0.069808704717327
RNF144A,0.0817207385552986
RNF144B,-0.0137958315952264
RNF168,-0.101620481585566
RNF17,-0.11209829433565
RNF182,-0.354725751942411
RNF183,0.172462947392813
RNF19A,-0.227950955805976
RNF2,-0.36179931283463
RNF20,0.137054246532567
RNF213,-0.163202039577938
RNF217-AS1,-0.127136480136087
RNF31,-0.154581230490451
RNF34,0.0747035713022869
RNF4,-0.15065098340746
RNF40,0.140969662249184
RNF41,0.144736503397288
RNF43,0.358464253970296
RNF5,0.280907734438917
RNF5P1,-0.591601236812033
RNF8,0.0255351388568418
RNFT1,0.0048568028829795
RNGTT,-0.184926933689485
RNMT,-0.037632591480453
RNPC3,0.472663874042928
RNPS1,1.43978812263112
ROBO2,-0.182883155786913
ROCK1,-0.282731565014807
ROCK1P1,-0.125506418280366
ROCK2,0.0093017362319823
ROR1,0.0477185676836629
ROR2,-0.367878673020657
RORA,0.428896469710512
RORB,0.320755051001646
RORC,0.408134585901206
ROS1,0.199023042732136
RPA1,1.42034327407213
RPA2,0.981681166884345
RPA3,0.337110952724598
RPA4,-0.013485343070677
RPAP1,-0.0236160237351048
RPAP3,0.391702436399047
RPH3A,5.15335162396603e-05
RPL14,1.78221936950301
RPL22,-0.037371494359332
RPL22L1,-0.0898176594150808
RPL35,1.30594088171102
RPL7,1.34258178571643
RPN1,0.311556491273426
RPP38,0.65438725088004
RPP40,0.541106027699313
RPRD1A,0.172582139208468
RPS10,1.12179952140839
RPS10-NUDT3,0.561483489687108
RPS10P7,-0.938359243390577
RPS15A,0.996505242095622
RPS16,1.0572724959769
RPS18,0.562516955169158
RPS18P9,0.124565699254868
RPS21,1.75047733016722
RPS27A,1.47909771105462
RPS27L,0.0354820936424857
RPS6KA1,-0.241287754987886
RPS6KA2,0.127750023106781
RPS6KA3,0.134868255911912
RPS6KA4,0.0322745813216783
RPS6KA6,-0.277439552182595
RPS6KB1,-0.0651216256121383
RPS6KB2,-0.0424720809533843
RPS6KC1,-0.0071153882880306
RPS6KL1,-0.223590847412062
RPTOR,0.294468472799163
RRAD,-0.14342367082286
RRAGA,0.297196234633255
RRAGB,0.0474726389460638
RRAGC,-0.377546118970911
RRAGD,0.128159914440193
RRAS,0.576480871671866
RRAS2,-0.292266920340693
RREB1,-0.0653169982224783
RRH,0.0331712894761035
RRM1,1.41176559213033
RRM2,0.477545046014464
RRM2B,0.26838076245469
RRN3,-0.0681242047780457
RRN3P1,1.27405360490161
RRN3P2,-0.476667981991956
RRN3P3&LOC101060405,-0.728856757283832
RRP36,-0.0270770852910655
RRP7A,-0.309645558164702
RRP9,0.880915231225953
RSC1A1,-0.459971796552304
RSF1,-0.0897418629798189
RSPO2,-0.319150001542404
RSPO3,-0.499521153009359
RSU1,0.106094113519681
RTEL1-TNFRSF6B&TNFRSF6B,-0.066000659088196
RTF1,1.24181844646447
RTN4IP1,0.0758963533818292
RTN4R,-0.121597752838507
RTN4RL2,0.127787506565358
RTP1,0.248741697302402
RTP2,-0.0180911717769098
RTP4,0.338353145325669
RUBCN,0.226810310517126
RUFY1,-0.392140774326817
RUFY3,0.0582917832695902
RUNX1,-0.207559382789223
RUNX1T1,-0.10116129916352
RUNX2,0.174676094075896
RUNX3,-0.156927078374682
RUVBL1,1.67084723581755
RUVBL2,1.03163335555215
RXFP1,-0.197502999181556
RXFP2,0.549490793386496
RXFP3,0.305999920397481
RXFP4,0.139103701936264
RXRA,0.5603831745502
RXRB,0.0371295058711926
RXRG,0.0763661133119664
RYK,0.109902523874008
RYR1,0.0021723874914454
S100A1,0.966511224306251
S100A11,0.0423994273641676
S100A14,0.132976094187648
S100A16,-0.062090351743203
S100A2,-0.0231563271310432
S100A9,0.415189383910878
S100G,0.469073770273784
S1PR1,-0.15216730154346
S1PR2,0.462023316424603
S1PR3,-0.586741486608061
S1PR4,-0.0582187789093053
S1PR5,-0.0928505908773717
SACM1L,-0.0613207802465616
SACS,-0.17607587115101
SAE1,0.0725235281833205
SAFB,0.0437985599575275
SAFB2,0.0154322193989285
SALL1,-0.278388727290096
SALL2,0.216351610149537
SAMD4B,0.403753734216862
SAMD7,-0.145848716438448
SAMD8,0.0904383359957168
SAP130,0.150140934233515
SAP30,0.345712360422267
SAP30L,-0.0374212967001873
SAR1A,0.09594902254166
SAR1B,0.16970767737332
SARDH,0.208522915242769
SARNP,0.0077153707630907
SART3,0.402974669877746
SAT1,0.161287003460524
SAT2,0.141880168120681
SATB1,0.200881623563456
SATB2,-0.119632824957304
SATL1,-0.209797249962496
SBDS,0.160513042991672
SBDSP1,0.0447031872257484
SBF2,0.248027258946168
SBK1,0.0045217853274661
SBK2,-0.121460373565064
SBK3,0.478249309909483
SCAF4,0.229136593090591
SCAF8,-0.361549732396349
SCAP,0.212776696880797
SCARA3,-0.192062558194643
SCARF2,0.399810558863643
SCD,0.426850001356404
SCGB3A1,-0.422613550725412
SCMH1,-0.139292822490525
SCML1,-0.0254011680668342
SCML2,0.115522190458781
SCN2B,-0.447366458511002
SCN3B,0.151679602992408
SCN4B,-0.133647080835217
SCNN1D,0.0385946409687129
SCRT1,-0.096029874563488
SCX,-0.279723480205183
SCYL1,0.0226258690618546
SCYL2,0.100364474697851
SCYL3,0.190865168737937
SDC1,-0.0466103957045213
SDC2,-0.0585604777900635
SDC4,0.036234369592956
SDCBP,-0.082213263370862
SDF2,-0.0235075092853771
SDF4,-0.130777331829933
SDHA,-0.0997133613192395
SDHAF2,0.0122890595054288
SDHAP1&SDHAP2,0.238306049571076
SDHAP3,-0.0628044757841136
SDHB,0.0233169351630427
SDHC,0.330673872980653
SDHD,0.263933327662702
SDK1,-0.49582885087776
SDR16C5,0.0642727496102489
SDR9C7,0.0798244813962945
SDS,0.131554158824267
SDSL,0.147741553093632
SEC13,0.607151471639514
SEC31A,0.34141618679225
SEC31B,0.0502219118133161
SECTM1,-0.043325902517434
SEH1L,0.0171102235510632
SELE,-0.0913763897938491
SELENOI,-0.25165091021
SELENOS,-0.0686607844503929
SELL,0.452692462542177
SELP,0.159384100328945
SEM1,1.05597819534961
SEMA3A,-0.235635009021699
SEMA3B,0.138897457555968
SEMA3C,0.0558230269601967
SEMA3D,-0.163273538884492
SEMA3E,0.352361271483768
SEMA3F,-0.267659354555415
SEMA3G,0.500354840723097
SEMA4A,0.284806480337178
SEMA4B,-0.240135788106735
SEMA4C,0.446542380922049
SEMA4D,0.169202125528664
SEMA4F,-0.0070158284056273
SEMA4G,0.380076440490158
SEMA5A,-0.422830890466732
SEMA5B,-0.0245251177717714
SEMA6A,0.302415199155551
SEMA6B,0.0784103617478136
SEMA6C,-0.091593199720072
SEMA6D,-0.0758002874005162
SEMA7A,0.0019966857500686
SENP2,-0.221631697769654
SENP3-EIF4A1&EIF4A1,0.785106768992531
SEPT5,-0.136049577885381
SEPT5-GP1BB,0.0142207879489956
SEPT6,-0.141146412946286
SEPT9,0.0896503580950716
SERGEF,0.0902051089492515
SERPINA1,-0.084436692977706
SERPINA10,0.267358433323474
SERPINA11,-0.0780645035511633
SERPINA12,0.261475223909422
SERPINA3,0.20196301439853
SERPINA4,0.0612342797834258
SERPINA5,-0.467594080794248
SERPINA6,0.154353496707898
SERPINA7,-0.0239948833301164
SERPINA9,0.0639893889155517
SERPINB1,0.221910725214169
SERPINB10,-0.0488275603645692
SERPINB11,-0.079695673649479
SERPINB12,0.0801070204104607
SERPINB13,-0.0344308236815481
SERPINB2,-0.0145170897732372
SERPINB3,0.45862306320148
SERPINB5,0.418920515950647
SERPINB6,-0.0493605941916433
SERPINB7,0.0801380979042878
SERPINB8,-0.133189328640543
SERPINB9,-0.286210573911296
SERPINC1,-0.0271885979101515
SERPIND1,0.0391722630503911
SERPINE1,-0.0505692437785949
SERPINE2,-0.0388125517661688
SERPINE3,-0.120191302375073
SERPINF1,0.210496004687228
SERPINF2,-0.0789082333747633
SERPING1,-0.149789012534074
SERPINH1,0.301709282430652
SERPINI1,-0.020070484786458
SERPINI2,0.0959441902365088
SERTM1,0.184765602237794
SESN1,-0.296393890768055
SET,0.0801775943193204
SETBP1,-0.28829146250213
SETD1A,-0.0989332665859607
SETD1B,-0.229618763075522
SETD2,-0.0511326750876557
SETD3,-0.0278818480623615
SETD4,0.100082995205441
SETD5,0.0563271514600849
SETD6,0.0574522450509377
SETD7,0.156385772502354
SETD9,-0.0188742232183942
SETDB1,0.0931691636729971
SETDB2,-0.219183617785751
SETDB2-PHF11,0.0359387012135445
SETMAR,-0.229770640133472
SETSIP,-0.125621937420531
SETX,-0.291808807816242
SEZ6,-0.437924703092674
SEZ6L,0.273048719111586
SEZ6L2,0.101013018119846
SF3A1,0.893688076480823
SF3B1,1.57321301418689
SF3B2,2.12096718560224
SF3B4,0.781000071800306
SF3B6,1.11541546855646
SFMBT1,0.0682538459876876
SFMBT2,0.107921644014338
SFN,0.436669760646473
SFPQ,0.596018623595681
SFR1,0.0565405486922906
SFRP1,-0.225564156837858
SFRP2,0.0567177896552135
SFRP4,-0.0151341698707931
SFRP5,-0.0314422480961976
SFT2D2,0.14391140387564
SFTA3,0.139224450498578
SFTPA1,-0.139513236770804
SFTPA2,0.22238066537344
SFTPD,0.135111877516863
SFXN1,-0.102030373237981
SGCA,0.018569479884726
SGCE,-0.361600308424451
SGCG,-0.0865231320131066
SGF29,-0.0687543716732177
SGK1,0.427801523456266
SGK2,0.0043307261150775
SGK3,-0.299254374144354
SGK494,-0.0525404514483453
SGMS2,0.18455419893631
SH2B1,0.453257936254952
SH2B2,-0.300249610310196
SH2B3,0.372265149285783
SH2D1A,0.279166901457312
SH2D1B,-0.128448463211965
SH2D2A,0.438673325143609
SH2D3A,0.0950905147811911
SH2D3C,-0.0234372666370817
SH2D4A,-0.0667296809365342
SH2D4B,-0.418483404635722
SH2D6,-0.0470800396500684
SH2D7,-0.704398642300892
SH3BP1,0.144180632700938
SH3BP2,0.131590376898386
SH3BP4,-0.252014473392459
SH3RF1,0.396771574973734
SH3TC2,-0.252578434165721
SHB,-0.25444597663415
SHC1,-0.0650624414966226
SHC2,-0.294573814095935
SHC3,0.340518057264515
SHC4,-0.386275141867856
SHCBP1,-0.757474319514588
SHD,-0.237430329728088
SHE,0.382129169865542
SHH,0.0142692799687435
SHISA2,-0.263838088627567
SHKBP1,0.143991966296454
SHMT1,-0.486717635746995
SHMT2,-0.221152466001916
SHOC2,-0.0881895289510573
SHOX2,0.0060753223044817
SHPK,0.164326450624009
SHPRH,-0.240897189694433
SI,-0.0506425981664182
SIGLEC1,0.317216858195243
SIGLEC10,0.337410957061476
SIGLEC11,0.170257336430749
SIGLEC12,0.206735818350119
SIGLEC14,0.397772498779587
SIGLEC15,0.286337850577866
SIGLEC16,-0.717981957482556
SIGLEC5,-0.0167012493165804
SIGLEC6,0.0184090602039041
SIGLEC7,-0.059698546717979
SIGLEC8,0.341816164355831
SIGLEC9,0.0866361267735941
SIK1,0.110523912463563
SIK2,-0.477682490857947
SIK3,-0.0522313067135014
SIM1,0.669863507615889
SIM2,0.209799685064392
SIN3A,-0.163350355747304
SIPA1L1,0.0250588226511493
SIRPA,-0.204471452404086
SIRPB1,0.0748047417408673
SIRPB2,0.224752058771884
SIRPD,0.23472477574702
SIRPG,0.160204131955754
SIRT1,0.153745319700297
SIRT2,-0.0432462417813706
SIRT3,0.0453129706875883
SIRT4,0.368656819962097
SIRT5,-0.338689198681289
SIRT6,0.144020508710885
SIRT7,0.0307639576355123
SIX1,0.151491006905151
SIX2,-0.13875955651026
SIX3,0.0695290803580167
SIX4,0.004979069358019
SIX5,0.175224779149392
SIX6,-0.228048709730108
SKIL,0.048116192864654
SKIV2L,-0.1264874962618
SKIV2L2,0.553203219987608
SKP1,0.605959274832284
SKP1P2,-0.0014119825760899
SKP2,-0.116837115728264
SLA,-0.3758923518566
SLA2,-0.0625586371992864
SLAMF1,-0.0512147092764141
SLAMF6,-0.0292006527683506
SLAMF7,-0.0286116182644858
SLAMF8,0.0840105834334507
SLAMF9,0.400456934902724
SLC10A2,-0.190312054947512
SLC10A3,-0.146805943550567
SLC12A7,-0.207698921145519
SLC13A2,0.0781496577344422
SLC13A3,0.200910388695088
SLC16A3,-0.183706852119757
SLC16A5,0.0116784588998191
SLC16A6,0.15535706604145
SLC19A1,-0.0128009454430584
SLC19A2,0.0940949673187543
SLC1A1,-0.308239473591843
SLC1A2,0.152981548505501
SLC1A3,0.107492240984194
SLC1A5,0.222115432167516
SLC20A2,0.660048187968784
SLC22A17,-0.0860641495504929
SLC22A23,-0.0332381377861923
SLC22A3,-0.112971945232758
SLC22A7,-0.400207997226596
SLC23A2,-0.0932767031178564
SLC24A2,-0.0305007562865207
SLC25A11,-0.139475560242181
SLC25A13,0.0742961024619733
SLC25A15,0.0075328730359364
SLC25A23,0.208949606619875
SLC25A27,-0.186193343025142
SLC25A4,0.134878699988535
SLC25A45,-0.0771529920510596
SLC26A3,0.189041752397377
SLC27A6,0.142075604140268
SLC29A1,-0.327728826305611
SLC2A1,0.300598082560041
SLC2A14,-0.510218732186408
SLC2A2,-0.0698209647255957
SLC2A3,0.126735683685345
SLC2A4,-0.0580890176094696
SLC2A4RG,0.298266056269194
SLC30A8,0.275821367779454
SLC34A1,0.306708917913484
SLC34A2,-0.115772061145278
SLC34A3,-0.114126435325079
SLC35B2,0.341896542554428
SLC35B3,0.150833415832189
SLC35B4,0.296308863556862
SLC35E1,-0.0129305371478645
SLC35E2,-0.007782536361504
SLC35E2B,0.182875203283437
SLC35E3,0.0468330841333677
SLC35F3,0.0480722003869166
SLC36A1,0.487794198932323
SLC37A3,0.223378479405727
SLC38A1,-0.266779922691894
SLC38A10,-0.0579955421577093
SLC38A11,-0.225236806797824
SLC38A6,0.283856723273415
SLC39A1,-0.0641889987313012
SLC39A10,0.0057175846980396
SLC39A11,-0.399604416213901
SLC39A2,-0.205757740656945
SLC39A4,0.267983619042476
SLC39A6,0.140472004287968
SLC44A4,0.0536403942577011
SLC44A5,-0.417493713433696
SLC45A3,-0.217776210044434
SLC46A1,-0.0380661741058529
SLC46A3,-0.248401935328656
SLC47A1,0.0774994692650352
SLC47A2,-0.284241780499307
SLC4A11,0.317282312929047
SLC4A4,-0.354400347701043
SLC4A7,0.449530327773097
SLC4A8,-0.118659282771256
SLC51A,-0.25023346997458
SLC52A2,-0.166828074818255
SLC5A1,-0.236398238213438
SLC5A11,-0.708677583701516
SLC6A12,-0.117009305232277
SLC6A13,-0.0168956503985278
SLC6A15,0.200212361163926
SLC6A18,-0.301476013092002
SLC6A19,-0.234956851439075
SLC6A20,0.0865914803859874
SLC6A3,0.0243950009665561
SLC7A1,0.36330047954099
SLC7A11,0.391898480169762
SLC7A14,0.417755449318439
SLC7A7,-0.0944184617605501
SLC7A8,0.191314689305804
SLC7A9,-0.117083035347704
SLC8B1,0.229905970841472
SLC9A1,-0.036676485129818
SLC9A5,-0.789731858586826
SLC9C1,0.274763877945129
SLC9C2,0.125056137106213
SLCO1B3,0.0126471946381102
SLCO4A1,-0.113886417312778
SLF1,-0.274146969601367
SLIRP,0.311517726136834
SLIT1,0.150488824627927
SLIT2,0.12816051587159
SLIT3,0.0015082537332042
SLITRK1,-0.0392159872551974
SLITRK2,0.0384397624068378
SLITRK3,-0.0543025770139012
SLITRK5,-0.155587735254632
SLK,0.148493765492433
SLN,-0.27463837628523
SLPI,0.0834535462623322
SLTM,-0.0261282151726982
SLX1A-SULT1A3&SLX1B-SULT1A4,0.045696847165372
SLX4,0.127033986706343
SMAD1,-0.299331434019628
SMAD2,0.273501527011278
SMAD3,-0.0954378420180554
SMAD4,0.38814907809556
SMAD5,0.418903892581144
SMAD6,-0.382605579288649
SMAD7,0.0879017030541987
SMAD9,0.220024289238524
SMAP1,-0.213853842541198
SMAP2,0.259167947851846
SMARCA1,-0.204690956425355
SMARCA2,0.0381357227794357
SMARCA4,0.19493230528641
SMARCA5,-0.15644727439714
SMARCAD1,-0.0051477694754796
SMARCAL1,-0.115458584388006
SMARCB1,0.326857213710904
SMARCC1,0.369068908325388
SMARCC2,-0.249243767049189
SMARCD1,0.055911632297474
SMARCD2,0.0449612139236344
SMARCD3,-0.151414747730542
SMARCE1,-0.0012129683396449
SMC1A,0.0662368247741638
SMC1B,0.371944648711814
SMC2,1.74149929217335
SMC4,0.810745940936609
SMCO1,0.0290809855685776
SMG1,0.961155520428223
SMG1P2&SMG1P5,-0.698644518712602
SMG1P3&SMG1P1,-0.507815883928219
SMG1P6&LOC101060596&LOC105371128,-0.191524058734923
SMIM3,0.0552818044286646
SMLR1,-0.101996149044446
SMN1&SMN2,1.55462269565108
SMNDC1,0.349180183449396
SMO,0.218141380170343
SMPD1,0.215205282033553
SMPD2,-0.0777810467041297
SMPD3,0.235546983602927
SMPDL3A,0.0275047812351393
SMPDL3B,0.0311936206110979
SMU1,1.87193409104969
SMUG1,-0.160706487954942
SMURF1,0.247621375297027
SMURF2,0.343076750668273
SMYD1,-0.054112893666746
SMYD2,-0.196362939211393
SMYD3,-0.47430245462671
SMYD4,-0.107232966706384
SMYD5,-0.0857888793532073
SNAI1,0.309388050253283
SNAI2,0.566907480485338
SNAI3,-0.0892528715103561
SNAP25,-0.118687633536525
SNAP29,0.122106447070483
SNAPC4,0.0720082921898329
SND1,0.0849432163508597
SNHG28,-0.123024352697822
SNRK,0.213026070838361
SNRNP200,1.34906020079663
SNRNP35,0.265145818014978
SNRNP40,0.0196904723801854
SNRNP70,0.275104128061041
SNRPA,1.48638090626221
SNRPB,1.53743866020477
SNRPB2,0.512725356663595
SNRPF,1.15036978480265
SNX31,-0.232135992636642
SOCS1,0.070604958346788
SOCS2,0.377900551671924
SOCS3,0.0831710356837283
SOCS4,0.331259021629058
SOCS5,-0.383962013165181
SOCS6,-0.107427140128932
SOCS7,0.0682445427788698
SOD1,0.668826779656826
SOD2,-0.2593697559504
SOHLH1,-0.102585049233473
SORBS1,-0.394126978236753
SORCS1,-0.125934496541267
SORCS2,0.114447032862951
SORD,0.148920398469623
SORD2P,-0.411928831062498
SORL1,0.0160390755850303
SOS1,-0.0495572027665517
SOS2,-0.206387982928214
SOST,0.185781354613489
SOX1,-0.45193770990282
SOX10,-0.0611205426020085
SOX11,-0.203432737858438
SOX12,-0.0274274663365082
SOX13,-0.129210756177514
SOX14,-0.357756723267968
SOX15,0.0106207562333149
SOX17,0.925060973165367
SOX18,0.324899316954935
SOX2,0.153800124673718
SOX21,0.237708960899065
SOX3,-0.370161277509732
SOX30,0.386218959218441
SOX4,0.338135687137675
SOX6,0.130559784429464
SOX7,-0.118143376127967
SOX8,-0.0423452681071489
SOX9,0.0295451502161421
SP1,0.18875230925609
SP100,-0.0588061400619135
SP110,0.18479963936822
SP140,-0.168557822214919
SP140L,-0.18573268230022
SP3,0.222055084433684
SP4,-0.168234484786407
SP7,0.0686840861032258
SPAG1,0.204600991502641
SPAG16,-0.280936142898958
SPAG4,-0.236111763352685
SPAG6,0.383629774849751
SPAST,0.33684523083088
SPATA13,-0.436731056804836
SPATA5,-0.159157050561435
SPATA5L1,-0.131171810564977
SPECC1,-0.0470779302486227
SPECC1L-ADORA2A&ADORA2A,0.375622612326072
SPEG,-0.27196767380138
SPEN,0.0357056016797097
SPG7,0.230647551739454
SPHAR,-0.0922015556682089
SPHK1,0.232153055367799
SPHK2,0.14797234804342
SPI1,-0.237120567859757
SPIB,0.11353773119087
SPINT2,0.204465798468991
SPO11,0.261519924966294
SPOP,-0.090395640292765
SPOPL,0.308485720003006
SPP1,0.138071139814354
SPR,0.119955612538995
SPRR1A,0.289310247666792
SPRR1B,-0.133158434175855
SPRR2G,-0.246274095573211
SPRR3,0.476696360495351
SPRY2,-0.367075411077765
SPRY4,0.11417536777591
SPRYD4,-0.116184725488629
SPSB1,-0.155354438841841
SPTBN4&DNAJC5B,0.308979521293869
SPTLC1,0.333390760442526
SPTLC2,0.0403898598034764
SPTLC3,-0.294160549838764
SPTY2D1,-0.102374831961144
SQLE,0.023854420859836
SQSTM1,0.0437378099538726
SRC,0.0865233134020322
SRCAP,0.050938411453806
SRD5A3,0.0705237951804876
SREBF1,-0.0144867360298043
SREBF2,-0.0791069788819243
SREK1,-0.0063211119921352
SREK1IP1,0.399485748561182
SRF,0.091292074875915
SRGAP1,0.246840889247787
SRGAP2,0.0934054284946834
SRGAP2B&SRGAP2C,-0.300004922694897
SRGAP2D,-0.127067233746283
SRGAP3,0.201536356090194
SRM,0.144159732485563
SRMS,-0.050934924838567
SRP19,-0.700956119995703
SRPK1,0.329945059599524
SRPK2,0.231874761411763
SRPK3,0.264842698100643
SRPX,-0.204703797457126
SRPX2,0.391136104164591
SRR,-0.342165691753868
SRRD&SIPA1&NOL9&MAGT1,-0.293153172295081
SRRM2,-0.110796683957531
SRSF1,0.583261577904619
SRSF10,0.177322744292941
SRSF11,0.0873397168659522
SRSF12,0.175919646295551
SRSF2,-0.0289377058843556
SRSF3,0.956519554020745
SRSF4,0.018602541244593
SRSF5,-0.0133864500882095
SRSF6,-0.135424294912905
SRSF7,0.105365025542949
SRSF8,-0.0735906853524022
SRSF9,0.207852616290083
SRY,0.0631412993975513
SS18,0.137182489419599
SS18L1,-0.18078406183578
SSB,0.490267389088817
SSH1,-0.0431249373255887
SSH2,0.0183593954488764
SSH3,0.0655052801194443
SSR1,0.296604984322223
SSRP1,1.20348609799044
SSTR1,0.0763425273460464
SSTR2,0.0421450601672412
SSTR3,0.0858618491021212
SSTR4,-0.0238644097266057
SSTR5,-0.0042037927547076
SSX1,0.0828683672949313
SSX2&SSX2B,0.0597670722460021
SSX3,-0.167800705541757
SSX4B&SSX4,0.240603130576549
SSX5,0.409809676494799
SSX6,-0.368679626491253
SSX7,-0.184032754809212
SSX8,-0.559707790054479
SSX9,0.510878898143276
ST18,-0.0434403983869835
ST6GAL1,0.138133131711195
ST7,0.575930681104446
STAG3,-0.249088143728899
STAG3L2,-0.0016514012775593
STAG3L3&STAG3L1,-0.230667461480478
STAG3L5P-PVRIG2P-PILRB,0.255581500300149
STAP1,0.180043616611738
STAR,0.101592988167707
STARD10,0.567719789816802
STARD3,0.105039089211376
STARD4,-0.0232355073445942
STARD6,-0.215084159901935
STARD7,-0.237472335899547
STARD8,0.110008408267923
STARD9,0.12293371334659
STAT1,-0.0609369220121784
STAT2,-0.0052870255755937
STAT3,0.126477903492178
STAT4,0.110108900119708
STAT5A,-0.31240724098456
STAT5B,0.161534696939951
STAT6,-0.104371238589291
STC1,-0.217002096357327
STC2,0.473171273909769
STEAP1,0.0505939202854043
STEAP1B,-0.436717393922261
STIL,0.0052446175186512
STK10,0.0106897148383228
STK11,0.0276757569228714
STK11IP,0.267125456835183
STK16,0.20790645113536
STK17A,0.203068982499774
STK17B,0.200921180853118
STK19,-0.0435897650722589
STK24,-0.136143333677313
STK25,0.33295269582208
STK26,-0.293590762698809
STK3,0.0823128901751868
STK31,0.0260694800127749
STK32A,0.355333695503565
STK32B,0.149888955861506
STK32C,-0.327819848020562
STK33,0.0242660167036725
STK35,-0.15098345821048
STK36,-0.0903505582839318
STK38,-0.175401408084654
STK38L,-0.0144339465650294
STK39,0.11333591831088
STK4,-0.0758323934327444
STK40,0.152504803950681
STKLD1,-0.405266964996276
STOML3,-0.0080360632519775
STON1,-0.167203572237362
STON1-GTF2A1L,-0.195874707802234
STRA8,0.0882907084166135
STRADA,0.133930862116307
STRADB,0.19443407466825
STRAP,-0.0881199202842295
STRN,0.101122281735509
STRN3,-0.143623852096
STRN4,-0.167883027623112
STUM,0.287679587000403
STX12,-0.0039139653728897
STX16-NPEPL1&NPEPL1,0.526121585729718
STX18,0.0273039584304716
STX7,0.0254562257357978
STXBP5,-0.0105847205312356
STXBP5L,-0.16117404286206
STYK1,-0.102433210669479
STYX,-0.170294100275766
STYXL1,-0.212182115482975
SUCLA2,-0.114014045194393
SUCLG1,0.149178523260926
SUCLG2,0.255467997994278
SUCNR1,-0.0011033880248935
SUDS3,0.0533356550100342
SUFU,-0.301500609232713
SULF2,-0.319572462050834
SULT1A1,0.344364887769552
SULT1A2,0.0158824140377962
SULT1B1,0.227057132186481
SULT1C2,0.160992532237079
SULT1C3,-0.191128488884611
SULT1C4,0.0087760008025331
SULT1E1,0.371491238943597
SULT2A1,0.0895171247161602
SULT2B1,0.144978767730252
SULT4A1,0.252841095032049
SULT6B1,0.327517536915498
SUMO1,0.093764257412228
SUMO1P1,-0.329714075989361
SUMO1P3,0.0539829220572709
SUMO2,-0.322493654217855
SUPT16H,1.10683163860723
SUPT5H,0.929151158128445
SUPT6H,0.308355648578072
SUPV3L1,0.518814674276231
SURF4,-0.0826142276762717
SUSD1,-0.273072558715575
SUSD2,-0.0752414636433707
SUSD3,0.0434232769661688
SUSD4,-0.0856682892676337
SUSD5,-0.0033583102768169
SUSD6,0.0250216706924598
SUV39H1,0.0570151124466854
SUV39H2,0.146529515720316
SUZ12,-0.183718240552344
SUZ12P1,0.219641367241542
SVEP1,0.16371250259282
SVIL,-0.0020703076477733
SVIL-AS1,-0.197698162130014
SYDE1,-0.0346301389631251
SYDE2,0.0132501562557181
SYK,-0.165483273962605
SYMPK,0.058156527431524
SYNCRIP,0.107071600762921
SYNJ1,-0.216331092417898
SYNJ2,0.168171798742534
SYNPO,0.111315629467702
SYNRG,0.446683752460193
SYS1-DBNDD2&SYS1,0.125290509098408
SYT4,-0.262777216228729
SYTL4,0.118893095198919
T,-0.0308892041691319
TAAR1,0.0440529220471029
TAAR2,0.330897348789284
TAAR5,-0.0870264754285101
TAAR6,0.469340015810693
TAAR8,-0.239376682960778
TAAR9,0.0631907992373652
TAB2,-0.125814623550935
TACC3,0.315977515539097
TACR1,-0.107626195935002
TACR2,-0.0862066035333862
TACR3,-0.518650135478934
TACSTD2,-0.390745069972295
TADA2A,0.158173760113526
TADA2B,-0.204903131302541
TAF1,0.201788954913817
TAF15,-0.110338632896056
TAF1L,0.0857169059171383
TAF3,0.297549995153075
TAF4B,-0.132653257124627
TAF5,-0.0722391438466475
TAF5L,0.0361371641274596
TAF8&CLVS2&ZNF329,-1.18541805739128
TAGAP,0.173094404204849
TAL1,-0.403828614443905
TAL2,-0.177722182922865
TANC2,0.197154173838962
TAOK1,-0.451299398646972
TAOK2,0.125759325631608
TAOK3,0.365373305776137
TAP1,-0.317107049488037
TAP2,-0.165735982462135
TAPBPL,0.0444060919886911
TAPT1,-0.179221642502283
TARDBP,-0.274403850051493
TAS1R2,0.0433483981478019
TAS1R3,-0.0740730147335106
TASP1,0.0248951902677794
TAX1BP1,-0.179575461514623
TBC1D1,0.218469574432431
TBC1D10A,0.141186433554399
TBC1D10B,0.162733041026646
TBC1D10C,0.201943333742257
TBC1D12,-0.0313048786398349
TBC1D14,0.0895536567268033
TBC1D15,0.100160655767679
TBC1D16,0.0796736011524259
TBC1D17,-0.208972483475658
TBC1D19,8.98137683240173e-05
TBC1D2,-0.188442479973852
TBC1D20,-0.0359256933052952
TBC1D21,-0.162045517746247
TBC1D22A,0.175787284940359
TBC1D22B,0.0351952455001269
TBC1D23,0.0013214693793139
TBC1D24,-0.0837874485113722
TBC1D25,0.402383465932338
TBC1D26,-0.322412681495687
TBC1D28,0.524919353947647
TBC1D2B,0.0176841788534364
TBC1D3,0.0541577384747951
TBC1D30,-0.492162449314304
TBC1D31,0.0482588521480828
TBC1D3B,0.279277253804461
TBC1D3C,-0.12641511141023
TBC1D3D,-0.326928367904774
TBC1D3E,-0.174208484933724
TBC1D3F,-0.13480122721483
TBC1D3G,0.183829961943166
TBC1D3H,0.0446365316016599
TBC1D3I,0.23203885134188
TBC1D3J,0.104612879209035
TBC1D3K,-0.40672580171893
TBC1D3L,-0.075330629159998
TBC1D3P1-DHX40P1,-0.350215348822451
TBC1D3P5,0.04955776852837
TBC1D4,-0.0578196723535399
TBC1D5,0.0753885543987361
TBC1D7,0.436908536512033
TBC1D7-LOC100130357,-0.173498175799232
TBC1D8,-0.203715764470152
TBC1D8B,-0.242333546729929
TBC1D9,-0.0422908319018267
TBC1D9B,0.28988844206666
TBCK,-0.0832573095988672
TBK1,-0.165556919203997
TBL1X,0.145612537753153
TBL1XR1,-0.251326780948717
TBL1Y,-0.184959190196799
TBL2,-0.265638368455087
TBL3,0.517251376752625
TBP,-0.334793243169443
TBPL1,-0.0182126426400951
TBR1,-0.0154798879797367
TBX1,0.261891676293172
TBX15,0.169533268589659
TBX18,0.277135601829824
TBX2,0.1410549218001
TBX20,0.299968876620544
TBX21,-0.165579579201211
TBX3,0.0206561034590416
TBX4,-0.105232749612745
TBX5,0.204987103626559
TBXA2R,0.125714059407713
TBXAS1,0.0432864310003882
TCEA1,0.360904969271847
TCEAL1,-0.157993643424923
TCERG1,0.22037595022037
TCF12,-0.0531541636296106
TCF15,0.420794669891014
TCF19,-0.0577969105226648
TCF20,0.240244720007087
TCF21,-0.221285793308749
TCF23,-0.139684702151916
TCF3,-0.020107351542779
TCF4,-0.139211643261687
TCF7,0.195119741952551
TCF7L1,0.381310946611867
TCF7L2,0.437299026467357
TCFL5,0.759123850651529
TCHH,-0.0326378158997859
TCIRG1,-0.0903394843217753
TCL1A,0.33355774294985
TCL6,-0.286223142444447
TDG,0.207959454848293
TDP1,-0.195398763639149
TDP2,-0.0999122898451231
TDRD1,-0.0681900330940519
TDRD10,-0.182103024305666
TDRD12,-0.0588205615118456
TDRD3,0.0978198582036683
TDRD5,-0.0033301855997982
TDRD6,0.0490331579097333
TDRD7,0.0525819635370647
TDRD9,-0.213284132676441
TDRKH,-0.0647832577710475
TEAD1,0.561324790078763
TEAD2,0.11270002964693
TEAD3,0.142692528960107
TEAD4,-0.0295593785910672
TEC,-0.310714919610067
TECPR1,-0.0238468969759945
TECPR2,-0.2718812463701
TEF,-0.0472793475047464
TEK,0.0316414479410052
TELO2,-0.266671012536204
TEN1-CDK3&CDK3,-0.222692964899283
TENM4,-0.0429006489473738
TEP1,0.0137655848001025
TERB1,0.0058166745869938
TERC,-0.124918417638292
TERF1,-0.171980697329878
TERF2,0.0760871093461164
TERF2IP,0.057113510754937
TERT,0.125031476020463
TESK1,0.189021387869447
TESK2,0.164576978385547
TET1,-0.0807943643861611
TET2,-0.0262762495864818
TET3,-0.0221491359998043
TEX14,0.0801925849636894
TEX15,-0.0900172645344313
TEX2,0.195568884004336
TFAM,0.4423824229521
TFAP2A,-0.154127280341159
TFAP2B,0.0700326941043681
TFAP2C,-0.0070442589323216
TFAP2D,-0.250094066041883
TFAP2E,0.0879852847156725
TFAP4,0.454361085619734
TFDP1,0.392776153919509
TFDP2,0.0484086282506711
TFE3,0.255854158502295
TFEB,-0.0418591791674725
TFEC,0.0984765549263063
TFG,-0.119835119030605
TFPI,0.148507805927427
TFPT,0.0655610877483999
TFRC,0.131584581146483
TG,-0.480618750793521
TGFB1,-0.0049470213050475
TGFB1I1,-0.23793374764371
TGFB2,-0.220928998275105
TGFB3,-0.149023035435156
TGFBR1,0.224226037636522
TGFBR2,-0.019866296232169
TGFBR3,0.142128428040998
TGIF1,-0.0683282443758047
TGIF2,0.0547182595695711
TGIF2-C20orf24,0.243050444445952
TGM2,-0.0175653402341789
TGS1,0.162863695662071
THBS1,-0.0366073467985537
THBS2,-0.41799955146214
THEM4,-0.385568983666084
THOC3,-0.198376256413271
THOC6,-0.0724640351902098
THRA,-0.324252888436137
THRAP3,0.348443603718982
THRB,-0.121512560750963
THRSP,-0.0266259417000584
TIA1,0.122120377793578
TIAL1,0.138220721206154
TIAM1,-0.0593636075083261
TIAM2,0.27480405136327
TICAM1,-0.102035013328261
TIE1,0.115590197898869
TIGAR,-0.162043106579645
TIGIT,0.352384430609572
TIMD4,0.195040778577043
TIMM10,0.243522267218571
TIMM50,0.265185639874732
TINF2,0.219504656110602
TIPARP,-0.35185583347955
TJP1,0.153485646044635
TK1,0.350813533707334
TK2,-0.041415948060495
TKFC,-0.130681223234743
TLCD1,0.165059934019874
TLE1,-0.0766543850127339
TLE2,0.318047830536958
TLE3,-0.277308349888825
TLE4,-0.233318636791594
TLE6,0.0650506786569197
TLK1,-0.209790833909858
TLK2,0.252319492854968
TLL2,0.275929613731006
TLN1,0.407069482538851
TLN2,-0.222397243698351
TLR1,0.241174345190917
TLR10,-0.173500899185655
TLR4,0.351415303049282
TLR5,0.14664587385911
TLR7,-0.055997553358899
TLR8,-0.156683616723979
TLR9,-0.0562359546360523
TLX1,0.15315371704157
TLX2,0.329962754622186
TLX3,0.243373310694449
TM2D2,0.484346273945108
TM4SF18,0.159847234965841
TM4SF19,0.417642631227032
TM4SF19-TCTEX1D2,-0.352826738652122
TM4SF4,0.0157183212878391
TM7SF3,0.0412824773068895
TM9SF2,0.294568185543658
TMC4,-0.474522622822166
TMED10,0.0173533586393003
TMED10P1,-0.189266956335161
TMED9,-0.189003467117452
TMEFF1,-0.415587083670005
TMEFF2&ZNF727&TMEM25&ZNF551,-0.331448924730096
TMEM100,-0.333621707172908
TMEM117,-0.0769186317299111
TMEM123,0.0490109747550278
TMEM128,-0.0217628863275751
TMEM130,0.0473479997069585
TMEM139,0.0733048958254395
TMEM141,-0.0718982612941449
TMEM14B,-0.214961342342572
TMEM14C,-0.249598559991918
TMEM170B,0.279258607880913
TMEM171,0.0071654530522073
TMEM184B,0.0924393420548556
TMEM187,-0.200737106208681
TMEM189,0.599754098117996
TMEM189-UBE2V1,-0.666900639100459
TMEM19,-0.0373663302403906
TMEM199,0.134992766774782
TMEM203,-0.105886924798938
TMEM230,0.33803909192685
TMEM240,0.183914525143907
TMEM241,0.0115474915097071
TMEM254,-0.292569487383262
TMEM30A,-0.427602421266302
TMEM41A,-0.111964241844018
TMEM44,0.0574022891833611
TMEM52,0.36404886905023
TMEM55A,0.130549132226525
TMEM55B,0.124384359121016
TMEM63B,-0.209556554595953
TMEM64,0.165745818524214
TMEM65,0.13651416085258
TMEM67,0.213769978998264
TMEM68,-0.31180666219381
TMEM71,0.104751826943787
TMEM81,-5.63454817520121e-05
TMEM94,-0.0349507548189816
TMEM97,-0.760718475855385
TMLHE,-0.0141533162818318
TMPRSS2,0.530190581282417
TMPRSS3,-0.376958233159956
TMPRSS4,-0.216467838755795
TMTC4,0.0005979028655014
TMUB1,-0.0453688479535784
TMX2-CTNND1,-0.0693039077956866
TNF,0.227530022505836
TNFAIP1,-0.31372662822663
TNFAIP3,0.0958333102720546
TNFAIP6,0.233909899546507
TNFRSF10A,0.18241273172893
TNFRSF10B,-0.223718186148974
TNFRSF11B,-0.318723504502243
TNFRSF12A,-0.245589113579079
TNFRSF13C,-0.315533435170827
TNFRSF14,0.216688976831404
TNFRSF17,-0.182175155747729
TNFRSF18,-0.117720928935152
TNFRSF19,-0.1708757237166
TNFRSF1A,-0.102651357617773
TNFRSF21,0.078031596441255
TNFRSF25,-0.687482876996249
TNFRSF4,-0.226933755853915
TNFSF10,0.389893113941554
TNFSF12-TNFSF13,-0.161204268270957
TNFSF13,-0.19354308577529
TNFSF4,0.0760312813023416
TNIK,0.143256054691152
TNIP1,0.0164476243862765
TNK1,-0.0778431355200491
TNK2,0.27410395493958
TNKS,-0.0849448983508954
TNKS2,-0.136523040846281
TNNI3K,-0.159186400791497
TNR,-0.103223176399358
TNS1,0.0260652173800737
TNS2,-0.403273340424363
TNS3,0.0713221907473884
TNS4,0.32362632583307
TOLLIP,-0.408324757633463
TONSL,1.124934530065
TOP1,0.369829245866153
TOP2A,0.344465676383448
TOP2B,-0.338094059449419
TOP3A,-0.234854283679221
TOPBP1,0.637812743959062
TOPORS,0.127909340207823
TOR4A,-0.157184627005167
TOX3&FRMPD3,0.0527710575760598
TP53,0.514226737515055
TP53BP1,0.252152292088865
TP53I3,0.146814288314296
TP53RK,0.231176988044648
TP63,0.30613699777058
TPBG,0.398455165072694
TPCN2,0.134109653240501
TPH1,-0.013681305625685
TPI1,-0.0216431769026365
TPI1P2,-0.148626707009271
TPI1P3,0.197323703587652
TPM1,-0.103358295228902
TPM2,-0.0460537546235882
TPM3,0.0646944461963341
TPM3P9,-0.094258837124501
TPM4,-0.368506719417938
TPP2,-0.0654566868840493
TPR,0.480844906664224
TPSG1,0.408593267715335
TPT1,0.150113693369878
TPTE,-0.0278570659854943
TPTE2,0.231756034620964
TPTE2P3&TPTE2P2,0.0993024518736932
TPTE2P6,0.0545309784784627
TPX2,0.781457084474085
TRA2A,0.0047613784963108
TRA2B,-0.268808233408095
TRADD,0.0538111289653372
TRAF3,-0.201413777366683
TRAF4,0.137638248934082
TRAF7,-0.0360682243684691
TRAIP,-0.163954760610727
TRAT1,0.183050570034313
TRDMT1,-0.0121963338642227
TREM1,-0.0131424147840711
TREM2,-0.0547797698856199
TREML1,0.115429536062318
TREML2,0.0527784134864264
TREML4,0.0380314500715438
TREX1,0.0195789198975232
TREX2,-0.0176130139192458
TRHR,0.238118953594201
TRIB1,0.183009031377967
TRIB2,-0.0053604100909434
TRIB3,-0.179109626248694
TRIL,0.35220974973161
TRIM13,-0.0600173980400131
TRIM17,-0.0316482208104021
TRIM23,-0.0880128160010798
TRIM24,0.0714102577120611
TRIM26,-0.445126939448065
TRIM27,0.332014605823903
TRIM28,0.359973164853544
TRIM29,0.016092894785702
TRIM32,-0.056156910592189
TRIM33,0.180799669132277
TRIM46,0.155746638762635
TRIM48,-0.110631053222352
TRIM49,0.0007922088780906
TRIM49B,-0.140835150403157
TRIM49C,0.192496911730736
TRIM49D1,0.408489665267496
TRIM49D2,0.466621906700072
TRIM51,-0.142930718711847
TRIM51EP,0.0296744009498966
TRIM51HP,-0.167646139545704
TRIM53AP,-0.710853623430751
TRIM66,0.313115420829255
TRIM74,0.321271651711005
TRIM9,-0.179345081849082
TRIO,-0.038381319566429
TRIP10,0.0085472706619543
TRIP11,-0.206748854789207
TRIP12,0.0426704043646662
TRIP13,0.157124757472869
TRMT5,0.0529929719872964
TRMT61A,-0.211543882966203
TRNAU1AP,-0.0167171104630064
TRO,-0.216434268458631
TRPA1,-0.492704095546411
TRPC3,-0.0441166141195639
TRPC4,0.322685893389805
TRPC5,0.0923807431064044
TRPM1,0.382237962072551
TRPM6,0.381495547690072
TRPM7,0.279886350449733
TRPS1,-0.550443952364476
TRPT1,-0.131030125789196
TRPV1,0.0918437619245195
TRPV3,0.0239288155965248
TRPV4,-0.303724738453078
TRRAP,0.494612849760926
TSC1,-0.10243349639243
TSC2,-0.326103949552399
TSC22D1,-0.259697968465752
TSC22D2,0.117329286834091
TSC22D3,0.190585099817697
TSC22D4,0.197255753483916
TSFM,0.0740688714232538
TSHR,0.173298780808583
TSKU,0.4701737117964
TSNARE1,-0.174392863532783
TSPAN11,0.175882096705949
TSPAN17,-0.403417403515838
TSPAN31,-0.0649465640016623
TSPAN4,-0.106756330759146
TSPAN5,-0.168958636493865
TSPAN6,-0.0412124877067949
TSPAN8,0.427667055923027
TSPAN9,0.256294780882119
TSSK1B,-0.311326640673354
TSSK2,-0.055886829587556
TSSK3,0.0033782095285543
TSSK4,0.338711270651941
TSSK6,0.345131084594446
TSTD3,-0.191328582619775
TTBK1,-0.010396748985994
TTBK2,0.331307339082164
TTC1,0.726312700017879
TTC12,0.581581242064528
TTC16,0.032795813480762
TTC17,0.493800043297153
TTC19,0.0739333964684104
TTC21A,0.350633624906123
TTC21B,-0.0317053003185098
TTC22,-0.274938510937914
TTC23,-0.212858923799277
TTC24,-0.451689876644054
TTC27,0.665502401039336
TTC28,-0.120692642374001
TTC29,0.225742421348507
TTC3,-0.0173670025398816
TTC30A,-0.149530918992053
TTC30B,-0.126980408026617
TTC31,-0.0589231412971002
TTC34,-0.0264820950751943
TTC36,-0.465118638066626
TTC37,0.177733647499786
TTC39C,-0.131521616968638
TTC5,0.276426268293635
TTC7A,-0.0350173980768797
TTC7B,-0.361524577356483
TTC8,0.0657792260829099
TTC9,-0.658275084593473
TTC9B,0.153009282369664
TTC9C,-0.0037255831020432
TTF1,0.664854213154239
TTF2,0.0902572080781693
TTK,0.932806850994505
TTL,-0.0057188640047465
TTN,0.0449091653541583
TUB,0.0097040067692739
TUBB,0.47988562625945
TUBB2A,0.323995365831951
TUBB8,0.258565440697014
TUBBP5,-0.252036921770469
TUBD1,-0.313247986749556
TULP4,-0.134365978946701
TWF1,-0.0863406199041629
TWF2,0.155321364772229
TWIST1,0.0602008439116047
TWIST2,0.126456051214401
TWNK,-0.33058588273398
TXK,-0.287702086999921
TXN,0.429708617865245
TXNDC11,-0.0253510400737634
TXNDC12,0.262377126763934
TXNRD1,-0.285609371751086
TXNRD2,0.211859731241854
TXNRD3,0.0313205090417062
TYK2,-0.0909781495853674
TYMP,0.400920305805973
TYMS,-0.0492929928904041
TYRO3,0.159028234571232
TYW5,0.131126332399011
U2AF1L4,0.0447125665548964
U2AF1L5&U2AF1,1.71720116654209
U2AF2,0.576287159564368
U2SURP,0.637163159773407
UBA1,1.13954468422964
UBA2,0.0216011715845083
UBA3,0.220445132798188
UBA5,-0.331121954968737
UBA52,1.52886733736782
UBA6,0.307445471038522
UBA7,-0.175254085065295
UBAC2,0.197296624567333
UBASH3A,-0.23843355327732
UBASH3B,0.0793336712914106
UBB,0.254177374718364
UBBP4,-0.59934034582877
UBC,0.143918954653906
UBD,-0.063156571465741
UBE2A,0.0884177695750713
UBE2B,0.140505142127509
UBE2C,-0.0545542203529745
UBE2D1,-0.171001653251833
UBE2D2,0.121303064635299
UBE2D3,0.468038144456711
UBE2D4,-0.303856375798777
UBE2E1,-0.0155898914089258
UBE2E2,0.159335329336247
UBE2E3,-0.57891059856428
UBE2E4P,0.0712310026238441
UBE2F,-0.185953700863094
UBE2F-SCLY,0.154826021407966
UBE2G1,-0.0224525345794273
UBE2G2,-0.261424268964873
UBE2H,0.136747586452151
UBE2I,-0.0770122587055932
UBE2J1,-0.290440634777473
UBE2J2,0.230375694131816
UBE2K,-0.209834918335849
UBE2L3,0.58949520133555
UBE2L6,0.244389119821404
UBE2M,-0.129623971950515
UBE2MP1,-0.0392272297428242
UBE2N,-0.054405804448426
UBE2NL,0.246157264388027
UBE2O,-0.0353114465996444
UBE2Q1,-0.0370127503396921
UBE2Q2,-0.435201162204735
UBE2QL1,-0.268892151428509
UBE2R2,-0.0475905821203657
UBE2S,-0.262230706482202
UBE2T,-0.312571590840851
UBE2U,0.0514202859323413
UBE2V1,0.666204802295076
UBE2V2,0.39654924855846
UBE2W,-0.0481337448435885
UBE2Z,0.640418441793496
UBE3A,-0.279712322843359
UBE3B,-0.105205410178494
UBE3C,0.0462299467166844
UBE4A,-0.185014525957339
UBE4B,0.0548815464510279
UBFD1,-0.156580034221527
UBL4A,-0.105256021350428
UBL4B,0.211826187423999
UBL5,0.450300845933998
UBL7,0.293371678199764
UBLCP1,0.111496169521155
UBN1,-0.387687992636129
UBP1,0.151796466985358
UBQLN1,-0.0031599660738455
UBQLN2,0.241835290255745
UBQLN3,-0.210026544180485
UBQLN4,0.226753028965995
UBQLNL,-0.17277517907955
UBR5,-0.118695564375573
UBR7,0.295409089777089
UBTD1,-0.0517427840941632
UBTD2,-0.129201717091913
UBTF,0.458664884160514
UBXN4,-0.211681227632544
UCHL5,0.306028473736974
UCK1,-0.457857746932242
UCK2,-0.0850496849997835
UCKL1,0.228899789536162
UGT3A1,0.104678020576585
UGT3A2,-0.328695993405512
UGT8,-0.11365887150442
UHMK1,-0.128470702626335
UHRF1,0.319244397576149
UHRF2,-0.164937040942332
UIMC1,0.150775504241238
ULBP1,0.122310775994677
ULBP2,-0.111127839427057
ULBP3,-0.0148648995121611
ULK1,0.0019130971193426
ULK2,0.497551242420201
ULK3,0.0496564918188955
ULK4,0.021843897084169
ULK4P2&ULK4P1,-0.0993911349840231
ULK4P3,0.15802002078784
UNC119,0.13550998803959
UNC119B,0.776326720477517
UNC45A,-0.0630894704910956
UNC45B,-0.0439204783623452
UNC5A,-0.0836178159994632
UNC5B,0.0821510602786021
UNC5C,0.12511576179201
UNC5CL,-0.107709222258236
UNC5D,0.0229198675861219
UNG,0.160041131161766
UNK,0.103348549598143
UPF2,0.294129334277239
UPF3A,-0.13349723043794
UPK1A,-0.142101208273346
UPK1B,-0.167154165991684
UPK3B,-0.0680280437222149
UPK3BL1,-0.865406595678625
UPK3BL2,0.367881597528616
UPRT,-0.0817033252591853
UQCRB,-0.0663366946418925
UQCRBP1,0.244808700461201
URAD,0.0108107965623222
URI1,0.235892303205913
USF1,0.151682039597132
USF2,0.254725877793836
USF3,0.149592225669024
USP1,0.389431679414366
USP10,0.0918576014397053
USP13,0.117327056442396
USP14,-0.328119504371653
USP16,-0.0992412923576702
USP19,0.131466817651601
USP20,-0.359243757699834
USP22,0.149640140646464
USP25,-0.14895431812685
USP28,0.386664817166989
USP3,-0.0601154714932252
USP32P1&USP32P2&USP32P3,-0.0589524728341905
USP33,-0.0303051921435856
USP35,0.350788330927403
USP39,1.30122476710534
USP44,0.0611296420736687
USP49,0.163647081349282
USP5,0.40273173099065
USP6,-0.0810547220380451
USP6NL,0.164537542263046
USP7,0.114553991919007
USP8,0.172828907884461
USP9X,0.459224157807792
USP9Y,0.196357624700844
USPL1,0.0727439935568969
UST,0.203561591671103
UTP15,0.437135765895949
UTP18,0.497956465994049
UTP4,0.38733743394986
UTRN,0.0561757936913975
UTS2B,-0.62299534700658
UTS2R,0.178480409374621
UTY,-0.190101009866583
UVRAG,0.126316930509218
UVSSA,0.0481162441433333
VAMP4,-0.060643804793921
VANGL1,0.0309984976078465
VANGL2,0.372895737896434
VAPB,0.22840436401709
VARS,1.4459954884212
VASN,-0.0452507893908394
VAT1,0.0695822417091981
VAT1L,-0.0155029187737366
VAV1,-0.314956797714749
VAV2,-0.336066187892492
VAV3,-0.327646913501156
VAX1,0.42724265254005
VAX2,-0.254969976298608
VCAM1,-0.161317347428123
VCAN,-0.182090347843839
VCP,0.990035541116524
VCPKMT,-0.0712009489930053
VDAC2,-0.0693092966435206
VDAC3,-0.0521109235874995
VDR,-0.0202819089861395
VEGFA,0.0903380047663285
VEGFB,0.209055604805661
VGLL1,0.114967615914879
VHL,-0.113729906794947
VIM,0.188460561574953
VIT,-0.0635257785716399
VLDLR,0.311816423051013
VMP1,-0.0299205698111592
VN1R5,-0.255204389085032
VNN1,0.379121681371482
VNN3,-0.092829902851936
VOPP1,-0.0866850390668964
VPREB1,-0.171403561536744
VPREB3,-0.177573872746733
VPS28,0.132586980106164
VPS4A,0.346491026156119
VPS4B,0.0545772064891647
VPS50,0.0723007822986568
VPS72,0.335041252743161
VRK1,-0.198062927201759
VRK2,-0.137823521149341
VRK3,-0.472958308273923
VSIG1,-0.0919617947998155
VSIG10,0.0838446686924799
VSIG2,0.207907686372601
VSIG4,0.245780924944745
VSIG8,-0.111557422505133
VSIR,0.222636970627312
VSNL1,-0.127403783338011
VSTM1,0.0785048420666838
VSTM2A,-0.0851043324016487
VSTM2B,0.21846158524414
VSTM2L,-0.316202897736659
VSTM4,-0.100522705826376
VSTM5,-0.0064113861832902
VSX1,0.231973770071487
VSX2,-0.251937076538764
VTCN1,-0.246978338365256
VTI1A,-0.145284498934361
VWA1,-0.487841639233441
VWA2,-0.177805765614835
VWC2,-0.0779698250857116
VWCE,-0.349252375228191
VWF,0.0654354430915135
WARS2,0.412612631119012
WAS,-0.0809997524300648
WASH2P,-0.189349712932729
WASH3P,-0.405111256502535
WASH7P,-0.650678233371212
WASHC1,-0.0447859041321308
WASL,0.231498414987135
WBP2,0.47405021705093
WDCP,-0.0167990787800814
WDFY1,0.101637332358714
WDFY2,-0.179414868218969
WDFY3,-0.0030379373643322
WDFY4,-0.306931828099242
WDHD1,0.0871375697376976
WDR1,0.23924705803485
WDR11,0.141632553071117
WDR12,1.01403212261506
WDR13,-0.274962360154886
WDR17,0.27756949227292
WDR18,-0.359259558209118
WDR19,0.0525105358128944
WDR20,-0.136576398302447
WDR24,-0.0906050446483278
WDR25,-0.162253211797168
WDR26,0.345728928795152
WDR27,-0.0065255414306892
WDR3,0.738275727126475
WDR31,-0.0461002969786308
WDR33,-0.184413710751089
WDR34,-0.0729498449730411
WDR35,-0.199093562355646
WDR36,0.383516002853121
WDR37,0.0092491512483337
WDR38,-0.138059669091574
WDR4,-0.11961040035958
WDR41,-0.0568757820543861
WDR43,0.773441753232195
WDR44,0.0732765485462712
WDR45,0.349078531555673
WDR45B,0.0954265652669718
WDR46,1.01996360627574
WDR47,-0.102894135454145
WDR48,0.308344683212286
WDR49,0.166399031158198
WDR5,0.502568347756232
WDR53,-0.272827739522125
WDR54,-0.388470926749588
WDR55,-0.398596757271922
WDR59,-0.301947839029008
WDR5B,0.0689921835824103
WDR6,-0.0832873594783232
WDR60,-0.110075700308488
WDR61,0.344677751253923
WDR62,0.218982426899284
WDR63,-0.262299093942502
WDR64,-0.238410596278734
WDR66,0.0666085066260612
WDR7,-0.138807396396677
WDR70,0.535403584231149
WDR72,-0.0918952826354866
WDR73,-0.150681231776058
WDR74,0.582191679537993
WDR75,0.686483252220834
WDR76,-0.224840830690875
WDR78,0.0237343461178667
WDR81,0.289605409887578
WDR82,0.038029905202499
WDR83,-0.277798726819404
WDR86,0.105907272110656
WDR87,0.0950755736551693
WDR88,-0.100291848493816
WDR89,0.566204962636961
WDR90,-0.417309334143531
WDR91,-0.170742516658613
WDR92,0.279308432177209
WDR97,0.0279718288199727
WDTC1,-0.518145194563778
WDYHV1,-0.153702872088245
WEE1,0.621670289181165
WEE2,-0.0803440287161204
WEE2-AS1,0.269750022084322
WFIKKN1,-0.154149604796968
WFIKKN2,-0.220382845825213
WFS1,-0.132093039405345
WIF1,0.299768428569914
WIPI1,-0.0752232435682863
WIPI2,0.0646366106184739
WISP2,-0.166092834584315
WNK1,0.198716793893906
WNK2,-0.115241443840322
WNK3,-0.0283234947121325
WNK4,-0.175776640109817
WNT1,0.111585800820354
WNT10A,-0.077011598866274
WNT10B,0.0796520051903906
WNT11,0.0717580922873343
WNT16,0.188834314261668
WNT2,-0.352838982515401
WNT2B,0.304411206643946
WNT3,0.233597412490075
WNT3A,-0.307795684833065
WNT4,-0.242901600357466
WNT5A,-0.402005669577719
WNT5B,0.016030159416169
WNT6,0.0391107920708544
WNT7A,-0.331904168746607
WNT7B,0.365697116541341
WNT8A,0.114481526056726
WNT8B,0.0294627552263733
WNT9A,0.164367650130987
WNT9B,0.101504599765676
WRAP53,-0.339597799548584
WRAP73,0.0959268680843938
WRN,0.0734408073408435
WRNIP1,0.237208515224585
WSB1,-0.249692196820314
WSB2,-0.206453686931713
WSCD1,0.0326061450748947
WT1,-0.291314735341729
WTH3DI,0.162773680315381
WWOX,0.0546457689772147
WWP1,0.155144751507568
WWTR1,-0.0014540190762997
XAB2,0.740718732465861
XAF1,0.081852079311282
XBP1,0.0207609098371688
XCR1,0.0781135896315664
XDH,0.0720429692610644
XIAP,0.20634339014954
XKR4,0.038539073082978
XKRX,0.0845455241496463
XPA,0.115243561489998
XPC,-0.0910355937021879
XPO1,0.611561915292919
XPO4,-0.455214191680326
XPOT,0.0187767070122546
XPR1,0.0469328112365321
XRCC1,-0.037719399167031
XRCC2,-0.19240063915
XRCC3,0.0956768325991293
XRCC4,-0.559674826934235
XRCC5,0.340330497247089
XRCC6,1.20909005049505
XRRA1,0.838852844512631
XYLT2,-0.153888866175191
YAF2,0.13074258215689
YAP1,0.0207956413817192
YBX1,0.276610456490007
YBX3,0.182480499236313
YBX3P1,-0.44175361104721
YEATS4,0.201652370850212
YES1,0.0920185373408553
YIF1B,-0.19141095084035
YME1L1,0.226391133493227
YTHDC2,-0.205547978616132
YWHAB,0.208733337694887
YWHAE,-0.0408575907046275
YWHAEP1,0.125057845338863
YWHAH,0.178034904682934
YWHAZ,-0.0053521750991055
YY1,0.375723595353294
YY1P2,-0.395281788344323
ZACN,-0.155632752175559
ZADH2,0.0389342265692552
ZAP70,0.195772487639515
ZBTB1,-0.362603297058638
ZBTB10,-0.0603800570998635
ZBTB11,0.0591295476046962
ZBTB12,0.0505211519795798
ZBTB14,-0.0456984180452217
ZBTB16,0.169419863083525
ZBTB17,-0.215006889718673
ZBTB18,0.118004275815935
ZBTB2,0.011832210613119
ZBTB21,-0.128936230362541
ZBTB22,-0.0544510582664072
ZBTB24,-0.119216921444223
ZBTB25,0.0570675575962884
ZBTB26,0.172459276208276
ZBTB3,-0.40771995239863
ZBTB32,0.200273161276801
ZBTB33,0.106482501057078
ZBTB34,0.218914256407238
ZBTB37,0.164532626898708
ZBTB38,0.905606976921436
ZBTB39,-0.20392635053043
ZBTB4,0.614631822600859
ZBTB40,-0.32130194533734
ZBTB41,0.527895953608384
ZBTB42,0.253446130469288
ZBTB43,0.0026553903115863
ZBTB44,0.661386992481605
ZBTB45,0.549914072847677
ZBTB46,0.230341966830766
ZBTB47,0.356943264108566
ZBTB48,-0.0470393800857286
ZBTB49,0.180460739697257
ZBTB5,0.0155499329709264
ZBTB6,-0.347492686147241
ZBTB7A,-0.0338023054951388
ZBTB7B,-0.0571516078526856
ZBTB7C,-0.0118286973421763
ZBTB8A,-0.196159317934331
ZBTB8B,0.0456714031180816
ZBTB9,-0.161933013034971
ZC3HAV1,0.588090131302686
ZC3HC1,0.0826565995498967
ZCCHC3,0.332825051736856
ZCRB1,-0.0403070561824658
ZCWPW1,0.184966072112502
ZCWPW2,-0.224523430341449
ZDHHC17,0.14121692601862
ZDHHC19,0.477709460130827
ZDHHC20,-0.214320670760495
ZEB1,-0.0704319467036515
ZEB2,0.387171106617264
ZFAND4,-0.0970541253778595
ZFHX2,-0.0729786293629684
ZFHX3,0.315546572070327
ZFHX4,-0.451967259653969
ZFP36,-0.176166564186158
ZFP36L1,0.0906071537536939
ZFP36L2,0.141669485475868
ZFPM2,0.0046176192085384
ZFYVE1,0.28612800205168
ZGPAT,-0.0372376525477106
ZHX2,-0.0360775890397929
ZIC1,-0.161517800806475
ZIC2,0.0236598399555573
ZIC5,0.0333390036859726
ZKSCAN1,-0.0185534533943675
ZKSCAN3,0.0712785638891242
ZKSCAN4,0.63712756920083
ZKSCAN8,-0.0204645496807294
ZMPSTE24,-0.375234326318181
ZMYM2,0.214141159166576
ZMYM5,0.0082940863388587
ZMYND11,0.165072457445365
ZMYND12,-0.0618460553717095
ZMYND8,0.144236566656363
ZNF106,0.241364868104338
ZNF131,-0.295951079537973
ZNF141,-0.274918578005088
ZNF142,0.0679297537153299
ZNF148,0.16638542574387
ZNF165,-0.0556140828710752
ZNF180,0.112366788042029
ZNF189,-0.184214547861014
ZNF197&ZNF660-ZNF197,0.0425493864216317
ZNF202,0.332625121951648
ZNF207,1.10759695509505
ZNF217,0.590690434457816
ZNF219,0.147755405690868
ZNF232,0.215796769789356
ZNF239,0.387967157598265
ZNF24,0.2485684619554
ZNF257,-0.34413240803961
ZNF3,-0.0173878101420774
ZNF331,0.0892392549898637
ZNF33A,0.290329961301639
ZNF33B,-0.129540118927676
ZNF346&PLSCR2&PHYKPL,-0.311802177918501
ZNF350,0.197045748059718
ZNF367,0.22544408059368
ZNF384,0.0443455262679475
ZNF397,0.0759096519222809
ZNF408,0.0346000577986496
ZNF423,0.288321071048937
ZNF429,0.342488938368232
ZNF43,0.0903843696792694
ZNF432,-0.383963904796813
ZNF444,-0.207823119074949
ZNF491,0.170380731864253
ZNF493,-0.139853038525101
ZNF496,0.136918280910079
ZNF521,-0.117417834209472
ZNF594,0.305881101690333
ZNF597&ZNF420&ZKSCAN5&ZNF283&ZNF192P1,-0.291356174667183
ZNF607,0.57365465751888
ZNF609,0.197838834696776
ZNF625,-0.11123728467259
ZNF625-ZNF20,-0.154223901483746
ZNF638,0.150410226709079
ZNF649,0.40054899804901
ZNF652,-0.217837811013226
ZNF689,-0.0467498587194885
ZNF703,-0.302877518878321
ZNF738,-0.13295746330092
ZNF76,-0.173593891465276
ZNF781,0.0052537775620059
ZNF788,-0.390849276700048
ZNF850,-0.0996225500097012
ZNF90,-0.191195785375048
ZNF92,-0.165966799076392
ZRANB2,0.470695767528452
ZRANB3,0.0474434100627657
ZRSR2,0.429245092632116
ZSCAN12,0.0606684502822721
ZSCAN16,0.122940460254215
ZSCAN22,0.0056893185229847
ZSCAN32,-0.0670991526039533
ZWINT,-0.0709767403289343
ZXDC,0.162885489520024
ZZZ3,0.144901411102617
