action_id,score
A1BG,0.096188922
A1CF,0.007600501
A2M,0.175138514
A2ML1,0.111160531
A3GALT2,-0.034579698
A4GALT,-0.538151464
A4GNT,-0.994489822
AAAS,-1.043515821
AACS,0.380969643
AADAC,0.327529238
AADACL2,-0.041955647
AADACL3,0.252013971
AADACL4,0.09848588
AADAT,-0.008270964
AAGAB,0.284726043
AAK1,0.071087299
AAMDC,-0.104051334
AAMP,-0.489332967
AANAT,0.112860787
AAR2,-0.187940911
AARD,0.509912461
AARS1,-0.449337088
AARS2,-0.018331065
AARSD1,-0.320860672
AASDH,-0.180145765
AASDHPPT,0.077019346
AASS,-0.228238797
AATF,0.428903742
AATK,0.056179227
ABALON,-0.2255742
ABAT,0.0161303
ABCA1,-0.478634533
ABCA10,-0.165222199
ABCA12,-0.140730126
ABCA13,0.507875908
ABCA2,0.119820189
ABCA3,-0.23335375
ABCA4,0.02431084
ABCA5,-0.259273852
ABCA6,-0.293782625
ABCA7,0.207256999
ABCA8,-0.479320309
ABCA9,-0.217755295
ABCB1,-0.686051949
ABCB10,0.282555958
ABCB11,0.213923653
ABCB4,-0.119056181
ABCB5,0.051713603
ABCB6,0.065204529
ABCB7,0.585456538
ABCB8,0.172317129
ABCB9,0.336610947
ABCC1,-0.099748705
ABCC10,-0.509272609
ABCC11,-0.131420557
ABCC12,0.170418928
ABCC2,-0.000483747
ABCC3,-0.108598174
ABCC4,-0.483451903
ABCC5,-0.618744448
ABCC6,0.315848827
ABCC8,-0.039943806
ABCC9,0.285868184
ABCD1,0.509161373
ABCD2,-0.071062452
ABCD3,0.022230852
ABCD4,-0.185869776
ABCE1,1.052731694
ABCF1,0.751449372
ABCF2,-0.430634084
ABCF3,-0.262526179
ABCG1,0.350407569
ABCG2,-0.396846011
ABCG4,0.304380078
ABCG5,0.962811423
ABCG8,0.629056545
ABHD1,-0.242166614
ABHD10,0.082929085
ABHD11,-0.039354936
ABHD12,-0.094789243
ABHD12B,-0.030551231
ABHD13,0.370078941
ABHD14A,0.162364283
ABHD14A-ACY1,-0.147252599
ABHD14B,0.353174826
ABHD15,0.147061433
ABHD16A,-0.132777375
ABHD16B,0.259397356
ABHD17A,0.720999765
ABHD17AP1,0.518427752
ABHD17B,0.013330416
ABHD17C,0.201387311
ABHD18,0.128879694
ABHD2,0.175307853
ABHD3,-0.506500215
ABHD4,-0.25023584
ABHD5,0.548874255
ABHD6,-0.232578727
ABHD8,0.356915192
ABI1,0.344944451
ABI2,-0.250909836
ABI3,0.282704732
ABI3BP,-0.672877192
ABITRAM,-0.195990803
ABL1,0.228053325
ABL2,-0.158072801
ABLIM1,-0.066778307
ABLIM2,0.013554158
ABLIM3,0.313145348
ABO,-0.339372426
ABR,-0.687933378
ABRA,0.042137847
ABRACL,0.137053193
ABRAXAS1,-0.43703774
ABRAXAS2,-0.083408227
ABT1,-0.188571612
ABTB1,0.238522796
ABTB2,-0.171309211
ACAA1,-0.075506871
ACAA2,-0.308286602
ACACA,-0.201971929
ACACB,-0.549623696
ACAD10,-0.253128465
ACAD11,-0.234122833
ACAD8,0.155013757
ACAD9,0.110312982
ACADL,-0.407194438
ACADM,0.045472728
ACADS,0.4719709
ACADSB,-0.701603748
ACADVL,-0.364734735
ACAN,0.084914369
ACAP1,-0.18805992
ACAP2,-0.161373912
ACAP3,0.330939412
ACAT1,0.139643451
ACAT2,0.159415478
ACBD3,0.271330686
ACBD4,-0.230107361
ACBD5,0.161817511
ACBD6,-0.115317178
ACBD7,-0.078049599
ACBD7-DCLRE1CP1,0.003987314
ACCS,0.593775881
ACCSL,0.666838892
ACD,0.258958495
ACE,0.078001067
ACE2,-0.147867372
ACER1,0.036861256
ACER2,0.156236262
ACER3,-0.723838106
ACHE,0.252384761
ACIN1,0.632556302
ACKR1,0.015593744
ACKR2,0.066230371
ACKR3,0.115647218
ACKR4,0.043253681
ACLY,0.737607156
ACMSD,-0.106500004
ACO1,0.113981136
ACO2,0.57259616
ACOD1,-0.20700408
ACOT1,0.065807576
ACOT11,0.489546477
ACOT12,-0.405345136
ACOT13,-0.04047003
ACOT2,0.351537375
ACOT4,0.301019217
ACOT6,0.052953752
ACOT7,0.52110006
ACOT8,0.147628885
ACOT9,0.244256692
ACOX1,-0.299965106
ACOX2,0.13088481
ACOX3,0.210353955
ACOXL,-0.076730047
ACP1,0.120655487
ACP2,-0.247615638
ACP4,-0.19727266
ACP5,0.326043071
ACP6,-0.386913895
ACP7,0.718235324
ACPP,0.229049527
ACR,-0.037318168
ACRBP,0.25757653
ACRV1,-0.103919251
ACSBG1,-0.625461895
ACSBG2,0.19639873
ACSF2,0.288084841
ACSF3,-0.791876884
ACSL1,-0.093995608
ACSL3,-1.063930768
ACSL4,0.140340619
ACSL5,-0.023012621
ACSL6,0.059921819
ACSM1,-1.127961887
ACSM2A,-0.021255588
ACSM2B,-0.302289251
ACSM3,-0.101584028
ACSM4,-0.362999305
ACSM5,0.491979183
ACSM6,-0.532801629
ACSS1,0.29224031
ACSS2,-0.009578923
ACSS3,-0.637091515
ACTA1,-0.147358265
ACTA2,0.004889065
ACTB,0.478882168
ACTBL2,0.20088463
ACTC1,-0.410847824
ACTG1,0.483950195
ACTG2,-0.323241232
ACTL10,0.552737402
ACTL6A,0.506396075
ACTL6B,-0.308331499
ACTL7A,0.115317705
ACTL7B,0.10591536
ACTL8,0.07853634
ACTL9,-0.283428401
ACTN1,-0.438671992
ACTN2,0.008618641
ACTN3,-0.088031314
ACTN4,-0.009292753
ACTR10,-0.15612613
ACTR1A,0.447452344
ACTR1B,0.518471555
ACTR2,0.361173769
ACTR3,0.041931488
ACTR3B,-0.031498739
ACTR3C,0.237162713
ACTR5,-0.487344401
ACTR6,0.389792458
ACTR8,-0.170568763
ACTRT1,0.230150594
ACTRT2,0.462410879
ACTRT3,-0.397321685
ACVR1,0.199991601
ACVR1B,-0.54158275
ACVR1C,-0.67693069
ACVR2A,-0.538720414
ACVR2B,-0.639451828
ACVRL1,-0.747195681
ACY1,-0.207274601
ACY3,0.30580576
ACYP1,0.021051817
ACYP2,-0.153258736
ADA,-0.257177927
ADA2,0.221738424
ADAD1,0.38579566
ADAD2,0.113587931
ADAL,0.600391075
ADAM10,-0.266771278
ADAM11,0.059214018
ADAM12,-0.473998519
ADAM15,-0.264947526
ADAM17,-0.129113578
ADAM18,0.44835728
ADAM19,-0.233694758
ADAM2,-0.177667405
ADAM20,0.400530246
ADAM21,-0.159861187
ADAM22,0.066891095
ADAM23,0.216548806
ADAM28,0.353023194
ADAM29,0.164926152
ADAM30,0.022316346
ADAM32,-0.157083357
ADAM33,0.051849903
ADAM7,0.36619284
ADAM8,0.304669538
ADAM9,-0.23464014
ADAMDEC1,0.426727118
ADAMTS1,-0.097975457
ADAMTS10,-0.47966116
ADAMTS12,0.462244763
ADAMTS13,0.022002636
ADAMTS14,-0.024804249
ADAMTS15,0.302996927
ADAMTS16,0.112456365
ADAMTS17,0.192260176
ADAMTS18,0.340922764
ADAMTS19,-0.360423654
ADAMTS2,0.173692944
ADAMTS20,-0.018418568
ADAMTS3,0.398422055
ADAMTS4,-0.231160572
ADAMTS5,0.043845829
ADAMTS6,0.358799675
ADAMTS7,-0.420983207
ADAMTS8,0.555917565
ADAMTS9,0.05435427
ADAMTSL1,0.393663021
ADAMTSL2,-0.688386833
ADAMTSL3,-0.44021035
ADAMTSL4,-0.370581973
ADAMTSL5,-0.097091541
ADAP1,0.551994483
ADAP2,-0.060882615
ADAR,-0.767351267
ADARB1,-0.441157141
ADARB2,-0.169574119
ADAT1,-0.275667589
ADAT2,-0.192199094
ADAT3,0.035052743
ADCK1,0.645043685
ADCK2,0.193123993
ADCK5,0.018759906
ADCY1,-0.032350397
ADCY10,-0.354262817
ADCY2,0.189137476
ADCY3,-0.08071013
ADCY4,-0.141294871
ADCY5,0.312372792
ADCY6,0.008610686
ADCY7,0.42608209
ADCY8,-0.235683297
ADCY9,-0.406492206
ADCYAP1,0.09931047
ADCYAP1R1,0.073734272
ADD1,0.348910406
ADD2,-0.59067188
ADD3,0.351900174
ADGB,0.031836121
ADGRA1,-0.608014676
ADGRA2,-0.112905674
ADGRA3,-0.136452993
ADGRB1,0.453834709
ADGRB2,-0.317984002
ADGRB3,-0.20706285
ADGRD1,0.049087144
ADGRE1,0.04724206
ADGRE2,0.032396203
ADGRE3,-0.635336543
ADGRE5,-0.562236889
ADGRF1,0.45953204
ADGRF2,0.029743672
ADGRF3,0.299801012
ADGRF4,-0.573974286
ADGRF5,0.410881629
ADGRG1,0.504409179
ADGRG2,-0.863818551
ADGRG3,0.546496234
ADGRG4,-0.342711428
ADGRG5,0.098273931
ADGRG6,-0.038299279
ADGRG7,0.130827074
ADGRL1,-0.287034742
ADGRL2,9.80711e-05
ADGRL3,-0.395581476
ADGRL4,-0.115579622
ADGRV1,-0.595132844
ADH1A,0.188249129
ADH1B,-0.326789514
ADH1C,0.102570581
ADH4,0.220426141
ADH5,-0.186667337
ADH6,0.129905116
ADH7,0.203889262
ADHFE1,-0.087395626
ADI1,-0.418085114
ADIG,-0.32432256
ADIPOQ,-0.066796301
ADIPOQ-AS1,-0.066796301
ADIPOR1,-0.147297045
ADIPOR2,-0.207921848
ADIRF,-0.15241561
ADK,0.446682029
ADM,-0.089348534
ADM2,0.315660308
ADM5,-0.100590884
ADNP,-0.589484605
ADNP2,-0.558442128
ADO,0.145918019
ADORA1,-0.145818483
ADORA2A,-0.292896641
ADORA2B,0.484878621
ADORA3,0.398013252
ADPGK,0.231503237
ADPRH,-0.228717293
ADPRHL1,0.146972499
ADPRHL2,0.354648679
ADPRM,0.599344248
ADRA1A,0.087251268
ADRA1B,-0.681826414
ADRA1D,-0.256058567
ADRA2A,0.211185645
ADRA2B,-0.42840639
ADRA2C,-0.34090957
ADRB1,-0.194063248
ADRB2,0.209334249
ADRB3,-0.462604838
ADRM1,-0.13201554
ADSL,-0.72550753
ADSS1,-0.177152011
ADSS2,-1.11168406
ADTRP,0.345674578
AEBP1,0.353641488
AEBP2,-0.362270158
AEN,0.280342209
AES,-0.612506138
AFAP1,-0.868793112
AFAP1L1,-0.51930346
AFAP1L2,0.802166728
AFDN,-0.469876776
AFF1,-0.090780353
AFF2,0.099473812
AFF3,-0.327900013
AFF4,-0.081995943
AFG1L,-0.117989006
AFG3L2,0.438905313
AFM,-0.174395953
AFMID,0.09382711
AFP,-0.622264442
AFTPH,-0.099895422
AGA,0.039173293
AGAP1,0.04826335
AGAP10P,-0.476446032
AGAP11,0.514557626
AGAP12P,-0.086798062
AGAP2,0.184945506
AGAP3,-0.079771874
AGAP4,-0.30083992
AGAP5,0.026042864
AGAP6,0.144772125
AGAP7P,-0.476446032
AGAP9,-0.354589074
AGBL1,0.04087083
AGBL2,-0.256406089
AGBL3,-0.394585169
AGBL4,0.212389775
AGBL5,-0.077186929
AGER,-0.19734622
AGFG1,0.449733936
AGFG2,0.396976622
AGGF1,-0.699976148
AGK,-0.871532973
AGL,-0.298601467
AGMAT,0.417914337
AGMO,0.496811533
AGO1,-0.38581886
AGO2,-0.237656994
AGO3,0.069141108
AGO4,-0.187768063
AGPAT1,0.132935404
AGPAT2,-0.111655892
AGPAT3,-0.157886883
AGPAT4,0.005360647
AGPAT5,0.257880664
AGPS,-0.017272131
AGR2,-0.615111221
AGR3,-0.079976081
AGRN,0.143715693
AGRP,-0.375963993
AGT,0.329974755
AGTPBP1,0.240420116
AGTR1,-0.313886539
AGTR2,-0.17203201
AGTRAP,-0.524616033
AGXT,-0.098437485
AGXT2,0.05870999
AHCTF1,-0.063861924
AHCY,-0.815254373
AHCYL1,-0.120845064
AHCYL2,-0.002237073
AHDC1,0.331532792
AHI1,0.535339186
AHNAK,-0.199992281
AHNAK2,-0.572617707
AHR,0.450838979
AHRR,-0.347747423
AHSA1,-0.261986206
AHSA2P,-0.087568333
AHSG,-0.316659125
AHSP,-0.571335706
AICDA,0.318213367
AIDA,0.160447481
AIF1,-0.194634119
AIF1L,-0.251944201
AIFM1,-0.110781923
AIFM2,-0.652786422
AIFM3,0.094378339
AIG1,-0.577972488
AIM2,-0.124511546
AIMP1,0.238019145
AIMP2,-0.328192125
AIP,-0.255317576
AIPL1,0.337331275
AIRE,0.134687842
AJAP1,0.098941481
AJM1,-8.90758e-05
AJUBA,-0.010156922
AK1,-0.087454808
AK2,0.0767999
AK3,-0.509358152
AK4,0.678254884
AK5,0.344315157
AK6,0.249039942
AK7,0.216023522
AK8,-0.645462209
AK9,0.326423179
AKAIN1,0.194686326
AKAP1,-0.036018841
AKAP10,0.169050329
AKAP11,0.44724877
AKAP12,-0.013786857
AKAP13,-0.01069918
AKAP14,0.068847403
AKAP17A,0.128099981
AKAP3,-0.166050369
AKAP4,-0.327252787
AKAP5,-0.050471913
AKAP6,-0.012126863
AKAP7,0.06820781
AKAP8,-0.025407993
AKAP8L,-0.058988594
AKAP9,0.218228029
AKIP1,0.379345445
AKIRIN1,0.137613496
AKIRIN2,0.228196475
AKNA,0.030540651
AKNAD1,0.012195994
AKR1A1,0.291511122
AKR1B1,-0.529184768
AKR1B10,0.327191768
AKR1B15,0.157064909
AKR1C1,-0.612219953
AKR1C2,-0.557475699
AKR1C3,-0.708320419
AKR1C4,0.526928553
AKR1D1,-0.13977127
AKR1E2,0.63113754
AKR7A2,-0.055020005
AKR7A3,0.178563061
AKT1,0.627620365
AKT1S1,-0.506547726
AKT2,-0.024463146
AKT3,-0.2266031
AKTIP,-0.463853013
ALAD,0.23753126
ALAS1,0.159397773
ALAS2,-0.140269323
ALB,-0.18085615
ALCAM,-0.461443793
ALDH16A1,-0.253549992
ALDH18A1,-0.403244774
ALDH1A1,-0.169742019
ALDH1A2,0.136469339
ALDH1A3,-0.255681588
ALDH1B1,0.621454903
ALDH1L1,-0.305833997
ALDH1L2,0.310448999
ALDH2,0.114839739
ALDH3A1,-0.497071412
ALDH3A2,0.25472343
ALDH3B1,0.473555788
ALDH3B2,0.50091342
ALDH4A1,-0.375421899
ALDH5A1,-0.201946229
ALDH6A1,0.283637033
ALDH7A1,0.086762466
ALDH8A1,0.228168744
ALDH9A1,-0.55184363
ALDOA,0.515209274
ALDOB,-0.128113311
ALDOC,0.260490286
ALG1,0.389641217
ALG10,0.426785103
ALG10B,-0.147617499
ALG11,0.388114232
ALG12,-0.675806493
ALG13,-0.067467477
ALG14,0.23123705
ALG1L,0.223410253
ALG1L14P,1.050942084
ALG1L2,0.262755404
ALG1L9P,0.446244233
ALG2,0.381175256
ALG3,-0.323639419
ALG5,-0.303155037
ALG6,-0.468620051
ALG8,-0.552908337
ALG9,0.335545588
ALK,-0.077548972
ALKAL1,0.408707003
ALKAL2,-0.270273895
ALKBH1,0.006511524
ALKBH2,-0.044379292
ALKBH3,-0.525881005
ALKBH4,0.321068384
ALKBH5,-0.659543981
ALKBH6,-0.044505298
ALKBH7,0.500400564
ALKBH8,-0.01392007
ALLC,-0.111745797
ALMS1,0.112553546
ALOX12,-0.264596186
ALOX12B,0.350346017
ALOX15,0.255621347
ALOX15B,-0.00078517
ALOX5,0.195783952
ALOX5AP,0.23180015
ALOXE3,0.052827458
ALPI,0.324596292
ALPK1,0.521699657
ALPK2,-0.477105842
ALPK3,-0.226069715
ALPL,0.189322207
ALPP,0.457648561
ALPPL2,0.309236725
ALS2,0.105787168
ALS2CL,-0.052795036
ALX1,-0.225165759
ALX3,0.568157543
ALX4,0.158505197
ALYREF,-0.015151553
AMACR,-0.363859847
AMBN,0.131891186
AMBP,-0.295429509
AMBRA1,0.472785506
AMD1,0.519639793
AMDHD1,-0.390442186
AMDHD2,0.366312342
AMELX,-0.563660988
AMELY,-0.053142069
AMER1,0.266613257
AMER2,0.05551401
AMER3,0.193455696
AMFR,-0.087035091
AMH,0.527767175
AMHR2,-0.423482266
AMIGO1,0.221100668
AMIGO2,0.113570212
AMIGO3,0.141234702
AMMECR1,-0.586576576
AMMECR1L,0.099027297
AMN,-0.012788815
AMN1,0.795627712
AMOT,-0.332144734
AMOTL1,-0.147392942
AMOTL2,-0.101803508
AMPD1,0.932580742
AMPD2,0.785018374
AMPD3,-0.100678446
AMPH,0.431373045
AMT,-0.19937083
AMTN,-0.319466527
AMY1A,0.355223258
AMY1B,0.355223258
AMY1C,0.355223258
AMY2A,0.352517752
AMY2B,0.510035329
AMYP1,0.284418944
AMZ1,-0.640373794
AMZ2,-0.201950362
ANAPC1,-0.223255258
ANAPC10,0.171535821
ANAPC11,0.225301684
ANAPC13,-0.229178229
ANAPC15,-0.51558636
ANAPC16,0.229005546
ANAPC2,-0.211444599
ANAPC4,-0.021922706
ANAPC5,-0.530956722
ANAPC7,-0.004710296
ANG,0.047586481
ANGEL1,-0.023990277
ANGEL2,-0.256879897
ANGPT1,0.202878047
ANGPT2,-0.162531906
ANGPT4,0.181357889
ANGPTL1,-0.707180764
ANGPTL2,-0.034174041
ANGPTL3,0.088470909
ANGPTL4,-0.729012748
ANGPTL5,-0.011453025
ANGPTL6,0.04757837
ANGPTL7,-0.563908285
ANGPTL8,-0.802389589
ANHX,-0.239492707
ANK1,-0.583560846
ANK2,-0.132029167
ANK3,0.277124195
ANKAR,-0.591537845
ANKDD1A,-0.137756421
ANKDD1B,0.136784448
ANKEF1,0.25506861
ANKFN1,-0.40827507
ANKFY1,-0.694378594
ANKH,-0.383103436
ANKHD1,-0.200796255
ANKHD1-EIF4EBP3,-0.200796255
ANKIB1,0.00451127
ANKK1,-0.205474303
ANKLE1,-0.09644476
ANKLE2,0.617260237
ANKMY1,-0.350884479
ANKMY2,-0.201463567
ANKRA2,-0.074299386
ANKRD1,0.423279513
ANKRD10,-0.266686654
ANKRD11,-0.071086397
ANKRD12,-0.403828181
ANKRD13A,-0.324009121
ANKRD13B,0.177334806
ANKRD13C,-0.00490887
ANKRD13D,0.069081916
ANKRD16,0.384885542
ANKRD17,0.80140892
ANKRD18A,0.135669841
ANKRD18B,0.20547636
ANKRD2,0.861402969
ANKRD20A1,0.344618793
ANKRD20A11P,0.660117367
ANKRD20A2,0.349972479
ANKRD20A21P,-0.118203294
ANKRD20A3,0.397095327
ANKRD20A4,0.344601213
ANKRD20A4-ANKRD20A20P,0.344601213
ANKRD20A7P,0.088031828
ANKRD20A8P,0.458335192
ANKRD22,0.045764589
ANKRD23,-0.067400357
ANKRD24,0.554197182
ANKRD26,-0.014763713
ANKRD27,0.022639988
ANKRD28,-0.228424965
ANKRD30A,0.10016053
ANKRD30B,0.500389712
ANKRD31,-0.509395746
ANKRD33,0.334971479
ANKRD33B,0.24123762
ANKRD34A,-0.253836939
ANKRD34B,-0.472941807
ANKRD34C,-0.487914119
ANKRD35,0.415469702
ANKRD36,-0.484238684
ANKRD36B,-0.267317636
ANKRD37,0.605194211
ANKRD39,0.09802176
ANKRD40,-0.606876735
ANKRD42,-0.09975994
ANKRD44,-0.604285631
ANKRD45,0.055548157
ANKRD46,0.51597592
ANKRD49,-0.174084657
ANKRD50,-0.144615314
ANKRD52,-0.506056085
ANKRD53,0.254546163
ANKRD54,0.009047027
ANKRD55,-0.641915511
ANKRD6,0.287511791
ANKRD60,0.148705496
ANKRD61,0.229199871
ANKRD62,-0.284640518
ANKRD63,-0.129196313
ANKRD65,0.157499536
ANKRD66,-0.241168944
ANKRD7,-0.000968058
ANKRD9,0.260299361
ANKS1A,0.038541725
ANKS1B,0.105354331
ANKS3,-0.412534392
ANKS4B,-0.262854743
ANKS6,0.518964456
ANKUB1,0.195103464
ANKZF1,0.108279105
ANLN,-0.506564789
ANO1,0.280734654
ANO10,0.368897591
ANO2,-0.136902618
ANO3,0.15843144
ANO4,0.491759918
ANO5,-0.259074806
ANO6,0.114198915
ANO7,-1.175710421
ANO8,-0.104718353
ANO9,-0.031214646
ANOS1,-0.112143024
ANP32A,0.136016501
ANP32B,-0.675177777
ANP32C,-0.029503138
ANP32D,-0.269131182
ANP32E,-0.26408961
ANPEP,0.250357037
ANTKMT,-0.725892208
ANTXR1,0.680483664
ANTXR2,-0.104730657
ANTXRL,0.531383929
ANXA1,0.062288567
ANXA10,-0.364151897
ANXA11,-0.057182447
ANXA13,0.38565663
ANXA2,0.220294926
ANXA2R,-0.010972819
ANXA3,-0.727235172
ANXA4,-0.144105377
ANXA5,-0.504859632
ANXA6,-0.437273985
ANXA7,0.357743686
ANXA8,-0.656523172
ANXA8L1,-0.357984102
ANXA9,-0.150820578
AOAH,-0.132571059
AOC1,0.049803523
AOC2,0.020418735
AOC3,0.018514007
AOX1,-0.069305184
AP1AR,-0.160491165
AP1B1,0.628093561
AP1G1,0.327151475
AP1G2,0.175034447
AP1M1,0.486127123
AP1M2,0.092826129
AP1S1,0.155368531
AP1S2,0.266574178
AP1S3,-0.115259825
AP2A1,-0.405872545
AP2A2,0.257998561
AP2B1,0.015676133
AP2M1,-0.442383447
AP2S1,-0.035947037
AP3B1,-0.171773915
AP3B2,-0.246092228
AP3D1,-0.311845123
AP3M1,-0.487015888
AP3M2,-0.134073328
AP3S1,-0.286226955
AP3S2,-0.300952804
AP4B1,0.003026811
AP4E1,0.438231753
AP4M1,-0.094170633
AP4S1,-0.208493274
AP5B1,-0.525877647
AP5M1,0.640731532
AP5S1,0.223810706
AP5Z1,0.383052845
APAF1,-0.039843508
APBA1,-0.644965914
APBA2,-0.044172497
APBA3,0.010224318
APBB1,0.040364034
APBB1IP,0.464310429
APBB2,0.520299403
APBB3,-0.308864966
APC,-0.31437557
APC2,0.059681415
APCDD1,-0.143344779
APCDD1L,0.14257542
APCS,-0.448635836
APEH,0.202236217
APELA,-0.179243963
APEX1,-0.559101014
APEX2,0.474261014
APH1A,-0.107151193
APH1B,-0.409595336
API5,0.019636206
APIP,-0.377299533
APLF,-0.38464634
APLN,-0.206522513
APLNR,0.624284551
APLP1,-0.145704063
APLP2,-0.41012675
APMAP,0.294427936
APOA1,-0.609135964
APOA2,0.052832397
APOA4,0.208265486
APOA5,0.262779645
APOB,0.379643747
APOBEC1,-0.140029657
APOBEC2,0.207958396
APOBEC3A,-0.339244577
APOBEC3B,-0.589344353
APOBEC3C,0.402518097
APOBEC3D,-0.520483756
APOBEC3F,0.225420047
APOBEC3G,-0.580723862
APOBEC3H,0.437496852
APOBEC4,-0.737073829
APOBR,-0.337282399
APOC1,-0.586811771
APOC1P1,-0.399833347
APOC2,-0.205792202
APOC3,-0.27247366
APOC4,-0.178519781
APOC4-APOC2,-0.192155991
APOD,0.004893564
APOE,-0.05844675
APOF,-0.219342135
APOH,-0.162361336
APOL1,-0.165406008
APOL2,-1.08583294
APOL3,0.29502267
APOL4,-0.616402002
APOL5,0.096410491
APOL6,0.259641103
APOLD1,-0.241243786
APOM,0.223663537
APOO,-0.250273198
APOOL,-0.20548154
APP,0.984242384
APPBP2,-0.077826097
APPL1,-0.20622117
APPL2,0.084000064
APRT,0.224227628
APTX,0.0994962
AQP1,0.393166834
AQP10,0.061694804
AQP11,-0.213256726
AQP12A,0.758377153
AQP12B,0.87543442
AQP2,-0.386938957
AQP3,0.500704217
AQP4,-0.003774377
AQP5,-0.235507934
AQP6,-0.430920033
AQP7,0.488183593
AQP8,-0.024638728
AQP9,-0.428157946
AQR,0.25996035
AR,0.019414036
ARAF,-0.617538014
ARAP1,0.465703326
ARAP2,-0.297596033
ARAP3,0.23354453
ARC,-0.268327114
ARCN1,-0.350951047
AREG,-0.016941437
AREL1,-0.544309616
ARF1,-0.50493211
ARF3,-0.647047949
ARF4,0.001495878
ARF5,-0.510001009
ARF6,-0.216046266
ARFGAP1,0.16023343
ARFGAP2,-0.402206048
ARFGAP3,-0.134038369
ARFGEF1,-0.799765502
ARFGEF2,-0.261235136
ARFGEF3,0.372581699
ARFIP1,0.203820011
ARFIP2,0.002038084
ARFRP1,0.231555577
ARG1,-0.498423534
ARG2,-0.259049762
ARGFX,-0.380396273
ARGLU1,-0.526663871
ARHGAP1,0.400636815
ARHGAP10,-0.468302323
ARHGAP11A,-0.063446917
ARHGAP11A-SCG5,0.029706327
ARHGAP11B,-0.133606974
ARHGAP12,-0.159947462
ARHGAP15,-0.091160422
ARHGAP17,0.13568326
ARHGAP18,0.725418716
ARHGAP19,0.352419965
ARHGAP19-SLIT1,0.352419965
ARHGAP20,0.204742211
ARHGAP21,-0.170546402
ARHGAP22,0.472080557
ARHGAP23,-0.222809873
ARHGAP24,0.064046952
ARHGAP25,0.480873483
ARHGAP26,-0.004015415
ARHGAP27,0.361354803
ARHGAP28,0.184941949
ARHGAP29,-0.164416457
ARHGAP30,-0.023703349
ARHGAP31,0.232108779
ARHGAP32,0.559008866
ARHGAP33,-0.330020909
ARHGAP35,-0.113591513
ARHGAP36,0.409832942
ARHGAP4,-0.518350888
ARHGAP40,-0.195276589
ARHGAP42,0.336066481
ARHGAP44,-0.084534011
ARHGAP45,0.743110726
ARHGAP5,0.210423395
ARHGAP6,0.286180598
ARHGAP8,0.00540952
ARHGAP9,-0.693506731
ARHGDIA,0.714392214
ARHGDIB,0.09957631
ARHGDIG,-0.021427527
ARHGEF1,-0.168634192
ARHGEF10,-0.363100422
ARHGEF10L,0.400150212
ARHGEF11,-0.744230608
ARHGEF12,-0.758091871
ARHGEF15,0.124931846
ARHGEF16,0.176253248
ARHGEF17,0.008154941
ARHGEF18,0.575472884
ARHGEF19,0.245215676
ARHGEF2,0.425866163
ARHGEF25,0.274578005
ARHGEF26,-0.221258346
ARHGEF28,0.255054477
ARHGEF3,-0.102114585
ARHGEF33,0.347568574
ARHGEF34P,-0.072259273
ARHGEF35,0.19895715
ARHGEF37,0.173408111
ARHGEF38,-0.209663297
ARHGEF39,0.199703193
ARHGEF4,-0.318113831
ARHGEF40,0.283303971
ARHGEF5,0.137351269
ARHGEF6,-0.016872264
ARHGEF7,-0.260641019
ARHGEF9,0.022601498
ARID1A,-0.333892764
ARID1B,-0.005896481
ARID2,-0.053711096
ARID3A,-0.044229127
ARID3B,0.340148964
ARID3C,0.183277082
ARID4A,-0.67502541
ARID4B,-0.845874306
ARID5A,0.484900073
ARID5B,-0.142055996
ARIH1,0.309200065
ARIH2,-0.420033862
ARIH2OS,-0.674240321
ARL1,-0.103114049
ARL10,0.21821565
ARL11,-0.917373838
ARL13A,0.20622932
ARL13B,0.020440323
ARL14,0.177617899
ARL14EP,0.090671229
ARL14EPL,-0.044694433
ARL15,-0.463111036
ARL16,-0.393450915
ARL17A,0.040250847
ARL17B,0.040250847
ARL2,-0.022110571
ARL2-SNX15,-0.327212147
ARL2BP,-0.416417085
ARL3,-0.36651368
ARL4A,0.27806906
ARL4AP2,0.264379966
ARL4AP5,-0.355524666
ARL4C,0.021068469
ARL4D,0.198541457
ARL5A,0.232611477
ARL5B,0.814733278
ARL5C,-0.498010474
ARL6,-0.060412998
ARL6IP1,-0.464212668
ARL6IP4,-0.38099335
ARL6IP5,-0.062216491
ARL6IP6,0.354650811
ARL8A,-0.932243898
ARL8B,0.086294019
ARL9,-0.472113627
ARMC1,0.470056179
ARMC10,-0.275809796
ARMC10P1,-0.30124807
ARMC12,-0.445733831
ARMC2,0.273307857
ARMC3,0.356425436
ARMC4,0.214309089
ARMC5,0.275513466
ARMC6,0.099999867
ARMC7,0.728665482
ARMC8,0.472603425
ARMC9,-0.325848823
ARMCX1,-0.910687566
ARMCX2,0.540814526
ARMCX3,0.067194
ARMCX4,-0.054327279
ARMCX5,-0.782802139
ARMCX5-GPRASP2,-0.185776444
ARMCX6,0.136017586
ARMH1,0.270095465
ARMH2,-0.276083359
ARMH3,0.106363326
ARMH4,-0.214140631
ARMS2,0.212097379
ARMT1,0.375230136
ARNT,0.663217836
ARNT2,0.336362501
ARNTL,-0.234487069
ARNTL2,-0.0201466
ARPC1A,-0.735255287
ARPC1B,-0.321604674
ARPC2,-0.070381612
ARPC3,0.325416204
ARPC4,0.836392623
ARPC4-TTLL3,0.577815556
ARPC5,-0.589729425
ARPC5L,0.053450452
ARPIN,0.39891429
ARPIN-AP3S2,-0.149629337
ARPP19,0.010457947
ARPP21,-0.259680386
ARR3,0.169514217
ARRB1,0.015758371
ARRB2,-1.088953845
ARRDC1,0.197714727
ARRDC2,0.151559966
ARRDC3,0.383734995
ARRDC4,-0.567987185
ARRDC5,0.065119049
ARSA,-0.235164848
ARSB,0.262385026
ARSD,-0.056267423
ARSF,0.526284021
ARSG,-0.405707645
ARSH,0.156213862
ARSI,0.118642163
ARSJ,-0.139654974
ARSK,-0.156891107
ARSL,0.40752551
ART1,-0.26342417
ART3,0.420250643
ART4,0.037977567
ART5,0.278744829
ARTN,0.448906564
ARV1,0.949955289
ARVCF,-0.397889835
ARX,0.060633104
AS3MT,-0.453582056
ASAH1,0.35959243
ASAH2,0.312343869
ASAH2B,0.087795315
ASAP1,0.043508282
ASAP2,-0.122739959
ASAP3,0.201124683
ASB1,0.89499866
ASB10,-0.124800851
ASB11,-0.145655672
ASB12,0.296831331
ASB13,-0.238977767
ASB14,-0.639848298
ASB15,0.404716569
ASB16,0.443758385
ASB17,-0.423659798
ASB18,-0.614345181
ASB2,0.303560243
ASB3,0.026265428
ASB4,-0.336961524
ASB5,0.505259702
ASB6,0.386911572
ASB7,0.434889233
ASB8,-0.645838061
ASB9,-0.547533349
ASCC1,-0.16447007
ASCC2,0.367760353
ASCC3,-0.485610545
ASCL1,-0.366844899
ASCL2,-0.055485915
ASCL3,0.452052631
ASCL4,-0.024423826
ASCL5,-0.079316452
ASF1A,-0.80132219
ASF1B,0.300632332
ASGR1,0.451208431
ASGR2,-0.440677675
ASH1L,-0.346636501
ASH2L,-0.086746571
ASIC1,0.106866797
ASIC2,0.347881501
ASIC3,-0.216885313
ASIC4,0.536619776
ASIC5,-0.079716099
ASIP,0.503177048
ASL,-0.224207838
ASMT,-0.082126751
ASMTL,-0.438316472
ASNA1,-0.093359457
ASNS,-0.470153095
ASNSD1,0.346170647
ASPA,-0.341992877
ASPDH,-0.254435238
ASPG,0.307545858
ASPH,0.242633181
ASPHD1,0.31360641
ASPHD2,-0.40313533
ASPM,0.465762253
ASPN,-0.546708763
ASPRV1,-0.112884274
ASPSCR1,0.559156631
ASRGL1,0.038225401
ASS1,-0.040547757
ASTE1,-0.595405683
ASTL,0.061507395
ASTN1,0.386327254
ASTN2,-0.068178839
ASXL1,-0.068254273
ASXL2,-0.081244045
ASXL3,-0.112670779
ASZ1,0.17087875
ATAD1,0.299308948
ATAD2,-0.172086424
ATAD2B,0.339835427
ATAD3A,-0.200813158
ATAD3B,-0.146991975
ATAD3C,0.007326027
ATAD5,0.595355913
ATAT1,0.150773089
ATCAY,-0.525820642
ATE1,0.033099498
ATF1,0.114706027
ATF2,-0.124410105
ATF3,0.073650905
ATF4,-0.038326339
ATF5,-0.361272254
ATF6,-0.258207457
ATF6B,0.402569091
ATF7,0.109426304
ATF7-NPFF,-0.021745174
ATF7IP,0.085962177
ATF7IP2,0.041338613
ATG10,0.327350854
ATG101,-0.158485018
ATG12,0.048939197
ATG13,-0.441924765
ATG14,0.039290577
ATG16L1,-0.142091247
ATG16L2,0.392564817
ATG2A,0.257379452
ATG2B,-0.078141782
ATG3,0.094348789
ATG4A,-0.139517078
ATG4B,0.162115995
ATG4C,0.03882002
ATG4D,0.078600696
ATG5,-0.747055473
ATG7,0.211153056
ATG9A,-0.393280876
ATG9B,0.278042241
ATIC,-0.938444643
ATL1,0.283160267
ATL2,-0.134201949
ATL3,0.807975728
ATM,0.112745028
ATMIN,-0.081984095
ATN1,-0.270700841
ATOH1,-0.189051131
ATOH7,0.380939047
ATOH8,-0.037456208
ATOX1,-0.281585258
ATP10A,-0.520846385
ATP10B,0.306198372
ATP10D,0.12452452
ATP11A,-0.345237047
ATP11AUN,-0.810636149
ATP11B,0.033761762
ATP11C,0.611447573
ATP12A,0.231128169
ATP13A1,-0.062215258
ATP13A2,0.320116636
ATP13A3,0.315040228
ATP13A4,0.015098299
ATP13A5,-0.209428535
ATP1A1,-0.001878771
ATP1A2,0.39548754
ATP1A3,-0.026201773
ATP1A4,0.151356273
ATP1B1,0.652466568
ATP1B2,0.374006095
ATP1B3,0.233707977
ATP1B4,-0.0592603
ATP23,0.194087181
ATP2A1,-0.014975604
ATP2A2,0.299353877
ATP2A3,0.259453993
ATP2B1,-0.334198295
ATP2B2,0.800015588
ATP2B3,-0.664773877
ATP2B4,0.103172006
ATP2C1,0.142843618
ATP2C2,0.369399595
ATP4A,0.117533896
ATP4B,-0.043490935
ATP5F1A,-0.366134427
ATP5F1B,-0.043731386
ATP5F1C,0.701148668
ATP5F1D,-0.240281864
ATP5F1E,0.596781566
ATP5F1EP2,0.529469884
ATP5IF1,0.236460651
ATP5L,0.253573641
ATP5MC1,-0.026055678
ATP5MC2,0.452530617
ATP5MC3,-0.186197639
ATP5MD,-0.968117898
ATP5MDP1,-1.564863323
ATP5ME,0.041979763
ATP5MF,-0.104845193
ATP5MF-PTCD1,-0.297134722
ATP5MFP2,-0.543340695
ATP5MFP5,-0.543340695
ATP5MGL,0.377968795
ATP5MGP2,0.523903133
ATP5MGP3,0.483559148
ATP5MPL,0.194872904
ATP5PB,0.219759736
ATP5PD,0.438905708
ATP5PDP1,-0.097915052
ATP5PF,0.404421743
ATP5PO,0.249104772
ATP6AP1,-1.084864999
ATP6AP1L,-0.033692401
ATP6AP2,-0.460818935
ATP6V0A1,-0.456644528
ATP6V0A2,0.125555975
ATP6V0A4,-0.071433381
ATP6V0B,0.420961439
ATP6V0C,0.671199522
ATP6V0D1,-0.537743398
ATP6V0D2,-0.255627152
ATP6V0E1,0.098595918
ATP6V0E2,-0.580120817
ATP6V1A,0.361644854
ATP6V1B1,0.303636673
ATP6V1B2,-0.282329817
ATP6V1C1,0.63810965
ATP6V1C2,0.074402929
ATP6V1D,0.09248519
ATP6V1E1,-0.611066485
ATP6V1E2,-0.259264698
ATP6V1F,-0.512721427
ATP6V1FNB,-0.03555185
ATP6V1G1,0.790343449
ATP6V1G2,-0.067872985
ATP6V1G2-DDX39B,-0.032312115
ATP6V1G3,-0.138336306
ATP6V1H,0.341431424
ATP7A,0.300289621
ATP7B,-0.150260871
ATP8A1,-0.271161584
ATP8A2,0.452508414
ATP8B1,0.254358475
ATP8B2,0.588884757
ATP8B3,-0.171561108
ATP8B4,-0.358488375
ATP9A,-0.378641029
ATP9B,-0.265086175
ATPAF1,-0.168886624
ATPAF2,0.493730787
ATPSCKMT,-0.327912334
ATR,0.255581923
ATRAID,-0.017049066
ATRIP,0.143843508
ATRIP-TREX1,0.006667622
ATRN,0.36452235
ATRNL1,0.069041171
ATRX,-0.328941992
ATXN1,0.453529209
ATXN10,0.575438892
ATXN1L,-0.180627406
ATXN2,-0.035728657
ATXN2L,-0.157971457
ATXN3,0.035931205
ATXN3L,-0.704214904
ATXN7,-0.047566201
ATXN7L1,0.111635522
ATXN7L2,0.801487418
ATXN7L3,-0.275586383
ATXN7L3B,-0.278116203
AUH,0.285507237
AUNIP,0.004735107
AUP1,0.242632663
AURKA,0.335012168
AURKAIP1,-0.477893542
AURKB,0.081548078
AURKC,0.130754767
AUTS2,-0.136007965
AVEN,-0.487292781
AVIL,-0.390601899
AVL9,-0.207707838
AVP,0.386292483
AVPI1,0.044223441
AVPR1A,-0.104019688
AVPR1B,-0.1575565
AVPR2,-0.09416081
AWAT1,-0.043238927
AWAT2,-0.159754286
AXDND1,-0.175783855
AXIN1,-0.171657042
AXIN2,-0.178896608
AXL,0.236336822
AZGP1,-0.461939417
AZI2,-0.181399327
AZIN1,-0.131813112
AZIN2,0.590936933
AZU1,0.412297533
B2M,-0.330242044
B3GALNT1,0.307631735
B3GALNT2,-0.20829033
B3GALT1,-0.185585682
B3GALT2,-0.198601408
B3GALT4,-0.610835222
B3GALT5,0.07295267
B3GALT6,0.307099137
B3GAT1,0.495858397
B3GAT2,-0.00666269
B3GAT3,0.439888381
B3GLCT,-0.284066143
B3GNT2,-0.507551228
B3GNT3,-0.23869868
B3GNT4,-0.24131581
B3GNT5,-0.359267902
B3GNT6,0.604900009
B3GNT7,0.230338198
B3GNT8,-0.395056573
B3GNT9,0.237653468
B3GNTL1,0.255865316
B4GALNT1,-1.018744206
B4GALNT2,0.006940914
B4GALNT3,-0.250964188
B4GALNT4,-0.02843313
B4GALT1,0.348664377
B4GALT2,0.30676456
B4GALT3,-0.106189383
B4GALT4,0.27608087
B4GALT5,-0.941677614
B4GALT6,-0.537707764
B4GALT7,-0.409881763
B4GAT1,0.337309238
B9D1,0.364079026
B9D2,-0.212889268
BAALC,0.518286463
BAAT,0.500021012
BABAM1,-0.317339345
BABAM2,-0.09304005
BACE1,-0.120991674
BACE2,0.07080279
BACH1,-0.051440551
BACH2,-0.31176461
BAD,-0.694093633
BAG1,0.286993237
BAG2,0.015045239
BAG3,0.057211678
BAG4,-0.030904053
BAG5,-0.094592707
BAG6,-0.292367543
BAGE2,0.214539584
BAHCC1,0.083935408
BAHD1,0.289939771
BAIAP2,-0.38791107
BAIAP2L1,0.04797394
BAIAP2L2,0.437331935
BAIAP3,0.277024301
BAK1,0.286784122
BAMBI,-0.263181028
BANF1,0.374709156
BANF1P3,0.374709156
BANF2,0.591966153
BANK1,0.167267421
BANP,-0.259445806
BAP1,-0.07874958
BARD1,-0.728157241
BARHL1,-0.115232061
BARHL2,-0.491978153
BARX1,-0.356605091
BARX2,0.256190942
BASP1,-0.306620278
BATF,-0.085029601
BATF2,-0.457474162
BATF3,0.341999097
BAX,0.028345744
BAZ1A,-1.254553303
BAZ1B,0.095887805
BAZ2A,0.330874139
BAZ2B,-0.10690857
BBC3,0.05621622
BBIP1,-0.139955671
BBOF1,-0.418422693
BBOX1,0.227567637
BBS1,-0.14000576
BBS10,0.269848372
BBS12,-0.096735476
BBS2,0.072928191
BBS4,-0.567708102
BBS5,-0.252163364
BBS7,0.270791049
BBS9,-0.103217959
BBX,-0.405110393
BCAM,0.321827652
BCAN,0.087606969
BCAP29,-0.550334335
BCAP31,-0.428805317
BCAR1,-0.270479103
BCAR3,-0.493554881
BCAS1,0.442238673
BCAS2,-0.316418616
BCAS3,0.511733488
BCAS4,0.484207196
BCAT1,0.38593777
BCAT2,-0.213344794
BCCIP,0.024757094
BCDIN3D,-0.13367782
BCHE,-0.479464382
BCKDHA,0.132369798
BCKDHB,0.528677711
BCKDK,-0.335239175
BCL10,-0.001866345
BCL11A,0.022825535
BCL11B,-0.547836341
BCL2,-0.079104837
BCL2A1,0.235674305
BCL2L1,-0.2255742
BCL2L10,-0.119238933
BCL2L11,0.197294213
BCL2L12,0.150915393
BCL2L13,0.418932457
BCL2L14,0.687113018
BCL2L15,0.097138301
BCL2L2,0.110216655
BCL2L2-PABPN1,0.143275273
BCL3,0.10816238
BCL6,0.109734542
BCL6B,-0.23309234
BCL7A,-0.017868227
BCL7B,0.53899652
BCL7C,-0.463995008
BCL9,-0.119733197
BCL9L,-0.355501476
BCLAF1,-0.031197915
BCLAF1P2,0.097128074
BCO1,0.005975405
BCO2,0.264036571
BCOR,-0.546232903
BCORL1,-0.388422643
BCR,-0.57884937
BCS1L,-0.102511164
BDH1,-0.14667845
BDH2,0.179689668
BDH2P1,-0.535840935
BDKRB1,0.181293538
BDKRB2,0.449723573
BDP1,-0.313863898
BEAN1,0.242631468
BECN1,0.175045153
BECN2,0.102405814
BEGAIN,-0.01022819
BEND2,0.027521283
BEND3,0.023523378
BEND4,-0.206152245
BEND5,0.336730018
BEND6,-0.311768804
BEND7,-0.654992877
BEST1,-0.240648287
BEST2,-0.16147467
BEST3,0.209006864
BEST4,0.009183123
BET1,0.002836856
BET1L,-0.006141066
BEX1,0.084403065
BEX2,-0.001664394
BEX3,-0.167487578
BEX4,0.219411083
BEX5,-0.095694644
BFAR,-0.095425153
BFSP1,0.299920645
BFSP2,-0.040595072
BGLAP,-0.131952896
BGN,-0.474888887
BHLHA15,-0.124943637
BHLHA9,0.234161906
BHLHB9,-0.533936507
BHLHE22,0.047059233
BHLHE23,-0.419953592
BHLHE40,0.279218836
BHLHE41,-0.078956464
BHMT,-0.466646553
BHMT2,0.359695345
BICC1,0.077085628
BICD1,0.405820955
BICD2,-0.080572205
BICDL1,0.113890845
BICDL2,0.585387327
BICRA,-0.387084882
BICRAL,-0.214369622
BID,0.057742122
BIK,0.17854782
BIN1,0.02645159
BIN2,-0.342659307
BIN3,-0.268974032
BIRC2,0.173522651
BIRC3,-0.655665635
BIRC5,0.053854455
BIRC6,-0.332015484
BIRC7,0.128548647
BIRC8,-0.549890613
BIVM,-0.387373518
BIVM-ERCC5,-0.486370741
BLCAP,-0.059564401
BLID,0.284967373
BLK,-0.111552246
BLM,-0.454711053
BLMH,0.078636298
BLNK,-0.232589605
BLOC1S1,-0.076130095
BLOC1S1-RDH5,-0.039649809
BLOC1S2,0.247643694
BLOC1S3,0.468958418
BLOC1S4,0.700108442
BLOC1S5,0.34321871
BLOC1S5-TXNDC5,0.329529093
BLOC1S6,-0.422339123
BLVRA,1.038915355
BLVRB,0.00228619
BLZF1,0.144560502
BMERB1,-0.249168053
BMF,0.355845793
BMI1,0.153562148
BMP1,-0.090361865
BMP10,0.143380231
BMP15,0.171847208
BMP2,0.323698928
BMP2K,-0.10274482
BMP3,0.570310711
BMP4,0.221454805
BMP5,-0.226904914
BMP6,-0.295628321
BMP7,0.154843771
BMP8A,-0.11965998
BMP8B,-0.370212273
BMPER,0.507986808
BMPR1A,-0.009497912
BMPR1B,0.153787982
BMPR2,0.23434511
BMS1,0.406560939
BMS1P2-AGAP9,-0.354589074
BMS1P4-AGAP5,0.026042864
BMT2,-0.207251644
BMX,-0.1580426
BNC1,-0.392572108
BNC2,1.146915054
BNIP1,-0.334781277
BNIP2,-0.178160242
BNIP3,-0.719804783
BNIP3L,0.34182649
BNIP5,0.078731985
BNIPL,0.058014536
BOC,-0.675723668
BOD1,-0.179705644
BOD1L1,0.442431127
BOD1L2,0.163492743
BOK,0.254881634
BOLA1,-0.44481788
BOLA2,0.07777241
BOLA2-SMG1P6,0.07777241
BOLA2B,-0.233837998
BOLA3,0.137560782
BOLL,0.136523342
BOP1,-0.732850945
BORA,0.822409599
BORCS5,0.195486178
BORCS6,-0.331563535
BORCS7,-0.109149341
BORCS7-ASMT,-0.281365698
BORCS8,0.026992337
BORCS8-MEF2B,0.16220366
BPGM,-0.11191881
BPHL,0.885763325
BPI,-1.228383903
BPIFA1,0.067171168
BPIFA2,0.722171609
BPIFA3,-0.393156233
BPIFB1,-0.265123388
BPIFB2,-0.379935738
BPIFB3,-0.302553863
BPIFB4,-0.111834081
BPIFB6,-0.143133824
BPIFC,0.360006795
BPNT1,-0.231756658
BPTF,0.199467618
BPY2,-0.431183467
BPY2B,-0.431183467
BPY2C,-0.431183467
BRAF,-0.436983867
BRAP,-0.877187804
BRAT1,-0.088381775
BRCA1,-0.477336671
BRCA2,0.110810555
BRCC3,-0.495768216
BRD1,0.542721556
BRD2,-0.140141097
BRD3,-0.522656558
BRD4,-0.350047226
BRD7,-0.17992934
BRD8,0.654981309
BRD9,0.29040895
BRDT,-0.754848074
BRF1,0.339389351
BRF2,0.206032636
BRI3,-0.291817678
BRI3BP,-0.159191305
BRICD5,0.325138603
BRINP1,0.310718687
BRINP2,0.25838761
BRINP3,0.222983946
BRIP1,-0.209350445
BRIX1,-0.116565363
BRK1,1.026713286
BRMS1,0.211431994
BRMS1L,0.747345997
BROX,-0.819128997
BRPF1,-0.416229416
BRPF3,0.427177197
BRS3,0.458453313
BRSK1,0.126280854
BRSK2,-0.105358244
BRWD1,-0.191766402
BRWD3,-0.034959989
BSCL2,0.007963351
BSDC1,0.265212622
BSG,-0.543187058
BSN,0.003206979
BSND,-0.522497675
BSPH1,0.332686037
BSPRY,0.345110017
BST1,0.223633601
BST2,0.050142992
BSX,0.539651866
BTAF1,0.10231751
BTBD1,-0.201665256
BTBD10,-0.330827542
BTBD11,0.193488246
BTBD16,-0.369816564
BTBD17,0.099600643
BTBD18,0.539082532
BTBD19,0.67051
BTBD2,0.514445547
BTBD3,-0.033509739
BTBD6,-0.358169613
BTBD7,-0.206926638
BTBD8,-0.223802546
BTBD9,0.102039378
BTC,-0.316375094
BTD,-0.568357131
BTF3,0.221140778
BTF3L4,0.730906832
BTF3L4P1,0.628515412
BTF3L4P2,0.355835045
BTF3L4P3,-0.072239442
BTF3P3,0.342221461
BTF3P5,0.148572756
BTG1,-0.118737694
BTG2,-0.55437643
BTG3,-0.711427523
BTG4,0.317356637
BTK,-0.091092037
BTLA,0.468820332
BTN1A1,0.194327905
BTN2A1,-0.21808974
BTN2A2,-0.143372092
BTN3A1,0.281366813
BTN3A2,0.072104082
BTN3A3,0.143144282
BTNL10,-0.512209698
BTNL2,0.10093645
BTNL3,0.387843761
BTNL8,-0.517616199
BTNL9,0.315402766
BTRC,0.850298435
BUB1,0.425558135
BUB1B,-0.341727511
BUB1B-PAK6,-0.411205387
BUB3,1.010422858
BUD13,-0.169087632
BUD23,0.321431594
BUD31,0.798461173
BVES,0.108969652
BYSL,-0.205489118
BZW1,-0.928289526
BZW2,0.43621891
C10orf105,0.264706088
C10orf120,-0.348936813
C10orf126,0.105849602
C10orf142,0.012244863
C10orf25,0.303414042
C10orf53,-0.053680937
C10orf55,-0.438821064
C10orf62,0.721100541
C10orf67,0.183158932
C10orf71,0.659497391
C10orf82,-0.16016345
C10orf88,-0.239149846
C10orf90,0.192354213
C10orf91,0.429071386
C10orf95,-0.771203817
C10orf99,0.240571362
C11orf1,-0.242541078
C11orf16,0.45323664
C11orf21,0.388299445
C11orf24,0.125717363
C11orf42,0.719415791
C11orf44,-0.579162727
C11orf45,0.181792486
C11orf49,0.101191571
C11orf52,0.209348519
C11orf53,-0.30553819
C11orf54,-0.082186063
C11orf58,0.220345937
C11orf63,0.29413116
C11orf65,0.207329787
C11orf68,0.791107288
C11orf71,0.294670305
C11orf74,-0.41061851
C11orf80,0.364176213
C11orf86,-0.513458593
C11orf87,-0.103918702
C11orf88,-0.161029482
C11orf91,-0.071314201
C11orf94,-0.054635437
C11orf95,-0.088948289
C11orf96,0.332189571
C11orf97,-0.706914435
C11orf98,0.179738594
C12orf10,0.793791483
C12orf29,-0.668547861
C12orf4,0.126101351
C12orf40,-0.204077509
C12orf42,-0.490658844
C12orf43,-0.613660124
C12orf45,0.306798926
C12orf49,1.007523573
C12orf50,0.217638088
C12orf54,0.282099988
C12orf56,-0.06145574
C12orf57,0.138263825
C12orf60,0.359347961
C12orf65,0.263421566
C12orf66,-0.391390617
C12orf71,-0.006038098
C12orf73,-0.074601058
C12orf74,-0.28328107
C12orf75,-0.215044016
C12orf76,-0.102572864
C12orf77,0.033069537
C12orf80,-0.019853816
C14orf119,-0.241084512
C14orf132,-0.000874221
C14orf177,-0.36754205
C14orf178,-0.041183026
C14orf180,-0.726532931
C14orf28,0.042068339
C14orf39,-0.590252591
C14orf93,-0.376164568
C15orf32,-0.261032831
C15orf39,0.034667663
C15orf40,-0.070582944
C15orf41,0.089650351
C15orf48,-0.620161596
C15orf54,-0.130030161
C15orf56,-0.547338322
C15orf59,-0.041308039
C15orf61,-0.261569117
C15orf62,0.099285461
C15orf65,0.411565125
C16orf46,0.097158875
C16orf54,-0.096353148
C16orf58,0.149680539
C16orf70,0.480310223
C16orf71,0.462910517
C16orf72,0.165743889
C16orf74,0.026481398
C16orf78,0.192758748
C16orf82,-0.073400224
C16orf86,-0.05203708
C16orf87,0.267666481
C16orf89,-0.52184827
C16orf90,0.155520132
C16orf91,-0.166375927
C16orf92,0.496170437
C16orf95,0.320636838
C16orf96,-0.186807198
C16orf97,-0.42458827
C17orf100,-0.293372793
C17orf102,0.211198229
C17orf107,0.187612153
C17orf112,-0.181250339
C17orf49,0.029735231
C17orf50,-0.213509793
C17orf58,-0.164071531
C17orf64,-0.20924493
C17orf67,-0.057705424
C17orf75,0.597182945
C17orf77,-0.330759828
C17orf78,0.16873011
C17orf80,0.47924028
C17orf82,-0.036823155
C17orf97,-0.123095507
C17orf98,-0.257203311
C17orf99,0.484725498
C18orf21,0.023280812
C18orf25,-0.775955643
C18orf32,-0.26092675
C18orf54,-0.308064152
C18orf63,-0.236966816
C18orf65,-0.071535916
C19orf12,-0.309373142
C19orf18,-0.492453367
C19orf25,-0.577502496
C19orf33,-0.409359723
C19orf38,-0.158981268
C19orf44,-0.394857362
C19orf47,0.334824775
C19orf48,-0.490954938
C19orf53,0.065610816
C19orf54,-0.16957157
C19orf57,0.093092257
C19orf67,0.00091397
C19orf71,-0.090645614
C19orf73,-0.009651536
C19orf81,-0.187532636
C19orf84,-0.727515585
C1D,0.336416922
C1DP1,0.403643771
C1GALT1,-0.556120536
C1GALT1C1,0.167845174
C1GALT1C1L,0.906650811
C1QA,0.394865792
C1QB,0.513838651
C1QBP,-0.70121779
C1QC,0.370298712
C1QL1,-0.069770706
C1QL2,0.050144115
C1QL3,0.177360616
C1QL4,0.479907153
C1QTNF1,0.51354259
C1QTNF12,0.165065379
C1QTNF2,-0.098531605
C1QTNF3,-0.874132548
C1QTNF3-AMACR,-1.182862695
C1QTNF4,-0.709682939
C1QTNF5,-0.133295214
C1QTNF6,-0.281938473
C1QTNF7,-0.272766485
C1QTNF8,0.114625967
C1QTNF9,0.7019401
C1QTNF9B,0.139074702
C1RL,0.109458225
C1S,-0.531282914
C1orf100,-0.441171886
C1orf105,-0.260214885
C1orf106,0.206414528
C1orf109,0.033730682
C1orf112,0.422355655
C1orf115,0.402130011
C1orf116,-0.903957439
C1orf122,-0.64481617
C1orf127,0.206065432
C1orf131,-0.218726564
C1orf137,-0.325556502
C1orf141,0.138260058
C1orf146,0.421840066
C1orf158,0.043538172
C1orf159,-0.518418752
C1orf162,0.995895739
C1orf167,0.450493905
C1orf174,0.475202764
C1orf185,0.026726161
C1orf186,-0.746866401
C1orf189,-0.438346151
C1orf194,0.080280966
C1orf195,-0.364053171
C1orf198,-0.038720096
C1orf21,-0.197306635
C1orf210,0.332607339
C1orf216,0.67889393
C1orf226,-0.156311605
C1orf229,-0.534545047
C1orf27,0.154019397
C1orf43,-0.246877121
C1orf50,-0.097371668
C1orf52,0.188267702
C1orf53,0.017807441
C1orf54,-0.318989491
C1orf56,-0.972453001
C1orf61,-0.006964469
C1orf68,0.181026848
C1orf87,0.157711246
C1orf94,0.31750996
C2,-0.2822088
C20orf141,-0.316381786
C20orf144,-0.013676922
C20orf173,0.162194269
C20orf194,-0.141714135
C20orf197,0.13493605
C20orf202,-0.689732713
C20orf203,-0.354874966
C20orf27,-0.199102111
C20orf78,-0.598769416
C20orf85,-0.24962142
C20orf96,-0.851556636
C21orf58,-0.745557481
C21orf59-TCP10L,-0.824208444
C21orf62,-0.106854451
C21orf91,0.21445052
C22orf15,0.348484044
C22orf23,-0.600392242
C22orf24,-0.313367065
C22orf31,0.097315759
C22orf34,-0.770272049
C22orf39,-0.265555268
C22orf42,0.454499524
C22orf46,0.1542073
C2CD2,-0.367014746
C2CD2L,-0.232588068
C2CD3,-0.112674753
C2CD4A,0.273442685
C2CD4B,-0.398853921
C2CD4C,-0.055998806
C2CD4D,-0.388247165
C2CD4D-AS1,-0.161401601
C2CD5,-0.194923028
C2CD6,0.702778145
C2orf15,-0.399288204
C2orf16,-0.190993021
C2orf27A,0.327756129
C2orf27AP3,0.542188744
C2orf27B,0.15255788
C2orf40,-0.343203928
C2orf42,0.190798031
C2orf49,-0.299847977
C2orf50,0.211789694
C2orf66,0.327688915
C2orf68,0.637242708
C2orf69,-0.518471089
C2orf72,-0.23573264
C2orf73,0.097883757
C2orf74,-0.047170017
C2orf76,0.275768648
C2orf78,0.106165205
C2orf80,0.518416292
C2orf81,-0.141814884
C2orf83,-0.476759809
C2orf88,-0.326780784
C2orf91,0.384914764
C3,0.012217541
C3AR1,0.127071266
C3orf14,-0.116982516
C3orf18,-0.035234432
C3orf20,-0.38700627
C3orf22,0.035184337
C3orf33,-0.572063184
C3orf35,-0.166602748
C3orf36,-0.659195641
C3orf38,0.002771652
C3orf52,0.333027288
C3orf56,0.019824842
C3orf62,0.14899349
C3orf67,0.568536824
C3orf70,-0.681645811
C3orf79,0.041185206
C3orf80,0.059639862
C3orf84,-0.655328374
C4A,0.14381573
C4B,-0.083000125
C4BPA,0.108109655
C4BPB,-0.369646181
C4orf17,0.14267512
C4orf19,-0.024065279
C4orf3,0.391895483
C4orf33,-0.053989129
C4orf36,-0.072853361
C4orf45,0.623229414
C4orf46,0.025476266
C4orf47,-0.260086946
C4orf48,0.334642617
C4orf51,-0.210571487
C5,-0.000224491
C5AR1,-0.060946903
C5AR2,-0.553276983
C5orf15,-0.342549924
C5orf22,0.275124368
C5orf24,0.00010459
C5orf30,-0.688435814
C5orf34,0.293439669
C5orf38,-0.45753977
C5orf46,0.607842068
C5orf47,-0.275984254
C5orf49,0.149257336
C5orf51,0.176190768
C5orf52,-0.35040629
C5orf63,-0.436407416
C5orf64,-0.270939765
C5orf66,0.424414592
C5orf67,0.344032809
C6,0.343878154
C6orf118,-0.129824217
C6orf120,-0.088545216
C6orf132,0.294655878
C6orf136,0.219169337
C6orf141,-0.010517972
C6orf15,-0.248125127
C6orf163,0.188131266
C6orf201,0.43502002
C6orf223,1.044799071
C6orf226,0.015295392
C6orf47,0.259805128
C6orf52,-0.020247579
C6orf58,-0.071651751
C6orf62,-0.002307436
C6orf89,0.113523458
C6orf99,0.123850127
C7,-0.12823815
C7orf25,0.017872606
C7orf26,0.919988516
C7orf31,-0.117713535
C7orf33,0.329565122
C7orf50,-0.285220417
C7orf57,-0.091583405
C7orf61,0.062792218
C7orf65,-0.086662598
C7orf66,-0.134917892
C7orf69,0.206493263
C7orf77,0.40513568
C8A,-0.172936478
C8B,0.36217488
C8G,1.084424741
C8orf31,0.448687003
C8orf33,0.179083397
C8orf34,-0.221860646
C8orf37,-0.520634937
C8orf44,0.184275833
C8orf44-SGK3,-0.17757349
C8orf48,0.085336833
C8orf58,0.1046197
C8orf74,-0.447460383
C8orf76,-0.1433527
C8orf82,0.363476687
C8orf86,0.753057863
C8orf87,-0.106500076
C8orf88,0.088657959
C8orf89,-0.261542045
C9,-0.586141041
C9orf106,-0.514456089
C9orf116,-0.51631691
C9orf129,0.610033102
C9orf131,-0.451921986
C9orf135,-0.077985473
C9orf139,0.000384665
C9orf142,-0.593746711
C9orf152,0.598652959
C9orf153,0.107446473
C9orf16,0.067198753
C9orf163,-0.075425571
C9orf170,-0.08080308
C9orf24,0.352101199
C9orf3,-0.020234569
C9orf40,0.122319863
C9orf43,-0.600752969
C9orf47,0.374260418
C9orf50,-0.067442595
C9orf57,-0.178104721
C9orf62,0.248559707
C9orf64,0.612649701
C9orf72,0.345290689
C9orf78,-0.381549576
C9orf85,0.00404092
C9orf92,0.345101366
CA1,0.508955772
CA10,-0.393674331
CA11,0.560544934
CA12,0.659307327
CA13,0.246423475
CA14,-0.451231169
CA2,0.060518389
CA3,-0.518439468
CA4,-0.359984315
CA5A,0.519151996
CA5B,0.388412989
CA5BP1-CA5B,0.388412989
CA6,-0.022213096
CA7,-0.651651506
CA8,0.104246121
CA9,-0.010356435
CAAP1,-0.198782392
CAB39,-1.024455586
CAB39L,0.29730057
CABCOCO1,0.672157876
CABIN1,0.090445402
CABLES1,-0.260344483
CABLES2,-0.122193361
CABP1,0.337640724
CABP2,0.328278101
CABP4,-0.138900708
CABP5,0.77562526
CABP7,1.139358161
CABS1,-0.511047894
CABYR,-0.151077229
CACFD1,-0.450736084
CACHD1,0.017232963
CACNA1A,0.315399665
CACNA1B,0.203489679
CACNA1C,0.216077103
CACNA1D,-0.509230017
CACNA1E,-0.245776011
CACNA1F,0.041479575
CACNA1G,0.324264872
CACNA1H,0.360957141
CACNA1I,0.145546743
CACNA1S,0.183733393
CACNA2D1,0.109524549
CACNA2D2,-0.055712748
CACNA2D3,0.227408472
CACNA2D4,0.085696374
CACNB1,-0.473195225
CACNB2,-0.262223279
CACNB3,-0.651319599
CACNB4,-0.510332114
CACNG1,0.36749342
CACNG2,0.189698647
CACNG3,0.642007833
CACNG4,-0.295977061
CACNG5,0.05593261
CACNG6,-0.157038572
CACNG7,-1.045665512
CACNG8,-0.328038127
CACTIN,0.228594976
CACUL1,-0.475524937
CACYBP,-0.270845591
CACYBPP2,0.28326074
CAD,0.166253874
CADM1,0.474500932
CADM2,0.226405137
CADM3,-0.449906717
CADM4,0.059786166
CADPS,0.271698714
CADPS2,-0.191987689
CAGE1,-0.097732503
CALB1,-0.196981832
CALB2,-0.29647029
CALCA,-0.009627706
CALCB,0.015115951
CALCOCO1,-0.696615415
CALCOCO2,-0.060569081
CALCR,0.16998235
CALCRL,-0.199262384
CALD1,-0.362731043
CALHM1,0.132249262
CALHM2,0.276406563
CALHM3,0.796997239
CALHM4,-0.190042365
CALHM5,0.088569152
CALHM6,0.254754164
CALM1,0.059622651
CALM3,-0.365423689
CALML3,0.021671631
CALML4,0.067657075
CALML5,-0.497744915
CALML6,0.019385708
CALN1,-0.543925959
CALR,0.027351031
CALR3,0.024340304
CALU,0.104461127
CALY,-0.286405962
CAMK1,0.106047691
CAMK1D,-0.806240232
CAMK1G,0.187974501
CAMK2A,0.676974262
CAMK2B,-0.050622451
CAMK2D,-0.093793753
CAMK2G,0.811362312
CAMK2N1,-0.282354661
CAMK2N2,0.145593956
CAMK4,-0.303326066
CAMKK1,0.247214588
CAMKK2,-0.213207701
CAMKMT,-0.273407416
CAMKV,-0.604824305
CAMLG,0.001723567
CAMP,0.019203971
CAMSAP1,-0.335755155
CAMSAP2,-0.283447782
CAMSAP3,-0.474052697
CAMTA1,-0.319981533
CAMTA2,-0.132132572
CAND1,-0.30635153
CAND2,-0.545076324
CANT1,0.117619818
CANX,-0.337011205
CAP1,-0.734477875
CAP2,0.12198298
CAPG,0.871263739
CAPN1,-0.339868084
CAPN10,0.359212123
CAPN11,0.377282362
CAPN12,-0.201609281
CAPN13,0.311646136
CAPN14,-0.560480425
CAPN15,-0.299545716
CAPN2,0.037962332
CAPN3,-0.384026374
CAPN5,0.404959955
CAPN6,0.265735798
CAPN7,0.162796155
CAPN8,-0.026232162
CAPN9,-0.472674902
CAPNS1,-0.021250836
CAPNS2,-0.112253009
CAPRIN1,-0.16692828
CAPRIN2,-0.48042005
CAPS,-0.000461786
CAPS2,0.220204862
CAPSL,0.481276302
CAPZA1,-0.135507462
CAPZA2,0.034199861
CAPZA3,-0.272916464
CAPZB,0.230274337
CARD10,0.356341201
CARD11,0.226526363
CARD14,0.11149884
CARD16,-0.492612743
CARD17,-0.743050704
CARD18,-0.050090787
CARD19,-0.025609488
CARD6,0.460259072
CARD8,-0.215555701
CARD9,0.308447852
CARF,0.00296134
CARHSP1,-0.571135138
CARM1,-0.384994065
CARMIL1,0.198131844
CARMIL2,0.279288276
CARMIL3,-0.091181296
CARNMT1,-0.345563237
CARNS1,0.006561381
CARS,0.284935572
CARTPT,0.235802318
CASC1,-0.337541113
CASC3,-0.179804855
CASC4,0.336345642
CASD1,-0.20135751
CASK,-0.246385485
CASKIN1,0.132300398
CASKIN2,0.035396545
CASP1,-0.039806591
CASP10,-0.190928289
CASP14,0.209368006
CASP2,-0.064257744
CASP3,-0.032863324
CASP4,-0.347985156
CASP5,0.981519021
CASP6,0.52846695
CASP7,-0.71792686
CASP8,0.350506309
CASP9,-0.528964585
CASQ1,-0.318570643
CASQ2,0.847433307
CASR,0.317453849
CASS4,0.252414171
CAST,0.260975534
CASTOR1,0.537688231
CASTOR2,0.020402998
CASTOR3,0.00123046
CASZ1,-0.174668964
CAT,0.360255565
CATIP,0.50602885
CATSPER1,-0.631426447
CATSPER2,-0.401222577
CATSPER3,0.055934343
CATSPER4,0.589716398
CATSPERB,-1.147848338
CATSPERD,-0.109931409
CATSPERE,-0.187178558
CATSPERG,-0.104806356
CATSPERZ,-0.044866329
CAV1,-0.326269533
CAV2,0.056999149
CAV3,-0.217316355
CAVIN1,0.367871792
CAVIN2,0.60286722
CAVIN3,-0.764822573
CAVIN4,0.59531542
CBARP,-0.06472561
CBFA2T2,-0.129299269
CBFA2T3,0.073331049
CBFB,0.199052411
CBL,0.010649897
CBLB,-0.007210335
CBLC,0.282346233
CBLIF,0.406578518
CBLL1,-0.161649437
CBLL2,0.220324508
CBLN1,0.05236245
CBLN2,0.258569482
CBLN3,-0.428877927
CBLN4,-0.660187599
CBR1,-0.563183209
CBR3,0.065841453
CBR4,-0.314700358
CBS,-0.476300292
CBSL,-0.476300292
CBWD1,-0.056606036
CBWD2,0.072022837
CBWD3,-0.030905873
CBWD5,-0.030905873
CBWD6,-0.080365537
CBX1,-0.482057538
CBX2,-0.429557326
CBX3,0.403664954
CBX4,-0.505141491
CBX5,0.605795951
CBX6,-1.030349597
CBX7,-0.533908242
CBX8,-0.455152605
CBY1,0.121696822
CBY3,-0.189429374
CC2D1A,0.238576342
CC2D1B,-0.168639482
CC2D2A,0.376627976
CC2D2B,-0.380289977
CCAR1,0.182807616
CCAR2,-0.248137776
CCBE1,0.465022337
CCDC102A,-0.698853322
CCDC102B,0.26060917
CCDC103,-0.23974418
CCDC105,-0.170961872
CCDC106,-0.334444756
CCDC107,-0.556223677
CCDC110,-0.025627999
CCDC112,0.218690335
CCDC113,-0.075540724
CCDC114,-0.481727035
CCDC115,-0.277198446
CCDC116,0.234215724
CCDC117,0.325835352
CCDC12,-0.250203969
CCDC120,0.36132298
CCDC121,0.239280792
CCDC122,-0.161210691
CCDC124,0.656488675
CCDC125,-0.309641791
CCDC126,0.24807913
CCDC127,-0.317308835
CCDC13,0.145455169
CCDC130,-0.447933472
CCDC134,0.181483571
CCDC136,0.05844016
CCDC137,-0.304069002
CCDC138,-0.892798181
CCDC14,0.280454186
CCDC140,-0.342921615
CCDC141,0.073967025
CCDC142,-0.191732349
CCDC144A,0.221967596
CCDC144B,-0.181363739
CCDC144CP,-0.367588578
CCDC144NL,-0.032170011
CCDC146,-0.425566615
CCDC148,-0.017498527
CCDC149,0.234280391
CCDC15,0.695603225
CCDC150,-0.375456384
CCDC151,-0.201353393
CCDC152,-0.297875827
CCDC153,-0.117198245
CCDC154,-0.301604836
CCDC155,-0.670629002
CCDC157,-0.118101265
CCDC158,-0.241545544
CCDC159,-0.236341312
CCDC160,0.693234273
CCDC162P,1.127365497
CCDC166,-0.34188002
CCDC167,-0.155756649
CCDC168,-0.074167402
CCDC169,-0.140465868
CCDC169-SOHLH2,0.057735525
CCDC17,0.051229127
CCDC170,-0.041713607
CCDC171,-0.066456508
CCDC172,-0.336574109
CCDC173,-0.575009832
CCDC174,0.036896791
CCDC175,-0.00140945
CCDC177,0.139685565
CCDC178,-0.02002529
CCDC179,0.162639508
CCDC18,-0.492843314
CCDC180,-0.182894518
CCDC181,-0.04732018
CCDC182,-0.065332551
CCDC183,0.253427156
CCDC184,-0.4394345
CCDC185,0.313040487
CCDC186,0.194463411
CCDC187,0.263625869
CCDC188,0.014253248
CCDC189,-0.040164842
CCDC190,-0.046549152
CCDC191,-0.076797979
CCDC198,0.331128809
CCDC22,-0.376055187
CCDC24,0.052468066
CCDC25,-0.475927508
CCDC27,-0.512724975
CCDC28A,0.356546291
CCDC28B,0.006593443
CCDC3,-0.230406566
CCDC30,0.374066605
CCDC32,-0.791694481
CCDC33,-0.02458206
CCDC34,-0.656623163
CCDC36,-0.095863628
CCDC38,0.395330679
CCDC39,-0.391494077
CCDC40,0.402572809
CCDC42,0.014965455
CCDC43,-0.086974817
CCDC47,0.33215318
CCDC50,0.553243125
CCDC51,-1.018275996
CCDC54,-0.262695289
CCDC57,-0.342704327
CCDC58,0.076370029
CCDC58P3,-0.02203802
CCDC59,0.088421111
CCDC6,0.496172669
CCDC60,-0.093254896
CCDC61,0.33941658
CCDC62,-0.138210544
CCDC63,-0.753865261
CCDC65,-0.13071331
CCDC66,0.177883935
CCDC68,0.174274804
CCDC69,0.026422895
CCDC7,0.110648011
CCDC70,-0.45297824
CCDC71,0.046484359
CCDC71L,-0.111925271
CCDC73,-0.142520116
CCDC74A,-0.83584556
CCDC74B,-0.254259428
CCDC77,-0.083817235
CCDC78,0.010606682
CCDC8,-0.177460796
CCDC80,-0.102055604
CCDC81,0.132623749
CCDC82,0.228180404
CCDC83,0.326083998
CCDC84,0.19796944
CCDC85A,0.219976732
CCDC85B,-0.275452867
CCDC85C,-0.106229204
CCDC86,0.201029971
CCDC87,-0.16252267
CCDC88A,0.177824336
CCDC88B,-0.183700184
CCDC88C,-0.207657921
CCDC89,-0.551158962
CCDC9,-0.700614489
CCDC90B,-0.29358266
CCDC91,0.057858729
CCDC92,-0.038812504
CCDC93,-0.752776471
CCDC96,-0.256588771
CCDC97,-0.578577869
CCDC9B,0.20479594
CCER1,-0.111707773
CCER2,-0.018356751
CCHCR1,-0.124950163
CCIN,-0.328067965
CCK,-0.104285697
CCKAR,0.055439174
CCKBR,-0.570725996
CCL1,0.299659368
CCL11,0.486465545
CCL13,0.506407131
CCL14,-0.021910947
CCL15,-0.800032972
CCL15-CCL14,-0.410971959
CCL16,0.839875304
CCL17,0.240880776
CCL18,0.203041277
CCL19,0.551240262
CCL2,-0.022949725
CCL20,-0.178817156
CCL21,0.462633498
CCL22,-0.223457123
CCL23,0.731541011
CCL24,0.162609168
CCL25,0.103973778
CCL26,0.196389508
CCL27,-0.175247384
CCL28,-0.299110497
CCL3,-0.275174918
CCL3L3,-0.138898106
CCL4,-0.047611094
CCL4L2,-0.598566021
CCL5,-0.473317404
CCL7,-0.876458796
CCL8,-0.13292312
CCM2,0.129595786
CCM2L,-0.555948201
CCNA1,-0.594024879
CCNA2,-0.442813278
CCNB1,0.063950058
CCNB1IP1,0.326606834
CCNB2,0.07433214
CCNB3,-0.251907393
CCNC,-0.609393166
CCND1,-0.278374205
CCND2,-0.110681614
CCND3,0.063955608
CCNDBP1,-0.352323292
CCNE1,0.193239397
CCNE2,-0.245923161
CCNF,0.672230565
CCNG1,0.060120036
CCNG2,0.256938807
CCNH,-0.061273247
CCNI,0.746476289
CCNI2,-0.237585447
CCNJ,0.707782127
CCNJL,0.000348187
CCNK,-0.180174017
CCNL1,-0.345946668
CCNL2,-0.09196275
CCNO,-0.300128474
CCNT1,-0.359679282
CCNT2,-0.076851994
CCNY,-0.229550049
CCNYL1,-0.128023544
CCP110,0.236240284
CCPG1,-0.052191394
CCR1,0.056227633
CCR10,0.181703855
CCR2,-0.154851405
CCR3,-0.476811676
CCR4,0.081365619
CCR5,-0.162775552
CCR6,0.537406014
CCR7,-0.063903316
CCR8,0.636441233
CCR9,-0.326213163
CCRL2,-0.000890006
CCS,-0.593072941
CCSAP,0.319602183
CCSER1,-0.273535443
CCSER2,-0.593374574
CCT2,0.752228797
CCT3,-0.281169015
CCT4,0.815699518
CCT5,0.502271669
CCT6A,0.25753684
CCT6B,-0.367379213
CCT7,-0.574962728
CCT8,0.667898837
CCT8L2,-0.493021622
CCZ1,-0.085922652
CCZ1B,-0.154786212
CD101,0.506407842
CD109,0.27873937
CD14,-0.589295392
CD151,-0.231378584
CD160,-0.128847137
CD163,0.073620173
CD163L1,0.537669142
CD164,0.153142274
CD164L2,0.059952
CD177,0.020128152
CD180,0.143320339
CD19,-0.84659645
CD1A,-0.209410876
CD1B,-0.206189039
CD1C,-0.029444457
CD1D,-0.351841285
CD1E,0.226826538
CD2,0.588356896
CD200,0.438729374
CD200R1,0.19058347
CD200R1L,-0.131463296
CD207,-0.735237892
CD209,0.098141077
CD22,0.032270048
CD226,0.088557508
CD24,0.513426719
CD244,0.228811223
CD247,0.279434651
CD248,-0.09418894
CD27,0.419038801
CD274,0.235494477
CD276,-0.500676186
CD28,0.314739375
CD2AP,0.328188485
CD2BP2,0.194539503
CD300A,-0.105616293
CD300C,-0.042492044
CD300E,-0.364634043
CD300LB,-0.068751952
CD300LD,0.314331191
CD300LF,-0.115801024
CD300LG,-0.377940232
CD302,0.167121774
CD320,0.590140763
CD33,-0.021266609
CD34,-0.228187831
CD36,-0.373436993
CD37,-0.811856804
CD38,0.193777094
CD3D,-1.175142262
CD3E,-0.117436988
CD3EAP,-0.44354745
CD3G,0.248830688
CD4,-0.35747808
CD40,0.324420802
CD40LG,-0.187776435
CD44,0.231313138
CD46,-0.20482701
CD47,-0.241440343
CD48,0.329800583
CD5,0.622218776
CD52,-0.397889226
CD53,0.043782124
CD55,0.064779618
CD58,0.529310651
CD59,0.264006574
CD5L,-0.135862999
CD6,0.086731083
CD63,0.060093431
CD68,-0.324917134
CD69,0.485015502
CD7,0.166616747
CD70,-0.5532014
CD72,0.470540895
CD74,-0.005166243
CD79A,0.256543387
CD79B,0.327064512
CD80,0.19170287
CD81,0.279393325
CD82,-0.088634084
CD83,0.285971589
CD84,-0.379292797
CD86,-0.577810931
CD8A,0.134547552
CD8B,0.022665222
CD9,-0.275093657
CD93,-0.202415169
CD96,-0.817542481
CD99,-0.030528651
CD99L2,-0.359727695
CDA,-0.000707589
CDADC1,-0.074163497
CDAN1,-0.1400113
CDC123,0.779560487
CDC14A,0.068470722
CDC14B,-0.176845393
CDC16,1.155791807
CDC20,0.284516111
CDC20B,-0.027321159
CDC23,0.756282218
CDC25A,0.131987792
CDC25B,0.566290553
CDC25C,0.177234974
CDC26,0.393046767
CDC26P1,0.108326632
CDC27,-0.01194751
CDC34,0.619203527
CDC37,1.048207505
CDC37L1,-0.286093114
CDC40,-0.089567429
CDC42,0.119370731
CDC42BPA,-0.918190449
CDC42BPB,-0.153784459
CDC42BPG,0.405832244
CDC42EP1,-1.070382728
CDC42EP2,-0.125111355
CDC42EP3,0.356400758
CDC42EP4,-0.466891022
CDC42EP5,0.367967342
CDC42P6,0.028276884
CDC42SE1,-0.750912308
CDC42SE2,-0.357816038
CDC45,0.619161562
CDC5L,0.304283212
CDC6,-0.932842365
CDC7,0.427508202
CDC73,0.453020026
CDCA3,-0.219544794
CDCA4,0.323560441
CDCA5,-0.399495132
CDCA7,-0.539542871
CDCA7L,-0.079351778
CDCA8,0.165401972
CDCP1,-0.151719618
CDCP2,0.038998655
CDH1,0.431294334
CDH10,-0.113596017
CDH11,0.370684133
CDH12,-0.501615967
CDH13,-0.605446016
CDH15,0.268756218
CDH16,0.126406193
CDH17,-0.215332645
CDH18,0.068399883
CDH19,-0.563455282
CDH2,0.711411849
CDH20,0.028126476
CDH22,0.018347058
CDH23,0.454634528
CDH24,0.335830459
CDH26,-0.05236761
CDH3,-0.440913057
CDH4,0.025317263
CDH5,-0.196792225
CDH6,0.317102579
CDH7,-0.288418202
CDH8,-0.94432276
CDH9,-0.043222286
CDHR1,0.30256074
CDHR2,0.100582232
CDHR3,0.056355797
CDHR4,0.476114654
CDHR5,-0.409276767
CDIP1,-0.590136693
CDIPT,-0.09377869
CDK1,0.753866029
CDK10,0.689952999
CDK11A,-0.2558695
CDK11B,-0.255363482
CDK12,0.125169846
CDK13,-0.659831486
CDK14,0.297041471
CDK15,-0.03163346
CDK16,-0.598623053
CDK17,0.435724509
CDK18,-0.996998462
CDK19,0.60982171
CDK2,-0.69887387
CDK20,0.382686251
CDK2AP1,0.212188415
CDK2AP2,0.405547631
CDK3,-0.152528333
CDK4,-0.6146143
CDK5,-0.194130083
CDK5R1,-0.33685612
CDK5R2,-0.179565538
CDK5RAP1,-0.454598563
CDK5RAP2,-0.054083136
CDK5RAP3,-0.229030558
CDK6,-0.713707889
CDK7,-0.500782185
CDK9,0.066502213
CDKAL1,0.318990709
CDKL1,0.605189719
CDKL2,-0.353480237
CDKL3,0.266791318
CDKL4,-0.471161055
CDKL5,0.412464942
CDKN1A,0.675095641
CDKN1B,0.196832144
CDKN1C,0.640541546
CDKN2A,0.634155416
CDKN2AIP,-0.294908286
CDKN2AIPNL,0.036419831
CDKN2B,0.374289322
CDKN2C,-0.040976039
CDKN2D,-0.116130278
CDKN3,-0.314088279
CDNF,-0.172262095
CDO1,0.572446168
CDON,-0.959489181
CDPF1,-0.412676156
CDR1,0.092931275
CDR2,-0.104132219
CDR2L,-0.242902815
CDRT1,-0.058940223
CDRT15,-0.158873112
CDRT15L2,-0.164353746
CDRT15P1,-0.637659435
CDRT15P2,0.42083893
CDRT4,0.055193029
CDS1,-0.130724424
CDS2,-0.264706459
CDSN,-0.257132366
CDT1,0.495714259
CDV3,-0.074099835
CDX1,-0.153090874
CDX2,-0.559089808
CDX4,-0.197704564
CDY1,-0.025280752
CDY1B,-0.025280752
CDY2A,0.125232186
CDY2B,0.125232186
CDYL,0.314605696
CDYL2,-0.071829604
CEACAM1,-0.529283383
CEACAM16,-0.258073385
CEACAM18,0.276214773
CEACAM19,-0.091995822
CEACAM20,-0.384478612
CEACAM21,0.367973288
CEACAM3,-0.451496706
CEACAM4,-0.253113704
CEACAM5,-0.339282501
CEACAM6,0.709138101
CEACAM7,0.066983895
CEACAM8,0.189348565
CEBPA,0.528738394
CEBPB,-0.238072414
CEBPD,0.23301542
CEBPE,-0.285485411
CEBPG,0.235028282
CEBPZ,-0.002704913
CECR2,-0.219157348
CEL,-0.188825851
CELA1,0.50451845
CELA2A,0.337272759
CELA2B,0.323189669
CELA3A,-0.009383271
CELA3B,-0.061495396
CELF1,0.442457898
CELF2,0.272118395
CELF3,0.0496747
CELF4,-0.530793673
CELF5,-0.710550201
CELF6,0.270474568
CELSR1,0.053676679
CELSR2,-0.010759854
CELSR3,-0.271721901
CEMIP,-0.249043467
CEMIP2,-0.439160559
CEMP1,0.391119156
CEND1,0.104578863
CENPA,-0.284237032
CENPB,0.538184711
CENPBD1,0.334667407
CENPC,0.237963874
CENPE,-0.037827744
CENPF,0.668891053
CENPH,0.348938795
CENPI,0.374369269
CENPJ,0.092852941
CENPK,0.035862316
CENPL,0.964366718
CENPM,-0.348686294
CENPN,0.303438894
CENPO,0.174396995
CENPP,0.022890167
CENPQ,-0.297079567
CENPS,0.043934278
CENPS-CORT,0.119996426
CENPT,0.090278029
CENPU,-0.624025022
CENPV,0.637925109
CENPW,0.51576007
CENPX,0.129547963
CEP104,0.293600962
CEP112,0.077217762
CEP120,-0.158705264
CEP126,-0.095744508
CEP128,0.553162381
CEP131,-0.112013346
CEP135,-0.101873081
CEP152,0.142328881
CEP162,0.113364504
CEP164,-0.101905235
CEP170,-0.099631455
CEP170B,-0.164161451
CEP19,0.088891923
CEP192,-0.089396384
CEP250,-0.155288003
CEP290,0.139563827
CEP295,-0.949847813
CEP295NL,0.262310325
CEP350,-0.429491699
CEP41,-0.707213551
CEP44,0.349399306
CEP55,0.245919968
CEP57,0.04394183
CEP57L1,-0.230648425
CEP63,-0.202971549
CEP68,-0.332898369
CEP70,0.11957819
CEP72,0.180281023
CEP76,0.376428561
CEP78,0.768089544
CEP83,0.289352861
CEP85,0.361126239
CEP85L,0.660267493
CEP89,-0.371260162
CEP95,-0.132694583
CEP97,-0.517689434
CEPT1,0.043299148
CER1,0.754539782
CERCAM,0.021714564
CERK,0.373337466
CERKL,-0.094795808
CERS1,0.38314196
CERS2,0.017719159
CERS3,-0.607138237
CERS4,-0.030344256
CERS5,-0.29900683
CERS6,0.132904044
CERT1,0.243759135
CES1,0.270307908
CES2,-0.605659159
CES3,0.343299917
CES4A,-0.337477441
CES5A,-0.152577169
CETN1,0.340474218
CETN2,0.024187828
CETN3,0.237186502
CETP,0.120313689
CFAP100,-0.070850766
CFAP126,0.284019587
CFAP157,-0.254118256
CFAP161,-0.42350107
CFAP20,0.094976587
CFAP206,-0.197229996
CFAP221,0.487563755
CFAP298,-0.805408139
CFAP299,0.591739544
CFAP300,0.381085607
CFAP36,0.524783163
CFAP410,-0.035178448
CFAP43,0.126906822
CFAP44,-0.272427029
CFAP45,0.583813664
CFAP46,0.293233479
CFAP47,0.693785932
CFAP52,0.071884063
CFAP53,0.003640885
CFAP57,-0.694498629
CFAP58,0.006902269
CFAP61,0.38237774
CFAP65,0.183513686
CFAP69,-0.112106398
CFAP70,-0.152833389
CFAP73,0.498091535
CFAP74,1.230539926
CFAP77,0.140315739
CFAP97,-0.110939184
CFAP97D1,0.038119144
CFAP99,0.379362568
CFB,0.216435939
CFC1,-0.403453013
CFC1B,-0.550606373
CFD,0.100030718
CFDP1,-0.387979825
CFH,0.138590429
CFHR1,-0.312227383
CFHR2,0.201634683
CFHR3,0.412684672
CFHR4,-0.070597411
CFHR5,0.655517824
CFI,0.102027754
CFL1,-0.771244944
CFL2,-0.430037381
CFLAR,-0.248218477
CFP,-0.127291051
CFTR,0.020294751
CGA,-0.660109533
CGB1,-0.165714441
CGB2,-0.165714441
CGB3,-0.165714441
CGB5,-0.165714441
CGB7,-0.131611256
CGB8,-0.165714441
CGGBP1,-0.114718137
CGN,0.079822287
CGNL1,-0.226988421
CGREF1,0.846517626
CGRRF1,-0.489705252
CH25H,-0.482465246
CHAC1,0.816299702
CHAC2,-0.459378731
CHAD,0.214564595
CHADL,0.071715482
CHAF1A,0.515277335
CHAF1B,0.160081335
CHAMP1,0.1495343
CHAT,0.018774085
CHCHD1,0.246170197
CHCHD10,-0.154997914
CHCHD2,-0.08562957
CHCHD2P6,0.468446441
CHCHD3,0.370575526
CHCHD4,0.062225927
CHCHD5,-0.314628544
CHCHD6,0.699406445
CHCHD7,-0.276533294
CHD1,-0.301673115
CHD1L,0.613795483
CHD2,-0.439917225
CHD3,-0.80053804
CHD4,-1.521528871
CHD5,-0.585278199
CHD6,-0.676494283
CHD7,-0.108318601
CHD8,0.102753698
CHD9,0.415734915
CHDH,0.104054463
CHEK1,-0.323848954
CHEK2,0.088656435
CHERP,0.543495735
CHFR,0.136636467
CHGA,-0.077518597
CHGB,-0.633824592
CHI3L1,0.084298761
CHI3L2,0.053073314
CHIA,0.194384084
CHIC1,0.049737674
CHIC2,-0.492216166
CHID1,-0.364174842
CHIT1,-0.222247388
CHKA,0.021681744
CHKB,-0.293108241
CHKB-CPT1B,-0.083467417
CHL1,-0.123775048
CHM,-0.071122614
CHML,-0.34471778
CHMP1A,0.061941523
CHMP1B,0.211246238
CHMP2A,-0.487413267
CHMP2B,-0.105754532
CHMP3,0.364961965
CHMP4A,0.080545913
CHMP4B,-0.67584587
CHMP4C,-0.056150048
CHMP5,-0.202817975
CHMP6,-0.214797895
CHMP7,-0.751806934
CHN1,-0.0674965
CHN2,0.203438011
CHODL,0.232088686
CHORDC1,0.786774215
CHP1,0.174986276
CHP2,0.499281774
CHPF,-0.044435025
CHPF2,-0.304800397
CHPT1,-0.075359922
CHRAC1,0.268897392
CHRD,0.14030277
CHRDL1,-0.28358097
CHRDL2,-0.435615469
CHRFAM7A,0.124909981
CHRM1,0.593196959
CHRM2,0.045647192
CHRM3,0.226048766
CHRM4,0.387144993
CHRM5,-0.174313315
CHRNA1,-0.649236996
CHRNA10,-0.563903115
CHRNA2,0.013603427
CHRNA3,-0.126041142
CHRNA4,-0.110583925
CHRNA5,0.055281696
CHRNA6,-0.918462549
CHRNA7,-0.156587754
CHRNA9,-0.133409161
CHRNB1,-0.449357146
CHRNB2,-0.292407056
CHRNB3,-0.357953816
CHRNB4,0.191550173
CHRND,0.164822057
CHRNE,-0.031101688
CHRNG,-0.20229804
CHST1,0.237805329
CHST10,-0.03344932
CHST11,-0.201859446
CHST12,-0.034613474
CHST13,0.123828897
CHST14,0.001980737
CHST15,-0.351086835
CHST2,0.586528619
CHST3,0.406358689
CHST4,-0.039982244
CHST5,0.087569028
CHST6,-0.420632892
CHST7,0.067972296
CHST8,0.259576874
CHST9,0.5675586
CHSY1,0.151025449
CHSY3,0.12259379
CHTF18,-0.251846173
CHTF8,-0.226383537
CHTOP,-0.390899948
CHUK,-0.161431635
CHURC1,0.055345986
CHURC1-FNTB,-0.133994593
CIAO1,0.75855298
CIAO2A,0.310421012
CIAO2B,-0.129952406
CIAO3,-0.131905474
CIAPIN1,0.065117716
CIART,-0.487312516
CIB1,0.346605229
CIB2,-0.569048623
CIB3,-0.264227579
CIB4,-0.158135905
CIC,-0.006848358
CIDEA,-0.715870551
CIDEB,-0.088532559
CIDEC,0.363169281
CIITA,-0.186309434
CILP,-0.297535177
CILP2,0.062758764
CINP,0.756097115
CIPC,-0.42272579
CIR1,-0.494641227
CIRBP,0.057964081
CISD1,0.213707092
CISD1P1,-0.143720826
CISD2,0.160156042
CISD3,-0.25776917
CISH,-0.405808681
CIT,-0.244083443
CITED1,-0.22729606
CITED2,0.126968344
CITED4,-0.54508298
CIZ1,-0.053699159
CKAP2,-0.164232308
CKAP2L,0.103158909
CKAP4,0.552884819
CKAP5,0.176913707
CKB,-0.067269025
CKLF,-0.283817487
CKLF-CMTM1,-0.401814985
CKM,-0.204736196
CKMT1A,0.173234998
CKMT1B,0.173234998
CKMT2,0.233131777
CKS1B,-0.543992996
CKS2,-0.283920279
CLASP1,0.190615297
CLASP2,0.065166297
CLASRP,-0.366738402
CLBA1,-0.467028628
CLC,0.496219795
CLCA1,-0.270601231
CLCA2,-0.184786679
CLCA4,0.498410537
CLCC1,0.090650213
CLCF1,0.038004704
CLCN1,-0.097001995
CLCN2,0.315464626
CLCN3,0.084631196
CLCN4,0.430930236
CLCN5,6.66575e-06
CLCN6,-0.18196478
CLCN7,-0.119336768
CLCNKA,0.11466519
CLCNKB,0.062462606
CLDN1,-0.801680508
CLDN10,0.221315202
CLDN11,-0.102897398
CLDN12,0.002273689
CLDN14,-0.200632972
CLDN15,0.385398982
CLDN16,0.309873142
CLDN17,0.221868403
CLDN18,-0.121096032
CLDN19,-0.314112762
CLDN2,-0.199047629
CLDN20,0.056455377
CLDN22,0.169309322
CLDN23,0.414045737
CLDN24,0.298983426
CLDN25,-0.575000795
CLDN3,0.231316768
CLDN34,-0.160541757
CLDN4,-0.01461395
CLDN5,0.415632507
CLDN6,-0.046959376
CLDN7,0.335682211
CLDN8,0.242307379
CLDN9,0.182366676
CLDND1,0.142764954
CLDND2,0.141447495
CLEC10A,0.025461994
CLEC11A,0.257481609
CLEC12A,-0.109820704
CLEC12B,0.226820426
CLEC14A,0.418636284
CLEC16A,0.027028172
CLEC17A,-0.297298981
CLEC18A,0.084410428
CLEC18B,0.212441799
CLEC18C,0.395271036
CLEC19A,0.16149614
CLEC1A,-0.061313591
CLEC1B,-0.226803922
CLEC2A,-0.20609179
CLEC2B,0.193035818
CLEC2D,-0.08539449
CLEC2L,-0.459382789
CLEC3A,0.028547634
CLEC3B,0.324306686
CLEC4A,-0.503998194
CLEC4C,-0.073382786
CLEC4D,0.4762178
CLEC4E,0.033897509
CLEC4F,-0.502271156
CLEC4G,0.533573711
CLEC4M,-0.100812949
CLEC4O,0.138805386
CLEC5A,-0.372057995
CLEC6A,-0.473318929
CLEC7A,0.067136982
CLEC9A,-0.18293284
CLECL1,0.413635732
CLGN,0.822286865
CLHC1,0.361736274
CLIC1,-0.190649931
CLIC2,-0.002525736
CLIC3,-0.176568872
CLIC4,0.028364847
CLIC5,0.075754468
CLIC6,-0.111959096
CLINT1,0.186527812
CLIP1,0.289162321
CLIP2,0.241317206
CLIP3,-0.212014753
CLIP4,0.212930599
CLK1,-0.159287116
CLK2,0.192923839
CLK3,0.447350047
CLK4,-0.004578634
CLLU1OS,0.098074222
CLMN,0.043550724
CLMP,-0.134859099
CLN3,0.153396154
CLN5,-0.438848856
CLN6,0.13921528
CLN8,-0.188861789
CLNK,-0.121673302
CLNS1A,0.324320405
CLOCK,0.724680904
CLP1,0.128550627
CLPB,-0.086642711
CLPP,0.680677047
CLPS,0.092283364
CLPSL1,-0.335538717
CLPSL2,0.866447281
CLPTM1,0.069525317
CLPTM1L,-0.334584314
CLPX,-0.118539085
CLRN1,0.457334046
CLRN2,-0.547036842
CLRN3,0.136260419
CLSPN,0.217417749
CLSTN1,0.131515224
CLSTN2,-0.068509479
CLSTN3,0.195892758
CLTA,-0.116438001
CLTB,-0.523090205
CLTC,-0.23510517
CLTCL1,-0.670389276
CLTRN,0.259906374
CLU,-0.291026623
CLUAP1,0.426919276
CLUH,-0.284163419
CLUL1,-0.421425932
CLVS1,0.144487491
CLVS2,-0.197893
CLYBL,0.470337595
CMA1,0.112327291
CMAS,0.257534701
CMBL,0.555670553
CMC1,-0.177645744
CMC2,0.134221144
CMC4,-0.414900462
CMIP,-0.158386681
CMKLR1,0.107353127
CMPK1,0.37329917
CMPK2,0.036363623
CMSS1,0.402486383
CMTM1,-0.374478423
CMTM2,-0.030828878
CMTM3,-0.40130385
CMTM4,-0.168138845
CMTM5,-0.251426295
CMTM6,-0.085915749
CMTM7,-0.349246285
CMTM8,0.033267301
CMTR1,0.866817192
CMTR2,0.012739654
CMYA5,-0.170585269
CNBD1,-0.641628129
CNBD2,0.192806609
CNBP,-0.207659777
CNDP1,-0.745389872
CNDP2,0.79905405
CNEP1R1,0.055832304
CNFN,0.345628245
CNGA1,-0.3328416
CNGA2,0.460025734
CNGA3,0.262877124
CNGA4,-0.571035452
CNGB1,-0.268786478
CNGB3,0.074470695
CNIH1,-0.300037828
CNIH2,0.605861785
CNIH3,0.038213563
CNIH4,-0.344899498
CNKSR1,0.29461434
CNKSR2,-0.257593718
CNKSR3,0.216176883
CNMD,0.234124032
CNN1,0.104546414
CNN2,-0.087677796
CNN3,0.228807983
CNNM1,0.013244601
CNNM2,-0.17953141
CNNM3,-0.630768726
CNNM4,0.072977105
CNOT1,0.190970626
CNOT10,-0.450095934
CNOT11,-0.491328965
CNOT2,0.094028576
CNOT3,-0.591816866
CNOT4,-0.564804483
CNOT6,-1.040110825
CNOT6L,0.336709261
CNOT7,0.010271917
CNOT8,0.001370761
CNOT9,0.057719704
CNP,0.05855438
CNPPD1,0.359848503
CNPY1,0.048710377
CNPY2,0.182288275
CNPY3,0.112572873
CNPY3-GNMT,-0.458652504
CNPY4,-0.197611124
CNR1,0.655850872
CNR2,-0.361670088
CNRIP1,0.243239415
CNST,-0.480522974
CNTD1,0.356015847
CNTD2,-0.010897589
CNTF,0.252565279
CNTFR,0.673649434
CNTLN,0.519499841
CNTN1,-0.050174134
CNTN2,-0.301682664
CNTN3,-0.336793095
CNTN4,0.019591816
CNTN5,-0.257047219
CNTN6,0.213851657
CNTNAP1,-0.016513064
CNTNAP2,0.125561791
CNTNAP3,0.280973849
CNTNAP3B,0.507552313
CNTNAP3C,0.381643449
CNTNAP3P2,0.840654294
CNTNAP4,-0.501824129
CNTNAP5,-0.062632739
CNTRL,0.296566754
CNTROB,0.196438722
COA1,-0.539532156
COA3,-0.318269255
COA4,0.283337313
COA5,0.466855937
COA6,0.638637279
COA7,0.311042736
COA8,-0.24459246
COASY,-0.352797031
COBL,0.411339046
COBLL1,-0.150483322
COCH,0.437624883
COG1,-0.060716123
COG2,0.071574785
COG3,0.083553817
COG4,-0.273930211
COG5,0.102006088
COG6,-0.080868978
COG7,-0.114800493
COG8,-0.651277412
COIL,0.279776437
COL10A1,-0.594953936
COL11A1,-0.326293933
COL11A2,0.373489505
COL12A1,0.230156982
COL13A1,0.420113136
COL14A1,-0.433045251
COL15A1,-0.12398806
COL16A1,-0.125708601
COL17A1,-0.013129615
COL18A1,-0.054041115
COL19A1,-0.293446892
COL1A1,-0.030394943
COL1A2,-0.127194223
COL20A1,-0.106176924
COL21A1,-0.529134354
COL22A1,0.57817282
COL23A1,-0.015238278
COL24A1,0.074645605
COL25A1,-0.043408399
COL26A1,0.246109901
COL27A1,-0.797998377
COL28A1,0.567168133
COL2A1,0.117332647
COL3A1,0.279091435
COL4A1,-0.284987022
COL4A2,-0.722535357
COL4A3,-0.301923608
COL4A4,0.057333372
COL4A5,0.160352256
COL4A6,-0.1698651
COL5A1,0.107423147
COL5A2,0.144902913
COL5A3,0.403462666
COL6A1,-0.443287787
COL6A2,-0.239231852
COL6A3,0.31664685
COL6A5,0.137206314
COL6A6,0.298925356
COL7A1,-0.566707647
COL8A1,0.533487199
COL8A2,0.642786702
COL9A1,0.625710374
COL9A2,0.003791149
COL9A3,0.06784834
COLCA1,0.377885865
COLCA2,-0.130105696
COLEC10,-0.023846918
COLEC11,-0.131813097
COLEC12,0.231675452
COLGALT1,-0.141063402
COLGALT2,0.089106567
COLQ,0.400661577
COMMD1,0.293815504
COMMD10,0.104031081
COMMD2,-0.640394732
COMMD3,-0.404013287
COMMD3-BMI1,-0.199953011
COMMD4,0.019462008
COMMD5,0.269125669
COMMD6,-0.561896637
COMMD7,-0.118226286
COMMD8,-0.625113486
COMMD9,-0.218535652
COMP,-0.205880527
COMT,0.64590306
COMTD1,0.025156459
COPA,0.466946656
COPB1,-0.463851887
COPB2,-0.030066015
COPE,0.32954891
COPG1,-0.227207125
COPG2,-0.314910551
COPRS,-0.200030917
COPS2,0.467913337
COPS3,0.587689962
COPS4,0.910134369
COPS5,0.325281336
COPS6,-0.343091155
COPS7A,0.360463802
COPS7B,-0.353261528
COPS8,0.458875591
COPS9,0.478684342
COPZ1,0.319306255
COPZ2,-0.032634286
COQ10A,-0.411454183
COQ10B,-0.236010583
COQ2,0.633580723
COQ3,0.207795078
COQ5,0.396531839
COQ6,0.250268959
COQ7,0.130518742
COQ8A,-0.391188364
COQ8B,0.088006878
COQ9,-0.01245047
CORIN,0.408203807
CORO1A,-0.430751578
CORO1B,-0.401159972
CORO1C,-0.140372726
CORO2A,0.144967106
CORO2B,0.842816344
CORO6,-0.176978573
CORO7,-0.545368935
CORO7-PAM16,-0.326266763
CORT,-0.208040483
COTL1,0.150276015
COX10,-0.146506575
COX11,0.056350308
COX14,-0.247922202
COX15,-0.021413532
COX16,0.382420487
COX17,0.219622109
COX18,0.442687843
COX19,-0.561649116
COX20,0.263786212
COX20P1,0.376954165
COX4I1,-0.387825846
COX4I2,-0.407045688
COX5A,-0.118221945
COX5B,-0.155102635
COX6A1,0.291804462
COX6A1P2,-0.147447133
COX6A2,0.187749877
COX6B1,0.012760013
COX6B2,-0.194502253
COX6C,-0.288370045
COX7A1,-0.367600011
COX7A2,-0.007198194
COX7A2L,-0.22944842
COX7B,0.001985409
COX7B2,-0.15831324
COX7BP1,-0.566623677
COX7C,-0.377816114
COX8A,0.196127031
COX8C,-0.142768729
CP,0.459364048
CPA1,0.030404301
CPA2,-0.652611869
CPA3,0.567396149
CPA4,-0.54264422
CPA5,-0.233955408
CPA6,0.334833496
CPAMD8,0.211902488
CPB1,0.319124778
CPB2,0.104359541
CPD,1.180129673
CPE,0.093847354
CPEB1,-0.293703742
CPEB2,-0.559616311
CPEB3,0.275890909
CPEB4,0.378146953
CPED1,-0.282157063
CPLANE1,0.213537865
CPLANE2,-0.000276578
CPLX1,0.130785187
CPLX2,0.149911213
CPLX3,0.127247795
CPLX4,-0.260216382
CPM,0.167405062
CPN1,-0.006077894
CPN2,-0.027563365
CPNE1,0.347557728
CPNE2,0.120479025
CPNE3,-0.474758088
CPNE4,-0.162779501
CPNE5,0.064472017
CPNE6,0.594772057
CPNE7,-0.318210741
CPNE8,-0.373804527
CPNE9,0.019542078
CPO,-0.574782716
CPOX,0.041392976
CPPED1,0.334518318
CPQ,-0.040751403
CPS1,0.069467759
CPSF1,0.192949856
CPSF2,0.019026444
CPSF3,-0.551228074
CPSF4,0.469997034
CPSF4L,-0.502870882
CPSF6,-0.064545831
CPSF7,-0.241002669
CPT1A,0.67528351
CPT1B,0.126173408
CPT1C,0.038407271
CPT2,0.072568031
CPTP,0.316419757
CPVL,0.171091836
CPXCR1,0.019872793
CPXM1,0.380419724
CPXM2,-0.261910021
CPZ,-0.065353686
CR1,0.350989511
CR1L,-0.408862185
CR2,-0.042837802
CRABP1,-0.046643036
CRABP2,-0.589084127
CRACD,-0.297647275
CRACR2A,0.074437535
CRACR2B,0.155915762
CRADD,-0.187705134
CRAMP1,0.287101317
CRAT,-0.196275368
CRB1,-0.255783453
CRB2,0.236558847
CRB3,-0.018927296
CRBN,0.623281603
CRCP,-0.114665229
CRCT1,-0.004958666
CREB1,-0.174116649
CREB3,0.328093058
CREB3L1,0.293697164
CREB3L2,0.040716627
CREB3L2-AS1,-0.205689646
CREB3L3,0.273222286
CREB3L4,0.066139727
CREB5,-0.374927818
CREBBP,-0.010769454
CREBL2,0.254419092
CREBRF,0.146283177
CREBZF,-0.594671688
CREG1,-0.094421722
CREG2,0.275064294
CRELD1,-0.493924361
CRELD2,0.715659248
CREM,0.382671033
CRH,-0.471482311
CRHBP,-0.343670911
CRHR1,-0.128520971
CRHR2,-0.580201095
CRIM1,-0.044301657
CRIP1,0.090836367
CRIP2,-0.147747852
CRIP3,0.751273944
CRIPT,-0.253636472
CRISP1,0.171464577
CRISP2,-0.093876502
CRISP3,0.006942964
CRISPLD1,-0.340147691
CRISPLD2,-0.248088543
CRK,0.006208203
CRKL,1.117360159
CRLF1,-0.031384358
CRLF2,-0.244567977
CRLF3,0.239627958
CRLS1,-0.199291406
CRMP1,0.426362721
CRNKL1,0.740413848
CRNN,-0.139883442
CROCC,0.227503217
CROT,0.116078881
CRP,0.046343934
CRPPA,-0.101359711
CRTAC1,0.220570923
CRTAM,-0.552490149
CRTAP,-0.120558797
CRTC1,0.499130992
CRTC2,-0.137632552
CRTC3,-0.234280808
CRX,-0.366284637
CRY1,-0.005046534
CRY2,-0.196159121
CRYAA,0.856360116
CRYAA2,0.856360116
CRYAB,-0.018135365
CRYBA1,0.21093114
CRYBA2,-0.482665885
CRYBA4,0.320012447
CRYBB1,0.328089367
CRYBB2,-0.316379505
CRYBB3,0.075850366
CRYBG1,0.261031541
CRYBG2,0.16380014
CRYBG3,-0.129078633
CRYGA,-0.669261867
CRYGB,-0.021588303
CRYGC,0.040395547
CRYGD,-0.020229602
CRYGN,0.135995055
CRYGS,-0.033956152
CRYL1,-1.095843073
CRYM,-0.267572567
CRYZ,0.118578365
CRYZL1,0.158257816
CRYZL2P-SEC16B,0.155321484
CS,-0.249258846
CSAD,-0.005661348
CSAG1,-0.245709419
CSAG2,-0.08811407
CSAG3,-0.08811407
CSDC2,-0.279785277
CSDE1,-0.91867124
CSE1L,0.034204438
CSF1,0.38958958
CSF1R,-0.751178494
CSF2,-0.26428089
CSF2RA,-0.238202351
CSF2RB,-0.485766325
CSF3,-0.141124984
CSF3R,0.621918776
CSGALNACT1,-0.519708706
CSGALNACT2,0.483472626
CSH1,-0.051948131
CSH2,-0.121179921
CSHL1,0.089442895
CSK,0.313005913
CSKMT,-0.128410108
CSMD1,-0.458516582
CSMD2,0.088290511
CSMD3,-0.19805302
CSN1S1,-0.01871949
CSN2,-0.080899755
CSN3,-0.213144453
CSNK1A1,-0.047168797
CSNK1A1L,0.310223234
CSNK1D,-0.115549996
CSNK1E,0.050376894
CSNK1G1,0.393856562
CSNK1G2,0.186229521
CSNK1G3,-0.130328707
CSNK2A1,0.259835743
CSNK2A2,0.59884828
CSNK2A3,-0.726613069
CSNK2B,0.192097287
CSPG4,-0.119282201
CSPG5,-0.314623482
CSPP1,0.048122447
CSRNP1,0.111368321
CSRNP2,-0.263123804
CSRNP3,-0.112369523
CSRP1,0.829733405
CSRP2,-0.081893227
CSRP3,0.111656987
CST1,-0.18729964
CST11,-0.820043857
CST2,-0.538970236
CST3,-0.088808873
CST4,0.232711647
CST5,0.036905244
CST6,-1.032619279
CST7,-0.099583967
CST8,-0.681812106
CST9,0.390218708
CST9L,0.130531809
CSTA,-0.899132771
CSTB,-0.379845051
CSTF1,0.152241485
CSTF2,0.058017121
CSTF2T,-0.084368714
CSTF3,0.353428874
CSTL1,0.200402233
CT45A1,-0.319249138
CT45A10,-0.251307575
CT45A2,-0.319252047
CT45A3,-0.348161708
CT45A5,-0.377753165
CT45A6,-0.377753165
CT45A7,-0.377753165
CT45A8,-0.319252047
CT45A9,-0.319252047
CT47A1,0.107220028
CT47A10,0.107220028
CT47A11,0.107220028
CT47A12,0.107220028
CT47A2,0.107220028
CT47A3,0.107220028
CT47A4,0.107220028
CT47A5,0.107220028
CT47A6,0.107220028
CT47A7,0.107220028
CT47A8,0.107220028
CT47A9,0.107220028
CT47B1,0.082243191
CT55,-0.080268225
CT62,-0.391542071
CT83,-0.230438766
CTAG1A,0.193556268
CTAG1B,0.193556268
CTAG2,0.194815147
CTAGE1,-0.335971848
CTAGE11P,-0.117430374
CTAGE14P,-0.364891998
CTAGE15,-0.016219994
CTAGE16P,-0.175816782
CTAGE4,-0.044819256
CTAGE6,0.039825995
CTAGE8,-0.044819256
CTAGE9,-0.065929581
CTB-49A3.2,0.391125625
CTBP1,0.494431388
CTBP2,-0.350707552
CTBS,-0.475210303
CTC1,0.125739289
CTCF,0.020877184
CTCFL,-0.178140823
CTDNEP1,-0.813681475
CTDP1,0.323575745
CTDSP1,0.507324417
CTDSP2,-0.157037376
CTDSPL,-0.037059433
CTDSPL2,-0.214044071
CTF1,0.197859631
CTGF,0.156135014
CTH,-0.055483595
CTHRC1,-0.303354905
CTIF,0.557930603
CTLA4,-0.180311766
CTNNA1,0.367876977
CTNNA2,-0.030495004
CTNNA3,0.078506146
CTNNAL1,-0.322812822
CTNNB1,0.329359801
CTNNBIP1,0.664472681
CTNNBL1,-0.688951721
CTNND1,0.199119725
CTNND2,-0.454755146
CTNS,-0.173929238
CTPS1,0.222981947
CTPS2,-0.415698292
CTR9,0.348292135
CTRB1,0.484291202
CTRB2,0.556519222
CTRC,-0.270309678
CTRL,-0.166078715
CTSA,-0.246946503
CTSB,-0.411972575
CTSC,0.33038231
CTSD,-0.679304906
CTSE,-0.12082673
CTSF,-0.041134266
CTSG,0.173176034
CTSH,-0.355336101
CTSK,-0.510884755
CTSL,0.097404478
CTSO,0.11136327
CTSS,0.124214007
CTSV,-0.076596656
CTSW,-0.073630315
CTSZ,0.429103364
CTTN,-0.158629823
CTTNBP2,-0.446484278
CTTNBP2NL,0.565768278
CTU1,-0.495787275
CTU2,0.431977119
CTXN1,0.039934068
CTXN2,0.510207034
CTXN3,-0.186483865
CUBN,0.131057534
CUEDC1,-0.008427103
CUEDC2,-0.310408769
CUL1,0.654234822
CUL2,-0.496170552
CUL3,0.49083285
CUL4A,0.205364577
CUL4B,0.038546883
CUL5,-0.19869335
CUL7,0.324002269
CUL9,-0.409534769
CUTA,-0.170182701
CUTC,0.447265728
CUX1,0.505151158
CUX2,0.06304509
CUZD1,-0.759065797
CWC15,0.844721068
CWC22,0.528900212
CWC25,0.381690267
CWC27,0.005359221
CWF19L1,-0.218291203
CWF19L2,0.214478994
CWH43,-0.236357689
CX3CL1,0.330958729
CX3CR1,0.112457161
CXADR,-0.620516756
CXCL1,0.487659938
CXCL10,0.281080026
CXCL11,0.368785433
CXCL12,0.199859647
CXCL13,-0.000210303
CXCL14,-0.718902325
CXCL16,0.305797264
CXCL17,0.273163574
CXCL2,0.051467138
CXCL3,-0.008067968
CXCL5,0.173595015
CXCL6,0.321312212
CXCL8,-0.368940044
CXCL9,0.030739818
CXCR1,-0.261980443
CXCR2,-0.724915846
CXCR3,-0.420210073
CXCR4,0.102674854
CXCR5,-0.282363748
CXCR6,0.483462727
CXXC1,0.103101162
CXXC4,-0.17190843
CXXC5,0.14928337
CXorf21,0.521658015
CXorf23,0.187756811
CXorf38,-0.03598091
CXorf40A,0.04945749
CXorf40B,-0.030600677
CXorf49,-0.230399121
CXorf49B,-0.230399121
CXorf51A,0.089701796
CXorf51B,0.089701796
CXorf56,0.534039251
CXorf58,0.246074175
CXorf65,-0.145064056
CXorf66,-0.492687681
CYB561,-0.235557202
CYB561A3,-0.105614072
CYB561D1,-0.048783139
CYB561D2,-0.036073194
CYB5A,-0.093140356
CYB5B,0.244358094
CYB5D1,-0.015484444
CYB5D2,-0.281943736
CYB5R1,-0.2207074
CYB5R2,0.065084283
CYB5R3,-0.167277443
CYB5R4,-0.911523291
CYB5RL,-0.282369242
CYBA,0.125604861
CYBB,0.241198877
CYBC1,-0.180675172
CYBRD1,0.512795542
CYC1,-0.081350397
CYCS,-0.720488711
CYFIP1,0.20488705
CYFIP2,-0.284944383
CYGB,0.226300096
CYHR1,0.165832797
CYLC1,0.016723793
CYLC2,0.138173492
CYLD,-0.118685324
CYP11A1,0.188339855
CYP11B1,0.053155491
CYP11B2,-0.151609313
CYP17A1,0.723610957
CYP19A1,-0.281640769
CYP1A1,-0.388411054
CYP1A2,-0.122580976
CYP1B1,0.197368167
CYP20A1,0.266254041
CYP21A2,-0.457784018
CYP24A1,-0.273585928
CYP26A1,-0.007319902
CYP26B1,0.131099084
CYP26C1,0.166704687
CYP27A1,-0.142180453
CYP27B1,0.775581951
CYP27C1,0.083629842
CYP2A13,0.456338462
CYP2A6,-0.575144426
CYP2A7,-0.511233636
CYP2B6,0.165642858
CYP2C18,-0.184878179
CYP2C19,0.413882309
CYP2C8,0.395092212
CYP2C9,0.758319995
CYP2D6,0.307819412
CYP2E1,0.292906702
CYP2F1,0.319653625
CYP2J2,0.508576462
CYP2R1,0.317896906
CYP2S1,-0.516308972
CYP2U1,-0.316208022
CYP2W1,-0.162872294
CYP39A1,-0.306121586
CYP3A4,0.409602694
CYP3A43,-0.475797317
CYP3A5,-0.318888485
CYP3A7,-0.333429573
CYP3A7-CYP3A51P,-0.333429573
CYP46A1,-0.507252867
CYP4A11,0.497390971
CYP4A22,0.112722901
CYP4B1,-0.321010318
CYP4F11,0.415276151
CYP4F12,0.162153375
CYP4F2,0.172442739
CYP4F22,-0.315997865
CYP4F3,0.315731353
CYP4F8,0.119474233
CYP4V2,0.471110826
CYP4X1,-0.28643815
CYP4Z1,0.482650394
CYP51A1,-0.510960105
CYP7A1,0.041240081
CYP7B1,0.306764011
CYP8B1,-0.005076119
CYR61,-0.065003195
CYREN,-0.567644918
CYS1,0.212600038
CYSLTR1,0.434763851
CYSLTR2,-0.051545012
CYSRT1,-0.313506102
CYSTM1,0.342564816
CYTH1,0.623907605
CYTH2,-0.101209477
CYTH3,-0.2432726
CYTH4,-0.002072665
CYTIP,0.326863025
CYTL1,0.706435311
CYYR1,0.690314754
CZ1P-ASNS,-0.470153095
CZIB,-0.194832241
D2HGDH,0.099344306
DAAM1,0.222901547
DAAM2,0.053360394
DAB1,0.243898471
DAB2,-0.295351081
DAB2IP,-0.403289514
DACH1,0.172735845
DACH2,0.111580735
DACT1,0.168097907
DACT2,-0.755741243
DACT3,-0.171988752
DAD1,0.482392356
DAG1,0.547407142
DAGLA,-0.069068164
DAGLB,-0.064887551
DALRD3,-0.203939897
DAND5,-0.05439088
DAO,-0.059059746
DAOA,-0.086131929
DAOA-AS1,-0.195107087
DAP,0.001933156
DAP3,0.409230935
DAPK1,0.026443194
DAPK2,-0.343507683
DAPK3,-0.365863805
DAPL1,-0.096553026
DAPP1,-0.422171227
DARS1,0.522079515
DARS2,0.205243002
DAW1,-0.185631249
DAXX,-0.14118215
DAZ1,-0.174862978
DAZ2,-0.174862978
DAZ3,-0.174862978
DAZ4,-0.174862978
DAZAP1,-0.400648746
DAZAP2,-0.131526551
DAZL,-0.50044504
DBF4,-0.331022895
DBF4B,-0.159432664
DBH,-0.116708614
DBI,-0.534077256
DBN1,-0.141943598
DBNDD1,-0.017300534
DBNDD2,-0.080748175
DBNL,-0.406149824
DBP,-0.572615741
DBR1,1.067547014
DBT,0.344038699
DBX1,-0.663489451
DBX2,0.630078559
DCAF1,0.734194091
DCAF10,0.223685241
DCAF11,0.036732694
DCAF12,-0.061202933
DCAF12L1,-0.091459422
DCAF12L2,-0.104360567
DCAF13,-0.162687758
DCAF15,-0.325169258
DCAF16,0.250552182
DCAF17,-0.208800715
DCAF4,0.726165509
DCAF4L1,0.175051653
DCAF4L2,0.152753313
DCAF5,-0.102713147
DCAF6,-0.295602302
DCAF7,0.445997087
DCAF8,-0.168187615
DCAF8L1,-0.115122176
DCAF8L2,0.157095181
DCAKD,0.514535182
DCANP1,0.353609568
DCBLD1,0.141951333
DCBLD2,0.154817238
DCC,-0.230268642
DCD,-0.10724873
DCDC1,-0.31092467
DCDC2,-0.410160797
DCDC2B,-0.0967325
DCDC2C,0.011418407
DCHS1,-0.063883296
DCHS2,0.460919995
DCK,-0.07823936
DCLK1,0.17631807
DCLK2,-0.237380165
DCLK3,-0.207397585
DCLRE1A,-0.15805343
DCLRE1B,0.239128842
DCLRE1C,-0.018018708
DCN,0.041878535
DCP1A,-0.888673495
DCP1B,-0.145766024
DCP2,-0.277906416
DCPS,-0.530424857
DCST1,0.124930991
DCST2,-0.355182495
DCSTAMP,0.12312416
DCT,-0.673402899
DCTD,0.060834359
DCTN1,-0.041379109
DCTN2,0.050854882
DCTN3,-0.318341173
DCTN4,0.024134563
DCTN5,0.530829138
DCTN6,0.045241372
DCTPP1,-0.066784517
DCUN1D1,-0.106938622
DCUN1D2,-0.349097602
DCUN1D3,-0.611529594
DCUN1D4,0.174057741
DCUN1D5,-0.404675432
DCX,0.27984304
DCXR,0.084856719
DDA1,-0.209211416
DDAH1,-0.562187184
DDAH2,0.140567977
DDB1,0.176527227
DDB2,0.151376894
DDC,0.035767513
DDHD1,-0.462634339
DDHD2,-0.164411265
DDI1,-0.073657434
DDI2,-0.356967527
DDIAS,-0.233832442
DDIT3,0.192000952
DDIT4,-0.025638463
DDIT4L,-0.000652136
DDN,0.382138606
DDO,0.277350019
DDOST,0.213566667
DDR1,0.260245075
DDR2,-0.371734113
DDRGK1,0.303580681
DDT,-0.045491357
DDTL,-0.045491357
DDX1,-0.233053877
DDX10,1.195878586
DDX11,-0.252302232
DDX17,-0.345902091
DDX18,0.433316987
DDX19A,0.474521671
DDX19B,-0.068871198
DDX20,0.613424166
DDX21,-0.344947372
DDX23,0.621180825
DDX24,-0.168843482
DDX25,0.073246892
DDX27,0.09453963
DDX28,0.395931891
DDX31,0.305725591
DDX39A,-0.767029516
DDX39B,0.127041067
DDX3X,0.06311333
DDX3Y,0.042252022
DDX4,0.498003689
DDX41,0.370929734
DDX42,-0.455224845
DDX43,-0.311489487
DDX46,-0.990297525
DDX47,0.066197878
DDX49,-0.168664949
DDX5,-0.07531246
DDX50,0.502246457
DDX51,-0.051048925
DDX52,0.190511698
DDX53,-0.032620788
DDX54,-0.058370859
DDX55,0.300832269
DDX56,-0.613189084
DDX58,-0.589119362
DDX59,-0.146085154
DDX6,-0.348293374
DDX60,0.415963676
DDX60L,0.028667824
DEAF1,0.448889821
DEC1,-0.051143051
DECR1,-0.092433725
DECR2,0.373056866
DEDD,0.296622462
DEDD2,0.655442402
DEF6,-0.821655111
DEF8,-0.615293705
DEFA1,0.438467701
DEFA1B,0.438467701
DEFA3,0.438467701
DEFA4,-0.08013103
DEFA5,0.071709873
DEFA6,-0.376849254
DEFB1,-0.349966912
DEFB103A,0.211343361
DEFB103B,0.211343361
DEFB104A,-0.573136832
DEFB104B,-0.573136832
DEFB105A,-0.040173902
DEFB105B,-0.040173902
DEFB106A,0.011597737
DEFB106B,0.011597737
DEFB107A,0.325970168
DEFB107B,0.325970168
DEFB108B,0.129978815
DEFB110,0.063911767
DEFB112,0.110913608
DEFB113,0.493094871
DEFB114,-0.095339562
DEFB115,0.324916898
DEFB116,0.331096934
DEFB118,0.006748683
DEFB119,0.123356814
DEFB121,0.016687684
DEFB123,-0.436972725
DEFB124,-0.459751618
DEFB125,-0.847692892
DEFB126,-0.11233961
DEFB127,0.294266506
DEFB128,0.024347187
DEFB129,0.055809682
DEFB130A,-0.319592068
DEFB130B,-0.319592068
DEFB131A,0.405717109
DEFB131B,0.232001606
DEFB131C,0.138798852
DEFB131D,0.138798852
DEFB132,-0.285761825
DEFB134,0.307663789
DEFB135,-0.121018747
DEFB136,-0.230165462
DEFB4A,0.354051366
DEFB4B,0.202663235
DEGS1,0.466518321
DEGS2,-0.497289724
DEK,-0.166638466
DELE1,0.05238321
DENND10,0.013671759
DENND10P1,0.220734231
DENND11,-0.529689917
DENND1A,0.295104078
DENND1B,-0.113612504
DENND1C,0.147258266
DENND2A,-0.093494174
DENND2C,-0.529286425
DENND2D,0.829989475
DENND3,-0.208578648
DENND4A,0.0562138
DENND4B,0.006513182
DENND4C,0.274138529
DENND5A,0.516694133
DENND5B,0.399263678
DENND6A,0.311170094
DENND6B,-0.388799727
DENR,0.967946093
DEPDC1,0.535910608
DEPDC1B,-0.128897601
DEPDC4,-0.256027324
DEPDC5,0.363626422
DEPDC7,-0.432006135
DEPP1,-0.123768023
DEPTOR,0.117756355
DERA,0.242020801
DERL1,0.142861614
DERL2,-0.506430945
DERL3,0.105019296
DES,0.043411542
DESI1,0.079428788
DESI2,0.132834709
DET1,0.661809713
DEUP1,-0.289441694
DEXI,-0.44281291
DFFA,-0.383630705
DFFB,-0.131805286
DFNB59,0.633134427
DGAT1,0.49241679
DGAT2,-0.296545803
DGAT2L6,-0.173153973
DGCR2,0.085813636
DGCR6,-0.162815929
DGCR6L,0.328127708
DGCR8,0.748815804
DGKA,0.100837359
DGKB,-0.166156939
DGKD,0.19081829
DGKE,-0.103954626
DGKG,-0.111710194
DGKH,0.119227641
DGKI,-0.267609857
DGKK,0.144891893
DGKQ,-0.172033733
DGKZ,0.248100702
DGLUCY,-0.217089888
DGUOK,0.425895939
DHCR24,0.261117117
DHCR7,-0.138522851
DHDDS,-0.145922093
DHDH,-0.464766973
DHFR,-0.263931134
DHFR2,0.157892316
DHFRP1,-0.303629792
DHH,-0.350729517
DHODH,0.010638817
DHPS,0.744045623
DHRS1,0.326475713
DHRS11,-0.455621765
DHRS12,-0.094678773
DHRS13,-0.718834199
DHRS2,0.374694466
DHRS3,0.10104056
DHRS4,-0.241886093
DHRS4-AS1,0.340197639
DHRS4L1,0.518266152
DHRS4L2,0.241026642
DHRS7,0.076873022
DHRS7B,0.161669112
DHRS7C,-0.837221801
DHRS9,0.089379588
DHRSX,-0.51802491
DHTKD1,-0.422420239
DHX15,-0.17350846
DHX16,-0.268268084
DHX29,-0.334008509
DHX30,0.033874089
DHX32,-0.387931061
DHX33,-0.016754176
DHX34,-0.038204444
DHX35,0.416437408
DHX36,-0.305976613
DHX37,0.592825343
DHX38,-0.034213493
DHX40,0.237081289
DHX57,0.239724692
DHX58,-0.321326622
DHX8,0.964425503
DHX9,0.084994718
DIABLO,0.530337362
DIAPH1,0.107459525
DIAPH2,-0.872432366
DIAPH3,0.440213621
DICER1,-0.122818264
DIDO1,-0.204773167
DIEXF,0.349755835
DIMT1,0.44918588
DIO1,0.106132845
DIO2,0.252290385
DIO3,-0.228967151
DIP2A,0.072599672
DIP2B,-0.112551797
DIP2C,-0.186302088
DIPK1A,-0.10988415
DIPK1B,-0.052452097
DIPK1C,0.012912809
DIPK2A,0.125637236
DIPK2B,0.105027436
DIRAS1,-0.178665409
DIRAS2,0.264254966
DIRAS3,0.307524679
DIRC1,-0.216348244
DIS3,-0.424692623
DIS3L,0.133939347
DIS3L2,0.008109121
DISC1,0.277420128
DISP1,0.066317707
DISP2,0.368130025
DISP3,0.039406233
DIXDC1,0.05977688
DKC1,0.412674525
DKK1,-0.092345801
DKK2,-0.131681968
DKK3,0.072462678
DKK4,-0.157280492
DKKL1,0.180177993
DLAT,0.198974816
DLC1,0.974258754
DLD,-0.864699584
DLEC1,-0.069011143
DLEU7,0.139869205
DLG1,-0.026481688
DLG2,-0.516062288
DLG3,-0.310463532
DLG4,0.256820134
DLG5,0.302403905
DLGAP1,-0.441229873
DLGAP2,-0.297854293
DLGAP3,0.129399427
DLGAP4,-0.071992535
DLGAP5,-0.776997136
DLK1,-0.578382759
DLK2,0.252939645
DLL1,-0.156465328
DLL3,-0.045911915
DLL4,-0.205437495
DLST,-0.539701808
DLX1,-0.275078603
DLX2,-0.313099787
DLX3,0.002421486
DLX4,-0.510652488
DLX5,0.187594471
DLX6,-0.531941009
DMAC1,0.183038893
DMAC2,0.20189595
DMAC2L,-0.074075027
DMAP1,1.108010818
DMBT1,-0.655054222
DMBX1,0.319302441
DMC1,0.652387116
DMD,-0.729676608
DMGDH,0.19962864
DMKN,-0.421334634
DMP1,0.096525457
DMPK,-0.25368214
DMRT1,-0.031437584
DMRT2,0.33017656
DMRT3,0.067741731
DMRTA1,0.436940272
DMRTA2,-0.055568088
DMRTB1,0.148852949
DMRTC1,0.080113283
DMRTC1B,0.080113283
DMRTC2,0.392726112
DMTF1,0.037983889
DMTN,0.04596703
DMWD,-0.19794694
DMXL1,-0.357603402
DMXL2,-0.248358512
DNA2,0.462569915
DNAAF1,-0.189873818
DNAAF2,0.126544314
DNAAF3,-0.473399606
DNAAF4,0.140743431
DNAAF4-CCPG1,0.044276019
DNAAF5,-0.112684051
DNAH1,0.257487159
DNAH10,0.374435838
DNAH11,-0.609244205
DNAH12,-0.090218979
DNAH14,0.240573991
DNAH17,-1.220306336
DNAH2,-0.227683532
DNAH3,-0.411570141
DNAH5,0.712074606
DNAH6,0.549675851
DNAH7,0.322093109
DNAH8,-0.410460384
DNAH9,0.046952182
DNAI1,0.705007193
DNAI2,0.019522251
DNAJA1,0.33697898
DNAJA2,0.402505401
DNAJA3,1.385811177
DNAJA4,0.084086324
DNAJB1,0.244241962
DNAJB11,-0.56949102
DNAJB12,-0.351061463
DNAJB13,-0.709654939
DNAJB14,-0.275340475
DNAJB2,-0.035747419
DNAJB3,-0.361782625
DNAJB4,0.801919902
DNAJB5,0.130941259
DNAJB6,0.219188846
DNAJB7,-0.460631581
DNAJB8,-0.086105452
DNAJB9,-0.56704347
DNAJC1,-0.160013257
DNAJC10,0.062088506
DNAJC11,0.393929708
DNAJC12,0.361705142
DNAJC13,0.296690639
DNAJC14,0.292899689
DNAJC15,-1.00723785
DNAJC16,0.039988911
DNAJC17,0.571007751
DNAJC18,0.103184155
DNAJC19,-0.100173278
DNAJC2,0.014945162
DNAJC21,0.384791429
DNAJC22,0.081495479
DNAJC24,0.451717469
DNAJC25,-0.366136358
DNAJC25-GNG10,-0.359143079
DNAJC27,-0.066087106
DNAJC28,-0.562601155
DNAJC3,0.10213217
DNAJC30,0.259197968
DNAJC4,0.06406476
DNAJC5,-0.111003557
DNAJC5B,-3.00574e-05
DNAJC5G,-0.160030127
DNAJC6,0.163824719
DNAJC7,-0.489709655
DNAJC8,0.409494693
DNAJC9,0.281215294
DNAL1,0.449425079
DNAL4,-0.091080105
DNALI1,-0.106003036
DNASE1,0.058131958
DNASE1L1,-0.21701875
DNASE1L2,-0.000287036
DNASE1L3,0.276320324
DNASE2,-0.125048823
DNASE2B,0.228180891
DND1,-0.653089781
DNER,0.593459989
DNHD1,-0.256084733
DNLZ,-0.309000661
DNM1,0.424483896
DNM1L,0.365248815
DNM2,-0.211725683
DNM3,-1.197284363
DNMBP,-0.384108001
DNMT1,0.661070727
DNMT3A,0.062631996
DNMT3B,-0.136052294
DNMT3L,0.211848126
DNPEP,0.618779088
DNPH1,-0.277990469
DNTT,-0.014205976
DNTTIP1,-0.076495751
DNTTIP2,0.600332933
DOC2A,0.103916746
DOC2B,-0.248957402
DOCK1,0.247390977
DOCK10,0.498342665
DOCK11,0.059468427
DOCK2,0.007861908
DOCK3,0.967821908
DOCK4,-0.159073377
DOCK5,-0.218820331
DOCK6,0.221145332
DOCK7,-0.080191502
DOCK8,-0.454537907
DOCK8-AS1,0.494646975
DOCK9,-0.348963292
DOHH,-0.659569092
DOK1,0.309742524
DOK2,0.485418796
DOK3,-0.092922609
DOK4,0.385556831
DOK5,0.043937174
DOK6,0.113831366
DOK7,0.496554846
DOLK,-0.372647762
DOLPP1,-0.187360303
DONSON,0.567161911
DOP1A,0.048656261
DOP1B,0.068605185
DOT1L,-0.124308932
DPAGT1,-0.684120204
DPCD,-0.075301937
DPEP1,-0.080190183
DPEP2,-0.200240143
DPEP2NB,0.077334615
DPEP3,0.049796893
DPF1,-0.057668608
DPF2,0.137486636
DPF3,0.039429962
DPH1,-0.29588298
DPH2,-0.156261289
DPH3,-0.002726474
DPH3P1,-0.031461432
DPH5,-0.003065077
DPH6,-0.491335673
DPH7,0.062316484
DPM1,2.570000962
DPM2,0.010353033
DPM3,1.453626365
DPP10,0.843445037
DPP3,0.419871801
DPP4,-0.167904312
DPP6,0.331551773
DPP7,-0.251212881
DPP8,0.540534473
DPP9,-0.060948728
DPP9-AS1,-0.425205411
DPPA2,-0.84964062
DPPA3,0.327837665
DPPA4,-0.428054389
DPPA5,-0.811734366
DPRX,-0.585689193
DPT,0.14696121
DPY19L1,0.348752959
DPY19L2,-0.115632822
DPY19L3,-0.421391862
DPY19L4,0.099224283
DPY30,-0.517261826
DPYD,0.003934972
DPYS,-0.536391271
DPYSL2,-0.193087468
DPYSL3,-0.075923049
DPYSL4,-0.174647231
DPYSL5,-0.503382159
DQX1,0.204427062
DR1,0.208933209
DRAM1,0.451606776
DRAM2,0.535821351
DRAP1,-0.201279588
DRAXIN,0.112878528
DRC1,0.253098
DRC3,-0.13991695
DRC7,0.342079823
DRD1,0.173287767
DRD2,-0.256493877
DRD3,0.018019427
DRD4,-0.077353606
DRD5,0.166764571
DRG1,-0.364804459
DRG2,0.429966966
DRGX,0.321265876
DRICH1,-0.080995804
DROSHA,0.918920471
DRP2,0.045122597
DSC1,-0.098095184
DSC2,-0.262644291
DSC3,0.161032594
DSCAM,-0.011594656
DSCAML1,0.034447389
DSCC1,-0.814604389
DSCR4,-0.863820645
DSE,-1.071239654
DSEL,-0.210429044
DSG1,-0.179321905
DSG2,0.128872361
DSG3,0.189586156
DSG4,-0.102560225
DSN1,-0.079882128
DSP,0.263226286
DSPA2D,0.848254298
DSPP,-0.021270387
DST,-0.877726136
DSTN,-0.055448457
DSTNP3,-0.106143081
DSTYK,-0.07695435
DTD1,-0.285119645
DTD2,0.241141008
DTHD1,0.130457104
DTL,0.363588157
DTNA,-0.194820584
DTNB,-0.088652844
DTNBP1,0.402665235
DTWD1,-0.449980239
DTWD2,-0.744967407
DTX1,-0.047438097
DTX2,0.145244358
DTX3,-0.327589366
DTX3L,0.063365638
DTX4,0.110327882
DTYMK,-0.009719915
DUOX1,0.160560499
DUOX2,0.272981777
DUOXA1,-0.620488352
DUOXA2,0.187768794
DUPD1,-0.594560244
DUS1L,0.016778282
DUS2,0.107832617
DUS3L,-0.101624686
DUS4L,-0.000331561
DUS4L-BCAP29,-0.275332948
DUSP1,0.350055863
DUSP10,0.18248409
DUSP11,0.108626039
DUSP12,0.19815022
DUSP13,-0.463768193
DUSP14,-0.256192104
DUSP15,0.543328473
DUSP16,0.352150105
DUSP18,0.119453449
DUSP19,0.035799641
DUSP2,-0.200217698
DUSP21,0.32527685
DUSP22,-0.668778848
DUSP23,0.045099468
DUSP27,0.147671933
DUSP28,-0.114938664
DUSP3,-0.395599288
DUSP4,0.207448523
DUSP5,-0.081898821
DUSP6,-0.275565899
DUSP7,-0.059531725
DUSP8,-0.509900876
DUSP9,0.368681099
DUT,-0.169755482
DUX4,0.691528827
DUX4L1,0.916529601
DUX4L10,0.691528827
DUX4L11,0.691528827
DUX4L12,0.691528827
DUX4L13,0.304402414
DUX4L14,0.691528827
DUX4L15,0.691528827
DUX4L2,0.916529601
DUX4L20,0.691528827
DUX4L21,0.691528827
DUX4L22,0.691528827
DUX4L23,0.691528827
DUX4L24,0.691528827
DUX4L25,0.304402414
DUX4L3,0.916529601
DUX4L4,0.916529601
DUX4L5,0.916529601
DUX4L6,0.916529601
DUX4L7,0.916529601
DUX4L8,1.447224029
DUX4L9,0.916529601
DUXA,0.270265537
DVL1,0.596794963
DVL2,-0.53892872
DVL3,-0.379452176
DXO,-0.387093767
DYDC1,-0.12676697
DYDC2,0.033086422
DYM,-0.255193312
DYNAP,0.531572274
DYNC1H1,0.486737749
DYNC1I1,-0.340310557
DYNC1I2,0.650890778
DYNC1LI1,-0.136020609
DYNC1LI2,0.049376303
DYNC2H1,0.439309247
DYNC2LI1,0.124517718
DYNLL1,0.133970884
DYNLL2,-0.377424279
DYNLRB1,0.036787093
DYNLRB2,-0.040598932
DYNLT1,-0.308386276
DYNLT3,-0.129208665
DYRK1A,0.372552931
DYRK1B,-0.407032198
DYRK2,0.101878193
DYRK3,-0.799932808
DYRK4,-0.019463569
DYSF,-0.272122098
DYTN,0.427985211
DZANK1,0.111704461
DZIP1,0.446426864
DZIP1L,-0.108702693
DZIP3,0.093570315
E2F1,0.204329781
E2F2,0.13507541
E2F3,-0.662251494
E2F4,0.657700756
E2F5,-0.361802473
E2F6,0.315997475
E2F7,0.225803713
E2F8,0.002471458
E4F1,0.322370528
EAF1,-0.407157242
EAF2,-0.336933554
EAPP,0.159804573
EARS2,0.419011689
EBAG9,0.207424427
EBF1,-0.368135721
EBF2,0.044085803
EBF3,-0.263687233
EBF4,0.043946737
EBI3,0.224566667
EBLN1,0.496807197
EBLN2,-0.213797667
EBNA1BP2,-0.627480765
EBP,0.014129515
EBPL,-0.045713862
ECD,1.084890252
ECE1,0.262493237
ECE2,0.542023685
ECEL1,-0.299373519
ECH1,-0.214191
ECHDC1,-0.185708604
ECHDC2,0.40679596
ECHDC3,-0.000571851
ECHS1,-0.035960353
ECI1,-0.082340816
ECI2,0.385730393
ECM1,-0.382361028
ECM2,0.320578616
ECPAS,0.211319903
ECSCR,0.293676442
ECSIT,0.001744413
ECT2,0.183094588
ECT2L,-0.144127692
EDA,-0.024073852
EDA2R,-0.196101215
EDAR,0.054012058
EDARADD,-0.105991707
EDC3,-0.372617267
EDC4,0.262721303
EDDM3A,-0.505389713
EDDM3B,0.423813247
EDEM1,0.084657499
EDEM2,0.557754394
EDEM3,0.018803198
EDF1,0.219745201
EDIL3,-0.058568655
EDN1,0.099568106
EDN2,0.568696201
EDN3,0.080598777
EDNRA,0.396675918
EDNRB,0.009962166
EDRF1,0.505192567
EEA1,0.301775646
EED,-0.418462862
EEF1A1,-0.682151898
EEF1A1P5,-0.392051123
EEF1A1P6,-0.392051123
EEF1A2,-0.822044206
EEF1AKMT1,-0.44193744
EEF1AKMT2,0.135235597
EEF1AKMT3,0.460619459
EEF1AKMT4-ECE2,0.285680453
EEF1AKNMT,-0.227454209
EEF1B2,-0.100494123
EEF1B2P3,-0.799906433
EEF1D,0.018265409
EEF1E1,-0.070644674
EEF1E1-BLOC1S5,0.136287018
EEF1G,0.080132472
EEF2,0.091455696
EEF2K,0.22068228
EEF2KMT,-0.520874046
EEFSEC,-0.124687925
EEPD1,0.300436986
EFCAB1,-0.401005337
EFCAB11,0.688471065
EFCAB12,0.647480009
EFCAB13,0.10986788
EFCAB14,0.4788928
EFCAB2,-0.235699822
EFCAB3,-0.122860674
EFCAB5,0.233927996
EFCAB6,0.042479315
EFCAB7,-0.142530297
EFCAB9,-0.015978532
EFCC1,-0.5179088
EFEMP1,0.093569257
EFEMP2,-0.04494431
EFHB,0.71437337
EFHC1,0.536525705
EFHC2,0.410869472
EFHD1,-0.581302678
EFHD2,0.479224669
EFL1,-0.201763521
EFNA1,-0.510387398
EFNA2,0.403555527
EFNA3,0.561212225
EFNA4,-0.182728586
EFNA5,-0.171835384
EFNB1,-0.273836471
EFNB2,-0.065332997
EFNB3,0.132430634
EFR3A,0.151958879
EFR3B,0.159058771
EFS,0.012371919
EFTUD2,-0.53143031
EGF,-0.384860635
EGFL6,-0.030156032
EGFL7,0.667085688
EGFL8,0.056702925
EGFLAM,-0.620862716
EGFR,0.303560623
EGLN1,-0.232709086
EGLN2,0.423975594
EGLN3,0.220850494
EGR1,-0.064182816
EGR2,0.688422992
EGR3,0.511013846
EGR4,0.845240908
EHBP1,0.018654647
EHBP1L1,0.138920246
EHD1,-0.352986845
EHD2,0.512862157
EHD3,-0.329639623
EHD4,0.383117089
EHF,-0.765859681
EHHADH,-0.506897755
EHMT1,-0.269750157
EHMT2,-0.170364992
EI24,-1.042231485
EID1,0.249418791
EID2,-0.018025252
EID2B,-0.051791396
EID3,-0.837861475
EIF1,-0.480791889
EIF1AD,0.387225107
EIF1AX,-0.249981551
EIF1AY,-0.505538065
EIF1B,0.125346556
EIF2A,0.025726684
EIF2AK1,-1.049642938
EIF2AK2,0.570764397
EIF2AK3,-0.27198806
EIF2AK4,0.652580097
EIF2B1,0.367264981
EIF2B2,0.759880692
EIF2B3,0.888994168
EIF2B4,-0.257728892
EIF2B5,-0.47628953
EIF2D,-0.420190131
EIF2S1,1.036775935
EIF2S2,-0.230558634
EIF2S2P4,0.135720292
EIF2S3,-0.251632589
EIF3A,-0.385134426
EIF3B,0.318438211
EIF3C,0.144155111
EIF3CL,0.144155111
EIF3D,0.54575322
EIF3E,-0.08791071
EIF3F,-0.195696609
EIF3G,0.01830922
EIF3H,0.229339036
EIF3I,0.458244631
EIF3J,0.546539267
EIF3K,-0.076503883
EIF3L,-0.579119984
EIF3M,0.252287511
EIF4A1,0.274175099
EIF4A2,-0.370629706
EIF4A3,0.703557321
EIF4B,-0.129610686
EIF4BP3,-0.290873206
EIF4E,0.795170055
EIF4E1B,-0.198603459
EIF4E2,-0.007972348
EIF4E3,-0.448362117
EIF4EBP1,-0.091875373
EIF4EBP2,0.128822122
EIF4EBP3,0.145135362
EIF4ENIF1,-0.749779138
EIF4G1,0.414980161
EIF4G2,-0.132559137
EIF4G3,-0.801538063
EIF4H,-0.301897532
EIF5,0.39820535
EIF5A,0.262042554
EIF5A2,-0.252287131
EIF5AL1,0.020300776
EIF5AP4,0.020300776
EIF5B,0.706139439
EIF6,0.344157563
EIPR1,-0.2972793
ELAC1,-0.167612561
ELAC2,0.603030688
ELANE,0.078044257
ELAVL1,-0.374717908
ELAVL2,-0.240320765
ELAVL3,0.197193077
ELAVL4,0.463833512
ELF1,0.238759357
ELF2,0.403169262
ELF3,0.259790031
ELF4,0.382362431
ELF5,-0.333583913
ELFN1,0.169176343
ELFN2,-0.975586074
ELK1,-0.345882111
ELK3,0.146726771
ELK4,-0.227414269
ELL,0.274307293
ELL2,-0.439637262
ELL3,-0.446993585
ELMO1,-0.144664204
ELMO2,0.71724485
ELMO3,0.627192663
ELMOD1,-0.684904951
ELMOD2,0.194226387
ELMOD3,-0.203551801
ELMSAN1,0.320992964
ELN,-0.160876111
ELOA,-0.303938212
ELOA2,0.344479413
ELOA3B,-0.249019644
ELOA3C,-0.330863685
ELOA3D,-0.132814951
ELOB,-0.937187083
ELOC,-0.143630447
ELOCP2,-0.09563754
ELOCP27,-0.21512307
ELOF1,-0.350504625
ELOVL1,0.090753647
ELOVL2,-0.236633437
ELOVL3,-0.296603802
ELOVL4,-0.077686702
ELOVL5,0.031108705
ELOVL6,0.336210027
ELOVL7,-0.274173051
ELP1,0.691376721
ELP2,0.338818931
ELP3,0.294775998
ELP4,0.10565915
ELP5,-0.134751027
ELP6,0.209302146
ELSPBP1,0.068416583
EMB,-0.111776023
EMC1,-0.199161642
EMC10,-0.321766643
EMC2,0.511563408
EMC3,-0.081223406
EMC4,-0.616598571
EMC6,0.125978049
EMC7,-0.603811299
EMC8,-0.370411871
EMC9,0.749273232
EMCN,0.14810211
EMD,0.257389887
EME1,0.426844002
EME2,-0.636791703
EMG1,0.031614795
EMID1,-0.014975112
EMILIN1,0.525665188
EMILIN2,-0.095175609
EMILIN3,-0.04139252
EML1,0.001435048
EML2,-0.365697432
EML3,0.396123595
EML4,0.521140654
EML5,0.121697048
EML6,0.312601462
EMP1,0.126651402
EMP3,0.407581831
EMSY,0.182326342
EMX1,0.192261086
EMX2,-0.155194192
EN1,-0.469253222
EN2,0.547012621
ENAH,-0.511038855
ENAM,-0.016904426
ENC1,0.350561247
ENDOD1,0.261230981
ENDOG,0.012724789
ENDOU,-0.220216117
ENDOV,-0.104612546
ENG,0.191960201
ENGASE,-0.069490534
ENHO,0.222615907
ENKD1,0.038272241
ENKUR,0.020092244
ENO1,0.069405523
ENO2,0.310664835
ENO3,-0.346482306
ENO4,0.071584679
ENOPH1,0.064470802
ENOSF1,-0.138810659
ENOX1,-0.033036188
ENOX2,0.367420641
ENPEP,-0.178247812
ENPP1,-0.393596979
ENPP2,-0.470595283
ENPP3,0.334875537
ENPP4,0.048491287
ENPP5,-0.162333497
ENPP6,0.05381918
ENPP7,0.050035342
ENSA,-0.20907064
ENTHD1,-0.570584296
ENTPD1,0.307184765
ENTPD2,-0.176095125
ENTPD3,0.663218993
ENTPD4,-0.077395915
ENTPD5,0.073030643
ENTPD6,-0.36825933
ENTPD7,0.451613585
ENTPD8,-0.24670575
ENTR1,-0.134485111
ENY2,-0.052923877
EOGT,-0.044769699
EOMES,-0.015743306
EP300,-0.47898278
EP400,0.684000309
EPAS1,-0.411848803
EPB41,-0.255313967
EPB41L1,-0.398382726
EPB41L2,0.128968699
EPB41L3,0.503945849
EPB41L4A,-0.005370295
EPB41L4B,0.225838832
EPB41L5,-0.389865038
EPB42,-0.359106504
EPC1,-0.369162387
EPC2,0.49812868
EPCAM,-0.177587419
EPDR1,0.61463396
EPG5,0.231361235
EPGN,0.098156113
EPHA1,-0.422012652
EPHA10,0.600662538
EPHA2,-0.12591813
EPHA3,-0.387251637
EPHA4,0.054537446
EPHA5,-0.375804574
EPHA6,0.603121782
EPHA7,0.073159383
EPHA8,0.391736168
EPHB1,-0.028340208
EPHB2,0.099780009
EPHB3,0.183124655
EPHB4,-0.632787302
EPHB6,0.394572152
EPHX1,-0.108446919
EPHX2,-0.04013008
EPHX3,0.029415313
EPHX4,-0.064710402
EPM2A,0.583784405
EPM2AIP1,-0.535192153
EPN1,-0.127200681
EPN2,0.360460425
EPN3,0.160250122
EPO,-0.159223479
EPOP,-0.349028255
EPOR,-0.578413494
EPPIN,-0.326807734
EPPIN-WFDC6,-0.319298973
EPPK1,-0.012231916
EPRS1,-0.00926
EPS15,-0.000863004
EPS15L1,0.063790686
EPS8,-0.311612247
EPS8L1,0.238220747
EPS8L2,0.364062331
EPS8L3,0.466510068
EPSTI1,-0.16497921
EPX,0.464819848
EPYC,-0.115645408
EQTN,-0.277407601
ERAL1,0.075544388
ERAP1,-0.143901843
ERAP2,-0.381067882
ERAS,-0.249033382
ERBB2,0.035065875
ERBB3,0.081271823
ERBB4,-0.206486429
ERBIN,-0.022983385
ERC1,-0.500427062
ERC2,0.051917779
ERCC1,-0.042151799
ERCC2,0.36487167
ERCC3,0.496681273
ERCC4,-0.174152245
ERCC5,-0.557083043
ERCC6,0.145756946
ERCC6L,0.565245179
ERCC6L2,-0.05022187
ERCC8,-0.576110454
EREG,-0.364853566
ERF,-0.287897508
ERFE,-0.009511861
ERG,0.271008535
ERG28,0.049421366
ERGIC1,-1.254216232
ERGIC2,0.473808099
ERGIC3,-0.538266625
ERH,0.781761085
ERI1,0.163528635
ERI2,-0.470236528
ERI3,0.148261648
ERICH1,-0.072354722
ERICH2,-0.123877513
ERICH3,-0.754256212
ERICH4,0.378807922
ERICH5,-0.122798344
ERICH6,0.255971134
ERICH6B,0.063035929
ERLEC1,0.217558488
ERLIN1,0.488289753
ERLIN2,-0.209040987
ERMAP,0.319987067
ERMARD,-0.214189855
ERMN,-0.179542118
ERMP1,0.265036765
ERN1,0.604567921
ERN2,0.143860563
ERO1A,0.311407898
ERO1B,0.369346579
ERP27,0.290490171
ERP29,0.011550903
ERP44,-0.396472775
ERRFI1,0.384628241
ERV3-1,0.515601866
ERV3-1-ZNF117,-0.505561399
ERVFRD-1,-0.089766996
ERVMER34-1,0.18263361
ERVV-1,-0.219453403
ERVV-2,-0.319050243
ERVW-1,-0.182555567
ESAM,-0.229334072
ESCO1,0.042944972
ESCO2,0.58553589
ESD,0.23485733
ESF1,0.738045395
ESM1,0.293696091
ESPL1,0.399831131
ESPN,0.605824404
ESPNL,-0.129403606
ESR1,0.071820563
ESR2,-0.49819962
ESRP1,-0.38208547
ESRP2,0.24469902
ESRRA,0.230655357
ESRRB,-0.514716019
ESRRG,-0.349131228
ESS2,0.127048231
ESX1,0.120541555
ESYT1,0.25272818
ESYT2,-0.091642649
ESYT3,-0.253482776
ETAA1,0.383012577
ETF1,0.771318324
ETFA,0.216097869
ETFB,0.128017625
ETFBKMT,0.275795961
ETFDH,-0.24367241
ETFRF1,-0.347035202
ETHE1,0.246448655
ETNK1,0.066089237
ETNK2,-0.410810919
ETNPPL,-0.248379187
ETS1,-0.123844155
ETS2,0.098797548
ETV1,-0.782121609
ETV2,-0.243791301
ETV3,-0.377072508
ETV3L,-0.504068094
ETV4,0.125612736
ETV5,0.112752887
ETV6,0.693513328
ETV7,0.124627659
EVA1A,0.098939607
EVA1B,-0.380444816
EVA1C,-0.446369228
EVC,0.236808304
EVC2,-0.216429788
EVI2A,-0.146128928
EVI2B,0.226730178
EVI5,-0.49206654
EVI5L,-0.006424624
EVL,-0.275786102
EVPL,-0.560007956
EVPLL,-0.034164748
EVX1,-0.042839657
EVX2,-0.170534856
EWSR1,-0.215266905
EXD1,-0.427586041
EXD2,0.338368965
EXD3,-0.469940424
EXO1,-0.548996334
EXO5,0.043940635
EXOC1,-0.065131002
EXOC2,0.439568381
EXOC3,0.201572192
EXOC3L1,0.242661462
EXOC3L2,-0.225250346
EXOC3L4,-0.259414405
EXOC4,0.243073062
EXOC5,-0.503887809
EXOC6,-0.743106505
EXOC6B,0.294634895
EXOC7,-0.061651197
EXOC8,0.508511358
EXOG,0.044750859
EXOSC1,0.165963414
EXOSC10,0.006143538
EXOSC2,-0.064159327
EXOSC3,-0.10982114
EXOSC4,0.062536414
EXOSC5,0.502946377
EXOSC6,0.821889372
EXOSC7,-0.28764198
EXOSC8,0.075363937
EXOSC9,0.657267011
EXPH5,0.021711936
EXT1,0.454925538
EXT2,-0.079056278
EXTL1,0.185562426
EXTL2,-0.132461052
EXTL3,-0.176459975
EYA1,0.222323545
EYA2,-0.170731845
EYA3,0.373308514
EYA4,0.170655156
EYS,0.551495181
EZH1,0.383176338
EZH2,-0.832797649
EZHIP,-0.128868935
EZR,0.60173925
F10,0.102630028
F11,-0.298575033
F11R,0.086252248
F12,0.382515495
F13A1,-0.312512448
F13B,-0.417876624
F2,0.230721577
F2R,0.389636558
F2RL1,-0.345476405
F2RL2,0.241340615
F2RL3,0.033035695
F3,0.300820453
F5,0.205209812
F7,-0.332549516
F8,0.16400076
F8A1,-0.124636399
F8A2,-0.124636399
F8A3,-0.124636399
F9,0.179102738
FA2H,0.124938418
FAAH,0.243348955
FAAH2,-0.019769204
FAAP100,-0.457246925
FAAP20,0.288117316
FAAP24,0.140707641
FABP1,-0.311855778
FABP12,-0.125700408
FABP2,-0.024450619
FABP3,0.413175368
FABP4,-0.155279019
FABP5,-0.082757257
FABP5P1,-0.232260791
FABP5P7,-0.232260791
FABP6,0.271494001
FABP7,0.033792477
FABP9,-0.216671126
FADD,0.170553226
FADS1,0.241729742
FADS2,0.12666399
FADS3,-0.076246575
FADS6,-0.044252767
FAF1,0.394171135
FAF2,-0.034808416
FAH,0.37341114
FAHD1,-0.241134404
FAHD2A,-0.073656334
FAHD2B,0.291154419
FAIM,0.044661137
FAIM2,-0.03865515
FAM102A,0.045350585
FAM102B,-0.083904304
FAM104A,-0.36045843
FAM104B,0.057945871
FAM107A,0.179178026
FAM107B,0.031555859
FAM110A,0.160720853
FAM110B,-0.705474707
FAM110C,-0.644214587
FAM110D,0.133166372
FAM111A,0.099321148
FAM111B,0.587629495
FAM114A1,-0.292710527
FAM114A2,0.083233127
FAM117A,-0.161039331
FAM117B,-0.136896466
FAM118A,0.347006314
FAM118B,-0.491508141
FAM120A,0.273782907
FAM120AOS,0.413443504
FAM120B,-0.371050952
FAM120C,-0.32874197
FAM122A,0.594182583
FAM122B,-0.183036958
FAM122C,-0.468482333
FAM124A,-0.573116325
FAM124B,0.127520571
FAM126A,0.42290988
FAM126B,0.322504743
FAM131A,-0.089097765
FAM131B,0.053094102
FAM131C,0.115695921
FAM133A,-0.440109411
FAM133B,-0.191672976
FAM135A,-0.055135903
FAM135B,-0.328850811
FAM136A,0.582116912
FAM13A,0.246035009
FAM13B,0.017962445
FAM13C,0.3228324
FAM149A,-0.099745474
FAM149B1,0.14889651
FAM151A,-0.102480336
FAM151B,-0.555023035
FAM153A,0.004249309
FAM153B,-0.394995135
FAM155A,-0.263398848
FAM155B,-0.466205768
FAM156A,0.191582361
FAM156B,0.191582361
FAM157A,-0.349623061
FAM157B,-0.639164319
FAM157C,-0.613821805
FAM160A1,0.537524911
FAM160A2,-0.693494728
FAM160B1,-0.470614278
FAM160B2,-0.430349187
FAM161A,0.189533909
FAM161B,-0.185334975
FAM162A,-0.343558149
FAM162B,-0.278815763
FAM163A,-0.305856788
FAM163B,0.036234148
FAM166A,0.084646733
FAM166B,-0.339154752
FAM166C,-0.563910326
FAM167A,-0.198065744
FAM167B,0.183323872
FAM168A,-0.229904316
FAM168B,0.288940499
FAM169A,-0.090351558
FAM169B,0.498325607
FAM170A,-0.250852694
FAM170B,0.039320565
FAM171A1,0.275554057
FAM171A2,0.390349866
FAM171B,-0.595544565
FAM172A,-0.332255756
FAM174A,-0.463346121
FAM174B,0.346819938
FAM174C,-0.041922573
FAM177A1,0.907492748
FAM177B,0.2044982
FAM178B,-0.073325599
FAM180A,-0.695165525
FAM180B,-0.568756627
FAM181A,0.341371193
FAM181B,-0.055852012
FAM183A,0.506973764
FAM184A,0.682951884
FAM184B,0.151167429
FAM185A,0.136260414
FAM185BP,-0.306302624
FAM186A,-0.286333004
FAM186B,0.008368167
FAM187B,0.604549515
FAM189A1,-0.210880907
FAM189A2,-0.244897467
FAM189B,-0.590303979
FAM193A,0.478208739
FAM193B,0.01068591
FAM198B-AS1,-0.389186005
FAM199X,0.261534265
FAM19A1,-0.185896216
FAM19A2,-0.133973907
FAM19A3,-0.07115334
FAM19A4,-0.111445034
FAM19A5,0.018505468
FAM200A,-0.217678116
FAM200B,0.247831181
FAM204A,-0.288208193
FAM205A,0.652708156
FAM207A,-0.32995767
FAM208A,0.070513348
FAM209A,-0.209130616
FAM209B,-0.33161195
FAM20A,-0.71999073
FAM20B,-0.051721276
FAM20C,0.172250011
FAM210A,0.094208584
FAM210B,-0.03420406
FAM212A,0.47136983
FAM212B,0.987229817
FAM214A,-0.56032645
FAM214B,0.047212293
FAM216A,-0.159332954
FAM216B,-0.566773061
FAM217A,-0.429798197
FAM217B,-0.095017437
FAM218A,0.065377563
FAM219A,0.131208597
FAM219B,-0.114016155
FAM21EP,0.387782585
FAM21FP,0.107863253
FAM220A,0.738164114
FAM221A,-0.969703502
FAM221B,0.396909149
FAM222A,0.07289616
FAM222B,0.911030661
FAM227A,0.415264234
FAM227B,-0.523822817
FAM228A,-0.08493819
FAM228B,-0.081224622
FAM229A,0.07334606
FAM229B,-0.414821251
FAM234A,0.204836036
FAM234B,-0.354968527
FAM237A,-0.393382018
FAM240A,0.045477488
FAM241A,0.117846589
FAM241B,-0.001327605
FAM243A,0.034549358
FAM243B,0.034549358
FAM24A,-0.063292952
FAM24B,-0.111368768
FAM24B-CUZD1,-0.759065797
FAM25A,0.113114432
FAM25BP,-0.077418095
FAM25C,-0.041339453
FAM25E,0.153729841
FAM25G,-0.041339453
FAM32A,-0.136048889
FAM3A,-0.130734448
FAM3B,0.171233178
FAM3C,-0.426864839
FAM3C2,-0.622371527
FAM3D,-0.357227975
FAM43A,0.52510651
FAM43B,-0.011029401
FAM47A,-0.454725239
FAM47B,-0.330354714
FAM47C,0.024806725
FAM47E,-0.127659687
FAM47E-STBD1,-0.127659687
FAM49A,0.251501062
FAM49B,-0.0827087
FAM50A,-0.15926695
FAM50B,-0.34035659
FAM53A,-0.180604889
FAM53B,-0.18307344
FAM53C,-0.210386826
FAM58A,-0.93688692
FAM71A,-0.357232122
FAM71B,0.247859339
FAM71C,-0.143788496
FAM71D,-0.202373967
FAM71E1,0.119626974
FAM71E2,-0.401040153
FAM71F1,0.159951995
FAM71F2,0.087102984
FAM72A,0.006287512
FAM72B,-0.199153561
FAM72C,-0.249771471
FAM72D,-0.249771471
FAM76A,0.006197724
FAM76B,0.646834415
FAM78A,0.582388649
FAM78B,-0.090851883
FAM81A,-0.596714306
FAM81B,-0.510834721
FAM83A,-0.405114745
FAM83B,-0.791883612
FAM83C,-0.239249558
FAM83D,-0.422411663
FAM83E,0.385396132
FAM83F,0.166426952
FAM83G,-0.141607596
FAM83H,-0.254527574
FAM85A,0.098622457
FAM86B1,0.117563386
FAM86B2,-0.052879933
FAM86C1,0.299023976
FAM89A,0.666117288
FAM89B,0.713437655
FAM8A1,0.537501443
FAM90A1,0.161111634
FAM91A1,0.49101926
FAM92A,-0.320172616
FAM92B,-0.098129034
FAM98A,0.465718474
FAM98B,-0.304847409
FAM98C,-0.324537962
FAM9A,0.446355485
FAM9B,0.559800252
FAM9C,-0.221648451
FAN1,-0.336233562
FANCA,0.058294852
FANCB,-0.396205333
FANCC,-0.447285312
FANCD2,-0.039087949
FANCD2OS,0.650681156
FANCE,0.167008523
FANCF,-0.737944053
FANCG,-0.067371561
FANCI,-0.165854142
FANCL,0.251069085
FANCM,0.05341885
FANK1,-0.314725868
FAP,0.172655969
FAR1,0.084745308
FAR2,-0.228807496
FARP1,0.191123543
FARP2,0.315931766
FARS2,-0.101264915
FARSA,0.446936478
FARSB,0.089439385
FAS,0.709495254
FASLG,-0.49962206
FASN,0.364592178
FASTK,-0.06399885
FASTKD1,0.233425851
FASTKD2,-0.088014759
FASTKD3,-0.050887979
FASTKD5,0.533197949
FAT1,0.485248208
FAT2,-0.289768977
FAT3,-0.050276351
FAT4,0.145401839
FATE1,0.556884556
FAU,0.82242989
FAXC,-0.533138009
FAXDC2,0.377427262
FBF1,-0.316863973
FBL,0.424318909
FBLIM1,0.457012821
FBLN1,0.185529962
FBLN2,0.195797993
FBLN5,-0.215211659
FBLN7,0.094795064
FBN1,-0.687560079
FBN2,0.152543108
FBN3,0.104273822
FBP1,0.467087895
FBP2,-0.461446565
FBRS,-0.273257804
FBRSL1,-0.312151729
FBXL12,0.526915554
FBXL13,0.098919443
FBXL14,-0.332514177
FBXL15,0.571427261
FBXL16,-0.07887482
FBXL17,-0.323564189
FBXL18,-0.353772762
FBXL19,-0.15836041
FBXL2,0.408231909
FBXL20,-0.435121509
FBXL21P,-0.288491055
FBXL22,0.242230641
FBXL3,0.737274891
FBXL4,-0.122686013
FBXL5,0.158627562
FBXL6,-0.343143355
FBXL7,0.136164794
FBXL8,0.428138317
FBXO10,0.471228953
FBXO11,0.676646506
FBXO15,0.54031604
FBXO16,0.068278881
FBXO17,-0.147007789
FBXO18,0.082181607
FBXO2,-0.201878197
FBXO21,0.467878904
FBXO22,0.902655054
FBXO24,0.178730431
FBXO25,-0.238446332
FBXO27,0.266690116
FBXO28,-0.333925782
FBXO3,-0.020256723
FBXO30,-0.260403608
FBXO31,0.453533477
FBXO32,0.290449134
FBXO33,-0.232607064
FBXO34,-0.038753459
FBXO36,0.280976931
FBXO38,0.047511678
FBXO39,0.151317323
FBXO4,0.916441168
FBXO40,0.204110019
FBXO41,-0.005257452
FBXO42,0.239087659
FBXO43,-0.296158634
FBXO44,0.115069744
FBXO45,0.180171681
FBXO46,0.047160007
FBXO47,-0.477284035
FBXO48,-0.182529248
FBXO5,-0.062485399
FBXO6,-0.364943792
FBXO7,-0.906269526
FBXO8,-0.366040385
FBXO9,0.207138506
FBXW10,0.355013663
FBXW11,0.32187219
FBXW12,-0.083136412
FBXW2,-0.261226764
FBXW4,0.18950935
FBXW5,-0.712396731
FBXW7,-0.063507193
FBXW8,-0.746865841
FBXW9,0.334302361
FCAMR,0.164076348
FCAR,-0.246625746
FCER1A,0.339208141
FCER1G,0.645925359
FCER2,0.27001893
FCF1,0.168653013
FCGR1A,0.07128556
FCGR1B,0.322050764
FCGR1CP,-0.06834097
FCGR2A,0.140019291
FCGR2B,1.054572992
FCGR2C,1.241098063
FCGR3A,-0.529676522
FCGR3B,-0.62553594
FCGRT,0.3077002
FCHO1,-0.679608777
FCHO2,0.349752324
FCHSD1,0.085110117
FCHSD2,-0.066306498
FCMR,-0.266414293
FCN1,-0.089142551
FCN2,0.392444943
FCN3,0.630635236
FCRL1,0.646832673
FCRL2,-0.082396085
FCRL3,0.270599209
FCRL4,0.163441105
FCRL5,-0.235568652
FCRL6,0.131054622
FCRLA,-0.056351357
FCRLB,-0.168157812
FCSK,0.233642714
FDCSP,0.53425467
FDFT1,-0.016858681
FDPS,-0.550491341
FDX1,-0.75658982
FDX1L,0.336863481
FDXACB1,0.313205021
FDXR,-0.014578919
FECH,-0.534238617
FEM1A,-0.355548812
FEM1B,0.125696552
FEM1C,0.259156771
FEN1,-0.323638221
FER,-0.219214213
FER1L5,0.256618866
FER1L6,0.346855467
FERD3L,0.436281844
FERMT1,0.144644977
FERMT2,0.31226291
FERMT3,-0.087504578
FES,0.09831817
FETUB,-0.031273024
FEV,0.226249899
FEZ1,-0.138660321
FEZ2,0.196828621
FEZF1,-0.177496808
FEZF1-AS1,-0.059072091
FEZF2,-0.165825784
FFAR1,0.249860785
FFAR2,0.151761794
FFAR3,0.038074989
FFAR4,-1.103216398
FGA,-0.328306595
FGB,0.02335882
FGD1,-0.592029763
FGD2,0.55022969
FGD3,0.543725434
FGD4,-0.571423546
FGD5,-0.322742901
FGD6,-0.362872171
FGF1,0.093663756
FGF10,-0.134330691
FGF11,-0.253829177
FGF12,-0.115313746
FGF13,-0.16045795
FGF14,0.503794935
FGF16,0.222372101
FGF17,-0.493816838
FGF18,0.297063448
FGF2,-0.010256898
FGF20,-0.388538349
FGF21,0.059254312
FGF22,-0.230333545
FGF23,0.466952822
FGF3,0.171898624
FGF4,0.025542117
FGF5,0.201938795
FGF6,0.109229543
FGF7,0.101879161
FGF8,-0.359659654
FGF9,0.64381277
FGFBP1,0.695044561
FGFBP2,-0.790693704
FGFBP3,-0.112448899
FGFR1,-0.139468003
FGFR1OP,-0.178351859
FGFR1OP2,0.457452982
FGFR2,-0.011778964
FGFR3,0.569365153
FGFR4,-0.369776606
FGFRL1,-0.260742483
FGG,-0.727028653
FGGY,0.489993997
FGL1,0.517679562
FGL2,0.260764096
FGR,-0.254372524
FH,-0.741559796
FHAD1,0.084182273
FHDC1,-0.021414329
FHIT,0.58836956
FHL1,0.215944095
FHL2,-0.316301014
FHL3,-0.210708889
FHL5,0.267198481
FHOD1,-0.13601922
FHOD3,-0.385451255
FIBCD1,-0.525242385
FIBIN,-0.67068442
FIBP,-0.74942559
FICD,0.697247836
FIG4,-0.479423708
FIGLA,-0.017579979
FIGN,-0.060052968
FIGNL1,-0.089153301
FIGNL2,-0.329626272
FILIP1,0.165677503
FILIP1L,-0.049392923
FIP1L1,0.031380724
FIS1,0.258252638
FITM1,-0.20463011
FITM2,-1.378730696
FIZ1,0.580642077
FJX1,-0.361664714
FKBP10,-0.001264045
FKBP11,-0.293319024
FKBP14,-0.095389965
FKBP15,-0.02892086
FKBP1A,-0.008153014
FKBP1A-SDCBP2,0.106544451
FKBP1B,-0.383764732
FKBP2,0.819853317
FKBP3,0.020891077
FKBP4,0.416849727
FKBP5,0.224568779
FKBP6,-0.20009931
FKBP7,0.158883877
FKBP8,0.194300532
FKBP9,0.493060494
FKBPL,-0.131025045
FKRP,0.039074485
FKTN,0.098838374
FLACC1,-0.234478918
FLAD1,0.009574688
FLCN,-0.752467323
FLG,0.256623002
FLG2,-0.816573506
FLI1,-0.080748785
FLII,1.040481601
FLJ44635,-0.28663732
FLJ45513,0.030382858
FLNA,0.288210459
FLNB,-0.243390846
FLNC,-0.168028571
FLOT1,-0.210769724
FLOT2,-0.632492775
FLRT1,-0.305454178
FLRT2,-0.094396005
FLRT3,-0.250686812
FLT1,-0.291628344
FLT3,0.086118025
FLT3LG,-0.218371477
FLT4,-0.130041682
FLVCR1,-0.501729805
FLVCR2,0.326100208
FLYWCH1,0.431924657
FLYWCH2,-0.092661759
FMC1,-0.367147572
FMC1-LUC7L2,-0.259122008
FMN1,0.091216961
FMN2,0.199578209
FMNL1,0.146745308
FMNL2,0.306524236
FMNL3,-0.490167216
FMO1,0.184617554
FMO2,0.190200934
FMO3,-0.131442632
FMO4,0.049932178
FMO5,-0.548292602
FMOD,-0.129081608
FMR1,-0.033592792
FMR1NB,0.283613543
FN1,-0.134593477
FN3K,0.139581307
FN3KRP,0.097818216
FNBP1,0.809611405
FNBP1L,0.305005311
FNBP4,-0.158162489
FNDC1,0.222951165
FNDC10,-0.283147327
FNDC11,-0.352179198
FNDC3A,-0.59282465
FNDC3B,0.377294214
FNDC4,0.225124244
FNDC5,-0.406180602
FNDC7,0.286187217
FNDC8,0.173644912
FNDC9,0.326469377
FNIP1,-0.051562511
FNIP2,0.386384131
FNTA,0.424793786
FNTB,-0.095402457
FOCAD,0.275216062
FOLH1,-0.234238589
FOLH1B,-0.876482974
FOLR1,0.064159241
FOLR2,0.25146387
FOLR3,0.647632214
FOLR3P1,0.753233418
FOPNL,0.151295552
FOS,0.216126799
FOSB,0.088673101
FOSL1,-0.058184419
FOSL2,0.375246586
FOXA1,-0.010990243
FOXA2,-0.395596421
FOXA3,-0.48892009
FOXB1,0.116234401
FOXB2,-0.602946437
FOXC1,0.163464432
FOXC2,-0.074444483
FOXD1,-0.404815423
FOXD2,0.025716725
FOXD3,-0.378998684
FOXD4,-0.366928263
FOXD4L1,-0.073997997
FOXD4L3,0.074341852
FOXD4L4,0.041845647
FOXD4L5,-0.222240898
FOXD4L6,0.074341852
FOXE1,-0.298748428
FOXE3,0.359091624
FOXF1,0.521174723
FOXF2,-0.459452907
FOXG1,-0.294798571
FOXH1,-0.66714129
FOXI1,-0.413728482
FOXI2,-0.200714039
FOXI3,-0.284009564
FOXJ1,-0.490964719
FOXJ2,-0.309945995
FOXJ3,0.086850319
FOXK1,-0.371829505
FOXK2,-0.083200076
FOXL1,-0.233597499
FOXL2,0.094301863
FOXL2NB,0.150149714
FOXM1,-0.392842405
FOXN1,-0.040679943
FOXN2,0.384617859
FOXN3,0.270096403
FOXN4,-0.047924302
FOXO1,0.784972778
FOXO3,-0.301232244
FOXO4,-0.221239077
FOXO6,0.3925724
FOXP1,-0.029152599
FOXP2,-0.422229803
FOXP3,0.167872693
FOXP4,0.06886022
FOXQ1,-0.54527788
FOXR1,0.477074484
FOXR2,-0.369773761
FOXRED1,-0.281786962
FOXRED2,0.105604192
FOXS1,-0.666623414
FPGS,-0.534318919
FPGT,0.041567258
FPGT-TNNI3K,-0.050214345
FPR1,-0.452475704
FPR2,-0.492734724
FPR3,-0.166401338
FRA10AC1,-0.514661359
FRAS1,-0.261508177
FRAT1,-0.207624258
FRAT2,0.176859712
FREM1,-0.374205967
FREM2,0.061910112
FREM3,-0.292130297
FRG1,0.332384963
FRG2,0.349503714
FRG2B,-0.087017063
FRG2C,0.560367543
FRG2EP,-0.181985849
FRG2FP,0.181034722
FRK,0.199211998
FRMD1,-0.244587337
FRMD3,0.037135696
FRMD4A,0.092894231
FRMD4B,0.310867418
FRMD5,-0.246839734
FRMD6,-0.096886452
FRMD7,-0.133620357
FRMD8,-0.871315982
FRMPD1,-0.320692998
FRMPD2,-0.289794538
FRMPD3,0.503756934
FRMPD4,0.399623708
FRRS1,-0.2205049
FRRS1L,0.074628018
FRS2,-0.106350311
FRS3,-0.122537685
FRY,-0.091677218
FRYL,0.128767242
FRZB,-0.137078526
FSBP,-0.382093176
FSCB,0.695044242
FSCN1,0.67917359
FSCN2,0.384203537
FSCN3,0.793810273
FSD1,-0.321453638
FSD1L,0.234444545
FSD2,0.444572777
FSHB,-0.057451364
FSHR,-0.050800103
FSIP1,-0.282462109
FSIP2,0.763667624
FST,0.273310313
FSTL1,0.383731773
FSTL3,-0.233941701
FSTL4,-0.282153217
FSTL5,0.029676898
FTCD,-0.029185321
FTH1,0.335101896
FTH1P18,0.160744676
FTHL17,-0.495095325
FTL,-0.348469278
FTMT,-0.233235863
FTO,-0.109731988
FTSJ1,-0.573703743
FTSJ3,0.31854522
FUBP1,0.195631769
FUBP3,-0.280418497
FUCA1,-0.638029743
FUCA2,0.302712449
FUNDC1,0.19924094
FUNDC2,0.000998009
FUOM,0.386882395
FURIN,-0.256613068
FUS,-0.308599566
FUT1,-0.154429433
FUT10,-0.691825053
FUT11,0.077275218
FUT2,-0.365453402
FUT3,0.453583439
FUT4,-0.134415408
FUT5,0.033400009
FUT6,-0.581715389
FUT7,-0.63988686
FUT8,0.091976651
FUT9,-0.209903756
FUZ,0.053857468
FXN,-0.813402469
FXR1,-0.478632883
FXR2,-0.181706331
FXYD1,0.074714559
FXYD2,-0.437196998
FXYD3,0.407946596
FXYD4,-0.151018053
FXYD5,-0.12507503
FXYD6,-0.0782693
FXYD6-FXYD2,-0.072814533
FXYD7,-0.080894083
FYB1,-0.308163058
FYB2,0.281762226
FYCO1,-0.159505111
FYN,-0.078216071
FYTTD1,-0.351387806
FZD1,0.070269821
FZD10,0.20560865
FZD2,-0.216831086
FZD3,-0.068432893
FZD4,0.10171656
FZD5,0.365220926
FZD6,-0.06406563
FZD7,-0.263288148
FZD8,0.740674966
FZD9,0.407913533
FZR1,0.466526859
G0S2,-0.177304064
G2E3,0.312036278
G3BP1,0.024486345
G3BP2,-0.829788542
G6PC,-0.59302613
G6PC2,0.045683971
G6PC3,-0.628206025
G6PD,-1.084646269
GAA,0.223933889
GAB1,0.16841717
GAB2,0.292991158
GAB3,-0.321393545
GAB4,0.227821863
GABARAP,0.391534073
GABARAPL1,0.395933013
GABARAPL2,-0.491408574
GABBR1,-0.255642508
GABBR2,-0.328711816
GABPA,-0.722294202
GABPB1,0.576190558
GABPB2,-0.434869553
GABRA1,0.422816438
GABRA2,-0.363553416
GABRA3,-0.157295577
GABRA4,0.039450757
GABRA5,-0.19536861
GABRA6,0.944246542
GABRB1,0.684901456
GABRB2,-0.039803112
GABRB3,0.557712062
GABRD,0.403037052
GABRE,0.366527425
GABRG1,0.029554111
GABRG2,-0.050866289
GABRG3,0.071005181
GABRP,-0.657917661
GABRQ,0.602804983
GABRR1,-0.147124293
GABRR2,-0.903175038
GABRR3,0.029855334
GAD1,-0.280902455
GAD2,-0.134115277
GADD45A,-0.497141326
GADD45B,0.529933776
GADD45G,-0.398400154
GADD45GIP1,-0.586398903
GADL1,0.65727783
GAGE1,0.088702785
GAGE10,0.218258585
GAGE12B,0.082834447
GAGE12C,0.11216619
GAGE12D,0.11216619
GAGE12E,0.11216619
GAGE12F,0.082834447
GAGE12G,0.082834447
GAGE12H,0.065862064
GAGE12J,0.080073002
GAGE13,0.1318287
GAGE2A,0.131546712
GAK,-0.233614101
GAL,-0.199340776
GAL3ST1,0.186628845
GAL3ST2,-0.345506932
GAL3ST3,0.140227898
GAL3ST4,0.638351871
GALC,-0.049020576
GALE,0.085640214
GALK1,-0.088007764
GALK2,0.395831185
GALM,0.230288207
GALNS,-0.583892
GALNT1,0.207166068
GALNT10,-0.586925186
GALNT11,-0.040745077
GALNT12,0.339148396
GALNT13,0.540948871
GALNT14,0.237315066
GALNT15,-0.19197956
GALNT16,0.010957717
GALNT17,-0.632210416
GALNT18,0.348965491
GALNT2,-0.03348361
GALNT3,-0.631174755
GALNT4,-0.084412694
GALNT5,-0.705094387
GALNT6,-0.351311629
GALNT7,0.344455685
GALNT8,-0.339306001
GALNT9,0.267136093
GALNTL5,0.267411015
GALNTL6,0.15343146
GALP,-0.257086531
GALR1,-0.084661219
GALR2,-0.287938118
GALR3,-0.161737315
GALT,0.116124084
GAMT,-0.139563961
GAN,-0.05876153
GANAB,0.216997094
GANC,-0.467742181
GAP43,-0.424874353
GAPDH,-0.81656907
GAPDHS,-0.022236258
GAPT,0.087461881
GAPVD1,-0.066084414
GAR1,0.815388307
GAREM1,-0.20931019
GAREM2,-0.725350618
GARNL3,-0.239306637
GARS1,0.473886703
GART,-0.438787262
GAS1,0.114158135
GAS2,-0.098049756
GAS2L1,0.193360961
GAS2L2,0.132905867
GAS2L3,0.513156178
GAS6,0.203283009
GAS7,0.13688655
GAS8,-0.053676745
GASK1A,-0.169585355
GASK1B,-0.268809421
GAST,-0.284264321
GATA1,0.096124326
GATA2,0.263130552
GATA3,-0.008629698
GATA4,-0.053728303
GATA5,-0.11884791
GATA6,-0.202381685
GATAD1,0.477786396
GATAD2A,-0.18466284
GATAD2B,0.071100392
GATB,0.524747629
GATC,-0.326558638
GATD1,-0.300664913
GATD3A,-0.051666114
GATD3B,-0.051666114
GATM,-0.118848076
GBA,0.048052027
GBA2,0.700606949
GBE1,0.070199611
GBF1,-0.317661872
GBGT1,0.024692964
GBP1,-0.035408212
GBP2,-0.082651721
GBP3,0.046760333
GBP4,0.513127358
GBP5,0.761539689
GBP6,0.017800255
GBP7,-0.068927996
GBX1,0.0778914
GBX2,0.270465498
GC,-0.125416796
GCA,0.372749751
GCAT,-0.038567063
GCC1,-0.395185524
GCC2,0.450145622
GCDH,-0.1312339
GCFC2,-0.686227926
GCG,0.221168037
GCGR,-0.119945726
GCH1,0.374921429
GCHFR,0.181130943
GCK,0.452884645
GCKR,0.519318467
GCLC,-0.888124702
GCLM,-0.071750323
GCM1,0.42724387
GCM2,0.044447227
GCN1,0.351035051
GCNA,-0.466194273
GCNT1,-0.366049968
GCNT2,0.594045264
GCNT3,0.78173142
GCNT4,0.882997691
GCNT7,0.279325114
GCOM1,-0.129532638
GCSAM,-0.140102277
GCSAML,0.209827789
GCSH,-0.733753433
GCSHP5,0.09516907
GDA,-0.436284688
GDAP1,0.372072575
GDAP1L1,-0.078039517
GDAP2,-0.072558363
GDE1,-0.019147454
GDF1,0.010314324
GDF10,0.611733655
GDF11,0.511033346
GDF15,-0.541083344
GDF2,0.045161631
GDF3,0.375638128
GDF5,-0.506904528
GDF6,0.518958146
GDF7,0.078348508
GDF9,0.489720674
GDI1,-0.18783304
GDI2,-0.034661128
GDNF,-0.135605567
GDNF-AS1,-0.615164812
GDPD1,-0.10803637
GDPD2,-0.227863892
GDPD3,0.136590706
GDPD4,0.403722842
GDPD5,-0.241254228
GDPGP1,0.571898146
GEM,-0.089184352
GEMIN2,-0.34687204
GEMIN4,0.68508656
GEMIN5,0.516929132
GEMIN6,0.049704853
GEMIN7,0.08095458
GEMIN7-AS1,0.08095458
GEMIN8,0.440347579
GEN1,0.16204816
GET4,0.120634631
GFAP,0.177652657
GFER,0.366867729
GFI1,0.128061894
GFI1B,-0.563186061
GFM1,-0.02221658
GFM2,0.258112117
GFOD1,-0.675702945
GFOD2,-0.037354449
GFPT1,-0.468062294
GFPT2,-0.307794043
GFRA1,0.073261295
GFRA2,-1.066517168
GFRA3,-0.127056528
GFRA4,-0.930992658
GFRAL,0.006346741
GFY,0.221283479
GGA1,0.093331607
GGA2,-0.4584559
GGA3,-0.457425329
GGACT,-0.208753892
GGCT,0.154788778
GGCX,-0.035443207
GGH,-0.120145682
GGN,-0.10865327
GGNBP2,-0.058896174
GGPS1,0.36553919
GGT1,-0.363870061
GGT5,-0.322162828
GGT6,-0.204586382
GGT7,0.191662578
GGTLC1,-0.015907887
GGTLC2,-0.643203715
GH1,0.317477269
GH2,0.342838234
GHDC,-0.89491906
GHITM,0.041870637
GHR,0.016154238
GHRH,-0.098534633
GHRHR,0.657512853
GHRL,-0.05759647
GHSR,0.367827916
GID4,-0.271119417
GID8,-0.450446812
GIGYF1,-0.294637223
GIGYF2,-0.020246112
GIMAP1,0.100394315
GIMAP1-GIMAP5,-0.562310297
GIMAP2,-0.005681024
GIMAP4,0.013374027
GIMAP5,-0.27845762
GIMAP6,0.115690943
GIMAP7,-0.071288385
GIMAP8,-0.630869111
GIMD1,0.302514315
GIN1,0.052587856
GINM1,-0.483310532
GINS1,-0.543289101
GINS2,0.688210793
GINS3,0.397680069
GINS4,0.628132093
GIP,-0.010491907
GIPC1,0.116736863
GIPC2,0.565741852
GIPC3,-0.489467679
GIPR,0.080523113
GIT1,-0.204238808
GIT2,-0.248410575
GJA1,0.257301743
GJA10,0.212657487
GJA3,-0.042259018
GJA4,-0.34432583
GJA5,-0.098425815
GJA8,-0.782061631
GJA9,0.201630907
GJA9-MYCBP,0.328059064
GJB1,0.342136209
GJB2,-0.073071759
GJB3,0.231585572
GJB4,-0.082451042
GJB5,-0.129308229
GJB6,0.30881455
GJB7,-0.982318975
GJC1,0.87188956
GJC2,-0.145362807
GJC3,0.358304851
GJD2,0.239149054
GJD3,0.016044326
GJD4,-0.073892975
GK,-0.28888019
GK2,0.460774228
GK5,0.703714398
GKAP1,-0.274844804
GKN1,0.057863115
GKN2,0.080498811
GLA,0.370201774
GLB1,0.175233581
GLB1L,-0.127347935
GLB1L2,0.343333297
GLB1L3,0.278853111
GLCCI1,0.040761592
GLCE,0.508361068
GLDC,-0.695766168
GLDN,-0.012075397
GLE1,0.161844394
GLG1,0.232227996
GLI1,-0.103686994
GLI2,-0.204680511
GLI3,-0.113997487
GLI4,-0.1026845
GLIPR1,-0.038184918
GLIPR1L1,0.254433614
GLIPR1L2,-0.168509897
GLIPR2,0.514838713
GLIS1,0.680249069
GLIS2,0.7753712
GLIS3,-0.610780916
GLMN,-0.534578328
GLMP,-0.110625868
GLO1,0.124039636
GLOD4,-0.376764855
GLOD5,-0.039509842
GLP1R,0.190363782
GLP2R,0.717350487
GLRA1,0.110510458
GLRA2,0.348825894
GLRA3,-0.018849617
GLRA4,0.046183057
GLRB,0.000135782
GLRX,0.583586966
GLRX2,-0.182831403
GLRX3,-0.253599881
GLRX5,-0.422058458
GLS,-0.334343324
GLS2,-0.055747779
GLT1D1,-0.227506891
GLT6D1,-0.31844412
GLT8D1,-0.345982469
GLT8D2,-0.319762779
GLTP,0.103083576
GLTPD2,0.315654281
GLUD1,0.070668482
GLUD2,-0.212072702
GLUL,-0.187287098
GLYAT,-0.041320611
GLYATL1,-0.022540201
GLYATL2,-0.286314334
GLYATL3,-0.242245006
GLYCTK,0.578936407
GLYR1,0.048151763
GM2A,0.193178356
GMCL1,0.367455592
GMDS,-0.319047544
GMEB1,0.00570766
GMEB2,-0.328612254
GMFB,0.033061916
GMFG,-0.097997179
GMIP,0.546990735
GML,-0.248465653
GMNC,-0.033436093
GMNN,0.20149237
GMPPA,-0.27911612
GMPPB,0.797848005
GMPR,0.032003346
GMPR2,0.290799814
GMPS,-0.728570573
GNA11,-0.503072235
GNA12,-0.04441295
GNA13,0.406308032
GNA14,-0.041217542
GNA15,-0.455114725
GNAI1,0.181268452
GNAI2,0.018916615
GNAI3,0.492896466
GNAL,-0.099727538
GNAO1,0.195373492
GNAQ,0.160214548
GNAS,-0.312748627
GNAT1,-0.329967414
GNAT2,0.227349264
GNAT3,-0.699153171
GNAZ,-0.019515429
GNB1,-0.205734117
GNB1L,0.204124768
GNB2,0.345893607
GNB3,0.13838393
GNB4,-0.241723225
GNB5,-0.4745311
GNE,-0.707592662
GNG10,-0.439021029
GNG11,-0.418774263
GNG12,0.406326243
GNG13,0.098643443
GNG2,-0.542068089
GNG3,0.5279414
GNG4,0.572482568
GNG5,0.556543897
GNG7,-0.384592179
GNG8,-0.049598904
GNGT1,-0.639619372
GNGT2,-0.265736562
GNL1,-0.076142845
GNL2,-0.230281692
GNL3,0.227489203
GNL3L,-0.07297705
GNLY,0.183939705
GNMT,-0.327628279
GNPAT,0.174637043
GNPDA1,0.484541442
GNPDA2,0.093891418
GNPNAT1,-0.306049254
GNPTAB,0.33990619
GNPTG,0.113274373
GNRH1,0.120595613
GNRH2,-0.769300683
GNRHR,0.813069937
GNS,-0.157432335
GOLGA1,0.076795279
GOLGA2,0.03902287
GOLGA3,-0.219207979
GOLGA4,-0.669696886
GOLGA5,-0.085092427
GOLGA6A,0.469360218
GOLGA6B,0.329104273
GOLGA6C,0.462747033
GOLGA6D,0.283562336
GOLGA6L1,0.305221142
GOLGA6L10,0.285187854
GOLGA6L16P,-0.213507327
GOLGA6L17P,-0.03109656
GOLGA6L2,-0.635538368
GOLGA6L22,0.199042403
GOLGA6L3,-0.043424665
GOLGA6L4,0.006514843
GOLGA6L5P,-0.03109656
GOLGA6L6,0.210485677
GOLGA6L9,0.18388181
GOLGA7,0.451667043
GOLGA7B,0.881180268
GOLGA8A,-0.117158524
GOLGA8B,-0.117158524
GOLGA8H,0.098422797
GOLGA8IP,0.35262559
GOLGA8J,0.109535613
GOLGA8K,0.098778898
GOLGA8M,0.289130007
GOLGA8N,-0.167944682
GOLGA8O,-0.153992454
GOLGA8Q,0.002775862
GOLGA8R,-0.013764614
GOLGA8T,0.267386698
GOLGB1,0.324810206
GOLIM4,-0.310240469
GOLM1,0.380489041
GOLPH3,-0.107310826
GOLPH3L,0.136580407
GOLT1A,0.466699544
GOLT1B,-0.088028581
GON4L,-0.466320991
GON7,0.183654144
GOPC,-0.399428232
GORAB,0.011016555
GORASP1,0.379668906
GORASP2,0.30928659
GOSR1,-0.283709659
GOSR2,-0.379283483
GOT1,0.094312852
GOT1L1,0.114454301
GOT2,0.224814996
GP1BA,0.02715414
GP1BB,-0.220315711
GP2,-0.391644104
GP5,-0.536050912
GP6,0.267491603
GP9,0.107241237
GPA33,-0.091985659
GPAA1,3.257912565
GPALPP1,0.103470297
GPAM,0.077871143
GPANK1,0.607072166
GPAT2,-0.091375466
GPAT2P1,-0.141883511
GPAT3,0.109091692
GPAT4,0.453626572
GPATCH1,-0.751210223
GPATCH11,-0.199998449
GPATCH2,0.300668416
GPATCH2L,-0.617615461
GPATCH3,0.240486367
GPATCH4,0.057761826
GPATCH8,0.312223908
GPBAR1,-0.533654579
GPBP1,-0.49287679
GPBP1L1,0.307516414
GPC1,0.026037024
GPC2,-0.182832814
GPC3,-0.275624521
GPC4,0.4048787
GPC5,0.157503723
GPC6,-0.292315122
GPCPD1,-0.204043496
GPD1,-0.152317481
GPD1L,0.095911181
GPD2,-0.100146362
GPER1,0.265695936
GPHA2,0.026095031
GPHB5,-0.209394574
GPHN,0.311501182
GPI,0.047554321
GPIHBP1,-0.04584253
GPKOW,-0.741632392
GPLD1,-0.578776633
GPM6A,-0.578077317
GPM6B,-0.004476228
GPN1,0.422632397
GPN2,0.123333731
GPN3,0.420122466
GPNMB,0.466837915
GPR1,0.152228855
GPR101,-0.381073133
GPR107,-0.327792275
GPR108,-0.031177801
GPR119,-0.042399177
GPR12,-0.042613137
GPR132,-0.182965227
GPR135,-0.288311944
GPR137,0.174305998
GPR137B,-0.300814336
GPR137C,-0.605823765
GPR139,0.012556287
GPR141,0.113945362
GPR142,-0.139181053
GPR143,0.028037485
GPR146,-0.430599603
GPR148,0.237517077
GPR149,-0.087289993
GPR15,0.106416265
GPR150,0.041354615
GPR151,0.027665203
GPR152,-0.219068143
GPR153,0.40215965
GPR155,-0.393121672
GPR156,0.252135745
GPR157,0.45676362
GPR158,-0.21115695
GPR160,-0.700781248
GPR161,0.502843417
GPR162,0.035590384
GPR17,-0.02834181
GPR171,-0.066992114
GPR173,0.172318335
GPR174,0.119063442
GPR176,-0.129298009
GPR179,0.352536558
GPR18,0.2224735
GPR180,0.325979535
GPR182,-0.780006791
GPR183,0.512326747
GPR19,0.15739702
GPR20,-0.142385384
GPR21,-0.075083422
GPR22,-0.308781998
GPR25,0.281556581
GPR26,0.034983168
GPR27,-0.409440093
GPR3,0.271144915
GPR31,0.705966115
GPR32,0.3858174
GPR33,0.283085904
GPR34,0.187107106
GPR35,-0.213456066
GPR37,-0.739087519
GPR37L1,0.158578097
GPR39,0.455106488
GPR4,0.709069603
GPR42,0.584771052
GPR45,0.30815104
GPR50,-0.788990567
GPR52,-0.069093654
GPR55,0.319313746
GPR6,0.186478559
GPR61,0.402037363
GPR62,-0.081942521
GPR63,-0.285599449
GPR65,-0.44648431
GPR68,-0.65126932
GPR75,0.621673112
GPR75-ASB3,-0.010874534
GPR78,0.226291101
GPR82,0.042572077
GPR83,-0.253841172
GPR84,-0.230155552
GPR85,0.322776721
GPR87,0.322068769
GPR88,0.338041216
GPR89A,0.005394211
GPR89B,0.005394211
GPRASP1,0.116043706
GPRASP2,-0.011696412
GPRC5A,0.217417169
GPRC5B,0.058109615
GPRC5C,-0.739850239
GPRC5D,0.072226512
GPRC6A,0.607348516
GPRIN1,0.465247528
GPRIN2,0.193574548
GPRIN3,-0.46358708
GPS1,0.279704878
GPS2,-0.274328141
GPSM1,0.13485235
GPSM2,-0.527217475
GPSM3,-0.258241775
GPT,-0.092988083
GPX1,0.04314377
GPX2,0.718576396
GPX3,0.215234726
GPX4,0.426372085
GPX5,0.296823512
GPX6,0.50354314
GPX7,0.286774494
GPX8,0.078089033
GRAMD1A,0.681068103
GRAMD1B,-0.07626712
GRAMD1C,0.317057689
GRAMD2A,-0.425734732
GRAMD2B,-0.601096537
GRAMD4,-0.360967071
GRAP,0.298110735
GRAP2,0.142896599
GRAPL,0.461488152
GRASP,-0.994907379
GRB10,0.244713831
GRB14,-0.12213958
GRB2,-0.206978981
GRB7,0.399566927
GREB1,-0.058776409
GREB1L,-0.05001752
GREM1,-0.409442285
GREM2,0.231083667
GRHL1,0.144934879
GRHL2,-0.416122894
GRHL3,-0.138638129
GRHPR,-0.209953404
GRIA1,0.159607673
GRIA2,0.562432379
GRIA3,-0.128244974
GRIA4,0.426538966
GRID1,-0.027104904
GRID2,0.343310788
GRID2IP,0.123792691
GRIFIN,0.23928535
GRIK1,0.474065057
GRIK2,0.241357859
GRIK3,0.738030424
GRIK4,-0.823862842
GRIK5,-0.355804627
GRIN1,-0.33201945
GRIN2A,-0.458954175
GRIN2B,0.292556516
GRIN2C,0.110036479
GRIN2D,-0.233829081
GRIN3A,-0.029471078
GRIN3B,-0.260748144
GRINA,0.505148173
GRIP1,0.014491944
GRIP2,-0.244683398
GRIPAP1,0.377302027
GRK2,-0.057753639
GRK3,-0.104214773
GRK4,0.436192912
GRK5,0.35612548
GRK6,0.100361624
GRK7,0.074236825
GRM1,-0.331960093
GRM2,0.292420096
GRM3,-0.400367665
GRM4,-0.343521867
GRM5,-0.10710149
GRM6,-0.445302933
GRM7,0.274045809
GRM8,-0.095583754
GRN,-0.238478845
GRP,-0.316085946
GRPEL1,0.5582598
GRPEL2,-0.452133262
GRPR,-0.059864585
GRSF1,-0.676189462
GRTP1,-0.035108478
GRWD1,-0.170502827
GRXCR1,0.49294887
GRXCR2,0.132457548
GS1-124K5.11,-0.781824038
GS1-600G8.3,-0.704214904
GSAP,-0.498931676
GSC,-0.096830332
GSC2,-0.376244392
GSDMA,0.681847144
GSDMB,0.662450473
GSDMC,-0.271774569
GSDMD,-0.374878666
GSDME,0.29559843
GSE1,0.089570281
GSG1,0.250317273
GSG1L,0.009025874
GSK3A,0.548500316
GSK3B,-0.292421749
GSKIP,-0.140901409
GSN,-0.183132511
GSPT1,0.074883636
GSPT2,0.351401056
GSR,0.434265065
GSS,-0.150217392
GSTA1,0.326926637
GSTA2,0.116663774
GSTA3,0.312048207
GSTA4,0.477375315
GSTA5,0.716409631
GSTCD,-0.426755347
GSTK1,0.363594274
GSTM1,0.642889197
GSTM2,0.123633251
GSTM3,0.211134461
GSTM4,-0.006791757
GSTM5,-0.350068893
GSTO1,0.288246854
GSTO2,0.483945937
GSTP1,0.039790041
GSTT2,-0.572056414
GSTT2B,-0.412856092
GSTZ1,-0.334693065
GSX1,-0.530906613
GSX2,0.206874797
GTDC1,0.452000929
GTF2A1,0.403857554
GTF2A1L,-0.425825981
GTF2A2,-0.019716751
GTF2B,-0.02683167
GTF2E1,-0.013737317
GTF2E2,-0.261551483
GTF2F1,0.442430032
GTF2F2,-0.330651832
GTF2H1,0.936759272
GTF2H2,-0.249623762
GTF2H2B,0.215066131
GTF2H2C,-0.180521086
GTF2H3,0.392395301
GTF2H4,0.472283494
GTF2H5,-0.011455515
GTF2I,-0.233208112
GTF2IRD1,0.315675074
GTF2IRD2,0.447484979
GTF2IRD2B,0.40588159
GTF2IRD2P1,0.257924113
GTF3A,0.879813678
GTF3C1,-0.47785561
GTF3C2,-0.017976132
GTF3C3,0.529954725
GTF3C4,0.063099967
GTF3C5,0.265476335
GTF3C6,0.114488232
GTPBP1,0.145575127
GTPBP10,-0.43140562
GTPBP2,-0.202469779
GTPBP3,0.09235727
GTPBP4,1.13981891
GTPBP6,0.223456869
GTPBP8,-0.272263595
GTSCR1,-0.293050071
GTSE1,-0.520332744
GTSF1,0.460849415
GTSF1L,-0.625948995
GUCA1A,-0.100579767
GUCA1B,0.298432669
GUCA1C,0.252162247
GUCA2A,-0.386491759
GUCA2B,0.241786034
GUCD1,-0.256440915
GUCY1A2,0.059435639
GUCY1A3,-0.647877932
GUCY1B3,0.111718325
GUCY2C,-0.405538647
GUCY2D,0.337119993
GUCY2F,-0.661918674
GUF1,-0.086391948
GUK1,-0.203645558
GULP1,-0.887722123
GUSB,0.187968736
GVQW2,-0.578733788
GXYLT1,-0.013800984
GXYLT2,-0.48364231
GYG1,0.056348418
GYG2,0.536341221
GYPA,-0.345478734
GYPB,0.276621883
GYPC,-0.317582866
GYPE,0.376068526
GYS1,-0.089216143
GYS2,0.247413353
GZF1,0.019065688
GZMA,0.579547263
GZMB,0.323855589
GZMH,-0.16911544
GZMK,-0.774556975
GZMM,-0.529403809
H1-0,0.258115275
H1-1,-0.036475347
H1-10,-0.453905304
H1-2,-0.361082967
H1-3,0.167684251
H1-4,0.255851598
H1-5,0.0582996
H1-6,-0.823160485
H1-7,-0.126168613
H1-8,0.249163952
H2AB1,-0.084697602
H2AB2,0.123009344
H2AB3,0.123009344
H2AC1,-0.171664394
H2AC11,0.235327028
H2AC12,0.232946319
H2AC13,-0.44057073
H2AC14,-0.44057073
H2AC15,0.257734796
H2AC16,0.018240134
H2AC17,-0.227623994
H2AC18,-0.128870024
H2AC19,-0.128870024
H2AC20,0.864656652
H2AC21,0.154969012
H2AC4,0.038601089
H2AC6,0.200979312
H2AC7,-0.146114017
H2AC8,0.27890093
H2AFJ,-0.605930227
H2AFX,0.261745896
H2AFY2,-0.300146766
H2AP,0.286223821
H2AW,0.026313875
H2AZ1,0.2026669
H2AZ2,0.637946087
H2AZ2P1,0.331632763
H2BC1,0.004605622
H2BC10,0.010247917
H2BC11,-0.053060136
H2BC12,0.111697454
H2BC13,0.08430552
H2BC14,0.049600656
H2BC15,0.135817003
H2BC17,-0.034600811
H2BC18,-0.379028386
H2BC19P,0.383545983
H2BC20P,0.383545983
H2BC21,0.494054556
H2BC3,0.008739885
H2BC4,-0.413705621
H2BC5,0.493120069
H2BC6,-0.088087151
H2BC7,0.189837104
H2BC8,-0.042140618
H2BC9,0.358239999
H2BP1,-0.164520833
H2BP2,-0.172862407
H2BS1,0.125207832
H2BU1,-0.20886232
H2BW1,0.098136138
H2BW2,0.321301443
H3-2,-0.088542212
H3-3A,0.334939751
H3-3B,0.131547654
H3-4,-0.097738653
H3-5,0.145074822
H3C1,-0.611347428
H3C10,0.06356168
H3C11,-0.583134415
H3C12,0.124383238
H3C13,-0.123291853
H3C14,-0.039169929
H3C15,-0.039169929
H3C2,-0.327294088
H3C3,-0.238318131
H3C4,0.359526169
H3C6,-0.169090326
H3C7,0.348989192
H3C8,-0.293333284
H3P14,0.649512892
H3P16,0.334939751
H3P4,-0.300205751
H3P6,0.334939751
H4-16,-0.025356309
H4C1,0.600265591
H4C11,-0.48558415
H4C12,-0.48558415
H4C13,-0.270812181
H4C14,-0.17402038
H4C15,-0.17402038
H4C2,-0.582327566
H4C3,-0.894660165
H4C4,-0.543682218
H4C5,-0.211190744
H4C6,-0.163055108
H4C7,0.231590497
H4C8,0.491976325
H4C9,0.006834657
H6PD,0.31068998
HAAO,-0.365972333
HABP2,0.111148741
HABP4,-0.388719529
HACD1,0.325237721
HACD2,0.052415497
HACD4,-0.101910247
HACE1,0.312094175
HACL1,0.212785914
HADH,-0.268414055
HADHA,0.154505109
HADHB,-1.048503398
HAGH,-0.513234788
HAGHL,-0.655370028
HAL,0.378911279
HAMP,-0.165991697
HAND1,-0.464023282
HAND2,-0.07535551
HAO1,-0.764713157
HAO2,0.763091146
HAP1,0.164385087
HAPLN1,-0.296735667
HAPLN2,0.088715994
HAPLN3,-0.226703958
HAPLN4,0.249839251
HARBI1,-0.648018701
HARS1,-0.116507915
HARS2,0.249105308
HAS1,0.392937863
HAS2,0.094676282
HAS3,0.57125881
HASPIN,-0.200358959
HAT1,0.057239567
HAUS1,0.151711913
HAUS2,-0.604405315
HAUS3,0.792767988
HAUS4,0.202206005
HAUS5,-0.386878662
HAUS6,-0.37818885
HAUS7,0.293804793
HAUS8,0.633418152
HAVCR1,0.100545254
HAVCR2,-0.272090148
HAX1,-0.297944114
HBA1,-0.13571715
HBA2,-0.13571715
HBB,-0.414724308
HBD,-0.085253589
HBE1,0.265985857
HBEGF,-0.127224873
HBG1,0.017707025
HBG2,0.074259712
HBM,0.114362757
HBP1,0.013219265
HBQ1,-0.428873308
HBS1L,-0.183297954
HBZ,0.047946979
HBZP1,0.047946979
HCAR1,-0.557448245
HCAR2,-0.14762276
HCAR3,-0.299582428
HCCS,-0.619528391
HCFC1,0.527938357
HCFC1R1,-0.197403184
HCFC2,-0.027656717
HCG4,-0.121932308
HCK,-0.603396421
HCLS1,0.460518793
HCN1,0.420139113
HCN2,0.364606081
HCN3,0.118124711
HCN4,0.454655724
HCRT,-0.021959629
HCRTR1,-0.205744592
HCRTR2,-0.433212445
HCST,-0.231597063
HDAC1,-0.10347515
HDAC10,-0.402644645
HDAC11,-0.436656166
HDAC2,-0.508124081
HDAC3,-0.120098166
HDAC4,-0.227200117
HDAC5,0.013152097
HDAC6,-0.667961829
HDAC7,-0.599423638
HDAC8,-0.152924989
HDAC9,0.241660757
HDC,0.205168212
HDDC2,0.318366576
HDDC3,-0.001883785
HDGF,-0.219086234
HDGFL1,-0.288711479
HDGFL2,0.109793532
HDGFL3,0.446221278
HDHD2,-0.438847421
HDHD3,0.218006324
HDHD5,0.501235404
HDLBP,-0.108508054
HDX,0.088307671
HEATR1,0.578607242
HEATR3,-0.107228106
HEATR4,-0.457550993
HEATR5A,0.090984885
HEATR5B,0.260898603
HEATR6,-0.039560099
HEATR9,0.657309143
HEBP1,-0.000159247
HEBP2,-0.114559017
HECA,0.358063079
HECTD1,0.549564407
HECTD2,-0.112848781
HECTD3,0.496041509
HECTD4,0.315486259
HECW1,0.137011821
HECW2,-0.01339758
HEG1,-0.233734596
HELB,-0.377638814
HELLS,0.229617861
HELQ,0.446235531
HELT,0.376626745
HELZ,-0.065027259
HELZ2,-0.012832919
HEMGN,0.114215129
HEMK1,-0.138376033
HENMT1,0.56022113
HEPACAM,0.97547563
HEPACAM2,-0.743962782
HEPH,-0.217642291
HEPHL1,-0.599213584
HEPN1,-0.137569961
HERC1,0.264478694
HERC2,-0.638188549
HERC3,0.353571152
HERC4,0.174781788
HERC5,-0.227053572
HERC6,-0.089966643
HERPUD1,-0.252950842
HERPUD2,0.333613091
HES1,0.334858417
HES2,0.144429785
HES3,-0.55697793
HES4,-0.751942449
HES5,0.026308029
HES6,-0.213817895
HES7,-0.188111132
HESX1,0.916087349
HEXA,0.231438677
HEXB,-0.153085437
HEXD,0.278869426
HEXIM1,-0.318959048
HEXIM2,0.262713016
HEY1,-0.328943747
HEY2,-0.118225635
HEYL,0.340616995
HFE,-0.084035506
HFE2,-0.710292959
HFM1,0.368486747
HGC6.3,0.190464827
HGD,-0.151942765
HGF,-0.353678146
HGFAC,0.507399471
HGH1,0.282253483
HGS,0.192277515
HGSNAT,-0.108893192
HHAT,-0.831344642
HHATL,-0.669967176
HHEX,0.296705379
HHIP,0.029477912
HHIPL1,-0.559701787
HHIPL2,0.139106416
HHLA1,0.230512147
HHLA2,-0.147150239
HHLA3,0.263958252
HIBADH,0.051508084
HIBCH,0.10862652
HIC1,0.102645401
HIC2,0.078056218
HID1,-0.582933089
HIF1A,-0.03313686
HIF1AN,0.4379986
HIF3A,0.888616586
HIGD1A,-0.39224754
HIGD1B,-0.477860042
HIGD1C,0.334485095
HIGD2A,-0.511278722
HIKESHI,-0.323288094
HILPDA,0.458230044
HINFP,-0.159480537
HINT1,-0.102383486
HINT2,-0.386882448
HINT3,0.101447256
HIP1,-0.009373699
HIP1R,-0.329763087
HIPK1,0.166473502
HIPK2,-0.145468084
HIPK3,0.055019656
HIPK4,0.222310785
HIRA,0.587769039
HIRIP3,-0.122104411
HIVEP1,0.119796059
HIVEP2,0.472180265
HIVEP3,-0.282459478
HJURP,-0.365241642
HK1,0.230110574
HK2,-0.409574217
HK3,-0.162335494
HKDC1,0.716485926
HKR1,-0.256938563
HLA-A,-0.412700519
HLA-B,0.131239726
HLA-C,-0.156693297
HLA-DMA,0.050637419
HLA-DMB,0.11404516
HLA-DOA,0.176364634
HLA-DOB,0.078613543
HLA-DPA1,-0.225837478
HLA-DPB1,-0.531158643
HLA-DQA1,0.187944003
HLA-DQA2,0.269987902
HLA-DQB1,0.525964265
HLA-DQB2,0.228779068
HLA-DRA,-0.135344063
HLA-DRB1,0.372919014
HLA-DRB5,-0.248821307
HLA-E,0.517769266
HLA-F,-0.678491845
HLA-G,-0.150957094
HLA-V,-0.121932308
HLCS,-0.150519397
HLF,-0.452145892
HLTF,0.480781788
HLX,0.026088144
HM13,-0.207361382
HMBOX1,-0.341759316
HMBS,0.070982317
HMCES,0.511010611
HMCN1,0.171373916
HMCN2,0.023606406
HMG20A,0.447415241
HMG20B,0.42096805
HMGA1,0.629470127
HMGA1P8,0.659533627
HMGA2,-0.118809062
HMGA2-AS1,-0.202415584
HMGB1,0.39310124
HMGB1P1,0.209004009
HMGB1P10,0.209004009
HMGB1P5,0.421928219
HMGB1P6,0.455163304
HMGB2,0.46611055
HMGB3,0.354826714
HMGB4,0.571593304
HMGCL,0.120681071
HMGCLL1,-0.245709257
HMGCR,0.017327922
HMGCS1,0.350959409
HMGCS2,0.266005711
HMGN1,0.356594421
HMGN2,-0.663039396
HMGN3,0.310811865
HMGN4,0.133264026
HMGN5,0.505647145
HMGXB3,0.185293183
HMGXB4,-0.509382937
HMHB1,0.07538825
HMMR,0.38918652
HMOX1,-0.3640703
HMOX2,-0.112604302
HMSD,0.72990266
HMX1,0.307913883
HMX2,0.117434033
HMX3,0.331850857
HNF1A,0.161032855
HNF1B,-0.559175606
HNF4A,-0.686782156
HNF4G,0.091964305
HNMT,0.078279763
HNRNPA0,-0.5222129
HNRNPA1,0.897080682
HNRNPA1L2,-0.146918788
HNRNPA2B1,0.169395008
HNRNPA3,0.740819921
HNRNPA3P3,1.032221381
HNRNPAB,0.242453429
HNRNPC,-0.002983334
HNRNPCL1,0.145920727
HNRNPCL2,0.111512288
HNRNPCL3,0.083607597
HNRNPCL4,-0.020124158
HNRNPD,0.36835823
HNRNPDL,0.623017126
HNRNPF,-0.224711666
HNRNPH1,0.508019041
HNRNPH2,-0.442278619
HNRNPH3,-0.124878906
HNRNPK,-0.281398174
HNRNPL,-0.132135756
HNRNPLL,-0.224934652
HNRNPM,0.192997008
HNRNPR,-0.058797401
HNRNPU,-0.050392049
HNRNPUL1,-0.161633533
HNRNPUL2,0.178479277
HNRNPUL2-BSCL2,0.093221314
HOGA1,0.35107421
HOMER1,0.119423378
HOMER2,-0.325587421
HOMER3,-0.119136909
HOMEZ,-0.177451692
HOOK1,-0.33058394
HOOK2,0.584756951
HOOK3,-0.200762751
HOPX,0.827717815
HORMAD1,-0.051287715
HORMAD2,-0.190825133
HOXA-AS3,0.233838907
HOXA1,-0.566206886
HOXA10,-0.163822424
HOXA11,-0.279324011
HOXA13,-0.184799836
HOXA2,-0.325844137
HOXA3,0.457794657
HOXA4,0.14876973
HOXA5,-0.794099639
HOXA6,0.036351718
HOXA7,0.273692437
HOXA9,0.330947442
HOXB1,0.156990144
HOXB13,-0.125991727
HOXB2,-0.518283326
HOXB3,0.441541496
HOXB4,-0.169742949
HOXB5,0.123471133
HOXB6,-0.346014198
HOXB7,0.638547346
HOXB8,-0.690877076
HOXB9,0.038608738
HOXC10,-0.328134672
HOXC11,-0.74635645
HOXC12,0.433724849
HOXC13,-0.621491128
HOXC4,0.282637513
HOXC5,0.379479804
HOXC6,0.275801708
HOXC8,0.408287044
HOXC9,-0.756368182
HOXD1,-0.658531218
HOXD10,-0.197312807
HOXD11,0.082435472
HOXD12,0.01443433
HOXD13,0.568072436
HOXD3,0.106508757
HOXD4,0.366217842
HOXD8,0.109301772
HOXD9,-0.027166922
HP,0.294107318
HP1BP3,0.291115117
HPCA,0.371182768
HPCAL1,0.023132352
HPCAL4,-0.151995597
HPD,-0.416310862
HPDL,0.354685858
HPF1,-0.37254287
HPGD,-0.322403195
HPGDS,-0.102681026
HPN,-0.526330989
HPR,0.676467256
HPRT1,-0.139269706
HPS1,0.070397357
HPS3,0.015331886
HPS4,0.473410911
HPS5,-0.32152781
HPS6,-0.205906203
HPSE,0.13827244
HPSE2,0.043393851
HPX,-0.119666981
HR,0.332168636
HRAS,0.113928672
HRC,-0.638084101
HRCT1,-0.038347499
HRG,-0.033387948
HRH1,0.182802888
HRH2,0.181250954
HRH3,-0.641435395
HRH4,0.119805441
HRK,-0.004551057
HRNR,0.338175265
HROB,-0.229440329
HS1BP3,-0.189215602
HS2ST1,0.061684778
HS3ST1,0.324061447
HS3ST2,0.100446192
HS3ST3A1,-0.596600408
HS3ST3B1,0.125525726
HS3ST4,-0.467382123
HS3ST5,0.062726399
HS3ST6,-0.542442929
HS6ST1,-0.242518524
HS6ST1P1,0.233972559
HS6ST2,0.564294993
HS6ST3,-0.242920829
HSBP1,0.321992215
HSBP1L1,0.541192642
HSCB,0.190167887
HSD11B1,0.191284776
HSD11B1L,-0.633363204
HSD11B2,0.318709462
HSD17B1,-0.036805094
HSD17B10,0.591718559
HSD17B11,0.193982244
HSD17B12,0.668796617
HSD17B13,0.374052812
HSD17B14,0.147239324
HSD17B2,0.181439531
HSD17B3,-0.673581503
HSD17B4,0.235049386
HSD17B6,0.216499859
HSD17B7,-0.230569612
HSD17B8,0.204121563
HSD3B1,0.145333573
HSD3B2,0.651871194
HSD3B7,0.102517677
HSDL1,0.797556663
HSDL2,-1.243188401
HSF1,0.098758956
HSF2,0.599061542
HSF2BP,-0.693290748
HSF4,-0.402578871
HSF5,-0.102215107
HSFX1,-0.065454627
HSFX2,-0.122957354
HSFY1,-0.238197866
HSFY2,-0.238197866
HSH2D,-0.087116619
HSP90AA1,0.273483006
HSP90AB1,0.03701263
HSP90B1,0.670774482
HSPA12A,-0.027045487
HSPA12B,-0.188166755
HSPA13,-0.928514069
HSPA14,-0.220546894
HSPA1A,-0.22906274
HSPA1B,-0.22906274
HSPA1L,-0.26924268
HSPA2,-0.844410072
HSPA4,-0.433628858
HSPA4L,0.126013144
HSPA5,0.569606105
HSPA6,-0.961769928
HSPA7,-0.601751976
HSPA8,0.096460836
HSPA9,0.054398121
HSPB1,0.018926549
HSPB11,-0.308483769
HSPB2,-0.136853596
HSPB2-C11orf52,0.209348519
HSPB3,0.508353136
HSPB6,-0.111862244
HSPB7,0.03178954
HSPB8,-0.450396046
HSPB9,-0.221148756
HSPBAP1,-0.99526714
HSPBP1,0.450707518
HSPD1,-0.060163239
HSPD1P12,0.246477932
HSPD1P4,0.023947382
HSPE1,0.556083214
HSPE1-MOB4,0.305281462
HSPE1P2,0.71723514
HSPE1P4,0.394931288
HSPE1P5,0.210755492
HSPG2,-0.22585444
HSPH1,-0.026291342
HTATIP2,-0.086133118
HTATSF1,-0.517123096
HTN1,0.391985089
HTN3,-0.686690702
HTR1A,0.196725801
HTR1B,0.412251464
HTR1D,0.240308239
HTR1E,0.327973186
HTR1F,0.113306103
HTR2A,0.515891423
HTR2B,0.613586704
HTR2C,-0.065318187
HTR3A,0.103806611
HTR3B,0.520618232
HTR3C,-0.377658863
HTR3D,-0.384822683
HTR3E,0.118953951
HTR4,0.183555464
HTR5A,0.054977419
HTR5A-AS1,0.049633175
HTR6,0.222601492
HTR7,0.404424355
HTRA1,0.069892773
HTRA2,-1.29868479
HTRA3,0.533972427
HTRA4,-0.036631931
HTT,-0.282472267
HUNK,-0.05778922
HUS1,0.027324299
HUS1B,-0.12881769
HUWE1,-0.135622334
HVCN1,-0.140439143
HYAL1,0.75123536
HYAL2,-0.362090175
HYAL3,-0.438306081
HYAL4,0.179802901
HYDIN,-0.155085966
HYI,-0.168571176
HYKK,0.438934735
HYLS1,0.494502453
HYOU1,0.257557247
HYPK,0.309639578
IAH1,-0.140464473
IAPP,0.434105355
IARS,0.222231271
IARS2,-0.238877583
IBA57,0.076942536
IBSP,-0.134043384
IBTK,0.178990185
ICA1,0.244000595
ICA1L,-0.52347364
ICAM1,-0.116662177
ICAM2,0.361286661
ICAM3,0.349938088
ICAM4,0.486225289
ICAM5,0.088206607
ICE1,0.611533098
ICE2,-0.01941159
ICK,-0.205244067
ICMT,0.130878771
ICOS,-0.748688075
ICOSLG,0.204675632
ID1,0.134839737
ID2,-0.27300372
ID3,-0.197535752
ID4,0.855269671
IDE,-0.323769979
IDH1,0.558800504
IDH2,-0.182726522
IDH3A,0.172890356
IDH3B,-0.473679277
IDH3G,0.01236196
IDI1,-0.44799921
IDI2,-0.098741624
IDNK,0.266336766
IDO1,0.091406375
IDO2,0.584112395
IDS,0.445000238
IDUA,-0.101953321
IER2,0.032283164
IER3,0.064524574
IER3IP1,-0.299866574
IER5,0.396623643
IER5L,0.001571074
IFFO1,-0.702408663
IFFO2,0.2165391
IFI16,0.067820404
IFI27,0.089326179
IFI27L1,0.296858829
IFI27L2,-0.162149087
IFI30,-0.175206206
IFI35,-0.024073705
IFI44,0.200025229
IFI44L,0.81090962
IFI6,0.152088619
IFIH1,-0.104210856
IFIT1,0.075008864
IFIT1B,-0.096903875
IFIT2,0.511633501
IFIT3,-0.321292616
IFIT5,0.037878806
IFITM1,-0.015027437
IFITM10,0.055660366
IFITM2,-0.164294116
IFITM3,0.224082892
IFITM5,0.094477902
IFNA1,0.190615494
IFNA10,0.262172695
IFNA13,0.168186943
IFNA14,0.601110042
IFNA16,0.124933782
IFNA17,0.163301487
IFNA2,0.171026798
IFNA21,-0.076486655
IFNA4,0.216162462
IFNA5,-0.03601879
IFNA6,0.363343401
IFNA7,0.040829806
IFNA8,0.195771258
IFNAR1,0.122438349
IFNAR2,0.085203535
IFNB1,-0.518853257
IFNE,0.052918254
IFNG,-0.121453038
IFNGR1,1.027119276
IFNGR2,1.318720493
IFNK,-0.023810969
IFNL1,-0.125835415
IFNL2,0.05639006
IFNL3,-0.08550884
IFNLR1,-0.114221537
IFNW1,0.318743731
IFRD1,0.290526758
IFRD2,-0.003028016
IFT122,0.311856284
IFT140,0.273929176
IFT172,0.125787129
IFT20,0.040994519
IFT22,0.208289652
IFT27,0.079266485
IFT43,0.312189898
IFT46,0.060210893
IFT52,0.625080896
IFT57,0.268560207
IFT74,-0.192062057
IFT80,-0.129499197
IFT81,-0.722056086
IFT88,0.081325621
IGBP1,-0.114813915
IGDCC3,0.190230809
IGDCC4,0.224450515
IGF1,0.550040453
IGF1R,-0.023520922
IGF2,0.822229578
IGF2BP1,-0.135421024
IGF2BP2,-0.499994697
IGF2BP3,0.490391045
IGF2R,-0.280188188
IGFALS,0.239631107
IGFBP1,0.005628076
IGFBP2,-0.063988826
IGFBP3,0.969981237
IGFBP4,-0.410422161
IGFBP5,-0.269095825
IGFBP6,-0.329467459
IGFBP7,0.374511696
IGFBPL1,-0.28985324
IGFL1,-0.03341755
IGFL2,-0.19301643
IGFL3,0.181493084
IGFL4,0.016728029
IGFLR1,-0.015036216
IGFN1,-0.404769649
IGHMBP2,-0.197208596
IGIP,-0.037706019
IGLC1,-0.349011008
IGLL1,-0.142698368
IGLL5,-0.058889271
IGLON5,0.192059202
IGSF1,0.430131322
IGSF10,0.119747968
IGSF11,0.185118399
IGSF21,-0.356403082
IGSF22,-0.528796883
IGSF23,0.287070655
IGSF3,-0.000931086
IGSF5,-0.01853637
IGSF6,0.436740755
IGSF8,0.131778072
IGSF9,-0.018343736
IGSF9B,-0.164964885
IHH,-0.097881694
IK,-0.094186644
IKBIP,0.343856997
IKBKB,0.026048916
IKBKE,0.304962733
IKBKG,0.64951756
IKBKGP1,-0.169424402
IKZF1,0.358643547
IKZF2,-0.253408432
IKZF3,0.237268189
IKZF4,-0.008779278
IKZF5,-0.090572312
IL10,0.195946594
IL10RA,0.313889176
IL10RB,0.208782367
IL11,-0.403646486
IL11RA,-0.136584475
IL12A,0.376061016
IL12B,-0.169019056
IL12RB1,-0.018827287
IL12RB2,0.250743495
IL13,0.570004177
IL13RA1,-0.191497005
IL13RA2,-0.158863491
IL15,0.437100938
IL15RA,-0.044030303
IL16,-0.289869299
IL17A,0.26612292
IL17B,0.131221209
IL17C,-0.298833799
IL17D,-0.102310558
IL17F,-0.108590714
IL17RA,0.312937044
IL17RB,-0.41195871
IL17RC,0.807033072
IL17RD,-0.156550613
IL17RE,-0.04251445
IL17REL,-0.467526897
IL18,0.453074055
IL18BP,-0.318931458
IL18R1,-0.259132818
IL18RAP,0.2981707
IL19,-0.557229633
IL1A,0.040713693
IL1B,-0.49619756
IL1F10,0.37398119
IL1R1,0.415826531
IL1R2,-0.172977052
IL1RAP,0.294868397
IL1RAPL1,-0.317607667
IL1RAPL2,0.041639805
IL1RL1,-0.103060927
IL1RL2,0.603354761
IL1RN,-0.073980161
IL2,-0.309357097
IL20,0.013583469
IL20RA,0.130182017
IL20RB,0.169603319
IL21,0.507364603
IL21R,-0.030391988
IL22,-0.393749656
IL22RA1,-0.078550587
IL22RA2,0.653813223
IL23A,-0.489538426
IL23R,0.262181354
IL24,-0.065709046
IL25,0.464766001
IL26,0.000944304
IL27,-0.271604008
IL27RA,0.155285988
IL2RA,0.252658334
IL2RB,-0.201661092
IL2RG,0.485655997
IL3,0.470375734
IL31,0.455219619
IL31RA,0.364561501
IL32,0.485530915
IL33,0.425577262
IL34,-0.510812653
IL36A,-0.170560973
IL36B,0.188797677
IL36G,-0.274413057
IL36RN,-0.554197674
IL37,-0.025928713
IL3RA,0.19689369
IL4,0.172533592
IL4I1,-0.30765882
IL4R,-0.210763587
IL5,-0.182142286
IL5RA,-0.297510256
IL6,-0.14514033
IL6-AS1,0.268214593
IL6R,-0.433524243
IL6ST,-0.464705416
IL7,-0.045714267
IL7R,-0.271992099
IL9,-0.426325123
IL9R,-0.134928357
ILDR1,-0.233600308
ILDR2,-0.116632428
ILF2,0.546254766
ILF3,0.357982937
ILK,-0.155881016
ILKAP,0.272586134
ILRUN,-0.385023609
ILVBL,0.220288947
IMMP1L,0.323584415
IMMP2L,-0.415553758
IMMT,-0.238474312
IMP3,1.240719224
IMP4,0.315097448
IMPA1,-0.276553735
IMPA2,0.361698514
IMPACT,-0.263548995
IMPAD1,0.49502495
IMPDH1,0.213062919
IMPDH2,-0.141150256
IMPG1,0.023347632
IMPG2,-0.339288528
INA,0.222151904
INAFM1,0.060277745
INAFM2,-0.585815876
INCA1,0.056971519
INCENP,0.077566508
INF2,0.489768826
ING1,0.4047331
ING2,-0.83008959
ING3,-0.16412036
ING4,-0.183281777
ING5,-0.387187053
INHA,0.18541069
INHBA,-0.45788836
INHBB,0.128876957
INHBC,-0.188787256
INHBE,-0.113524625
INIP,0.300031359
INMT,0.024346536
INMT-MINDY4,0.547493801
INO80,0.349461849
INO80B,-0.294022117
INO80B-WBP1,0.059377202
INO80C,-0.041601728
INO80D,-0.053637909
INO80E,0.497754273
INPP1,-0.111844187
INPP4A,0.439306158
INPP4B,0.481790048
INPP5A,0.141640615
INPP5B,0.221441516
INPP5D,-0.105477
INPP5E,-0.649957201
INPP5F,-0.079507115
INPP5J,0.634522162
INPP5K,0.368884923
INPPL1,0.068826996
INS,-0.343288064
INS-IGF2,-0.145410162
INSC,0.289156256
INSIG1,-0.073154699
INSIG2,0.089766992
INSL3,0.257080768
INSL4,0.774864659
INSL5,-0.165907677
INSL6,0.17274908
INSM1,0.460758519
INSM2,-0.407143481
INSR,0.530822077
INSRR,-0.090492484
INSYN2A,-0.185078098
INSYN2B,-0.095620462
INTS1,0.738035575
INTS10,-0.42334555
INTS11,-0.128747885
INTS12,-0.353573693
INTS13,0.334987558
INTS14,0.441878954
INTS2,-0.094374955
INTS3,0.083138025
INTS4,-0.300933016
INTS5,-0.046720438
INTS6,0.489858577
INTS6L,-0.173367957
INTS7,0.459395121
INTS8,0.727196868
INTS9,-0.04451966
INTU,0.217383428
INVS,0.0579263
IP6K1,0.245204247
IP6K2,0.209131073
IP6K3,-0.243446015
IPCEF1,-0.155005266
IPMK,-0.136345292
IPO11,0.180613224
IPO13,1.245574842
IPO4,-0.164002357
IPO5,-0.53985134
IPO7,0.207065951
IPO8,-0.808905212
IPO9,0.167330139
IPP,0.602478884
IPPK,-1.574206755
IQCA1,0.197089945
IQCA1L,0.075575436
IQCB1,-0.091871838
IQCC,0.280960462
IQCD,0.672184609
IQCE,-0.226867465
IQCF1,0.218068088
IQCF2,-0.130627043
IQCF3,-0.617356958
IQCF5,0.20068737
IQCF5-AS1,0.20068737
IQCF6,-0.202733834
IQCG,0.000292893
IQCH,-0.23813895
IQCJ,0.183024604
IQCJ-SCHIP1,-0.251365941
IQCN,0.323416783
IQGAP1,-0.255072328
IQGAP2,0.343671687
IQGAP3,-0.215175722
IQSEC1,0.107940647
IQSEC2,0.018167541
IQSEC3,0.180445045
IQUB,-0.308060897
IRAK1,0.333290591
IRAK1BP1,-0.164217485
IRAK2,0.442941265
IRAK3,-0.332273904
IRAK4,-0.031166023
IREB2,-0.163300903
IRF1,-0.280817948
IRF2,-0.268547323
IRF2BP1,0.050272558
IRF2BP2,0.216933762
IRF2BPL,-0.021203454
IRF3,0.437092107
IRF4,-0.259204855
IRF5,-0.061616878
IRF6,0.412464421
IRF7,0.311960282
IRF8,0.762674191
IRF9,0.275705502
IRGC,-0.123039235
IRGM,0.084687396
IRGQ,-0.047263975
IRS1,0.162951314
IRS2,-0.434830996
IRS4,-0.296619922
IRX1,0.119146327
IRX2,-0.187244841
IRX3,-0.256685203
IRX4,0.116189145
IRX5,0.22320483
IRX6,0.065517141
ISCA1,0.063775983
ISCA1P1,0.335769413
ISCA2,-0.124196872
ISCU,0.349350921
ISG15,-0.629394351
ISG20,-0.49051417
ISG20L2,0.633734324
ISL1,0.037645149
ISL2,-0.261391251
ISLR,-0.288931158
ISLR2,0.256669734
ISM1,-0.087251087
ISM2,0.709128103
ISOC1,-0.099053074
ISOC2,-0.825283607
IST1,0.233781784
ISX,-0.455975374
ISY1,0.608669709
ISY1-RAB43,0.608669709
ISYNA1,-0.042155723
ITCH,-0.782416793
ITFG1,-0.152207616
ITFG2,0.358240562
ITGA1,-0.087777167
ITGA10,-0.179015135
ITGA11,0.613418693
ITGA2,0.383697932
ITGA2B,-0.214302176
ITGA3,-0.171091762
ITGA4,-0.370693694
ITGA5,-0.00564634
ITGA6,-0.125840099
ITGA7,0.190381148
ITGA8,0.286192072
ITGA9,0.238167571
ITGAD,0.065740431
ITGAE,-0.026769581
ITGAL,0.096420745
ITGAM,0.104494161
ITGAV,0.187219496
ITGAX,-0.460677422
ITGB1,0.108445375
ITGB1BP1,-0.219578987
ITGB1BP2,0.508087069
ITGB2,-0.284346498
ITGB3,-0.022838776
ITGB3BP,0.299250416
ITGB4,-0.225123895
ITGB5,0.423141054
ITGB6,-0.480195714
ITGB7,0.045886932
ITGB8,0.068749972
ITGBL1,-0.066549345
ITIH1,0.300774266
ITIH2,-0.41852014
ITIH3,0.864778058
ITIH4,0.196038544
ITIH5,0.184705802
ITIH6,0.722585879
ITK,0.147192918
ITLN1,-0.236618261
ITLN2,0.033143978
ITM2A,-0.261765286
ITM2B,-0.550886784
ITM2C,0.420562884
ITPA,0.574056322
ITPK1,-0.64751431
ITPKA,0.376851743
ITPKB,0.204705518
ITPKC,-0.061937159
ITPR1,0.545323674
ITPR2,0.380618194
ITPR3,0.079990942
ITPRID1,0.260003854
ITPRID2,-0.553557077
ITPRIP,0.068829198
ITPRIPL1,0.350917285
ITPRIPL2,-0.044215488
ITSN1,0.00646119
ITSN2,-0.329006106
IVD,-0.476702342
IVL,-0.514865455
IVNS1ABP,0.080774448
IWS1,0.202218933
IYD,-0.191777901
IZUMO1,-0.371105958
IZUMO1R,0.186557776
IZUMO2,0.037422238
IZUMO3,0.0302912
IZUMO4,-0.028119265
JADE1,-0.557210191
JADE2,-0.957363992
JADE3,0.150539329
JAG1,0.466648524
JAG2,-0.017145593
JAGN1,0.352812013
JAK1,0.897472963
JAK2,1.650666081
JAK3,-0.027902751
JAKMIP1,0.264444433
JAKMIP2,-0.044804209
JAKMIP2-AS1,-0.332261285
JAKMIP3,0.744755366
JAM2,-0.298067662
JAM3,0.15510087
JAML,0.585522247
JARID2,0.195310399
JAZF1,-0.285864039
JCAD,-0.539187115
JCHAIN,-0.178945679
JDP2,0.021816769
JKAMP,-0.335320081
JMJD1C,-0.797849463
JMJD4,-0.349980679
JMJD6,-0.977478181
JMJD7,-0.019831521
JMJD7-PLA2G4B,0.001935879
JMJD8,-0.295756221
JMY,0.302979529
JOSD1,-0.255018222
JOSD2,-0.272131839
JPH1,-0.411907668
JPH2,-0.758401089
JPH3,0.499917889
JPH4,-0.079012899
JPT1,0.513510227
JPT2,0.144187269
JRK,0.413317177
JRKL,-0.466269668
JSRP1,0.553511101
JTB,-0.567300956
JUN,0.179611666
JUNB,-0.313613573
JUND,0.566841352
JUP,-0.624954067
KAAG1,0.158081114
KALRN,-0.237601288
KANK1,0.367773976
KANK2,-0.160931915
KANK3,0.388397422
KANK4,0.003515454
KANSL1,0.592729182
KANSL1L,-0.082753164
KANSL2,-0.786253345
KANSL3,0.058436244
KARS,1.19646619
KAT14,-0.272024277
KAT2A,-0.062757711
KAT2B,-0.250943477
KAT5,0.402302631
KAT6B,-0.172666263
KAT7,0.143426797
KAT8,0.588355752
KATNA1,-0.668186161
KATNAL1,-0.325744076
KATNAL2,-0.358757347
KATNB1,-0.68276521
KATNBL1,0.557583527
KAZALD1,0.410045365
KAZN,-0.118725984
KBTBD11,0.291912535
KBTBD12,0.149442238
KBTBD13,0.108162139
KBTBD2,-0.387765106
KBTBD3,-0.505493244
KBTBD4,0.155902149
KBTBD6,-0.126236013
KBTBD7,0.038516812
KBTBD8,0.072032511
KCMF1,0.606421301
KCNA1,0.228855441
KCNA10,0.210911397
KCNA2,0.202246143
KCNA3,0.486762895
KCNA4,-0.333440285
KCNA5,-0.546744841
KCNA6,-0.337218592
KCNA7,0.098275323
KCNAB1,-0.114652162
KCNAB2,0.156554267
KCNAB3,0.001602737
KCNB1,-0.766442391
KCNB2,0.145620377
KCNC1,-0.077927762
KCNC2,-0.178168446
KCNC3,-0.219154213
KCNC4,0.04018674
KCND1,0.190364531
KCND2,0.256170528
KCND3,-0.348316323
KCNE1,-0.161876333
KCNE1B,-0.302027944
KCNE2,0.510848242
KCNE3,-0.245073555
KCNE4,0.230189844
KCNE5,0.211034406
KCNF1,0.121816947
KCNG1,-0.329848264
KCNG2,-0.183686572
KCNG3,-0.732816789
KCNG4,0.248976088
KCNH1,-0.633859991
KCNH2,-0.238774145
KCNH3,0.012854101
KCNH4,0.358171966
KCNH5,-0.035982514
KCNH6,-0.352009578
KCNH7,0.317159934
KCNH8,0.172183119
KCNIP1,0.032921668
KCNIP2,0.189759798
KCNIP2-AS1,0.805039467
KCNIP3,0.480375332
KCNIP4,0.084547768
KCNJ1,0.025108071
KCNJ10,0.63852599
KCNJ11,-0.118258118
KCNJ12,-0.079213347
KCNJ13,0.232243354
KCNJ14,-0.376161649
KCNJ15,0.063469449
KCNJ16,0.253827414
KCNJ18,-0.2110267
KCNJ2,0.170814499
KCNJ3,-0.339309706
KCNJ4,-0.022389389
KCNJ5,0.03288133
KCNJ8,0.170120369
KCNJ9,-0.611906357
KCNK1,-0.210707187
KCNK10,0.501463677
KCNK12,0.364766569
KCNK13,0.22690415
KCNK15,-0.577675964
KCNK15-AS1,-0.636882082
KCNK16,0.152329146
KCNK17,0.119868731
KCNK18,-0.035754721
KCNK2,-0.42267618
KCNK3,-0.161449336
KCNK4,0.523694643
KCNK4-TEX40,0.239414157
KCNK5,0.167752817
KCNK7,0.321938746
KCNK9,0.179486603
KCNMA1,-0.416446663
KCNMB1,-0.473857822
KCNMB2,0.100005981
KCNMB3,-0.269196136
KCNMB4,0.29985328
KCNN1,-0.171881736
KCNN2,-0.197683011
KCNN3,0.357924046
KCNN4,-0.347589576
KCNQ1,0.17100692
KCNQ2,0.021560081
KCNQ3,-0.540089869
KCNQ4,0.137918612
KCNQ5,-0.218308449
KCNRG,-0.255453773
KCNS1,-0.117469277
KCNS2,-0.709026471
KCNS3,-0.039207718
KCNT1,0.601273454
KCNT2,0.148274041
KCNU1,0.181453399
KCNV1,0.560710788
KCNV2,0.325300288
KCP,-0.539939959
KCTD1,-0.245773456
KCTD10,-0.703674343
KCTD11,0.055717826
KCTD12,-0.286579907
KCTD13,-0.122095604
KCTD14,0.337702047
KCTD15,0.239936754
KCTD16,0.650988714
KCTD17,-0.10135398
KCTD18,-0.233899397
KCTD19,0.371586171
KCTD2,0.248629786
KCTD20,0.060842914
KCTD21,-0.24926824
KCTD3,-0.388022885
KCTD4,-0.333740048
KCTD5,-0.624638017
KCTD6,0.136461477
KCTD7,0.206430894
KCTD8,-0.624347668
KCTD9,-0.32744677
KDELC1,0.500771945
KDELC2,-0.164926602
KDELR1,0.547796652
KDELR2,0.246070679
KDELR3,0.457847582
KDF1,-0.01109954
KDM1A,0.46836685
KDM1B,0.465461163
KDM2A,-0.686755443
KDM2B,0.45726176
KDM3A,0.089549317
KDM3B,-0.186188224
KDM4A,0.17576454
KDM4B,0.036114584
KDM4C,0.419099699
KDM4D,0.245341798
KDM4E,-0.343197533
KDM5A,-0.174682195
KDM5B,-0.062477673
KDM5C,-0.472221654
KDM5D,0.652590166
KDM6A,-0.282743628
KDM6B,0.077466371
KDM7A,-0.288167763
KDM8,-0.159368626
KDR,0.136584564
KDSR,-0.547115078
KEAP1,0.227849123
KEL,-0.107530333
KERA,0.294480388
KHDC1,0.212587076
KHDC1L,0.260987367
KHDC3L,0.174379725
KHDC4,-0.425831029
KHDRBS1,0.755730108
KHDRBS2,-0.569154567
KHDRBS3,-0.033514921
KHK,0.409499765
KHNYN,0.217629063
KHSRP,-0.537916895
KIAA0040,0.086085258
KIAA0100,0.347350844
KIAA0232,0.49437729
KIAA0319,0.061550244
KIAA0319L,-0.077085743
KIAA0355,0.183608113
KIAA0391,-0.047336035
KIAA0408,0.01192288
KIAA0513,-0.517353614
KIAA0556,0.187737386
KIAA0586,-0.21852545
KIAA0753,-0.351442435
KIAA0754,0.925150252
KIAA0825,-0.450691901
KIAA0895,-0.08895161
KIAA0895L,0.693035088
KIAA0930,-0.031698925
KIAA1107,0.388911434
KIAA1109,-0.047295672
KIAA1143,0.172525622
KIAA1191,-0.227833793
KIAA1210,-0.458893677
KIAA1211L,0.023077404
KIAA1217,0.158109553
KIAA1257,0.385244185
KIAA1324,0.296283547
KIAA1324L,0.049351453
KIAA1328,0.079406943
KIAA1522,1.023151111
KIAA1524,-0.410797555
KIAA1549L,-0.838841417
KIAA1586,0.007586502
KIAA1614,-0.378699763
KIAA1656,0.223760574
KIAA1671,-0.587364206
KIAA1755,-0.556433596
KIAA1841,0.246744876
KIAA1958,-0.472166069
KIAA2012,0.116145181
KIAA2013,0.059108384
KIAA2026,-0.306444199
KIDINS220,-0.115009508
KIF11,0.41919626
KIF12,0.738790042
KIF13A,-0.390887196
KIF13B,-0.60856184
KIF14,-0.200012692
KIF15,-0.170805469
KIF16B,-0.203823416
KIF17,-0.51231309
KIF18A,0.441937356
KIF18B,-0.203473024
KIF19,0.208361232
KIF1A,-0.006407827
KIF1B,-0.085711047
KIF1C,0.377774373
KIF20A,-0.357686715
KIF20B,0.133156928
KIF21A,0.013546218
KIF21B,-0.01059531
KIF22,-0.37061632
KIF23,-0.599608957
KIF24,-0.478921518
KIF25,-0.005697753
KIF26A,0.172702806
KIF26B,-0.503977764
KIF27,-0.831051481
KIF2A,-0.413938686
KIF2B,-0.452621272
KIF2C,0.36856334
KIF3A,-1.039444177
KIF3B,0.420391307
KIF3C,-0.106352239
KIF4A,0.122096813
KIF4B,-0.2177858
KIF5A,-0.418919422
KIF5B,0.216360946
KIF5C,-0.232032205
KIF6,-0.585931731
KIF7,0.189844811
KIF9,-0.146399631
KIFAP3,-0.093666121
KIFBP,0.647232536
KIFC1,-0.590309769
KIFC2,-0.357220812
KIFC3,-0.66244408
KIN,0.339817161
KIR2DL1,0.065099476
KIR2DL3,-0.21794295
KIR2DL4,0.110763831
KIR2DS4,-0.621470474
KIR3DL1,-0.110780216
KIR3DL2,0.180389371
KIR3DL3,-0.247800194
KIRREL,0.085127101
KIRREL2,-0.003492719
KIRREL3,0.394321779
KISS1,-0.041735069
KISS1R,0.179304365
KIT,0.14003691
KITLG,-0.318509341
KIZ,-0.457097796
KL,-0.219025899
KLB,0.113889051
KLC1,1.011395189
KLC2,0.419374134
KLC3,-0.335734147
KLC4,0.576801609
KLF1,0.298482481
KLF10,-0.526594146
KLF11,-0.02173616
KLF12,0.204445028
KLF13,-0.28325898
KLF14,0.189993123
KLF15,0.046543708
KLF16,-0.061926195
KLF17,0.17737007
KLF2,-0.033206994
KLF3,-0.23943342
KLF4,-0.050103683
KLF5,0.275215059
KLF6,-0.4283826
KLF7,-0.358274714
KLF8,-0.153710958
KLF9,0.305239518
KLHDC1,-0.38567553
KLHDC10,-0.28863977
KLHDC2,-0.330287578
KLHDC3,0.087025735
KLHDC4,-0.151543029
KLHDC7A,-0.017003622
KLHDC7B,-0.812945079
KLHDC8A,-0.1573513
KLHDC8B,0.170121485
KLHDC9,0.457659582
KLHL1,0.19131013
KLHL10,-0.254557217
KLHL11,-0.203909333
KLHL12,-0.204811195
KLHL13,0.249479656
KLHL14,0.10218956
KLHL15,-0.746733299
KLHL17,-0.078719957
KLHL18,0.054025777
KLHL2,0.369769028
KLHL20,-0.316513539
KLHL21,0.132691341
KLHL22,0.250030587
KLHL23,0.02971773
KLHL24,-0.20598871
KLHL25,-0.138431216
KLHL26,-0.561953729
KLHL28,-0.100242877
KLHL29,-0.252795363
KLHL3,-0.472731005
KLHL30,0.197640636
KLHL31,0.028370047
KLHL32,-0.238583928
KLHL33,-0.100964886
KLHL34,0.111450215
KLHL35,0.052600502
KLHL36,-0.229360459
KLHL38,0.087916307
KLHL4,0.089641066
KLHL40,0.605479699
KLHL41,-0.207492437
KLHL42,0.362912354
KLHL5,0.154239695
KLHL6,-0.469274456
KLHL7,-0.269987765
KLHL8,0.53206159
KLHL9,-0.176120202
KLK1,-0.43820258
KLK10,0.071292145
KLK11,-0.54341545
KLK12,-0.087262218
KLK13,-0.484889511
KLK14,-0.659414778
KLK15,-0.641808253
KLK2,-1.078858904
KLK3,-0.27470473
KLK4,-0.198424995
KLK5,0.042530032
KLK6,-0.089734687
KLK7,-0.700196502
KLK8,-0.252595583
KLK9,-0.294302021
KLKB1,0.035201391
KLLN,-0.146017534
KLRB1,-0.018164212
KLRC1,-0.384161387
KLRC2,0.268248001
KLRC3,0.085989737
KLRC4,0.102366974
KLRC4-KLRK1,0.551668284
KLRD1,-0.378368188
KLRF1,-0.04086014
KLRF2,-0.112383392
KLRG1,-0.120596737
KLRG2,-0.436849475
KLRK1,0.551668284
KMO,0.422218046
KMT2A,-0.940575694
KMT2B,0.108095987
KMT2C,0.013153621
KMT2D,-0.191124246
KMT2E,-0.010800534
KMT5A,-0.498729387
KMT5B,-1.181453671
KMT5C,-0.378285777
KNCN,1.234593384
KNDC1,-0.396372591
KNG1,-0.52481542
KNL1,0.468030259
KNOP1,-0.03610905
KNSTRN,0.053630841
KNTC1,-0.179068554
KPNA1,-0.01917995
KPNA2,-0.375105016
KPNA3,-0.898468961
KPNA4,-0.11020535
KPNA5,-0.678307712
KPNA6,0.507672572
KPNA7,0.028156794
KPNB1,0.582636182
KPRP,0.082654958
KPTN,-0.730285462
KRAS,-0.373227555
KRBA1,0.110961208
KRBA2,0.492382697
KRBOX1,-0.164089951
KRBOX4,0.054355452
KRCC1,-0.307140322
KREMEN1,-0.494928016
KREMEN2,-0.077818669
KRI1,0.581673634
KRIT1,-0.597303505
KRR1,0.946279516
KRT1,-0.581265734
KRT10,0.198989868
KRT12,0.208080257
KRT13,-0.068831542
KRT14,0.683319912
KRT15,0.37872107
KRT16,-0.064657723
KRT17,-0.600624447
KRT18,-0.133022118
KRT19,0.137625266
KRT2,-0.052840614
KRT20,-0.190815317
KRT222,0.065212681
KRT23,-0.217291546
KRT24,0.57386432
KRT25,0.116896226
KRT26,0.179626633
KRT27,-0.233228881
KRT28,-0.403098006
KRT3,0.591818163
KRT31,0.174922487
KRT32,-0.462672016
KRT33A,-0.460021316
KRT33B,-0.067591768
KRT34,0.022415451
KRT35,0.104598827
KRT36,1.015812201
KRT37,-0.733783751
KRT38,0.337328214
KRT39,-0.445393331
KRT4,0.062681802
KRT40,-0.035691629
KRT5,0.331935486
KRT6A,-0.291143884
KRT6B,-0.266816343
KRT6C,-0.203175498
KRT7,0.092179734
KRT71,-0.051899131
KRT72,0.031518907
KRT73,1.089368856
KRT74,-0.334326102
KRT75,-0.620372072
KRT76,0.157853258
KRT77,-0.341902079
KRT78,-0.151025315
KRT79,-0.003657801
KRT8,-0.131386419
KRT80,-0.379052537
KRT81,0.039716137
KRT82,0.402257542
KRT83,-0.310025084
KRT84,0.234681164
KRT85,0.206889741
KRT86,0.211409185
KRT9,-0.450934212
KRTAP1-1,-0.113205625
KRTAP1-3,0.30611107
KRTAP1-4,0.084941082
KRTAP1-5,0.025809516
KRTAP10-1,0.455110609
KRTAP10-10,-0.10685095
KRTAP10-11,0.000549646
KRTAP10-12,0.264046217
KRTAP10-2,0.125268802
KRTAP10-3,-0.057585575
KRTAP10-4,0.12128367
KRTAP10-5,0.606537227
KRTAP10-6,0.314933858
KRTAP10-7,0.108361252
KRTAP10-8,-0.084519659
KRTAP10-9,0.187620368
KRTAP11-1,-0.123571953
KRTAP12-1,-0.01483033
KRTAP12-2,-0.140883649
KRTAP12-3,0.13582402
KRTAP12-4,0.1695702
KRTAP13-1,0.402199854
KRTAP13-2,0.657200808
KRTAP13-3,-0.206856872
KRTAP13-4,0.501841173
KRTAP15-1,0.187548253
KRTAP16-1,-0.15987446
KRTAP17-1,0.293718826
KRTAP19-1,-0.419023591
KRTAP19-2,-0.299406739
KRTAP19-3,-0.113570395
KRTAP19-4,-0.602834478
KRTAP19-5,0.112748314
KRTAP19-6,-0.126021567
KRTAP19-7,-0.083036683
KRTAP19-8,0.062572476
KRTAP2-1,-0.231943706
KRTAP2-2,-0.231943706
KRTAP2-3,-0.078337941
KRTAP2-4,-0.078337941
KRTAP20-1,-0.213539754
KRTAP20-2,0.305740387
KRTAP20-3,0.310579454
KRTAP21-1,-0.314428047
KRTAP21-2,0.284868632
KRTAP21-3,0.066986592
KRTAP22-1,-0.497358016
KRTAP22-2,0.393358234
KRTAP23-1,0.017812645
KRTAP24-1,0.187219829
KRTAP25-1,0.254695867
KRTAP26-1,0.050013414
KRTAP27-1,-0.035969522
KRTAP29-1,-0.515355824
KRTAP3-1,0.254882883
KRTAP3-2,-0.185932322
KRTAP3-3,-0.338335991
KRTAP4-11,0.016395679
KRTAP4-12,0.044355554
KRTAP4-2,0.079754019
KRTAP4-3,0.414259815
KRTAP4-4,0.25976041
KRTAP4-5,-0.006386449
KRTAP4-6,-0.804576631
KRTAP4-7,0.233488875
KRTAP4-8,0.720740369
KRTAP4-9,-0.313327861
KRTAP5-1,0.216306812
KRTAP5-10,0.388708884
KRTAP5-11,0.372486785
KRTAP5-2,0.290208289
KRTAP5-3,-0.165320054
KRTAP5-4,0.910340852
KRTAP5-5,-0.170783896
KRTAP5-6,0.204500284
KRTAP5-7,0.312293634
KRTAP5-8,0.355637992
KRTAP5-9,0.169013887
KRTAP5-AS1,0.290208289
KRTAP6-1,-0.289340036
KRTAP6-2,-0.128511634
KRTAP6-3,0.567507515
KRTAP7-1,0.195751214
KRTAP8-1,0.359705234
KRTAP9-1,0.131092918
KRTAP9-11P,-0.503546753
KRTAP9-2,-0.003923887
KRTAP9-3,0.165092285
KRTAP9-4,-0.301983309
KRTAP9-6,-0.175526823
KRTAP9-7,-0.698298473
KRTAP9-8,0.171541895
KRTAP9-9,-0.260379011
KRTCAP2,-0.122468281
KRTCAP3,0.100754784
KRTDAP,-0.817955987
KSR1,-0.269596327
KSR2,-0.213521543
KTI12,-0.060480808
KTN1,-0.584903584
KXD1,0.136098571
KY,-0.554403235
KYAT1,-0.101670433
KYAT3,-0.004302719
KYNU,0.02459926
L1CAM,0.037080563
L1TD1,0.205633232
L2HGDH,-0.416249589
L3HYPDH,-0.147702109
L3MBTL1,-0.984862814
L3MBTL2,0.427646816
L3MBTL3,-0.253409395
L3MBTL4,-0.090980889
LACC1,-0.387199024
LACRT,0.048373968
LACTB,0.269774607
LACTB2,0.244308149
LACTBL1,0.255846601
LAD1,0.171211921
LAG3,-0.482613457
LAGE3,-0.178757052
LAIR1,0.457721625
LAIR2,-0.124181759
LALBA,-0.157606558
LAMA1,-0.418427008
LAMA2,0.176900948
LAMA3,0.135305603
LAMA4,-0.688735644
LAMA5,0.1697327
LAMB1,0.132352739
LAMB2,0.349151178
LAMB3,0.213435092
LAMB4,-0.300715656
LAMC1,-0.04788448
LAMC2,-0.590624536
LAMC3,-0.104672821
LAMP1,0.570647836
LAMP2,-0.089094317
LAMP3,-0.096637322
LAMP5,-0.897025993
LAMTOR1,0.79999262
LAMTOR2,0.223847759
LAMTOR3,-0.074625183
LAMTOR4,-0.551080725
LAMTOR5,-0.702965022
LANCL1,-0.168595133
LANCL2,0.21181208
LANCL3,-0.324935792
LAP3,0.382176994
LAPTM4A,-0.043607896
LAPTM4B,-0.553842663
LAPTM5,-0.557168707
LARGE1,0.239691005
LARGE2,0.283598786
LARP1,0.161795842
LARP1B,-0.273184572
LARP4,0.315461363
LARP4B,-0.218320227
LARP6,-0.311859696
LARP7,0.479041744
LARS,-0.100110647
LARS2,-0.135373108
LAS1L,-0.37216533
LASP1,0.366469521
LAT,-0.027824251
LAT2,-0.810299976
LATS1,-0.460787466
LATS2,0.104673427
LAX1,0.192652171
LAYN,-0.586946711
LBH,0.052583277
LBHD1,0.380422204
LBP,-0.555661255
LBR,-0.021764701
LBX1,-0.105112791
LBX2,0.18857918
LCA5,0.28349676
LCA5L,0.355683703
LCAT,-0.500687135
LCE1A,-0.145820688
LCE1B,0.264383753
LCE1C,-0.097225279
LCE1D,-0.090208388
LCE1E,-0.090793082
LCE1F,-0.300212811
LCE2A,1.126008984
LCE2B,-0.042913654
LCE2C,0.17760073
LCE2D,0.309854764
LCE3A,-0.546237421
LCE3B,0.203587184
LCE3C,0.035668045
LCE3D,-0.027984728
LCE3E,-0.286208924
LCE4A,-0.138259821
LCE5A,0.251818406
LCE6A,-0.773212512
LCK,0.551723179
LCLAT1,-0.456889647
LCMT1,-0.170184241
LCMT2,-0.023558952
LCN1,-0.262425938
LCN10,-0.146069992
LCN12,-0.193703057
LCN15,0.899452443
LCN2,0.256403661
LCN6,0.001468245
LCN8,-0.086940757
LCN9,-0.121165498
LCNL1,0.43571342
LCOR,0.08871242
LCORL,0.210321095
LCP1,-0.587877985
LCP2,0.417816585
LCT,0.693199152
LCTL,0.386605044
LDAH,0.3018474
LDB1,-0.70659836
LDB2,0.481388324
LDB3,0.498711269
LDHA,-0.188765991
LDHAL6A,0.188799714
LDHAL6B,-0.454846314
LDHB,0.389676165
LDHC,0.064733915
LDHD,0.006187214
LDLR,-0.031452369
LDLRAD1,0.202392909
LDLRAD2,0.220231987
LDLRAD3,0.277731267
LDLRAD4,-0.746341975
LDLRAP1,0.24776185
LDOC1,0.198171432
LEAP2,0.170272464
LECT2,0.056926269
LEF1,0.007382122
LEFTY1,-0.137155976
LEFTY2,-0.454888234
LEKR1,0.477329627
LELP1,0.125559131
LEMD1,-0.25194655
LEMD2,-0.127806649
LEMD3,-0.400919862
LENEP,-0.506696649
LENG1,-0.681614444
LENG8,0.021109704
LENG9,-0.71367421
LEO1,0.015728079
LEP,-0.095402649
LEPR,-0.414588473
LEPROT,0.404468427
LEPROTL1,-0.123564209
LETM1,0.305222435
LETM2,-0.340124694
LETMD1,-0.174031308
LEUTX,-0.339290928
LEXM,-0.113781282
LFNG,0.471782378
LGALS1,0.19778459
LGALS12,-0.292748333
LGALS13,-0.027904872
LGALS14,-0.092979481
LGALS16,-0.642079416
LGALS2,0.036297239
LGALS3,0.171833029
LGALS3BP,0.279883363
LGALS4,-0.100435812
LGALS7,0.067314471
LGALS7B,0.03294725
LGALS8,-1.296958651
LGALS9,-0.206546108
LGALS9B,0.498765066
LGALS9C,0.527983729
LGALS9DP,0.593319998
LGALSL,-0.187077899
LGI1,0.528836262
LGI2,0.36077179
LGI3,-0.53206841
LGI4,-0.395336461
LGMN,0.451456523
LGR4,0.248262812
LGR5,-0.304471872
LGR6,0.368586317
LGSN,0.11177965
LHB,-0.013382738
LHCGR,-0.15876827
LHFPL1,0.534400393
LHFPL2,0.251312254
LHFPL3,-0.178114279
LHFPL4,-0.4083831
LHFPL5,0.231310114
LHFPL6,0.049356405
LHPP,-0.109167018
LHX1,0.014387721
LHX2,0.358872226
LHX3,-0.17386079
LHX4,-0.358738262
LHX5,0.322317327
LHX6,-0.136195239
LHX8,-0.180683167
LHX9,-0.29627326
LIAS,-1.563233637
LIF,-0.642663554
LIFR,0.321672408
LIG1,-0.155913752
LIG3,-0.045519377
LIG4,0.018903072
LILRA1,-0.284220542
LILRA2,-0.123477369
LILRA4,-0.200046525
LILRA5,-0.461052941
LILRA6,-0.050320372
LILRB1,0.260857907
LILRB2,0.314533433
LILRB3,-0.083038807
LILRB4,-0.754657471
LILRB5,-0.298282622
LIM2,-0.024331722
LIMA1,-0.218564992
LIMCH1,0.251672783
LIMD1,0.065365575
LIMD2,-1.087426445
LIMK1,0.081949292
LIMK2,0.312637704
LIMS1,0.122522265
LIMS2,-0.122955698
LIMS3,0.16648606
LIMS3-LOC440895,0.16648606
LIMS4,0.16648606
LIN28A,-0.095569829
LIN28B,0.094018781
LIN37,-0.006299123
LIN52,0.51688783
LIN54,0.107278484
LIN7A,0.369387809
LIN7B,-0.15642889
LIN7C,-0.183615962
LIN9,-0.176010855
LINC00452,0.28254069
LINC01189,0.314030047
LINC01619,-0.038656418
LINC01620,0.243644171
LINC01621,-0.016314626
LINC01750,0.466786364
LINC02067,-0.12457789
LINC02203,-0.129835715
LINC02210-CRHR1,-0.07375657
LINC02693,0.527730014
LINC02694,-0.107119321
LINC02801,0.167919004
LINC02843,0.305841526
LINC02860,0.360563212
LINGO1,0.217274516
LINGO2,0.167330861
LINGO3,0.036985126
LINGO4,-0.148790171
LINS1,-0.239761775
LIPA,0.057507735
LIPC,-0.73658542
LIPE,-0.337466226
LIPF,0.284334754
LIPG,-0.020909348
LIPH,0.09627724
LIPI,0.467980513
LIPJ,0.4674017
LIPK,0.545040829
LIPM,-0.010513989
LIPN,-0.355846571
LIPT1,-0.638492621
LIPT2,-1.560634884
LITAF,-0.362860326
LIX1,0.446420201
LIX1L,-0.326866826
LKAAEAR1,-0.045267527
LL0XNC01-250H12.3,-0.267672831
LLCFC1,-0.273480704
LLGL1,-0.49129873
LLGL2,-0.469423398
LLPH,0.424387141
LMAN1,-0.331434718
LMAN1L,-0.17078022
LMAN2,-0.708866384
LMAN2L,-0.060506227
LMBR1,-0.026388584
LMBR1L,0.027824443
LMBRD1,-0.016939174
LMBRD2,0.068265852
LMCD1,-0.350910588
LMF1,0.240710167
LMF2,0.64124696
LMLN,-0.868890763
LMNA,-0.53192105
LMNB1,0.21886554
LMNB2,-0.109981681
LMNTD1,-0.155485841
LMNTD2,-0.163044822
LMO1,-0.473742588
LMO2,-0.049861977
LMO3,0.141236145
LMO4,0.371003735
LMO7,0.12100702
LMO7DN,-0.456929934
LMOD1,-0.296009773
LMOD2,-0.062981096
LMOD3,0.051711099
LMTK2,0.420256418
LMTK3,0.32957382
LMX1A,-0.051679405
LMX1B,-0.146183498
LNP1,-0.198316727
LNPEP,0.567171427
LNPK,0.419218781
LNX1,0.132507964
LNX2,0.076094585
LOC100128593,-0.452941607
LOC100129083,-0.276413104
LOC100129118,-0.102706756
LOC100129265,0.895614658
LOC100129492,-0.314460295
LOC100129697,-0.243970684
LOC100130357,-0.241496875
LOC100130370,0.436101492
LOC100130950,-0.118683342
LOC100132202,0.129094649
LOC100133165,-0.237399994
LOC100134391,0.333443045
LOC100144595,0.219309507
LOC100286925,-0.475953419
LOC100287036,0.165480663
LOC100288966,-0.098816428
LOC100289194,-0.022618217
LOC100289561,0.176872288
LOC100289656,-0.237399994
LOC100291105,-0.641690523
LOC100379224,0.384226995
LOC100420446,-1.311934627
LOC100420551,0.333794054
LOC100420778,0.542188744
LOC100420788,0.542188744
LOC100420789,0.542188744
LOC100420925,1.08691666
LOC100421094,-0.01614266
LOC100421693,-0.502983606
LOC100505549,-0.077917805
LOC100505841,0.385231462
LOC100506055,0.393185962
LOC100506071,0.282945542
LOC100506388,-0.029584966
LOC100506422,0.194678511
LOC100630923,0.099967903
LOC100652758,0.02954367
LOC100652777,0.457291249
LOC100652908,0.090223454
LOC101927051,0.287918343
LOC101927060,-0.259094677
LOC101927079,-0.33369519
LOC101927267,0.282369465
LOC101927322,-0.245446924
LOC101927572,0.726313804
LOC101927825,-1.344502215
LOC101927979,0.056971519
LOC101928034,-0.001812885
LOC101928093,0.202433767
LOC101928100,0.267111896
LOC101928436,0.472079919
LOC101928841,-0.048758705
LOC101928953,0.028615372
LOC101929106,-0.558085164
LOC101929372,0.241024403
LOC101929705,0.964459762
LOC101930090,0.984335413
LOC102030688,0.045225318
LOC102723502,-0.228174015
LOC102723532,0.169222524
LOC102723623,0.305221142
LOC102723655,0.416159528
LOC102723713,0.416159528
LOC102723996,0.204675632
LOC102724093,-0.044832669
LOC102724117,-0.037278637
LOC102724159,0.391122393
LOC102724250,0.230605644
LOC102724334,0.125207832
LOC102724468,0.858479154
LOC102724488,0.059890856
LOC102724624,0.060704143
LOC102724750,1.08691666
LOC102724770,-0.162815929
LOC102724788,-0.07201453
LOC102724957,-0.27150701
LOC102725021,0.353039554
LOC105369225,-0.259094677
LOC105369274,0.183846536
LOC105369352,0.280479617
LOC105369748,-0.465097435
LOC105370910,-0.231702153
LOC105371084,0.043013038
LOC105371103,0.291760031
LOC105371430,0.183676104
LOC105371768,-0.544507719
LOC105371795,0.414633303
LOC105371855,0.049755136
LOC105372485,-0.693991134
LOC105372791,0.510848242
LOC105372860,-0.242870456
LOC105373095,0.415020604
LOC105373456,-0.896265892
LOC105373608,-0.066326255
LOC105373796,-0.362040586
LOC105374809,0.048081239
LOC105375795,0.414265265
LOC105376453,0.746693018
LOC105376541,-1.191411149
LOC105376722,-0.219351485
LOC105376749,0.291760031
LOC105376844,0.382927692
LOC105378242,-0.03942317
LOC105447645,-0.365453402
LOC107984026,0.113305427
LOC107984328,-0.167811987
LOC107984334,-0.411666784
LOC107984340,0.01221603
LOC107984690,-0.214266781
LOC107984936,-0.493510725
LOC107984946,0.725558479
LOC107985075,0.122935861
LOC107985139,0.484355791
LOC107985304,0.659437371
LOC107985544,-0.028822677
LOC107985567,0.424387141
LOC107986160,-0.507140997
LOC107986469,-0.55943212
LOC107986486,0.619414689
LOC107986614,0.049707132
LOC107987066,0.154808985
LOC107987217,0.542968576
LOC107987373,-0.559538091
LOC107987380,0.542968576
LOC108783645,0.118123784
LOC108783654,-0.036805094
LOC110117498-PIK3R3,-0.236573871
LOC112267869,-0.147474882
LOC112267934,0.050016657
LOC112268221,0.503491856
LOC112268432,0.337152822
LOC114483834,-0.430634084
LOC149373,-0.591036468
LOC158434,-0.035931425
LOC202319,0.356678957
LOC254028,0.357644403
LOC283710,0.19378334
LOC339862,-0.73760525
LOC388282,0.133164781
LOC388436,-0.131678397
LOC388780,0.226657311
LOC388813,-0.08523383
LOC389602,0.038163001
LOC389895,0.143017507
LOC392196,0.133323655
LOC401218,0.046514941
LOC403312,0.301515184
LOC441155,0.397829558
LOC574080,-0.143720826
LOC574538,-0.139496431
LOC642669,-0.022618217
LOC642969,-0.633113386
LOC643576,-0.633113386
LOC643802,-0.266636232
LOC643896,-0.173737466
LOC644525,-0.022618217
LOC645202,0.129094649
LOC645752,0.66714573
LOC646644,0.329201769
LOC646934,0.648473486
LOC649352,0.071343447
LOC653503,-0.44651097
LOC653631,0.221182856
LOC653653,0.837295984
LOC653698,-0.141130723
LOC654780,0.549055793
LOC724084,-0.412516224
LOC728392,0.850648138
LOC728485,-0.265366184
LOC728554,0.945466777
LOC728877,0.37894587
LOC729086,-1.261177376
LOC729317,-0.481087926
LOC730110,-0.180697195
LOC730183,-0.592754461
LOC79999,-0.131678397
LONP1,0.161074939
LONP2,0.405840981
LONRF1,-0.402902467
LONRF2,-0.022154914
LONRF3,0.650649453
LOR,-0.233665992
LOX,-0.163286693
LOXHD1,-0.078089422
LOXL1,-0.081087158
LOXL2,-0.043397832
LOXL3,0.203409886
LOXL4,0.141311377
LPA,0.087110074
LPAR1,-0.26372321
LPAR2,-0.475292839
LPAR3,0.228279507
LPAR4,0.14344653
LPAR5,0.743454881
LPAR6,0.392430351
LPCAT1,0.196503401
LPCAT2,-0.361797523
LPCAT3,-0.125287279
LPCAT4,-0.164569108
LPGAT1,-0.378725845
LPIN1,-0.262003807
LPIN2,-0.058239147
LPIN3,-0.150038849
LPL,0.73581627
LPO,-0.542972233
LPP,-0.017394696
LPXN,0.082138883
LRAT,-0.043689602
LRATD1,0.010249279
LRATD2,0.286214876
LRBA,0.200927079
LRCH1,0.044932003
LRCH2,-1.181814204
LRCH3,-0.177580657
LRCH4,-0.353681449
LRCOL1,-0.320139902
LRFN1,0.027525785
LRFN2,-0.014191034
LRFN3,-0.005003556
LRFN4,-0.639863804
LRFN5,-0.422106787
LRG1,0.578995866
LRGUK,-0.565602317
LRIF1,0.162999933
LRIG1,0.056538921
LRIG2,0.297599965
LRIG3,-0.060525768
LRIT1,-0.225532815
LRIT2,-0.323337357
LRIT3,0.246970247
LRMP,0.262698651
LRP1,-0.237084014
LRP10,0.488164463
LRP11,0.23348392
LRP12,0.25539701
LRP1B,0.150293968
LRP2,-0.318955034
LRP2BP,0.434713911
LRP3,-0.579210409
LRP4,-0.47424218
LRP5,-0.057505266
LRP5L,-0.534176812
LRP6,-0.253816063
LRP8,0.115601438
LRPAP1,0.187648486
LRPPRC,0.150577503
LRR1,0.172477301
LRRC1,0.279276936
LRRC10,0.147639317
LRRC10B,0.349511682
LRRC14,-0.169620568
LRRC14B,0.166593839
LRRC15,0.173047335
LRRC17,-0.320016894
LRRC18,-0.08739845
LRRC19,-0.066662325
LRRC2,0.502285696
LRRC20,0.268398878
LRRC23,0.004850568
LRRC24,-0.432529909
LRRC25,-0.166002076
LRRC26,-0.456256547
LRRC27,0.185338858
LRRC28,-0.652833501
LRRC29,-0.004634047
LRRC3,0.00307899
LRRC30,0.045954803
LRRC31,0.045896628
LRRC32,0.019513813
LRRC34,0.192448824
LRRC36,-0.502637551
LRRC37A,0.291166254
LRRC37A17P,0.763679078
LRRC37A2,0.29862351
LRRC37A3,0.226639466
LRRC37B,-0.674942973
LRRC38,-0.101813929
LRRC39,-0.309792881
LRRC3B,0.164591658
LRRC3C,-0.22161823
LRRC4,-0.092983665
LRRC40,0.260141165
LRRC41,-0.427331973
LRRC42,0.017661002
LRRC43,-0.393749931
LRRC45,-0.349381009
LRRC46,0.229645692
LRRC47,-0.515913288
LRRC49,-0.593635834
LRRC4B,0.729352099
LRRC4C,-0.300368221
LRRC52,-0.622820519
LRRC55,0.33391551
LRRC56,-1.333002992
LRRC57,-0.533189796
LRRC58,0.141963906
LRRC59,0.156646081
LRRC6,0.05122076
LRRC61,-0.30355285
LRRC63,0.293872302
LRRC66,-0.147237484
LRRC69,0.025087328
LRRC7,0.027664057
LRRC7-AS1,-0.161884954
LRRC70,0.353865457
LRRC71,-0.600993796
LRRC72,-0.153702933
LRRC73,-0.266376371
LRRC74A,0.412876962
LRRC74B,0.421790032
LRRC75A,-0.125022211
LRRC75B,-0.334350565
LRRC8A,-0.803791366
LRRC8B,-0.356803005
LRRC8C,0.474926303
LRRC8D,0.27245978
LRRC8E,0.193578593
LRRCC1,0.245458243
LRRD1,0.21934898
LRRFIP1,0.039607475
LRRFIP2,0.174491407
LRRIQ1,0.183503216
LRRIQ3,-0.154960442
LRRIQ4,0.554588426
LRRK1,-0.179697258
LRRK2,-0.357809303
LRRN1,0.199802846
LRRN2,-0.654932873
LRRN3,0.058117257
LRRN4,0.093256588
LRRN4CL,0.576504615
LRRTM1,0.495359061
LRRTM2,0.313160351
LRRTM3,0.398411262
LRRTM4,0.322919654
LRSAM1,0.685917199
LRTM1,-0.61040613
LRTM2,0.691557851
LRTOMT,0.006831698
LRWD1,0.34951396
LSAMP,-0.018352983
LSG1,-0.369100004
LSM1,0.15068104
LSM10,0.333402762
LSM11,1.02430256
LSM12,0.460640169
LSM14A,0.092094226
LSM14B,0.331028874
LSM2,0.331406887
LSM3,-0.001424474
LSM4,0.227123524
LSM5,0.377023386
LSM6,0.146044435
LSM7,0.279974963
LSM8,0.31225851
LSMEM1,-0.171309305
LSMEM2,0.448375602
LSP1,0.128248973
LSR,-0.148431729
LSS,0.866407599
LST1,0.138158177
LTA,0.225112477
LTA4H,0.217745952
LTB,0.190991449
LTB4R,-0.132053782
LTB4R2,-0.094725555
LTBP1,-0.192201199
LTBP2,-0.055862996
LTBP3,0.025417491
LTBP4,0.774080734
LTBR,-0.131655682
LTC4S,0.095271814
LTF,0.136102147
LTK,-0.554780153
LTN1,0.045246067
LTO1,0.213135835
LTV1,0.039223367
LUC7L,-0.451427183
LUC7L2,-0.165774628
LUC7L3,-0.160534446
LUM,-0.023802626
LURAP1,0.610201724
LURAP1L,0.298922239
LUZP1,-0.046849183
LUZP2,0.058987215
LUZP4,-0.271183041
LUZP6,-0.202793356
LVRN,0.08098122
LXN,0.024392329
LY6D,-0.190828192
LY6E,0.180952261
LY6G5B,-0.649599641
LY6G5C,0.433537098
LY6G6C,0.607024446
LY6G6D,-0.33548504
LY6G6F,0.069673025
LY6G6F-LY6G6D,-0.132906007
LY6H,0.554521513
LY6K,-0.461976661
LY75,-0.208529981
LY75-CD302,-0.143677432
LY86,-0.028442591
LY9,-0.728540912
LY96,-0.283594015
LYAR,-0.154148172
LYG1,0.597931041
LYG2,-0.072670717
LYL1,-0.057847388
LYN,0.003557586
LYNX1,0.042008274
LYNX1-SLURP2,0.100258028
LYPD1,-0.220003453
LYPD2,0.179611675
LYPD3,-0.012923915
LYPD4,-0.394335783
LYPD5,0.247479735
LYPD6,0.151556936
LYPD6B,-0.097483272
LYPD8,-0.271724873
LYPLA1,-0.593431643
LYPLA2,0.471276723
LYPLAL1,0.496856232
LYRM1,0.390301406
LYRM2,-0.706927609
LYRM4,0.292094355
LYRM7,-0.045431449
LYRM9,0.080973472
LYSMD1,-0.06173609
LYSMD2,-0.261072978
LYSMD3,-0.381306774
LYSMD4,-1.002790922
LYST,-0.705245405
LYVE1,-0.400345415
LYZ,-0.0702909
LYZL1,-0.347790775
LYZL2,-0.128812265
LYZL4,0.251008225
LYZL6,-0.406728622
LZIC,0.177482884
LZTFL1,0.350569862
LZTR1,-0.178984512
LZTS1,0.196332766
LZTS2,0.045740802
LZTS3,0.05650403
M1AP,1.049036695
M6PR,-0.094781006
MAATS1,0.22372252
MAB21L1,-0.074509528
MAB21L2,-0.618725653
MAB21L3,0.226944008
MAB21L4,0.121064647
MACC1,-0.158640564
MACF1,-0.726252106
MACO1,0.473001332
MACROD1,0.120724715
MACROD2,0.171656152
MACROH2A1,0.166507025
MAD1L1,0.461006562
MAD2L1,-0.077686128
MAD2L1BP,0.163393066
MAD2L2,0.221725574
MADCAM1,0.265282841
MADD,-0.136489448
MAEA,0.255519294
MAEL,-0.230333173
MAF,0.165451276
MAF1,-0.218575532
MAFA,0.416863389
MAFB,0.62639366
MAFF,-0.136809211
MAFG,-0.397120404
MAFK,-0.17849991
MAG,0.063580326
MAGEA1,0.099164669
MAGEA10,0.162827493
MAGEA10-MAGEA5,-0.317653035
MAGEA11,-0.057538257
MAGEA12,-0.178552076
MAGEA2,-0.155810054
MAGEA2B,-0.155810054
MAGEA3,0.258293488
MAGEA4,0.596936157
MAGEA5,-0.317653035
MAGEA6,0.025429303
MAGEA8,0.119229158
MAGEA9,-0.124247703
MAGEA9B,-0.124247703
MAGEB1,-0.441506391
MAGEB10,0.173956949
MAGEB16,0.322271302
MAGEB17,0.290250442
MAGEB18,0.296330251
MAGEB2,0.598224934
MAGEB3,0.929565437
MAGEB4,-0.376599261
MAGEB5,-0.301869486
MAGEB6,0.226819883
MAGEC1,0.187442362
MAGEC2,0.03772606
MAGEC3,-0.042073895
MAGED1,-0.174853282
MAGED2,0.410830358
MAGED4,0.130359224
MAGED4B,0.130359224
MAGEE1,-0.111525823
MAGEE2,0.107909005
MAGEF1,0.235980474
MAGEH1,-0.043980035
MAGEL2,-0.141980188
MAGI1,-0.174308319
MAGI2,0.14603206
MAGI3,0.719410892
MAGIX,0.649041186
MAGOH,0.705911351
MAGOHB,-0.281135977
MAGT1,-0.313457599
MAIP1,-0.525542145
MAJIN,-0.156212335
MAK,0.157077229
MAK16,-0.016929695
MAL,0.216788677
MAL2,0.087748316
MALL,-0.57476576
MALRD1,-0.036371591
MALSU1,-0.166346186
MALT1,0.052895388
MAMDC2,-0.210570393
MAMDC4,-0.271078746
MAML1,-1.407622674
MAML2,0.288873343
MAML3,-0.191392777
MAMLD1,0.352063416
MAMSTR,-0.369032552
MAN1A1,-0.511327728
MAN1A2,0.119310573
MAN1B1,-0.370945291
MAN1C1,0.282013605
MAN2A1,0.145810403
MAN2A2,-0.672422963
MAN2B1,-0.046506129
MAN2B2,-0.111122052
MAN2C1,0.132978453
MANBA,-0.221409983
MANBAL,-0.20540766
MANEA,0.091420995
MANEAL,0.19463342
MANF,-0.259277658
MANSC1,0.486576234
MANSC4,0.432186592
MAOA,-0.03091286
MAOB,0.257609112
MAP10,-0.282326191
MAP11,-0.572551146
MAP1A,-0.323045982
MAP1B,0.36729956
MAP1LC3A,-0.958446463
MAP1LC3B,0.158860911
MAP1LC3B2,0.225157337
MAP1LC3C,-0.155483929
MAP1S,-0.4022879
MAP2,-0.211232157
MAP2K1,-0.489771921
MAP2K2,-0.238765501
MAP2K3,0.049800869
MAP2K4,-0.018292341
MAP2K5,0.496224557
MAP2K6,-0.282862628
MAP2K7,-0.120316804
MAP3K1,0.140296544
MAP3K10,0.341421379
MAP3K11,0.231665518
MAP3K12,0.394476654
MAP3K13,0.059513222
MAP3K14,-0.167365859
MAP3K15,-0.262679598
MAP3K19,-0.084212265
MAP3K2,0.437759942
MAP3K20,-0.155196595
MAP3K21,0.160350469
MAP3K3,-0.290900665
MAP3K4,-0.048648406
MAP3K5,0.237787873
MAP3K6,-0.254294807
MAP3K7,0.895071593
MAP3K7CL,0.019349554
MAP3K8,-0.284783549
MAP3K9,-0.420868718
MAP4,0.058378044
MAP4K1,-0.442171807
MAP4K2,0.231967198
MAP4K3,-0.043592391
MAP4K4,-0.065800453
MAP4K5,-0.315720095
MAP6,-0.267436808
MAP6D1,-0.06026774
MAP7,-0.244640755
MAP7D1,0.821282915
MAP7D2,0.283644387
MAP7D3,-0.591775404
MAP9,-0.018439057
MAPK1,-0.308175537
MAPK10,0.234077687
MAPK11,0.018553979
MAPK12,0.284314126
MAPK13,0.138031963
MAPK14,0.647290572
MAPK15,-0.433890366
MAPK1IP1L,0.374951432
MAPK3,-0.297501602
MAPK4,-0.058682885
MAPK6,0.409394692
MAPK7,-0.210338986
MAPK8,0.510882835
MAPK8IP1,-0.026881223
MAPK8IP2,-0.357238547
MAPK8IP3,-0.037650483
MAPK9,-0.092694581
MAPKAP1,0.553316
MAPKAPK2,0.003759918
MAPKAPK3,-0.642520886
MAPKAPK5,-0.624534261
MAPKBP1,0.195244235
MAPRE1,0.500141062
MAPRE2,-0.371103922
MAPRE3,-0.293824111
MAPT,0.028483984
MARCH1,0.243279037
MARCH2,0.271447792
MARCHF1,0.868876513
MARCHF10,-0.234972042
MARCHF11,-0.513526704
MARCHF2,-0.120355107
MARCHF3,-0.079361396
MARCHF4,-0.398667019
MARCHF5,-0.525064139
MARCHF6,0.58249617
MARCHF7,-0.138253436
MARCHF8,0.288733562
MARCHF9,-0.666501996
MARCKS,-0.223396168
MARCKSL1,0.443569891
MARCO,0.177081292
MARF1,0.167057006
MARK1,-0.316820126
MARK2,-0.066660044
MARK3,-0.158220063
MARK4,-0.171951082
MARS1,-0.437769819
MARS2,0.005928556
MARVELD1,0.162386366
MARVELD2,0.180840066
MARVELD3,-0.098653558
MAS1,-0.232056402
MAS1L,-0.730102507
MASP1,0.421347797
MASP2,0.427618509
MAST1,0.297314541
MAST2,0.055333582
MAST3,-0.128093971
MAST4,0.531812185
MASTL,0.027794328
MAT1A,-0.560869936
MAT2A,-0.507214722
MAT2B,0.129759744
MATK,0.135985305
MATN1,0.343390866
MATN2,-0.322941075
MATN3,-0.275709068
MATN4,-0.414228724
MATR3,-0.667362479
MAU2,-0.838306123
MAVS,0.505333884
MAX,-0.39195647
MAZ,-0.108475726
MB,-0.25567069
MB21D1,-0.049048973
MB21D2,-0.253317936
MBD1,0.246485988
MBD2,0.009788274
MBD3,-0.424545004
MBD3L1,0.397625579
MBD3L2,-0.027446443
MBD3L2B,-0.027446443
MBD3L3,0.089968065
MBD3L4,0.079736665
MBD3L5,0.079736665
MBD4,-0.075200846
MBD5,0.576663327
MBD6,-0.037233025
MBIP,0.347004833
MBL2,-0.02161504
MBLAC1,0.42491947
MBLAC2,0.504376104
MBNL1,-0.40417455
MBNL2,0.045620284
MBNL3,-0.322217177
MBOAT1,-0.033521572
MBOAT2,0.066143651
MBOAT4,0.108547369
MBOAT7,-0.589860402
MBP,-0.187850944
MBTD1,-0.165821978
MBTPS1,0.696088368
MBTPS2,-0.156502431
MC1R,0.322213987
MC2R,0.047704943
MC3R,0.459170616
MC4R,-0.230829557
MC5R,0.134468421
MCAM,0.09106494
MCAT,0.074279968
MCC,0.318791662
MCCC1,-0.269985854
MCCC2,-0.109441732
MCCD1,-0.016416055
MCEE,-0.727175491
MCEMP1,-0.350477743
MCF2,-0.216833306
MCF2L,0.118523571
MCF2L2,-0.061996394
MCFD2,0.366256604
MCHR1,-0.204734223
MCHR2,-0.440043653
MCIDAS,0.624410856
MCL1,-0.882618124
MCM10,0.859989348
MCM2,0.554798426
MCM3,-0.026156544
MCM3AP,-0.065623968
MCM4,0.231609537
MCM5,-0.135316361
MCM6,0.367739297
MCM7,0.998642313
MCM8,0.691893269
MCM9,0.67857635
MCMBP,-0.573586729
MCMDC2,0.118506203
MCOLN1,-0.535080345
MCOLN2,-0.04161516
MCOLN3,-0.52677346
MCPH1,-0.569386786
MCRIP1,0.262943425
MCRIP2,-0.216259071
MCRS1,0.691647116
MCTP1,-0.339970818
MCTP2,0.241409059
MCTS1,0.559145553
MCU,0.075529654
MCUB,0.662699369
MCUR1,-0.414664129
MDC1,-0.212495425
MDFI,-0.202891326
MDFIC,0.095107755
MDGA1,0.458993162
MDGA2,0.299773309
MDH1,0.213070234
MDH1B,0.530964445
MDH2,-0.024054041
MDK,-0.112755431
MDM1,-0.179536392
MDM2,0.283311163
MDM4,-0.01981028
MDN1,0.494365284
MDP1,0.37525782
ME1,-0.514891876
ME2,-0.414864492
ME3,0.003836479
MEA1,-0.397831985
MEAF6,-0.006619542
MEAK7,-0.205994172
MECOM,-0.141771558
MECP2,-0.164441797
MECR,0.171353737
MED1,0.207074463
MED10,0.317506769
MED11,0.790616119
MED12,-1.025728819
MED12L,0.023893332
MED13,-0.677211546
MED13L,-0.063433768
MED14,0.180656712
MED14OS,-0.117178616
MED15,0.267639936
MED16,-0.095969156
MED17,0.071111132
MED18,0.367881206
MED19,-0.448725552
MED21,0.461449822
MED22,0.841936729
MED23,0.195248034
MED24,-0.292657789
MED25,-0.308141111
MED26,-0.062930677
MED27,-0.837785799
MED28,0.0330852
MED29,0.458689928
MED30,0.300950592
MED31,0.041810886
MED4,0.138455006
MED6,0.212722747
MED7,0.314991212
MED8,1.102284658
MED9,0.146004431
MEDAG,-0.106909005
MEF2A,-0.745664983
MEF2B,0.229809322
MEF2C,0.460773382
MEF2D,0.06389482
MEFV,0.439336487
MEGF10,-0.29289421
MEGF11,-0.285662465
MEGF6,0.316017227
MEGF8,0.607675164
MEGF9,0.535445482
MEI1,-0.120701366
MEI4,0.086016658
MEIG1,0.273730377
MEIKIN,-0.105424791
MEIOB,0.084294442
MEIOC,-0.798882641
MEIS1,-0.024200513
MEIS2,-0.640629689
MEIS3,0.089231404
MELK,0.700419729
MELTF,0.467420322
MEMO1,0.304712686
MEN1,0.050430128
MEOX1,0.400598766
MEOX2,0.070820009
MEP1A,0.070008415
MEP1B,-0.212045121
MEPCE,-0.295375981
MEPE,0.329168555
MERTK,-0.311402214
MESD,0.148168742
MESP1,-0.172575299
MESP2,0.079941822
MEST,-0.292139742
MET,-0.386996702
METAP1,0.085449452
METAP1D,0.579777216
METAP2,0.190595546
METRN,-0.093389054
METRNL,0.605393713
METTL1,-0.045058189
METTL11B,0.0483676
METTL14,-0.62473118
METTL15,-0.071131675
METTL16,0.500227544
METTL17,-0.040342192
METTL18,-0.28962802
METTL21A,-0.457649755
METTL21C,0.206066204
METTL22,0.505724364
METTL23,0.011479747
METTL24,0.379390532
METTL25,0.331669166
METTL26,1.237125744
METTL27,-0.007206492
METTL2A,0.38476011
METTL2B,0.151870948
METTL3,0.813654464
METTL4,0.30348762
METTL5,-0.308962806
METTL6,0.110258618
METTL7A,0.42656252
METTL7B,0.693811618
METTL8,0.048681277
METTL9,-0.027801062
MEX3A,-0.480413777
MEX3B,-0.111958223
MEX3C,-0.114759831
MEX3D,0.095170794
MFAP1,0.485551331
MFAP2,0.655423842
MFAP3,0.274751973
MFAP3L,-0.569840576
MFAP4,-0.486995058
MFAP5,-0.340047315
MFF,0.18823836
MFGE8,-0.276074469
MFHAS1,0.053293816
MFN1,0.559945403
MFN2,0.306761764
MFNG,-0.236672153
MFRP,-0.277381887
MFSD1,-0.578836207
MFSD10,0.262650072
MFSD11,0.448079539
MFSD12,0.315160361
MFSD13A,-0.002339543
MFSD14A,0.251682903
MFSD14B,-0.717543074
MFSD2A,0.185837284
MFSD2B,-0.128950327
MFSD3,0.380169017
MFSD4A,-0.257904189
MFSD4B,0.28939098
MFSD5,0.199573229
MFSD6,-0.194888325
MFSD6L,0.193779407
MFSD8,0.412721536
MFSD9,-0.049723368
MGA,0.40246937
MGAM,-0.343409991
MGAM2,0.35526578
MGARP,0.083436039
MGAT1,0.541877165
MGAT2,0.3024565
MGAT3,-0.232735042
MGAT4A,0.645290928
MGAT4B,-0.525522086
MGAT4C,-0.122746887
MGAT4D,0.133665033
MGAT5,0.34197049
MGAT5B,-0.145628237
MGEA5,-0.537259796
MGLL,-0.015300933
MGME1,-0.587405276
MGMT,0.050287632
MGP,-0.355183067
MGRN1,0.651438159
MGST1,0.106499422
MGST2,0.82965871
MGST3,0.125675788
MIA,-0.04763873
MIA-RAB4B,0.166541096
MIA2,-0.352703773
MIA3,0.38244006
MIB1,-0.550956524
MIB2,0.486958641
MICA,-0.348001193
MICAL1,0.541839101
MICAL2,-0.607365801
MICAL3,0.483821685
MICALCL,0.085183283
MICALL1,-1.336054459
MICALL2,-0.536515471
MICB,0.627471828
MICOS10,-0.085377727
MICOS10-NBL1,0.275194445
MICOS13,0.161513366
MICU1,0.3091881
MICU2,0.553883614
MICU3,0.068481554
MID1,-0.054665857
MID1IP1,0.06171114
MID2,0.024175359
MIDN,0.515067922
MIEF1,-0.534599264
MIEF2,0.226934619
MIEN1,0.007047543
MIER1,0.279980468
MIER2,-0.633626383
MIER3,0.344737595
MIF,0.082809983
MIF-AS1,0.082809983
MIF4GD,-0.239499777
MIGA1,0.658330476
MIGA2,0.085431011
MIIP,0.471618002
MILR1,-0.215848804
MINAR1,-0.459399857
MINAR2,-0.340155432
MINDY1,-0.040720228
MINDY2,0.070759343
MINDY3,-0.426379785
MINDY4,1.070641067
MINK1,0.345357828
MINPP1,0.396236887
MIOS,-0.382774165
MIOX,-0.713258504
MIP,-0.490885896
MIPEP,-0.052677862
MIPOL1,-0.194458462
MIR1-1HG,-0.266352609
MIR1915HG,-0.164206569
MIR205HG,0.035052493
MIS12,0.01962017
MIS18A,0.291559238
MIS18BP1,0.24898709
MISP,0.096362965
MISP3,0.250345793
MITD1,0.257657178
MITF,-0.14904788
MIXL1,-0.205357374
MKI67,-0.050880632
MKKS,0.205503563
MKL2,-0.273056806
MKLN1,0.419776505
MKNK1,-0.036964079
MKNK2,0.065352608
MKRN1,0.069354698
MKRN2,-0.021590531
MKRN2OS,-0.20724866
MKRN3,-0.542081644
MKS1,0.192736531
MKX,0.03359551
MLANA,0.48505167
MLC1,-0.105163575
MLEC,0.185862991
MLF1,-0.653471965
MLF2,0.127008129
MLH1,0.230192931
MLH3,-0.001015339
MLIP,0.324584375
MLKL,-0.180164057
MLLT1,0.548479906
MLLT10,0.33490688
MLLT11,-0.192321473
MLLT3,0.146276196
MLLT6,-0.781032415
MLN,0.064716539
MLNR,0.126870308
MLPH,0.517119224
MLST8,0.503952192
MLX,-0.359864786
MLXIP,0.220542864
MLXIPL,0.198691874
MLYCD,-0.050174739
MMAA,0.123313832
MMAB,0.258751262
MMACHC,0.340779503
MMADHC,0.320218823
MMD,-0.080302137
MMD2,-0.339759502
MME,0.23254823
MMEL1,-0.345746835
MMGT1,0.50840264
MMP1,-0.046634979
MMP10,0.419839297
MMP11,-0.287711898
MMP12,0.385828668
MMP13,0.169808294
MMP14,0.673120626
MMP15,0.16562962
MMP16,0.118089419
MMP17,0.017943242
MMP19,-0.123830123
MMP2,-0.112283723
MMP20,0.279396141
MMP21,-0.061549527
MMP23A,-0.072046748
MMP23B,-0.013073684
MMP24,-0.012308929
MMP24-AS1-EDEM2,0.557754394
MMP25,0.156683133
MMP26,-0.208302783
MMP27,-0.028233058
MMP28,-0.894040745
MMP3,0.581702539
MMP7,-0.463648311
MMP8,0.042176227
MMP9,0.092719438
MMRN1,-0.162473831
MMRN2,0.515113705
MMS19,-0.645197108
MMS22L,0.334506058
MMUT,-0.255213394
MN1,0.276511213
MNAT1,0.033082745
MND1,0.110803758
MNDA,-0.023225738
MNS1,0.068034832
MNT,-0.121607599
MNX1,-0.39800151
MOAP1,-0.648279552
MOB1A,0.102368116
MOB1B,-0.169432643
MOB2,0.058476376
MOB3A,0.209086556
MOB3B,-0.063048605
MOB3C,0.202549146
MOB4,0.012490118
MOBP,-0.299570439
MOCOS,-0.291608645
MOCS1,0.620741063
MOCS2,-0.002463773
MOCS3,-0.956538292
MOG,-0.329069888
MOGAT1,-0.177457622
MOGAT2,-0.556086118
MOGAT3,0.031194012
MOGS,0.381320262
MOK,0.275390515
MON1A,-0.194810539
MON1B,0.106155082
MON2,-0.052859195
MORC1,0.160816705
MORC2,0.159218691
MORC3,-0.556933737
MORC4,-0.684456298
MORF4L1,-0.131048321
MORF4L2,-0.699983178
MORN1,0.491295
MORN2,0.267156295
MORN3,-0.070932177
MORN4,0.190068655
MORN5,-0.584976242
MOS,0.058656275
MOSMO,0.427608198
MOSPD1,0.142947926
MOSPD2,-0.479275436
MOSPD3,0.014282583
MOV10,-0.194152055
MOV10L1,-0.054916477
MOXD1,-0.710437803
MPC1,-0.229148985
MPC1L,-0.085073606
MPC2,-0.577520357
MPDU1,0.1665536
MPDZ,-0.070542936
MPEG1,0.114499524
MPG,-0.508912111
MPHOSPH10,-0.258529678
MPHOSPH6,-0.158169095
MPHOSPH8,-0.168687842
MPHOSPH9,-0.062502593
MPI,-0.15567885
MPIG6B,0.638431681
MPL,0.164949263
MPLKIP,-1.006592986
MPND,-0.094219113
MPO,0.038847801
MPP1,0.183950421
MPP2,0.185709399
MPP3,0.31465111
MPP4,0.029415072
MPP5,-0.22221826
MPP6,-0.332348354
MPP7,-0.33835427
MPPE1,-0.441066937
MPPED1,0.128058181
MPPED2,0.544834992
MPRIP,-0.461115738
MPST,0.265648288
MPV17,-0.726909732
MPV17L,-0.251744012
MPV17L2,-0.587238725
MPZ,-0.058379007
MPZL1,0.816332225
MPZL2,-0.206324694
MPZL3,-0.08252028
MR1,0.600408695
MRAP,0.141194389
MRAP-AS1,-0.266227382
MRAP2,-0.001408228
MRAS,-0.235651256
MRC1,0.487007134
MRC2,0.485430278
MRE11,-0.367936167
MREG,-0.382594871
MRFAP1,0.015720827
MRFAP1L1,0.115765291
MRGBP,-0.14954299
MRGPRD,-0.21552241
MRGPRE,0.244645384
MRGPRF,-0.157273096
MRGPRG,0.242757932
MRGPRX1,0.122467881
MRGPRX2,-0.317993353
MRGPRX3,-0.44201286
MRGPRX4,0.128115557
MRI1,-0.475396861
MRLN,-0.368393617
MRM1,0.1375657
MRM2,0.238933023
MRM3,-0.708696387
MRNIP,0.260860499
MRO,-0.414719356
MROH1,0.442591263
MROH2A,0.234843497
MROH2B,0.197714178
MROH5,0.084077092
MROH6,-0.21706075
MROH7,0.261498242
MROH7-TTC4,-0.099403082
MROH8,0.193577914
MROH9,0.211352726
MRPL1,0.205884132
MRPL10,-0.5861874
MRPL11,-0.356849947
MRPL12,-0.254986732
MRPL13,-0.263904527
MRPL14,0.295619305
MRPL15,0.090765342
MRPL16,-0.422830549
MRPL17,0.146274507
MRPL18,-0.352823491
MRPL19,0.552347689
MRPL2,0.046072435
MRPL20,0.566776575
MRPL21,0.050999892
MRPL22,0.075695655
MRPL23,-0.559538091
MRPL24,-0.174476847
MRPL27,-0.568635531
MRPL28,0.391770805
MRPL3,0.265689165
MRPL30,0.00672828
MRPL32,0.933602838
MRPL33,0.084110791
MRPL34,0.566781411
MRPL35,-0.22326628
MRPL36,0.232733565
MRPL37,0.143022547
MRPL38,0.011713145
MRPL39,0.117200447
MRPL4,0.434638766
MRPL40,0.140159331
MRPL41,-0.190243263
MRPL42,-0.233255707
MRPL43,-0.139375885
MRPL44,-0.05046583
MRPL45,0.263238079
MRPL46,0.150871259
MRPL47,0.540657668
MRPL48,0.357390033
MRPL49,0.114424619
MRPL50,-0.049861754
MRPL51,0.514568016
MRPL52,0.172406233
MRPL53,0.55893317
MRPL54,0.032592431
MRPL55,-0.045849735
MRPL57,0.055828905
MRPL58,-0.533562378
MRPL9,-0.139350472
MRPS10,0.329464676
MRPS11,-0.057724915
MRPS12,-0.265007162
MRPS14,-0.017291195
MRPS15,-0.176241359
MRPS16,0.028327682
MRPS17,-0.19287503
MRPS18A,-0.366153897
MRPS18B,0.455337827
MRPS18C,0.505383973
MRPS2,0.077276935
MRPS21,-0.161226285
MRPS22,-0.109706242
MRPS23,0.276363805
MRPS24,-0.696769506
MRPS25,0.08529034
MRPS26,0.059623839
MRPS27,0.2413098
MRPS28,-0.26051492
MRPS30,0.028105451
MRPS31,0.41466636
MRPS33,0.262194316
MRPS34,0.001213476
MRPS35,0.035793571
MRPS36,-0.130147203
MRPS5,-0.85409678
MRPS6,-0.355419729
MRPS7,-0.080573297
MRPS9,-0.139041887
MRRF,0.293813549
MRS2,-0.009824667
MRTFA,0.168793305
MRTO4,0.728591102
MRVI1,-0.223607163
MS4A1,0.395649595
MS4A10,0.357245518
MS4A12,-0.585088586
MS4A13,-0.014580508
MS4A14,0.212066079
MS4A15,0.016225737
MS4A2,0.42892015
MS4A3,0.200113502
MS4A4A,0.938573268
MS4A5,0.197606889
MS4A6A,0.209839481
MS4A6E,0.31359729
MS4A7,0.150451121
MS4A8,-0.685201525
MSANTD1,0.337944576
MSANTD2,-0.369686377
MSANTD3,0.21729089
MSANTD3-TMEFF1,0.160040489
MSANTD4,0.187951822
MSC,-0.669240572
MSGN1,-0.14997162
MSH2,0.628609072
MSH3,0.132827755
MSH4,0.227197279
MSH5,0.203787597
MSH5-SAPCD1,0.358502452
MSH6,-0.090001142
MSI1,0.033137268
MSI2,0.346893101
MSL1,0.110643638
MSL2,-0.38663031
MSL3,0.19810658
MSLN,2.711010913
MSMB,0.272180553
MSMO1,0.030274393
MSMP,-0.328301883
MSN,-0.716727954
MSR1,-0.57010636
MSRA,0.183379397
MSRB1,-0.372782698
MSRB2,-0.01526153
MSRB3,-0.092853366
MSS51,0.014487194
MST1,-0.114084731
MST1L,-0.169886106
MST1R,0.698781358
MSTN,0.370557507
MSTO1,-0.723349069
MSTO2P,-0.882665026
MSX1,0.6531341
MSX2,0.142969297
MT1A,-0.240513246
MT1B,-0.153067522
MT1E,-0.241152853
MT1F,0.642426028
MT1G,0.467993623
MT1H,-0.068604583
MT1HL1,0.382912753
MT1JP,-0.383959611
MT1M,-0.335042005
MT1X,-0.007873401
MT1XP1,-0.163398121
MT2A,0.145431664
MT3,-0.528289398
MT4,0.147830712
MTA1,0.269143239
MTA2,0.396296208
MTA3,-0.028299377
MTAP,0.012303609
MTBP,0.185873937
MTCH1,0.395910018
MTCH2,0.480272012
MTCL1,0.075031536
MTCP1,0.298341798
MTDH,0.021594883
MTERF1,-0.446766157
MTERF2,-0.096222198
MTERF3,-0.099031044
MTERF4,-0.141939355
MTF1,-0.072909775
MTF2,0.149185091
MTFMT,-0.173824552
MTFP1,-0.288697966
MTFR1,-0.363243505
MTFR1L,0.046525892
MTFR2,-0.261967783
MTG1,-0.226211356
MTG2,-0.348450399
MTHFD1,0.32873383
MTHFD1L,0.200976631
MTHFD2,-0.162164981
MTHFD2L,0.677642392
MTHFR,0.282799901
MTHFS,-0.041169196
MTHFSD,0.261514679
MTIF2,-0.07222194
MTIF3,0.011327744
MTM1,-0.235505117
MTMR1,-0.273187053
MTMR10,-0.369834258
MTMR11,0.171249344
MTMR12,0.577585154
MTMR14,-0.470073283
MTMR2,0.328977946
MTMR3,-0.437263962
MTMR4,-0.565325545
MTMR6,-0.277185038
MTMR7,0.731371395
MTMR8,-0.351163787
MTMR9,-0.072500536
MTNR1A,-0.218806135
MTNR1B,-0.304177946
MTO1,-0.556948143
MTOR,-0.101305667
MTPAP,0.317337297
MTPN,0.590374278
MTR,0.664490885
MTRES1,-0.093364604
MTREX,-0.139382367
MTRF1,-0.041447099
MTRF1L,0.097753946
MTRNR2L1,-0.037948022
MTRNR2L10,-0.009172457
MTRNR2L2,-0.843628771
MTRNR2L3,-0.316824232
MTRNR2L4,-0.572617154
MTRNR2L5,-0.292329853
MTRNR2L6,0.118571561
MTRNR2L7,-0.363067955
MTRNR2L8,-0.177459827
MTRNR2L9,-0.006595793
MTRR,-0.117103424
MTSS1,-0.178855756
MTSS2,-0.096416493
MTTP,0.631402371
MTURN,0.210999322
MTUS1,-0.493728982
MTUS2,0.004169055
MTX1,0.414725607
MTX2,0.627000813
MTX3,0.375684306
MUC1,0.559324642
MUC12,0.548419695
MUC13,0.435134147
MUC15,-0.304504872
MUC16,-0.529829514
MUC17,-1.008137315
MUC20,-0.416406494
MUC20P1,-0.416406494
MUC21,0.190410314
MUC22,0.580282819
MUC3A,-0.315470463
MUC4,0.101593177
MUC5AC,-0.270528082
MUC5B,-0.600056235
MUC6,-0.097753419
MUC7,-0.254752413
MUCL1,-0.476716734
MUCL3,0.382441022
MUL1,0.151433881
MUS81,0.041713291
MUSK,0.431858045
MUSTN1,0.082989043
MUTYH,0.656236559
MVB12A,0.059168344
MVB12B,0.188143818
MVD,0.33743098
MVK,0.076013266
MVP,0.07799864
MX1,-0.1577401
MX2,-0.286082234
MXD1,0.421212379
MXD3,-0.048114192
MXD4,0.361310216
MXI1,0.329313891
MXRA5,-0.566469304
MXRA7,0.393185962
MXRA8,-0.12905746
MYADM,-0.117730889
MYADML2,0.199597601
MYB,0.168939424
MYBBP1A,0.159201747
MYBL1,-0.381355322
MYBL2,0.121166531
MYBPC1,0.254639641
MYBPC2,-0.071050859
MYBPC3,-0.188559949
MYBPH,-0.234959446
MYBPHL,0.308339132
MYC,0.199860848
MYCBP,0.454487221
MYCBP2,-0.334583581
MYCBPAP,-0.224559134
MYCL,0.111762189
MYCN,0.616228198
MYCNOS,0.907996337
MYCT1,-0.066915342
MYD88,0.074451189
MYDGF,0.204151387
MYEF2,0.256569242
MYEOV,-0.352564475
MYF5,-0.166755332
MYF6,0.362594156
MYH1,0.062935949
MYH10,-0.154628125
MYH11,0.30888764
MYH13,0.059233774
MYH14,-0.038931933
MYH15,-0.132157087
MYH2,0.46538597
MYH3,0.172325634
MYH4,0.484602573
MYH6,0.507336471
MYH7,0.681844322
MYH7B,-0.533551384
MYH8,-0.308360254
MYH9,-0.854170004
MYL1,-0.10185351
MYL10,0.058248029
MYL12A,0.606260462
MYL12B,0.664392781
MYL12BP1,0.873490508
MYL2,-0.031321005
MYL3,0.419437372
MYL4,0.063208781
MYL5,-0.52442725
MYL6,-0.00660739
MYL6B,0.103148651
MYL7,-0.15317111
MYL9,-0.379379682
MYLIP,-0.011772635
MYLK,-0.574923921
MYLK2,0.002398064
MYLK3,0.144858496
MYLK4,0.415983573
MYLPF,-0.446967144
MYMK,-0.124782896
MYNN,-0.352260776
MYO10,-0.024234115
MYO15A,-0.39932007
MYO16,-0.030563369
MYO18A,0.400791079
MYO18B,-0.067285289
MYO19,0.146101689
MYO1A,-0.375062558
MYO1B,-0.280082936
MYO1C,-0.211428838
MYO1D,-0.060517822
MYO1E,0.23450723
MYO1F,-0.928634236
MYO1G,0.036890339
MYO1H,-0.256249502
MYO3A,0.052452884
MYO3B,0.183947986
MYO5A,0.19833277
MYO5B,-0.125343851
MYO5C,0.135368086
MYO6,0.415537444
MYO7A,-0.055839331
MYO7B,0.420586689
MYO9A,-0.223286962
MYO9B,0.28940904
MYOC,-0.208392822
MYOCD,0.477444549
MYOD1,-0.45277641
MYOF,0.313771656
MYOG,-0.039730404
MYOM1,-0.37949374
MYOM2,-0.525493633
MYOM3,-0.256162071
MYORG,0.419193763
MYOT,-0.253080098
MYOZ1,0.009356117
MYOZ2,0.268046691
MYOZ3,-0.47833072
MYPN,1.088749042
MYPOP,0.175390811
MYRF,0.274481743
MYRIP,-0.345300747
MYSM1,-0.128327526
MYT1,-0.037398859
MYT1L,-0.540280059
MYZAP,-0.154189014
MZB1,0.462450691
MZF1,0.260040102
MZT1,0.438380279
MZT2A,0.113397815
MZT2B,0.047131802
N4BP1,-0.067774649
N4BP2,-0.060721924
N4BP2L1,-0.351586573
N4BP2L2,-0.171344708
N4BP3,0.056486176
N6AMT1,0.749749235
NAA10,0.83306379
NAA11,-0.124789137
NAA15,0.625139206
NAA16,-0.603681643
NAA20,0.026912316
NAA25,-0.150489039
NAA30,-0.312924001
NAA35,-0.007069738
NAA38,-0.250966672
NAA40,0.460559518
NAA50,-0.59250305
NAA60,-0.10170948
NAA80,-0.442370878
NAAA,0.151024726
NAALAD2,0.182475084
NAALADL1,0.145176036
NAALADL2,0.238983333
NAB1,0.156169949
NAB2,0.141720354
NABP1,0.126736183
NABP2,-0.144158586
NACA,0.158284581
NACA2,-0.21275651
NACAD,0.952390311
NACC1,0.561624934
NACC2,0.014589462
NADK,-0.610179903
NADK2,-0.757409508
NADSYN1,-0.280610659
NAE1,0.105099848
NAF1,0.602688673
NAGA,-0.397945245
NAGK,0.014509706
NAGLU,-0.314358502
NAGPA,-0.106734813
NAGS,0.728069957
NAIF1,0.154223336
NAIP,-0.205405643
NAIPP4,-0.803912465
NALCN,0.166920125
NAMPT,-1.298289545
NANOG,0.049919145
NANOGNB,0.773811456
NANOGP8,-0.039014258
NANOS1,0.252975776
NANOS2,-0.552840024
NANOS3,-0.470686105
NANP,0.058180425
NANS,-0.589570393
NAP1L1,-0.024950633
NAP1L2,-0.167742566
NAP1L3,-0.328465827
NAP1L4,0.267508625
NAP1L5,-0.590589285
NAPA,0.084998665
NAPB,-0.362648946
NAPEPLD,-0.054106654
NAPG,-0.454059882
NAPRT,0.515447588
NAPSA,-0.037659901
NARF,-0.410851902
NARS,0.110987402
NARS2,-0.125854263
NASP,0.146719858
NAT1,-0.765119289
NAT10,0.780362659
NAT14,-0.179137716
NAT16,-0.192072397
NAT2,-0.30140047
NAT8,0.019802965
NAT8B,0.093339202
NAT8L,0.192493474
NATD1,0.036892798
NAV1,0.256914194
NAV2,-0.080097524
NAV3,0.505204931
NAXD,0.401155081
NAXE,-0.098734315
NBAS,0.042284336
NBEA,-0.463141321
NBEAL1,0.117244284
NBEAL2,0.36183198
NBL1,0.275194445
NBN,-0.31417933
NBPF1,0.230605644
NBPF10,-0.005050776
NBPF11,0.339116941
NBPF12,0.112657376
NBPF14,0.142436818
NBPF15,0.194255768
NBPF19,0.166588996
NBPF20,0.542795167
NBPF22P,0.101383918
NBPF25P,0.252148211
NBPF26,-0.036263864
NBPF3,0.10516576
NBPF4,0.143458886
NBPF5P,0.078458284
NBPF6,0.143458886
NBPF7,0.211116686
NBPF8,0.182515221
NBPF9,0.003400527
NBR1,-0.006842198
NBR2,-0.455271557
NCALD,-0.018953934
NCAM1,-0.877543521
NCAM2,-0.342778238
NCAN,0.068705193
NCAPD2,0.670714987
NCAPD3,0.016040619
NCAPG,0.022872512
NCAPG2,0.07761756
NCAPH,0.407306313
NCAPH2,-0.074112049
NCBP1,0.151689719
NCBP2,-0.470620239
NCBP3,0.269174403
NCCRP1,0.271403646
NCDN,0.331004711
NCEH1,0.510780895
NCF1,0.29738652
NCF2,0.032182089
NCF4,0.118878065
NCK1,-0.129513757
NCK2,-0.257705623
NCKAP1,-0.313080655
NCKAP1L,-0.261819778
NCKAP5,0.528582687
NCKAP5L,0.614853972
NCKIPSD,0.151179891
NCL,0.817504257
NCLN,-0.139711185
NCMAP,0.404179348
NCOA1,-0.279618646
NCOA2,-0.38707007
NCOA3,-0.325309148
NCOA4,0.209058722
NCOA5,-0.341172008
NCOA6,-0.177562165
NCOA7,-0.398202292
NCOR1,0.271977778
NCOR2,0.378407932
NCR1,-0.323952308
NCR2,-0.135753229
NCR3,0.097368222
NCR3LG1,0.651830051
NCS1,-0.11912005
NCSTN,0.310294524
NDC1,0.117944958
NDC80,-0.1368708
NDE1,-0.155223377
NDEL1,-0.505530202
NDFIP1,-0.39921767
NDFIP2,0.143589073
NDN,0.359205196
NDNF,-0.446508423
NDOR1,0.084396592
NDP,-0.318953453
NDP-AS1,-0.69651796
NDRG1,0.196545659
NDRG2,0.380505427
NDRG3,-1.130398746
NDRG4,0.461617043
NDST1,0.183376819
NDST2,-0.117275031
NDST3,0.490924827
NDST4,-0.357524562
NDUFA1,-0.065743468
NDUFA10,-0.001958564
NDUFA11,0.169440753
NDUFA12,-0.424417719
NDUFA13,-0.029413126
NDUFA2,-0.055780631
NDUFA3,-0.058663824
NDUFA4,-0.126353185
NDUFA4L2,-0.679547181
NDUFA5,-0.111955013
NDUFA6,-0.091379147
NDUFA7,0.140636353
NDUFA8,-0.495106779
NDUFA9,0.377355423
NDUFAB1,0.62138336
NDUFAF1,-0.232709227
NDUFAF2,0.184255196
NDUFAF3,0.12075107
NDUFAF4,-0.118389581
NDUFAF5,-0.487588475
NDUFAF6,-0.673716195
NDUFAF7,-0.107955207
NDUFAF8,-0.610069162
NDUFB10,0.395745372
NDUFB11,-0.312887726
NDUFB2,0.211893401
NDUFB3,0.381856926
NDUFB4,-0.33356961
NDUFB5,0.525144811
NDUFB6,-0.700293167
NDUFB7,0.212337724
NDUFB8,-0.182757477
NDUFB9,0.013135853
NDUFC1,0.525559413
NDUFC2,0.153454008
NDUFC2-KCTD14,0.153454008
NDUFS1,0.26693337
NDUFS2,0.067823077
NDUFS3,0.911259874
NDUFS4,-0.444316849
NDUFS5,-0.30265448
NDUFS6,0.409520646
NDUFS7,-0.405647177
NDUFS8,-0.078190161
NDUFV1,0.05360721
NDUFV2,0.124339916
NDUFV3,-0.083131493
NEB,-1.260425499
NEBL,-0.513492936
NECAB1,0.163771173
NECAB2,0.187487075
NECAB3,0.238135946
NECAP1,-0.258762643
NECAP2,-0.17059629
NECTIN1,-0.434621541
NECTIN2,0.436873076
NECTIN3,-0.290687299
NECTIN4,0.271549722
NEDD1,0.376229157
NEDD4,0.067645567
NEDD4L,0.144116788
NEDD8,0.124981729
NEDD8-MDP1,0.270976115
NEDD9,-0.327095431
NEFH,0.361585521
NEFL,0.030805569
NEFM,-0.042886563
NEGR1,-0.127062589
NEIL1,-0.279780765
NEIL2,-0.068574818
NEIL3,0.272628336
NEK1,-0.163878387
NEK10,0.256244284
NEK11,-0.132969229
NEK2,-0.059001794
NEK3,0.238340827
NEK4,0.576501906
NEK5,-0.012676605
NEK6,0.226666528
NEK7,0.14446091
NEK8,0.139112313
NEK9,-0.196919867
NELFA,0.27027245
NELFB,-0.660519087
NELFCD,-0.338949701
NELFE,-0.984931764
NELL1,0.151806888
NELL2,0.289201308
NEMF,-0.051586084
NEMP1,-0.434166926
NEMP2,0.249286493
NENF,-0.02509747
NEO1,-0.207629448
NEPRO,0.865470649
NES,-0.213350091
NET1,0.490729159
NETO1,0.249648069
NETO2,-0.506701442
NEU1,-0.078432178
NEU2,-0.058484966
NEU3,0.285349388
NEU4,0.081721069
NEURL1,0.541894597
NEURL1B,0.398905932
NEURL2,-0.259948374
NEURL3,0.442899927
NEURL4,0.487292863
NEUROD1,0.220482046
NEUROD2,0.187419386
NEUROD4,0.183069177
NEUROD6,0.508140376
NEUROG1,-0.239665818
NEUROG2,-0.566396898
NEUROG3,-0.24049203
NEXMIF,0.00163667
NEXN,0.583864696
NF1,-0.092055379
NF2,0.149169938
NFAM1,-0.709888085
NFASC,0.643603764
NFAT5,-0.014007316
NFATC1,-0.014624094
NFATC2,0.308852514
NFATC2IP,-0.012836914
NFATC3,0.749957729
NFATC4,-0.065502224
NFE2,0.339791533
NFE2L1,0.15618446
NFE2L2,-0.499928994
NFE2L3,0.03366139
NFE4,0.48321811
NFIA,0.257871029
NFIB,0.164967122
NFIC,0.167890996
NFIL3,-0.092862236
NFIX,0.02504289
NFKB1,0.321915878
NFKB2,-0.728958424
NFKBIA,-0.422564676
NFKBIB,-0.508037575
NFKBID,-0.338077025
NFKBIE,-0.096908817
NFKBIL1,0.155738715
NFKBIZ,-0.376311331
NFRKB,-0.035612046
NFS1,0.303199587
NFU1,-0.202221394
NFX1,0.598673559
NFXL1,0.485101355
NFYA,0.112691549
NFYB,-0.608689021
NFYC,0.500765819
NGB,-0.027181047
NGDN,0.194187476
NGEF,0.279914736
NGF,0.328671143
NGFR,0.147291007
NGLY1,-0.044732438
NGRN,0.043699209
NHEJ1,0.35885476
NHLH1,0.217851775
NHLH2,-0.195333286
NHLRC1,-0.233228159
NHLRC2,-0.025606581
NHLRC3,0.131749716
NHLRC4,0.278455426
NHP2,0.355915665
NHS,0.078768958
NHSL1,0.330107855
NHSL2,-0.256785708
NIBAN1,-0.615592881
NIBAN2,-0.050573872
NIBAN3,0.504504993
NICN1,-0.227344727
NID1,-0.290265712
NID2,0.511675168
NIF3L1,-0.459485304
NIFK,-0.026112517
NIM1K,-0.48383118
NIN,0.050442872
NINJ1,-0.401525824
NINJ2,-0.026927256
NINL,0.154722607
NIP7,0.865272033
NIPA1,-0.045963726
NIPA2,0.512669373
NIPAL1,0.077336574
NIPAL2,-0.179904835
NIPAL3,-0.325519717
NIPAL4,0.239744068
NIPBL,0.054114269
NIPSNAP1,0.174329625
NIPSNAP2,0.00819194
NIPSNAP3A,-0.189698271
NIPSNAP3B,0.219906015
NISCH,0.250063365
NIT1,0.573858893
NIT2,-0.417572062
NKAIN1,-0.067043305
NKAIN2,-0.573840008
NKAIN3,0.15735433
NKAIN4,-0.048515186
NKAP,0.533630993
NKAPD1,0.534382693
NKAPL,0.107313483
NKD1,-0.019330161
NKD2,-0.118415566
NKG7,-0.132764706
NKIRAS1,0.067029193
NKIRAS2,0.207245436
NKPD1,-0.431078292
NKRF,-0.068386602
NKTR,-0.279269448
NKX1-1,0.668058379
NKX1-2,-0.609177503
NKX2-1,-0.326070712
NKX2-2,0.388442622
NKX2-3,-0.20237944
NKX2-4,-0.207420352
NKX2-5,-0.027596776
NKX2-6,0.376753663
NKX2-8,0.260333245
NKX3-1,0.146335048
NKX3-2,0.358036394
NKX6-1,-0.744306165
NKX6-2,-0.600830277
NKX6-3,-0.184890314
NLE1,-0.19400082
NLGN1,-0.060705466
NLGN2,-0.746927775
NLGN3,0.108043813
NLGN4X,-0.108868753
NLGN4Y,-0.189295176
NLK,0.239392611
NLN,0.087382713
NLRC3,-0.35545884
NLRC4,0.330434131
NLRC5,0.218536237
NLRP1,0.042929272
NLRP10,0.10120795
NLRP11,0.106955204
NLRP12,0.024621574
NLRP13,0.457860613
NLRP14,0.711721005
NLRP2,0.540986833
NLRP3,0.292194445
NLRP4,0.291084807
NLRP5,0.371865533
NLRP6,-0.129974596
NLRP7,-0.471481951
NLRP8,-0.34662976
NLRP9,0.41347201
NLRX1,-0.081713763
NMB,-0.215831925
NMBR,0.38316703
NMD3,-0.802862928
NME1,-0.144927139
NME1-NME2,-0.124162959
NME2,-0.082634598
NME3,0.0700659
NME4,0.168725324
NME5,-0.299635431
NME6,0.295827446
NME7,-0.881909608
NME8,0.066456423
NME9,0.158493697
NMI,-0.463155098
NMNAT1,-1.520477018
NMNAT2,-0.332803504
NMNAT3,0.328453897
NMRK1,0.401712351
NMRK2,0.316763712
NMS,0.260629264
NMT1,0.732696259
NMT2,0.296197376
NMU,-0.257331936
NMUR1,-0.696546829
NMUR2,-0.033104188
NNAT,-0.626738319
NNMT,0.357615459
NNT,-0.204276738
NOA1,0.308171331
NOB1,0.080051287
NOBOX,-0.460922586
NOC2L,0.595061778
NOC3L,0.129564672
NOC4L,0.153591178
NOCT,0.326431153
NOD1,0.962608794
NOD2,-0.461972474
NODAL,-0.124643311
NOG,-0.247471308
NOL10,-0.408599532
NOL11,0.467661436
NOL12,-0.156063855
NOL3,0.321379887
NOL4,-0.294484512
NOL4L,-0.769513772
NOL6,0.137044477
NOL7,-0.752814881
NOL8,-0.43617703
NOL9,0.433504571
NOLC1,-0.225050453
NOM1,0.196830093
NOMO1,0.47267374
NOMO2,0.40420742
NOMO3,0.340758133
NONO,0.094875893
NOP10,-0.170942845
NOP14,0.715019833
NOP16,1.005863688
NOP2,-0.216188746
NOP53,-0.203788871
NOP56,0.489648229
NOP58,0.096164546
NOP9,0.261420164
NOS1,-0.150034858
NOS1AP,-0.894852701
NOS2,0.032941858
NOS3,0.267826513
NOSIP,-0.653269485
NOSTRIN,0.15712924
NOTCH1,-0.348692191
NOTCH2,-0.233611809
NOTCH2NLA,0.169757792
NOTCH2NLB,0.169757792
NOTCH2NLC,0.169757792
NOTCH2NLR,-0.0926183
NOTCH3,0.517078214
NOTCH4,-0.161334767
NOTO,-0.83577249
NOTUM,0.369976098
NOV,0.076993339
NOVA1,0.031423126
NOVA2,-0.157285763
NOX1,0.150056085
NOX3,-0.2010052
NOX4,-0.228804684
NOX5,-0.256585092
NOXA1,-0.033922257
NOXO1,-0.244684361
NOXRED1,0.212476687
NO_SITE_1,-0.065546726
NO_SITE_10,0.300131324
NO_SITE_100,-0.071416731
NO_SITE_101,0.379438319
NO_SITE_102,0.015084031
NO_SITE_103,-0.140475382
NO_SITE_104,0.275026077
NO_SITE_105,0.237014611
NO_SITE_106,-0.208271105
NO_SITE_107,0.019441365
NO_SITE_108,0.034459968
NO_SITE_109,-0.108117398
NO_SITE_11,0.05441254
NO_SITE_110,-0.086099371
NO_SITE_111,0.240844747
NO_SITE_112,0.552261705
NO_SITE_113,0.706766524
NO_SITE_114,0.223497308
NO_SITE_115,-0.027358943
NO_SITE_116,0.137406291
NO_SITE_117,0.218811564
NO_SITE_118,-0.533821584
NO_SITE_119,0.309167981
NO_SITE_12,0.09851909
NO_SITE_120,0.357245805
NO_SITE_121,-0.099873971
NO_SITE_122,-0.126579357
NO_SITE_123,0.43956353
NO_SITE_124,0.003834806
NO_SITE_125,-0.105096581
NO_SITE_126,0.40649032
NO_SITE_127,0.074980581
NO_SITE_128,-0.050715357
NO_SITE_129,-0.157889827
NO_SITE_13,0.035029319
NO_SITE_130,0.380991256
NO_SITE_131,0.715951073
NO_SITE_132,0.109547992
NO_SITE_133,0.247301148
NO_SITE_134,0.046109493
NO_SITE_135,-0.300117569
NO_SITE_136,0.162312703
NO_SITE_137,-0.011634882
NO_SITE_138,0.051011046
NO_SITE_139,0.315917077
NO_SITE_14,0.010289537
NO_SITE_140,0.12400701
NO_SITE_141,0.004029507
NO_SITE_142,0.369712568
NO_SITE_143,0.029105611
NO_SITE_144,-0.148987363
NO_SITE_145,0.320886894
NO_SITE_146,0.065688291
NO_SITE_147,-0.509431762
NO_SITE_148,-0.185856234
NO_SITE_149,0.310590245
NO_SITE_15,0.351954188
NO_SITE_150,-0.220261499
NO_SITE_151,-0.39111378
NO_SITE_152,0.066571278
NO_SITE_153,0.318808262
NO_SITE_154,0.071244034
NO_SITE_155,0.235683538
NO_SITE_156,-0.08444414
NO_SITE_157,0.054116994
NO_SITE_158,0.137622424
NO_SITE_159,0.147255295
NO_SITE_16,0.424187881
NO_SITE_160,0.41308224
NO_SITE_161,0.212583574
NO_SITE_162,-0.335297822
NO_SITE_163,0.089461751
NO_SITE_164,-0.012702936
NO_SITE_165,-0.045494466
NO_SITE_166,0.257695368
NO_SITE_167,0.257180241
NO_SITE_168,0.227341905
NO_SITE_169,0.228835844
NO_SITE_17,0.011763597
NO_SITE_170,0.025701611
NO_SITE_171,0.026162556
NO_SITE_172,-0.624150925
NO_SITE_173,0.071199579
NO_SITE_174,-0.060685433
NO_SITE_175,0.10415558
NO_SITE_176,-0.187124706
NO_SITE_177,-0.295500744
NO_SITE_178,0.130305208
NO_SITE_179,0.162532913
NO_SITE_18,0.167870075
NO_SITE_180,0.219774545
NO_SITE_181,0.190198657
NO_SITE_182,-0.108487181
NO_SITE_183,0.114405909
NO_SITE_184,-0.112761926
NO_SITE_185,0.074608807
NO_SITE_186,0.208579564
NO_SITE_187,0.431271924
NO_SITE_188,-0.071859687
NO_SITE_189,-0.217428233
NO_SITE_19,0.060710042
NO_SITE_190,-0.330146612
NO_SITE_191,0.082137245
NO_SITE_192,-0.127986976
NO_SITE_193,0.25027989
NO_SITE_194,0.01629966
NO_SITE_195,0.138134606
NO_SITE_196,0.56593548
NO_SITE_197,-0.358953368
NO_SITE_198,0.404303381
NO_SITE_199,0.034414416
NO_SITE_2,0.269451408
NO_SITE_20,-0.214012051
NO_SITE_200,0.229211779
NO_SITE_201,0.149319664
NO_SITE_202,0.471944556
NO_SITE_203,0.32090343
NO_SITE_204,0.131109176
NO_SITE_205,-0.184468528
NO_SITE_206,0.509536193
NO_SITE_207,-0.247034122
NO_SITE_208,-0.440072571
NO_SITE_209,0.486673007
NO_SITE_21,0.308728461
NO_SITE_210,0.075830437
NO_SITE_211,0.589801055
NO_SITE_212,0.19707418
NO_SITE_213,0.295603974
NO_SITE_214,0.42007149
NO_SITE_215,0.190911979
NO_SITE_216,0.143425453
NO_SITE_217,-0.051988288
NO_SITE_218,0.603969913
NO_SITE_219,-0.239729068
NO_SITE_22,0.168602357
NO_SITE_220,-0.048364529
NO_SITE_221,0.106442267
NO_SITE_222,-0.076212731
NO_SITE_223,0.175882659
NO_SITE_224,0.159390239
NO_SITE_225,0.336225704
NO_SITE_226,-0.013068239
NO_SITE_227,0.300674687
NO_SITE_228,0.291437307
NO_SITE_229,-0.062084411
NO_SITE_23,0.034389603
NO_SITE_230,0.040046248
NO_SITE_231,0.302496728
NO_SITE_232,0.31803986
NO_SITE_233,0.537994394
NO_SITE_234,-0.186136002
NO_SITE_235,-0.023131332
NO_SITE_24,0.355114618
NO_SITE_25,0.456437775
NO_SITE_26,0.315251485
NO_SITE_27,-0.190097286
NO_SITE_28,-0.194326959
NO_SITE_29,0.306425796
NO_SITE_3,-0.002811821
NO_SITE_30,-0.401159766
NO_SITE_31,0.192912404
NO_SITE_32,-0.183332222
NO_SITE_33,0.076884716
NO_SITE_34,-0.315736714
NO_SITE_35,0.989466231
NO_SITE_36,0.495496769
NO_SITE_37,0.009125393
NO_SITE_38,0.230107823
NO_SITE_39,0.446403035
NO_SITE_4,0.493317523
NO_SITE_40,-0.039895731
NO_SITE_41,0.051703575
NO_SITE_42,0.21513864
NO_SITE_43,0.080326995
NO_SITE_44,0.291398803
NO_SITE_45,-0.023806471
NO_SITE_46,-0.122294923
NO_SITE_47,0.293346856
NO_SITE_48,0.165330405
NO_SITE_49,0.313415128
NO_SITE_5,0.447978648
NO_SITE_50,0.187664514
NO_SITE_51,0.535674764
NO_SITE_52,0.374878316
NO_SITE_53,-0.043076481
NO_SITE_54,0.055252816
NO_SITE_55,0.604628559
NO_SITE_56,0.067957178
NO_SITE_57,0.193837295
NO_SITE_58,0.118021253
NO_SITE_59,-0.186642356
NO_SITE_6,0.1221988
NO_SITE_60,0.420366453
NO_SITE_61,-0.079286788
NO_SITE_62,-0.028293675
NO_SITE_63,0.119465989
NO_SITE_64,-0.135878202
NO_SITE_65,-0.404537438
NO_SITE_66,0.281906242
NO_SITE_67,0.182481614
NO_SITE_68,0.068821179
NO_SITE_69,0.222656709
NO_SITE_7,0.031437793
NO_SITE_70,-0.166883572
NO_SITE_71,-0.354426743
NO_SITE_72,-0.022836304
NO_SITE_73,0.007781486
NO_SITE_74,0.335805238
NO_SITE_75,0.326099849
NO_SITE_76,0.291165008
NO_SITE_77,-0.044738121
NO_SITE_78,0.126645337
NO_SITE_79,0.053864746
NO_SITE_8,0.441152236
NO_SITE_80,0.100712596
NO_SITE_81,-0.13919776
NO_SITE_82,0.13375126
NO_SITE_83,-0.072141174
NO_SITE_84,0.038102647
NO_SITE_85,-0.274781316
NO_SITE_86,0.352355776
NO_SITE_87,0.014816307
NO_SITE_88,0.251481898
NO_SITE_89,0.080780454
NO_SITE_9,0.046673257
NO_SITE_90,0.392558064
NO_SITE_91,0.206036937
NO_SITE_92,-0.252172842
NO_SITE_93,-0.10560246
NO_SITE_94,-0.207721291
NO_SITE_95,0.163891243
NO_SITE_96,0.143776547
NO_SITE_97,0.127795002
NO_SITE_98,-0.534534833
NO_SITE_99,-0.323481895
NPAP1,-0.675380406
NPAP1L,0.268913431
NPAS1,0.33644892
NPAS2,-0.157104068
NPAS3,0.035749237
NPAS4,-0.113194504
NPAT,-0.793238418
NPB,-0.088659369
NPBWR1,-0.433183356
NPBWR2,-0.001895354
NPC1,-0.168483473
NPC1L1,-0.063109191
NPC2,-0.096415863
NPDC1,-0.242027102
NPEPL1,0.255413163
NPEPPS,-0.28208745
NPFF,-0.018727917
NPFFR1,-0.165856675
NPFFR2,-0.066817573
NPHP1,0.13082521
NPHP3,-0.279050861
NPHP3-ACAD11,-0.256586847
NPHP4,0.059109146
NPHS1,0.468561431
NPHS2,-0.508208658
NPIPA1,0.455902318
NPIPA2,0.248561782
NPIPA3,0.248561782
NPIPA5,0.372299024
NPIPA7,0.155126889
NPIPA8,0.155126889
NPIPA9,0.394557268
NPIPB10P,0.111553993
NPIPB11,0.362779252
NPIPB12,0.335111497
NPIPB13,0.335111497
NPIPB15,0.073725335
NPIPB1P,0.327270752
NPIPB2,0.638658538
NPIPB3,0.285309003
NPIPB4,0.338026175
NPIPB5,0.285309003
NPIPB6,0.140700935
NPIPB7,0.055043585
NPIPB8,0.159674958
NPIPB9,0.159674958
NPIPP1,0.468280779
NPL,0.137601326
NPLOC4,-0.471797922
NPM1,-0.306902111
NPM1P21,-0.922163664
NPM1P37,-0.922163664
NPM1P40,-0.922163664
NPM2,0.170963924
NPM3,-0.383788445
NPNT,0.04953487
NPPA,0.308092526
NPPB,-0.289521171
NPPC,-0.07219882
NPR1,-0.006788883
NPR2,-0.327284924
NPR3,-0.263615516
NPRL2,0.118476702
NPRL3,-0.868561993
NPS,-0.333596948
NPSR1,0.036918352
NPTN,-0.781196859
NPTX1,0.181795053
NPTX2,-0.326018335
NPTXR,0.041462573
NPVF,0.071545519
NPW,-0.425294936
NPY,-0.540412386
NPY1R,0.25659495
NPY2R,0.066590092
NPY4R,0.59909668
NPY4R2,0.158251567
NPY5R,-0.085395616
NQO1,0.081594167
NQO2,-0.437163629
NR0B1,-0.018914002
NR0B2,0.097907802
NR1D1,-0.028440049
NR1D2,-0.482152604
NR1H2,-0.403004347
NR1H3,-0.014969217
NR1H4,-0.547947128
NR1I2,0.056699107
NR1I3,-0.107241502
NR2C1,-0.634282104
NR2C2,-0.189918765
NR2C2AP,0.09679079
NR2E1,0.457999446
NR2E3,0.434513767
NR2F1,0.353125933
NR2F2,-0.126288775
NR2F6,0.445860772
NR3C1,0.181352125
NR3C2,0.025663898
NR4A1,-0.322325425
NR4A2,0.392039287
NR4A3,0.226511806
NR5A1,-0.154640147
NR5A2,-0.081212562
NR6A1,-0.419486117
NRAP,0.540917392
NRARP,0.197699386
NRAS,0.046782396
NRBF2,0.154664652
NRBP1,-0.552668516
NRBP2,0.48625518
NRCAM,-0.438676853
NRDC,0.060209554
NRDE2,0.257784386
NREP,0.086966102
NRF1,0.349959198
NRG1,0.047696235
NRG2,0.3021778
NRG3,-0.387314842
NRG4,-0.181147233
NRGN,0.062126781
NRIP1,0.159804372
NRIP2,0.619591044
NRIP3,-0.811949894
NRK,0.15428522
NRL,0.553330018
NRM,-0.570321264
NRN1,-0.096726987
NRN1L,-0.195548693
NRP1,0.498581362
NRP2,-0.447711193
NRROS,-0.723244346
NRSN1,-0.35940105
NRSN2,-0.361813377
NRTN,0.466664171
NRXN1,-0.100836362
NRXN2,-0.146759669
NRXN3,0.044916389
NSA2,0.026880514
NSD1,0.283679015
NSD2,-0.367294724
NSD3,0.056174699
NSDHL,0.100974764
NSF,0.700100883
NSFL1C,-0.127954996
NSG1,-0.2125063
NSG2,0.443701264
NSL1,-0.757350519
NSMAF,-0.193603581
NSMCE1,-0.254633918
NSMCE2,0.780390744
NSMCE3,0.461593028
NSMCE4A,0.152630984
NSMF,0.150431402
NSRP1,0.233351898
NSUN2,0.413782102
NSUN3,-0.053045498
NSUN4,-0.099802216
NSUN5,-0.114416982
NSUN6,0.088003078
NSUN7,0.327032846
NT5C,0.149847218
NT5C1A,-0.034683064
NT5C1B,-0.49150903
NT5C1B-RDH14,-0.292339528
NT5C2,-0.101654857
NT5C3A,0.140413969
NT5C3B,-0.300227493
NT5DC1,-0.066701689
NT5DC2,0.045000237
NT5DC3,-0.17950074
NT5E,0.312961285
NT5M,-0.294710283
NTAN1,-0.026444643
NTF3,-0.91387206
NTF4,-0.684665281
NTHL1,-0.502749119
NTM,-0.396629452
NTMT1,0.134361939
NTN1,-0.196731233
NTN3,0.026820994
NTN4,-0.02384565
NTN5,-0.124643124
NTNG1,0.327903321
NTNG2,0.098689338
NTPCR,0.173345778
NTRK1,-0.256698003
NTRK2,0.105367251
NTRK3,-0.578222128
NTS,0.101040499
NTSR1,-0.082774187
NTSR2,-0.354238389
NUAK1,0.319747256
NUAK2,-0.218550128
NUB1,0.265337684
NUBP1,-0.756143813
NUBP2,0.282218588
NUBPL,-0.794092606
NUCB1,-0.141302326
NUCB2,0.162676077
NUCKS1,-0.223135537
NUDC,-0.372286855
NUDCD1,-0.152454146
NUDCD2,0.071463276
NUDCD3,-0.318809748
NUDT1,-0.006439908
NUDT10,0.172846523
NUDT11,-0.124827248
NUDT12,0.420666985
NUDT13,0.532740447
NUDT14,0.421483859
NUDT15,0.029484351
NUDT16,0.170506495
NUDT16L1,-0.209467633
NUDT17,-0.086371854
NUDT18,-0.237825496
NUDT19,0.054248743
NUDT2,-0.021373202
NUDT21,0.502140304
NUDT22,0.396938715
NUDT3,0.02871534
NUDT4,0.112295371
NUDT4B,0.112295371
NUDT4P2,0.112295371
NUDT5,0.44955189
NUDT6,0.372344651
NUDT7,0.165964256
NUDT8,0.242386118
NUDT9,-0.010661385
NUF2,0.699779597
NUFIP1,-0.422067652
NUFIP2,0.041843378
NUGGC,-0.051295125
NUMA1,0.355321846
NUMB,0.242270209
NUMBL,-0.13043028
NUP107,0.456875411
NUP133,-0.295501327
NUP153,-0.162635342
NUP155,0.421654541
NUP160,-0.009807907
NUP188,0.76148584
NUP205,0.801718139
NUP210,-0.546571208
NUP210L,0.324029038
NUP214,0.645202804
NUP35,-0.165026835
NUP37,-0.040326036
NUP42,0.191923071
NUP43,0.302217453
NUP50,0.411874784
NUP50P2,-0.202156822
NUP54,-0.507661124
NUP58,-0.175457478
NUP62,-0.43852845
NUP62CL,0.172746445
NUP85,0.181398405
NUP88,-0.127417496
NUP93,0.475554148
NUP98,0.681192902
NUPR1,-0.69149742
NUPR2,-0.359910384
NUS1,-0.295540629
NUS1P1,-0.144836052
NUSAP1,-0.39241009
NUTF2,0.410521817
NUTM1,0.183379337
NUTM2A,0.702216274
NUTM2B,0.583820361
NUTM2D,0.394182735
NUTM2E,0.583820361
NUTM2F,0.149754595
NUTM2G,0.122341967
NUTM2HP,0.762809876
NVL,0.099112975
NWD1,-0.000666698
NWD2,-0.329193696
NXF1,0.825072935
NXF2,-0.107977114
NXF2B,-0.107977114
NXF3,-0.772235269
NXF5,0.143218271
NXN,0.045034194
NXNL1,-0.302523684
NXNL2,0.118364651
NXPE1,0.633260728
NXPE2,-0.096512119
NXPE3,0.020531183
NXPE4,0.011068078
NXPH1,0.031352812
NXPH2,-0.305429031
NXPH3,-0.250103457
NXPH4,0.286722826
NXT1,-0.025531191
NXT2,-0.538430471
NYAP1,-0.627818558
NYAP2,0.033093408
NYNRIN,0.256770335
NYX,0.245875426
OAF,-0.336703043
OARD1,-0.31191226
OAS1,-0.149273949
OAS2,0.135553675
OAS3,0.414321999
OASL,-1.03923502
OAT,0.002635988
OAZ1,0.424804342
OAZ2,0.734741961
OAZ3,-0.204366054
OBI1,0.378064212
OBP2A,-0.243844728
OBP2B,-0.14643035
OBSCN,-0.317117756
OBSL1,-0.820986976
OC90,-0.468845812
OCA2,0.176562324
OCEL1,0.22851194
OCIAD1,0.503507761
OCIAD2,-0.11091896
OCLN,0.217272896
OCM,-0.26284799
OCM2,0.447729408
OCRL,0.215180514
OCSTAMP,0.078500017
ODAM,0.401030728
ODAPH,0.356220217
ODC1,0.098743373
ODF1,-0.704619286
ODF2,-0.971185756
ODF2L,-0.023499847
ODF3,1.26111e-05
ODF3B,0.606051003
ODF3L1,-0.16741034
ODF3L2,-0.004944162
ODF4,-0.838955324
OFD1,-0.018497951
OGDH,-0.554878024
OGDHL,-0.438910539
OGFOD1,-0.148797324
OGFOD2,0.250409368
OGFOD3,-0.179071749
OGFR,0.090104101
OGFRL1,0.169394841
OGG1,0.491752115
OGN,-0.355559392
OGT,0.302205367
OIP5,-0.039686693
OIT3,-0.198154209
OLA1,-0.047842257
OLAH,0.309782072
OLFM1,-0.291047627
OLFM2,-0.791713712
OLFM3,0.584795052
OLFM4,0.11673179
OLFML1,-0.125278152
OLFML2A,-0.838490224
OLFML2B,-0.358812775
OLFML3,0.041853195
OLIG1,0.382710205
OLIG2,-0.028029293
OLIG3,0.012557629
OLR1,-0.017389512
OMA1,0.631651133
OMD,-0.238464395
OMG,0.414122877
OMP,0.60003719
ONECUT1,-0.234413207
ONECUT2,-0.059247915
ONECUT3,0.315967849
ONE_INTERGENIC_SITE_1,0.377835672
ONE_INTERGENIC_SITE_10,0.445331885
ONE_INTERGENIC_SITE_2,0.519213317
ONE_INTERGENIC_SITE_3,0.36015579
ONE_INTERGENIC_SITE_4,-0.033103017
ONE_INTERGENIC_SITE_5,-0.093412181
ONE_INTERGENIC_SITE_6,-0.076739619
ONE_INTERGENIC_SITE_7,-0.1423467
ONE_INTERGENIC_SITE_8,0.43218624
ONE_INTERGENIC_SITE_9,0.012486588
OOEP,0.005347792
OOSP2,0.132720527
OPA1,0.081658263
OPA3,-0.530357112
OPALIN,0.41325234
OPCML,-0.156035924
OPHN1,-0.408998724
OPLAH,0.580434357
OPN1LW,0.306707397
OPN1MW,0.267254083
OPN1MW2,0.267254083
OPN1MW3,0.267254083
OPN1SW,0.558986366
OPN3,-0.834523757
OPN4,-0.110347885
OPN5,-0.033319154
OPRD1,-0.14349168
OPRK1,0.6736784
OPRL1,-0.11978743
OPRM1,0.439346186
OPRPN,0.044351408
OPTC,-0.14832716
OPTN,-0.324543043
OR10A2,0.372209406
OR10A3,-0.158297124
OR10A4,0.242781508
OR10A5,0.251526889
OR10A6,0.023930188
OR10A7,0.206856831
OR10AD1,-0.290811713
OR10AG1,0.364769889
OR10C1,-0.19540773
OR10G2,-0.002407978
OR10G3,0.008457717
OR10G4,0.026165123
OR10G7,0.206098016
OR10G8,0.26688068
OR10G9,0.044343272
OR10H1,-0.202687621
OR10H2,-0.154956148
OR10H3,-0.425115824
OR10H4,0.182459037
OR10H5,0.118386949
OR10J1,-0.292051652
OR10J3,0.201791292
OR10J5,-1.144099161
OR10K1,-0.069261369
OR10K2,-0.065294079
OR10P1,-0.007340712
OR10Q1,0.516066541
OR10R2,0.183908156
OR10S1,-0.463536005
OR10T2,-0.302979161
OR10V1,0.778763347
OR10W1,-0.124497863
OR10X1,-0.096996656
OR10Z1,-0.029958544
OR11A1,-0.555706335
OR11G2,0.693501626
OR11H1,-0.008559358
OR11H12,0.497393665
OR11H13P,0.089479812
OR11H2,-0.004291455
OR11H4,0.359361535
OR11H6,0.176753256
OR11L1,0.19307276
OR12D2,0.268077506
OR12D3,-0.139085998
OR13A1,0.372058731
OR13C2,-0.410761103
OR13C3,0.275616832
OR13C4,0.035700417
OR13C5,-0.355801584
OR13C8,-0.10430363
OR13C9,-0.170223876
OR13D1,0.546155136
OR13F1,-0.008325688
OR13G1,0.038475561
OR13H1,0.368955985
OR13J1,-0.232623123
OR14A16,-0.246274554
OR14C36,-0.049696285
OR14I1,0.546014263
OR14J1,0.184635756
OR1A1,0.391175739
OR1A2,-0.304157609
OR1B1,-0.102335836
OR1C1,-0.869697564
OR1D2,-0.350036526
OR1D4,0.007466167
OR1D5,-0.217033359
OR1E1,-0.786249203
OR1E2,-0.111497942
OR1F1,-0.25667416
OR1G1,0.026457336
OR1I1,0.520613436
OR1J1,0.135401671
OR1J2,0.262756773
OR1J4,-0.466579758
OR1K1,-0.299741611
OR1L1,-0.10804148
OR1L3,0.059421052
OR1L4,-0.341409315
OR1L6,-0.452296664
OR1L8,-0.033708597
OR1M1,-0.187024811
OR1N1,1.344402364
OR1N2,-0.223444626
OR1Q1,0.423513232
OR1S1,-0.04093329
OR1S2,0.311859963
OR2A1,-0.052375866
OR2A12,0.207424117
OR2A14,0.059681387
OR2A2,-0.113604202
OR2A25,0.63740596
OR2A4,0.005552453
OR2A42,-0.067888801
OR2A5,-0.087901446
OR2A7,0.005552453
OR2AE1,0.012091204
OR2AG1,-0.224498739
OR2AG2,-0.279922374
OR2AK2,-0.118953008
OR2AP1,0.353767627
OR2AT4,-0.077826244
OR2B11,-0.358520257
OR2B2,-0.174504643
OR2B3,0.151390789
OR2B6,0.16939253
OR2C1,0.188970884
OR2C3,0.152504306
OR2D2,0.016866332
OR2D3,-0.23652433
OR2F1,-0.407134285
OR2F2,-0.029796111
OR2G2,0.146841984
OR2G3,0.423536681
OR2G6,0.118412185
OR2H1,-0.0912347
OR2H2,0.171589525
OR2J2,0.26196465
OR2J3,0.158913103
OR2K2,0.451318705
OR2L13,0.518068052
OR2L2,-0.654716944
OR2L3,-0.897995098
OR2L5,0.076436396
OR2L6P,-0.506076439
OR2L8,0.092543797
OR2M2,-1.072396521
OR2M3,-0.320605426
OR2M4,0.678082883
OR2M5,-0.007559904
OR2M7,0.558605442
OR2S2,0.379518881
OR2T1,0.581096331
OR2T10,0.272897526
OR2T11,-0.021269985
OR2T12,0.307969417
OR2T2,0.243381144
OR2T27,0.481834394
OR2T29,0.086079544
OR2T3,-0.151305105
OR2T32P,-0.070804439
OR2T33,0.274303288
OR2T34,-0.149567541
OR2T35,0.317955544
OR2T4,-0.005326826
OR2T5,0.034094851
OR2T6,0.232832459
OR2T7,-0.041451996
OR2T8,-0.000582045
OR2V1,0.185012644
OR2V2,0.376092864
OR2W1,0.411665944
OR2W3,-0.087955752
OR2W5,0.228581158
OR2Y1,0.035153039
OR2Z1,-0.464314897
OR3A1,0.342285918
OR3A2,-0.192634965
OR3A3,-0.137352496
OR4A15,0.090959425
OR4A16,0.56588868
OR4A47,-0.537159739
OR4A5,0.31559699
OR4B1,0.143443227
OR4C11,0.740331812
OR4C12,0.098552463
OR4C13,-0.077132859
OR4C15,-0.32779522
OR4C16,-0.14108045
OR4C3,0.013813608
OR4C45,0.272680545
OR4C46,0.326909452
OR4C6,0.454269838
OR4D1,0.21107655
OR4D10,-0.264670459
OR4D11,-0.019614397
OR4D2,0.336074648
OR4D5,-0.376848058
OR4D6,0.112705899
OR4D9,-0.450263207
OR4E2,0.544135844
OR4F15,0.163955388
OR4F16,0.636103411
OR4F17,0.05803971
OR4F1P,0.828652322
OR4F21,0.67050565
OR4F28P,0.575528304
OR4F29,0.636103411
OR4F2P,0.795566828
OR4F3,0.636103411
OR4F4,0.05803971
OR4F5,0.138139511
OR4F6,-0.00815913
OR4F7P,0.858102625
OR4K1,0.217092451
OR4K13,-0.208811365
OR4K14,0.362314729
OR4K15,-0.078148207
OR4K17,0.722432977
OR4K2,-0.297622346
OR4K5,0.169867762
OR4L1,0.201115889
OR4M1,-0.284381037
OR4M2,0.211754345
OR4N2,-0.095547619
OR4N4,0.374808917
OR4N5,0.202525933
OR4P4,-0.18281749
OR4Q3,0.509449135
OR4S1,-0.044556463
OR4S2,-0.168118073
OR4X1,-0.175391156
OR4X2,0.164446808
OR51A2,0.010442275
OR51A4,0.317687141
OR51A7,-0.035093005
OR51B2,-0.015013221
OR51B4,-0.187421194
OR51B6,-0.089869944
OR51D1,-0.541973544
OR51E1,-0.170444294
OR51E2,-0.449025092
OR51F1,0.293651798
OR51F2,-0.107911187
OR51G1,-0.12954148
OR51G2,0.011608335
OR51I1,-0.499864511
OR51I2,-0.196353702
OR51L1,-0.371906798
OR51M1,0.39198374
OR51Q1,-0.050848699
OR51S1,-0.077655688
OR51T1,-0.171932646
OR51V1,-0.213112412
OR52A1,0.112136096
OR52A5,-0.567451183
OR52B2,0.102860848
OR52B4,0.133905156
OR52B6,-0.608861405
OR52D1,0.162845682
OR52E2,0.463939118
OR52E4,0.269538384
OR52E6,0.455000086
OR52E8,-0.029713219
OR52H1,-0.401308605
OR52I1,-0.100556599
OR52I2,0.215207029
OR52J3,0.456420709
OR52K1,-0.514542719
OR52K2,0.453861069
OR52L1,0.151747303
OR52M1,0.286721351
OR52N1,-0.060346843
OR52N2,-0.177679503
OR52N4,-0.632765217
OR52N5,0.095913703
OR52R1,0.251026247
OR52W1,-0.101969895
OR56A1,-0.876787251
OR56A3,-0.396865603
OR56A4,0.760691268
OR56A5,-0.384305825
OR56B1,-0.341566536
OR56B4,0.427096624
OR5A1,-0.119081431
OR5A2,0.046391629
OR5AC2,0.110806873
OR5AK2,-0.256659368
OR5AN1,-0.520993508
OR5AP2,-0.115210574
OR5AR1,-0.522197121
OR5AS1,0.450264079
OR5AU1,0.824150626
OR5B12,0.128150908
OR5B17,0.012824685
OR5B2,0.069443696
OR5B21,0.149626469
OR5B3,0.53190255
OR5C1,-0.503743413
OR5D13,0.341207927
OR5D14,0.072321151
OR5D16,-0.219691261
OR5D18,-0.355255593
OR5F1,-0.689751125
OR5H1,-0.052876271
OR5H14,0.525182891
OR5H15,0.18311091
OR5H2,0.065128062
OR5H6,-0.302872998
OR5I1,-0.783164473
OR5J2,-0.022666325
OR5K1,-0.220713625
OR5K2,0.462493711
OR5K3,-0.002975305
OR5K4,0.06612574
OR5L1,-0.223999468
OR5L2,0.364352512
OR5M1,0.216216919
OR5M10,0.361424394
OR5M11,-0.054366194
OR5M3,0.414330143
OR5M8,-0.709664497
OR5M9,0.098482437
OR5P2,0.14781672
OR5P3,-0.290770233
OR5R1,0.70903423
OR5T1,0.082984244
OR5T2,-0.108869001
OR5T3,0.69363642
OR5V1,0.267008583
OR5W2,0.070535393
OR6A2,0.02032245
OR6B1,0.263411634
OR6B2,0.046156766
OR6B3,-0.162082034
OR6C1,-0.207919447
OR6C2,-0.029645051
OR6C3,0.219952918
OR6C4,0.044497733
OR6C6,0.061277848
OR6C65,0.617483622
OR6C68,0.105854145
OR6C70,0.492631472
OR6C74,-0.170335501
OR6C75,-0.457950018
OR6C76,-0.088071547
OR6F1,-0.129002698
OR6K2,-0.030009859
OR6K3,-0.868704249
OR6K6,0.288588163
OR6M1,-0.353102582
OR6N1,-0.048111226
OR6N2,0.019059039
OR6P1,0.133393579
OR6Q1,0.29033733
OR6S1,0.048795859
OR6T1,-0.100192411
OR6V1,0.340744203
OR6X1,0.310018772
OR6Y1,0.254589496
OR7A10,0.045816486
OR7A17,-0.356348793
OR7A5,0.703452178
OR7C1,-0.28138623
OR7C2,-0.261536656
OR7D2,-0.274204848
OR7D4,0.342005084
OR7E154P,0.563924612
OR7E24,-0.163813654
OR7G1,0.58835496
OR7G2,-1.151320444
OR7G3,0.818881711
OR8A1,0.297728216
OR8B12,0.641157903
OR8B2,-0.222007639
OR8B3,-0.002317239
OR8B4,-0.0801023
OR8B8,0.117261153
OR8D1,0.080818237
OR8D2,-0.540283034
OR8D4,-0.073484751
OR8G1,-0.438484678
OR8G2P,0.149186815
OR8G5,-0.50743343
OR8H1,-0.583080857
OR8H2,-0.660471151
OR8H3,0.363256378
OR8I2,-0.278563676
OR8J1,-0.190468584
OR8J3,-0.196750882
OR8K1,-0.177678065
OR8K3,0.391319323
OR8K5,0.156910283
OR8S1,-0.073890828
OR8U1,0.137168349
OR9A2,-0.549849224
OR9A4,-0.101551576
OR9G1,0.099527822
OR9G4,-0.240521178
OR9I1,-0.052331111
OR9K2,0.098858928
OR9Q1,-0.018607871
OR9Q2,0.169047488
ORAI1,-0.124092273
ORAI2,0.061849889
ORAI3,0.316245155
ORC1,-0.455340539
ORC2,0.047420915
ORC3,-0.204444429
ORC4,-0.29243488
ORC5,0.381577539
ORC6,-0.477665202
ORM1,0.363376371
ORM2,0.313646575
ORMDL1,-0.477329678
ORMDL2,0.168861832
ORMDL3,-0.213254413
OS9,0.365115314
OSBP,0.112292773
OSBP2,0.1082043
OSBPL10,0.448909695
OSBPL11,-0.060207014
OSBPL1A,-0.524325333
OSBPL2,0.059213421
OSBPL3,0.534096221
OSBPL5,-0.562752546
OSBPL6,-0.217886024
OSBPL7,-0.333433982
OSBPL8,-0.136307387
OSBPL9,-0.39588237
OSCAR,0.441069563
OSCP1,-0.20485273
OSER1,-0.172887712
OSGEP,0.258061735
OSGEPL1,-0.53556174
OSGIN1,0.236380812
OSGIN2,-0.602798339
OSM,0.408719399
OSMR,-0.410693271
OSR1,-0.216259398
OSR2,-0.406309781
OST4,0.098538662
OSTC,-0.425996649
OSTF1,-0.075152081
OSTM1,0.186969329
OSTN,-0.31612928
OTC,0.03832402
OTOA,-0.070741275
OTOF,-0.289976056
OTOG,-0.081575256
OTOGL,-0.248087454
OTOL1,0.152771724
OTOP1,0.026888171
OTOP2,0.367943166
OTOP3,0.201160139
OTOR,-0.141599174
OTOS,0.331924366
OTP,-0.601323415
OTUB1,-0.371388409
OTUB2,0.234027742
OTUD1,0.302368887
OTUD3,0.061342145
OTUD4,-0.342000181
OTUD5,0.25798585
OTUD6A,-0.58736246
OTUD6B,-0.113018357
OTUD7A,-0.213111888
OTUD7B,0.564312892
OTULIN,0.401483049
OTULINL,0.162115531
OTX1,-0.264188908
OTX2,-0.073671082
OVCA2,-0.468521863
OVCH1,0.119592082
OVCH2,0.005011682
OVGP1,0.487537737
OVOL1,-0.431685743
OVOL2,-0.169033278
OVOL3,0.210023369
OXA1L,0.6510166
OXCT1,0.161088664
OXCT2,-0.313291449
OXCT2P1,0.344540981
OXER1,0.468786177
OXGR1,-0.236697765
OXLD1,-0.221938872
OXNAD1,0.150110603
OXR1,0.072169573
OXSM,0.213260816
OXSR1,-0.155249125
OXT,0.018456723
OXTR,-0.042608235
P2RX1,-0.586255768
P2RX2,-1.190315559
P2RX3,0.352316344
P2RX4,-0.004199724
P2RX5,-0.302770441
P2RX5-TAX1BP3,0.004949198
P2RX6,0.714940797
P2RX7,-0.170623858
P2RY1,-0.723984388
P2RY10,-0.200674645
P2RY11,0.039640625
P2RY12,-0.588954132
P2RY13,-0.387361776
P2RY14,-0.296827971
P2RY2,0.650431616
P2RY4,-0.399523042
P2RY6,0.296370005
P2RY8,0.225519773
P3H1,-0.091644135
P3H2,0.342838136
P3H3,-0.243839236
P3H4,0.081475401
P4HA1,0.298913616
P4HA2,0.131369445
P4HA3,0.057083081
P4HB,-0.318378388
P4HTM,-0.318826904
PA2G4,0.173533309
PAAF1,0.378456978
PABPC1,-0.172753299
PABPC1L,0.143607451
PABPC1L2A,-0.295657902
PABPC1L2B,-0.295657902
PABPC3,-0.248672552
PABPC4,0.297371588
PABPC4L,0.347839826
PABPC5,-0.14712515
PABPN1,0.524008455
PABPN1L,0.627292447
PACC1,0.04936128
PACRG,-0.025649292
PACRGL,0.494441633
PACS1,-0.185619539
PACS2,-0.13840081
PACSIN1,-0.620404776
PACSIN2,0.022130526
PACSIN3,-0.097107606
PADI1,-0.354971161
PADI2,-0.131395405
PADI3,0.07722684
PADI4,0.288797696
PADI6,-0.243151821
PAEP,-0.673985768
PAF1,-0.016179822
PAFAH1B1,0.392278661
PAFAH1B2,0.330927266
PAFAH1B3,-0.52125058
PAFAH2,-0.03765986
PAG1,-0.164475058
PAGE1,0.300048171
PAGE2,-0.088593793
PAGE2B,-0.315394482
PAGE3,-0.195002228
PAGE4,0.21264699
PAGE5,0.048726216
PAGR1,0.184699566
PAH,0.367873861
PAICS,-0.867808756
PAIP1,-0.655903315
PAIP2,-0.254901968
PAIP2B,-0.093672607
PAK1,0.738605234
PAK1IP1,-0.014641701
PAK2,0.071640754
PAK3,0.147271802
PAK4,0.042649929
PAK5,0.179430483
PAK6,-0.411205387
PALB2,-0.055845421
PALD1,-0.130625171
PALLD,0.523658087
PALM,-0.24472927
PALM2AKAP2,-0.008014713
PALM3,0.342912074
PALMD,-0.148639031
PAM,0.268105143
PAM16,0.111937581
PAMR1,-0.306937544
PAN2,-0.094217437
PAN3,-0.041034042
PANK1,0.44670065
PANK2,0.456554831
PANK3,0.276549871
PANK4,-0.895292908
PANO1,0.196235412
PANX1,0.265454128
PANX2,-0.066946632
PANX3,-0.370167064
PAOX,-0.262000146
PAPLN,-0.589988977
PAPOLA,0.359196367
PAPOLB,0.390790222
PAPOLG,0.083850234
PAPPA,-0.139955004
PAPPA2,0.104917637
PAPSS1,0.132616665
PAPSS2,-0.067784543
PAQR3,-0.174755563
PAQR4,-0.039610078
PAQR5,-0.045006938
PAQR6,-0.339705256
PAQR7,0.201392893
PAQR8,-0.070892995
PAQR9,-0.164897997
PARD3,0.064543759
PARD3B,0.094619189
PARD6A,0.029429174
PARD6B,-0.265036496
PARD6G,0.245647647
PARG,-0.054112695
PARGP1-AGAP4,-0.30083992
PARK7,-0.216393537
PARL,0.617952459
PARM1,0.386561412
PARN,0.414540953
PARP1,-0.588863698
PARP10,0.229957481
PARP11,0.459612958
PARP12,-0.403584186
PARP14,-0.040255269
PARP15,0.137947529
PARP16,0.235672144
PARP2,0.841467331
PARP3,0.300686672
PARP4,0.649507343
PARP6,0.243531639
PARP8,1.011497363
PARP9,0.191735314
PARPBP,-0.111476583
PARS2,-0.278617423
PARVA,0.231792568
PARVB,0.042714383
PARVG,-0.03378161
PASD1,-0.444481165
PASK,-0.073773597
PATE1,0.032651813
PATE2,-0.572799895
PATE3,-0.007917695
PATE4,-0.002700532
PATJ,0.074437093
PATL1,0.640296935
PATL2,-0.360765434
PATZ1,0.531538632
PAWR,0.241785663
PAX1,0.027453257
PAX2,0.16717512
PAX3,-0.702664814
PAX4,-0.203206983
PAX5,0.227959019
PAX6,0.849591289
PAX7,0.232396201
PAX8,0.08403117
PAX9,-0.082911616
PAXBP1,0.284799635
PAXIP1,0.038811882
PBDC1,0.077559707
PBK,-0.41130202
PBLD,0.000851038
PBOV1,0.203195785
PBRM1,-0.303596489
PBX1,-0.328255351
PBX2,0.270318745
PBX3,0.068410941
PBX4,0.525079323
PBXIP1,0.543834715
PC,0.159441064
PCARE,0.032043904
PCBD1,0.120318391
PCBD2,0.385282052
PCBP1,0.030095705
PCBP2,-0.293531909
PCBP3,0.077569688
PCBP4,0.055892825
PCCA,-0.092117455
PCCB,-0.377345086
PCDH1,0.31265182
PCDH10,0.186271846
PCDH11X,0.171354647
PCDH11Y,-0.031139077
PCDH12,0.303113387
PCDH15,0.223147215
PCDH17,-0.014669296
PCDH18,0.076034559
PCDH19,-0.257900936
PCDH20,-0.406885256
PCDH7,-0.154164557
PCDH8,-0.395319401
PCDH9,0.642740068
PCDHA1,-0.368770054
PCDHA10,-0.29212659
PCDHA11,0.050016657
PCDHA12,-0.03334774
PCDHA13,-0.127001578
PCDHA2,-0.244247523
PCDHA3,-0.317059241
PCDHA4,-0.146562529
PCDHA5,-0.125679188
PCDHA6,-0.115823292
PCDHA7,-0.03692817
PCDHA8,-0.173611876
PCDHA9,0.433139528
PCDHAC1,-0.19009508
PCDHAC2,-0.176744848
PCDHB1,-0.103895991
PCDHB10,0.615163525
PCDHB11,-0.211741896
PCDHB12,0.443645692
PCDHB13,-0.215451666
PCDHB14,0.503149961
PCDHB15,0.437556045
PCDHB16,-0.056199
PCDHB2,0.511123454
PCDHB3,-0.483381646
PCDHB4,-0.257925178
PCDHB5,0.527490405
PCDHB6,0.428136215
PCDHB7,-0.480632015
PCDHB8,0.15611706
PCDHB9,0.05475221
PCDHGA1,0.563934386
PCDHGA10,-0.172339727
PCDHGA11,0.248924763
PCDHGA12,-0.465437084
PCDHGA2,0.219654785
PCDHGA3,-0.875726791
PCDHGA4,-0.314575585
PCDHGA5,-0.250614767
PCDHGA6,0.167467157
PCDHGA7,-0.574097493
PCDHGA8,0.395568973
PCDHGA9,0.54395833
PCDHGB1,-0.357044292
PCDHGB2,0.460228369
PCDHGB3,-0.219134055
PCDHGB4,-0.203611271
PCDHGB5,-0.205788261
PCDHGB6,0.424178318
PCDHGB7,0.064721885
PCDHGC3,-0.556765889
PCDHGC4,0.625240537
PCDHGC5,0.603044618
PCED1A,0.06825801
PCED1B,0.188400811
PCF11,-0.473775748
PCGF1,-0.296434723
PCGF2,-0.664444324
PCGF3,-0.346374901
PCGF5,-0.52052007
PCGF6,0.268885325
PCID2,0.143060637
PCIF1,-0.260689453
PCK1,-0.085246193
PCK2,0.136146706
PCLAF,0.513897445
PCLO,-0.258230163
PCM1,0.266840228
PCMT1,0.140587009
PCMTD1,-0.537020848
PCMTD2,0.130638202
PCNA,0.988809511
PCNA-AS1,0.261330098
PCNP,-0.282923612
PCNT,-0.014150957
PCNX1,0.174478735
PCNX2,0.155297079
PCNX3,-0.254831658
PCNX4,-0.37239445
PCOLCE,-0.485619123
PCOLCE2,-0.056296808
PCOTH,0.157455203
PCOTHP1,0.829990461
PCP2,-0.911476966
PCP4,-0.044913404
PCP4L1,-0.537384199
PCSK1,0.350307627
PCSK1N,-0.044865663
PCSK2,0.38219738
PCSK4,-0.810347686
PCSK5,-0.340376532
PCSK6,0.125370375
PCSK7,-0.302713853
PCSK9,-0.319727733
PCTP,-0.394258597
PCYOX1,0.558410615
PCYOX1L,0.021637818
PCYT1A,0.353923175
PCYT1B,-0.390404158
PCYT2,0.243505393
PDAP1,-0.114389166
PDC,0.301446597
PDCD1,-0.221585594
PDCD10,-0.040658774
PDCD11,-0.262444103
PDCD1LG2,0.091804542
PDCD2,0.123624258
PDCD2L,-0.469721758
PDCD4,0.081648228
PDCD5,0.423797534
PDCD6,0.106478054
PDCD6IP,-0.213169214
PDCD7,-0.191617993
PDCL,0.327992831
PDCL2,-0.151891354
PDCL3,0.479664514
PDE10A,-0.089588885
PDE11A,-0.018241465
PDE12,0.043601277
PDE1A,0.041219122
PDE1B,-0.467921144
PDE1C,-0.049466811
PDE2A,0.239303635
PDE3A,-0.2961015
PDE3B,-0.089080504
PDE4A,0.368436463
PDE4B,0.145197569
PDE4C,-0.17128058
PDE4D,0.105168683
PDE4DIP,-0.351068716
PDE5A,-0.134080224
PDE6A,0.07765745
PDE6B,-0.333313421
PDE6C,0.481987683
PDE6D,0.187468546
PDE6G,0.272344751
PDE6H,0.655171323
PDE7A,0.734854017
PDE7B,0.32222275
PDE8A,0.195218532
PDE8B,0.287509395
PDE9A,0.257639715
PDF,-0.067684901
PDGFA,-0.080720431
PDGFB,-0.324682675
PDGFC,0.412742129
PDGFD,-0.227019931
PDGFRA,0.584727903
PDGFRB,0.257456481
PDGFRL,0.233825136
PDHA1,-0.047868981
PDHA2,-0.271571835
PDHB,-0.1896307
PDHX,-0.250505272
PDIA2,-0.135900294
PDIA3,-0.383032522
PDIA4,-0.520252873
PDIA5,-0.398864576
PDIA6,-0.404310122
PDIK1L,0.231106841
PDILT,0.057074434
PDK1,0.019338012
PDK2,0.226587597
PDK3,-0.018757302
PDK4,0.535327792
PDLIM1,0.263348607
PDLIM2,0.445327726
PDLIM3,0.451399338
PDLIM4,0.550697738
PDLIM5,0.162591672
PDLIM7,-0.464668153
PDP1,-0.187685678
PDP2,0.199569754
PDPK1,-0.208408428
PDPK2P,-0.445627815
PDPN,0.288620731
PDPR,-0.399889788
PDRG1,0.394124509
PDS5A,-0.362328318
PDS5B,-0.149146471
PDSS1,-0.362414135
PDSS2,0.241447484
PDX1,0.23586712
PDXDC1,0.338679787
PDXDC2P-NPIPB14P,0.9287541
PDXK,0.039691359
PDXP,-0.488154394
PDYN,0.265324697
PDZD11,-0.247486067
PDZD2,0.049588857
PDZD3,0.113892743
PDZD4,-0.150963163
PDZD7,0.868090309
PDZD8,-0.205291764
PDZD9,-0.836011392
PDZK1,-0.11422315
PDZK1IP1,0.340573441
PDZRN3,-0.354360391
PDZRN4,0.065501218
PEA15,0.16704335
PEAK1,-0.036089341
PEAK3,0.506881313
PEAR1,0.029623411
PEBP1,-0.267567163
PEBP4,0.123526777
PECAM1,0.346173723
PECR,0.391537472
PEF1,0.637255372
PEG10,-0.393050212
PEG3,-0.472121954
PELI1,-0.449777383
PELI2,-0.118985384
PELI3,0.474427879
PELO,-0.102022168
PELP1,0.201107676
PEMT,0.135725951
PENK,0.242698966
PEPD,0.193113774
PER1,0.164237671
PER2,0.270896026
PER3,0.289684297
PERM1,-0.444659005
PERP,0.374904439
PES1,0.220572864
PET100,-0.884937284
PET117,-0.178933479
PEX1,-0.217592977
PEX10,0.636234416
PEX11A,-0.144487851
PEX11B,0.201972009
PEX11G,-0.672606425
PEX12,0.514131809
PEX13,0.73107063
PEX14,0.338979436
PEX16,-0.246289809
PEX19,-0.458512519
PEX2,-0.1518135
PEX26,0.278729467
PEX3,-0.125775782
PEX5,0.712398271
PEX5L,-0.195278833
PEX6,0.823818701
PEX7,-0.158252681
PF4,0.450272131
PF4V1,0.576840363
PFAS,-0.09943897
PFDN1,0.659132209
PFDN2,0.492364803
PFDN4,-0.132558998
PFDN5,0.136484166
PFDN6,-0.365011563
PFKFB1,0.272688185
PFKFB2,-0.224266955
PFKFB3,0.397403616
PFKFB4,-0.862591843
PFKL,0.040205454
PFKM,0.18094139
PFKP,0.383262548
PFN1,0.579161751
PFN2,0.292435178
PFN3,-0.233141624
PFN4,0.058296315
PGA3,0.601105961
PGA4,0.590136612
PGA5,0.660784161
PGAM1,-0.633113386
PGAM2,0.190489966
PGAM4,-0.49712601
PGAM5,-0.417894955
PGAP1,0.296062385
PGAP2,0.423960049
PGAP3,-0.019715638
PGAP4,-0.037366777
PGAP6,0.090437208
PGBD1,0.124872157
PGBD2,0.087712234
PGBD3,0.336159019
PGBD4,-0.328783571
PGBD5,0.54503327
PGC,0.247764671
PGD,-0.191215009
PGF,0.06351281
PGGHG,0.225061377
PGGT1B,-0.684504247
PGK1,0.387253089
PGK2,-0.410787667
PGLS,0.030333378
PGLYRP1,-0.388241104
PGLYRP2,0.03084597
PGLYRP3,0.197335457
PGLYRP4,-0.395973039
PGM1,-0.030957019
PGM2,-0.117157693
PGM2L1,-0.233754806
PGM3,-0.724229684
PGM5,0.634084521
PGM5P2,1.114843668
PGP,0.23796201
PGPEP1,0.148151058
PGPEP1L,-0.142047985
PGR,-0.653918307
PGRMC1,-0.412434265
PGRMC2,0.337414028
PGS1,0.383539052
PHACTR1,0.521763706
PHACTR2,0.574736812
PHACTR3,0.28263175
PHACTR4,0.030864452
PHAX,0.450442185
PHB,0.434507087
PHB2,0.038993136
PHC1,0.607363835
PHC1P1,1.001184826
PHC2,-0.335173724
PHC3,0.214650432
PHETA1,-0.313444702
PHETA2,-0.047874596
PHEX,-0.459726696
PHF1,-0.131450397
PHF10,0.337116943
PHF11,0.166314865
PHF12,0.257790525
PHF13,-0.6993086
PHF14,-0.060001625
PHF19,0.064293283
PHF2,0.444983184
PHF20,0.145336378
PHF20L1,0.527257493
PHF21A,0.022120107
PHF21B,-0.041137834
PHF23,-0.189018243
PHF24,-0.158441299
PHF3,-0.179965231
PHF5A,0.89562427
PHF6,-0.936046915
PHF7,0.160289393
PHF8,0.033042491
PHGDH,0.009618992
PHGR1,0.300966565
PHIP,-0.313108821
PHKA1,-0.089574704
PHKA2,0.024362514
PHKB,0.291726152
PHKG1,-0.215750957
PHKG2,0.212528899
PHLDA1,0.39611683
PHLDA2,0.304746492
PHLDA3,-0.052717291
PHLDB1,0.360004451
PHLDB2,-0.491702227
PHLDB3,-0.081935738
PHLPP1,0.309609918
PHLPP2,-0.088150876
PHOSPHO1,0.245085156
PHOSPHO2,-0.285791795
PHOSPHO2-KLHL23,0.02971773
PHOX2A,0.137337914
PHOX2B,0.083892785
PHPT1,0.252555677
PHRF1,-0.156968692
PHTF1,-0.004685814
PHTF2,0.147869379
PHYH,-0.216086704
PHYHD1,0.066468056
PHYHIP,0.155757151
PHYHIPL,0.076081802
PHYKPL,-0.705169751
PI15,-0.32952176
PI16,-0.111874285
PI3,-0.318483222
PI4K2A,0.395826055
PI4K2B,-0.177942866
PI4KA,0.453608054
PI4KB,0.5498325
PIANP,0.369401157
PIAS2,-0.44247194
PIAS3,-0.499834038
PIAS4,0.356378752
PIBF1,-0.262824356
PICALM,-0.41191297
PICK1,0.487003689
PID1,-0.28536426
PIDD1,-0.446126539
PIEZO1,-0.520021417
PIEZO2,0.066236978
PIF1,0.607057209
PIFO,-0.797991066
PIGA,2.906860299
PIGB,-0.001657039
PIGC,2.503116804
PIGF,1.197041037
PIGG,-0.219776928
PIGH,1.39747859
PIGK,2.221233389
PIGL,2.756848245
PIGM,1.890633932
PIGN,0.976114568
PIGO,0.759251762
PIGP,2.846379163
PIGQ,2.059525801
PIGR,-0.223997987
PIGS,2.258776604
PIGT,2.973818837
PIGU,2.495444045
PIGV,1.807570727
PIGW,2.69095538
PIGX,1.866404856
PIGY,0.759891358
PIGZ,0.362658367
PIH1D1,-0.216733125
PIH1D2,0.338162398
PIH1D3,-0.098561259
PIK3AP1,-0.24213282
PIK3C2A,-0.025206308
PIK3C2B,0.461867495
PIK3C2G,0.567896506
PIK3C3,-0.480242645
PIK3CA,0.619524228
PIK3CB,-0.138558965
PIK3CD,0.321674167
PIK3CG,0.133142446
PIK3IP1,-0.02122835
PIK3R1,0.037764531
PIK3R2,0.629258297
PIK3R3,-0.236573871
PIK3R4,-0.238280129
PIK3R5,0.076231959
PIK3R6,-0.636337495
PIKFYVE,-0.227651465
PILRA,0.089792385
PILRB,0.357001963
PIM1,0.720517909
PIM2,-0.193545275
PIM3,0.053485604
PIMREG,-0.098414759
PIN1,-0.409460287
PIN4,-0.066868615
PINK1,-0.943082678
PINLYP,-0.386796994
PINX1,-0.313050223
PIP,0.069024313
PIP4K2A,0.304106101
PIP4K2B,0.574326376
PIP4K2C,-0.174717608
PIP4P1,0.114898609
PIP4P2,0.06773669
PIP5K1A,0.295756044
PIP5K1B,0.133641139
PIP5K1C,-0.192889732
PIP5KL1,0.452713427
PIPOX,-0.325719924
PIR,-0.008007794
PIR-FIGF,-0.531624595
PIRT,-0.357472042
PISD,0.134267609
PITHD1,-0.687557823
PITPNA,0.553292798
PITPNB,-0.656290557
PITPNC1,0.342330054
PITPNM1,-0.377197206
PITPNM2,0.395530114
PITPNM3,-0.058269329
PITRM1,-0.542298912
PITX1,0.174696375
PITX2,0.408765054
PITX3,0.064133391
PIWIL1,-0.027875726
PIWIL2,-0.449001092
PIWIL3,-0.098930323
PIWIL4,-0.301433881
PJA1,-0.049742927
PJA2,-0.268329067
PKD1,-0.070634244
PKD1L1,-0.223270709
PKD1L2,0.396743461
PKD1L3,0.451118501
PKD1P1,0.26163489
PKD1P3-NPIPA1,0.520725105
PKD1P4-NPIPA8,0.233221122
PKD1P5-LOC105376752,0.459628465
PKD1P6-NPIPP1,0.540975545
PKD2,0.264335218
PKD2L1,-0.391457704
PKD2L2,-0.036578823
PKDCC,-0.132278363
PKDREJ,-0.638931135
PKHD1,0.362538646
PKHD1L1,-0.032299645
PKIA,-0.537303785
PKIB,-0.065541386
PKIG,-0.123904269
PKLR,0.047770381
PKM,0.340801547
PKMYT1,0.012533983
PKN1,-0.604532244
PKN2,0.023783077
PKN3,-0.031158633
PKNOX1,0.046105399
PKNOX2,-0.129352625
PKP1,-0.019672016
PKP2,0.649630212
PKP3,0.312331875
PKP4,-0.190573523
PLA1A,0.21715887
PLA2G10,0.457291249
PLA2G12A,0.348456414
PLA2G12B,-0.233066377
PLA2G15,0.153788954
PLA2G1B,-0.034799336
PLA2G2A,-0.329433376
PLA2G2C,-0.139092673
PLA2G2D,0.175196064
PLA2G2E,0.332181496
PLA2G2F,0.042791961
PLA2G3,-0.019346154
PLA2G4A,0.142654497
PLA2G4B,0.017484021
PLA2G4C,-0.361700169
PLA2G4D,-0.521226335
PLA2G4E,0.084007378
PLA2G4F,-0.382976187
PLA2G5,-0.037631884
PLA2G6,0.073912347
PLA2G7,0.523014474
PLA2R1,0.217564713
PLAA,0.004139652
PLAAT1,0.125135204
PLAAT2,0.597548958
PLAAT3,-0.251232634
PLAAT4,0.240945205
PLAAT5,-0.314482355
PLAC1,-0.331779228
PLAC4,-0.288153011
PLAC8,-0.018448411
PLAC8L1,0.16449585
PLAC9,-0.908487384
PLAG1,0.009345739
PLAGL1,-0.458399448
PLAGL2,0.164310151
PLAT,0.091149287
PLAU,0.365163422
PLAUR,-0.571125374
PLB1,-0.232696343
PLBD1,0.00974579
PLBD2,0.142751547
PLCB1,0.331713818
PLCB2,-0.389204017
PLCB3,-0.960927639
PLCB4,-0.038087768
PLCD1,-0.171300235
PLCD3,0.020991106
PLCD4,0.141383825
PLCE1,0.495014611
PLCG1,-0.30603251
PLCG2,-0.237714824
PLCH1,0.654927306
PLCH2,-0.486314184
PLCL1,-0.367879779
PLCL2,-0.126584273
PLCXD1,0.571823772
PLCXD2,0.373085339
PLCXD3,-0.149910287
PLCZ1,-0.376922192
PLD1,-0.625162642
PLD2,0.128250946
PLD3,-0.230194197
PLD4,0.316451697
PLD5,-0.723958665
PLD6,0.152537031
PLEC,0.631151781
PLEK,-0.359885006
PLEK2,0.35977742
PLEKHA1,-0.495569805
PLEKHA2,-0.953126815
PLEKHA3,-0.137778022
PLEKHA4,-0.373775361
PLEKHA5,-0.056861983
PLEKHA6,-0.214704581
PLEKHA7,-0.151144279
PLEKHA8,-0.045275956
PLEKHB1,-0.300780498
PLEKHB2,-0.519718222
PLEKHD1,0.481358123
PLEKHF1,0.441255125
PLEKHF2,-0.425853368
PLEKHG1,0.00683802
PLEKHG2,0.667762808
PLEKHG3,-0.269480901
PLEKHG4,0.895259989
PLEKHG4B,-0.272531718
PLEKHG5,0.173434118
PLEKHG6,-0.065643779
PLEKHG7,0.08583991
PLEKHH1,-0.320455811
PLEKHH2,0.257786663
PLEKHH3,-0.295116306
PLEKHJ1,0.411297823
PLEKHM1,0.406181591
PLEKHM2,-0.760247408
PLEKHM3,0.23618226
PLEKHN1,0.136018453
PLEKHO1,-0.340743507
PLEKHO2,0.201249212
PLEKHS1,0.459820883
PLET1,0.223859683
PLG,-0.034051889
PLGLA,-0.064972926
PLGLB1,0.132262161
PLGLB2,0.132262161
PLGRKT,-0.33447004
PLIN1,-0.215742926
PLIN2,0.142785718
PLIN3,0.10600376
PLIN4,0.127686457
PLIN5,0.086107279
PLK1,0.415226228
PLK2,0.191491617
PLK3,0.079303204
PLK4,0.243327667
PLK5,0.217378208
PLLP,0.521607409
PLN,-0.086827337
PLOD1,0.533555814
PLOD2,0.154928517
PLOD3,0.277789779
PLP1,0.088187827
PLP2,0.17399558
PLPBP,0.126252731
PLPP1,-0.060826795
PLPP2,-0.453126274
PLPP3,0.737645654
PLPP4,0.328846294
PLPP5,-0.023319571
PLPP6,0.807845771
PLPP7,-0.03127316
PLPPR1,0.04509804
PLPPR2,-0.246619258
PLPPR3,0.001373446
PLPPR4,-0.154750893
PLPPR5,0.110775487
PLRG1,0.01566367
PLS1,-0.627906746
PLS3,-0.469805802
PLSCR1,0.119024757
PLSCR2,-0.436295109
PLSCR3,-0.011543799
PLSCR4,-0.546976521
PLSCR5,0.001505572
PLTP,-0.392185852
PLVAP,-1.11157256
PLXDC1,-0.592413681
PLXDC2,-0.078437793
PLXNA1,0.01710832
PLXNA2,0.060232698
PLXNA3,-0.480379393
PLXNA4,0.065655017
PLXNB1,-0.897317482
PLXNB2,-0.428680377
PLXNB3,-0.151213697
PLXNC1,-0.4888738
PLXND1,-0.221872598
PM20D1,-0.049022354
PM20D2,0.156726466
PMAIP1,0.170961792
PMCH,-0.159190315
PMEL,0.176308421
PMEPA1,-0.000862179
PMF1,0.069600212
PMF1-BGLAP,-0.036549383
PMFBP1,0.094213674
PML,0.137499635
PMM1,-0.099901431
PMM2,-0.111316127
PMP2,0.054022656
PMP22,0.050280077
PMPCA,-0.359911127
PMPCB,0.208035977
PMS1,0.268801788
PMS2,0.483352774
PMS2P3,0.176872288
PMVK,-0.273725327
PNCK,0.083149845
PNISR,-0.305205332
PNKD,0.119278601
PNKP,0.194558496
PNLDC1,0.631591619
PNLIP,-0.55588709
PNLIPRP1,-0.401170969
PNLIPRP2,-0.122023724
PNLIPRP3,-0.382158588
PNMA1,0.083034223
PNMA2,0.207361199
PNMA3,-0.028762493
PNMA5,-0.015071949
PNMA6A,0.697964427
PNMA8A,-0.643348468
PNMA8B,0.351859877
PNMT,0.56658899
PNN,0.04243134
PNO1,-0.43755821
PNOC,0.399813131
PNP,0.769638199
PNPLA1,0.313563499
PNPLA2,0.483541681
PNPLA3,-0.408204164
PNPLA4,0.092378984
PNPLA5,-0.213941919
PNPLA6,-1.131062344
PNPLA7,-0.774552848
PNPLA8,0.180116289
PNPO,-0.125360381
PNPT1,-0.119727702
PNRC1,0.60244655
PNRC2,-0.248036928
POC1A,-0.196929961
POC1B,0.030091832
POC1B-GALNT4,-0.084412694
POC5,-0.109514711
PODN,0.339682866
PODNL1,0.01578877
PODXL,0.427531419
PODXL2,-0.026612488
POF1B,-0.348453704
POFUT1,-0.090618223
POFUT2,0.124578087
POGK,0.244888491
POGLUT1,0.002521563
POGZ,-0.021507206
POLA1,-0.717365622
POLA2,0.177250703
POLB,1.035665309
POLD1,-0.161630452
POLD2,0.080783668
POLD3,-0.16576537
POLD4,-0.609044494
POLDIP2,-0.665721201
POLDIP3,-0.438010164
POLE,0.343851587
POLE2,0.195922303
POLE3,0.351341594
POLE4,0.048081239
POLG,0.231058716
POLG2,0.78375297
POLH,0.272404326
POLI,-0.039532813
POLK,0.284738285
POLL,-0.170122064
POLM,-0.245893525
POLN,-0.434984361
POLQ,0.206629096
POLR1A,-0.055360948
POLR1B,0.795461769
POLR1C,0.979374093
POLR1D,0.195583224
POLR1E,0.563681222
POLR2A,0.328230362
POLR2B,0.089240025
POLR2C,0.182552996
POLR2D,-0.484664353
POLR2E,0.333324119
POLR2F,0.030640724
POLR2G,-0.142893953
POLR2H,-0.507628014
POLR2I,0.214792602
POLR2J,0.636055366
POLR2J2,0.488329567
POLR2J3,0.636055366
POLR2J4,0.584048631
POLR2K,0.238410926
POLR2L,-0.260332238
POLR2M,-0.029115551
POLR3A,0.773186113
POLR3B,-0.619454417
POLR3C,0.57038224
POLR3D,0.095892505
POLR3E,0.559067874
POLR3F,0.422946152
POLR3G,-0.10585024
POLR3GL,-0.760103274
POLR3H,0.173716837
POLR3K,0.016891821
POLRMT,0.099132974
POM121,0.254345119
POM121B,-0.016010808
POM121C,0.146070779
POM121L12,-0.095859426
POM121L2,0.122360257
POMC,-0.103961695
POMGNT1,-0.248955218
POMGNT2,-0.337097442
POMK,0.067982525
POMP,0.070917265
POMT1,0.085445588
POMT2,-0.181565318
POMZP3,-0.46736716
PON1,0.498299138
PON2,-0.608520852
PON3,-0.378646327
POP1,0.545603971
POP4,-0.256817607
POP5,0.668492484
POP7,0.271021534
POPDC2,-0.111093789
POPDC3,-0.016079819
POR,-0.306348713
PORCN,0.160786372
POSTN,-0.223029344
POT1,-0.074042821
POTEA,0.179622876
POTEB,-0.33709217
POTEB2,-0.33709217
POTEB3,-0.314079412
POTEC,-0.320329306
POTED,-0.221696935
POTEE,0.030739725
POTEF,0.054002157
POTEG,-0.066388896
POTEH,-0.190205993
POTEI,0.239351711
POTEJ,0.300353482
POTEKP,0.556992099
POTEM,-0.005171027
POU1F1,-0.073525479
POU2AF1,-0.312893358
POU2F1,0.197915534
POU2F2,-0.259250073
POU2F3,-0.168049534
POU3F1,-0.024747673
POU3F2,-0.2586121
POU3F4,0.224979921
POU4F1,-0.226970622
POU4F2,-0.028981827
POU4F3,-0.302615945
POU5F1,-0.376906134
POU5F1B,0.015600249
POU5F2,0.114558729
POU6F1,-0.023940933
POU6F2,0.326842224
PP2D1,-0.71679481
PPA1,-0.112914479
PPA2,-0.050197894
PPAN,0.007753356
PPAN-P2RY11,0.021039718
PPARA,-0.196788815
PPARD,0.207750692
PPARG,0.180549485
PPARGC1A,0.021163402
PPARGC1B,0.210809448
PPAT,0.281741099
PPBP,-0.107156432
PPCDC,-0.2913803
PPCS,-1.350247507
PPDPF,0.364262799
PPDPFL,-0.571198784
PPEF1,0.156782449
PPEF2,0.274716241
PPFIA1,-0.08865287
PPFIA2,-0.026544197
PPFIA3,0.30361427
PPFIA4,0.082644442
PPFIBP1,-0.381623711
PPFIBP2,-0.202606912
PPHLN1,-0.399898183
PPIA,0.163804209
PPIAL4A,0.251882699
PPIAL4C,0.359246023
PPIAL4D,0.142300203
PPIAL4E,0.182864207
PPIAL4F,0.182864207
PPIAL4G,0.450279313
PPIAL4H,0.294515216
PPIAP11,0.379408056
PPIAP13,0.170860838
PPIAP14,0.050176897
PPIAP18,0.299233089
PPIAP19,0.679351047
PPIAP2,0.316965384
PPIAP21,-0.159593101
PPIAP22,0.439652719
PPIAP25,0.316965384
PPIAP26,-0.158746611
PPIAP29,0.439652719
PPIAP3,0.316965384
PPIAP30,-0.634458605
PPIAP31,0.272259334
PPIAP33,-0.159593101
PPIAP35,0.707740467
PPIAP4,0.514315496
PPIAP40,0.054805855
PPIAP42,0.116876918
PPIAP43,0.478350489
PPIAP51,0.130544356
PPIAP54,0.160644832
PPIAP55,0.444301818
PPIAP58,1.051835127
PPIAP59,0.39003481
PPIAP6,0.537512332
PPIAP60,0.061800337
PPIAP64,0.411744365
PPIAP72,0.563296064
PPIAP78,0.034826582
PPIAP79,0.249620532
PPIAP8,0.299233089
PPIAP82,0.958884229
PPIAP89,0.75805928
PPIAP9,0.221080444
PPIB,0.36045906
PPIC,0.245448272
PPID,-0.097976523
PPIE,0.609849504
PPIF,-0.648493891
PPIG,0.046324872
PPIH,-0.394387679
PPIL1,0.032842203
PPIL2,-0.195174748
PPIL3,0.136996881
PPIL4,-0.213135377
PPIL6,0.199335315
PPIP5K1,-0.126851783
PPIP5K1P1,-0.126851783
PPIP5K1P1-CATSPER2,-0.26403718
PPIP5K2,-0.316619403
PPL,-0.030612997
PPM1A,-0.011031457
PPM1B,0.255542154
PPM1D,-0.42701194
PPM1E,-0.490661181
PPM1F,0.024813533
PPM1G,-1.150070123
PPM1H,-0.372416222
PPM1J,0.661013348
PPM1K,-0.157987873
PPM1L,0.195765883
PPM1M,-0.147237043
PPM1N,0.553584485
PPME1,0.071911972
PPOX,-0.35174912
PPP1CA,0.1605121
PPP1CB,-0.388565283
PPP1CC,0.496193936
PPP1R10,-0.289638953
PPP1R11,-0.22549773
PPP1R12A,-0.606880228
PPP1R12B,-0.226047783
PPP1R12C,-0.111909809
PPP1R13B,-0.059926643
PPP1R13L,0.057321776
PPP1R14A,0.51597256
PPP1R14B,0.520058508
PPP1R14BP3,0.448073638
PPP1R14C,0.093956581
PPP1R14D,0.026667236
PPP1R15A,-0.162241838
PPP1R15B,-0.257885341
PPP1R16A,0.119665397
PPP1R16B,-0.281957404
PPP1R17,0.120816342
PPP1R18,0.335729353
PPP1R1A,-0.614847259
PPP1R1B,-0.125514073
PPP1R1C,0.050756393
PPP1R2,0.01390332
PPP1R21,0.309353234
PPP1R26,0.243789764
PPP1R27,-0.411071439
PPP1R32,-0.377399575
PPP1R35,0.060310048
PPP1R35-AS1,0.37043265
PPP1R36,0.329533784
PPP1R37,0.476426576
PPP1R3A,0.553816487
PPP1R3B,-0.131745294
PPP1R3C,-0.431822621
PPP1R3D,0.417802395
PPP1R3E,-0.135826423
PPP1R3F,0.863198928
PPP1R3G,0.242815829
PPP1R42,-0.128302716
PPP1R7,0.248358098
PPP1R8,0.236016734
PPP1R9A,-0.358807805
PPP1R9B,-1.054717599
PPP2CA,0.578893032
PPP2CB,0.442547752
PPP2R1A,-0.209915048
PPP2R1B,-0.159013081
PPP2R2A,-0.559527692
PPP2R2B,0.017756431
PPP2R2C,0.07212821
PPP2R2D,-0.27977491
PPP2R3A,-0.441444369
PPP2R3B,0.184468813
PPP2R5A,0.089069544
PPP2R5B,-0.499385944
PPP2R5C,-0.407485959
PPP2R5D,-0.004441929
PPP2R5E,0.419499534
PPP3CA,-0.533551074
PPP3CB,0.332058177
PPP3CC,0.081540534
PPP3R1,0.210694334
PPP3R2,-0.152502106
PPP4C,0.060364639
PPP4R1,0.346945809
PPP4R2,0.355408932
PPP4R3A,-0.023481052
PPP4R3B,0.399836891
PPP4R4,0.10392715
PPP5C,-0.437219646
PPP5D1,-0.128054691
PPP6C,0.103502163
PPP6R1,0.35096585
PPP6R2,-0.018809635
PPP6R3,0.30358837
PPRC1,0.199375056
PPT1,0.154431835
PPT2,-0.127130151
PPT2-EGFL8,-0.035213613
PPTC7,-0.728851438
PPWD1,-0.159079582
PPY,0.054925541
PQBP1,-0.138585372
PRAC1,0.058697063
PRAC2,-0.024197001
PRADC1,0.562513845
PRAF2,-0.129910261
PRAG1,-0.090038005
PRAM1,0.351569075
PRAME,-0.007286174
PRAMEF1,0.417012563
PRAMEF10,0.4238269
PRAMEF11,0.143269599
PRAMEF12,0.293775664
PRAMEF13,-0.111158776
PRAMEF14,-0.314966688
PRAMEF15,0.13902382
PRAMEF17,0.231894536
PRAMEF18,-0.34753397
PRAMEF19,0.057128404
PRAMEF2,0.366046891
PRAMEF20,0.43356144
PRAMEF25,0.053358879
PRAMEF26,0.053358879
PRAMEF27,0.228589362
PRAMEF28P,-0.039263664
PRAMEF30P,0.605643871
PRAMEF33,0.535637261
PRAMEF34P,0.604179414
PRAMEF36P,0.604179414
PRAMEF4,-0.056353539
PRAMEF5,0.10484557
PRAMEF6,0.140201953
PRAMEF7,-0.204951496
PRAMEF8,-0.343270284
PRAMEF9,0.037984018
PRAP1,-0.715301089
PRB1,-0.337653524
PRB2,-0.699222745
PRB3,-0.414283246
PRB4,0.332381071
PRC1,0.128713903
PRCC,-0.172496446
PRCD,-0.309337066
PRCP,0.474695336
PRDM1,0.012612622
PRDM10,0.013092954
PRDM11,0.191677997
PRDM12,-0.175624269
PRDM13,0.096525022
PRDM14,-0.304256493
PRDM15,0.361433297
PRDM16,0.153587665
PRDM2,-0.092631345
PRDM4,-0.349062122
PRDM5,-0.122295747
PRDM6,-0.344382844
PRDM7,0.464453107
PRDM8,0.197461797
PRDM9,-0.9201094
PRDX1,-0.137787967
PRDX2,0.271264476
PRDX3,-0.240888008
PRDX4,-0.06234189
PRDX5,0.1822697
PRDX6,0.020058835
PREB,-0.191608396
PRELID1,0.698477709
PRELID2,0.025749496
PRELID3A,-0.693808096
PRELID3B,0.519342304
PRELP,0.108358665
PREP,-0.151729027
PREPL,-0.130553488
PREX1,0.298886495
PREX2,-0.074518681
PRF1,0.402582687
PRG2,0.067587649
PRG3,0.505381054
PRG4,0.447353444
PRH1,-0.454181181
PRH1-PRR4,-0.394464114
PRH2,0.184655786
PRICKLE1,0.302970568
PRICKLE2,-0.130963265
PRICKLE3,-0.123067385
PRICKLE4,-0.048432656
PRIM1,-0.216639856
PRIM2,0.233563245
PRIMA1,0.078250836
PRIMPOL,-0.777383854
PRKAA1,0.58363682
PRKAA2,0.229081366
PRKAB1,0.139968161
PRKAB2,-0.389258359
PRKACA,0.07130495
PRKACB,0.446315081
PRKACG,-0.117355097
PRKAG1,-0.713462476
PRKAG2,0.1752342
PRKAG3,0.454480817
PRKAR1A,0.533891816
PRKAR1B,0.319296349
PRKAR2A,-0.231695069
PRKAR2B,0.318950538
PRKCA,-0.105235596
PRKCB,-0.368756082
PRKCD,-0.127888036
PRKCE,0.149765873
PRKCG,0.192154199
PRKCH,0.398406664
PRKCI,-0.105609124
PRKCQ,0.618657621
PRKCSH,0.472456604
PRKCZ,0.578436681
PRKD1,0.384173765
PRKD2,-0.405657414
PRKD3,-0.119212838
PRKDC,-0.374707877
PRKG1,-0.007858973
PRKG2,-0.168783804
PRKN,0.213167321
PRKRA,-0.452074833
PRKRIP1,-0.123312726
PRKX,0.601128595
PRL,0.403639248
PRLH,-0.445584594
PRLHR,0.355637477
PRLR,-0.564137653
PRM1,0.316838399
PRM2,-0.44092816
PRM3,0.099461351
PRMT1,0.090771466
PRMT2,-0.749931183
PRMT3,0.014409235
PRMT5,1.013774526
PRMT6,-0.153640884
PRMT7,-0.521266888
PRMT8,0.213594965
PRMT9,-0.276594147
PRND,-0.494967915
PRNP,-0.136685692
PROB1,0.521275034
PROC,0.144007796
PROCA1,-0.402907166
PROCR,-0.495802741
PRODH,-0.07201453
PRODH2,-0.071319053
PROK1,0.005350342
PROK2,-0.31558973
PROKR1,0.317661042
PROKR2,0.562247521
PROM1,0.250466457
PROM2,0.202826849
PROP1,0.036306017
PRORY,-0.48516378
PROS1,0.538415007
PROSER1,-0.091686066
PROSER2,0.404502785
PROSER3,0.376410513
PROX1,0.01183385
PROX2,-0.631698462
PROZ,0.111736006
PRPF18,-0.283301345
PRPF19,0.259185759
PRPF3,-0.155125357
PRPF31,0.239252238
PRPF38A,0.076298762
PRPF38B,0.099808335
PRPF39,0.150090568
PRPF4,0.139228338
PRPF40A,0.098389063
PRPF40B,-0.124260391
PRPF4B,0.385508452
PRPF6,1.482777136
PRPF8,0.532801539
PRPH,0.282369465
PRPH2,-0.429312914
PRPS1,-0.131979831
PRPS1L1,0.514563536
PRPS2,-0.640261526
PRPSAP1,0.056430561
PRPSAP2,0.016142339
PRR11,0.03040879
PRR12,-0.420027276
PRR13,0.668718805
PRR13P5,1.067897674
PRR14,0.15991069
PRR14L,0.738451872
PRR15,-0.011858888
PRR15L,0.691690814
PRR16,-0.051400987
PRR18,0.585198061
PRR19,-0.322464597
PRR20A,-0.208385984
PRR20B,-0.208385984
PRR20C,-0.208385984
PRR20D,-0.208385984
PRR20E,-0.208385984
PRR22,0.021701586
PRR23A,0.087616027
PRR23B,0.392009784
PRR23C,0.604125101
PRR23D1,-0.197045809
PRR23D2,-0.197045809
PRR25,-0.22522664
PRR27,0.775362356
PRR29,0.039630401
PRR3,0.012759962
PRR30,-0.498570955
PRR32,-0.266191325
PRR35,0.045874915
PRR36,-0.303588156
PRR4,0.016540846
PRR5,-0.409460381
PRR5-ARHGAP8,0.048035001
PRR5L,0.231493114
PRR7,0.040841293
PRR9,-0.146192614
PRRC1,-0.213244596
PRRC2A,-0.059106908
PRRC2B,-0.014018771
PRRC2C,-0.438776295
PRRG1,0.066774505
PRRG2,-0.070962032
PRRG3,-0.292537819
PRRG4,0.124462986
PRRT1,0.174522828
PRRT2,0.400615626
PRRT3,0.004115557
PRRT4,0.072167527
PRRX1,0.122031648
PRRX2,0.135882002
PRSS1,0.697140743
PRSS12,0.416525631
PRSS16,0.452201028
PRSS2,-0.319391862
PRSS21,0.117561792
PRSS22,0.271026849
PRSS23,0.528659938
PRSS27,-0.041537304
PRSS3,-0.278601997
PRSS33,-1.015577789
PRSS35,-0.114170557
PRSS36,0.221969789
PRSS37,0.274135391
PRSS38,-0.126084946
PRSS41,-0.079248624
PRSS42P,0.153111946
PRSS45P,0.283488514
PRSS46P,-0.198482568
PRSS48,-0.20806899
PRSS50,-0.140781456
PRSS53,0.206625328
PRSS54,0.071020046
PRSS55,0.60241896
PRSS56,0.061152901
PRSS57,-0.430129062
PRSS58,-0.046681042
PRSS8,-0.199434373
PRTFDC1,0.649235012
PRTG,-0.341401511
PRTN3,-0.232447361
PRUNE1,-0.098475661
PRUNE2,-0.074488947
PRX,-0.510965687
PRXL2A,0.392444373
PRXL2B,0.083428304
PRXL2C,0.093822488
PRY,0.028963426
PRY2,0.028963426
PSAP,-0.243471595
PSAPL1,-0.55917651
PSAT1,-0.462480057
PSCA,0.62320263
PSD,0.14726366
PSD2,0.375905445
PSD3,0.32907088
PSD4,-0.132146354
PSEN1,-0.190015253
PSEN2,0.312604095
PSENEN,-0.127406925
PSG1,-0.386275241
PSG10P,-0.750776421
PSG11,0.484612654
PSG2,0.45269906
PSG3,-0.012761077
PSG4,0.537555421
PSG5,-0.06565576
PSG6,-0.368587085
PSG7,-0.318577396
PSG8,-0.348886116
PSG9,-0.152098125
PSIP1,0.138551465
PSKH1,-0.228577006
PSKH2,-0.581001074
PSMA1,0.137290766
PSMA2,0.062829985
PSMA3,-0.113767209
PSMA4,0.489269732
PSMA5,0.158449167
PSMA6,0.902195782
PSMA7,-0.002408811
PSMA8,-0.110834366
PSMB1,0.164940749
PSMB10,0.21718304
PSMB11,0.472678596
PSMB2,0.187678328
PSMB3,0.396241555
PSMB4,-1.143895305
PSMB5,0.808163643
PSMB6,-0.355318691
PSMB7,0.98141828
PSMB8,0.483225091
PSMB9,0.143036075
PSMC1,0.019238012
PSMC2,0.78112805
PSMC3,0.35887727
PSMC3IP,-0.465848759
PSMC4,0.462056023
PSMC5,0.16409292
PSMC6,0.815922962
PSMD1,0.418609673
PSMD10,-0.185546481
PSMD11,-0.238810472
PSMD12,-0.227990891
PSMD13,-0.380167181
PSMD14,0.780061224
PSMD2,-0.693727147
PSMD3,1.13492122
PSMD4,0.072972499
PSMD5,0.321571665
PSMD6,0.309763596
PSMD7,0.174786914
PSMD8,0.649140112
PSMD9,-0.028064957
PSME1,0.984671283
PSME2,0.414431468
PSME3,0.152760111
PSME3IP1,-0.225212809
PSME4,0.082483343
PSMF1,-0.140036219
PSMG1,0.328028831
PSMG2,-0.526935195
PSMG3,-0.001792222
PSMG4,0.338696001
PSORS1C1,0.348762175
PSORS1C2,-0.114809825
PSPC1,0.044335878
PSPH,0.380656982
PSPN,0.494747724
PSRC1,0.876639092
PSTK,-0.400435868
PSTPIP1,0.552128112
PSTPIP2,0.354660877
PTAFR,-0.339321428
PTAR1,-0.816314327
PTBP1,-0.150112843
PTBP2,0.18688513
PTBP3,-0.46152809
PTCD1,-0.226785311
PTCD2,0.796293299
PTCD3,0.305947422
PTCH1,0.557148624
PTCH2,0.742419994
PTCHD1,-0.519688707
PTCHD3,0.222643984
PTCHD4,-0.286965865
PTCRA,0.288320284
PTDSS1,0.67564096
PTDSS2,-0.000529017
PTEN,-0.361647424
PTENP1,-0.361647424
PTER,0.138572627
PTF1A,0.04152087
PTGDR,0.003665753
PTGDR2,0.239196443
PTGDS,0.400962495
PTGER1,-0.414863394
PTGER2,0.54753506
PTGER3,-0.460175263
PTGER4,0.197195278
PTGES,-0.329278428
PTGES2,-0.403355585
PTGES3,-0.050346153
PTGES3L,0.287335421
PTGES3L-AARSD1,-0.067445633
PTGFR,-0.061023083
PTGFRN,0.594923743
PTGIR,0.180709672
PTGIS,-0.337056739
PTGR1,0.205303207
PTGR2,-0.517460464
PTGS1,-0.098307159
PTGS2,0.296815323
PTH,-0.296458279
PTH1R,0.158313755
PTH2,0.041670872
PTH2R,0.406871884
PTHLH,0.162907412
PTK2,0.527812108
PTK2B,0.463440946
PTK6,-0.23480501
PTK7,0.071814353
PTMA,0.344052844
PTMS,-0.401690341
PTN,-0.062096555
PTP4A1,0.053387409
PTP4A2,0.773928554
PTP4A2P1,0.885382666
PTP4A3,-0.332983938
PTPA,-0.048535231
PTPDC1,-0.673719249
PTPMT1,0.065664495
PTPN1,-0.306874084
PTPN11,0.070715556
PTPN12,-0.029648653
PTPN13,0.037973339
PTPN14,-0.673011345
PTPN18,-0.154157728
PTPN2,-1.28443171
PTPN20,0.230003358
PTPN21,-0.448483379
PTPN22,0.061884665
PTPN23,-0.860709797
PTPN3,-0.428093839
PTPN4,0.432116371
PTPN5,0.63245479
PTPN6,0.120500073
PTPN7,0.395353166
PTPN9,0.044587052
PTPRA,-0.368285165
PTPRB,0.219314342
PTPRC,-0.241450322
PTPRCAP,-0.422133681
PTPRD,0.118967536
PTPRE,-0.206549809
PTPRF,0.73932263
PTPRG,-0.155553809
PTPRH,-0.072901218
PTPRJ,-0.237897753
PTPRK,0.134311802
PTPRM,-0.244339312
PTPRN,0.187448332
PTPRN2,-0.192114542
PTPRO,-0.01982319
PTPRQ,0.785752773
PTPRR,0.070012752
PTPRS,-0.100213486
PTPRT,0.292211205
PTPRU,0.328290085
PTPRZ1,-0.307523121
PTRH1,-0.173114995
PTRHD1,-0.300424398
PTS,-0.335818442
PTTG1,-0.082990767
PTTG1IP,-0.216853546
PTTG2,0.188841729
PTX3,-0.17362184
PTX4,-0.468414161
PUDP,0.209497415
PUF60,-0.075444204
PUM1,0.116796842
PUM2,0.16181907
PUM3,0.091164677
PURA,-0.040975636
PURB,0.477047159
PURG,-0.198646174
PUS1,-0.465238976
PUS10,-0.394841117
PUS3,-0.249274686
PUS7,0.11735732
PUS7L,0.21307368
PUSL1,-0.279333221
PVALB,-0.278996427
PVR,0.362153965
PVRIG,0.649486556
PWP1,-0.623308977
PWP2,0.252510771
PWWP2A,0.160931622
PWWP2B,0.013183793
PWWP3B,-0.386992512
PXDC1,-0.019290693
PXDN,0.20743565
PXDNL,-0.112829481
PXK,-0.016423801
PXMP2,-0.114909778
PXMP4,-0.272408149
PXN,0.629204367
PXT1,0.501166744
PXYLP1,0.005956602
PYCARD,0.592096938
PYCARD-AS1,0.372511586
PYCR1,0.371453496
PYCR2,-0.364445268
PYCR3,-0.228396073
PYDC1,0.209276707
PYDC2,0.011728593
PYGB,0.01168081
PYGL,0.077305837
PYGM,0.260176424
PYGO1,0.557798999
PYGO2,0.206916409
PYHIN1,-0.016486753
PYM1,0.032180949
PYROXD1,-0.014135034
PYROXD2,0.281654515
PYURF,0.541968884
PYY,-0.058234077
PZP,0.113186597
Pwwp3a,-0.505358199
QARS1,0.321937585
QDPR,-0.353928977
QKI,0.240692333
QPCT,0.166895056
QPCTL,0.144839112
QPRT,-0.775322808
QRFP,-0.726688099
QRFPR,0.099756819
QRICH1,-0.056376942
QRICH2,0.226508502
QRSL1,0.806161954
QSER1,0.319790736
QSOX1,-0.688647505
QSOX2,0.133768239
QTRT1,-0.775716426
QTRT2,0.502059402
R3HCC1,0.305015315
R3HCC1L,-0.336157495
R3HDM1,-0.168170071
R3HDM2,-0.059097589
R3HDM4,0.227052923
R3HDML,-0.71670841
RAB10,0.135577201
RAB11A,0.372248734
RAB11B,0.720918568
RAB11FIP1,0.042703253
RAB11FIP2,0.019390844
RAB11FIP3,-0.248675946
RAB11FIP4,0.326542525
RAB11FIP5,-0.508514289
RAB12,0.000119895
RAB13,0.256191527
RAB14,0.719528351
RAB15,-0.32070655
RAB17,0.405457305
RAB18,-0.153317131
RAB19,0.000648719
RAB1A,-0.792567701
RAB1B,-0.010745117
RAB20,0.249389097
RAB21,-0.392561802
RAB22A,-0.311059755
RAB23,0.626465951
RAB24,0.133303577
RAB25,0.118323491
RAB26,-0.115987631
RAB27A,-0.409237476
RAB27B,0.150779477
RAB28,-0.446558162
RAB29,-0.060377057
RAB2A,-0.312165348
RAB2B,0.11853784
RAB30,-0.811898031
RAB31,-0.092443252
RAB32,0.079660854
RAB33A,0.180557924
RAB33B,0.88525519
RAB34,0.012403664
RAB35,-0.121155901
RAB36,0.118593986
RAB37,0.190964973
RAB38,-0.205674287
RAB39A,0.371403043
RAB39B,-0.344358116
RAB3A,-0.329944529
RAB3B,0.103963831
RAB3C,0.268363564
RAB3D,0.530840957
RAB3GAP1,0.067809284
RAB3GAP2,0.216908783
RAB3IL1,0.123517162
RAB3IP,-0.008011497
RAB40A,-0.267672831
RAB40AL,-0.196029193
RAB40B,0.558297726
RAB40C,0.226153677
RAB41,0.028517194
RAB42,0.271337438
RAB42P1,-0.226054977
RAB43,-0.456392784
RAB44,0.297174272
RAB4A,-0.092416784
RAB4B,0.380720922
RAB4B-EGLN2,0.402348258
RAB5A,0.158467342
RAB5B,0.095777427
RAB5C,0.143355155
RAB5IF,-0.481025378
RAB6A,-0.145477627
RAB6B,-0.07723086
RAB6C,-0.418047265
RAB6C-AS1,-0.056826783
RAB6D,-0.232468839
RAB7A,-0.289172502
RAB7B,-0.220704548
RAB8A,-0.201581865
RAB8B,0.342919152
RAB9A,-0.279233766
RAB9B,-0.380662129
RABAC1,-0.141569149
RABEP1,-0.041842383
RABEP2,0.524770047
RABEPK,0.925042545
RABGAP1,-0.557012385
RABGAP1L,0.790962445
RABGEF1,-0.212385176
RABGGTA,0.378478269
RABGGTB,-0.193433363
RABIF,-0.04563444
RABL2A,-0.05788629
RABL2B,-0.032204613
RABL3,-0.221065492
RABL6,0.125706141
RAC1,0.423733753
RAC1P2,0.559007432
RAC2,-0.413402896
RAC3,0.483339238
RACGAP1,-0.189134552
RACK1,-0.342600951
RAD1,-0.03369546
RAD17,0.146814834
RAD18,0.29646459
RAD21,0.172249841
RAD21L1,-0.832056582
RAD23A,0.060687785
RAD23B,-0.086216697
RAD50,0.122587292
RAD51,-0.078089087
RAD51AP1,0.257890072
RAD51AP2,0.311490019
RAD51B,-0.627899214
RAD51C,-0.085794247
RAD51D,-0.061575849
RAD52,-0.403066835
RAD54B,-0.082253334
RAD54L,-0.378930199
RAD54L2,-0.556209184
RAD9A,-0.305669748
RAD9B,-0.048934563
RADIL,-0.198830991
RADX,0.207919769
RAE1,0.862753464
RAET1E,-0.282871319
RAET1E-AS1,0.265035526
RAET1G,0.074465206
RAET1L,0.009628334
RAF1,-0.648231898
RAG1,-0.171655686
RAG2,-0.274498193
RAI1,-0.048611764
RAI14,0.00774273
RAI2,0.105482072
RALA,-0.856845553
RALB,-0.377727681
RALBP1,-0.369899274
RALGAPA1,0.496751773
RALGAPA2,0.023978444
RALGAPB,-0.171818838
RALGDS,0.047975182
RALGPS1,-0.065539561
RALGPS2,0.26139999
RALY,-0.679505277
RALYL,-0.490976326
RAMAC,-0.360178036
RAMACL,-0.360178036
RAMP1,0.148137322
RAMP2,0.081017422
RAMP3,-0.209321128
RAN,0.173572211
RANBP1,0.237261636
RANBP10,0.032387379
RANBP17,-0.10769803
RANBP2,0.005605621
RANBP3,-0.346921933
RANBP3L,0.396381129
RANBP6,-0.263662329
RANBP9,-1.203654588
RANGAP1,-0.206652113
RANGRF,-0.241363189
RAP1A,0.420266426
RAP1B,0.039501753
RAP1BL,-0.145626915
RAP1GAP,0.229521972
RAP1GAP2,-0.234916132
RAP1GDS1,0.306607171
RAP2A,-0.326357367
RAP2B,-0.057804586
RAP2C,-0.192872866
RAPGEF1,0.276014903
RAPGEF2,0.282774604
RAPGEF3,-0.458118103
RAPGEF4,0.086450691
RAPGEF5,-0.102542343
RAPGEF6,0.258485781
RAPGEFL1,-0.078746569
RAPH1,-0.104386707
RAPSN,0.294430542
RARA,-0.175517242
RARB,-0.057097835
RARG,0.197544786
RARRES1,0.595577401
RARRES2,0.108178443
RARS1,1.02004961
RARS2,0.036998244
RASA1,-0.105020662
RASA2,0.018224264
RASA3,-0.188864704
RASA4,0.221118792
RASA4B,0.138195331
RASAL1,0.304701229
RASAL2,-0.242191256
RASAL3,-0.160815542
RASD1,0.230740366
RASD2,-0.766876893
RASEF,0.072613947
RASGEF1A,0.043420066
RASGEF1B,0.237006595
RASGEF1C,-0.13687829
RASGRF1,-0.40663422
RASGRF2,-0.067320923
RASGRP1,-0.025032948
RASGRP2,-0.105679721
RASGRP3,0.269848436
RASGRP4,-0.094891434
RASIP1,0.089823093
RASL10A,-0.026293687
RASL10B,0.109450218
RASL11A,-0.015531934
RASL11B,-0.140576946
RASL12,0.780459975
RASSF1,-0.104394539
RASSF10,0.725501208
RASSF2,-0.444127749
RASSF3,-0.658005553
RASSF4,0.53274558
RASSF5,0.062209567
RASSF6,-0.377182381
RASSF7,0.097491998
RASSF8,0.015836859
RASSF9,-0.392944432
RAVER1,0.121079522
RAVER2,-0.509283915
RAX,0.143636055
RAX2,0.111087628
RB1,-0.201551957
RB1CC1,-0.457485912
RBAK,-0.290435414
RBAK-RBAKDN,-0.317952663
RBBP4,0.063962059
RBBP5,0.190959866
RBBP6,-0.370921293
RBBP7,-0.153460404
RBBP8,0.682266639
RBBP8NL,-0.082760711
RBBP9,0.289212863
RBCK1,-0.041979812
RBFA,-0.464476468
RBFOX1,0.175755149
RBFOX2,-0.366064512
RBFOX3,-0.087397988
RBIS,-0.347904221
RBKS,-0.582889567
RBL1,-0.174336714
RBL2,0.584511518
RBM10,0.020889025
RBM11,0.076553782
RBM12,0.166049785
RBM12B,-0.482364155
RBM14,-0.144320689
RBM14-RBM4,0.031693577
RBM15,0.546319543
RBM15B,0.22211807
RBM17,0.312900792
RBM18,-0.466095572
RBM19,0.492429545
RBM20,-0.089866607
RBM22,0.465626523
RBM23,0.151243011
RBM24,0.484201123
RBM25,0.137902857
RBM26,-0.44750105
RBM27,-0.366623119
RBM28,-0.196260806
RBM3,0.455070823
RBM33,-0.364621695
RBM34,0.113145102
RBM38,-0.65235262
RBM39,0.868553462
RBM4,0.017164827
RBM41,-0.197519439
RBM42,-0.164258004
RBM43,-0.591725242
RBM44,0.362207211
RBM46,0.483516133
RBM47,-0.336280561
RBM48,-0.047093119
RBM4B,0.11088424
RBM5,0.286250213
RBM6,0.309729686
RBM7,-0.052937675
RBM8A,0.395224597
RBMS1,-0.191310078
RBMS2,-0.734761438
RBMS3,0.47346602
RBMX,0.307336667
RBMX2,0.303140994
RBMXL1,0.184466487
RBMXL2,-0.11603326
RBMXL3,0.252094781
RBMY1A1,-0.056216604
RBMY1A3P,0.54863179
RBMY1B,-0.110107153
RBMY1D,-0.110107153
RBMY1E,-0.110107153
RBMY1F,-0.216690831
RBMY1J,-0.216690831
RBMY2EP,0.465357972
RBMY2KP,0.46927586
RBMY2MP,0.720937296
RBMY2QP,0.575135258
RBP1,-0.296405406
RBP2,-0.04590478
RBP3,0.714331195
RBP4,-0.198221389
RBP5,0.648268665
RBP7,0.42492356
RBPJ,-1.139874209
RBPJL,0.6507651
RBPMS,-0.592951413
RBPMS2,0.154118742
RBSN,-0.126235166
RBX1,0.24639086
RC3H1,-0.128952691
RC3H2,0.554052165
RCAN1,0.091936235
RCAN2,0.040098102
RCAN3,-0.163260545
RCBTB1,0.161928221
RCBTB2,0.423187253
RCC1,-0.344237245
RCC1L,-0.30950271
RCC2,0.175402182
RCCD1,-0.20732479
RCE1,-0.003022555
RCHY1,0.298230207
RCL1,-0.118729871
RCN1,-0.08046256
RCN2,-0.238483761
RCN3,0.177101802
RCOR1,-0.417908227
RCOR2,-0.318239774
RCOR3,0.070153387
RCSD1,0.163983714
RCVRN,0.322785818
RD3,0.23651501
RD3L,0.044646046
RDH10,0.554526607
RDH11,-0.505905377
RDH12,0.087046032
RDH13,-0.833016701
RDH14,0.294393269
RDH16,0.224453316
RDH5,-0.019388532
RDH8,-0.575618484
RDM1,0.154547654
RDX,0.435116957
REC114,-0.417947771
REC8,-0.497235347
RECK,-0.311925417
RECQL,-0.343485067
RECQL4,-0.262447677
RECQL5,-0.290405675
REEP1,0.320479666
REEP2,-0.057015854
REEP3,0.029680185
REEP4,0.336198374
REEP5,-0.123863317
REEP6,-0.10311158
REG1A,-0.094521186
REG1B,0.628500529
REG3A,0.000623921
REG3G,-0.006689828
REG4,0.918083579
REL,0.210452033
RELA,-0.195693568
RELB,-0.37023509
RELCH,-0.288553113
RELL1,-0.305396578
RELL2,-0.459816982
RELN,0.646543849
RELT,0.00736769
REM1,-0.127538805
REM2,-0.359781027
REN,0.576433187
RENBP,-0.121178378
REP15,0.101686266
REPIN1,-0.397876092
REPS1,-0.379491139
REPS2,-0.160227048
RER1,0.261715622
RERE,0.715179465
RERG,-0.276214038
RERGL,-0.087154466
RESF1,0.301564761
RESP18,-0.207780268
REST,-0.117827901
RET,-0.037420669
RETN,-0.108526192
RETNLB,-0.18823112
RETREG1,-0.200325416
RETREG2,0.430071936
RETREG3,-0.443473394
RETSAT,0.06658766
REV1,-0.263290264
REV3L,0.364646379
REX1BD,-0.142385335
REXO1,0.336077382
REXO2,-0.112999891
REXO4,-0.991857209
REXO5,-0.070442604
RFC1,-0.348590661
RFC2,-0.404663558
RFC3,-0.252981367
RFC4,-0.460818016
RFC5,-0.538741406
RFESD,0.055297335
RFFL,0.112691947
RFK,-0.496192212
RFLNA,-0.010038331
RFNG,0.80814325
RFPL1,-0.424312188
RFPL1S,-0.424312188
RFPL2,-0.357648438
RFPL3,0.007183956
RFPL4A,0.032677576
RFPL4AL1,0.00589958
RFPL4B,-0.257815909
RFT1,-0.357507688
RFTN1,0.001565422
RFTN2,-0.210889332
RFWD2,0.273773185
RFWD3,0.149556478
RFX1,0.225506429
RFX2,0.196879824
RFX3,-0.144763916
RFX4,0.214872648
RFX5,-0.279675159
RFX6,-0.739477004
RFX7,0.148341354
RFX8,-0.03729198
RFXANK,-0.103536946
RFXAP,0.209748458
RGCC,-0.141963199
RGL1,0.066818062
RGL2,0.98099976
RGL3,0.589586816
RGL4,0.110505093
RGMA,0.130143128
RGMB,-0.36938535
RGN,0.261699188
RGP1,0.236658652
RGPD1,0.005765312
RGPD2,0.005765312
RGPD3,0.411028408
RGPD4,-0.126667843
RGPD5,0.176118015
RGPD6,0.176118015
RGPD8,0.200459978
RGR,0.453653539
RGS1,0.342733833
RGS10,-0.806547531
RGS11,0.314673969
RGS12,-0.586528617
RGS13,0.052624085
RGS14,0.470704152
RGS16,0.232722831
RGS17,-0.422976462
RGS18,-0.32654821
RGS19,0.303688113
RGS2,0.041343787
RGS20,-0.754645078
RGS21,-0.463995243
RGS22,0.163850934
RGS3,-0.256329908
RGS4,-0.661662086
RGS6,0.044610531
RGS7,-0.269702323
RGS7BP,0.517358089
RGS8,-0.253877102
RGS9,-0.060753671
RGS9BP,0.059495817
RGSL1,0.507759268
RHAG,0.196492038
RHBDD1,0.082701257
RHBDD2,0.462431426
RHBDD3,0.707462826
RHBDF1,-0.835353062
RHBDF2,-0.249479557
RHBDL1,0.367315786
RHBDL2,0.218247175
RHBDL3,-0.127706437
RHBG,0.50269731
RHCE,0.124769489
RHCG,-0.113202843
RHD,0.426206964
RHEB,0.190860572
RHEBL1,0.40738347
RHNO1,-0.401482695
RHO,-0.344261705
RHOA,-0.076585795
RHOB,-0.304979965
RHOBTB1,0.223564027
RHOBTB2,-0.48892147
RHOBTB3,0.684786754
RHOC,-0.232776013
RHOD,-0.447212847
RHOF,0.263270661
RHOG,-0.337356729
RHOH,0.184187047
RHOJ,-0.163079884
RHOQ,0.033242818
RHOT1,-0.379839194
RHOT2,-0.593100395
RHOU,0.113514578
RHOV,-0.053199279
RHOXF1,-0.236522427
RHOXF2,-0.16170504
RHOXF2B,0.205238177
RHPN1,-0.270244334
RHPN2,-0.223715132
RIBC1,0.306963428
RIBC2,-0.093983224
RIC1,0.051831316
RIC3,-0.117950203
RIC8A,-0.264863001
RIC8B,-0.162984071
RICTOR,0.255718323
RIDA,-0.40728936
RIF1,-0.219139038
RIIAD1,-0.44761213
RILP,0.610382524
RILPL1,-0.108385821
RILPL2,-0.152228377
RIMBP2,0.158212699
RIMBP3,0.22297485
RIMBP3B,0.075546368
RIMBP3C,0.075546368
RIMKLA,0.155994898
RIMKLB,-0.331681283
RIMS1,-0.141550669
RIMS2,-0.543704836
RIMS4,-0.236494425
RIN1,0.556628406
RIN2,-0.675290734
RIN3,-0.1745032
RING1,-0.277223622
RINL,-0.063075806
RINT1,-0.207824283
RIOK1,-0.299811884
RIOK2,-0.138497943
RIOK3,-0.418542738
RIOX1,-0.557346355
RIOX2,0.282037254
RIPK1,0.303901883
RIPK2,0.487411135
RIPK3,0.083690894
RIPK4,0.479654119
RIPOR1,0.032631242
RIPOR2,0.155872648
RIPOR3,0.376468622
RIPPLY1,0.169025259
RIPPLY2,-0.497082472
RIPPLY3,0.325081656
RIT1,0.327036417
RIT2,-0.095867209
RITA1,-0.196418841
RLBP1,-0.240252989
RLF,0.036862392
RLIM,0.313562829
RLN1,0.077646199
RLN2,0.032941645
RLN3,0.295515338
RMC1,-0.154917145
RMDN1,0.5104852
RMDN2,0.890659235
RMDN3,-0.201327184
RMI1,0.088514333
RMI2,-0.349516679
RMND1,0.031960163
RMND5A,0.106928995
RMND5B,0.121020778
RNASE1,0.333058523
RNASE10,0.324842655
RNASE11,0.356342927
RNASE12,0.357644403
RNASE13,0.037829503
RNASE2,0.630971224
RNASE3,-0.207535614
RNASE4,0.420460356
RNASE6,-0.423132798
RNASE7,-0.217788176
RNASE8,0.168546795
RNASE9,-0.500204371
RNASEH1,-0.360438236
RNASEH2A,0.107520302
RNASEH2B,-0.711925731
RNASEH2C,0.120002087
RNASEK,0.332761956
RNASEK-C17orf49,0.181248594
RNASEL,0.345439448
RNASET2,-0.808560162
RND1,0.195112767
RND2,0.423723466
RND3,-0.244257765
RNF10,-0.21695596
RNF103,-0.124863048
RNF103-CHMP3,0.477811711
RNF11,0.404323028
RNF111,-0.340297882
RNF112,-0.199786231
RNF113A,-0.248243169
RNF113B,-0.668236678
RNF114,-0.124531704
RNF115,0.075198997
RNF121,0.231309763
RNF122,-0.885810875
RNF123,0.244927605
RNF125,0.161852817
RNF126,-0.75552002
RNF128,-1.00051077
RNF13,0.083303146
RNF130,0.088807735
RNF133,0.071295731
RNF135,0.050796681
RNF138,-0.143338673
RNF139,0.459720715
RNF14,-0.276248943
RNF141,0.326317918
RNF144A,0.206118214
RNF144B,0.238458458
RNF145,0.200855158
RNF146,-0.041279206
RNF148,-0.562785671
RNF149,-0.05930478
RNF150,-0.138281268
RNF151,-0.897626972
RNF152,-0.008292849
RNF157,0.014326189
RNF165,0.026424585
RNF166,-0.05060987
RNF167,-0.209283939
RNF168,-0.32895752
RNF169,-0.173931934
RNF17,-0.618948052
RNF170,0.574874026
RNF175,0.198083458
RNF180,-0.077379451
RNF181,0.226784623
RNF182,0.188893062
RNF183,0.006990811
RNF185,0.468056104
RNF186,-0.571550373
RNF187,0.318782856
RNF19A,-0.397688668
RNF19B,0.123057591
RNF2,0.115636034
RNF20,-0.12651516
RNF207,-0.109870559
RNF208,0.410212794
RNF212,-0.442259324
RNF212B,0.110357299
RNF213,-0.11808955
RNF214,0.357522386
RNF215,0.019292154
RNF216,0.359357398
RNF217,-0.009038055
RNF220,0.091769858
RNF222,-0.406782758
RNF223,0.186624213
RNF224,-0.093184189
RNF225,-0.554041326
RNF24,0.21386955
RNF25,0.148590039
RNF26,0.469943886
RNF31,0.713808212
RNF32,0.4972488
RNF34,-0.057873594
RNF38,0.667718423
RNF39,-0.249127466
RNF4,0.216131124
RNF40,0.413513835
RNF41,0.057139353
RNF44,-0.028166262
RNF5,0.376081126
RNF6,-0.444526392
RNF7,-0.409228299
RNF8,-0.359667822
RNFT1,-0.752145779
RNFT2,0.355456371
RNGTT,-0.425361793
RNH1,-0.428183811
RNLS,-0.186096612
RNMT,0.162066642
RNPC3,-0.496931472
RNPEP,0.634635124
RNPEPL1,-0.042066473
RNPS1,-0.060251779
RNR2,-0.123791954
ROBO1,-0.073802883
ROBO2,-0.377622241
ROBO3,-0.362926355
ROBO4,-0.34075981
ROCK1,0.348967166
ROCK2,-0.020214455
ROGDI,-0.203423706
ROM1,0.378913616
ROMO1,0.47097985
ROPN1,0.319757163
ROPN1B,-0.315214819
ROPN1L,0.538999829
ROR1,0.238931077
ROR2,-0.857437931
RORA,0.135150944
RORB,-0.141182
RORC,0.284511196
ROS1,-0.207497201
RP1,-0.102261158
RP1L1,-0.392785373
RP2,0.37322349
RP9,0.128205736
RPA1,-0.344295601
RPA2,0.609026229
RPA3,0.808616217
RPA4,-0.395257665
RPAIN,-0.746778452
RPAP1,0.353477287
RPAP2,0.295372288
RPAP3,0.083580458
RPE,-0.248763295
RPE65,-0.035276884
RPEL1,-0.576079932
RPF1,-0.003344348
RPF2,0.757922223
RPGR,-0.370438276
RPGRIP1,0.519489161
RPGRIP1L,-0.264994543
RPH3A,-0.064808117
RPH3AL,0.248751696
RPIA,-0.094633814
RPL10,-0.430211082
RPL10A,0.17072661
RPL10L,0.434686255
RPL10P9,-0.578565339
RPL11,0.023448499
RPL12,0.008488418
RPL13,0.46638702
RPL13A,1.107435629
RPL14,0.522559617
RPL14P1,-0.389783209
RPL15,0.501752899
RPL15P3,0.4146954
RPL15P7,0.486409886
RPL17,0.512148872
RPL17-C18orf32,0.254456998
RPL17P18,1.017167354
RPL17P34,1.017167354
RPL17P39,1.00035447
RPL17P5,-0.183229461
RPL17P6,0.486765053
RPL17P7,0.486765053
RPL18,-0.506763613
RPL18A,-0.326651478
RPL18AP3,-0.662539161
RPL19,0.536862567
RPL19P9,0.661128229
RPL21,-0.488941781
RPL21P11,-0.272212353
RPL21P119,-0.272212353
RPL21P16,-0.272212353
RPL21P2,-0.272212353
RPL21P28,-0.272212353
RPL21P75,-0.272212353
RPL21P97,-0.272212353
RPL22,-0.306151865
RPL22L1,-0.176174471
RPL22P1,0.476723503
RPL22P2,0.434799918
RPL23,0.590752546
RPL23A,-0.285923872
RPL23AP42,-0.038607035
RPL24,0.597189777
RPL24P4,0.478458482
RPL26,-0.077888446
RPL26L1,0.035169776
RPL26P19,0.26304635
RPL26P32,-0.824512114
RPL26P4,-0.824512114
RPL27,0.311922155
RPL27A,-0.070397536
RPL27AP6,-0.315514624
RPL28,-0.142150805
RPL29,-0.175259924
RPL29P11,0.191475082
RPL29P4,0.041447586
RPL3,-0.352836424
RPL30,-0.013089041
RPL31,0.31874363
RPL32,-0.184739023
RPL32P3,-0.444219922
RPL34,-0.335713209
RPL34P6,-0.798606555
RPL35,0.142513007
RPL35A,0.114855161
RPL36,0.662066651
RPL36A,-0.090810302
RPL36A-HNRNPH2,-0.090810302
RPL36AL,-0.449414871
RPL36AP21,-0.006219418
RPL36AP37,0.16148639
RPL36AP42,-0.449414871
RPL37,0.492824922
RPL37A,1.331645365
RPL38,-0.250909018
RPL39,-0.539028291
RPL39L,-0.427542756
RPL39P15,-0.492311471
RPL39P19,-0.427542756
RPL39P27,-0.267256069
RPL39P3,-0.539028291
RPL39P38,-0.665857828
RPL39P5,-0.267256069
RPL39P6,-0.267256069
RPL3L,-0.00548549
RPL4,0.679880427
RPL41,0.36302276
RPL5,0.117965312
RPL6,0.669201407
RPL6P27,0.503806447
RPL7,0.264583069
RPL7A,0.292206464
RPL7L1,-0.121894453
RPL7P32,-0.385985568
RPL7P9,-0.385985568
RPL8,0.241740425
RPL9,-0.158909171
RPL9P7,-0.545128693
RPL9P8,-0.545128693
RPLP0,0.934257639
RPLP1,0.412353098
RPLP1P4,0.535796864
RPLP2,-0.106074569
RPN1,-0.412232738
RPN2,-0.024616387
RPP14,-0.444704873
RPP21,-0.083248386
RPP25,0.006585307
RPP25L,0.00267399
RPP30,-0.138899122
RPP38,-0.050244629
RPP38-DT,0.886668279
RPP40,-0.148073038
RPRD1A,-0.01547817
RPRD1B,0.058272584
RPRD2,-0.258986392
RPRM,-0.145115464
RPRML,0.162893995
RPS10,-0.215902889
RPS10-NUDT3,-0.078148517
RPS10P15,-0.451656408
RPS10P2,-0.451656408
RPS10P26,-0.047801221
RPS11,0.768194343
RPS12,0.098989974
RPS13,-0.008975653
RPS14,-0.039168538
RPS15,-0.332093227
RPS15A,0.561679686
RPS15AP1,0.58283556
RPS15AP11,1.059533564
RPS15AP19,1.059533564
RPS15AP24,1.059533564
RPS15P4,-0.23099439
RPS16,0.468992021
RPS17,0.138169957
RPS18,0.299624643
RPS18P12,0.112915858
RPS18P13,0.112915858
RPS19,0.224151987
RPS19BP1,-0.128802789
RPS2,0.558885674
RPS20,0.508925354
RPS21,0.1220515
RPS23,1.020322354
RPS24,0.102553918
RPS25,0.690628039
RPS25P6,0.639173363
RPS26,0.390036732
RPS26P11,0.93627908
RPS26P15,0.274133043
RPS26P25,0.681257821
RPS26P28,0.681257821
RPS26P3,0.93627908
RPS26P31,0.83336134
RPS26P32,0.681257821
RPS26P47,0.681257821
RPS26P58,0.93627908
RPS26P6,0.681257821
RPS26P7,0.93627908
RPS26P8,0.681257821
RPS27,-0.132034516
RPS27A,0.545180752
RPS27AP11,0.61697427
RPS27AP16,0.904781689
RPS27AP5,0.459720644
RPS27L,0.6966661
RPS27P13,0.173228021
RPS27P17,0.08366643
RPS27P19,0.011374345
RPS27P21,-0.670699228
RPS27P29,0.173228021
RPS27P3,-0.07193502
RPS27P4,-0.551243821
RPS27P6,0.281666148
RPS27P8,-0.132034516
RPS27P9,0.173228021
RPS28,0.249254306
RPS28P7,0.364126559
RPS29,-0.015164513
RPS29P16,-0.62191721
RPS3,0.183883889
RPS3A,0.693755034
RPS3AP26,0.966396938
RPS3AP47,0.970287776
RPS3AP5,0.966396938
RPS3AP6,0.487520463
RPS4X,0.115982523
RPS4Y1,-0.228632851
RPS4Y2,-0.106800054
RPS5,-0.027940338
RPS6,-0.052549826
RPS6KA1,-0.269874952
RPS6KA2,0.028669836
RPS6KA3,0.184875019
RPS6KA4,0.053267697
RPS6KA5,-0.152683448
RPS6KA6,0.222676102
RPS6KB1,1.06112424
RPS6KB2,0.510614673
RPS6KC1,0.591838538
RPS6KL1,0.460023361
RPS7,0.78000823
RPS7P14,0.725122355
RPS8,0.609161908
RPS8P8,0.82484555
RPS9,0.764401151
RPSA,0.148901249
RPSAP58,-0.130576543
RPTN,-0.760605742
RPTOR,-0.143519243
RPUSD1,0.297147709
RPUSD2,0.198724623
RPUSD3,-0.005344464
RPUSD4,-0.634466971
RRAD,-0.602793996
RRAGA,0.04761655
RRAGB,-0.146678345
RRAGC,0.44934655
RRAGD,-0.685598695
RRAS,-0.192428624
RRAS2,-0.006947358
RRBP1,-0.154211869
RREB1,0.392709834
RRH,-0.216584304
RRM1,0.978761275
RRM2,0.066253369
RRM2B,-0.030953548
RRN3,0.443084677
RRNAD1,-0.137375498
RRP1,-0.108601414
RRP12,0.001497189
RRP15,0.911328652
RRP1B,0.335446572
RRP36,-0.204351868
RRP7A,0.109339768
RRP8,-0.084807425
RRP9,0.33311381
RRS1,0.146586973
RS1,0.259170332
RSAD1,0.065898734
RSAD2,-0.378415382
RSBN1,0.280366021
RSBN1L,-0.171676185
RSC1A1,-0.051898317
RSF1,0.184410127
RSKR,0.314035201
RSL1D1,0.137903771
RSL24D1,0.83994551
RSL24D1P11,1.435774373
RSPH1,0.20181433
RSPH10B,-0.162940067
RSPH10B2,-0.281752324
RSPH14,-0.103288589
RSPH3,-0.147106353
RSPH4A,-0.084887571
RSPH6A,-0.677936931
RSPH9,-0.379086292
RSPO1,-0.247815103
RSPO2,-0.262637011
RSPO3,0.221451748
RSPO4,0.211962616
RSRC1,0.355940017
RSRC2,-0.372063991
RSRP1,-0.010714048
RSU1,-0.105150893
RTBDN,0.060913737
RTCA,-0.09225126
RTCB,0.221025424
RTEL1,0.045771615
RTEL1-TNFRSF6B,0.325582933
RTF1,-0.138053821
RTF2,-0.183505691
RTKN,0.15987223
RTKN2,0.07607167
RTL1,-0.156381594
RTL10,-0.584792769
RTL3,0.374414649
RTL4,0.172743362
RTL5,-0.176652832
RTL6,0.10286847
RTL8A,-0.06086771
RTL8B,-0.738844694
RTL8C,-0.310137427
RTL9,-0.537977797
RTN1,-0.03551251
RTN2,0.458198712
RTN3,0.106645497
RTN4,0.382920954
RTN4IP1,-0.424075442
RTN4R,0.622377777
RTN4RL1,0.106213771
RTN4RL2,0.581506403
RTP1,-0.558085164
RTP2,-0.267634087
RTP3,-0.149703596
RTP4,-0.001953104
RTP5,-0.287419112
RTRAF,-0.790752264
RTTN,0.098321494
RUBCN,0.101100104
RUBCNL,0.007690119
RUFY1,0.324347153
RUFY2,-0.088779727
RUFY3,-0.034725762
RUFY4,0.364950587
RUNDC1,-0.447118274
RUNDC3A,-0.185593173
RUNDC3B,0.041801164
RUNX1,-0.00945444
RUNX1T1,0.302233017
RUNX2,-0.365815502
RUNX3,-0.810262235
RUSC1,-0.071164308
RUSC1-AS1,0.130587582
RUSC2,-0.200829441
RUVBL1,-0.032822476
RUVBL2,0.486011191
RWDD1,-0.502975265
RWDD2A,0.180837007
RWDD2B,-0.144007687
RWDD3,-0.082652298
RWDD4,0.712596947
RWDD4P2,0.276557101
RXFP1,0.408026945
RXFP2,0.099436466
RXFP3,-0.375002809
RXFP4,-0.662117522
RXRA,0.100840683
RXRB,-0.293400769
RXRG,0.089557731
RXYLT1,0.472246471
RYK,-0.537601349
RYR1,0.478762909
RYR2,0.28094063
RYR3,-0.414024016
S100A1,-0.288075021
S100A10,0.08080652
S100A11,-0.381966369
S100A12,-0.128533604
S100A13,-0.209401564
S100A14,-0.054320563
S100A16,0.063192829
S100A2,-0.059993677
S100A3,-0.279445677
S100A4,-0.002173452
S100A5,-0.861326553
S100A6,0.204729746
S100A7,-0.012087348
S100A7A,-0.033468618
S100A7L2,-0.055625496
S100A8,-0.115109502
S100A9,0.026622142
S100B,-0.04165148
S100G,-0.082495839
S100P,0.226516238
S100PBP,0.228439643
S100Z,0.198696326
S1PR1,-0.011799097
S1PR2,0.003400943
S1PR3,-0.105936293
S1PR4,-0.325483734
S1PR5,-0.064841772
SAA1,-0.239276567
SAA2,-0.397242149
SAA2-SAA4,-0.277836455
SAA4,-0.188282184
SAAL1,-0.146955236
SAC3D1,-0.050393642
SACM1L,0.738253246
SACS,-0.138751182
SAE1,1.088355272
SAFB,-0.347796901
SAFB2,0.083774714
SAG,-0.672022798
SAGE1,0.212934722
SALL1,0.222759875
SALL2,0.269979752
SALL3,0.429404721
SALL4,-0.243677143
SAMD10,-0.001235053
SAMD11,-0.077774908
SAMD12,0.010697531
SAMD13,-0.22424635
SAMD14,0.033924464
SAMD15,-0.055953308
SAMD3,-0.098756924
SAMD4A,0.437259273
SAMD4B,-0.196870605
SAMD5,-0.192241846
SAMD7,-0.255702788
SAMD8,0.792829437
SAMD9,-0.285371255
SAMD9L,-0.347850465
SAMHD1,-0.12427173
SAMM50,0.252231107
SAMSN1,-0.349692007
SAP130,0.412978253
SAP18,0.078154132
SAP25,0.216840984
SAP30,-0.607131079
SAP30BP,-0.462670248
SAP30L,0.12955635
SAPCD1,0.513217308
SAPCD2,0.263876621
SAR1A,-0.231940266
SAR1B,0.559713069
SARAF,-0.57398845
SARDH,0.072735325
SARM1,0.069727325
SARNP,0.154840265
SARS1,0.396152562
SARS2,0.414939751
SART1,-0.171634499
SART3,0.139903201
SASH1,-0.27703779
SASH3,0.342652538
SASS6,0.895367037
SAT1,-0.524358018
SAT2,-0.105157341
SATB1,-0.046600186
SATB2,0.21918219
SATL1,-0.549573989
SAV1,-0.232088003
SAXO1,-0.097432106
SAXO2,-0.777993365
SAYSD1,-0.467192696
SBDS,0.483611216
SBF1,-0.216577566
SBF2,-0.826107847
SBK1,-0.533406594
SBK2,-0.543901992
SBK3,-0.373197423
SBNO1,-0.310735383
SBNO2,-0.415147475
SBSN,-0.089885686
SBSPON,0.054880583
SC5D,-0.363724473
SCAF1,-0.024552261
SCAF11,-0.150197526
SCAF4,-0.120502272
SCAF8,0.518233413
SCAI,-0.440079239
SCAMP1,-0.324198206
SCAMP2,-0.479434501
SCAMP3,-0.72915265
SCAMP4,-0.021669162
SCAMP5,-0.4995685
SCAND1,-0.2241049
SCAP,0.34987829
SCAPER,-0.435028779
SCARA3,-0.353861817
SCARA5,-0.011430646
SCARB1,0.599120709
SCARB2,0.30995696
SCARF1,-0.150919929
SCARF2,-0.402366245
SCCPDH,0.570379895
SCD,0.438952916
SCD5,-0.094769343
SCEL,0.286620599
SCFD1,0.724278022
SCFD2,0.049689636
SCG2,0.496572548
SCG3,0.259156784
SCG5,0.183313248
SCGB1A1,-0.097432143
SCGB1C1,0.440805928
SCGB1C2,0.312408404
SCGB1D1,-0.214313648
SCGB1D2,-0.001553008
SCGB1D4,-0.135207551
SCGB2A1,0.109083619
SCGB2A2,0.773400392
SCGB2B2,0.058812768
SCGB3A1,0.023645279
SCGB3A2,0.098199709
SCGN,0.232487581
SCHIP1,-0.365362825
SCIMP,0.087564303
SCIN,0.17331302
SCLT1,-0.115700446
SCLY,-0.042867054
SCMH1,0.288654971
SCML1,0.044491227
SCML2,0.293449026
SCML4,0.642275683
SCN10A,0.151717149
SCN11A,-0.460114754
SCN1A,-0.088769534
SCN1B,-0.134015836
SCN2A,-0.730140398
SCN2B,-0.103495793
SCN3A,-0.342867741
SCN3B,0.411246405
SCN4A,-0.294754456
SCN4B,-0.166610451
SCN5A,-0.622379283
SCN7A,-0.329919134
SCN8A,-0.003992579
SCN9A,0.023149032
SCNM1,0.488409669
SCNN1A,0.468468643
SCNN1B,0.289950516
SCNN1D,0.109435397
SCNN1G,0.022608316
SCO1,-0.540579524
SCO2,-0.293577526
SCOC,-0.309654563
SCP2,-0.022105399
SCP2D1,0.249167717
SCPEP1,0.29871467
SCRG1,-0.0952494
SCRIB,-0.226228595
SCRN1,0.326756849
SCRN2,-0.121016321
SCRN3,0.21862595
SCRT1,0.185061144
SCRT2,-0.29869277
SCT,-0.353237777
SCTR,0.171445035
SCUBE1,0.509366008
SCUBE2,-0.321673148
SCUBE3,0.1139288
SCX,-0.474910547
SCYL1,0.647481779
SCYL2,-0.145459919
SCYL3,0.366884439
SDAD1,1.110052535
SDC1,0.106088869
SDC2,-0.102908245
SDC3,0.110041296
SDC4,0.513462118
SDCBP,-0.534141132
SDCBP2,0.185834498
SDCCAG8,-0.569101015
SDE2,0.133489609
SDF2,-0.173276175
SDF2L1,-0.490645023
SDF4,-0.534139636
SDHA,-0.666103359
SDHAF1,0.011484322
SDHAF2,-0.187708408
SDHAF3,-0.097062747
SDHB,-0.699903641
SDHC,-0.143760981
SDHD,0.206174505
SDHDP3,0.281827984
SDK1,-0.05702487
SDK2,0.312577123
SDR16C5,-0.232422886
SDR39U1,0.717148619
SDR42E1,-0.478267256
SDR9C7,0.40613082
SDS,-0.498242518
SDSL,0.825724246
SEBOX,-0.138715836
SEC11A,-0.164377091
SEC11C,-0.125544645
SEC13,-0.344687673
SEC14L1,0.254092427
SEC14L2,0.198080402
SEC14L3,-0.099690791
SEC14L4,0.246759594
SEC14L5,0.185889317
SEC14L6,0.116162716
SEC16A,0.032357168
SEC16B,0.155321484
SEC22A,0.522464315
SEC22B,0.303552962
SEC22C,0.284769511
SEC23A,-0.2191342
SEC23B,0.423086635
SEC23IP,0.229285605
SEC24A,-0.083063705
SEC24B,0.309357855
SEC24C,0.021160563
SEC24D,0.335151387
SEC31A,0.038522259
SEC31B,0.306954283
SEC61A1,0.803415264
SEC61A2,-0.33558034
SEC61B,0.435554905
SEC61G,-0.195920731
SEC62,-0.255228128
SEC63,0.502976338
SECISBP2,-0.284653681
SECISBP2L,0.481560417
SECTM1,0.596067911
SEH1L,0.500407001
SEL1L,-0.075155387
SEL1L2,-0.603818649
SEL1L3,-0.250809381
SELE,-0.427528847
SELENBP1,-0.369409217
SELENOF,0.278518163
SELENOH,0.427383117
SELENOI,-0.417765942
SELENOK,0.240982953
SELENOM,-0.342018693
SELENON,-0.24508775
SELENOO,0.415020604
SELENOP,-0.653651306
SELENOS,-0.258731489
SELENOT,-0.289197762
SELENOV,0.628718443
SELENOW,0.167611087
SELL,-0.416209602
SELP,-0.021842245
SELPLG,0.223455707
SEM1,0.005685891
SEMA3A,0.194193718
SEMA3B,0.46766495
SEMA3C,-0.363267055
SEMA3D,-0.156382822
SEMA3E,-0.093450118
SEMA3F,-0.289016541
SEMA3G,0.090307825
SEMA4A,-0.118599406
SEMA4B,-0.039225269
SEMA4C,0.133449462
SEMA4D,-0.106065126
SEMA4F,-0.403769426
SEMA4G,0.277196646
SEMA5A,-0.570584969
SEMA5B,-0.006033272
SEMA6A,0.31690949
SEMA6B,-0.007687178
SEMA6C,0.461330672
SEMA6D,0.010015277
SEMA7A,0.060119549
SEMG1,-0.047630377
SEMG2,-0.027901735
SENP1,0.60689757
SENP2,0.176799605
SENP3,-0.188339396
SENP3-EIF4A1,0.042917852
SENP5,-0.044426796
SENP6,-0.873970258
SENP7,0.884567568
SENP8,0.497258585
SEPHS1,0.53390972
SEPHS2,-0.128538321
SEPSECS,-0.462014694
SEPT5-GP1BB,-0.210284657
SEPTIN1,-0.308791395
SEPTIN10,-0.045155644
SEPTIN11,0.168210586
SEPTIN12,0.347116402
SEPTIN14,0.22032946
SEPTIN2,0.296976434
SEPTIN3,-0.385205055
SEPTIN4,-0.313010201
SEPTIN5,-0.200253603
SEPTIN6,0.24003274
SEPTIN7,-0.009837507
SEPTIN8,0.218796518
SEPTIN9,0.458441426
SERAC1,0.080078918
SERBP1,-0.826476082
SERF1A,-0.011915615
SERF1B,-0.011915615
SERF2,0.207972196
SERF2-C15ORF63,0.258805887
SERGEF,0.475821216
SERHL,-0.047528255
SERHL2,-0.055942079
SERINC1,0.277796276
SERINC2,0.13892195
SERINC3,-0.421625203
SERINC4,-0.013673909
SERINC5,-0.205949462
SERP1,0.271002472
SERP2,-0.574250524
SERPINA1,0.406253536
SERPINA10,0.060152297
SERPINA11,0.28445467
SERPINA12,-0.07182814
SERPINA3,-0.616251152
SERPINA4,0.103972788
SERPINA5,-0.658835587
SERPINA6,0.387057614
SERPINA7,-0.447227781
SERPINA9,0.506061912
SERPINB1,-0.74962048
SERPINB10,0.34567843
SERPINB11,0.138999366
SERPINB12,0.071974465
SERPINB13,-0.305140882
SERPINB2,-0.03552228
SERPINB3,-0.158029923
SERPINB4,-0.529055026
SERPINB5,0.477282097
SERPINB6,-0.279287026
SERPINB7,-0.024322795
SERPINB8,-0.52237299
SERPINB9,0.04542271
SERPINC1,-0.352257481
SERPIND1,0.100534113
SERPINE1,-0.067509383
SERPINE2,0.48817509
SERPINE3,-0.098686334
SERPINF1,-0.259887685
SERPINF2,-0.197161063
SERPING1,0.564173803
SERPINH1,0.139757102
SERPINI1,0.064155983
SERPINI2,-0.387381131
SERTAD1,-0.167472068
SERTAD2,0.357092889
SERTAD3,-0.558724961
SERTAD4,0.355373199
SERTM1,-0.000200087
SESN1,-0.172522797
SESN2,0.359506547
SESN3,0.356258557
SESTD1,-0.529675022
SET,0.230486072
SETBP1,-0.72029325
SETD1A,-0.427979168
SETD1B,0.315559193
SETD2,-1.071504168
SETD3,0.133402285
SETD4,0.93071236
SETD5,0.136564927
SETD6,-0.50140622
SETD7,-0.311869346
SETD9,-0.255381734
SETDB1,0.275945846
SETDB2,-0.357633787
SETDB2-PHF11,-0.095659461
SETMAR,-0.107482572
SETP14,0.347320669
SETSIP,0.627929987
SETX,0.469421273
SEZ6,-0.111191323
SEZ6L,-0.109176505
SEZ6L2,-0.006842897
SF1,-0.133195169
SF3A1,0.244701869
SF3A2,0.010999268
SF3A3,0.419535643
SF3B1,0.504546425
SF3B2,-0.469221824
SF3B3,0.297094552
SF3B4,-0.023998573
SF3B5,0.120654978
SF3B6,-0.2276216
SFI1,-0.245083198
SFMBT1,0.283973942
SFMBT2,0.896764535
SFN,0.170770956
SFPQ,-0.136026966
SFR1,-0.066328736
SFRP1,-0.459144561
SFRP2,0.467164634
SFRP4,-0.017328088
SFRP5,-0.476092266
SFSWAP,0.403112176
SFT2D1,-0.152367085
SFT2D2,0.057491774
SFT2D3,0.497298778
SFTA2,0.135024337
SFTA3,-0.011493281
SFTPA1,0.614761882
SFTPA2,-0.225934835
SFTPB,0.300891856
SFTPC,0.203590694
SFTPD,0.513721434
SFXN1,-0.096655489
SFXN2,0.153106348
SFXN3,-0.085065486
SFXN4,-0.123408112
SFXN5,-0.029919898
SGCA,-0.465761055
SGCB,-0.315748202
SGCD,0.535495293
SGCE,-0.074146664
SGCG,0.37708801
SGCZ,-0.251804733
SGF29,-0.230154687
SGIP1,-0.119055956
SGK1,-0.053020234
SGK2,0.061804534
SGK3,-0.17757349
SGMS1,0.428773613
SGMS2,-0.0109774
SGO2,0.496248028
SGPL1,0.46715489
SGPP1,0.057658078
SGPP2,-0.177251096
SGSH,-0.145003628
SGSM1,-0.680553628
SGSM2,0.596363456
SGSM3,-0.375098237
SGTA,0.284315259
SGTB,0.117537298
SH2B1,0.066425542
SH2B2,0.268914637
SH2B3,-0.614640279
SH2D1A,-0.244554385
SH2D1B,-0.109527931
SH2D2A,0.217928111
SH2D3A,0.297990281
SH2D3C,-0.07514478
SH2D4A,-0.099266154
SH2D4B,0.101380102
SH2D5,0.025733921
SH2D6,-0.234424716
SH2D7,-0.059592104
SH3BGR,-0.763276672
SH3BGRL,-0.304971094
SH3BGRL2,-0.47474946
SH3BGRL3,-0.657218605
SH3BP1,-0.023926729
SH3BP2,-0.070320514
SH3BP4,0.740659321
SH3BP5,0.649327248
SH3BP5L,-0.07596383
SH3D19,0.032633361
SH3D21,0.663285759
SH3GL1,0.652994754
SH3GL2,0.143719974
SH3GL3,0.208299187
SH3GLB1,-0.173828174
SH3GLB2,0.575260811
SH3KBP1,-0.032034762
SH3PXD2A,-0.424208505
SH3PXD2B,-0.692494176
SH3RF1,0.217991619
SH3RF2,0.022655295
SH3RF3,0.407147141
SH3TC1,0.624392909
SH3TC2,0.046395242
SH3YL1,-0.028020654
SHANK1,-0.056135632
SHANK2,-0.403786425
SHANK3,-0.157564771
SHARPIN,-0.094107965
SHB,0.334936311
SHBG,0.736145459
SHC1,0.044356607
SHC2,0.199712829
SHC3,0.414249248
SHC4,0.813318587
SHCBP1,-0.47645799
SHCBP1L,0.082687923
SHD,-0.096561919
SHE,-0.113996931
SHF,-0.188916893
SHFL,-0.282591921
SHH,0.342686453
SHISA2,0.177667912
SHISA3,0.124060448
SHISA4,0.456649475
SHISA5,0.079298847
SHISA6,0.06497704
SHISA7,-0.087159991
SHISA8,0.344948183
SHISA9,0.208849334
SHISAL1,0.399383857
SHISAL2A,0.3694968
SHISAL2B,-0.208383772
SHKBP1,-0.25960774
SHLD1,0.487982783
SHLD2,0.608766005
SHLD2P1,0.791968681
SHLD2P3,0.52788938
SHMT1,0.380537303
SHMT2,0.144461143
SHOC1,-0.190645519
SHOC2,0.492460456
SHOX,-0.381149924
SHOX2,-0.265506485
SHPK,-0.125718707
SHPRH,0.040418036
SHQ1,0.308510372
SHROOM1,-0.304968441
SHROOM2,0.135549512
SHROOM3,0.389686696
SHROOM4,0.011231449
SHTN1,0.199340469
SI,-0.284035523
SIAE,0.692872887
SIAH1,-0.298572784
SIAH2,0.117955703
SIAH3,-0.000786797
SIDT1,0.04742424
SIDT2,0.235145992
SIGIRR,-0.128391281
SIGLEC1,0.1501834
SIGLEC10,-0.017387641
SIGLEC11,-0.219052542
SIGLEC12,-0.667555824
SIGLEC14,0.014124675
SIGLEC15,-0.459661343
SIGLEC5,0.481149421
SIGLEC6,-0.17830271
SIGLEC7,0.122402411
SIGLEC8,-0.33490184
SIGLEC9,-0.076667521
SIGLECL1,-0.377361107
SIGMAR1,0.012266691
SIK1,-0.302588824
SIK1B,-0.302588824
SIK2,-0.209794892
SIK3,0.323515784
SIKE1,0.21684166
SIL1,0.002504159
SIM1,0.273742251
SIM2,-0.31114468
SIMC1,0.276986721
SIN3A,-0.914177297
SIN3B,0.029635388
SINHCAF,-0.778363359
SIPA1,-0.425494084
SIPA1L1,-0.581811107
SIPA1L2,0.16855337
SIPA1L3,-0.518258192
SIRPA,0.317416366
SIRPB1,0.268814085
SIRPB2,-0.272308237
SIRPD,0.120580105
SIRPG,0.347639462
SIRT1,-0.378000856
SIRT2,-0.381222542
SIRT3,0.126921342
SIRT4,-0.208228753
SIRT5,0.092904043
SIRT6,-0.038131312
SIRT7,-0.516519713
SIT1,0.925279475
SIVA1,0.02445373
SIX1,-0.094284188
SIX2,0.454919038
SIX3,0.018987392
SIX4,-0.213818464
SIX5,-0.550355832
SIX6,-0.438393674
SKA1,0.719969439
SKA2,0.580397819
SKA2P1,0.492114987
SKA3,0.373929584
SKAP1,0.016764364
SKAP2,-0.047041129
SKI,-0.913561757
SKIDA1,-0.02694584
SKIL,0.294811292
SKIV2L,0.356857668
SKOR1,0.489686098
SKOR2,-0.091620545
SKP1,0.346808107
SKP2,0.046311616
SLA,0.568637412
SLA2,0.302961805
SLAIN1,0.039600365
SLAIN2,0.169629144
SLAMF1,0.071280504
SLAMF6,-0.955585854
SLAMF7,-0.088624383
SLAMF8,-0.234555641
SLAMF9,0.428291223
SLBP,-0.140425423
SLC10A1,0.200665139
SLC10A2,-0.326883093
SLC10A3,-0.015588291
SLC10A4,0.152334671
SLC10A5,0.154245181
SLC10A6,0.182313165
SLC10A7,0.380057577
SLC11A1,-0.205234255
SLC11A2,-0.04552857
SLC12A1,0.124066869
SLC12A2,0.404359998
SLC12A3,-0.655483733
SLC12A4,0.002676717
SLC12A5,0.156713081
SLC12A6,-0.151719231
SLC12A7,0.204993608
SLC12A8,0.007773074
SLC12A9,-0.642997515
SLC13A1,0.062877181
SLC13A2,0.19835063
SLC13A3,0.281882629
SLC13A4,0.145242925
SLC13A5,-0.518716543
SLC14A1,-0.117211488
SLC14A2,-0.166730835
SLC15A1,-0.015036301
SLC15A2,0.038063933
SLC15A3,-0.200544875
SLC15A4,-0.610788075
SLC15A5,0.05455461
SLC16A1,-0.226050716
SLC16A10,0.044697486
SLC16A11,-1.018667085
SLC16A12,0.512913299
SLC16A13,0.160704427
SLC16A14,-0.096043888
SLC16A2,-0.024166777
SLC16A3,0.146299913
SLC16A4,0.423422022
SLC16A5,0.165942661
SLC16A6,-0.200032541
SLC16A7,0.961196741
SLC16A8,0.06453206
SLC16A9,0.040456518
SLC17A1,-0.260186916
SLC17A2,0.139574538
SLC17A3,0.000658828
SLC17A4,0.231334165
SLC17A5,-0.178586581
SLC17A6,0.139559768
SLC17A7,0.414204656
SLC17A8,-0.266224517
SLC17A9,-0.55710305
SLC18A1,-0.399637345
SLC18A2,0.497517248
SLC18A3,0.056972612
SLC18B1,-0.054605754
SLC19A1,-0.615934324
SLC19A2,0.514775837
SLC19A3,-0.226445492
SLC1A1,0.184011951
SLC1A2,0.355695629
SLC1A3,-0.137307765
SLC1A4,0.015019846
SLC1A5,-0.455373904
SLC1A6,0.333325461
SLC1A7,0.427505989
SLC20A1,-0.016901001
SLC20A2,0.000218982
SLC22A1,0.099663659
SLC22A10,-0.029901811
SLC22A11,-0.326907085
SLC22A12,-0.273297591
SLC22A13,0.04150893
SLC22A14,0.336878576
SLC22A15,-0.09535667
SLC22A16,-0.132595119
SLC22A17,0.403289119
SLC22A18,0.08085127
SLC22A18AS,-0.250761588
SLC22A2,0.101893174
SLC22A20P,-0.491569339
SLC22A23,-0.134550962
SLC22A24,-0.545550637
SLC22A25,-0.284182193
SLC22A3,0.335806033
SLC22A31,0.049170516
SLC22A4,-0.008142723
SLC22A5,0.335292669
SLC22A6,-0.184743252
SLC22A7,-0.108325709
SLC22A8,0.168072526
SLC22A9,0.292517641
SLC23A1,-0.067195365
SLC23A2,0.383024785
SLC23A3,0.087596174
SLC24A1,-0.106370871
SLC24A2,-0.564803588
SLC24A3,-0.364304251
SLC24A4,-0.177589531
SLC24A5,0.248193505
SLC25A1,-0.041265918
SLC25A10,-0.231999716
SLC25A11,0.597378536
SLC25A12,0.766540641
SLC25A13,0.280653282
SLC25A14,-0.347233915
SLC25A15,-0.472825511
SLC25A16,-0.435312571
SLC25A17,0.041370604
SLC25A18,-0.64586322
SLC25A19,-0.045491728
SLC25A2,0.061015186
SLC25A20,-0.18750804
SLC25A21,-0.148786735
SLC25A22,-0.653533081
SLC25A23,-0.083496376
SLC25A24,0.401343886
SLC25A25,-0.262662724
SLC25A26,-0.685223683
SLC25A27,0.4654904
SLC25A28,0.335986819
SLC25A29,-0.199640056
SLC25A3,-0.00852778
SLC25A30,-0.082542426
SLC25A31,0.100958975
SLC25A32,-0.421149929
SLC25A33,-0.120400355
SLC25A34,0.041404956
SLC25A35,-0.222744793
SLC25A36,0.389862548
SLC25A37,0.117344957
SLC25A38,0.01336551
SLC25A39,-0.211293953
SLC25A4,-0.447556663
SLC25A40,0.411757707
SLC25A41,-0.142478139
SLC25A42,0.22643165
SLC25A43,-0.034379558
SLC25A44,0.090083594
SLC25A45,-0.099075207
SLC25A46,-0.279863343
SLC25A47,-0.143749697
SLC25A48,0.087539903
SLC25A5,-0.177978903
SLC25A51,-0.237619384
SLC25A51P2,-0.403880464
SLC25A51P3,-0.403880464
SLC25A51P4,-0.403880464
SLC25A52,-0.276545931
SLC25A53,-0.080904586
SLC25A6,0.401262151
SLC26A1,-0.192444976
SLC26A10,-0.272950225
SLC26A11,-0.355260849
SLC26A2,-0.032098514
SLC26A3,-0.131493909
SLC26A4,0.030568878
SLC26A5,0.042905575
SLC26A6,-0.092849128
SLC26A7,0.459379469
SLC26A8,-0.477528412
SLC26A9,0.319628015
SLC27A1,0.359084836
SLC27A2,0.170038722
SLC27A3,-0.191505062
SLC27A4,0.405377035
SLC27A5,-0.206419779
SLC27A6,0.46739181
SLC28A1,0.494044443
SLC28A2,0.277784491
SLC28A3,0.056065846
SLC29A1,0.331130899
SLC29A2,-0.215058064
SLC29A3,-0.51493516
SLC29A4,0.354814376
SLC2A1,0.325114326
SLC2A10,-0.142654199
SLC2A11,-0.411430345
SLC2A12,0.181402229
SLC2A13,-0.502620423
SLC2A14,0.32603478
SLC2A2,-0.75245094
SLC2A3,-0.260585162
SLC2A4,-0.132137354
SLC2A4RG,-0.208916129
SLC2A5,0.538671588
SLC2A6,-0.42787899
SLC2A7,-0.453357588
SLC2A8,-0.130553947
SLC2A9,0.270928744
SLC30A1,-0.137687437
SLC30A10,0.44633424
SLC30A2,0.23548073
SLC30A3,-0.153801227
SLC30A4,-0.153234899
SLC30A5,-0.20375583
SLC30A6,0.12352366
SLC30A7,0.447432362
SLC30A8,0.910218371
SLC30A9,-0.549315403
SLC31A1,0.666022663
SLC31A2,-0.295729503
SLC32A1,-0.144974885
SLC33A1,0.020009615
SLC34A1,0.030312639
SLC34A2,-0.454773826
SLC34A3,0.30543765
SLC35A1,0.143059652
SLC35A2,-1.062854214
SLC35A3,-0.313749551
SLC35A4,0.398475196
SLC35A5,-0.22227926
SLC35B1,0.267586332
SLC35B2,0.103443915
SLC35B3,-0.543566032
SLC35B4,-0.152055438
SLC35C1,0.217824822
SLC35C2,-0.108780828
SLC35D1,-0.489391605
SLC35D2,-0.558235227
SLC35D3,-0.339433825
SLC35E1,0.283053304
SLC35E2A,-0.193141958
SLC35E2B,0.194810497
SLC35E3,-0.249048249
SLC35E4,0.354230259
SLC35F1,-0.189104321
SLC35F2,0.085170695
SLC35F3,-0.229924146
SLC35F4,-0.557846032
SLC35F5,0.097491791
SLC35F6,-0.432214703
SLC35G1,0.020201979
SLC35G2,-0.11482919
SLC35G3,0.109566501
SLC35G4,-0.55424218
SLC35G5,0.14335414
SLC35G6,0.183082239
SLC36A1,-0.14317076
SLC36A2,-0.004375085
SLC36A3,-0.039463893
SLC36A4,-0.215418293
SLC37A1,0.521317766
SLC37A2,-0.014956338
SLC37A3,-0.017950446
SLC37A4,-0.19343051
SLC38A1,0.179384249
SLC38A10,-0.536243711
SLC38A11,0.061153771
SLC38A2,-0.585420175
SLC38A3,-0.042102833
SLC38A4,-0.159215028
SLC38A5,0.511814076
SLC38A6,-0.135671428
SLC38A7,0.157005331
SLC38A8,-0.668069494
SLC38A9,-0.206272615
SLC39A1,-0.823419046
SLC39A10,0.393109763
SLC39A11,0.336669269
SLC39A12,0.092802057
SLC39A13,0.010627254
SLC39A14,0.378356273
SLC39A2,0.163714171
SLC39A3,-0.006186209
SLC39A4,0.404458249
SLC39A5,0.032531605
SLC39A6,-0.462651427
SLC39A7,0.436014168
SLC39A8,0.3952633
SLC39A9,0.188648511
SLC3A1,0.45234652
SLC3A2,-0.519496768
SLC40A1,0.345152722
SLC41A1,0.397711105
SLC41A2,-0.077397181
SLC41A3,-0.010669182
SLC43A1,-0.062073529
SLC43A2,0.050068599
SLC43A3,-0.414931245
SLC44A1,1.01319361
SLC44A2,-0.059858837
SLC44A3,0.182403518
SLC44A4,0.227067126
SLC44A5,0.108344018
SLC45A1,0.392154785
SLC45A2,0.465541983
SLC45A3,-0.190428989
SLC45A4,0.423681081
SLC46A1,0.410524874
SLC46A2,-0.071016068
SLC46A3,-0.327922844
SLC47A1,-0.280052638
SLC47A2,-0.173199146
SLC48A1,0.433463884
SLC49A3,0.27127738
SLC49A4,-0.062106834
SLC4A1,-0.19893616
SLC4A10,-0.577876794
SLC4A11,0.190450574
SLC4A1AP,-0.40207583
SLC4A2,0.248956648
SLC4A3,-0.15816553
SLC4A4,0.458046177
SLC4A5,-0.170940333
SLC4A7,-0.658273706
SLC4A8,0.220875101
SLC4A9,-0.335581237
SLC50A1,-0.619277339
SLC51A,0.123068678
SLC51B,0.551318063
SLC52A1,0.004581587
SLC52A2,0.296075585
SLC52A3,-0.768238511
SLC5A1,-0.283249543
SLC5A10,-0.089856617
SLC5A11,0.5717556
SLC5A12,-0.018967062
SLC5A2,0.333480031
SLC5A3,0.209880738
SLC5A4,-0.385610492
SLC5A5,0.059504567
SLC5A6,-0.444070966
SLC5A7,0.094476533
SLC5A8,-0.62409786
SLC5A9,0.415635876
SLC66A1,-0.377306184
SLC66A1L,0.22190396
SLC66A2,0.24051492
SLC66A3,-0.192989337
SLC6A1,0.232291264
SLC6A11,-0.352090488
SLC6A12,0.020808638
SLC6A13,-0.030974076
SLC6A14,-0.035632368
SLC6A15,-0.329958799
SLC6A16,0.326522456
SLC6A17,0.39987285
SLC6A18,-0.324480085
SLC6A19,0.340213384
SLC6A2,-0.922377851
SLC6A20,-0.126748703
SLC6A3,0.526035012
SLC6A4,0.496809677
SLC6A5,0.022327723
SLC6A6,-0.16220757
SLC6A7,-0.629887828
SLC6A8,0.079885435
SLC6A9,0.631881131
SLC7A1,0.537696147
SLC7A10,0.265742063
SLC7A11,-0.184733533
SLC7A13,-0.494265691
SLC7A14,-0.329570589
SLC7A2,-0.366775316
SLC7A3,-0.235717946
SLC7A4,-0.239516096
SLC7A5,-0.522977014
SLC7A6,-0.11141665
SLC7A6OS,0.252169183
SLC7A7,0.635382104
SLC7A8,-0.036491015
SLC7A9,-0.220352776
SLC8A1,0.364651161
SLC8A2,-0.02749936
SLC8A3,-0.06280112
SLC8B1,0.012959403
SLC9A1,0.457088135
SLC9A2,0.754234128
SLC9A3,0.03411211
SLC9A3R1,0.147971633
SLC9A3R2,-0.737596007
SLC9A4,0.039041324
SLC9A5,-0.10041295
SLC9A6,0.37807093
SLC9A7,0.141087449
SLC9A8,0.121326967
SLC9A9,-0.271665908
SLC9B1,0.291735906
SLC9B2,-0.135585256
SLC9C1,-0.085236292
SLC9C2,-0.323478182
SLCO1A2,0.062181839
SLCO1B1,0.163905478
SLCO1B3,-0.048658994
SLCO1B3-SLCO1B7,-0.048658994
SLCO1B7,-0.154903218
SLCO1C1,0.170301195
SLCO2A1,-0.241824796
SLCO2B1,0.396107908
SLCO3A1,-0.257942906
SLCO4A1,-0.766163605
SLCO4C1,0.068193851
SLCO5A1,-0.151094531
SLCO6A1,0.504275718
SLF1,-0.16052004
SLF2,-0.866091813
SLFN11,0.101539848
SLFN12,-0.108088185
SLFN12L,0.814266014
SLFN13,-0.250089408
SLFN14,-0.173162736
SLFN5,-0.319172841
SLFNL1,0.30659715
SLIRP,-0.264571838
SLIT1,0.372249899
SLIT2,0.871695024
SLIT3,0.357325458
SLITRK1,0.305093361
SLITRK2,-0.600313918
SLITRK3,0.40978793
SLITRK4,0.498901169
SLITRK5,0.029660821
SLITRK6,0.091216892
SLK,0.186429335
SLMAP,0.031536111
SLMO2-ATP5E,0.555072098
SLN,-0.284672714
SLPI,-0.904720808
SLTM,0.011640653
SLU7,0.113538837
SLURP1,0.224749802
SLX1A,0.035785002
SLX1A-SULT1A3,-0.269173416
SLX1B,0.035785002
SLX1B-SULT1A4,-0.269173416
SLX4,-0.313974952
SLX4IP,0.298311386
SMAD1,-0.196965759
SMAD2,-0.325149072
SMAD3,0.556108881
SMAD4,-0.543475454
SMAD5,-0.216576318
SMAD6,0.153503915
SMAD7,-0.024168741
SMAD9,-0.321798369
SMAGP,-0.456421162
SMAP1,0.442846167
SMAP2,0.201797733
SMARCA1,0.360103024
SMARCA2,-0.024864638
SMARCA4,-0.59243761
SMARCA5,-0.234013603
SMARCAD1,-0.376091179
SMARCAL1,-0.545964955
SMARCB1,0.202869096
SMARCC1,-0.239510158
SMARCC2,0.084009775
SMARCD1,-0.59644287
SMARCD2,0.137324634
SMARCD3,-0.537934336
SMARCE1,0.349608116
SMC1A,-0.154637787
SMC1B,0.327456121
SMC2,0.558865013
SMC3,-0.054101125
SMC4,0.881031566
SMC5,-0.726073772
SMC6,-0.27344214
SMCHD1,-0.167084558
SMCO1,-0.263481925
SMCO2,0.343329528
SMCO3,0.137257187
SMCO4,-0.356235736
SMCP,0.121249288
SMCR8,0.153898828
SMDT1,0.020528144
SMG1,-0.779399279
SMG5,0.16399143
SMG6,0.080436946
SMG7,0.028178992
SMG8,0.066601986
SMG9,-0.288217557
SMIM1,0.120102318
SMIM10,-0.023765779
SMIM10L1,-0.276523737
SMIM11A,-0.028288852
SMIM11B,-0.028288852
SMIM12,0.415453851
SMIM13,0.050548788
SMIM14,0.209485533
SMIM15,0.169227713
SMIM17,-0.398116641
SMIM18,-0.473598969
SMIM19,-0.017445462
SMIM2,0.27036352
SMIM20,0.419263052
SMIM21,0.235750779
SMIM22,0.305594685
SMIM23,-0.046139903
SMIM24,-0.448152172
SMIM25,-0.006486014
SMIM29,-0.010761393
SMIM3,0.158705567
SMIM4,-0.277867592
SMIM5,0.072822546
SMIM6,-0.185156774
SMIM7,0.151961549
SMIM8,0.58230602
SMIM9,-0.487980098
SMKR1,-0.258362415
SMLR1,0.099327322
SMN1,-0.387360513
SMN2,-0.387360513
SMNDC1,-0.022998508
SMO,0.089011937
SMOC1,0.50902601
SMOC2,0.263252697
SMOX,0.039911491
SMPD1,0.104493087
SMPD2,-0.503000592
SMPD3,-0.247036593
SMPD4,-0.223094574
SMPDL3A,0.395595721
SMPDL3B,0.628786409
SMPX,0.342679607
SMR3A,0.565241145
SMR3B,0.499545842
SMS,0.438016437
SMTN,-0.049412954
SMTNL1,-0.353248732
SMTNL2,-0.028034962
SMU1,0.387531882
SMUG1,-0.238532128
SMURF1,-0.614105779
SMURF2,-0.34196688
SMYD1,0.464870756
SMYD2,-0.346880165
SMYD3,-0.501763605
SMYD4,-0.44319244
SMYD5,0.109843426
SNAI1,-0.443883857
SNAI2,0.400060013
SNAI3,0.015434742
SNAP23,-0.466897426
SNAP25,0.330658426
SNAP29,-0.429787015
SNAP47,0.360550248
SNAP91,-0.259598387
SNAPC1,0.069875472
SNAPC2,0.215285446
SNAPC3,0.789408234
SNAPC4,-0.306984476
SNAPC5,-0.061387889
SNAPIN,-0.643433791
SNCA,-0.618407963
SNCAIP,0.222362263
SNCB,-0.031737428
SNCG,0.034861145
SND1,0.221516855
SNED1,-0.325964416
SNF8,-0.196122335
SNHG14,0.179461253
SNHG28,-0.384247975
SNHG32,-0.006152844
SNIP1,0.559453998
SNN,-0.656608596
SNORC,-0.449073304
SNPH,0.01929415
SNRK,0.332926145
SNRNP200,0.135285501
SNRNP25,0.549916716
SNRNP27,0.749313272
SNRNP35,0.425599792
SNRNP40,-0.047145677
SNRNP48,-0.229166342
SNRNP70,0.297179522
SNRPA,-0.804725264
SNRPA1,0.148417227
SNRPB,-0.046622594
SNRPB2,-0.129024063
SNRPC,-0.010758321
SNRPD1,0.33711265
SNRPD2,0.738717686
SNRPD3,-0.005873261
SNRPE,-0.053034874
SNRPF,0.00197386
SNRPG,1.514035006
SNRPGP10,1.542898333
SNRPGP15,1.612975652
SNRPN,0.314812632
SNTA1,-0.15143189
SNTB1,-0.149894901
SNTB2,0.320110341
SNTG1,0.461912584
SNTG2,-0.106765901
SNTN,0.401429163
SNU13,-0.769931836
SNUPN,0.273859536
SNURF,0.044109873
SNW1,0.168567279
SNX1,-0.241005871
SNX10,0.110252345
SNX11,-0.329454745
SNX12,-0.039803058
SNX13,0.612382358
SNX14,0.616694941
SNX15,-0.632313723
SNX16,-0.04713579
SNX17,-0.120756487
SNX18,-0.59060731
SNX19,-0.367363282
SNX2,0.456868835
SNX20,0.493681892
SNX21,-0.554529073
SNX22,0.04879318
SNX24,-0.184907401
SNX25,0.479093747
SNX27,-0.71672765
SNX29,-0.068739903
SNX3,0.390337218
SNX30,-0.343688489
SNX31,-0.037752145
SNX32,-0.024370792
SNX33,0.151201057
SNX4,0.233955053
SNX5,-0.553605529
SNX6,-0.462269736
SNX7,0.316151974
SNX8,-0.456084783
SNX9,-0.089413417
SOAT1,-0.370805949
SOAT2,0.012730322
SOBP,-0.462563716
SOCS1,-0.368500155
SOCS2,0.081000729
SOCS3,-0.285458665
SOCS4,-0.003635419
SOCS5,0.176040661
SOCS6,0.610736038
SOCS7,0.023761666
SOD1,-0.089636096
SOD2,-0.898838105
SOD3,-0.052552596
SOGA1,-0.053328016
SOGA3,-0.383922011
SOHLH1,-0.052547962
SOHLH2,0.088137658
SON,0.24005495
SORBS1,0.30961281
SORBS2,-0.378303012
SORBS3,0.435593789
SORCS1,0.052417024
SORCS2,-0.399778464
SORCS3,-0.320398462
SORD,-0.242168471
SORL1,1.10195594
SORT1,0.400756776
SOS1,0.589845963
SOS2,0.160967163
SOST,-0.438470336
SOSTDC1,0.392033759
SOWAHA,0.326152917
SOWAHB,-0.067482251
SOWAHC,-0.658836533
SOWAHD,0.32101003
SOX1,-0.829997475
SOX10,-0.551407991
SOX11,0.031978913
SOX12,0.498240359
SOX13,-0.476100901
SOX14,-0.642639397
SOX15,0.032248945
SOX17,-0.599279229
SOX18,-0.634687888
SOX2,-0.274369197
SOX21,-0.458842948
SOX3,0.105360766
SOX30,-0.572016192
SOX4,-0.308390983
SOX5,-0.481474393
SOX6,0.2787291
SOX7,0.0739404
SOX8,0.375159098
SOX9,0.466100149
SP1,-0.363018478
SP100,-0.238035434
SP110,0.009058994
SP140,0.06655568
SP140L,-0.541548183
SP2,0.335709105
SP3,-0.494836483
SP4,0.225708694
SP5,-0.492032498
SP6,-0.847830144
SP7,0.567262623
SP8,-0.103678379
SP9,0.461559404
SPA17,-0.028407517
SPACA1,0.150152656
SPACA3,-0.562932526
SPACA4,-0.288408315
SPACA5,0.297850489
SPACA5B,0.297850489
SPACA7,-0.316188152
SPACA9,0.612465863
SPAG1,-0.333562576
SPAG11A,0.295886455
SPAG11B,0.295886455
SPAG16,-0.81163843
SPAG16-DT,-0.012334618
SPAG17,0.965657329
SPAG4,-0.834863871
SPAG5,0.096050196
SPAG6,-0.042384466
SPAG7,0.470145528
SPAG8,-0.021803507
SPAG9,0.137603271
SPAM1,-0.149352377
SPANXA1,-0.10151725
SPANXA2,-0.10151725
SPANXB1,-0.085138763
SPANXC,0.057683607
SPANXD,0.075407543
SPANXN1,-0.18495759
SPANXN2,0.112854146
SPANXN3,0.051954966
SPANXN4,0.048272219
SPANXN5,0.651509666
SPARC,-0.016875978
SPARCL1,0.046104753
SPART,-0.48197371
SPAST,0.613816689
SPATA12,-0.312430132
SPATA13,-0.350099976
SPATA16,0.075335151
SPATA17,0.193257954
SPATA18,-0.106191363
SPATA19,0.189086011
SPATA2,-0.101094819
SPATA20,-0.048170796
SPATA21,0.586953366
SPATA22,0.108624653
SPATA24,-0.320210784
SPATA25,0.106037447
SPATA2L,-0.603081063
SPATA3,0.145059608
SPATA31A1,0.306849168
SPATA31A3,-0.229002843
SPATA31A5,-0.273362327
SPATA31A6,0.512583254
SPATA31A7,-0.31710324
SPATA31C1,0.710677704
SPATA31C2,-0.001641114
SPATA31D1,0.036745888
SPATA31D3,0.01479277
SPATA31D4,0.01479277
SPATA31E1,-0.11195434
SPATA32,0.414968311
SPATA33,-0.155822088
SPATA4,-0.218235491
SPATA45,0.399535527
SPATA46,-0.119591095
SPATA48,0.552105735
SPATA5,-0.401054368
SPATA5L1,0.366044405
SPATA6,-0.22821706
SPATA6L,0.309467351
SPATA7,0.041581769
SPATA8,0.054097885
SPATA9,-0.124227749
SPATC1,0.056951482
SPATC1L,0.069660928
SPATS1,0.085093355
SPATS2,0.089295272
SPATS2L,-0.270332209
SPC24,-0.393148937
SPC25,0.182855502
SPCS1,0.191884567
SPCS2,-0.113720127
SPCS2P4,0.06421018
SPCS3,0.28584008
SPDEF,0.068237448
SPDL1,1.147799666
SPDYA,0.467538007
SPDYC,-0.420533241
SPDYE1,0.589721721
SPDYE10P,0.557840596
SPDYE11,0.557840596
SPDYE12P,0.557840596
SPDYE13P,0.557840596
SPDYE14P,0.557840596
SPDYE15P,0.557840596
SPDYE16,0.43055863
SPDYE17,0.557840596
SPDYE18,0.297944047
SPDYE2,0.446145043
SPDYE21P,0.45324375
SPDYE2B,0.446145043
SPDYE3,0.64087367
SPDYE4,-0.248490725
SPDYE5,0.410363605
SPDYE6,0.446145043
SPDYE7P,1.01008706
SPDYE8P,0.557840596
SPDYE9P,0.557840596
SPECC1,-0.789623384
SPECC1L,-0.416411613
SPECC1L-ADORA2A,-0.354654127
SPEF1,-0.50872168
SPEF2,0.006779788
SPEG,-0.747220489
SPEGNB,0.001976333
SPEM1,-0.043030867
SPEM2,0.25330355
SPEN,0.930680151
SPERT,0.306291996
SPESP1,0.135284746
SPG11,-0.284593198
SPG21,0.002171966
SPG7,0.029851043
SPHK1,0.528228019
SPHK2,0.031161785
SPHKAP,-0.175546427
SPI1,0.680636633
SPIB,-0.112559842
SPIC,0.628005005
SPICE1,-0.44901281
SPIDR,-0.192590173
SPIN1,0.156885684
SPIN2A,0.31324614
SPIN2B,0.358318088
SPIN3,0.008955947
SPIN4,0.083824863
SPINDOC,-0.628699095
SPINK1,-0.058141798
SPINK13,0.207981086
SPINK14,-0.090317215
SPINK2,0.344443717
SPINK4,-0.059386387
SPINK5,0.544966115
SPINK6,-0.340233363
SPINK7,0.483596425
SPINK8,0.729063312
SPINK9,-0.771486012
SPINT1,0.008207551
SPINT2,0.065791256
SPINT3,-0.351915788
SPINT4,-0.416064615
SPIRE1,0.503096449
SPIRE2,0.45231858
SPN,-0.201805129
SPNS1,-0.195229341
SPNS2,-0.76343363
SPNS3,-0.017784469
SPO11,0.171433657
SPOCD1,0.213635039
SPOCK1,0.347027563
SPOCK2,0.789931231
SPOCK3,0.243078753
SPON1,-1.008332524
SPON2,0.354949734
SPOP,-0.49183051
SPOPL,0.218127041
SPOUT1,0.230836478
SPP1,0.396921476
SPP2,0.226260965
SPPL2A,-0.015687478
SPPL2B,0.269760951
SPPL2C,0.153520531
SPPL3,0.005925058
SPR,0.109459125
SPRED1,-0.36196873
SPRED2,-0.402763
SPRED3,0.607260587
SPRN,0.318615007
SPRR1A,-0.21852637
SPRR1B,-0.666025659
SPRR2A,0.00062287
SPRR2B,0.00062287
SPRR2C,-0.37400949
SPRR2D,-0.130398765
SPRR2E,-0.14023727
SPRR2F,-0.004959343
SPRR2G,0.105431001
SPRR3,0.140310986
SPRR4,0.239264121
SPRY1,-0.32539044
SPRY2,0.134077196
SPRY3,-0.239015898
SPRY4,-0.16705108
SPRYD3,0.166798368
SPRYD4,-0.185689384
SPRYD7,-0.005558222
SPSB1,-0.138618048
SPSB2,0.256855093
SPSB3,-0.347241264
SPSB4,0.135344945
SPTA1,-0.309672436
SPTAN1,-0.337810544
SPTB,-0.417131044
SPTBN1,0.12399135
SPTBN2,-1.204718353
SPTBN4,-0.722544989
SPTBN5,-0.009301871
SPTLC1,-0.462993803
SPTLC2,0.00577763
SPTLC3,-0.21413432
SPTSSA,-0.222615522
SPTSSB,-0.079769266
SPTY2D1,-0.729171323
SPX,0.392510074
SPZ1,-0.648382797
SQLE,0.36617279
SQOR,-0.312399589
SQSTM1,0.062563755
SRA1,0.458547667
SRARP,0.774729343
SRBD1,-0.070246187
SRC,-0.174064261
SRCAP,-0.732238172
SRCIN1,-0.427946682
SRD5A1,0.035430099
SRD5A2,-0.264421484
SRD5A3,-0.367763099
SREBF1,0.698337911
SREBF2,0.247254218
SREK1,-0.295183492
SREK1IP1,0.111306666
SRF,-0.311204193
SRFBP1,-0.08722594
SRGAP1,-0.380324972
SRGAP2,-0.064638988
SRGAP2B,0.517007739
SRGAP2C,0.370310294
SRGAP2D,0.726702191
SRGAP3,-0.157274014
SRGN,-0.018153483
SRI,0.507658559
SRL,-0.059693498
SRM,-0.386114348
SRMS,-0.105312464
SRP14,0.570975938
SRP19,0.329100456
SRP54,0.606106057
SRP68,-1.187466732
SRP72,-0.262084494
SRP9,-0.343521216
SRP9P1,-0.441199857
SRPK1,-0.22097079
SRPK2,0.23497064
SRPK3,0.384444166
SRPRA,-0.486099948
SRPRB,0.160804965
SRPX,0.226820419
SRPX2,-0.30345346
SRR,-0.5844129
SRRD,0.503010942
SRRM1,-0.345903752
SRRM2,0.547527997
SRRM3,-0.036724719
SRRM4,0.202744787
SRRM5,0.004513132
SRRT,-0.302163643
SRSF1,-0.116189028
SRSF10,-0.228771564
SRSF11,0.209331338
SRSF12,-0.04154283
SRSF2,0.315449259
SRSF3,0.232666416
SRSF4,0.22112263
SRSF5,0.382488409
SRSF6,0.321263965
SRSF7,0.635601836
SRSF9,-0.217690669
SRXN1,0.212271534
SRY,-0.418116902
SS18,0.156743177
SS18L1,-0.190435564
SS18L2,-0.241407664
SSB,0.357957407
SSBP1,-0.165090869
SSBP2,0.246603141
SSBP3,0.340972381
SSBP4,-0.197703334
SSC4D,0.021698612
SSC5D,-0.299069796
SSH1,-0.129904917
SSH2,-0.145782305
SSH3,0.045911272
SSMEM1,-0.588482928
SSNA1,-0.039903104
SSPN,-0.218898935
SSPO,0.379081042
SSR1,0.052279268
SSR2,0.129040812
SSR3,0.134506039
SSR4,0.278510171
SSRP1,0.382456426
SST,-0.021579985
SSTR1,-0.203065409
SSTR2,0.259881968
SSTR3,-0.271117201
SSTR4,0.485408823
SSTR5,0.24541463
SSU72,0.369473422
SSUH2,0.18011141
SSX1,0.11621116
SSX2,-0.066013155
SSX2B,-0.066013155
SSX2IP,-0.201148642
SSX3,-0.053310095
SSX4,0.036531813
SSX4B,0.036531813
SSX5,0.51384355
SSX7,-0.159411764
SSX8P,0.944195739
SSX9,0.408409152
ST13,0.143134599
ST14,-0.015282647
ST18,-0.458118441
ST20,-0.352572071
ST20-MTHFS,-0.307227747
ST3GAL1,0.245297555
ST3GAL2,-0.154221035
ST3GAL3,-0.466111174
ST3GAL4,0.24170957
ST3GAL5,-0.296813182
ST3GAL6,0.187635389
ST5,-0.631441305
ST6GAL1,-0.051147584
ST6GAL2,0.220501581
ST6GALNAC1,-0.280938818
ST6GALNAC2,0.207207701
ST6GALNAC3,0.093853421
ST6GALNAC4,-0.055310671
ST6GALNAC5,0.417960599
ST6GALNAC6,0.377332227
ST7,0.163614307
ST7L,-0.379401686
ST8SIA1,-0.147807398
ST8SIA2,-0.200210968
ST8SIA3,0.394744393
ST8SIA4,-0.08332078
ST8SIA5,-0.186460355
ST8SIA6,0.488858023
STAB1,0.186597326
STAB2,-0.716178919
STAC,0.25688019
STAC2,-0.433136364
STAC3,0.401599667
STAG1,-0.314130634
STAG2,-0.212447814
STAG3,-0.443601702
STAG3L5P-PVRIG2P-PILRB,0.357001963
STAM,-0.706092847
STAM2,-0.009687396
STAMBP,1.302932457
STAMBPL1,-0.201150535
STAP1,-0.482297172
STAP2,-0.149386216
STAR,0.249976521
STARD10,-0.056851877
STARD13,0.35268853
STARD3,0.29519925
STARD3NL,-0.06802527
STARD4,-0.169058834
STARD5,0.367699684
STARD6,-0.202705161
STARD7,-0.486633614
STARD8,-0.372282225
STARD9,0.203643004
STAT1,1.578776951
STAT2,0.562535908
STAT3,-1.229181409
STAT4,-0.454478817
STAT5A,0.207113917
STAT5B,-0.02974155
STAT6,0.096387233
STATH,0.355727689
STAU1,0.015865296
STAU2,0.130208233
STBD1,-0.648527834
STC1,0.089897071
STC2,-0.434259416
STEAP1,0.432649474
STEAP1B,0.291425042
STEAP2,-0.053000597
STEAP3,-0.690086082
STEAP3-AS1,-0.237277527
STEAP4,0.442256222
STH,0.382543524
STIL,0.000398231
STIM1,0.667372066
STIM2,0.021995969
STIMATE-MUSTN1,0.087102639
STING1,-0.362903184
STIP1,0.326077785
STK10,0.859712186
STK11,-0.309148573
STK16,-0.107301246
STK17A,-0.098818663
STK17B,0.239526307
STK19,-0.233867149
STK24,-0.332258017
STK25,-0.319635292
STK26,0.591371626
STK3,-0.089485239
STK31,-0.161098008
STK32A,-0.478067059
STK32B,0.106062843
STK32C,-0.073085826
STK33,-0.125788237
STK35,0.105051355
STK36,-0.21144822
STK38L,0.197225103
STK39,-0.639328016
STK4,-0.209158988
STK40,0.273951099
STKLD1,-0.195193255
STMN1,0.121578254
STMN2,0.071628395
STMN3,0.066605293
STMN4,0.010477367
STMND1,0.489900928
STMP1,-0.151087009
STN1,-0.224122991
STOM,0.139700017
STOML1,-0.314935341
STOML2,-0.277926555
STOML3,-0.149216291
STON1,0.024950285
STON1-GTF2A1L,-0.12530847
STON2,0.44093456
STOX1,-0.26007807
STOX2,0.549053779
STPG1,-0.101680984
STPG2,-0.241943634
STPG3,-0.147432169
STPG3-AS1,0.440607113
STPG4,-0.076723988
STRA6,-0.144486526
STRA8,-0.333160649
STRADA,-0.150660053
STRADB,-0.253210118
STRAP,-0.229871499
STRBP,-0.399894197
STRC,-0.174805295
STRCP1,-0.321915477
STRIP1,0.01740578
STRIP2,-0.367665719
STRN,-0.483330041
STRN3,0.227897464
STRN4,-0.069982391
STS,0.149641907
STT3A,-0.236007671
STT3B,-0.081937209
STUB1,-0.248175723
STUM,-0.092310367
STX10,-0.70064867
STX11,0.053249725
STX12,0.581840424
STX16,-0.522520323
STX16-NPEPL1,-0.13355358
STX17,-0.326172345
STX18,0.175093778
STX19,-0.002897213
STX1A,0.116996676
STX1B,-0.4040019
STX2,0.82784027
STX3,0.040346116
STX4,-0.211025274
STX5,0.612392809
STX6,0.1060074
STX7,0.050703143
STX8,-0.674194393
STXBP1,0.874627023
STXBP2,-0.187000669
STXBP3,-0.449594615
STXBP4,-0.284534384
STXBP5,-0.454874506
STXBP5L,-0.780718791
STXBP6,0.197430894
STYK1,0.229267919
STYX,-0.047644122
STYXL1,-0.27471836
SUB1,0.422796117
SUCLA2,0.030940595
SUCLG1,0.363891724
SUCLG2,0.530459178
SUCNR1,-0.450211696
SUCO,-0.308479789
SUDS3,-0.082573731
SUFU,0.286925764
SUGCT,0.274583467
SUGP1,-0.140707012
SUGP2,-0.443839817
SUGT1,-0.009645346
SUGT1P4-STRA6LP-CCDC180,-0.182894518
SULF1,-0.185675399
SULF2,-0.167903467
SULT1A1,0.250739537
SULT1A2,0.183215424
SULT1A3,-0.574131833
SULT1A4,-0.574131833
SULT1B1,0.106708029
SULT1C2,-0.192530965
SULT1C3,0.289157334
SULT1C4,-0.172006627
SULT1E1,0.051415391
SULT2A1,-0.635727692
SULT2B1,0.19067732
SULT4A1,0.24367935
SULT6B1,0.991806058
SUMF1,0.110058705
SUMF2,0.289240707
SUMO1,-0.214234194
SUMO1P3,-0.212480599
SUMO1P4,-0.431006959
SUMO2,0.318806806
SUMO2P17,1.168535111
SUMO2P6,1.168535111
SUMO3,-0.852588021
SUMO4,-0.052071044
SUN1,-0.460005056
SUN2,-0.975551855
SUN3,0.06296199
SUN5,0.592487203
SUOX,-0.358726766
SUPT16H,0.484922555
SUPT20H,-0.578719324
SUPT20HL1,-0.933851743
SUPT20HL2,-0.04556181
SUPT3H,0.342714616
SUPT4H1,-0.35494033
SUPT5H,0.406564656
SUPT6H,-0.028777856
SUPT7L,-0.476657659
SUPV3L1,-0.983982352
SURF1,0.414721223
SURF2,-0.129885186
SURF4,-0.241711716
SURF6,0.247796231
SUSD1,-0.752433024
SUSD2,0.290064475
SUSD3,0.487756413
SUSD4,0.206708093
SUSD5,-0.080943717
SUSD6,0.492475539
SUV39H1,-0.221547204
SUV39H2,0.361332246
SUZ12,-0.371175512
SV2A,-0.338306509
SV2B,-0.509848609
SV2C,0.326661483
SVBP,-0.179081008
SVEP1,-0.123418107
SVIL,0.31069672
SVIP,0.232639765
SVOP,0.284105133
SVOPL,-0.034959989
SWAP70,0.131737162
SWI5,0.34765716
SWSAP1,0.006961197
SWT1,0.213937677
SYAP1,-0.094850418
SYBU,0.034247574
SYCE1,0.402228974
SYCE1L,0.39574442
SYCE2,0.096718165
SYCE3,-0.624865287
SYCN,0.020088635
SYCP1,0.661489139
SYCP2,-0.554003387
SYCP2L,-0.235541477
SYCP3,-0.213738799
SYDE1,0.249373117
SYDE2,0.148879463
SYF2,0.336898632
SYK,-0.237305385
SYMPK,-0.213941304
SYN1,-0.133208382
SYN2,-0.608891232
SYN3,0.381195222
SYNC,-0.680323108
SYNCRIP,0.28071066
SYNDIG1,-0.359661812
SYNDIG1L,-0.065702191
SYNE1,0.25981668
SYNE2,-0.784441725
SYNE3,-0.706698283
SYNE4,-0.041885716
SYNGAP1,-0.46342199
SYNGR1,0.336525233
SYNGR2,0.27647159
SYNGR3,0.293440562
SYNGR4,0.130334671
SYNJ1,-0.06359944
SYNJ2,0.184217436
SYNJ2BP,-0.196260778
SYNJ2BP-COX16,-0.045643311
SYNM,-0.594538649
SYNPO,0.192245753
SYNPO2,0.003283028
SYNPO2L,-0.134308962
SYNPR,-0.071144799
SYNRG,-0.161194162
SYP,0.151856385
SYPL1,0.700338325
SYPL2,0.028793934
SYS1,-0.072513627
SYS1-DBNDD2,-0.076630901
SYT1,-0.240530316
SYT10,0.285208369
SYT11,-0.353238253
SYT12,-0.776712359
SYT13,0.062906658
SYT14,0.975165824
SYT15,0.315295869
SYT16,-0.421432318
SYT17,0.306144754
SYT2,0.22988257
SYT3,0.190267375
SYT4,-0.093582956
SYT5,-0.103810892
SYT6,0.911189139
SYT7,-0.875563712
SYT8,-0.325182734
SYT9,-0.05966702
SYTL1,0.334374199
SYTL2,-0.137916485
SYTL3,-0.777996344
SYTL4,0.233352113
SYTL5,-0.250544439
SYVN1,0.369853399
SZRD1,-0.293523888
SZT2,0.055586084
TAAR1,0.303654125
TAAR2,0.277487777
TAAR5,0.10619494
TAAR6,0.59305325
TAAR8,0.050692499
TAAR9,0.297018153
TAB1,-0.127071827
TAB3,-0.143401217
TAC1,-0.231092812
TAC3,0.230525195
TAC4,0.647780929
TACC1,-0.432404689
TACC2,-0.542310721
TACC3,0.21704508
TACO1,-0.501113569
TACR1,-0.045115849
TACR2,-0.146022338
TACR3,-0.042519996
TACSTD2,0.120902324
TADA1,-0.306469576
TADA2A,-0.491775438
TADA2B,-0.151719139
TADA3,-0.551284109
TAF1,-0.712275224
TAF10,0.066988134
TAF11,-0.240435886
TAF12,-0.377442628
TAF13,0.562328793
TAF15,-0.03042474
TAF1A,-0.283748119
TAF1B,0.336294281
TAF1C,0.274228769
TAF1D,-0.457492587
TAF1L,0.668120071
TAF2,0.168351842
TAF3,0.679350344
TAF4,0.422752195
TAF4B,0.168691946
TAF5,0.073795836
TAF5L,0.117756572
TAF6,-0.218161648
TAF6L,-0.311904412
TAF7,-0.063856908
TAF7L,-0.037769631
TAF8,-0.135935184
TAF9,-0.005699788
TAF9B,-0.179775633
TAGAP,0.168332316
TAGLN,-0.291568303
TAGLN2,-0.166645191
TAGLN3,-0.622901168
TAL1,0.165241021
TAL2,0.277093441
TALDO1,-0.325241455
TAMM41,0.200185574
TANC1,0.538900683
TANC2,-0.210849179
TANGO2,-0.038295971
TANGO6,-0.175323244
TANK,0.850547823
TAOK1,-0.192446831
TAOK2,0.458664831
TAOK3,0.142924284
TAP1,0.156298915
TAP2,-0.045509101
TAPBP,-0.208986967
TAPBPL,-0.375085601
TAPT1,-0.378746606
TARBP1,-0.851680872
TARBP2,-0.372956806
TARDBP,0.078070264
TARM1,-0.339817041
TARP,-0.073359316
TARS1,0.847458444
TARS2,-0.005613555
TARS3,-0.279927593
TAS1R1,0.222829223
TAS1R2,-0.009563626
TAS1R3,0.163121676
TAS2R1,-0.475545316
TAS2R10,-0.254523617
TAS2R13,-0.206054702
TAS2R14,0.048685263
TAS2R16,0.190269898
TAS2R19,0.461200768
TAS2R20,0.051231032
TAS2R3,-0.170703344
TAS2R30,-0.508632103
TAS2R31,0.166282359
TAS2R38,0.466395207
TAS2R39,0.224059259
TAS2R4,0.524383124
TAS2R40,0.066704669
TAS2R41,-0.660359481
TAS2R42,0.100003239
TAS2R43,0.397091575
TAS2R46,-0.411761646
TAS2R5,0.706213776
TAS2R50,0.495521905
TAS2R60,-0.688543914
TAS2R7,0.077439184
TAS2R8,-0.038772138
TAS2R9,0.296385192
TASOR2,-0.229144529
TASP1,-0.007927628
TAT,-0.100943579
TATDN1,0.255724734
TATDN2,-0.478582259
TATDN3,0.179607243
TAX1BP1,-0.487447183
TAX1BP3,0.191639988
TAZ,0.245433515
TBATA,-0.135582403
TBC1D1,0.384613748
TBC1D10A,0.126470889
TBC1D10B,0.419015919
TBC1D10C,-0.214581183
TBC1D12,-0.425750661
TBC1D13,0.113785214
TBC1D14,0.185383391
TBC1D15,0.159793799
TBC1D16,0.073637664
TBC1D17,-0.233399052
TBC1D19,0.405360878
TBC1D2,-0.16647072
TBC1D20,-0.018676916
TBC1D21,-0.148508839
TBC1D22A,0.519985181
TBC1D22B,-0.007956649
TBC1D23,0.821538457
TBC1D24,0.067208673
TBC1D25,0.496182485
TBC1D26,0.287187755
TBC1D28,0.172980809
TBC1D29P,0.196700727
TBC1D2B,0.527898462
TBC1D3,0.150324469
TBC1D30,0.45377723
TBC1D31,0.06800953
TBC1D32,0.233660629
TBC1D3B,0.263138843
TBC1D3C,0.150324469
TBC1D3D,0.309248626
TBC1D3E,0.072098431
TBC1D3F,0.129569636
TBC1D3G,0.21454371
TBC1D3H,0.236014227
TBC1D3I,0.218088726
TBC1D3J,0.406804778
TBC1D3K,0.188929091
TBC1D3L,0.309248626
TBC1D3P1-DHX40P1,-0.752145779
TBC1D3P2,0.712142475
TBC1D4,-0.215109407
TBC1D5,-0.483893688
TBC1D7,-0.732215284
TBC1D7-LOC100130357,-0.564680073
TBC1D8,0.17558324
TBC1D8B,-0.532970822
TBC1D9,0.470227016
TBCA,0.089903812
TBCB,0.110855577
TBCC,0.682448494
TBCCD1,0.206582881
TBCD,0.388099776
TBCE,-0.029657993
TBCEL,0.001678327
TBCK,0.250538594
TBK1,-0.768555234
TBKBP1,0.183173463
TBL1X,-0.340500655
TBL1XR1,-0.365016356
TBL1Y,0.209456825
TBL2,0.160289814
TBL3,0.444133277
TBP,0.14964886
TBPL1,0.40152365
TBPL2,-0.06382706
TBR1,-0.206102461
TBRG1,0.215819584
TBRG4,0.307133386
TBX1,-0.070505617
TBX10,-0.450407375
TBX15,0.41249387
TBX18,0.439185098
TBX19,0.06115843
TBX2,-0.233799243
TBX20,0.355348258
TBX21,0.451723965
TBX22,-0.420409554
TBX3,-0.781665196
TBX4,0.428647314
TBX5,-0.656522762
TBX6,-0.178232344
TBXA2R,0.126600261
TBXAS1,0.221948648
TBXT,0.760565756
TC2N,-0.426275893
TCAF1,0.420797564
TCAF1P1,0.815993487
TCAF2,-0.094596869
TCAF2C,-0.094596869
TCAF2P1,-0.034789937
TCAIM,0.448559855
TCAP,0.800175525
TCEA1,-0.588353564
TCEA2,0.007019944
TCEA3,0.166136785
TCEAL1,0.331901569
TCEAL2,0.086599587
TCEAL3,-0.149767003
TCEAL4,0.366611957
TCEAL5,0.079048148
TCEAL6,0.148603608
TCEAL7,0.228802769
TCEAL8,-0.026606231
TCEAL9,0.00912244
TCEANC,-0.119003804
TCEANC2,0.546497035
TCEB3C,-0.249019644
TCERG1,-0.246406725
TCERG1L,-0.583958076
TCF12,0.010364029
TCF15,0.145521687
TCF19,0.577629077
TCF20,-0.052671257
TCF21,-0.223283573
TCF23,-0.12316107
TCF24,-0.264544668
TCF25,0.043500453
TCF3,0.025730259
TCF4,-0.582530205
TCF7,0.150893156
TCF7L1,-0.241568957
TCF7L2,-0.003027193
TCFL5,0.153740865
TCHH,-0.107194568
TCHHL1,-0.41735681
TCHP,-0.315103489
TCIM,-0.44355509
TCIRG1,0.105186645
TCL1A,0.298403034
TCL1B,0.763128976
TCN1,-0.392685155
TCN2,-0.564511329
TCOF1,-0.336785172
TCP1,0.186297179
TCP10,-0.489080933
TCP10L,-0.660054109
TCP10L2,-0.175017022
TCP11,0.231388363
TCP11L1,0.017317983
TCP11L2,-0.185463595
TCP11X1,-0.634033883
TCP11X2,-0.523362622
TCTA,-0.077920202
TCTE1,0.151391406
TCTE3,-0.072098616
TCTEX1D1,0.521857489
TCTEX1D2,0.602535938
TCTEX1D4,0.113472993
TCTN1,-0.089697127
TCTN2,-0.123546577
TCTN3,-0.180094241
TDG,-0.175239337
TDGF1,-0.168005569
TDO2,-0.279841862
TDP1,0.292442323
TDP2,0.129820862
TDRD1,0.0214081
TDRD10,-0.329845806
TDRD12,-0.222213381
TDRD3,-0.345725589
TDRD5,-0.412187621
TDRD6,-0.293147552
TDRD7,-0.193933309
TDRD9,-0.866163043
TDRKH,0.247025182
TDRP,0.131195633
TEAD1,-0.375380016
TEAD2,-0.0580108
TEAD3,-0.431275713
TEAD4,0.341647302
TEC,-0.561598628
TECPR1,-0.288039314
TECPR2,-0.002935727
TECR,0.249236182
TECRL,0.145674527
TECTA,0.362183006
TECTB,-0.219852091
TEDC1,-0.361467237
TEDC2,-0.143632754
TEDDM1,-0.174763157
TEF,0.244444581
TEFM,-0.101850101
TEK,0.043597222
TEKT1,0.035295813
TEKT2,0.236397712
TEKT3,-0.365095196
TEKT4,0.352286335
TEKT5,-0.444641453
TELO2,-0.297644829
TEN1,-0.301135676
TEN1-CDK3,-0.226832004
TENM1,-0.112973135
TENM2,0.333735884
TENM3,0.348816395
TENM4,-0.266626878
TENT2,-0.117679242
TENT4A,-0.061087264
TENT4B,0.439195517
TENT5A,0.544357518
TENT5B,0.474070115
TENT5C,0.374108256
TENT5D,-0.013094638
TEP1,0.150202149
TEPP,0.023083535
TEPSIN,0.392576331
TERB1,0.038247621
TERB2,-0.118317151
TERF1,-0.005620243
TERF2,0.927927858
TERF2IP,0.162085381
TERT,0.042183645
TES,-0.340385248
TESC,-0.342877919
TESK1,0.038384175
TESK2,-0.54213322
TESMIN,0.204603265
TESPA1,-0.038179947
TET1,0.556887413
TET2,0.256228827
TET3,1.210517999
TEX10,0.385608319
TEX101,0.138943486
TEX11,0.02106393
TEX12,-0.579965909
TEX13A,0.246974405
TEX13B,0.106449304
TEX13C,-0.416824426
TEX14,-0.063520962
TEX15,0.147204442
TEX19,0.564707327
TEX2,0.493497207
TEX22,-0.375280004
TEX26,-0.310882092
TEX261,0.003143866
TEX264,-0.115468031
TEX28,0.045225318
TEX28P1,0.045225318
TEX28P2,0.045225318
TEX29,0.302825045
TEX30,0.303903678
TEX33,-0.170432484
TEX35,-0.053254015
TEX36,-0.183812376
TEX37,-0.002449712
TEX38,0.13321664
TEX43,-0.778452684
TEX44,-0.246803604
TEX45,0.953077803
TEX46,-0.393204585
TEX47,0.15624339
TEX48,0.369786625
TEX50,-0.051136239
TEX55,0.165048798
TEX9,0.261250228
TF,-0.037965175
TFAM,-0.340044177
TFAP2A,0.093363668
TFAP2B,0.236369178
TFAP2C,-0.357852339
TFAP2D,0.211326668
TFAP2E,0.208457622
TFAP4,-0.186041697
TFB1M,0.025616511
TFB2M,-0.305281472
TFCP2,-0.682694766
TFCP2L1,-0.281181452
TFDP1,-0.056191302
TFDP2,-0.04249731
TFDP3,-0.239348465
TFE3,0.397215949
TFEB,0.03532846
TFEC,-0.3661358
TFF1,0.503917899
TFF2,0.18157068
TFF3,-0.082802501
TFG,0.044017386
TFIP11,1.224968583
TFPI,-0.330995448
TFPI2,0.202081506
TFPT,-0.434080871
TFR2,0.056271321
TFRC,-0.208106459
TG,-0.488585187
TGDS,0.002374504
TGFA,0.290845063
TGFB1,0.058421826
TGFB1I1,0.366179487
TGFB2,-0.443505948
TGFB3,0.443971169
TGFBI,0.726065025
TGFBR1,0.220338453
TGFBR2,-0.202449718
TGFBR3,0.417432558
TGFBR3L,0.158480635
TGFBRAP1,-0.131485142
TGIF1,-0.689206833
TGIF2,0.274140296
TGIF2-RAB5IF,-0.007402788
TGIF2LX,-0.617108916
TGIF2LY,-0.426861213
TGM1,0.5460043
TGM2,0.290045207
TGM3,-0.52503376
TGM4,0.072200498
TGM5,-0.037272082
TGM6,0.279094463
TGM7,-0.65180031
TGOLN2,0.337070152
TGS1,0.076210123
TH,-0.515702131
THADA,-0.193760964
THAP1,0.321096824
THAP10,-0.077332959
THAP11,0.347881087
THAP12,-0.794170406
THAP12P7,-1.145199964
THAP2,0.250776215
THAP3,0.302997543
THAP4,0.069227147
THAP5,-0.130055298
THAP6,0.025445955
THAP7,-0.125637539
THAP8,0.265056067
THAP9,-0.172111566
THBD,-0.153239095
THBS2,-0.123629915
THBS3,0.00952086
THBS4,0.261270023
THEG,0.773552221
THEG5,-0.069465246
THEGL,-0.453279922
THEM4,0.456577585
THEM5,-0.250009836
THEM6,-0.026140508
THEMIS,0.221739186
THEMIS2,-0.132437426
THG1L,0.00314486
THNSL1,0.040153034
THNSL2,-0.162218157
THOC1,0.46830721
THOC2,-0.155078567
THOC3,0.71249599
THOC5,-0.022281619
THOC6,-0.296323797
THOC7,-0.327248178
THOP1,-0.646047391
THPO,0.087831302
THRA,0.001097662
THRAP3,-0.222143485
THRB,0.288204381
THRSP,0.025371558
THSD1,0.457063073
THSD4,-0.475495268
THSD7A,-0.156880361
THSD7B,-0.529428869
THTPA,0.128328102
THUMPD1,0.251576516
THUMPD2,0.007070403
THUMPD3,0.083578661
THY1,0.275384356
THYN1,-0.28008087
TIA1,-0.063389249
TIAF1,-0.320483816
TIAL1,0.372654771
TIAM1,-0.293292658
TIAM2,-0.224575365
TICAM1,0.196475862
TICAM2,0.15891897
TICRR,0.1343924
TIE1,0.152856387
TIFA,-0.041267811
TIFAB,-0.055308824
TIGAR,-0.222834054
TIGD1,-0.446442038
TIGD2,0.657333672
TIGD3,0.340510137
TIGD4,-0.087328295
TIGD5,0.143761195
TIGD6,0.119827365
TIGD7,0.40646577
TIGIT,-0.016287185
TIMD4,0.139241196
TIMELESS,0.079817689
TIMM10,-0.126556114
TIMM10B,-0.213290089
TIMM13,0.331541147
TIMM17A,0.233332596
TIMM17B,-0.147886189
TIMM21,0.41657307
TIMM22,-0.372714476
TIMM23,0.146423349
TIMM23B,-0.136114921
TIMM23B-AGAP6,0.101191339
TIMM29,0.445067556
TIMM44,-0.254738244
TIMM50,0.445208781
TIMM8A,0.479664129
TIMM8B,-0.025249759
TIMM9,-0.034337679
TIMMDC1,0.675165703
TIMP1,0.037321047
TIMP2,-0.290055921
TIMP3,0.157730681
TIMP4,0.177245968
TINAG,0.634188458
TINAGL1,0.249543182
TINF2,-0.129253284
TIPARP,0.230922217
TIPIN,0.13637659
TIPRL,0.108162388
TIRAP,0.104503144
TJAP1,0.02470991
TJP1,-0.200657704
TJP2,-0.654403504
TJP3,-0.731933537
TK1,-0.151220827
TK2,-0.220120485
TKFC,0.296484616
TKT,-0.063929696
TKTL1,0.301969267
TKTL2,0.48198563
TLCD1,-0.215253949
TLCD2,0.72469536
TLCD3A,0.05910543
TLCD3B,-0.181922137
TLCD4,-0.09283864
TLCD4-RWDD3,-0.322340336
TLCD5,-0.395344554
TLDC2,-0.044831689
TLE1,-0.018799119
TLE2,-0.355907522
TLE3,0.369296957
TLE4,0.251220214
TLE6,-0.262471473
TLK1,0.2344174
TLK2,0.525235905
TLL1,0.25898791
TLL2,0.205675014
TLN1,-0.364133728
TLN2,-0.304130015
TLNRD1,-0.380421824
TLR1,0.254914478
TLR10,-0.38259231
TLR2,-0.363116597
TLR3,0.057234038
TLR4,0.32352105
TLR5,0.251769741
TLR6,0.590086565
TLR7,-0.833674254
TLR8,-0.324658028
TLR9,-0.289156463
TLX1,-0.284294155
TLX2,0.204633453
TLX3,0.252930797
TM2D1,-0.105983672
TM2D2,-0.641318394
TM2D3,0.156353103
TM4SF1,-0.016412426
TM4SF18,-0.83398627
TM4SF19,0.621081393
TM4SF19-TCTEX1D2,0.753311384
TM4SF20,0.696232675
TM4SF4,0.372722979
TM4SF5,-0.222347792
TM6SF1,-0.007245594
TM6SF2,0.191241938
TM7SF2,-0.478909349
TM7SF3,0.3536648
TM9SF1,0.321446287
TM9SF2,-1.1644338
TM9SF3,-0.385365933
TM9SF4,-0.862031233
TMA16,0.401544523
TMA7,-0.091541528
TMBIM1,0.143400696
TMBIM4,-0.444244478
TMBIM6,-0.022864786
TMC1,-0.523012505
TMC2,0.186901896
TMC3,0.01907165
TMC4,0.162949315
TMC5,0.110878562
TMC6,0.212899789
TMC7,-0.040915682
TMC8,-0.595727094
TMCC1,0.05567324
TMCC2,-0.507276799
TMCC3,-0.082506765
TMCO1,0.133510342
TMCO2,0.263530333
TMCO3,-0.369469464
TMCO4,-0.116193296
TMCO5A,-0.255669153
TMCO6,-0.660545033
TMED1,0.011041526
TMED10,-0.231609429
TMED2,0.374753801
TMED3,-0.685076932
TMED4,-0.358091317
TMED5,0.576295236
TMED6,-0.397061473
TMED7,0.198519843
TMED7-TICAM2,0.178719407
TMED8,0.337455495
TMED9,-0.097060398
TMEFF1,-0.076605563
TMEM100,0.066094643
TMEM101,-0.11138075
TMEM102,-0.416288449
TMEM104,-0.034678859
TMEM106A,0.337975231
TMEM106B,-0.289786054
TMEM106C,-0.167054077
TMEM107,-0.07491682
TMEM108,-0.123849295
TMEM109,-0.564054984
TMEM11,0.178433235
TMEM110,0.089159437
TMEM114,0.128928318
TMEM115,0.305477314
TMEM116,-0.718964195
TMEM117,-0.744366061
TMEM119,-0.664561129
TMEM120A,0.169466136
TMEM120B,0.25084599
TMEM121,0.178959907
TMEM121B,0.271655352
TMEM123,0.005198019
TMEM125,0.087730978
TMEM126A,0.539332386
TMEM126B,0.169431852
TMEM127,0.182743708
TMEM128,-0.224788475
TMEM129,0.587703345
TMEM130,0.476867308
TMEM131,-0.020893546
TMEM131L,-0.51303207
TMEM132A,-0.085035119
TMEM132B,-0.314221339
TMEM132C,-0.136777874
TMEM132D,-0.008349151
TMEM132E,-0.482318037
TMEM134,0.269056531
TMEM135,-0.347143581
TMEM138,-0.211062167
TMEM139,0.230102538
TMEM140,-0.189925089
TMEM141,-0.60582391
TMEM143,-0.126711129
TMEM144,0.37311104
TMEM145,-0.209781247
TMEM147,0.312634502
TMEM14A,0.185937974
TMEM14B,-0.01024079
TMEM14C,-0.192998368
TMEM14EP,-0.207200758
TMEM150A,-0.019772084
TMEM150B,0.127143443
TMEM150C,-0.233552833
TMEM151A,0.18679358
TMEM151B,0.11733645
TMEM154,0.434561582
TMEM155,0.2647763
TMEM156,0.567245861
TMEM158,0.181665818
TMEM159,0.293862159
TMEM160,-0.303193795
TMEM161A,0.062158576
TMEM161B,0.047029706
TMEM163,0.037086303
TMEM164,0.471758412
TMEM165,-0.386554485
TMEM167A,-0.173804928
TMEM167B,-0.401432826
TMEM168,-0.240681381
TMEM169,0.328310623
TMEM17,0.046302521
TMEM170A,0.038372915
TMEM170B,-0.468735901
TMEM171,-0.195818069
TMEM174,-0.099021728
TMEM175,0.296033028
TMEM176A,-0.205327059
TMEM176B,0.229927933
TMEM177,-0.233727666
TMEM178A,-0.706822105
TMEM178B,0.204433909
TMEM179,0.266096202
TMEM179B,0.646816855
TMEM18,0.103955067
TMEM181,0.000118564
TMEM182,-0.198597704
TMEM183A,0.210570774
TMEM183B,-0.17808412
TMEM184A,0.318430284
TMEM184B,-0.172746169
TMEM184C,-0.136809007
TMEM185A,0.081485749
TMEM185B,-0.690899446
TMEM186,0.234599129
TMEM187,0.123749044
TMEM189,-0.270497757
TMEM189-UBE2V1,-0.338973234
TMEM19,-0.775821547
TMEM190,-0.456460185
TMEM191A,0.354302036
TMEM191B,0.566367312
TMEM191C,0.407817532
TMEM192,-0.092088547
TMEM196,0.012159436
TMEM198,-0.509809414
TMEM199,-0.427171052
TMEM200A,-0.352600506
TMEM200B,0.289869848
TMEM200C,-0.100681175
TMEM201,0.697222184
TMEM202,0.000342731
TMEM203,-0.735426744
TMEM204,0.100008524
TMEM205,0.454638192
TMEM207,0.067662754
TMEM208,-0.270252333
TMEM209,-0.141187425
TMEM210,-0.841349426
TMEM211,0.202104886
TMEM212,-0.717390561
TMEM213,0.008589215
TMEM214,-0.551932256
TMEM215,-0.180592589
TMEM216,0.105906692
TMEM217,0.598490715
TMEM218,0.017215355
TMEM219,-0.76543553
TMEM220,-0.532193089
TMEM221,0.233539533
TMEM222,0.299354216
TMEM223,-0.106008577
TMEM225,0.305915537
TMEM225B,-0.297513261
TMEM229A,-0.10713543
TMEM229B,-0.654090722
TMEM230,-0.245888797
TMEM231,0.209331028
TMEM232,-0.398153137
TMEM233,-0.488687915
TMEM234,0.02365829
TMEM235,0.47807868
TMEM236,0.130330341
TMEM237,0.444816144
TMEM238,0.592955209
TMEM239,0.571026272
TMEM240,-0.826194671
TMEM241,-0.042892458
TMEM242,0.739880575
TMEM243,-0.18626567
TMEM244,0.287533552
TMEM245,-0.051817911
TMEM247,-0.087137048
TMEM248,-0.456799721
TMEM249,-0.248694603
TMEM25,-0.023267412
TMEM250,0.239264391
TMEM251,-0.423945165
TMEM252,0.016932076
TMEM253,0.17803767
TMEM254,-0.335931256
TMEM255A,0.127428054
TMEM255B,0.13692785
TMEM256,0.280694842
TMEM256-PLSCR3,0.248224341
TMEM258,0.14479819
TMEM259,-0.112048746
TMEM26,0.042001448
TMEM260,0.078674863
TMEM262,0.234036536
TMEM263,-0.367809389
TMEM265,0.311870535
TMEM266,-0.027488793
TMEM267,0.445511903
TMEM268,-0.391116597
TMEM269,0.380355197
TMEM270,0.084049898
TMEM273,0.134780297
TMEM30A,0.330805292
TMEM30B,-0.08683469
TMEM31,-0.277205965
TMEM33,-0.63545402
TMEM35A,-0.089587119
TMEM35B,0.415666138
TMEM37,0.561953528
TMEM38A,0.00593513
TMEM38B,0.039186513
TMEM39A,-0.082606112
TMEM39B,0.092580757
TMEM40,0.451138837
TMEM41A,0.217120415
TMEM41B,-0.240504861
TMEM42,-0.348539396
TMEM43,-0.738806719
TMEM44,-0.061549583
TMEM45A,-0.078518563
TMEM45B,-0.532043554
TMEM47,-0.171642412
TMEM50A,-0.011904707
TMEM50B,0.396992708
TMEM51,0.098006014
TMEM52,0.501168285
TMEM52B,0.626546985
TMEM53,-0.024501184
TMEM54,0.522183333
TMEM59L,0.152129255
TMEM60,-0.499179008
TMEM61,0.606316586
TMEM62,0.225789078
TMEM63A,-0.04523297
TMEM63B,-0.207425295
TMEM63C,0.596237665
TMEM64,-0.851847259
TMEM65,0.336742276
TMEM67,0.102296314
TMEM68,-0.271622207
TMEM69,0.177593048
TMEM70,-0.212904731
TMEM71,-0.217893703
TMEM72,0.438620088
TMEM74,0.355126816
TMEM74B,-0.231487644
TMEM79,-0.223044499
TMEM80,0.130563812
TMEM81,-0.330104912
TMEM82,-0.594992051
TMEM86A,-0.833665609
TMEM86B,-0.2340117
TMEM87A,-0.551736365
TMEM87B,-0.367121995
TMEM88,0.197415376
TMEM88B,0.041465139
TMEM89,-0.028495221
TMEM8B,0.381043216
TMEM9,0.518528165
TMEM91,-0.050974557
TMEM92,-0.04755862
TMEM94,0.023388522
TMEM95,-0.154622628
TMEM97,-0.164187795
TMEM98,0.097811136
TMEM99,0.129348548
TMEM9B,-0.212812688
TMF1,0.023898104
TMIE,-0.059581062
TMIGD1,-0.751369667
TMIGD2,0.292987351
TMIGD3,0.390842595
TMLHE,-0.969334341
TMOD1,0.082558973
TMOD2,0.33077099
TMOD3,0.580967976
TMOD4,-0.442201058
TMPO,-0.134968226
TMPPE,0.009163111
TMPRSS11A,0.212214648
TMPRSS11B,-0.226105091
TMPRSS11D,0.480503386
TMPRSS11E,0.414646248
TMPRSS11F,-0.411544713
TMPRSS12,0.181638367
TMPRSS13,-0.491774969
TMPRSS15,0.33225366
TMPRSS2,-0.250984755
TMPRSS3,0.305962737
TMPRSS4,-0.398667133
TMPRSS5,0.040768862
TMPRSS6,-0.410920916
TMPRSS7,0.11592592
TMPRSS9,-0.397799428
TMSB10,0.115447098
TMSB15A,-0.003385597
TMSB15B,-0.029941108
TMSB4X,0.355077158
TMSB4XP2,0.487332329
TMSB4XP8,0.487332329
TMSB4Y,-0.3645193
TMTC1,0.093962757
TMTC2,0.431431067
TMTC3,0.172334962
TMTC4,-0.269462286
TMUB1,0.082952295
TMUB2,-0.370700591
TMX1,0.140144054
TMX2,0.314566273
TMX2-CTNND1,0.430137428
TMX3,-0.324270332
TMX4,0.077733257
TNC,0.301519227
TNF,0.084903005
TNFAIP1,-0.305176842
TNFAIP2,-0.455282936
TNFAIP3,-0.465087858
TNFAIP6,0.072553454
TNFAIP8,0.320091014
TNFAIP8L1,-0.066770732
TNFAIP8L2,0.291224635
TNFAIP8L2-SCNM1,0.488409669
TNFAIP8L3,0.110403939
TNFRSF10A,0.192468668
TNFRSF10B,0.093618625
TNFRSF10C,0.578193433
TNFRSF10D,0.022408922
TNFRSF11A,-0.271538849
TNFRSF11B,0.434180202
TNFRSF12A,0.059213572
TNFRSF13B,-0.084667535
TNFRSF13C,-0.49448361
TNFRSF14,-0.286048103
TNFRSF17,0.508931403
TNFRSF18,0.119962795
TNFRSF19,-0.063672231
TNFRSF1A,0.937968496
TNFRSF1B,0.268942051
TNFRSF21,-0.468728677
TNFRSF25,0.418867151
TNFRSF4,0.014727118
TNFRSF6B,0.605394251
TNFRSF8,0.214082045
TNFRSF9,-0.347547105
TNFSF10,-0.04296655
TNFSF11,-0.647855563
TNFSF12,-0.133882167
TNFSF12-TNFSF13,-0.133882167
TNFSF13,-0.131943664
TNFSF13B,0.117451761
TNFSF14,-0.079740203
TNFSF15,-0.729590933
TNFSF18,-0.385691535
TNFSF4,0.068849323
TNFSF8,-0.099622056
TNFSF9,-0.270919814
TNIK,-0.05249059
TNIP1,-0.246985466
TNIP2,-0.245563991
TNIP3,0.576426628
TNK1,0.04439748
TNK2,0.306614468
TNKS,-0.30485024
TNKS1BP1,0.033223444
TNKS2,-0.290934349
TNMD,-0.149706511
TNN,0.068739682
TNNC1,-0.297245206
TNNC2,0.258383082
TNNI1,-0.366443414
TNNI2,-0.12391986
TNNI3,0.142385177
TNNI3K,-0.050214345
TNNT1,0.150500781
TNNT2,0.363167325
TNNT3,0.663817025
TNP1,-0.62385341
TNP2,-0.063394983
TNPO1,0.553263429
TNPO2,-0.018074646
TNPO3,0.301814654
TNR,-0.31868483
TNRC18,0.131636668
TNRC6A,0.304942164
TNRC6B,-0.015956517
TNRC6C,-0.007603911
TNS1,-0.167490726
TNS2,-0.282604668
TNS3,0.707864289
TNS4,-0.014817171
TNXB,-0.151492816
TOB1,-0.024397444
TOB2,0.187395881
TOE1,0.484663563
TOGARAM1,0.114345897
TOGARAM2,0.054989137
TOLLIP,-0.45210653
TOM1,-0.434508035
TOM1L1,-0.181534667
TOM1L2,0.057514219
TOMM20,0.115732594
TOMM20L,0.523567826
TOMM22,-0.18884738
TOMM34,-0.775332538
TOMM40,0.419268041
TOMM40L,0.370476087
TOMM5,0.021344945
TOMM6,-0.690826411
TOMM7,-0.137942434
TOMM70,-0.005357161
TONSL,-0.470095705
TOP1,-0.498675021
TOP1MT,-0.681760035
TOP2A,0.926802991
TOP2B,0.358941964
TOP3A,1.186663076
TOP3B,0.26622329
TOPAZ1,-0.015967106
TOPBP1,0.234410837
TOPORS,-0.211958346
TOR1A,0.504779452
TOR1AIP1,-0.003023901
TOR1AIP2,-0.719844193
TOR1B,-0.145512448
TOR2A,-0.337559431
TOR3A,-0.316258723
TOR4A,-0.087227897
TOX,-0.161147134
TOX2,0.173993844
TOX3,0.293016529
TOX4,0.196598705
TP53,-0.933153981
TP53AIP1,-0.302485805
TP53BP1,-0.449001163
TP53BP2,0.081136695
TP53I11,-0.577036315
TP53I13,-0.059704919
TP53I3,-0.662632468
TP53INP1,-0.00943914
TP53INP2,0.449015441
TP53RK,-0.114598326
TP53TG3,0.416159528
TP53TG3B,0.416159528
TP53TG3C,0.416159528
TP53TG3D,0.416159528
TP53TG3E,0.416159528
TP53TG3F,0.416159528
TP53TG5,-0.557369502
TP63,0.393942487
TP73,0.263064252
TPBG,0.273599217
TPBGL,-0.676117796
TPCN1,-0.432783961
TPCN2,-0.160456827
TPD52,0.085373178
TPD52L1,0.292400346
TPD52L2,-0.617281075
TPD52L3,0.077549456
TPGS1,-0.14103957
TPGS2,-0.172691194
TPH1,0.330549765
TPH2,-0.338759105
TPI1,-0.511627062
TPK1,-0.469321415
TPM1,-0.470994325
TPM2,0.099914266
TPM3,-0.008243169
TPM4,0.051743933
TPMT,0.025374875
TPO,-0.158753538
TPP1,-0.128556929
TPP2,-0.470824411
TPPP,0.234771525
TPPP2,0.311985644
TPPP3,0.074576992
TPR,-0.16825569
TPRA1,0.085249658
TPRG1,0.285190013
TPRG1L,-0.237332229
TPRKB,-0.178262002
TPRN,-0.038481787
TPRX1,0.232059143
TPSAB1,-0.349560127
TPSB2,0.066936438
TPSD1,-0.068661858
TPSG1,-0.590679453
TPST1,0.285694886
TPST2,0.029781373
TPT1,0.424719686
TPTE,0.103029082
TPTE2,-0.355590623
TPTE2P5,-0.349484183
TPTEP2-CSNK1E,0.050376894
TPX2,-0.014525883
TRA2A,0.40811719
TRA2B,-0.82412118
TRABD,0.04995967
TRABD2A,0.266769923
TRABD2B,-0.012618286
TRADD,0.490645674
TRAF1,-0.098827869
TRAF2,0.126952
TRAF3,-0.288779272
TRAF3IP1,-0.047515904
TRAF3IP2,0.11150745
TRAF3IP3,-0.718163132
TRAF4,0.537981226
TRAF5,0.354223285
TRAF6,-0.364541476
TRAF7,-0.232575493
TRAFD1,-0.168192901
TRAIP,-0.908231016
TRAK1,-0.2548399
TRAK2,-0.07120435
TRAM1,0.164590764
TRAM1L1,0.069902618
TRAM2,0.455091711
TRANK1,-0.891593474
TRAP1,-0.001942738
TRAPPC1,0.025399093
TRAPPC10,0.25983492
TRAPPC11,0.649242748
TRAPPC12,0.258390635
TRAPPC13,-0.087183868
TRAPPC2,0.769282892
TRAPPC2B,0.9011872
TRAPPC2L,-0.035595378
TRAPPC3,0.843201967
TRAPPC3L,0.256744278
TRAPPC4,-0.201129438
TRAPPC5,-0.549486961
TRAPPC6A,-0.294481042
TRAPPC6B,0.226686302
TRAPPC8,0.445023753
TRAPPC9,0.101033258
TRARG1,0.045270045
TRAT1,0.10031573
TRDMT1,-0.389537313
TRDN,0.587264375
TREH,-0.650465823
TREM1,0.14629489
TREM2,-0.008053622
TREML1,-0.210036283
TREML2,-0.003098501
TREML4,0.400578111
TRERF1,-0.107614653
TREX1,-0.130508264
TREX2,-0.32448895
TRGC1,-0.073359316
TRH,0.539247701
TRHDE,-0.47906666
TRHR,0.562008882
TRIAP1,-0.280952245
TRIB1,0.669622195
TRIB2,-0.336405573
TRIB3,0.325256249
TRIL,-0.039466902
TRIM10,-0.522575174
TRIM11,0.077056278
TRIM13,0.05017114
TRIM14,-0.133502062
TRIM15,-0.344955861
TRIM16,0.185679339
TRIM16L,0.935470091
TRIM17,0.123340652
TRIM2,0.553117263
TRIM21,-0.001317911
TRIM22,0.119110395
TRIM23,0.418374914
TRIM24,0.534225281
TRIM25,-0.252451993
TRIM26,-0.454087179
TRIM27,-0.23692966
TRIM28,0.190540844
TRIM29,-0.049953965
TRIM3,0.257884627
TRIM31,-0.47642285
TRIM32,0.504271539
TRIM33,-0.048293512
TRIM34,-0.574803143
TRIM35,0.382237246
TRIM36,0.126759004
TRIM37,0.473987469
TRIM38,-0.039411983
TRIM39,-0.096952182
TRIM39-RPP21,-0.157990588
TRIM4,-0.71031438
TRIM40,0.402771399
TRIM41,0.05576207
TRIM42,-0.024476201
TRIM43,-0.053375543
TRIM43B,0.038715764
TRIM44,0.163458192
TRIM45,0.308295691
TRIM46,-0.156664785
TRIM47,-0.310275475
TRIM48,-0.370939673
TRIM49,0.349700921
TRIM49B,0.279553329
TRIM49C,0.349700921
TRIM49D1,-0.395337818
TRIM49D2,-0.395337818
TRIM5,0.142359536
TRIM50,-0.267103523
TRIM51,0.045155472
TRIM51BP,0.456427925
TRIM51EP,0.456427925
TRIM51FP,0.456427925
TRIM52,0.1458768
TRIM53AP,-0.174829578
TRIM53BP,-0.174829578
TRIM53CP,-0.063787254
TRIM54,-0.813125354
TRIM55,-0.027467476
TRIM56,0.085980671
TRIM58,-0.071976315
TRIM59,-0.489421258
TRIM59-IFT80,-0.309460227
TRIM6,-0.02989072
TRIM6-TRIM34,-0.135407466
TRIM60,0.575176789
TRIM61,0.1870741
TRIM62,-0.197313538
TRIM63,0.031711967
TRIM64,-0.251666807
TRIM64B,0.041994081
TRIM64C,0.037269901
TRIM64DP,-0.036879311
TRIM65,0.253555724
TRIM66,0.05969008
TRIM67,-0.60992349
TRIM68,0.394822553
TRIM69,0.465406825
TRIM7,-0.062107063
TRIM71,-0.638118876
TRIM72,0.596686266
TRIM73,0.021835457
TRIM74,-0.052760939
TRIM77,-0.224826074
TRIM8,-0.4364386
TRIM9,-0.088838233
TRIML1,-0.251210203
TRIML2,0.04979093
TRIO,0.131191213
TRIOBP,-0.174207089
TRIP10,0.009754812
TRIP11,0.354146466
TRIP12,-0.590419386
TRIP13,0.025883784
TRIP4,0.209589551
TRIP6,-0.569611466
TRIQK,0.106069484
TRIR,0.052120002
TRIT1,-0.281697891
TRMO,0.13169145
TRMT1,0.203518243
TRMT10A,0.004479776
TRMT10B,-0.190867692
TRMT10C,-0.225135305
TRMT11,0.236423523
TRMT112,-0.005890978
TRMT12,0.750402478
TRMT13,0.433094079
TRMT1L,-0.425385274
TRMT2A,0.510645099
TRMT2B,0.171218081
TRMT44,-0.206236431
TRMT5,0.09004222
TRMT6,0.249054533
TRMT61A,-0.355067342
TRMT61B,-0.42693978
TRMT9B,-0.700636672
TRMU,-0.737320495
TRNAU1AP,0.022017383
TRNP1,-0.089888345
TRNT1,0.008555714
TRO,0.68652953
TROAP,-0.14600424
TROVE2,0.047806573
TRPA1,-0.394245249
TRPC1,-0.306045862
TRPC3,0.306385351
TRPC4,0.258992631
TRPC4AP,0.656224731
TRPC5,-0.259006348
TRPC5OS,-0.363537973
TRPC6,0.633129591
TRPC7,0.205778136
TRPM1,0.432464331
TRPM2,0.403322587
TRPM3,0.10448498
TRPM4,-0.281319013
TRPM5,0.173834168
TRPM6,-0.159784288
TRPM7,-0.631219945
TRPM8,-0.182869464
TRPS1,-0.199453862
TRPT1,-0.017965497
TRPV1,-0.478845892
TRPV2,0.202798534
TRPV3,0.080933158
TRPV4,0.246071294
TRPV5,-0.612170889
TRPV6,0.129265798
TRRAP,-0.215846438
TRUB1,0.069546976
TRUB2,-0.437377909
TSACC,-0.497947849
TSBP1,0.326219671
TSC1,-0.984401235
TSC2,-1.102459354
TSC22D1,-0.022197168
TSC22D2,-0.332931422
TSC22D3,-0.203140906
TSC22D4,0.141192368
TSEN15,-0.587870042
TSEN2,0.803366506
TSEN34,0.557131328
TSEN54,0.648569832
TSFM,0.218990898
TSG101,-0.32194101
TSGA10,-0.762144133
TSGA10IP,0.111860727
TSGA13,0.518583284
TSHB,0.106871868
TSHR,-0.466762343
TSHZ1,0.151884913
TSHZ2,0.200109751
TSHZ3,-0.266935066
TSKS,-0.165580074
TSKU,-0.345168578
TSLP,0.033625083
TSN,0.16781651
TSNARE1,-0.290119143
TSNAX,0.571034134
TSNAX-DISC1,0.472951533
TSNAXIP1,0.238967585
TSPAN1,-0.158109831
TSPAN10,0.228453959
TSPAN11,-0.019071756
TSPAN12,-0.018838375
TSPAN13,0.542265898
TSPAN14,0.481691555
TSPAN15,-0.308811526
TSPAN16,-0.178294532
TSPAN17,0.227204183
TSPAN18,0.622180612
TSPAN19,-0.174239628
TSPAN2,-0.281344212
TSPAN3,0.174796885
TSPAN31,-0.305151835
TSPAN32,0.534659944
TSPAN33,-0.373131462
TSPAN4,0.433540461
TSPAN5,-0.127764286
TSPAN6,-0.096095406
TSPAN7,0.172394246
TSPAN8,-0.200329913
TSPAN9,-0.513680426
TSPEAR,-0.016413237
TSPO,0.162117695
TSPO2,0.362049689
TSPOAP1,-0.177691831
TSPY1,-0.104574752
TSPY10,-0.157591997
TSPY11P,0.105647812
TSPY13P,0.124130324
TSPY15P,-0.042910916
TSPY17P,-0.205483606
TSPY18P,0.264058441
TSPY19P,0.264058441
TSPY2,-0.226580701
TSPY3,-0.157591997
TSPY4,-0.157591997
TSPY5P,-0.661145481
TSPY6P,0.124389578
TSPY7P,-0.223355699
TSPY8,-0.157591997
TSPY9P,-0.253973623
TSPYL1,-0.574675361
TSPYL2,-0.513986773
TSPYL4,-0.133042526
TSPYL5,0.016910473
TSPYL6,0.295907786
TSR1,0.220926455
TSR2,0.559618866
TSR3,-0.569876195
TSSC2,0.977808779
TSSC4,0.152918252
TSSK1B,-0.027071678
TSSK2,0.310468341
TSSK3,0.240921363
TSSK4,0.464024925
TSSK6,0.145845557
TST,-0.005168161
TSTA3,0.428948815
TSTD1,-0.262305452
TSTD2,-0.205250904
TSTD3,-0.064939481
TTBK1,0.560681709
TTBK2,-0.729846467
TTC1,0.053437258
TTC12,-0.218615578
TTC13,-0.605285454
TTC14,-0.167500675
TTC16,-0.143338616
TTC17,0.423397569
TTC19,0.06561469
TTC21A,0.105875316
TTC21B,0.146059532
TTC22,-0.542880819
TTC23,0.157363553
TTC23L,-0.229395097
TTC24,-0.179431784
TTC25,-0.061249499
TTC26,0.320370836
TTC27,0.206437836
TTC28,0.144528349
TTC29,-0.219587181
TTC3,0.101038474
TTC30A,-0.711139297
TTC30B,-0.166243208
TTC31,0.201793774
TTC32,-0.132330529
TTC33,0.100517175
TTC34,-0.210377203
TTC36,-0.336615854
TTC37,0.367552377
TTC38,0.13349453
TTC39A,-0.19632999
TTC39B,0.286099924
TTC39C,-0.187404344
TTC4,-0.460304405
TTC5,0.048568846
TTC7A,-0.246099216
TTC7B,0.328924215
TTC8,-0.441922824
TTC9,0.470878506
TTC9B,0.127487737
TTC9C,0.229861506
TTF1,-0.128309426
TTF2,-0.333522215
TTI1,0.588136219
TTI2,-0.673128079
TTK,-0.344343357
TTL,-0.503491755
TTLL1,-0.056530252
TTLL10,-0.053984779
TTLL11,-0.102409665
TTLL12,0.231276165
TTLL2,-0.023695596
TTLL3,-0.089059228
TTLL4,-0.103504942
TTLL5,0.137071837
TTLL6,0.052151475
TTLL7,-0.121041497
TTLL9,0.122503797
TTN,0.521650862
TTPA,-0.400258576
TTPAL,-0.042279538
TTR,0.263857434
TTYH1,0.070329058
TTYH2,0.449158662
TTYH3,-0.101714125
TUB,0.34539353
TUBA1A,0.245289944
TUBA1B,0.90939189
TUBA1C,1.329710855
TUBA3C,-0.124989074
TUBA3D,0.260204986
TUBA3E,-0.123221582
TUBA4A,-0.236059467
TUBA8,-0.505182705
TUBAL3,-0.002844324
TUBAP2,0.618426273
TUBB,-0.456142756
TUBB1,0.203079325
TUBB2A,-0.186340629
TUBB2B,0.004567697
TUBB2BP1,-0.319963764
TUBB3,-0.10689438
TUBB4A,0.184423325
TUBB4B,-0.027562499
TUBB6,-0.429146212
TUBB8,-0.308488423
TUBD1,-0.141115832
TUBE1,0.204406227
TUBG1,0.080454781
TUBG2,-0.038939697
TUBGCP2,-0.129798303
TUBGCP3,0.478300939
TUBGCP4,-0.194080328
TUBGCP5,0.549406943
TUBGCP6,0.03817191
TUFM,-0.094975024
TUFT1,-0.113688219
TULP1,-0.150269849
TULP2,0.465028951
TULP3,-0.1500298
TULP4,0.016599864
TUSC1,-0.31653484
TUSC2,-0.010697984
TUSC3,-0.373154263
TUT1,0.684089433
TVP23A,-0.147845411
TVP23B,-0.040649262
TVP23C,-0.177486834
TVP23C-CDRT4,-0.111006873
TVP23CP2,-0.415817547
TWF1,-0.793878783
TWF1P1,-1.097965021
TWF2,0.414653353
TWIST1,-0.682848801
TWISTNB,0.667949012
TWNK,0.174803999
TWSG1,0.067453726
TXK,-0.366909004
TXLNA,0.037996799
TXLNB,0.410806915
TXLNG,-0.115156029
TXN,0.254562816
TXN2,0.371439653
TXNDC11,-0.17738953
TXNDC12,0.122055931
TXNDC15,0.238888071
TXNDC16,0.277920952
TXNDC17,-0.03892932
TXNDC2,0.204606151
TXNDC5,-0.035303464
TXNDC8,-0.282500339
TXNDC9,-0.315891313
TXNIP,-0.291444197
TXNL1,-0.308307647
TXNL4B,0.53573432
TXNRD1,0.685258041
TXNRD2,-0.5282744
TXNRD3,-0.272244481
TYK2,0.56591268
TYMP,0.119756811
TYMS,0.774205119
TYMSOS,0.023209686
TYR,0.513199368
TYRO3,-0.210251378
TYROBP,0.096236471
TYRP1,0.964523101
TYSND1,-0.10173201
TYW1,-0.21882703
TYW1B,-0.407005028
TYW3,-0.563923215
TYW5,-0.052602747
U2AF1,0.524060841
U2AF1L4,-0.581025562
U2AF1L5,0.524060841
U2AF2,-0.246155334
U2SURP,-0.524141964
UACA,-0.047159689
UAP1,-0.816065958
UAP1L1,-0.240387527
UBA1,-0.259527564
UBA2,-0.119352861
UBA3,0.374549759
UBA5,-0.381662568
UBA52,0.317104477
UBA6,0.135486015
UBA7,0.101299869
UBAC1,-1.086328676
UBAC2,-0.098790037
UBALD1,0.11234777
UBALD2,-0.205719435
UBAP1,0.217828104
UBAP1L,0.340496367
UBAP2,0.311160696
UBAP2L,0.681831481
UBASH3A,0.252163516
UBASH3B,0.223920708
UBB,0.04445335
UBC,-0.216865615
UBD,0.478812679
UBE2A,0.282272072
UBE2B,0.277956224
UBE2C,0.444720701
UBE2D1,0.37268025
UBE2D2,0.391318969
UBE2D3,0.158894613
UBE2D4,0.478249989
UBE2E1,0.469916034
UBE2E2,-0.346091365
UBE2E3,-0.283897006
UBE2F,-0.007623568
UBE2F-SCLY,-0.02822223
UBE2G1,0.031913336
UBE2G2,-0.225529615
UBE2H,-0.471657569
UBE2I,0.525155012
UBE2J1,-0.324724103
UBE2J2,0.082136324
UBE2K,0.507522826
UBE2L1,0.736358073
UBE2L3,0.169287505
UBE2L6,0.817656104
UBE2M,-0.604587002
UBE2N,-0.017346781
UBE2O,0.192481918
UBE2Q1,0.401384394
UBE2Q2,0.199266877
UBE2Q2L,-0.442571763
UBE2QL1,-0.217918116
UBE2R2,0.262232767
UBE2S,0.242874037
UBE2SP1,0.009330801
UBE2T,0.195450596
UBE2U,0.380731064
UBE2V1,-0.475924189
UBE2V1P2,-0.739759391
UBE2W,0.706228806
UBE2Z,-1.164262604
UBE3A,-0.009906731
UBE3B,-0.824415824
UBE3C,0.238841078
UBE3D,-0.420917857
UBE4A,-0.311591623
UBE4B,-0.317340447
UBFD1,-0.591111682
UBIAD1,-0.259205791
UBL3,-0.141610288
UBL4A,-0.301083059
UBL4B,-0.27033596
UBL5,0.555049687
UBL7,-0.181253652
UBLCP1,-0.159194352
UBN1,-0.772031269
UBN2,-0.238278024
UBOX5,0.328691708
UBP1,-0.747637263
UBQLN1,-0.409001158
UBQLN2,0.104712078
UBQLN3,-0.257912788
UBQLN4,-0.356961913
UBQLNL,0.449994907
UBR1,0.410258392
UBR2,-0.080410408
UBR3,0.158206781
UBR4,0.026310916
UBR5,-0.35830498
UBR7,0.244980745
UBTD1,0.236726332
UBTD2,0.1276429
UBTF,-0.055106445
UBTFL1,-0.435685513
UBXN1,0.13504452
UBXN10,0.483681909
UBXN11,-0.249894522
UBXN2A,0.236880764
UBXN2B,-0.511913339
UBXN4,0.650947148
UBXN6,-0.337767393
UBXN7,-0.044499824
UBXN8,-0.3429654
UCHL1,0.68602215
UCHL3,0.81059935
UCHL5,-0.453805615
UCK1,-0.264510389
UCK2,-0.401941042
UCKL1,0.008627976
UCMA,0.703097716
UCN,-0.176175149
UCN2,-0.083757797
UCN3,0.893607636
UCP1,-0.034755994
UCP2,-0.043482167
UCP3,-0.349803167
UEVLD,0.25650363
UFC1,-0.124703391
UFD1,-0.104725163
UFL1,-0.256588091
UFM1,-0.738317997
UFSP1,0.332592338
UFSP2,-0.623095017
UGCG,-0.522050468
UGDH,-0.318055318
UGGT1,0.0208981
UGGT2,-0.242654924
UGP2,-0.609720544
UGT1A1,-0.252172259
UGT1A10,-0.40684176
UGT1A3,0.196749145
UGT1A4,0.397728732
UGT1A5,0.189501306
UGT1A6,0.142145419
UGT1A7,0.066651193
UGT1A8,0.135589371
UGT1A9,-0.390299032
UGT2A1,-0.144776852
UGT2A2,-0.409346184
UGT2A3,0.23025313
UGT2B10,0.343972921
UGT2B11,0.42929903
UGT2B15,0.340462692
UGT2B17,-0.277482652
UGT2B25P,0.508064633
UGT2B27P,0.370844556
UGT2B28,-0.261326721
UGT2B4,-0.155607016
UGT2B7,-0.3657059
UGT3A1,-0.738008428
UGT3A2,-0.055200481
UGT8,0.441338604
UHMK1,-0.597175356
UHRF1,-0.302246746
UHRF1BP1,0.685353457
UHRF1BP1L,-0.333220689
UHRF2,-0.421157176
UIMC1,0.111935209
ULBP1,0.268588717
ULBP2,0.175239202
ULBP3,0.134142288
ULK1,-0.588548177
ULK2,-0.327695415
ULK3,0.183294007
ULK4,0.303321344
UMAD1,-0.810248011
UMOD,0.073955261
UMODL1,-0.649769233
UMPS,-0.161510295
UNC119,-0.109760642
UNC119B,0.345355453
UNC13A,0.098724748
UNC13B,-0.496401384
UNC13C,0.404617433
UNC13D,0.215190164
UNC45A,-0.918080483
UNC45B,-0.213263057
UNC50,0.152562995
UNC5A,-0.259228133
UNC5B,-0.038653693
UNC5C,1.122304276
UNC5CL,0.007280437
UNC5D,-0.054460509
UNC79,0.3629669
UNC80,-0.718651412
UNC93A,0.223060357
UNC93B1,0.119658713
UNCX,-0.146143101
UNG,0.134896247
UNK,-0.40786619
UNKL,-0.050998606
UPB1,-0.442511586
UPF1,-0.56327019
UPF2,0.385486196
UPF3A,-0.0874538
UPF3B,0.038409198
UPK1A,0.110267195
UPK1B,0.120012792
UPK2,-0.402241306
UPK3A,0.303878063
UPK3BL1,0.291556041
UPK3BL2,0.291556041
UPP1,-0.064827487
UPP2,-0.209385243
UPRT,0.015442872
UQCC1,-0.532212722
UQCC2,0.17582587
UQCC3,0.124354731
UQCR10,0.047353857
UQCR11,-0.318175183
UQCRB,0.754131518
UQCRC1,0.18341339
UQCRC2,0.337800653
UQCRFS1,-0.239755514
UQCRH,0.13889404
UQCRHL,0.116922998
UQCRHP3,-0.04551838
UQCRQ,0.116819647
URAD,0.047566243
URB1,0.064459804
URB2,-0.039437148
URGCP,0.131126629
URGCP-MRPS24,-0.386543167
URI1,0.488677479
URM1,0.37575711
UROC1,0.111243848
UROD,0.387115865
UROS,0.312565056
USB1,0.410269865
USE1,0.278205041
USF1,0.353359286
USF2,-0.411940887
USF3,0.244653167
USH1C,-0.311887668
USH1G,-0.163937655
USH2A,0.05247714
USHBP1,0.244578322
USO1,0.379193858
USP1,0.128241056
USP10,0.033866615
USP11,0.191207691
USP12,0.104321118
USP12PX,-0.360065854
USP12PY,-0.360065854
USP13,0.152604377
USP14,0.189482113
USP15,0.002462353
USP16,-0.260081733
USP17L1,-0.042088932
USP17L10,-0.093009566
USP17L11,0.09178498
USP17L12,0.128786875
USP17L13,0.096218801
USP17L14P,0.072153964
USP17L15,0.083314911
USP17L17,0.065223108
USP17L18,0.09178498
USP17L19,0.128916291
USP17L2,-0.122046737
USP17L20,0.093600602
USP17L21,0.128786875
USP17L22,0.06474615
USP17L24,0.154462439
USP17L25,0.154462439
USP17L26,0.154462439
USP17L27,0.154462439
USP17L28,0.154462439
USP17L29,0.154462439
USP17L3,0.112170545
USP17L30,0.154462439
USP17L4,0.000491833
USP17L5,0.154462439
USP17L6P,0.10655941
USP17L7,-0.033873626
USP17L8,-0.009608161
USP17L9P,0.184598136
USP18,-0.547917327
USP19,-0.01298307
USP2,0.018153627
USP20,-0.939742231
USP21,0.270252644
USP22,-0.229214821
USP24,0.134734015
USP25,-0.068762519
USP26,-0.694486418
USP27X,0.197467494
USP28,-0.182955465
USP29,-0.369306602
USP3,-0.147901653
USP30,-0.069192717
USP31,-0.31377752
USP32,-0.49419036
USP33,0.356613442
USP34,-0.055786253
USP35,-0.238066419
USP36,0.245566461
USP37,0.742957514
USP38,0.568789594
USP39,0.409885363
USP4,0.002997302
USP40,-0.649105226
USP42,0.457755195
USP43,0.194123595
USP44,0.290532282
USP45,0.157067768
USP46,-0.488035909
USP47,-0.04794727
USP48,-0.047681911
USP49,0.069779705
USP5,0.628475707
USP50,0.085870236
USP51,0.775328336
USP53,-0.04298089
USP54,0.836406516
USP6,-0.152909954
USP6NL,0.276525705
USP7,0.101474632
USP8,-0.12270126
USP9X,-0.289739769
USP9Y,0.103110417
USPL1,0.676417596
UST,-0.163185613
UTF1,0.193623732
UTP11,0.059352836
UTP14A,-0.214951792
UTP14C,0.179609447
UTP15,0.290730548
UTP18,0.351216606
UTP20,0.231938004
UTP23,0.401341185
UTP3,0.329021605
UTP4,-0.272175455
UTP6,-0.294930499
UTRN,0.558718659
UTS2,0.121695674
UTS2B,0.198145198
UTS2R,0.299551829
UTY,0.071066558
UVRAG,-0.257304059
UVSSA,0.135669647
UXS1,0.150163332
UXT,-0.207988329
VAC14,0.551816651
VAMP1,-0.40055244
VAMP2,0.007150561
VAMP3,-0.077998034
VAMP4,-0.603785887
VAMP5,-0.535740465
VAMP7,0.353893281
VAMP8,-0.025646637
VANGL1,0.511304231
VANGL2,-0.461102315
VAPA,0.110516226
VAPB,0.200838246
VARS,0.166294385
VARS2,0.057905438
VASH1,0.002725637
VASH2,-0.18333725
VASN,-0.52456426
VASP,0.283036282
VAT1,0.637610947
VAT1L,-0.208091244
VAV1,-0.287482086
VAV2,0.251632645
VAV3,-0.075392936
VAX1,-0.114219225
VAX2,-0.078916291
VBP1,0.039666796
VCAM1,0.368840516
VCAN,0.282638789
VCL,-0.059141519
VCP,-0.645303762
VCPIP1,-0.328861289
VCPKMT,0.356973721
VCX,0.256090083
VCX2,0.366166862
VCX3A,0.347222924
VCX3B,0.339893532
VCY,0.282608956
VCY1B,0.282608956
VDAC1,-0.603770448
VDAC2,-0.483876624
VDAC3,0.430782727
VDR,-0.301559751
VEGFA,-0.148121968
VEGFB,0.215642227
VEGFC,0.688934648
VEGFD,-1.055241397
VENTX,-0.533285679
VEPH1,-0.503857654
VEZF1,0.366203258
VEZT,-0.093620126
VGF,-0.251926336
VGLL1,-0.186193813
VGLL2,0.133144998
VGLL3,-0.191643044
VGLL4,0.25871766
VHL,-0.411001068
VHLL,-0.414718602
VIL1,0.014326554
VILL,0.02323494
VIM,-0.185824597
VIP,-0.060239184
VIPAS39,0.016062607
VIPR1,0.168933262
VIPR2,0.154715218
VIRMA,0.416187717
VIT,-0.030993516
VKORC1,-0.321142221
VKORC1L1,-0.276851029
VLDLR,0.038808919
VMA21,-0.641711989
VMAC,0.378464929
VMO1,-0.077548182
VMP1,0.592256399
VN1R1,0.101226307
VN1R2,0.037876937
VN1R4,0.312835226
VN1R5,-0.188209161
VN1R6P,0.299620025
VNN1,0.347121486
VNN2,-0.018996566
VNN3,-0.17995466
VOPP1,-0.687086972
VPREB1,0.260826792
VPREB3,0.349716977
VPS11,-0.061862892
VPS13A,0.04168559
VPS13B,0.018414487
VPS13C,0.084646894
VPS13D,-0.179160172
VPS16,-0.049252348
VPS18,0.584297336
VPS25,0.016792983
VPS26A,-0.212337485
VPS26B,-0.642647671
VPS26C,-0.422244521
VPS28,0.889067813
VPS29,-0.224441003
VPS33A,0.033301752
VPS33B,-0.4291828
VPS35,-0.307344948
VPS35L,-1.048229709
VPS36,-0.208616411
VPS37A,-0.925963673
VPS37B,0.564709175
VPS37C,0.181409762
VPS37D,-0.827284898
VPS39,-0.738993664
VPS41,0.663638399
VPS45,-0.429032779
VPS4A,-0.559901745
VPS4B,0.290876462
VPS50,-0.21430297
VPS51,0.239210675
VPS52,0.021999264
VPS53,0.455340884
VPS54,-0.2641319
VPS72,-0.540468626
VPS8,-0.671376139
VPS9D1,0.167432336
VRK1,-0.294614708
VRK2,0.261226977
VRK3,0.165194632
VRTN,0.204093495
VSIG1,0.088933141
VSIG10,0.408186366
VSIG10L,-0.108459371
VSIG2,0.172472111
VSIG4,-0.088668415
VSIG8,-0.602432762
VSIR,-0.083563252
VSNL1,-0.172253163
VSTM1,-0.431946348
VSTM2A,0.123442908
VSTM2B,-0.087964328
VSTM2L,-0.06260565
VSTM4,0.490962449
VSTM5,0.218238504
VSX1,-0.274777379
VSX2,0.152871277
VTA1,0.113832872
VTCN1,0.14695834
VTI1A,0.066241999
VTI1B,0.212078857
VTN,0.008362238
VWA1,-0.073479929
VWA2,-0.428287358
VWA3A,0.367517943
VWA3B,-0.026696876
VWA5A,-1.048475249
VWA5B1,-0.496196176
VWA5B2,0.200731381
VWA7,-0.226000649
VWA8,0.512148523
VWC2,0.140225173
VWC2L,0.026498705
VWCE,0.380108037
VWDE,0.36001606
VWF,0.305810206
VXN,0.323743341
WAC,-0.206120366
WAPL,0.046395529
WARS1,-0.098351628
WARS2,0.218504992
WAS,-0.439700948
WASF1,-0.243926312
WASF2,-0.579983991
WASF3,-0.1233105
WASH2P,1.786840238
WASH3P,1.358890067
WASH4P,1.786840238
WASH7P,1.358890067
WASH9P,1.358890067
WASHC1,1.002722098
WASHC2A,0.217754448
WASHC2C,0.001466391
WASHC3,-0.108629093
WASHC4,-0.276757754
WASHC5,-0.081381528
WASL,0.285798408
WBP1,0.499280045
WBP11,0.169620937
WBP1L,0.348476211
WBP2,-0.225294005
WBP2NL,-0.156287053
WBP4,-1.161228179
WDCP,-0.269008254
WDFY1,0.20210163
WDFY2,0.224929691
WDFY3,0.524262574
WDFY4,0.573832039
WDHD1,0.412080522
WDPCP,0.577881319
WDR1,-0.627870317
WDR11,-0.406209447
WDR12,0.988593159
WDR13,-0.214913987
WDR17,-0.082950336
WDR18,0.452410441
WDR19,0.145569949
WDR20,-0.144009083
WDR24,0.339837261
WDR25,0.088587901
WDR26,-0.186257808
WDR27,0.239201199
WDR3,0.499750024
WDR31,-0.0194735
WDR33,-0.019378782
WDR34,0.0204691
WDR35,-0.351598556
WDR36,-0.285836571
WDR37,0.56530369
WDR38,-0.175211615
WDR4,-0.166092927
WDR41,0.308426143
WDR43,-0.116045634
WDR44,0.113750843
WDR45,0.279827302
WDR45B,0.385430151
WDR46,-0.051896503
WDR47,-0.27489539
WDR48,-0.026268938
WDR49,-0.395113904
WDR5,-0.515692653
WDR53,0.128976351
WDR54,0.581207829
WDR55,0.196378131
WDR59,0.413467444
WDR5B,-0.888866643
WDR6,-0.08850232
WDR60,-0.356182862
WDR61,-0.193417185
WDR62,0.136375635
WDR63,-0.563089693
WDR64,0.055329848
WDR66,0.195623062
WDR7,-0.552271065
WDR70,0.19712976
WDR72,-0.029849175
WDR73,-0.395775072
WDR74,-0.350651622
WDR75,-0.190966327
WDR76,-0.373195654
WDR77,0.758372445
WDR78,-0.074165547
WDR81,0.225810826
WDR82,0.65307421
WDR83,-0.627708434
WDR83OS,0.367298481
WDR86,0.497654234
WDR87,-0.074166558
WDR88,0.465422881
WDR89,0.419965567
WDR90,-0.369614968
WDR91,0.464305717
WDR92,0.058316268
WDR93,-0.768527009
WDSUB1,-0.027551148
WDTC1,-0.291551275
WDYHV1,-0.123756623
WEE1,0.110884758
WEE2,-0.031912368
WFDC1,0.844233146
WFDC10A,-0.346063429
WFDC10B,-0.255826196
WFDC11,-0.33153446
WFDC12,-0.283171926
WFDC13,-0.517047238
WFDC2,-0.582774406
WFDC3,-0.109703708
WFDC5,0.379489617
WFDC6,-0.834945614
WFDC8,0.456960857
WFDC9,-0.160396418
WFIKKN1,-0.13475628
WFIKKN2,0.103242398
WFS1,-0.1760278
WHAMM,-0.253268069
WHRN,-0.318227932
WIF1,-0.186161244
WIPF1,0.152646023
WIPF2,-0.231007161
WIPF3,0.042228072
WIPI1,-0.150629449
WIPI2,-0.441326018
WISP1,0.331204258
WISP2,-0.046379759
WISP3,0.165122689
WIZ,-0.074965088
WLS,0.674777268
WNK1,-0.080215996
WNK2,0.124405504
WNK3,-0.339726716
WNK4,0.17586243
WNT1,0.289577637
WNT10A,-0.008325189
WNT10B,0.013597283
WNT11,0.366330142
WNT16,0.029931305
WNT2,-0.80414092
WNT2B,0.375076069
WNT3,-0.370666941
WNT3A,-0.230570376
WNT4,-0.19221924
WNT5A,-0.193135546
WNT5B,-0.207734157
WNT6,0.106700579
WNT7A,-0.598892305
WNT7B,-0.270497641
WNT8A,-0.694607383
WNT8B,-0.040705138
WNT9A,0.045918199
WNT9B,-0.18854044
WRAP53,-0.720120189
WRAP73,0.006388716
WRB,0.21767354
WRB-SH3BGR,0.110817718
WRN,-0.094657258
WRNIP1,-0.181520166
WSB1,-0.266216194
WSB2,0.298838258
WSCD1,-0.211727327
WSCD2,0.573392535
WT1,-0.449211777
WTAP,0.287462022
WTIP,-0.314959947
WWC1,0.034287777
WWC2,0.693708655
WWC3,-0.641205405
WWOX,0.347598165
WWP1,0.365600836
WWP2,0.334542948
WWTR1,-0.083563812
XAB2,-0.219861001
XAF1,-0.172166991
XAGE1B,-0.125156398
XAGE2,-0.300667103
XAGE3,-0.389075933
XAGE5,0.413871735
XBP1,0.138398118
XCL1,-0.850660203
XCL2,-0.632177845
XCR1,-0.290983388
XDH,0.19347692
XG,0.084230911
XIAP,-0.257438084
XIRP1,0.036461877
XIRP2,-0.293054747
XK,-0.174194752
XKR3,-0.64205988
XKR4,0.240511125
XKR5,-0.221873705
XKR6,0.362774618
XKR7,0.521922405
XKR8,0.277561338
XKR9,-0.177270028
XKRX,-0.147381218
XKRY,0.128832104
XKRY2,0.128832104
XPA,0.117810018
XPC,-0.337194404
XPNPEP1,-0.131282638
XPNPEP2,-0.160689831
XPNPEP3,-0.182712114
XPO1,-0.174059303
XPO4,-0.524637774
XPO5,0.192032188
XPO6,-0.232466687
XPO7,-0.587697632
XPOT,0.491433024
XPR1,0.466029057
XRCC1,0.269172568
XRCC2,-0.382937479
XRCC3,0.309233252
XRCC4,-0.629732456
XRCC5,-0.111987297
XRCC6,-0.354264567
XRN1,-0.291851014
XRN2,-0.11604258
XRRA1,0.109094128
XXYLT1,0.574888285
XYLB,-0.193909554
XYLT1,-0.129675154
XYLT2,-0.146404353
YAE1,-0.452119603
YAF2,0.143280088
YAP1,0.47336253
YARS1,0.273421756
YARS2,0.311824439
YBEY,-0.077901504
YBX1,0.409096042
YBX2,-0.054457896
YBX3,0.019134424
YDJC,0.328758071
YEATS2,-0.495832028
YEATS4,-0.499769957
YES1,-0.50898808
YIF1A,0.013056703
YIF1B,-0.193953482
YIPF1,0.817697849
YIPF2,0.517160435
YIPF3,0.838700715
YIPF4,0.082157189
YIPF5,-0.013899574
YIPF6,0.48288212
YIPF7,0.332379572
YJEFN3,-0.420648788
YJU2,-0.124830481
YKT6,0.57721329
YLPM1,-0.659322089
YME1L1,-0.033041419
YOD1,-0.274110964
YPEL1,0.907821869
YPEL2,0.562275105
YPEL3,-0.336374484
YPEL4,-0.438925337
YPEL5,-0.69247179
YRDC,-1.227179239
YTHDC1,0.080111167
YTHDC2,-0.009914503
YTHDF1,-0.204140536
YTHDF2,-0.008646551
YTHDF3,-0.142970347
YWHAB,-0.269566622
YWHAE,-0.658106076
YWHAG,-0.269462446
YWHAH,-0.14032609
YWHAQ,-0.684148635
YWHAZ,0.287731851
YY1,0.658738789
YY1AP1,0.639560847
YY2,0.59053527
ZACN,-0.101400641
ZADH2,-0.163168239
ZAN,-0.095266082
ZAP70,0.220602584
ZAR1,0.04843946
ZAR1L,0.042821658
ZASP,-0.253505224
ZBBX,-0.751208322
ZBED1,-0.132805827
ZBED2,-0.014063714
ZBED3,0.322461127
ZBED4,0.317183948
ZBED5,0.227198709
ZBED6,-0.202591622
ZBED6CL,0.539378097
ZBED8,-0.220688769
ZBED9,0.015457273
ZBP1,0.004587541
ZBTB1,-0.29781301
ZBTB10,-0.109057293
ZBTB11,-0.106951381
ZBTB12,0.170370005
ZBTB14,-0.206415648
ZBTB16,0.318069835
ZBTB17,0.552439053
ZBTB18,-0.177448196
ZBTB2,-0.15167731
ZBTB20,-0.007379373
ZBTB21,-0.060450339
ZBTB22,0.036941627
ZBTB24,-0.439363898
ZBTB25,0.215918732
ZBTB26,-0.227373541
ZBTB3,0.681624392
ZBTB32,-0.148117597
ZBTB33,-0.109835349
ZBTB34,-0.107371655
ZBTB37,0.228028214
ZBTB38,-0.142833873
ZBTB39,-0.242845706
ZBTB4,-0.028434808
ZBTB40,-0.173965607
ZBTB41,0.314767326
ZBTB43,0.157931549
ZBTB44,0.053644112
ZBTB45,-0.290371903
ZBTB46,0.053662561
ZBTB47,-0.030172192
ZBTB48,-0.379524685
ZBTB49,0.475821
ZBTB5,0.026797768
ZBTB6,0.038345507
ZBTB7A,-0.354071598
ZBTB7B,0.450426319
ZBTB7C,-0.242598824
ZBTB8A,0.199859762
ZBTB8B,0.326279343
ZBTB8OS,0.155881822
ZBTB9,0.448976645
ZC2HC1A,-0.603915288
ZC2HC1B,0.486087236
ZC2HC1C,-0.197076085
ZC3H10,0.252362679
ZC3H11A,-0.168523519
ZC3H11B,0.397829558
ZC3H12A,0.269471356
ZC3H12B,0.097284943
ZC3H12C,-0.060013657
ZC3H12D,-0.799258153
ZC3H13,0.458608769
ZC3H14,-0.113964501
ZC3H15,-0.822329081
ZC3H18,0.665030634
ZC3H3,0.072039087
ZC3H4,-0.569376019
ZC3H6,0.798153816
ZC3H7A,0.039699134
ZC3H7B,-0.20199534
ZC3H8,0.461112952
ZC3HAV1,-0.083144507
ZC3HAV1L,-0.530327762
ZC3HC1,-0.616340807
ZC4H2,-0.122898086
ZCCHC10,0.369135407
ZCCHC11,0.223760571
ZCCHC12,-0.139380076
ZCCHC13,-0.050006498
ZCCHC14,0.54902199
ZCCHC17,-0.054214636
ZCCHC18,0.256991384
ZCCHC2,0.170709606
ZCCHC24,-0.111521881
ZCCHC3,-0.249354689
ZCCHC4,-0.209787043
ZCCHC6,0.522280888
ZCCHC7,0.218968147
ZCCHC8,-0.240222651
ZCCHC9,-0.337760836
ZCRB1,-0.37815643
ZCWPW1,-0.314913702
ZCWPW2,-0.876387092
ZDBF2,0.073855111
ZDHHC1,0.228430493
ZDHHC11,-0.052396745
ZDHHC12,-0.022783812
ZDHHC13,-0.086119335
ZDHHC14,-0.620446295
ZDHHC15,-0.288484218
ZDHHC16,-0.739687104
ZDHHC17,-0.082868428
ZDHHC18,-0.090348787
ZDHHC19,0.10148097
ZDHHC2,-0.330112464
ZDHHC20,-0.180405001
ZDHHC21,0.205410528
ZDHHC22,0.733164624
ZDHHC23,0.003034124
ZDHHC24,-0.261468943
ZDHHC3,0.181019298
ZDHHC4,0.348086183
ZDHHC5,0.111433416
ZDHHC6,-0.00450585
ZDHHC7,-0.146094357
ZDHHC8,0.81078335
ZDHHC9,0.029183041
ZEB1,0.018355516
ZEB2,-0.225792184
ZER1,0.029104504
ZFAND1,-0.266687259
ZFAND2A,-0.223137289
ZFAND2B,-0.083169874
ZFAND3,0.211167704
ZFAND4,0.012124081
ZFAND5,-0.198352517
ZFAND6,-0.423191299
ZFAT,0.07194867
ZFC3H1,-0.256966109
ZFHX2,0.184666332
ZFHX3,0.009792185
ZFHX4,0.015246046
ZFP1,0.224627218
ZFP14,-0.205299694
ZFP2,0.27350327
ZFP28,-0.010407419
ZFP3,0.089474587
ZFP30,-0.263164091
ZFP36,-0.356552352
ZFP36L1,-0.307357164
ZFP36L2,0.001147629
ZFP37,-0.613651456
ZFP41,-0.353497952
ZFP42,0.137355746
ZFP57,-0.308854698
ZFP62,-0.719681623
ZFP64,-0.431152222
ZFP69,-0.38956255
ZFP69B,0.156254312
ZFP82,-0.137583112
ZFP91,-0.178243534
ZFP91-CNTF,0.037160872
ZFP92,0.500044431
ZFPL1,-0.294400226
ZFPM1,0.239126112
ZFPM2,0.561108839
ZFR,-0.308437606
ZFR2,0.333083381
ZFX,-0.420067985
ZFY,0.355986248
ZFYVE1,0.35238289
ZFYVE16,-0.294334968
ZFYVE19,0.38450211
ZFYVE21,0.039996041
ZFYVE26,0.036010652
ZFYVE27,0.212953479
ZFYVE28,-0.247904526
ZFYVE9,-0.108654406
ZG16,-0.400415036
ZG16B,0.215203886
ZGLP1,0.60631413
ZGPAT,0.194198133
ZGRF1,0.201007172
ZHX1,0.031819639
ZHX1-C8orf76,-0.129414326
ZHX2,-0.248661598
ZHX3,0.068258529
ZIC1,-0.304163792
ZIC2,0.614009545
ZIC3,-0.625165679
ZIC4,-0.600075432
ZIC5,0.224176639
ZIK1,-0.671687874
ZIM2,-0.12919777
ZIM3,-0.557212069
ZKSCAN1,-0.032058372
ZKSCAN2,-0.0345267
ZKSCAN3,-0.698174627
ZKSCAN4,-0.092426614
ZKSCAN5,-0.55083844
ZKSCAN7,0.096314387
ZKSCAN8,0.223466047
ZMAT1,-0.218846304
ZMAT2,0.654279841
ZMAT3,0.142458864
ZMAT4,-0.271088649
ZMAT5,-0.391679843
ZMIZ1,0.255199571
ZMIZ2,-0.625611572
ZMPSTE24,0.61610784
ZMYM1,-0.211851801
ZMYM2,-0.387294683
ZMYM3,-0.993636359
ZMYM4,0.047372142
ZMYM5,-0.402870231
ZMYM6,0.126066431
ZMYND10,0.68012436
ZMYND11,-0.128622304
ZMYND12,0.302886286
ZMYND15,-0.873734938
ZMYND19,0.109411786
ZMYND8,-0.466577931
ZNF10,-0.22815411
ZNF100,-0.225909216
ZNF101,0.765818874
ZNF106,-1.012839663
ZNF107,0.056535167
ZNF112,-0.180143446
ZNF114,0.106965083
ZNF117,-0.505561399
ZNF12,-0.015608648
ZNF121,-0.003751864
ZNF124,-0.490021735
ZNF131,-0.169325811
ZNF132,-0.331216163
ZNF133,0.332900235
ZNF134,0.15931105
ZNF135,-0.170133113
ZNF136,0.098345695
ZNF138,0.476798338
ZNF14,0.14155461
ZNF140,0.130233723
ZNF141,-0.01557189
ZNF142,0.395588836
ZNF143,-0.110686789
ZNF146,0.659437371
ZNF148,-0.021336697
ZNF154,-0.775106838
ZNF155,-0.012905101
ZNF157,0.251934178
ZNF16,0.015325137
ZNF160,-0.138092929
ZNF165,-0.080153784
ZNF169,-0.360454722
ZNF17,0.176127523
ZNF174,-0.168490042
ZNF175,-0.178735012
ZNF177,-0.027469057
ZNF18,0.115684536
ZNF180,-0.099309056
ZNF181,-0.763060186
ZNF182,0.189677207
ZNF184,0.264068275
ZNF185,-0.257973524
ZNF189,-0.67456574
ZNF19,-0.231374248
ZNF195,0.044799792
ZNF197,0.118294692
ZNF2,0.030014147
ZNF20,0.62253907
ZNF200,-0.626751142
ZNF202,-0.093460909
ZNF205,0.200663871
ZNF207,-0.066424322
ZNF208,0.14330479
ZNF211,-0.084273127
ZNF212,0.197318289
ZNF213,0.177882089
ZNF214,-0.272252346
ZNF215,-0.196560137
ZNF217,-0.487728324
ZNF219,-0.426787057
ZNF22,0.192570378
ZNF221,-0.07444403
ZNF222,-0.139883646
ZNF223,-0.44614589
ZNF224,0.1070268
ZNF225,0.118381274
ZNF226,0.297914303
ZNF227,-0.486570274
ZNF229,-0.03517147
ZNF23,-0.085323426
ZNF230,0.494005259
ZNF232,0.145188567
ZNF233,-0.165838358
ZNF234,-0.656811036
ZNF235,-0.140721769
ZNF236,0.595298395
ZNF239,0.131505759
ZNF24,0.205926419
ZNF248,0.34848246
ZNF25,-0.176949668
ZNF250,-0.13547384
ZNF251,-0.588629092
ZNF252P,-0.966194898
ZNF253,0.329143322
ZNF254,0.369627746
ZNF256,-0.222231231
ZNF257,0.000249902
ZNF26,-0.032552255
ZNF260,0.241062731
ZNF263,0.254071522
ZNF264,0.104295845
ZNF266,-0.247565334
ZNF267,0.081738443
ZNF268,0.186153648
ZNF273,-0.155602058
ZNF274,0.033060689
ZNF275,-0.295244067
ZNF276,0.373329764
ZNF277,0.459680689
ZNF28,0.028432765
ZNF280A,0.223311072
ZNF280B,0.183799509
ZNF280C,-0.125544694
ZNF280D,0.025516444
ZNF281,0.050977533
ZNF282,0.055979115
ZNF283,-0.145195197
ZNF284,-0.89709108
ZNF285,0.401827934
ZNF286A,-0.529335301
ZNF286B,-0.045487214
ZNF287,-0.118652185
ZNF292,0.381120746
ZNF296,-0.246244808
ZNF3,-0.440574683
ZNF30,-0.526786493
ZNF300,-0.012481479
ZNF302,0.040374188
ZNF304,-0.365645564
ZNF311,-0.583359901
ZNF316,-0.010783064
ZNF317,-0.043779282
ZNF318,0.814578875
ZNF319,-0.065009344
ZNF32,0.500387862
ZNF320,-0.293066393
ZNF321P,-0.357804877
ZNF322,0.253549084
ZNF322P1,0.253549084
ZNF324,-0.149522073
ZNF324B,-0.330818508
ZNF326,-0.458901226
ZNF329,-0.509747738
ZNF330,0.203370446
ZNF331,0.203680332
ZNF333,0.282937254
ZNF334,0.248853295
ZNF335,0.343136985
ZNF337,-0.024812003
ZNF33A,0.186519979
ZNF34,-0.176183526
ZNF341,-0.668333404
ZNF343,0.19180523
ZNF345,-0.185658131
ZNF346,0.128982935
ZNF347,-0.354243906
ZNF35,0.058665249
ZNF350,-0.178761265
ZNF354A,0.044422577
ZNF354B,-0.195931671
ZNF354C,-0.194516834
ZNF358,0.093116361
ZNF362,0.25057493
ZNF365,-0.142985143
ZNF366,-0.225494755
ZNF367,0.760954179
ZNF37A,0.318842314
ZNF382,-1.036992674
ZNF383,0.138494823
ZNF384,-0.421818932
ZNF385A,0.627346731
ZNF385B,0.077653886
ZNF385C,0.024572407
ZNF385D,0.026100355
ZNF391,0.271117717
ZNF394,0.063643549
ZNF395,0.130186352
ZNF396,0.028015562
ZNF397,-0.145153704
ZNF398,-0.245572401
ZNF404,0.304847198
ZNF407,-0.161762039
ZNF408,-0.386292887
ZNF41,0.743413201
ZNF410,0.027684434
ZNF414,0.070328619
ZNF415,0.192986946
ZNF416,-0.368436451
ZNF417,-0.513148787
ZNF418,-0.573538295
ZNF419,-0.054957107
ZNF420,-0.156736563
ZNF423,0.006904611
ZNF425,-0.261439486
ZNF426,0.059581416
ZNF428,-0.263022179
ZNF429,-0.270532332
ZNF43,0.04556815
ZNF430,-0.380800409
ZNF431,-0.033843908
ZNF432,-0.341626218
ZNF433,-0.38598198
ZNF436,-0.641521056
ZNF438,-0.102265087
ZNF439,0.024055735
ZNF44,0.355436774
ZNF440,-0.352037884
ZNF441,0.091663294
ZNF442,-0.290220406
ZNF443,0.174156884
ZNF444,-0.215317833
ZNF445,-0.076751236
ZNF446,-0.276094482
ZNF449,-0.600116353
ZNF45,0.046884979
ZNF451,-0.429337036
ZNF454,-0.406688676
ZNF460,0.154659423
ZNF461,0.003251459
ZNF462,-0.716592299
ZNF467,0.406754873
ZNF468,-0.193419844
ZNF469,-0.240284788
ZNF470,0.000336032
ZNF471,0.235945443
ZNF473,-0.106440189
ZNF474,0.881249877
ZNF479,-0.510201548
ZNF48,0.171015104
ZNF480,0.396604899
ZNF483,0.08380661
ZNF484,0.090926973
ZNF485,0.584174516
ZNF486,0.233950211
ZNF488,0.511253371
ZNF490,-0.264323511
ZNF491,0.533800547
ZNF492,0.214007345
ZNF493,-0.008064998
ZNF496,-0.270057511
ZNF497,-0.109307696
ZNF500,0.144040462
ZNF501,0.104489528
ZNF502,-0.821404115
ZNF503,0.132743883
ZNF506,-0.239776439
ZNF507,-0.159573669
ZNF510,0.654363947
ZNF511,-0.196830559
ZNF512,0.37312662
ZNF512B,0.06980253
ZNF513,0.181416722
ZNF514,0.122923625
ZNF516,0.470266279
ZNF517,-0.151984274
ZNF518A,-0.060682042
ZNF518B,0.346330543
ZNF519,-0.065380596
ZNF521,0.229996643
ZNF524,0.045499842
ZNF526,-0.728044496
ZNF527,0.171937317
ZNF528,-0.044954976
ZNF529,-0.280004313
ZNF530,0.138005688
ZNF532,-0.092022094
ZNF534,0.52175541
ZNF536,0.500668121
ZNF540,-0.09378463
ZNF541,-0.188835492
ZNF543,-0.166836068
ZNF544,0.035570271
ZNF546,-0.024014664
ZNF547,-0.223031938
ZNF548,-0.034537856
ZNF549,-0.36862668
ZNF550,-0.236286524
ZNF551,0.034246066
ZNF552,-0.309507391
ZNF554,0.236591158
ZNF555,-0.002657831
ZNF556,-0.180951162
ZNF557,-0.166609943
ZNF558,0.374608428
ZNF559,-0.225987083
ZNF559-ZNF177,0.297277852
ZNF560,0.133304232
ZNF561,-0.158121271
ZNF562,0.420394306
ZNF563,0.348778841
ZNF564,0.313026142
ZNF565,0.127996687
ZNF566,0.058761501
ZNF567,-0.571865731
ZNF568,0.270052442
ZNF569,-0.137119987
ZNF57,0.242649793
ZNF570,-0.625341069
ZNF571,0.08337806
ZNF572,-0.242003655
ZNF573,-0.51073064
ZNF574,-0.199709925
ZNF575,-0.306081469
ZNF576,-0.179761266
ZNF577,-0.206116216
ZNF578,-0.440925513
ZNF579,0.202691796
ZNF580,-0.081202356
ZNF581,-0.317896527
ZNF582,0.121801532
ZNF583,0.134565113
ZNF584,-0.13989925
ZNF585A,0.694389388
ZNF585B,0.124634054
ZNF586,-0.196417127
ZNF587,-0.454443212
ZNF587B,0.247739177
ZNF589,0.231682514
ZNF592,0.974138773
ZNF593,0.761922674
ZNF594,-0.052741267
ZNF595,0.309815375
ZNF596,-0.41098207
ZNF597,-0.560884747
ZNF598,0.382614275
ZNF599,-0.404689734
ZNF600,-0.670279062
ZNF605,-0.103792347
ZNF606,0.002072375
ZNF607,-0.435412014
ZNF608,-0.321468676
ZNF609,-0.356023841
ZNF610,0.062431671
ZNF611,0.236082829
ZNF613,-0.280531455
ZNF614,0.282851925
ZNF615,0.012169311
ZNF616,-0.545279945
ZNF618,0.017683731
ZNF619,-0.282812236
ZNF620,0.191346788
ZNF621,0.570775179
ZNF622,-0.209366213
ZNF623,-0.857310446
ZNF624,-0.611834052
ZNF625,0.314468941
ZNF625-ZNF20,0.62253907
ZNF626,0.266004243
ZNF627,0.00886963
ZNF628,-0.535571437
ZNF629,0.470423718
ZNF630,0.177510917
ZNF638,-0.195481136
ZNF639,-0.715306649
ZNF641,-0.90111861
ZNF644,-1.148114736
ZNF646,-0.087107001
ZNF648,-0.990879099
ZNF649,-0.450695177
ZNF652,-0.228421171
ZNF653,0.528533167
ZNF654,-0.245513733
ZNF655,0.337659363
ZNF658,-0.092945274
ZNF66,0.895614658
ZNF660,0.061416192
ZNF660-ZNF197,0.118294692
ZNF662,-0.601082023
ZNF664,-0.397423708
ZNF664-RFLNA,-0.010038331
ZNF665,0.106417367
ZNF667,-0.095373966
ZNF668,0.496797382
ZNF669,0.202551647
ZNF670,0.301495814
ZNF670-ZNF695,-0.857811027
ZNF671,-0.989189252
ZNF672,-0.26067713
ZNF674,0.364303464
ZNF675,-0.032912314
ZNF676,0.156094072
ZNF677,0.184160681
ZNF678,-0.167414366
ZNF679,0.229157276
ZNF680,0.030404478
ZNF681,-0.068495762
ZNF682,-0.219017035
ZNF683,0.242062442
ZNF684,0.270135916
ZNF687,-0.253492133
ZNF688,0.168884575
ZNF689,0.348589424
ZNF69,-0.797380167
ZNF691,0.495109092
ZNF692,0.371208477
ZNF695,-0.523214695
ZNF696,0.009908936
ZNF697,0.914761379
ZNF699,-0.301895716
ZNF7,0.150753581
ZNF70,-0.073663276
ZNF700,0.202268136
ZNF701,0.291280322
ZNF703,-0.391964335
ZNF704,-0.015253292
ZNF705A,-0.028457178
ZNF705B,-0.063675242
ZNF705CP,0.041003306
ZNF705D,0.044482209
ZNF705E,0.308897191
ZNF705G,-0.651900849
ZNF706,-0.404585156
ZNF707,-0.141198533
ZNF708,-0.129152465
ZNF709,-0.314746435
ZNF71,-0.021588426
ZNF71-SMIM17,-0.448399734
ZNF710,0.15508822
ZNF711,-0.324677113
ZNF713,-0.123864368
ZNF714,-0.291802811
ZNF716,0.611958264
ZNF717,0.11065635
ZNF718,-0.422703579
ZNF720,-0.100396591
ZNF721,-0.097523039
ZNF725P,-0.56753927
ZNF726,-0.190109216
ZNF727,0.109384019
ZNF728,0.250343626
ZNF729,-0.082761509
ZNF730,-0.149233998
ZNF732,0.491968867
ZNF733P,-0.490521415
ZNF734P,-0.490521415
ZNF735,0.090027808
ZNF736,-0.425836449
ZNF737,0.164877715
ZNF738,-0.270573609
ZNF74,0.039359351
ZNF740,0.428194141
ZNF746,0.652459671
ZNF747,0.186599607
ZNF749,0.401482772
ZNF750,0.020984225
ZNF75A,-0.063122047
ZNF75D,-0.34492446
ZNF76,-0.752269844
ZNF761,-0.045947697
ZNF763,-0.37148439
ZNF764,-0.517280879
ZNF765,0.195950443
ZNF765-ZNF761,-0.045947697
ZNF766,0.01918305
ZNF768,-0.591786438
ZNF77,-0.27554815
ZNF770,-0.199697472
ZNF771,-0.089408499
ZNF772,0.433938739
ZNF773,0.543138237
ZNF774,0.340775683
ZNF775,-0.393832896
ZNF776,-0.358318653
ZNF777,0.077973195
ZNF778,-0.420836328
ZNF780A,-0.013220226
ZNF780B,0.137342742
ZNF781,0.002725427
ZNF782,-0.059922017
ZNF783,-0.301691032
ZNF784,-0.152690404
ZNF785,0.254319957
ZNF786,-0.195885934
ZNF787,0.018761183
ZNF789,0.09641039
ZNF79,0.083239369
ZNF790,-0.13539157
ZNF791,0.366410691
ZNF792,-0.135523558
ZNF793,-0.077045524
ZNF799,-0.112181822
ZNF8,-0.63754323
ZNF8-ERVK3-1,-0.63754323
ZNF80,0.555224566
ZNF800,-0.07490792
ZNF804A,-0.371713821
ZNF804B,0.227799658
ZNF805,-0.279657644
ZNF806,-0.071112947
ZNF808,-0.270632396
ZNF81,-0.725803947
ZNF812P,0.13170083
ZNF813,-0.540689673
ZNF814,0.318057885
ZNF816,-0.275720095
ZNF816-ZNF321P,-0.358827635
ZNF821,-0.572515876
ZNF823,-0.278584984
ZNF827,0.466676859
ZNF829,0.567520676
ZNF83,-0.185182996
ZNF830,-0.413431087
ZNF831,0.2062274
ZNF835,0.153117172
ZNF836,-0.155514286
ZNF837,-0.357664942
ZNF839,0.037733369
ZNF84,0.237189368
ZNF841,-0.077665735
ZNF843,-0.615984218
ZNF844,-0.057865057
ZNF845,0.14401017
ZNF846,0.784058032
ZNF849P,0.493000732
ZNF85,0.180919681
ZNF850,-0.097970466
ZNF852,0.052135502
ZNF853,0.235934693
ZNF860,0.470292306
ZNF862,-0.563142314
ZNF865,-0.303862297
ZNF878,-0.236156875
ZNF879,-0.015201244
ZNF880,-0.327529237
ZNF883,-0.348276004
ZNF891,0.102798771
ZNF90,-0.229230659
ZNF91,0.190761969
ZNF92,0.07039748
ZNF93,0.39209807
ZNF98,-0.22938028
ZNF99,0.13344542
ZNFX1,0.271347335
ZNHIT1,-0.126648804
ZNHIT2,-0.100094345
ZNHIT3,-0.163174284
ZNHIT6,-0.289353184
ZNRD1,0.637534662
ZNRD2,-0.00497541
ZNRF1,0.305675804
ZNRF2,0.628128812
ZNRF3,-0.256090698
ZNRF4,0.267434937
ZP1,0.961711895
ZP2,-0.114384675
ZP3,-0.194304422
ZP4,-0.0033347
ZPBP,-0.279094679
ZPBP2,0.063028192
ZPLD1,0.403998954
ZPR1,-0.233606438
ZRANB1,-0.534196137
ZRANB2,-0.221040036
ZRANB2-AS1,-0.460175263
ZRANB3,0.337937354
ZRSR2,0.236241475
ZSCAN1,-0.299043382
ZSCAN10,-0.221200848
ZSCAN12,-0.684354936
ZSCAN16,-0.16544052
ZSCAN18,-0.16774811
ZSCAN2,-0.253222238
ZSCAN20,0.231278137
ZSCAN21,0.540815534
ZSCAN22,-0.863796365
ZSCAN23,0.165699256
ZSCAN25,0.161436033
ZSCAN26,-0.316474259
ZSCAN29,0.10416485
ZSCAN30,-0.434148648
ZSCAN31,0.365435689
ZSCAN32,0.121415324
ZSCAN4,-0.105447346
ZSCAN5A,-0.312009011
ZSCAN5B,-0.371072653
ZSCAN9,0.453556276
ZSWIM1,-0.374748461
ZSWIM2,-0.011038265
ZSWIM3,0.002782813
ZSWIM4,-0.13493237
ZSWIM5,0.622957721
ZSWIM6,0.323111794
ZSWIM7,0.521908082
ZSWIM8,0.093599655
ZSWIM9,0.041574477
ZUP1,-0.060618746
ZW10,0.026389205
ZWILCH,-0.585347448
ZWINT,0.531912281
ZXDA,-0.02700519
ZXDB,-0.285002914
ZXDC,-0.379897996
ZYG11A,-0.119401231
ZYG11B,0.587412551
ZYX,-0.43633069
ZZEF1,0.226283414
ZZZ3,-0.574371954
