action_id,score
A1BG,-0.0784613230936838
A1CF,-0.0480685308187091
A2M,0.0414515749911763
A2ML1,-0.0783038821218708
A3GALT2,-0.0023003803480246
A4GALT,-0.000809567017487
A4GNT,0.0027020126107659
AAAS,0.5443683495673622
AACS,0.073109246431541
AADAC,-0.0850397300337894
AADACL2,-0.1224871511929019
AADACL3,0.0027438545582607
AADACL4,-0.0604868074193567
AADAT,-0.0835391871108246
AAGAB,0.0470836677728902
AAK1,0.1814103963292944
AAMDC,0.1261793384868438
AAMP,1.513966251773387
AANAT,0.15086908986785
AAR2,0.067643269101517
AARD,0.1088930334656272
AARS1,3.0440622592681565
AARS2,0.7957913596042161
AARSD1,0.2706526129287205
AASDH,0.135523845763963
AASDHPPT,0.5610768933967538
AASS,-0.0532887921806276
AATF,1.230030501582206
AATK,0.1016836297143414
ABAT,-0.0264708031877711
ABCA1,-0.0941574081851945
ABCA10,-0.0809483739687899
ABCA12,-0.0599473398381313
ABCA13,0.1182112375766268
ABCA2,-0.0046449836476804
ABCA3,0.0304351683366296
ABCA4,0.048261949640773
ABCA5,0.0549842578778541
ABCA6,-0.0697879719502628
ABCA7,0.0028462745738849
ABCA8,0.0373992348273752
ABCA9,-0.0079359329907535
ABCB1,0.0944483990794001
ABCB10,0.3187885444983281
ABCB11,0.0843915496202415
ABCB4,-0.0389507986548975
ABCB5,0.0304782437888679
ABCB6,-0.0081237900935471
ABCB7,1.7025990835284766
ABCB8,-0.0786574666210739
ABCB9,0.1177355541243738
ABCC1,0.0299760122560959
ABCC10,0.0669824401855237
ABCC11,0.1212468512305426
ABCC12,-0.0217677072917518
ABCC2,0.0532627037229903
ABCC3,0.0421532309438531
ABCC4,-0.0282916555701286
ABCC5,-0.2611155511174252
ABCC6,-0.0123629733412676
ABCC8,-0.0109965552571813
ABCC9,0.0387170439293337
ABCD1,0.0066577490229202
ABCD2,0.1001585192593614
ABCD3,0.2338165132956233
ABCD4,0.0687978515019963
ABCE1,2.1839448059355764
ABCF1,1.2302749954373524
ABCF3,-0.0501953847946393
ABCG1,0.0128027385973201
ABCG2,-0.2155124259074521
ABCG4,-0.0070554409374745
ABCG5,-0.1039040552437727
ABCG8,0.0345136799687885
ABHD1,-0.0172123949770551
ABHD10,0.0242221491423429
ABHD11,0.2991438005770231
ABHD12,0.0467139956415536
ABHD12B,0.0597083569487319
ABHD13,0.2071149640128246
ABHD14A,-0.0508360569930335
ABHD14B,-0.0301437712540877
ABHD15,0.2237676750441563
ABHD16A,0.1551644596558184
ABHD16B,0.0894036886139583
ABHD17A,0.097415315108071
ABHD17B,0.0496941656784676
ABHD17C,-0.1092250504743952
ABHD18,0.0099394712108836
ABHD2,0.1437456746138395
ABHD3,0.1987589501273695
ABHD4,-0.0807022362822888
ABHD5,0.1149036221351401
ABHD6,-0.0930964152846122
ABHD8,0.0293887100467127
ABI1,-0.0673135471821998
ABI2,0.0013422525866391
ABI3,0.0253012715032151
ABI3BP,-0.2297477475721538
ABITRAM,0.0805639672533588
ABL1,0.077630987091928
ABL2,-0.0548271733820157
ABLIM1,0.0011175901279509
ABLIM2,-0.0468346852072789
ABLIM3,-0.1196694752161692
ABR,0.1203971507657393
ABRA,-0.0579437078388797
ABRACL,-0.1190204216866072
ABRAXAS1,0.2103412747522369
ABRAXAS2,-0.0786146190898632
ABT1,1.406075572366269
ABTB1,-0.0471114020697491
ABTB2,-0.0614019799683782
ABTB3,-0.0137392188411914
ACAA1,-0.100002243179007
ACAA2,0.068000118529994
ACACA,0.2865342985600678
ACACB,0.0995262724738361
ACAD10,0.0395058275509336
ACAD11,0.0392173954064101
ACAD8,-0.2158211021880363
ACAD9,0.5675238125094633
ACADL,-0.0901099124629936
ACADM,-0.0496223644726698
ACADS,0.0192646704924271
ACADSB,0.061668991625066
ACADVL,0.0407720141528887
ACAN,-0.0534221602417657
ACAP1,0.0089438424199917
ACAP2,-0.0384785354857678
ACAP3,0.1489547453432098
ACAT1,-0.0337504198405578
ACAT2,-0.1785082725730519
ACBD3,0.0565016382166072
ACBD4,0.1035745805856096
ACBD5,-0.0656886891191352
ACBD6,-0.1202271653764639
ACBD7,-0.163698476926921
ACCS,-0.093749747886983
ACCSL,-0.0495449900791939
ACD,0.3860086719166892
ACE,0.103309559039101
ACE2,-0.2304396739867779
ACER1,0.0949249794651623
ACER2,-0.06856037613713
ACER3,-0.0338341473197614
ACHE,0.2487956867028456
ACIN1,0.7565559400593664
ACKR1,0.0950121628965249
ACKR2,-0.113472857707189
ACKR3,-0.0271645257200231
ACKR4,0.1448572187279803
ACLY,0.7802926136964304
ACMSD,-0.072718283753151
ACO1,-0.084362122171868
ACO2,0.8311455437473066
ACOD1,-0.0247294583767867
ACOT1,-0.427919902242817
ACOT11,-0.0542859942973344
ACOT12,0.1444525280365066
ACOT13,0.1928156266990869
ACOT2,-0.1377517020143446
ACOT4,-0.0036218814060694
ACOT6,-0.0236666297990066
ACOT7,-0.0510918087858924
ACOT8,-0.0164267452299314
ACOT9,-0.1007537779608693
ACOX1,-0.0142511433113995
ACOX2,0.003947108979999
ACOX3,-0.1408287087614508
ACOXL,0.2238907101145803
ACP1,-0.1596442380669848
ACP2,-0.1064759986662698
ACP3,-0.0512868058513282
ACP4,-0.0330208742998589
ACP5,-0.0664795889772076
ACP6,0.061801433374484
ACP7,0.1229852844969099
ACR,0.2030583073916519
ACRBP,-0.0101964770767755
ACRV1,-0.1140902658433621
ACSBG1,0.0149179838113631
ACSBG2,0.0741577764164761
ACSF2,0.0822811572452942
ACSF3,-0.1565193136568354
ACSL1,0.0204595706246366
ACSL3,1.6953861267364143
ACSL4,0.0511200068784632
ACSL5,-0.1012352182606638
ACSL6,0.0032678436879584
ACSM1,-0.0414506498598656
ACSM2A,-0.0702294700535984
ACSM2B,-0.1162094440757029
ACSM3,-0.0165930926069641
ACSM4,0.0812898967608688
ACSM5,-0.054592847517293
ACSM6,-0.0281460129958465
ACSS1,-0.0984061593545489
ACSS2,-0.2469154098066315
ACSS3,-0.005194496677925
ACTA1,0.1706131954554264
ACTA2,-0.0434707104894772
ACTB,0.9874056795844658
ACTBL2,0.1295309525908058
ACTC1,0.0425076198814187
ACTG1,0.5828776624327593
ACTG2,-0.0285648488693195
ACTL10,0.0449751117724785
ACTL6A,1.582530935937348
ACTL6B,0.0405326217452494
ACTL7A,0.1604085962522798
ACTL7B,0.0501643030177595
ACTL8,-0.0228519613347475
ACTL9,0.0121706386381608
ACTMAP,-0.0786465276868665
ACTN1,0.0825354411220166
ACTN2,0.0306639065910101
ACTN3,-0.2980292608812971
ACTN4,0.1521293494657894
ACTR10,1.559826172205646
ACTR1A,0.8121440857322252
ACTR1B,0.2537584604677312
ACTR2,0.839239047934916
ACTR3,0.0686384490523298
ACTR3B,0.0616791440709378
ACTR3C,0.2501151436087962
ACTR5,0.3570373477228556
ACTR6,0.9237821594680632
ACTR8,0.8836386211095977
ACTRT1,0.0134716540511208
ACTRT2,-0.1380253465287055
ACTRT3,-0.0424442585094096
ACVR1,-0.0388510656809398
ACVR1B,0.1048362096022447
ACVR1C,-0.1616888867297732
ACVR2A,0.2311933609123368
ACVR2B,-0.17749822234291
ACVRL1,-0.2082057321610969
ACY1,-0.0590922775996024
ACY3,-0.0058356588617677
ACYP1,0.0912963892319816
ACYP2,-0.0752361460820442
ADA,0.028764849883603
ADA2,-0.0295366490732439
ADAD1,-0.0317835414969501
ADAD2,0.0344748227242093
ADAM10,0.0715775446108254
ADAM11,0.3312645290515498
ADAM12,0.1322670621314635
ADAM15,0.0960045995237463
ADAM17,-0.0266785817170562
ADAM18,-0.1242717131748941
ADAM19,-0.08987316869791
ADAM2,0.09502482992597
ADAM20,-0.0785964496421602
ADAM21,0.0223959770868403
ADAM22,-0.041766829621899
ADAM23,-0.0448799564428574
ADAM28,-0.1413263476674403
ADAM29,-0.0452468535416231
ADAM30,0.1171389847368075
ADAM32,-0.0755587432650162
ADAM33,0.0635219497046146
ADAM7,-0.0003649021373578
ADAM8,-0.1659848093142705
ADAM9,0.0891750747913249
ADAMDEC1,-0.0831635924972663
ADAMTS1,0.1063770417535553
ADAMTS10,0.0944659317706687
ADAMTS12,-0.130506611519354
ADAMTS13,0.0725677960787383
ADAMTS14,-0.0651948363250833
ADAMTS15,-0.1403235111217309
ADAMTS16,-0.0166329033200388
ADAMTS17,-0.0620488547688644
ADAMTS18,-0.0814285413980042
ADAMTS19,-0.1299545969218562
ADAMTS2,-0.1013648224196816
ADAMTS20,0.0416884096574548
ADAMTS3,0.1036256646126106
ADAMTS4,-0.0251943630920616
ADAMTS5,-0.0773153322164742
ADAMTS6,0.0588105121795107
ADAMTS7,0.0294283293853295
ADAMTS8,-0.0749642903534108
ADAMTS9,0.0388742741195658
ADAMTSL1,-0.1175796383642409
ADAMTSL2,-0.0533677462087758
ADAMTSL3,-0.0675703906947545
ADAMTSL4,0.19430872607629
ADAMTSL5,0.2756466816132383
ADAP1,0.059115819391774
ADAP2,0.1862354950705381
ADAR,0.3399326687855236
ADARB1,-0.0964575568002233
ADARB2,0.1046733200294422
ADAT1,0.1952051460011285
ADAT2,0.6847658614185248
ADAT3,0.466020885319435
ADCK1,-0.0647243628766311
ADCK2,0.2705030254814583
ADCK5,0.0675497914205177
ADCY1,0.0412530641875113
ADCY10,-0.0453086714690488
ADCY2,-0.2016067619695764
ADCY3,0.1374392516400948
ADCY4,0.1006197850096998
ADCY5,-0.0415601300658968
ADCY6,-0.0094974170498502
ADCY7,-0.0308355477481366
ADCY8,-0.0462435590520786
ADCY9,-0.0450653933072125
ADCYAP1,-0.2245650817986046
ADCYAP1R1,0.0241629934275748
ADD1,0.1149065752424439
ADD2,-0.0476671750073586
ADD3,0.0384205752631042
ADGRA1,-0.0440634804690918
ADGRA2,-0.0454858642991963
ADGRA3,0.2210559372932446
ADGRB1,0.0254758705032865
ADGRB2,-0.0245360143983392
ADGRB3,0.0343283433088971
ADGRD1,0.112126729539987
ADGRD2,-0.1297724719743927
ADGRE1,0.079300545410324
ADGRE2,0.1389828067774722
ADGRE3,-0.1892691761505381
ADGRE5,-0.1247765188406851
ADGRF1,-0.1091639096790682
ADGRF3,0.0592744471458819
ADGRF4,-0.1065999096251025
ADGRF5,0.1919592883982562
ADGRG1,0.0519631784229954
ADGRG2,-0.1150706289585217
ADGRG3,0.0516004182442919
ADGRG4,-0.0039632986379492
ADGRG5,0.0515017627560601
ADGRG6,-0.1324023541127222
ADGRG7,-0.1459814433188992
ADGRL1,-0.1334993446202474
ADGRL2,-0.0629520331170991
ADGRL3,0.0256474543681024
ADGRL4,-0.0907062440207082
ADGRV1,-0.0639613071424164
ADH1A,-0.0448584095693431
ADH1B,0.0717350419220943
ADH1C,-0.1710337286107322
ADH4,-0.0338746544787309
ADH5,0.3024479669797056
ADH6,-0.0988026264311202
ADH7,-0.0928979094563875
ADHFE1,0.0247062155243959
ADI1,-0.2539427844098648
ADIG,-0.0223413288703924
ADIPOQ,-0.2168677563475293
ADIPOR1,-0.0837603139769946
ADIPOR2,-0.0679451997318232
ADIRF,0.0596022886629613
ADISSP,-0.2011867629202068
ADK,0.0552870569976218
ADM,-0.1609742123155214
ADM2,-0.0710187308738254
ADM5,0.0971948706356493
ADNP,0.1694403838366938
ADNP2,-0.0460913930332082
ADO,0.0407885808761081
ADORA1,0.0847150637560107
ADORA2A,0.0826070497120214
ADORA2B,-0.0053959298415811
ADORA3,-0.2071005113817694
ADPGK,0.0946904588213986
ADPRH,0.0819702824220565
ADPRHL1,0.1775022794823955
ADPRM,-0.0957378411980128
ADPRS,0.2720547790067077
ADRA1A,-0.2200728848704186
ADRA1B,0.0671721173076612
ADRA1D,-0.0086451488292798
ADRA2A,0.1076987772661029
ADRA2B,0.0303837846464514
ADRA2C,0.0381064237686334
ADRB1,0.0108671517692031
ADRB2,-0.0773800320286311
ADRB3,0.0663226408132814
ADRM1,0.269488698927423
ADSL,0.7915806653005599
ADSS1,-0.0849715378609539
ADSS2,0.5887390444157347
ADTRP,0.0395618683473289
AEBP1,0.146068001759096
AEBP2,0.1547680520537246
AEN,0.233944757138107
AFAP1,-0.0782332685294016
AFAP1L1,-0.0557376468519724
AFAP1L2,-0.0127969569187788
AFDN,0.06515025569748
AFF1,-0.1534684862334794
AFF2,-0.1594279772412257
AFF3,0.1192623213075379
AFF4,0.0723415371727725
AFG1L,-0.0885532842458504
AFG2A,1.0351698740864828
AFG2B,1.84522553226909
AFG3L2,1.5939714709916342
AFM,-0.053224555802206
AFMID,-0.0171818694874187
AFP,0.0494360218850095
AFTPH,0.0047055745639507
AGA,-0.2289975241244145
AGAP1,0.0691841639248197
AGAP2,0.2084183577774457
AGAP3,-0.0382366625500817
AGAP5,0.4150040458646259
AGAP6,0.5416339051231823
AGAP9,0.6332112160903504
AGBL1,-0.0744247522005314
AGBL2,-0.1288424752732661
AGBL3,0.2110683949263794
AGBL4,0.0519129485039938
AGBL5,0.1572799160603826
AGER,-0.0704680340593618
AGFG1,0.0696328149392303
AGFG2,0.1026150266649596
AGGF1,-0.1560341708254561
AGK,0.0760067351078859
AGL,0.1018036938947087
AGMAT,0.1490509885703792
AGMO,-0.1180475642252626
AGO1,0.1216997602477106
AGO2,0.1164619426526253
AGO3,0.0262768661538007
AGO4,-0.0135321022580179
AGPAT1,0.040160952148116
AGPAT2,-0.0940935778229532
AGPAT3,-0.0056107291969655
AGPAT4,0.0631192687117045
AGPAT5,-0.0809333594768584
AGPS,0.0639918646436996
AGR2,0.01573344910731
AGR3,-0.054622431160323
AGRN,0.0865241090128951
AGRP,0.1085039997321458
AGT,0.0933123889318404
AGTPBP1,-0.1385205868152635
AGTR1,0.1403572454573206
AGTR2,-0.0253060825164213
AGTRAP,-0.0679310915456964
AGXT,-0.1001458958711495
AGXT2,-0.0831945544562271
AHCTF1,1.072909899135763
AHCY,0.9723269648651862
AHCYL1,0.4871376618919025
AHCYL2,0.076468051527817
AHDC1,0.131292264175946
AHI1,-0.0098861712204724
AHNAK,0.2532357785284542
AHNAK2,-0.1202939435894455
AHR,0.0858816703235778
AHRR,0.039265659136406
AHSA1,0.1637868859904162
AHSG,-0.2086076007685789
AHSP,0.0170599487246198
AICDA,0.0414695757814192
AIDA,-0.077105000521751
AIF1,0.0770747244387571
AIF1L,0.0108757215881358
AIFM1,0.5265753806632052
AIFM2,0.0665241121815217
AIFM3,0.0670283514689446
AIG1,0.1112685301940113
AIM2,-0.057547817087677
AIMP1,0.0801896602085259
AIMP2,0.2035660961059161
AIP,0.359507019975343
AIPL1,-0.0341722755725544
AIRE,-0.1644684024501669
AIRIM,2.057521457549809
AJAP1,0.0392956322481223
AJM1,0.2673417074425336
AJUBA,0.0960847356400041
AK1,0.0256241930611678
AK2,0.1513992747709932
AK3,0.0961126612181172
AK4,0.277339520697192
AK5,-0.2371126146862731
AK6,1.755143984375128
AK7,-0.0203308275233895
AK8,0.0257350371779482
AK9,-0.0807573153460514
AKAIN1,-0.1251926909527238
AKAP1,0.0298086430901868
AKAP10,0.145842443905182
AKAP11,-0.1666946606020866
AKAP12,-0.0001447321234577
AKAP13,0.0770423482565721
AKAP14,-0.0520101412242418
AKAP17A,-0.251362752149537
AKAP3,0.0308567022548652
AKAP4,-0.0992980581779301
AKAP5,-0.1382177790550479
AKAP6,0.0394741208472378
AKAP7,-0.0694537970147628
AKAP8,0.1960593392350461
AKAP8L,0.1378475938512943
AKAP9,0.086160156816899
AKIP1,0.1717627395966716
AKIRIN1,0.4091419557598484
AKIRIN2,1.117550710702163
AKNA,0.0657719823472719
AKNAD1,-0.0304160055122528
AKR1A1,-0.0404994824762244
AKR1B1,-0.1134138078115143
AKR1B10,-0.0709852729676282
AKR1B15,0.1806981686687257
AKR1C1,0.0204340404337386
AKR1C2,-0.0353212847736775
AKR1C3,0.0096629464537231
AKR1C4,-0.0363240740009304
AKR1D1,0.177907673491371
AKR1E2,-0.2034863149172636
AKR7A2,0.0555215047136249
AKR7A3,0.2725670261078682
AKT1,-0.0840400886703827
AKT1S1,0.0075443519412533
AKT2,-0.0331527993665993
AKT3,-0.015858200573477
AKTIP,0.2254858671088372
ALAD,-0.0408588012573832
ALAS1,0.0270945186873809
ALAS2,-0.124765188188949
ALB,-0.0208141613603425
ALCAM,-0.0923093463506866
ALDH16A1,-0.1422700444764856
ALDH18A1,0.1557798367258178
ALDH1A1,-0.0183752071927105
ALDH1A2,0.0801008600932347
ALDH1A3,-0.1464433423473453
ALDH1B1,0.0723745614341118
ALDH1L1,0.1194929985711173
ALDH1L2,-0.1454343135492522
ALDH2,0.0343584998664935
ALDH3A1,0.013920062225265
ALDH3A2,-0.018328735590493
ALDH3B1,0.0506442203795569
ALDH3B2,0.1175677185078041
ALDH4A1,-0.0270776331212627
ALDH5A1,0.1465491078401467
ALDH6A1,0.0447854275521682
ALDH7A1,0.1182372107943945
ALDH8A1,0.0049682533514661
ALDH9A1,-0.1078393284646062
ALDOA,2.2119713903390106
ALDOB,-0.0665930288737469
ALDOC,0.3899554102110516
ALG1,1.328547272180351
ALG10,0.3544023837243381
ALG10B,0.2596024400108505
ALG11,2.047563943708837
ALG12,0.3330095633427627
ALG13,1.1826642497536
ALG14,1.174924821571227
ALG2,2.221366308117899
ALG3,0.010844822660519
ALG5,0.1623119245556237
ALG6,0.160349245200026
ALG8,0.3862831476438482
ALG9,0.1256069666812826
ALK,0.132071418542864
ALKAL1,0.166934295093153
ALKAL2,-0.0564247411493396
ALKBH1,0.07196519712038
ALKBH2,-0.007515259892567
ALKBH3,0.030118021350119
ALKBH4,0.15472730525441
ALKBH5,0.2213724459860226
ALKBH6,0.0728118522271799
ALKBH7,0.234061182444589
ALKBH8,0.0045184087423828
ALLC,0.0642230170371025
ALMS1,0.1638392609307185
ALOX12,-0.0297417008694055
ALOX12B,-0.1015452576456661
ALOX15,0.0645946819248542
ALOX15B,-0.196057265982587
ALOX5,0.1004395809564639
ALOX5AP,-0.1773001260136152
ALOXE3,0.0983690019352936
ALPG,-0.0384197938765918
ALPI,-0.1199160423331246
ALPK1,0.0151569340759402
ALPK2,-0.1338936498536594
ALPK3,0.1354780319706099
ALPL,-0.0557372345248735
ALPP,-0.1317512598595302
ALS2,-0.0149664977420905
ALS2CL,0.007898879524689
ALX1,-0.0872131557265711
ALX3,0.2000357822355652
ALX4,0.0304441687968546
ALYREF,1.0355191112370712
AMACR,0.0092933781558949
AMBN,0.0828678664299292
AMBP,0.0515036352702142
AMBRA1,0.0787082877840291
AMD1,0.4329222638535321
AMDHD1,0.0564640525589317
AMDHD2,0.027503057211383
AMELX,-0.0787409075234872
AMELY,-0.3542917248264678
AMER1,-0.0351744880248213
AMER2,0.1558028377370736
AMER3,0.0765379480533379
AMFR,0.2509497486390671
AMH,-0.0291093294377293
AMHR2,0.0185087363818104
AMIGO1,-0.006687401028803
AMIGO2,-0.0250033189330085
AMIGO3,-0.0609608365942596
AMMECR1,-0.0070727292940699
AMMECR1L,0.1715644256688215
AMN,0.027343672769118
AMN1,-0.0320465046111436
AMOT,-0.0441111341258608
AMOTL1,0.120579845415112
AMOTL2,0.0042615870630842
AMPD1,0.0836602826345265
AMPD2,-0.0087365641437752
AMPD3,0.1015405144644426
AMPH,-0.0424436614943496
AMT,-0.2444355826665629
AMTN,-0.0283250803980965
AMY2A,0.7262803449380983
AMY2B,0.3698429829298103
AMZ1,-0.0582657163305847
AMZ2,0.0444435376771078
ANAPC1,2.1027845855525045
ANAPC10,1.5963196682056229
ANAPC11,1.8037797309023949
ANAPC13,0.9744612161724844
ANAPC15,0.7484293590144476
ANAPC16,0.0739730763399857
ANAPC2,1.6756446618319498
ANAPC4,1.3333013228583053
ANAPC5,1.5969166518077094
ANAPC7,0.3340275400657217
ANG,0.1456812983870443
ANGEL1,0.0311855783512885
ANGEL2,0.108858753728934
ANGPT1,0.0045009333947216
ANGPT2,-0.0588198444078672
ANGPT4,-0.1420040256680604
ANGPTL1,-0.0478743717095643
ANGPTL2,-0.1510806995043636
ANGPTL3,-0.1232251570984337
ANGPTL4,-0.0010106488228801
ANGPTL5,0.090605850224211
ANGPTL6,0.2415201514210918
ANGPTL7,0.0247472039097603
ANGPTL8,-0.0856320505632383
ANHX,0.0478424770461017
ANK1,-0.0137303762494069
ANK2,-0.1425073432359489
ANK3,-0.0803752645783479
ANKAR,-0.1239537358045791
ANKDD1A,0.0601066057431745
ANKDD1B,-0.0697291117736041
ANKEF1,-0.0489162689405782
ANKFN1,0.0334279431219378
ANKFY1,0.0080433274702818
ANKH,0.038426798317102
ANKHD1,0.1021745203118575
ANKIB1,0.0022496284743536
ANKK1,-0.0669834856590219
ANKLE1,0.1182122128378867
ANKLE2,2.643354837757711
ANKMY1,-0.1235507642502383
ANKMY2,0.0665207706987102
ANKRA2,-0.0311165760863122
ANKRD1,-0.0066021208558752
ANKRD10,0.0585923139602356
ANKRD11,0.1122584835443117
ANKRD12,-0.0589507314991741
ANKRD13A,-0.0425353580117958
ANKRD13B,-0.0004777633158467
ANKRD13C,0.1232821045109657
ANKRD13D,-0.0119036606859009
ANKRD16,0.1153547741630976
ANKRD17,0.1240657976896095
ANKRD18A,0.0110231210872854
ANKRD18B,0.0296709670875626
ANKRD2,-0.0443946527347189
ANKRD20A1,0.8526135400485022
ANKRD22,0.1508547399409662
ANKRD23,0.1778032127141046
ANKRD24,0.1775848850159086
ANKRD26,-0.1333032626887378
ANKRD27,0.1591644259773097
ANKRD28,0.0137367448378285
ANKRD29,-0.066603107508926
ANKRD30A,0.0959070550213359
ANKRD30B,0.0593740692613702
ANKRD30BL,0.0610749324159091
ANKRD31,0.223430912691752
ANKRD33,0.0419626819068618
ANKRD33B,-0.0168803747026138
ANKRD34A,0.0403590267728185
ANKRD34B,0.0822916963321659
ANKRD34C,-0.1295258403315263
ANKRD35,0.0711152037453546
ANKRD36,0.1774087902748632
ANKRD36B,-0.0632846263895801
ANKRD36C,0.2092667087875233
ANKRD37,-0.1571730849843196
ANKRD39,0.1827830220759883
ANKRD40,0.2057650175403949
ANKRD40CL,-0.0735780442878631
ANKRD42,0.0284558086301939
ANKRD44,-0.1244997055981892
ANKRD45,-0.0126291777233191
ANKRD46,-0.0817107634184792
ANKRD49,0.2542382218805852
ANKRD50,-0.0050999973995067
ANKRD52,-0.0062238167905266
ANKRD53,0.1518853485577408
ANKRD54,0.24700262430628
ANKRD55,0.111366194356892
ANKRD6,-0.0317900514391452
ANKRD60,0.0044574206812288
ANKRD61,-0.0142991870702047
ANKRD62,-0.0411207308040547
ANKRD63,-0.044608813121514
ANKRD65,0.2135756560213592
ANKRD66,-0.1082801757251623
ANKRD7,-0.0619337663275226
ANKRD9,-0.0248036402752851
ANKS1A,-0.0372717534371767
ANKS1B,-0.0852283359061523
ANKS3,0.1220679726969198
ANKS4B,-0.0785152835621891
ANKS6,0.3232104132037175
ANKUB1,-0.0007151567135143
ANKZF1,0.0673809756025659
ANLN,0.7222446766845826
ANO1,0.0863889202246953
ANO10,-0.1293302469635341
ANO2,0.0673439551586429
ANO3,-0.0810708986891931
ANO4,0.1162518356740298
ANO5,0.0535189311941254
ANO6,0.0313773338483044
ANO7,-0.0660448037685714
ANO8,-0.1143236787100788
ANO9,-0.1020362900347771
ANOS1,-0.108243214195283
ANP32A,0.0874681120218493
ANP32B,-0.1470296036085947
ANP32D,-0.0604416057796923
ANP32E,0.3207882274296093
ANPEP,0.0444611984549905
ANTKMT,0.0585210700913557
ANTXR1,0.0168238539334319
ANTXR2,-0.2182046217340349
ANTXRL,0.1005263289733762
ANXA1,-0.0179868933337091
ANXA10,-0.0411534054413608
ANXA11,0.1168561163736616
ANXA13,-0.032313154252595
ANXA2,-0.0005375209136001
ANXA2R,0.136130209437771
ANXA3,-0.1112249294267281
ANXA4,-0.0526425172846634
ANXA5,0.0112900603856766
ANXA6,-0.0245712005704108
ANXA7,0.0131072671715067
ANXA8,0.1629044963581862
ANXA8L1,0.2344398760272896
ANXA9,0.087397998756739
AOAH,-0.138337546708874
AOC1,-0.0110300875818535
AOC2,0.2378102087285748
AOC3,0.150504888484221
AOPEP,-0.1693581231520193
AOX1,-0.0751885121220416
AP1AR,-0.0448409731886079
AP1B1,0.1062423586122842
AP1G1,0.0850309024311584
AP1G2,0.4461704535255072
AP1M1,0.1575456562405506
AP1M2,0.1341924471376967
AP1S1,0.0387884350101691
AP1S2,-0.0488077595790836
AP1S3,0.1217511004109802
AP2A1,-0.0435546895302375
AP2A2,-0.0872409466939255
AP2B1,0.0948083077402421
AP2M1,0.867688670074373
AP2S1,1.0120864238284664
AP3B1,0.1633588676687891
AP3B2,0.0266977984384032
AP3D1,-0.0797262024968264
AP3M1,0.0614313493266612
AP3M2,0.2546459312024374
AP3S1,0.2892164999184428
AP3S2,0.20007169115235
AP4B1,0.0864025511380089
AP4E1,0.0540345174759306
AP4M1,-0.0692856859077568
AP4S1,0.2214081480963594
AP5B1,0.054172811060161
AP5M1,-0.0200047887676764
AP5S1,-0.0396931009106063
AP5Z1,0.0387846100327785
APAF1,0.0266302219969192
APBA1,0.1107110648970576
APBA2,0.1278973449387457
APBA3,-0.2093360960946285
APBB1,0.0307014055029915
APBB1IP,-0.0082003000743776
APBB2,-0.0496386487095065
APBB3,0.1869580287188413
APC,0.2861527601841361
APC2,0.151042691881338
APCDD1,-0.0849766450082996
APCDD1L,-0.059133772326287
APCS,0.1866763100288694
APEH,0.2535417359675753
APELA,-0.2927402626830379
APEX1,0.1409941961134451
APEX2,0.2670813894077555
APH1A,0.1832262440948279
APH1B,0.047372431923513
API5,0.1319211094386412
APIP,0.1084089260183027
APLF,-0.0580934592252794
APLN,-0.1215373047876885
APLNR,0.0218498750359686
APLP1,0.3507372355910815
APLP2,-0.1064472065094768
APMAP,0.0681009472167878
APOA1,-0.0684027357152129
APOA2,0.003915526845852
APOA4,-0.0736669830358734
APOA5,-0.035363916785056
APOB,-0.0329885707757968
APOBEC1,0.104654877585546
APOBEC2,0.1319436946634918
APOBEC3A,0.0106368166892971
APOBEC3B,0.1296133321730469
APOBEC3C,0.0124796847298355
APOBEC3D,0.0395443696327363
APOBEC3F,-0.0180820675926668
APOBEC3G,-0.0501902025112218
APOBEC3H,-0.052837375215372
APOBEC4,-0.0735982790221905
APOBR,-0.0447083439229198
APOC1,0.2395630987314656
APOC2,0.1053814153854279
APOC3,-0.1484887227966137
APOC4,0.0222792547052703
APOD,-0.0417938165999613
APOE,-0.0292157325535067
APOF,0.0010915068136666
APOH,0.0500659200429945
APOL1,0.0073401719586092
APOL2,0.0019566308509611
APOL3,-0.1325293076021644
APOL4,-0.0126182099823053
APOL5,0.0811984202543222
APOL6,-0.0615605073928542
APOLD1,0.132778071684971
APOM,0.1113306280928002
APOO,-0.0868256666271074
APOOL,0.1061416663413915
APP,-0.1185562436497858
APPBP2,0.0969410166498757
APPL1,0.0334682904464265
APPL2,-0.1167444693842357
APRT,0.1310221314445546
APTX,-0.0228326546218301
AQP1,-0.1163066973978885
AQP10,0.3140629670091983
AQP11,-0.0974175444416412
AQP12B,0.1668280839856382
AQP2,0.0965275768857049
AQP3,0.0528802159138805
AQP4,-0.1863384616252288
AQP5,-0.0117974140964706
AQP6,0.1403474066704354
AQP7,0.9059467033582034
AQP7B,0.1270987552988606
AQP8,-0.1328849577914273
AQP9,0.0374406702424965
AQR,1.160400605013695
AR,-0.0370627840635963
ARAF,-0.0185833058632265
ARAP1,0.071656969479406
ARAP2,-0.0649530866539059
ARAP3,-0.0571755290166722
ARB2A,-0.2202863198154328
ARC,-0.1538383492960381
ARCN1,1.5059352130500785
AREG,0.0554984513486811
AREL1,0.0819622272976396
ARF1,0.1482007002128253
ARF3,0.208689615790559
ARF4,1.7108199856480648
ARF5,0.0221322270904882
ARF6,0.0901489979584693
ARFGAP1,-0.0559134618389605
ARFGAP2,0.0923662990746964
ARFGAP3,-0.1315816657327591
ARFGEF1,0.2149059276543855
ARFGEF2,-0.0239908995287486
ARFGEF3,-0.0733616541640507
ARFIP1,-0.138397541524452
ARFIP2,-0.0516219839475056
ARFRP1,2.0192504649622225
ARG1,-0.2428488522664738
ARG2,-0.0585816494115308
ARGFX,0.1396733615962188
ARGLU1,0.7325527016095175
ARHGAP1,0.0062635150514889
ARHGAP10,-0.0621280934887083
ARHGAP11A,0.2200525993280837
ARHGAP12,-0.0599264870393416
ARHGAP15,0.0621254602423001
ARHGAP17,0.0652365339396165
ARHGAP18,-0.0708423041314992
ARHGAP19,0.0705338654277638
ARHGAP20,-0.0196454713222581
ARHGAP21,0.1624422528729465
ARHGAP22,0.0087756094829079
ARHGAP23,0.1858012786445398
ARHGAP24,0.0744228204583729
ARHGAP25,-0.0182540268063509
ARHGAP26,-0.0622199033186395
ARHGAP27,0.3006555420173331
ARHGAP28,-0.0841584805453456
ARHGAP29,0.3364599489195684
ARHGAP30,-0.0103063378554355
ARHGAP31,0.1216346276990212
ARHGAP32,-0.1374747812704512
ARHGAP33,0.0648787096481538
ARHGAP35,-0.0646766393105267
ARHGAP36,-0.0968239244831699
ARHGAP39,-0.1329581531448493
ARHGAP4,-0.1570141372329528
ARHGAP44,-0.1894313903383923
ARHGAP45,0.0347269913584512
ARHGAP5,0.1313151799851819
ARHGAP6,-0.1153641970905484
ARHGAP8,0.1432983759227201
ARHGAP9,0.2578726628545257
ARHGDIA,0.0281767021384986
ARHGDIB,0.0052968473573571
ARHGDIG,0.0568429343579072
ARHGEF1,-0.0351716270760721
ARHGEF10,0.0147776873724975
ARHGEF10L,-0.0757653572592464
ARHGEF11,0.1353922985480746
ARHGEF12,-0.2087106402436527
ARHGEF15,-0.0911458900542799
ARHGEF16,0.0871395942261624
ARHGEF17,0.0278143447081682
ARHGEF18,-0.0107422308976805
ARHGEF19,0.1405322128110787
ARHGEF2,0.2558314633102628
ARHGEF25,-0.0680243086050961
ARHGEF26,0.0772194689500933
ARHGEF28,0.1576829109573589
ARHGEF3,-0.0689218949045328
ARHGEF33,0.1867409823810799
ARHGEF35,0.1142230387351406
ARHGEF37,-0.0134272325444112
ARHGEF38,-0.0177236842157808
ARHGEF39,0.0614563881484678
ARHGEF4,-0.0390244236178712
ARHGEF40,-0.0040402606526948
ARHGEF5,0.5202109813173191
ARHGEF6,-0.2589852293934714
ARHGEF7,0.4705158420621266
ARHGEF9,0.0065736759669104
ARID1A,-0.0790375030004316
ARID1B,-0.0063822684885661
ARID2,0.6636737144704943
ARID3A,-0.0223797768483647
ARID3B,0.224204837037789
ARID3C,0.1810887860747472
ARID4A,0.1082525558844148
ARID4B,0.1788255996011945
ARID5A,0.2447732458993862
ARID5B,0.0067359938642324
ARIH1,1.9021849068118035
ARIH2,0.0678795802399095
ARK2C,-0.0419311077560689
ARK2N,-0.0547083918961745
ARL1,0.1666371467179635
ARL10,0.134205919061623
ARL11,0.1268484197436321
ARL13A,-0.0885671165080546
ARL13B,0.0553973918051009
ARL14,0.0426163488149995
ARL14EP,0.0320259514654066
ARL14EPL,-0.117695283648249
ARL15,0.0178133703457722
ARL16,-0.0441267531633899
ARL2,2.700490957155191
ARL2BP,0.1702357004674908
ARL3,0.1091775153918551
ARL4A,0.2079326397204111
ARL4C,0.0249006931478554
ARL4D,0.5619791657445332
ARL5A,-0.0224087568040886
ARL5B,-0.0488548196755767
ARL5C,0.1334043475956106
ARL6,-0.0509768590055879
ARL6IP1,0.0556976136439743
ARL6IP4,0.0072051714657774
ARL6IP5,0.0583135886600171
ARL6IP6,0.0825003907519709
ARL8A,0.0951588592122353
ARL8B,0.1759170220259061
ARL9,0.1485301040353915
ARLN,0.0583725193372072
ARMC1,-0.0468191187903277
ARMC10,0.2629662668878024
ARMC12,-0.0279122377768059
ARMC2,-0.0282680108554059
ARMC3,-0.0440310037561586
ARMC5,0.7081887616489428
ARMC6,0.4152751831868883
ARMC7,2.2313728318023345
ARMC8,-0.1133019514326571
ARMC9,0.0367244434346029
ARMCX1,0.0036874008484192
ARMCX2,-0.0678011718922869
ARMCX3,-0.0911018669996428
ARMCX4,-0.2220232290287458
ARMCX5,-0.1374592944433895
ARMCX6,0.0279292149434379
ARMH1,0.31032011997368
ARMH2,-0.0914594788288587
ARMH3,0.3001021910663586
ARMH4,0.0408077208334515
ARMS2,-0.1557318692003154
ARMT1,-0.0582331773574457
ARNT,0.0988935851965681
ARNT2,-0.1212870686090355
ARPC1A,-0.0269116278245879
ARPC1B,0.0137045418004735
ARPC2,0.1022604895015744
ARPC3,0.2272705832101632
ARPC4,0.1637284662579582
ARPC5,0.1856133065921683
ARPC5L,0.0637596213176584
ARPIN,-0.0876842841887273
ARPP19,0.4254757963762577
ARPP21,-0.0947784753374363
ARR3,-0.0350891648776637
ARRB1,0.0355150267991611
ARRB2,0.0326375467519064
ARRDC1,0.0578038049343976
ARRDC2,0.0497803840782049
ARRDC3,-0.0955110607615935
ARRDC4,-0.050938675067632
ARRDC5,0.0849839832241934
ARSA,0.2222953135661718
ARSB,0.1885953373156456
ARSD,-0.2796893314753143
ARSF,-0.0974000593916832
ARSG,-0.1504616209443448
ARSH,-0.0713150928557922
ARSI,0.0755905944852243
ARSJ,0.0291790352142156
ARSK,-0.0146810066988617
ARSL,-0.0822767713279496
ART1,0.0238521827032989
ART3,-0.0361153666925567
ART4,0.0144242458253685
ART5,-0.038444587975764
ARTN,0.2458588997521821
ARV1,0.1408689529183109
ARVCF,-0.0415692321975851
ARX,0.0170220896320407
AS3MT,0.0311218019275606
ASAH1,-0.1302104408751718
ASAH2,0.0549428615902309
ASAP1,-0.1826749703864994
ASAP2,-0.1479084809978023
ASAP3,0.0521782278574724
ASB1,-0.132340126567218
ASB10,0.0462879731733916
ASB11,-0.3207233358447896
ASB12,-0.0963092136582804
ASB13,-0.1171674193899448
ASB14,-0.1162273550708494
ASB15,-0.1573892535858336
ASB16,0.1034298885402643
ASB17,0.0547556174228813
ASB18,-0.0508794543211039
ASB2,-0.1013480237907289
ASB3,-0.0537916518192754
ASB4,-0.2401117415494122
ASB5,-0.072914313784717
ASB6,0.3823724747623873
ASB7,0.1417350675463745
ASB8,0.1598596754022014
ASB9,-0.0795825328773785
ASCC1,0.1077856113739513
ASCC2,-0.0625465548806898
ASCC3,1.0629148737956466
ASCL1,0.128471467859961
ASCL2,0.0146461966442884
ASCL3,-0.1056352467700336
ASCL4,-0.0588016386830271
ASCL5,0.2670462993892056
ASDURF,2.036559218189967
ASF1A,0.1915365730121516
ASF1B,0.2999059523433793
ASGR1,-0.1498916909112942
ASGR2,-0.1848472944293054
ASH1L,0.1259168770274354
ASH2L,0.437005907883511
ASIC1,0.0944684647363476
ASIC2,-0.0453783585407085
ASIC3,0.0220357497742603
ASIC4,0.1502119622358577
ASIC5,-0.2176696883098013
ASIP,0.0847638075878196
ASL,-0.0025856984980422
ASMT,-0.1614379582806645
ASMTL,-0.0379122673323196
ASNS,0.0531622276502578
ASNSD1,-0.0662359704573975
ASPA,-0.0667225890924936
ASPDH,-0.0905535015903024
ASPG,0.0002359913403591
ASPH,0.0138388623544259
ASPHD1,0.0936459880071231
ASPHD2,0.0664000713649706
ASPM,0.153286447786632
ASPRV1,-0.0702947884327432
ASPSCR1,-0.0048011007838644
ASRGL1,0.0733937054685377
ASS1,0.2114485147213998
ASTE1,0.113870066999993
ASTL,0.2097997570106381
ASTN1,0.0361352260841713
ASTN2,0.0139715227468689
ASXL1,-0.0101725512583997
ASXL2,-0.110697473841067
ASXL3,-0.0274283788140936
ASZ1,0.1585954652636585
ATAD1,-0.0918196789227632
ATAD2,0.0954784442557064
ATAD2B,-0.0411772703740086
ATAD3A,0.5027652267616984
ATAD3B,0.2819883524276156
ATAD3C,-0.1169606358779732
ATAD5,0.2588046154745176
ATAT1,0.113576009202001
ATCAY,0.0698709381875538
ATE1,-0.0368228380614749
ATF1,0.16598030299732
ATF2,-0.1283122792913379
ATF3,-0.1033038715903281
ATF4,0.536864067154055
ATF5,0.2053831474774539
ATF6,0.0939305252710409
ATF6B,0.0910510207690429
ATF7,0.0353283479966064
ATF7IP,0.0646586702218817
ATF7IP2,-0.0053095227466372
ATG10,0.0551069395883449
ATG101,0.0922829221031751
ATG12,0.1018971536442591
ATG13,0.1977110922614312
ATG14,0.0767341722860006
ATG16L1,0.047652682259777
ATG16L2,-0.0476561654151697
ATG2A,0.064809639991821
ATG2B,-0.0803661585060793
ATG3,0.2988879569934974
ATG4A,0.0327453415840908
ATG4B,0.0848577543504772
ATG4C,-0.0087957650683541
ATG4D,-0.0029758366240965
ATG5,-0.0001350341598779
ATG7,0.0206250451087289
ATG9A,0.3101562558721875
ATG9B,-0.1856728404914493
ATIC,0.0862698843908774
ATL1,-0.0093470564383788
ATL2,0.3919860846652515
ATL3,0.0589640822367956
ATM,0.2312336347978961
ATMIN,0.422281548319902
ATN1,0.075383381526568
ATOH1,0.0412373762739644
ATOH7,0.0351899845537362
ATOH8,0.01763434948183
ATOSA,0.1558875555314747
ATOSB,0.2354802359996766
ATOX1,-0.0981882533545938
ATP10A,0.0817717929467518
ATP10B,-0.0887660487265155
ATP10D,-0.020649444679084
ATP11A,0.017682919718309
ATP11B,-0.0805816424568147
ATP11C,-0.1027962116271524
ATP12A,-0.0678207527707012
ATP13A1,0.1867440577827395
ATP13A2,0.0787381557902199
ATP13A3,-0.0818772819475232
ATP13A4,-0.134644447836672
ATP13A5,-0.1561941575736182
ATP1A1,1.1665209989901986
ATP1A2,-0.1930465096195784
ATP1A3,0.1329544217986292
ATP1A4,0.0585618814168479
ATP1B1,0.0870982245219315
ATP1B2,0.114941187421645
ATP1B3,0.4647499819900851
ATP1B4,0.1313360789579801
ATP23,0.4900423045957093
ATP2A1,0.0559103163394091
ATP2A2,2.231432571011297
ATP2A3,0.0511516184211097
ATP2B1,0.4382586572333261
ATP2B2,0.0664845602954187
ATP2B3,-0.0095707568395291
ATP2B4,0.1680736659873845
ATP2C1,0.2084280946728095
ATP2C2,-0.0046984844706254
ATP4A,-0.0426651696677993
ATP4B,-0.1162292538321085
ATP5F1A,0.9145715089834938
ATP5F1B,1.4791921862165944
ATP5F1C,0.8729374766966058
ATP5F1D,1.2009648015741532
ATP5F1E,1.21274321516397
ATP5IF1,0.2831239086165918
ATP5MC1,0.5296197315573578
ATP5MC2,0.3060777107980969
ATP5MC3,-0.0143838035307982
ATP5ME,0.9558016013710378
ATP5MF,1.608297809531149
ATP5MG,0.8469168613826566
ATP5MGL,0.2951338280863027
ATP5MJ,-0.0425729535068245
ATP5MK,0.4730361639562697
ATP5PB,0.892499532884544
ATP5PD,0.7520618728112021
ATP5PF,0.7589557109039647
ATP5PO,0.6124263728193411
ATP6AP1,1.154626969785236
ATP6AP2,0.9191778646934377
ATP6V0A1,-0.0696689575789814
ATP6V0A2,0.0516574729811009
ATP6V0A4,0.1747517176655471
ATP6V0B,1.1926459050190468
ATP6V0C,2.327540299826641
ATP6V0D1,0.9434518045985916
ATP6V0D2,-0.0849524676281518
ATP6V0E1,0.1093742598567701
ATP6V0E2,0.0013424025852906
ATP6V1A,2.001814058883713
ATP6V1B1,0.0061876677829425
ATP6V1B2,1.992022884804745
ATP6V1C1,1.1133508517292774
ATP6V1C2,-0.1064950406704398
ATP6V1D,0.7070620492889962
ATP6V1E1,1.556943404481058
ATP6V1E2,0.0750771323993984
ATP6V1F,2.011902613802425
ATP6V1G1,1.3275289300802071
ATP6V1G2,0.012568996662348
ATP6V1G3,-0.2000569814325464
ATP6V1H,0.8735272482255017
ATP7A,-0.1003958134362677
ATP7B,-0.1390012964105382
ATP8A1,-0.0220287522037874
ATP8A2,-0.0929464599367434
ATP8B1,-0.0715213611447625
ATP8B2,0.1031302457774196
ATP8B3,0.0547286206817307
ATP8B4,-0.0143881509480389
ATP9A,0.0650843938717211
ATP9B,-0.0791771785940135
ATPAF1,-0.0318756527283884
ATPAF2,0.5327042079235587
ATPSCKMT,-0.0739745060593312
ATR,1.2408880512412075
ATRAID,0.0379347463040135
ATRIP,0.6609484060645691
ATRN,0.0393265229540702
ATRNL1,-0.1839111763720122
ATRX,0.1007878365743533
ATXN1,0.012652033311793
ATXN10,0.5293684862312902
ATXN1L,0.1653272562675984
ATXN2,0.2564490810407036
ATXN2L,0.0352571097502466
ATXN3,0.0365209867416778
ATXN3L,-0.3197838431474213
ATXN7,0.0532851378568974
ATXN7L1,-0.0189359920721113
ATXN7L2,0.0725913732849967
ATXN7L3,0.0929307597423958
ATXN7L3B,0.1368241333738001
AUH,0.1101019508822236
AUNIP,0.0072558871772046
AUP1,-0.1691799736978192
AURKA,1.749682664565125
AURKAIP1,0.6873536670768424
AURKB,2.1005009927872464
AURKC,-0.1078221233183594
AUTS2,-0.1627892327440018
AVEN,0.0705629927506609
AVIL,0.1102315279695263
AVL9,-0.0701273954635798
AVP,0.1420504111556474
AVPI1,0.0474711245919456
AVPR1A,0.264382246417386
AVPR1B,0.0764805194516813
AVPR2,-0.0021357489129513
AWAT1,-0.049480199491444
AWAT2,-0.0978083132150413
AXDND1,0.2285782279743745
AXIN1,0.0421213053877928
AXIN2,0.0493657863385651
AXL,0.1152266007817279
AZGP1,0.1522601433558659
AZI2,-0.0549807739608139
AZIN1,0.162874853081844
AZIN2,-0.0385240158156886
AZU1,-0.1377013570666067
B2M,-0.0581383142330619
B3GALNT1,-0.0449037072266699
B3GALNT2,-0.2999764612808192
B3GALT1,0.0437455006465253
B3GALT2,-0.0646022472735233
B3GALT4,0.0461514785925949
B3GALT5,-0.1841817193032193
B3GALT6,0.0764118567828014
B3GAT1,0.0070026589730537
B3GAT2,0.2769618895121374
B3GAT3,0.3080777091193584
B3GLCT,-0.1245581870857017
B3GNT2,0.0998502191908075
B3GNT3,0.1476225463194634
B3GNT4,0.2266170152711183
B3GNT5,-0.1434396789271689
B3GNT6,0.1909353245888745
B3GNT7,-0.1441612189487211
B3GNT8,0.0554077030667983
B3GNT9,0.0633579671491913
B3GNTL1,-0.1705110912714165
B4GALNT1,0.0568158938847367
B4GALNT2,0.1630883322014322
B4GALNT3,0.0499006459940216
B4GALNT4,-0.0633844050464606
B4GALT1,0.120236175584609
B4GALT2,0.1635783722769823
B4GALT3,0.301918365080375
B4GALT4,-0.0884285919606833
B4GALT5,0.0732267628407496
B4GALT6,0.0581460976893971
B4GALT7,0.232542231718859
B4GAT1,0.212360769804602
B9D1,0.1185086489019209
B9D2,0.1097950289275896
BAALC,0.0008272849124364
BAAT,-0.0552504738732116
BABAM1,-0.0885070387844408
BABAM2,-0.0588151894753349
BACC1,0.3503941253481727
BACE1,0.1053528087799893
BACE2,0.1061275517518795
BACH1,-0.0836209008209917
BACH2,-0.0585906283087167
BAD,-0.0530604404065968
BAG1,0.1028439478658047
BAG2,0.1628668190306843
BAG3,0.0623489770571571
BAG4,0.1222491361241113
BAG5,-0.0243387232580903
BAG6,0.2094725021955347
BAHCC1,0.002092059615051
BAHD1,-0.0552979000074989
BAIAP2,0.1454924947243689
BAIAP2L1,-0.0822197413044027
BAIAP2L2,-0.0095619564618528
BAIAP3,0.0623516997349047
BAK1,0.2523327126604225
BAMBI,0.1309087094334795
BANF1,2.4533606720024883
BANF2,-0.1292168134926666
BANK1,0.0564057505654441
BANP,0.9972118512904964
BAP1,0.5055315559859914
BARD1,0.7884942711978391
BARHL1,0.0156708340032704
BARHL2,0.1467529497187068
BARX1,-0.0744729733167518
BARX2,-0.0375935862494061
BASP1,-0.0729828926038397
BATF,0.0046932496680227
BATF2,0.0515050954210401
BATF3,-0.1790158674606302
BAX,-0.0456728885167028
BAZ1A,0.185848360572682
BAZ1B,0.1065717891915665
BAZ2A,0.1143281258404079
BAZ2B,-0.0815252703488068
BBC3,0.1424166798815558
BBIP1,0.0056822087150612
BBLN,0.1619377962949224
BBOF1,-0.0551705165810665
BBOX1,-0.1530861096893563
BBS1,0.1012438674332633
BBS10,-0.0239055720747006
BBS12,-0.1367222490346021
BBS2,0.0091259089466845
BBS4,-0.0585690915675019
BBS5,-0.0049076427002153
BBS7,0.0317642104530843
BBS9,0.031956887510775
BBX,-0.038315956919898
BCAM,-0.0193296222148069
BCAN,0.2286780690958235
BCAP29,0.1345391322142635
BCAP31,0.3501291082980684
BCAR1,0.0718898074606732
BCAR3,0.0579714441411579
BCAS1,-0.08840570800862
BCAS2,1.0818418078399377
BCAS3,0.332958298516677
BCAS4,-0.0214406561537496
BCAT1,-0.0237836645286995
BCAT2,-0.0646705265959593
BCCIP,0.6703516540731357
BCDIN3D,0.271239120084227
BCHE,-0.2962065448182424
BCKDHA,0.1140517695228358
BCKDHB,0.2281582805943549
BCKDK,-0.0416847577935416
BCL10,0.1281199180359228
BCL11A,0.0666418231465187
BCL11B,-0.0241251625569527
BCL2,0.0616301474858754
BCL2A1,0.0728963252156503
BCL2L1,0.798058053766957
BCL2L10,0.046272751499779
BCL2L11,0.0798380607388951
BCL2L12,0.2684505746269578
BCL2L13,0.2012619537680345
BCL2L14,0.0182869567988118
BCL2L15,0.1434531285016206
BCL2L2,0.3448568179551604
BCL3,-0.0208293077313483
BCL6,0.0816106110579139
BCL6B,0.0138918587978467
BCL7A,0.0519878348059245
BCL7B,-0.1819106337003495
BCL7C,0.0765181282376042
BCL9,0.2925510023320162
BCL9L,0.0906843362084456
BCLAF1,0.7649336717331496
BCLAF3,-0.0291701036403142
BCO1,0.0411424400769517
BCO2,0.1576189861767946
BCOR,0.1372916273635754
BCORL1,-0.1066820432283963
BCR,-0.0424979290810005
BCS1L,0.4372951999563219
BDH1,0.000699867523434
BDH2,0.1702566104550589
BDKRB1,-0.2092667083727094
BDKRB2,-0.1094939065622502
BDNF,0.1257004132556574
BDP1,0.7861442191049701
BEAN1,-0.0127981161541651
BECN1,0.2337596605418881
BECN2,-0.2960486546850072
BEGAIN,-0.002278727962082
BEND2,-0.0813237424025366
BEND3,0.2708548821184303
BEND4,0.2652733866060484
BEND5,-0.0965537969978863
BEND6,-0.035135759307547
BEND7,-0.0046959684220588
BEST1,-0.0580688075321979
BEST2,0.0591274435242313
BEST3,-0.0103753198654426
BEST4,0.0988555882490356
BET1,0.7901742146413724
BET1L,-0.0370271749509554
BEX1,-0.040676404580189
BEX2,-0.0130334417706993
BEX3,-0.1231370227244026
BEX4,0.007050994962697
BEX5,-0.0911157401816374
BFAR,0.0658457427673629
BFSP1,-0.0922060861993669
BFSP2,-0.1019461310122838
BGLAP,0.0415748619435504
BGN,-0.0644759472332128
BHLHA15,0.2438891388225617
BHLHA9,0.0543810891470137
BHLHE22,0.1762898784524194
BHLHE23,0.094437771224355
BHLHE40,-0.0970165961903533
BHLHE41,0.1672512396301448
BHMT,-0.0954947839855337
BHMT2,-0.0754942673208825
BICC1,-0.1315465921508073
BICD1,0.1757065217144375
BICD2,0.1561766319625376
BICDL1,0.0650734141156869
BICDL2,0.316012341048806
BICRA,-0.0037640373328291
BICRAL,-0.163478384368933
BID,0.0801269311455262
BIK,-0.0611144325226189
BIN1,0.1524874586094826
BIN2,0.1437182937670144
BIN3,-0.3104156696013317
BIRC2,0.3408517804484312
BIRC3,0.00552551058203
BIRC5,2.1104800649384248
BIRC6,0.3756506725597588
BIRC7,-0.1491998478313844
BIVM,-0.1089368047757898
BLCAP,0.0625310905570091
BLID,0.0500543404963243
BLK,-0.1129390040493378
BLM,0.1646158557807937
BLMH,-0.0410704040496042
BLNK,0.01832257170429
BLOC1S1,-0.0332318585177398
BLOC1S2,0.1969323770147354
BLOC1S3,0.2830174130472916
BLOC1S4,0.011623365955667
BLOC1S5,-0.0374412158877069
BLOC1S6,0.1160498096682652
BLTP1,0.0664949192458214
BLTP2,0.3965485695456476
BLTP3A,0.1128698928561739
BLTP3B,-0.0583624668264013
BLVRA,-0.1243284752314776
BLVRB,-0.0407592144363873
BLZF1,0.0593130744541833
BMAL1,0.1576023679736259
BMAL2,0.0679274708237069
BMERB1,-0.020849922673449
BMF,0.4070444200264165
BMI1,-0.0528824679424973
BMP1,0.1571537480562734
BMP10,0.1196682977436651
BMP15,-0.0595759492761867
BMP2,-0.0498160857650169
BMP2K,-0.0218001872700797
BMP3,-0.2149272497178378
BMP4,0.0675015721235198
BMP5,0.0967360295389281
BMP6,0.0428770619270418
BMP7,-0.0182541125823472
BMP8A,-0.1058858600194615
BMP8B,0.1009241889113876
BMPER,0.0347013276889707
BMPR1A,0.1831474563599238
BMPR1B,-0.1152337022394816
BMPR2,-0.0769954184147442
BMS1,1.5129614271006515
BMX,-0.1969804689249056
BNC1,0.0134468694040343
BNC2,-0.0413596131644495
BNIP1,1.051105717659285
BNIP2,0.0198349599211804
BNIP3,0.3665300597334563
BNIP3L,-0.1066656972614503
BNIP5,-0.0002685311122387
BNIPL,0.2111740985621221
BOC,0.0292039472450083
BOD1,0.1125204203721758
BOD1L1,0.3878644458367524
BOD1L2,-0.1036184920933368
BOK,-0.0179753871850848
BOLA1,0.1744767350522226
BOLA3,0.1062140556802775
BOLL,-0.1259151284053257
BOP1,1.607281189079076
BORA,0.8278084221477359
BORCS5,0.2839450669038675
BORCS6,-0.0220604399647074
BORCS7,0.056873512210992
BORCS8,0.2742624541621489
BPGM,-0.0477646675079185
BPHL,0.0833041117470895
BPI,-0.1878585733536455
BPIFA1,-0.0118565688793807
BPIFA2,-0.1707043041361529
BPIFA3,0.0797052246416626
BPIFB1,0.0177292142817334
BPIFB2,0.0350123370475653
BPIFB3,0.1041215190573184
BPIFB4,0.0566922221368123
BPIFB6,0.0933987631340576
BPIFC,-0.1348818863049692
BPNT1,0.0406761975294083
BPNT2,0.0489535418386639
BPTF,0.7424454791290679
BRAF,0.2150097920348621
BRAP,-0.0882420136650642
BRAT1,0.5064774788534475
BRCA1,0.9784898662878018
BRCA2,0.5736472564760613
BRCC3,-0.0488563987458493
BRD1,0.0328291169381941
BRD2,0.5199091568016229
BRD3,-0.0668113511954576
BRD3OS,-0.2380796138921379
BRD4,1.1671847801637734
BRD7,0.484641716110056
BRD8,0.7200083530208825
BRD9,-0.2198874012548451
BRDT,-0.0230448593321389
BRF1,1.7618035273240595
BRF2,2.420340432949631
BRI3,0.4629694958569439
BRI3BP,0.1244766683930408
BRICD5,0.0601066201940666
BRINP1,-0.1378234405432256
BRINP2,0.0977402873616471
BRINP3,0.0499161552073338
BRIP1,0.4131126671047549
BRIX1,1.6088273274496965
BRK1,0.2584711951207079
BRME1,-0.0698712012989124
BRMS1,0.3544424201805741
BRMS1L,0.0963083621527462
BROX,-0.0624786501231563
BRPF1,0.0420485762675759
BRPF3,0.0649800093802987
BRS3,-0.0803404493269476
BRSK1,-0.0528370800260702
BRSK2,0.0387988825824832
BRWD1,0.1091418675355605
BRWD3,-0.0299676071580937
BSCL2,0.2703671104920773
BSDC1,-0.0772500036829668
BSG,0.1488738475494823
BSN,0.0300626944037826
BSND,-0.0137805393750206
BSPH1,-0.2113456172682993
BSPRY,0.0850722622144722
BST1,-0.1033772448084953
BST2,-0.0771689459386711
BSX,-0.0858105910826011
BTAF1,0.4854065305139315
BTBD1,0.1001856526577283
BTBD10,0.0949056669053637
BTBD16,0.0036623651762652
BTBD17,0.1823842474002213
BTBD18,0.1322604617713549
BTBD19,0.0491590903533408
BTBD2,-0.0574750248296637
BTBD3,-0.0778779229999468
BTBD6,0.188878012871598
BTBD7,0.0370979001474297
BTBD8,0.0849096955618706
BTBD9,0.2486160405502281
BTC,-0.2849305102892927
BTD,0.1180180008042992
BTF3,0.9622118057137434
BTF3L4,0.700102351824275
BTG1,0.1780149787795311
BTG2,-0.1388962323431775
BTG3,0.203169920092718
BTG4,-0.0843715348244378
BTK,0.0374341719306502
BTLA,-0.1580435277836631
BTN1A1,0.0166086189188743
BTN2A1,0.0499186170264335
BTN2A2,-0.0159216738161614
BTN3A1,-0.0558317713953923
BTN3A2,-0.0774237753478619
BTN3A3,0.0772087092431246
BTNL2,-0.0753820420490895
BTNL3,-0.0010610042090179
BTNL8,0.049187141511482
BTNL9,0.0193665273813414
BTRC,0.2285092870629967
BUB1,0.795131922514466
BUB1B,1.60888300531611
BUB3,4.043049296573336
BUD13,0.9600099371735596
BUD23,2.075898712862692
BUD31,2.265697462878464
BYSL,1.80680743711196
BZW1,-0.0255617651427407
BZW2,-0.1119637123256373
C10orf105,0.0905106123863864
C10orf120,-0.0621835577431483
C10orf143,-0.0839953246417825
C10orf53,-0.0898414078450353
C10orf62,0.0543002131491944
C10orf67,-0.1753895716161326
C10orf71,-0.1615165300744648
C10orf88,0.1041035606886746
C10orf90,0.0086800828195612
C10orf95,0.3004181239369491
C11orf16,-0.1917399813274868
C11orf21,-0.0951953237713729
C11orf24,-0.125311134084311
C11orf42,0.0052991584417684
C11orf52,0.0270946254844041
C11orf54,-0.0934209106097189
C11orf58,0.031827843130103
C11orf65,0.3232941264617396
C11orf68,0.1828907715303076
C11orf71,0.249882615364798
C11orf86,0.021801949331608
C11orf87,-0.0939308345327661
C11orf91,0.2000918276655233
C11orf96,-0.1073554874987705
C11orf97,-0.026717849274868
C12orf42,-0.088809256895936
C12orf43,0.0720348183243103
C12orf50,-0.0774725148293909
C12orf54,0.0309765645354631
C12orf56,0.1808793013770336
C12orf57,-0.0302796917081376
C12orf60,-0.0290769798931266
C12orf71,-0.1162722261019404
C12orf75,0.0064544674416574
C13orf42,-0.1752645454192416
C14orf119,0.1216987936692351
C14orf132,-0.3138831170805244
C14orf180,-0.1043354972685831
C14orf39,-0.1152167231671401
C14orf93,0.0158841101691391
C15orf39,0.081254900491598
C15orf40,0.0748996473854625
C15orf48,-0.0193559081560574
C15orf61,-0.214929554459464
C15orf62,-0.1288363836891537
C16orf46,0.1327135017947646
C16orf54,0.1041154448980305
C16orf74,0.0130876660851502
C16orf78,0.0092242003740638
C16orf86,0.4138727931575272
C16orf87,0.2377377620430677
C16orf89,0.1108578410002577
C16orf90,0.1890130862919354
C16orf92,0.1035073564990129
C16orf95,0.1228159666447893
C16orf96,0.0732660132299736
C17orf100,-0.13918169394205
C17orf107,-0.0649382848073979
C17orf113,0.1445260237137648
C17orf50,0.3287781970838394
C17orf58,0.6076291353618941
C17orf67,-0.0192353692523382
C17orf75,0.2920342213682326
C17orf78,-0.0442589200279604
C17orf99,0.1028830927925568
C18orf32,0.0493200104258299
C18orf54,0.0162506647165615
C18orf63,0.0151941911514685
C19orf12,0.0383943375676387
C19orf18,-0.0436303206750675
C19orf25,0.8309732737828446
C19orf33,-0.0101165824829776
C19orf38,0.2634089697153382
C19orf44,0.1556731139469258
C19orf47,0.0926615304362152
C19orf53,1.105262772571745
C19orf67,0.1066280719089013
C19orf73,0.1010637705917397
C19orf81,-0.0122921813363583
C19orf84,-0.0576002463339126
C1D,0.6734988984804253
C1GALT1,-0.0219208876490611
C1GALT1C1,-0.0909765185028269
C1GALT1C1L,-0.0598865972093153
C1QA,0.0809573528225666
C1QB,0.0239478945279212
C1QBP,0.8611032432751204
C1QC,0.0774446419362373
C1QL1,0.0755167239991787
C1QL2,-0.0641849497422501
C1QL3,-0.0817020097462048
C1QL4,0.000957241224631
C1QTNF1,0.1689085338204823
C1QTNF12,-0.1182728676255654
C1QTNF2,-0.1576499405774235
C1QTNF3,0.0061091814499683
C1QTNF4,0.2101125505272731
C1QTNF5,0.1525296376843681
C1QTNF6,0.0949528376701276
C1QTNF7,-0.051347944565418
C1QTNF8,0.0676677007397775
C1QTNF9,0.1680213911136598
C1QTNF9B,0.1199724683827702
C1R,-0.476687625484089
C1RL,-0.0060185722760023
C1S,-0.0183277704255633
C1orf105,-0.00634536605712
C1orf115,-0.0655952898481105
C1orf116,0.0875198580424988
C1orf122,0.1861649593401367
C1orf141,-0.0203848306563943
C1orf146,0.0601512499399431
C1orf159,0.1222656283316859
C1orf162,0.1049390912894692
C1orf167,-0.448248715432794
C1orf174,-0.0179673715081717
C1orf185,-0.1283657457080002
C1orf198,-0.0611035578097288
C1orf21,0.04983643703367
C1orf210,-0.0812253022312884
C1orf216,0.0640190423776578
C1orf226,0.0709034756895932
C1orf232,-0.087912511592589
C1orf35,0.128032818720764
C1orf43,0.1884580429055717
C1orf50,0.0210071434432251
C1orf52,0.2579106476883417
C1orf53,0.0750319319782603
C1orf54,0.1494635710694716
C1orf56,0.2123952173994243
C1orf74,0.2002543529763196
C1orf87,-0.0260820388957095
C1orf94,-0.1569866369421957
C2,0.0762488029928666
C20orf141,-0.097460774906164
C20orf144,0.0902385968808732
C20orf173,0.003139227916361
C20orf202,0.0839824892438504
C20orf203,-0.0562703072668037
C20orf204,-0.0776935138945367
C20orf96,-0.1616378241690865
C21orf140,-0.0839882054705619
C21orf58,0.13050237653826
C21orf91,-0.1075425638924994
C22orf15,0.0619151894714209
C22orf23,0.2453865742317837
C22orf31,-0.1370701592043332
C22orf39,0.1959450344621371
C22orf42,-0.2331430130900344
C2CD2,-0.0487306266348059
C2CD2L,-0.1346264104517098
C2CD3,0.0317983746367387
C2CD4A,-0.0655079200881657
C2CD4B,-0.2048572218090117
C2CD4C,-0.3129958870303155
C2CD4D,0.1606410478503519
C2CD5,-0.1735089087897079
C2CD6,0.0510404965802478
C2orf15,0.1757910928545279
C2orf42,0.0073864147254309
C2orf49,0.0945603468267925
C2orf66,-0.1441708528874931
C2orf68,0.2081318340161004
C2orf69,0.2033665879934375
C2orf72,-0.1225751107400349
C2orf74,0.0100355880861197
C2orf76,0.1055784879099186
C2orf78,-0.049806606474838
C2orf80,-0.145792092669006
C2orf81,0.2235535429577076
C2orf88,-0.0291292038010056
C2orf92,0.296546302669935
C3,0.0394284924951689
C3AR1,0.0752216412209124
C3orf18,0.0255228123240623
C3orf20,0.0852040386556156
C3orf22,0.1167905798766407
C3orf33,-0.1258220179830927
C3orf38,0.610444797442195
C3orf49,0.1193267843232953
C3orf52,0.0030205956825998
C3orf62,0.042100086143587
C3orf70,-0.0824184677671694
C3orf80,0.182080257309927
C3orf85,0.1481924048347314
C4B,-0.1137522578499105
C4BPA,-0.1610019549605474
C4BPB,-0.0568498581209775
C4orf17,-0.0575769140706947
C4orf33,-0.0021768743339237
C4orf36,-0.0712818169683946
C4orf46,0.0953311388003218
C4orf50,0.0008587400462301
C4orf51,0.0098415615384567
C4orf54,-0.0085663900571863
C5,-0.03376275674644
C5AR1,-0.1376220296520083
C5AR2,-0.0063278878964005
C5orf15,0.2823687033428985
C5orf22,-0.0212155644556489
C5orf24,-0.0423658124024015
C5orf34,0.1128568549193157
C5orf46,-0.1366504368963523
C5orf47,0.0823575487565738
C5orf52,-0.0062521790346434
C5orf58,-0.2505752811517083
C5orf63,-0.0469838063040521
C6,-0.0219170201570273
C6orf118,-0.0783625436090925
C6orf120,0.0887528894295861
C6orf132,-0.0959965200797929
C6orf136,0.0661269158420607
C6orf141,0.0434565546060336
C6orf15,0.1291436828053924
C6orf163,0.0371319545737158
C6orf47,0.1967982921435841
C6orf52,-0.0702020784945901
C6orf58,-0.0386116843280039
C6orf62,0.0205262754828251
C6orf89,0.1003766763571738
C7,-0.1080167587796086
C7orf25,-0.0862339260810444
C7orf33,0.0007832003017662
C7orf57,0.0630752699026769
C8A,-0.1119550887751915
C8B,-0.1479368856639938
C8G,-0.0102642188680326
C8orf33,0.2253742039172247
C8orf34,0.0911393248385958
C8orf48,-0.1021569744041147
C8orf58,0.097407342352106
C8orf74,-0.0957080452125522
C8orf76,0.1458575119155378
C8orf82,0.1145843208626364
C8orf88,0.0565050272148927
C8orf89,-0.032498028988082
C9,0.0157151502442925
C9orf152,-0.0478477517255936
C9orf153,0.01983076693566
C9orf40,0.0245888127348899
C9orf43,0.0035543640621806
C9orf50,-0.0875707276951877
C9orf57,0.0227062103864287
C9orf72,-0.2412735424190097
C9orf78,0.6077336409534326
C9orf85,0.0155380763547394
CA1,-0.0169231569202257
CA10,0.0512132780212835
CA11,0.157449604925831
CA12,-0.0179439576456759
CA13,-0.0713055645319305
CA14,0.0116242988020829
CA2,0.0188074069875634
CA3,-0.0309882265932063
CA4,-0.0174489994374765
CA5A,0.1738659533047381
CA5B,0.0440747899599158
CA6,0.1457981763464892
CA7,0.0978669222871367
CA8,0.103033854030341
CA9,0.1394401079925853
CAAP1,-0.1385439221066041
CAB39,0.153858365268264
CAB39L,-0.0188546070969003
CABCOCO1,0.0690814101049191
CABIN1,0.1822932293659744
CABLES1,-0.0145265524085951
CABLES2,0.0284531080771531
CABP1,-0.1608065970007449
CABP2,0.1181725388789938
CABP4,0.1724775959174114
CABP5,-0.1812798797276393
CABP7,0.0176825175542531
CABS1,-0.0514095244675359
CABYR,0.0965356152347547
CACFD1,-0.0342026986874703
CACHD1,0.0025936373231823
CACNA1A,0.1503787635535744
CACNA1B,0.0287787076053827
CACNA1C,0.061440104012096
CACNA1D,0.0941154607360452
CACNA1E,0.0666620892948283
CACNA1F,-0.1009526392059375
CACNA1G,0.2017873585674114
CACNA1H,-0.0182747705528066
CACNA1I,0.0683089784173697
CACNA1S,0.0658656146825301
CACNA2D1,-0.028800872624183
CACNA2D2,0.0371987785732336
CACNA2D3,-0.1514254513312891
CACNA2D4,-0.0366106269498168
CACNB1,0.1828949427488499
CACNB2,-0.1100303915335438
CACNB3,0.5202414721459189
CACNB4,-0.0995908995401487
CACNG1,0.1130683411291161
CACNG2,0.086020477140908
CACNG3,-0.0257696838172093
CACNG4,-0.0160839439319644
CACNG5,-0.0818087520858331
CACNG6,-0.0223359621111434
CACNG7,-0.3609403637257555
CACNG8,-0.2254470439838072
CACTIN,1.3564558853889417
CACUL1,0.0058147963023232
CACYBP,0.2350447004336823
CAD,0.4366488401692684
CADM1,0.103293926195631
CADM2,0.1883705610011854
CADM3,-0.1152361136478696
CADM4,0.291388841655454
CADPS,0.0203460208530927
CADPS2,-0.0148201120384597
CAGE1,-0.0390211061209852
CALB1,-0.0739063661741853
CALB2,-0.2217224429117736
CALCA,-0.0304700734845701
CALCB,0.2188842303549403
CALCOCO1,0.0531256240969286
CALCOCO2,0.049227585230474
CALCR,-0.0062969288250034
CALCRL,-0.1085316124083931
CALD1,-0.0853594633426668
CALHM1,0.1021485872293306
CALHM2,-0.1076751764445967
CALHM3,-0.0086704492432726
CALHM4,-0.0742879077703622
CALHM5,-0.0555314089816431
CALHM6,-0.0763521900105908
CALM1,-0.1305816753972989
CALM2,-0.0028661156898821
CALM3,0.078179141628676
CALML3,-0.0634925133083582
CALML4,0.021336674174583
CALML5,-0.0879979663171271
CALML6,0.0732059858617498
CALN1,0.0459084687234812
CALR,0.1039842992866371
CALR3,0.0842718245560347
CALU,-0.0578765916716881
CALY,-0.0745450721297512
CAMK1,-0.0824466445384985
CAMK1D,-0.0093117765857752
CAMK1G,-0.2444278339569969
CAMK2A,0.0482464114636623
CAMK2B,-0.059317544151733
CAMK2D,-0.0566748877895372
CAMK2G,-0.0369625755196269
CAMK2N1,0.0120870551806885
CAMK2N2,-0.1337110935538613
CAMK4,-0.13183281035725
CAMKK1,-0.0267293481640773
CAMKK2,0.1469371461298431
CAMKMT,0.2201260581273721
CAMKV,-0.050117143709291
CAMLG,0.3217915348661225
CAMP,0.0106224439846821
CAMSAP1,0.0203645003327877
CAMSAP2,0.1752380983687336
CAMSAP3,0.0480408524373261
CAMTA1,0.0011981569913711
CAMTA2,0.0712577694767088
CAND1,0.2891026468617521
CAND2,0.0484123810123056
CANT1,0.0426748264871223
CANX,0.0119166677622912
CAP1,0.3901693620223018
CAP2,-0.2110024733989446
CAPG,0.0437260396185737
CAPN1,0.1837461126537933
CAPN10,-0.040055683443722
CAPN11,0.0181721050762951
CAPN12,0.0282383042257261
CAPN13,0.0237535147565567
CAPN14,-0.0868079746598237
CAPN15,0.0124355822145933
CAPN2,-0.0261478030131224
CAPN3,0.0589067370216051
CAPN5,0.0648999568472985
CAPN6,-0.1132843250063487
CAPN7,-0.1427613228545568
CAPN8,-0.1095779154782818
CAPN9,0.1472940694558674
CAPNS1,0.2895061833543897
CAPNS2,-0.0418365974190674
CAPRIN1,-0.0093889650418849
CAPRIN2,0.0173837679412666
CAPS,0.2143372113859542
CAPS2,-0.0445082824633576
CAPSL,0.0111331980607828
CAPZA1,0.2073984133538648
CAPZA2,0.0263294480116762
CAPZA3,-0.2121610062164844
CAPZB,1.3031421531712764
CARD10,0.06017432176568
CARD11,0.1411320373578798
CARD14,-0.0386842486775061
CARD16,0.2702218048374005
CARD18,-0.0056225682274822
CARD19,0.036546142663799
CARD6,0.1287536352036623
CARD8,0.0404758852583288
CARD9,-0.0587579967676958
CARF,0.0229709100934031
CARHSP1,-0.0851767164365193
CARM1,0.4420474714139459
CARMIL1,0.1028375317848328
CARMIL2,0.0073304074538429
CARMIL3,0.1083071682684798
CARNMT1,0.0271412422343803
CARNS1,0.1447218288235432
CARS1,1.590752326011724
CARS2,0.3084682460330843
CARTPT,0.0723222230129815
CASC3,0.2196921637485642
CASD1,0.0350130009686384
CASK,-0.0804396111625723
CASKIN1,0.13908817116401
CASKIN2,0.0423824119331602
CASP1,0.135699549302615
CASP10,0.041003106795053
CASP14,0.0444710448778332
CASP2,-0.1831655977247065
CASP3,-0.0894654815614844
CASP4,0.0874513070424303
CASP5,0.0925905807993545
CASP6,-0.1005241226567727
CASP7,0.038461459879484
CASP8,-0.026176792025543
CASP9,0.0602671095314251
CASQ1,-0.0140148713535473
CASQ2,-0.0877567956362736
CASR,0.0274590567520258
CASS4,0.0753120660486827
CAST,0.1912282133741401
CASTOR1,0.0564295985822773
CASTOR2,-0.0630955700243319
CASZ1,0.1062688370863321
CAT,-0.0876886945564737
CATIP,-0.1151468767071909
CATSPER1,0.1009033156746295
CATSPER2,0.1077993499372317
CATSPER3,0.1648029689704739
CATSPER4,-0.0884818844331796
CATSPERB,-0.139567845419695
CATSPERD,0.2633770683528503
CATSPERE,0.0049605539150589
CATSPERG,0.1789910477413817
CAV1,-0.0896931120884606
CAV2,0.0026171274431931
CAV3,-0.0935973874383825
CAVIN1,0.0682628032149556
CAVIN2,0.0068275313651539
CAVIN3,0.0462148649301365
CAVIN4,-0.0575317789115841
CBARP,-0.0235041372292874
CBFA2T2,-0.05453035322206
CBFA2T3,-0.1337842442447731
CBFB,0.3056933698973137
CBL,-0.0604821115115973
CBLB,-0.1462124090323112
CBLC,0.0902544505526312
CBLIF,-0.0062999924731328
CBLL1,0.4182540946590107
CBLL2,-0.0201526816069095
CBLN1,0.2883394861444913
CBLN2,0.1152932945972234
CBLN3,0.1360229830454653
CBLN4,-0.0475714462139454
CBR1,-0.0708776342792674
CBR3,0.0169843452882109
CBR4,0.0589935923962041
CBS,-0.0191248736710095
CBX1,0.3103794319247175
CBX2,-0.1151536767413078
CBX3,-0.0219817894458758
CBX4,-0.0725186101154531
CBX5,0.1688054673604159
CBX6,-0.0116910568598322
CBX7,-0.0927189621621882
CBX8,-0.0156618947865509
CBY1,0.0558784784639565
CBY2,-0.0032952013922125
CBY3,0.1860738281045492
CC2D1A,0.0330724009054366
CC2D1B,0.1643940845071179
CC2D2A,0.0558314468463367
CC2D2B,0.0572669694825863
CCAR1,0.9699216937014984
CCAR2,-0.0541244043150098
CCBE1,-0.0416421549719405
CCDC102A,0.1345592453405881
CCDC102B,-0.066651050998866
CCDC106,0.1787402298488302
CCDC107,0.5264501812845221
CCDC110,-0.1637498533840767
CCDC112,-0.0118910213249415
CCDC116,0.05750133728646
CCDC117,0.1280089037559902
CCDC12,0.5745302608861108
CCDC120,-0.045645582591738
CCDC121,0.1369523323846352
CCDC122,-0.1510261134888021
CCDC124,0.0344017628307751
CCDC125,0.0533176145782073
CCDC126,-0.0689744465243029
CCDC127,-0.1049023972417503
CCDC13,-0.023303640790379
CCDC134,-0.0870133064176151
CCDC136,-0.0477990747169559
CCDC137,0.2677645621305368
CCDC138,0.0922551885226161
CCDC14,0.0873820916572002
CCDC141,-0.2599145315849184
CCDC142,0.3817292898646734
CCDC144A,0.189605693306475
CCDC146,-0.0571482778949704
CCDC148,-0.0173388626709832
CCDC149,-0.1342806958406874
CCDC15,-0.2405596349457449
CCDC150,-0.0345753535643465
CCDC152,-0.1784909115407726
CCDC154,-0.1578230741360213
CCDC157,-0.1287429517197214
CCDC158,0.083214284217519
CCDC159,-0.2559013387337346
CCDC160,0.0285682625726468
CCDC163,0.0782136499798554
CCDC166,-0.0886391711246919
CCDC167,0.0713372035810891
CCDC168,0.0212386675313843
CCDC169,-0.1322750838854305
CCDC17,0.2488997620399221
CCDC170,-0.1740984603892593
CCDC171,0.0287245724999774
CCDC172,-0.1120760614643854
CCDC174,0.726919064783777
CCDC175,-0.0397063748446499
CCDC177,0.0293135336692039
CCDC178,0.0464710861251924
CCDC179,0.0044090229173822
CCDC18,-0.0311484215533706
CCDC180,0.0196041566783518
CCDC181,0.0412975875809177
CCDC182,0.1510689215466126
CCDC183,-0.1558608055280074
CCDC184,0.2252679871487732
CCDC185,-0.0713578207923169
CCDC186,-0.1653416338323699
CCDC187,-0.0226131847170577
CCDC188,-0.0931810441995924
CCDC190,-0.0197839638647761
CCDC191,0.0635488099259516
CCDC192,-0.1195578732431907
CCDC194,-0.2405043265606448
CCDC196,0.1674031489951408
CCDC197,-0.0913676761234903
CCDC198,0.0040958998000509
CCDC200,0.0212538130261368
CCDC22,0.0165916960035788
CCDC24,0.1495208795527084
CCDC25,-0.0817737243876548
CCDC27,0.0140323849475532
CCDC28A,-0.275943210813019
CCDC28B,0.153192604959578
CCDC3,-0.1716972424189729
CCDC30,0.2179613828786148
CCDC32,0.1371879608090518
CCDC33,-0.0077778913580862
CCDC34,-0.0037615255265962
CCDC38,0.0191562592771648
CCDC39,-0.0275283828917667
CCDC40,-0.075348637398232
CCDC42,-0.2276966067777801
CCDC43,0.4523519248127255
CCDC47,0.181243559617759
CCDC50,-0.1442255768897205
CCDC51,0.2430360109468001
CCDC54,-0.1241627172463544
CCDC57,0.1173841948401881
CCDC59,1.0805313040990496
CCDC6,0.6231419013956628
CCDC60,-0.055752908836769
CCDC61,0.06002377672607
CCDC62,0.1441643493486089
CCDC63,-0.0007658181898216
CCDC65,0.0723922671902454
CCDC66,0.0393337951401387
CCDC68,-0.2962036951336219
CCDC69,-0.0733685695862665
CCDC7,-0.081104261844524
CCDC70,0.0125256745841694
CCDC71,0.159461041045074
CCDC71L,0.1486071526366761
CCDC73,-0.1311312874954555
CCDC74A,0.1937957682880655
CCDC74B,0.3581192873294307
CCDC77,-0.0142496160233565
CCDC78,0.2729228949571539
CCDC8,0.1095061527621113
CCDC80,-0.0108950150450646
CCDC81,0.0689509162962217
CCDC82,-0.0440968788572003
CCDC83,-0.0400344263731285
CCDC85A,0.0017695270611611
CCDC85B,0.1818063879811517
CCDC85C,-0.0286182604134848
CCDC86,0.8591034330908216
CCDC87,0.1308835235133233
CCDC88A,0.0330405160126698
CCDC88B,0.1364367441459918
CCDC88C,-0.0436714283603767
CCDC89,0.0246228922154457
CCDC9,0.195816654802457
CCDC90B,0.1653416259037929
CCDC91,-0.1006689272086293
CCDC92,-0.0454870272633136
CCDC92B,-0.0695955788881179
CCDC93,0.0267594042747444
CCDC97,-0.0390300446105657
CCDC9B,0.0242316586493157
CCER1,-0.0770313270551662
CCER2,0.0550235916401176
CCHCR1,-0.1122274911849321
CCIN,0.1837250031248404
CCK,-0.089327901356913
CCKAR,-0.0979622631635971
CCKBR,0.0483980372424274
CCL1,0.1735610749206756
CCL11,-0.1010956874143227
CCL13,0.0484498491734289
CCL14,-0.026903598358855
CCL15,-0.0148824794066492
CCL16,0.0102959400950361
CCL17,0.0483914154559991
CCL18,-0.0174823530404125
CCL19,-0.0172948196024049
CCL2,-0.1017988836650781
CCL20,-0.2064987744548577
CCL21,0.0323846483274966
CCL22,-0.1050288950542235
CCL23,-0.0205784783293144
CCL24,-0.1700533966306653
CCL25,0.0315105774241768
CCL26,0.0788626073375202
CCL27,0.0637799199506108
CCL28,-0.1223602028201723
CCL3,-0.0444190233107696
CCL3L3,0.2253317387188716
CCL4,0.3638076605309861
CCL4L2,0.1303774100120678
CCL5,0.2349106271589848
CCL7,0.1001287186575331
CCL8,-0.0643093680518231
CCM2,0.1255518743074515
CCM2L,-0.0046809284699175
CCN1,0.0774858920179085
CCN2,0.0092895768411037
CCN3,-0.0095915251725151
CCN4,-0.2315989837557963
CCN5,0.0598524810112681
CCN6,-0.1283106583955602
CCNA1,-0.0937951284024798
CCNA2,2.010735742491518
CCNB1,1.069640081329167
CCNB1IP1,0.2332266308392492
CCNB2,-0.0032974536749771
CCNB3,-0.1302854239235549
CCNC,0.4053589142652686
CCND1,0.5143725992716026
CCND2,0.1567679090179392
CCND3,0.1400473677797369
CCNDBP1,0.0718295782474049
CCNE1,0.6399025016802928
CCNE2,0.2137123388457314
CCNF,0.0671691472460697
CCNG1,0.0684277565660234
CCNG2,-0.2545180483029859
CCNH,1.3734943942976303
CCNI,0.0309250379973288
CCNI2,-0.0384908927642736
CCNJ,0.0899633459751976
CCNJL,-0.0687140557025926
CCNK,1.5703213604728847
CCNL1,1.3943336113474063
CCNL2,0.2539052226790769
CCNO,0.1399027562757045
CCNP,0.2516098902721108
CCNQ,0.0828199044589923
CCNT1,0.1792827641552935
CCNT2,0.2726445929111522
CCNY,-0.0884041907396459
CCNYL1,-0.0148014285287392
CCP110,0.3319950538616669
CCPG1,-0.0690045451531125
CCR1,-0.0373496064324216
CCR10,0.2370127858040831
CCR2,0.1257554731773047
CCR3,0.0595792456247111
CCR4,0.0378210151119453
CCR5,0.0654413608526667
CCR6,-0.0522565401183873
CCR7,0.0272483684857046
CCR8,0.0347671201490905
CCR9,-0.0661519459199819
CCRL2,0.0422950010502625
CCS,0.1449676339200238
CCSAP,0.1879446656462992
CCSER1,-0.1356712595834178
CCSER2,-0.1296592086346137
CCT2,1.5178052983085797
CCT3,2.9544692810869173
CCT4,2.745958482612388
CCT5,1.5970448706337046
CCT6A,1.419135466351893
CCT6B,0.2360800870588533
CCT7,1.0285731554174051
CCT8,1.824580659976414
CCT8L2,0.1366843039661183
CD101,0.1337464102093317
CD109,-0.0992916644561405
CD14,0.0212493078460923
CD151,-0.0973063433922514
CD160,0.1857530199565991
CD163,0.0503519723881195
CD163L1,-0.1489841509859408
CD164,0.2542373440296271
CD164L2,0.0550112250437144
CD177,0.1792441865763042
CD180,-0.0290176089195605
CD19,0.0218365294927175
CD1A,-0.0555090614315725
CD1B,-0.0672213216729892
CD1C,-0.1117358223387773
CD1D,0.2031453960801506
CD1E,0.0298102292769089
CD2,-0.0811882810153577
CD200,-0.1422283091786762
CD200R1,0.0639029234531381
CD200R1L,0.0331107542628841
CD207,0.2109762080283627
CD209,0.0953231434369273
CD22,0.0264515275358465
CD226,-0.2153749618088553
CD24,-0.0626373875610182
CD244,-0.1038933992977183
CD247,-0.1281893351478882
CD248,0.0498623836225574
CD27,0.123188038025193
CD274,-0.2359922211086361
CD276,0.3174958897172157
CD28,-0.041078794009677
CD2AP,-0.1020823765248414
CD2BP2,0.6691771571935705
CD300A,-0.0309734366820261
CD300C,0.0449310776852618
CD300E,0.0864438991676424
CD300H,0.0426326059318747
CD300LB,0.0257388039913485
CD300LD,-0.0352217467569982
CD300LF,0.0656987495209062
CD300LG,0.1131377665340993
CD302,0.0574132368060934
CD320,0.1430649223933336
CD33,-0.1171962356813059
CD34,-0.0786881332217614
CD36,-0.1359836654900145
CD37,0.1033242274840148
CD38,0.0167195632792361
CD3D,0.1126187205195063
CD3E,0.0368403283505142
CD3G,0.0351346758027487
CD4,-0.0351113766677384
CD40,-0.0019931931593738
CD40LG,-0.1121458424760432
CD44,0.0865831240495932
CD46,-0.0258668544873473
CD47,-0.0648358195712073
CD48,0.0211152116100789
CD5,0.113364199516087
CD52,0.0871191854439063
CD53,0.0583333514774649
CD55,0.0795704857685323
CD58,0.1432883853942205
CD59,-0.0250273921499512
CD5L,0.1297696647707222
CD6,0.0490234192075811
CD63,0.0898984027554097
CD68,0.0035057190633544
CD69,-0.1448687014765586
CD7,0.1377664736412632
CD70,0.0146851398935039
CD72,-0.046276871734402
CD74,-0.0785202372157347
CD79A,-0.195416050488926
CD79B,0.131734563649074
CD80,0.0346933561052851
CD81,0.0082812035624117
CD82,0.052820392269471
CD83,-0.0088359896708889
CD84,-0.1912261093287502
CD86,0.0759717059459873
CD8A,-0.0612660861485421
CD8B,-0.1274129929168613
CD9,0.0088172103319773
CD93,-0.0099296420497295
CD96,0.091755831111279
CD99,-0.144431537575608
CD99L2,-0.0207418284182507
CDA,-0.0726422890787984
CDADC1,-0.0566863199571575
CDAN1,0.8725346286942076
CDC123,2.7514624061134367
CDC14A,0.1798511282583547
CDC14B,0.0336809526656468
CDC14C,0.4191729853900687
CDC16,2.817915551657874
CDC20,2.1172615606081124
CDC20B,0.158039783950091
CDC23,2.676627343173501
CDC25A,0.408678340122827
CDC25B,0.2297390221385936
CDC25C,0.1303615636127542
CDC26,0.8845262886966856
CDC27,2.727750646048238
CDC34,-0.1450553766831937
CDC37,1.5830446235218103
CDC37L1,-0.0459744247975583
CDC40,0.9790965471936798
CDC42,1.2531972076886888
CDC42BPA,0.0370842819989205
CDC42BPB,0.0044307748808085
CDC42BPG,0.0126632129202245
CDC42EP1,0.0125355523441049
CDC42EP2,0.0504033631850877
CDC42EP3,-0.0005282116587049
CDC42EP4,0.3175770920483388
CDC42EP5,-0.037984482434988
CDC42SE1,0.4669275798849782
CDC42SE2,-0.0127248065959857
CDC45,3.070849895396452
CDC5L,1.955780488544573
CDC6,1.582928053492345
CDC7,1.98502844519159
CDC73,1.3601505030213212
CDCA2,0.1300528165334773
CDCA3,0.3419432491233035
CDCA4,-0.0105372563580191
CDCA5,1.1340849329882858
CDCA7,-0.108519016361993
CDCA7L,0.1397920241234192
CDCA8,1.8672602535499483
CDCP1,0.0529083131056179
CDCP2,0.1221923345700654
CDH1,0.0583720975353298
CDH10,-0.1913179390610631
CDH11,0.0246879197732683
CDH12,-0.1114039829710677
CDH13,-0.1772725353995609
CDH15,0.1601021607462901
CDH16,-0.116779518943
CDH17,-0.0663194429294948
CDH18,0.0726830030430994
CDH19,-0.036969142447739
CDH2,0.1784710911903392
CDH20,-0.1048844425890814
CDH22,0.046436794856015
CDH23,0.1178092875867483
CDH24,0.2952222179109337
CDH26,0.0962038544770756
CDH3,0.0036047014869714
CDH4,-0.1123860631178808
CDH5,0.1600476408490481
CDH6,-0.0224640695360836
CDH7,-0.0564184026824316
CDH8,-0.1799023057558983
CDH9,-0.0230840917038587
CDHR1,-0.0557631155260681
CDHR2,-0.0078781858239325
CDHR3,-0.1120248202096715
CDHR4,0.1198871324151787
CDHR5,-0.0617924008923966
CDIN1,0.1835889330779562
CDIP1,-0.0161471686180974
CDIPT,2.147137853727382
CDK1,2.701988602382202
CDK10,0.2045152912397836
CDK11A,0.5001008719920468
CDK11B,0.4242861249590425
CDK12,0.6480109502163833
CDK13,0.4111900323293285
CDK14,-0.1879890139540392
CDK15,-0.1169631254208375
CDK16,0.1022926310035947
CDK17,-0.0255790555912126
CDK18,0.0662924933513676
CDK19,0.0245975099594271
CDK2,1.730955760643067
CDK20,0.0517516861023819
CDK2AP1,0.1526400941460622
CDK2AP2,0.1946663212075358
CDK3,0.1119714409432632
CDK4,0.4993127900737433
CDK5,0.1277726568947468
CDK5R1,-0.0686335848498414
CDK5R2,0.0317199550265661
CDK5RAP1,0.0123233590038915
CDK5RAP2,0.1522807595530751
CDK5RAP3,0.2305650497689841
CDK6,0.0365362593507015
CDK7,2.2856904214804894
CDK8,0.21890608194437
CDK9,1.8970841977472623
CDKAL1,0.1275095519905247
CDKL1,0.0913209786026286
CDKL2,0.1799431073709353
CDKL3,0.1310037794407567
CDKL4,-0.0516478446206795
CDKL5,-0.0359472507676608
CDKN1A,-0.1170622170891559
CDKN1B,0.041216622235354
CDKN1C,-0.0851523970034183
CDKN2A,-0.3498401233215288
CDKN2AIP,0.1171093104516234
CDKN2AIPNL,0.2444288519662021
CDKN2B,0.0376666383070733
CDKN2C,-0.0936222746143946
CDKN2D,-0.0169396646689828
CDKN3,0.0585625347194156
CDNF,-0.1779557200568848
CDO1,-0.00859267318532
CDON,-0.0173115388071418
CDPF1,0.136398295417189
CDR2,0.0090276167075463
CDR2L,0.0897991214345433
CDRT15,0.1237914399556707
CDRT15L2,0.1097389407249752
CDRT4,-0.3196449621499636
CDS1,0.0984003861684333
CDS2,1.5979540188767969
CDSN,0.146495748457227
CDT1,2.0976201921529354
CDV3,0.3159021574025034
CDX1,-0.1100048051486459
CDX2,0.0852153345509853
CDX4,0.1753464670263285
CDYL,0.3392860128115398
CDYL2,-0.0585934362489976
CEACAM1,-0.0485351246945201
CEACAM16,0.0693606128364476
CEACAM19,-0.0795833864004715
CEACAM20,-0.1088772853688071
CEACAM21,-0.034740230239712
CEACAM3,0.0508262830085349
CEACAM4,-0.0363217201509224
CEACAM5,-0.0517961862961033
CEACAM6,0.3639137752763202
CEACAM7,0.053745599231859
CEACAM8,-0.1372429661510106
CEBPA,0.0937237135638378
CEBPB,0.3173024489761282
CEBPD,0.1386774412211181
CEBPE,0.2210795730196795
CEBPG,-0.0396612356170387
CEBPZ,1.396585371813497
CEBPZOS,0.2883898515922298
CECR2,0.411137667548224
CEL,0.0181326900149669
CELA1,0.153862358966245
CELA2A,0.1271648180768328
CELA2B,-0.0503540519122911
CELA3A,0.0778714925753341
CELA3B,-0.0498274863444717
CELF1,0.4622430540675887
CELF2,0.1477286867483626
CELF3,0.0547126999915904
CELF4,-0.0643979607257692
CELF5,0.0848400879647922
CELF6,-0.0743795864982738
CELSR1,-0.0962230516309364
CELSR2,0.1530533666855406
CELSR3,0.1336938756553401
CEMIP,0.0480787136086577
CEMIP2,-0.0573286966870024
CEMP1,0.1378661002234259
CENATAC,1.5547923021697765
CEND1,0.1028852614809721
CENPA,1.671022643357731
CENPB,-0.0636274009363393
CENPC,0.6169704105677748
CENPE,0.7491845086816283
CENPF,0.2547032776933057
CENPH,0.8378007818713089
CENPI,0.7023306258191881
CENPK,1.6795931203630483
CENPL,0.7363650983164323
CENPM,1.313097724626486
CENPN,1.318359709850637
CENPO,-0.0175035526537676
CENPP,0.1045793488575486
CENPQ,-0.1813453181955929
CENPT,0.7669986310132081
CENPU,0.020670600435455
CENPV,0.2416396447253298
CENPW,2.403948676087573
CENPX,0.2615333601563754
CEP104,0.181750157378342
CEP112,0.0789434290772804
CEP120,0.0496935028592555
CEP126,0.0449942419285345
CEP128,-0.2006190385311631
CEP131,0.3548159024578143
CEP135,0.2953436120162625
CEP15,-0.1629906072524826
CEP152,0.3165744721295971
CEP162,-0.0755192759135
CEP164,-0.2437168074942697
CEP170,0.1459014409859585
CEP170B,0.0042875843831101
CEP19,-0.1496153893944911
CEP192,0.8888283620871322
CEP20,0.0334718266947546
CEP250,0.0255006411700461
CEP290,0.1811105918444778
CEP295,0.1539277278104754
CEP295NL,-0.1219786846371336
CEP350,0.1912061018876551
CEP41,0.0220295558709395
CEP43,0.3866088442161216
CEP44,-0.1578381861752811
CEP55,-0.0793530104604522
CEP57,0.1734081526949581
CEP57L1,-0.0687373068925181
CEP63,0.0733888084854264
CEP68,0.2523303951485873
CEP70,0.1015125129079073
CEP72,0.097573036160144
CEP76,-0.066704514131123
CEP78,0.1779700432041727
CEP83,-0.0486300496583887
CEP85,0.3906253794631415
CEP85L,0.1534971836834206
CEP89,0.1599539725803611
CEP95,-0.0668720101447442
CEP97,0.2796946377570391
CEPT1,0.1900124687835931
CER1,-0.0462013819716089
CERCAM,0.1231858110309399
CERK,0.1372095691699223
CERKL,-0.0401499010341325
CERS1,0.1033741569297897
CERS2,0.2013076079018309
CERS3,-0.0915694645500128
CERS4,0.0618581993823796
CERS5,0.0991763251887877
CERS6,0.0135014621628748
CERT1,0.1103249400190577
CES1,0.0641791726227608
CES2,0.103088792329731
CES3,0.0065763717515805
CES4A,0.0461962287654978
CES5A,0.0462022681216543
CETN1,-0.1403671301803604
CETN2,-0.054479387110742
CETN3,0.03176668664903
CETP,0.0556298577160577
CFAP100,0.1318367519709571
CFAP107,0.0389542127098034
CFAP119,0.0628856972815831
CFAP126,0.0324096392129097
CFAP141,0.0812372322849162
CFAP144,0.1094697412677695
CFAP157,-0.1383836579494957
CFAP161,0.0759653042377569
CFAP184,0.0198369691335678
CFAP20,0.6899001396796056
CFAP206,0.0017160726109583
CFAP20DC,-0.1313482282639944
CFAP210,-0.1799968377615022
CFAP221,0.1910872718259994
CFAP251,0.0523635976570174
CFAP263,-0.0083709050154248
CFAP276,0.0891066970889161
CFAP298,1.745407383703924
CFAP299,-0.0292442142262751
CFAP300,0.217352166870997
CFAP36,0.031545877912578
CFAP410,-0.0105424962067723
CFAP418,0.1946774065368368
CFAP43,0.014230677913672
CFAP44,0.1774343412868617
CFAP45,-0.0047706801129672
CFAP46,-0.0382870389084727
CFAP47,-0.0868042792496509
CFAP52,-0.0592185093318942
CFAP53,-0.1162484732704599
CFAP54,0.1446261000819454
CFAP57,0.1385629426097341
CFAP58,0.0455284241947012
CFAP61,-0.0207763147843073
CFAP65,-0.0878642671021535
CFAP68,-0.0923220569626325
CFAP69,0.1378920903876756
CFAP70,0.0417321477621367
CFAP73,-0.0964313340911245
CFAP74,0.0477960685093979
CFAP77,0.0901236620140691
CFAP90,-0.1781977835067089
CFAP91,-0.1149767491700507
CFAP92,0.0173406885074833
CFAP95,-0.0243348245768633
CFAP96,-0.2545723219213549
CFAP97,-0.1730899424670553
CFAP97D1,0.3606912262828362
CFAP97D2,0.0031812951669362
CFB,0.2371605107797057
CFC1,0.1879195216203564
CFC1B,0.0771653557492455
CFD,-0.0221221279737457
CFDP1,0.662342822460529
CFH,0.0131116681053576
CFHR1,-0.2876509162971576
CFHR2,-0.0794716842026309
CFHR3,-0.0349069079519413
CFHR4,-0.0990343431481675
CFHR5,-0.1701202059647159
CFI,-0.0915347871048172
CFL1,1.0123936529043869
CFL2,0.0286568953788603
CFLAR,0.8426616332589024
CFP,-0.0081047330902713
CFTR,-0.0219893766991593
CGA,-0.1238337584048608
CGAS,0.1718185795805729
CGB7,-0.1172165210272641
CGGBP1,0.1327941139147923
CGN,0.0673841817520232
CGNL1,-0.0164884514472436
CGREF1,-0.2485398381150508
CGRRF1,0.1084154119500083
CH25H,0.0008214430709678
CHAC1,0.025488221507604
CHAC2,0.0100806985820698
CHAD,0.191268062158227
CHADL,-0.0373502240513502
CHAF1A,1.4312987994086093
CHAF1B,3.271435007383917
CHAMP1,0.0549400712018852
CHAT,0.0111450819223048
CHCHD1,0.5756838156056947
CHCHD10,0.2645554554445803
CHCHD2,0.5026006074701129
CHCHD3,0.2809083680546361
CHCHD4,1.4068593558118094
CHCHD5,0.327281611156368
CHCHD6,0.0132382132232142
CHCHD7,-0.0510464706987947
CHCT1,-0.0724691727251229
CHD1,0.1029600003616706
CHD1L,0.1549137101568257
CHD2,0.0574471987345642
CHD3,0.0911189402902756
CHD4,1.720695077337627
CHD5,-0.2045654184147949
CHD6,0.0350789996115854
CHD7,0.0315769422645351
CHD8,0.4919419645822371
CHD9,0.0245576819260304
CHDH,-0.0155838385466106
CHEK1,1.7061898188502873
CHEK2,-0.1105614307786605
CHERP,1.5262172180100386
CHFR,0.1278102512709877
CHGA,-0.0636135554966162
CHGB,0.016415898926619
CHI3L1,-0.0307852578552361
CHI3L2,0.0982608679115947
CHIA,0.0073579758939501
CHIC1,-0.0517180374570077
CHIC2,0.0760858679839953
CHID1,0.0459142935157455
CHIT1,-0.0005103717435886
CHKA,0.3492761047171838
CHKB,0.0860808305418191
CHL1,-0.034472188149069
CHLSN,0.1355091930794955
CHM,0.0471289385937594
CHML,-0.0596704654572349
CHMP1A,0.3109446441380187
CHMP1B,-0.0360035994683153
CHMP2A,2.5267817492356093
CHMP2B,0.0322613375921586
CHMP3,1.3899894751252813
CHMP4A,0.1104520402184629
CHMP4B,1.6669715101288511
CHMP4C,0.1328288013374525
CHMP5,0.753193534793198
CHMP6,1.8626140089184413
CHMP7,1.1230572881018768
CHN1,-0.1544156363837982
CHN2,-0.0080830350409109
CHODL,0.0229607872630571
CHORDC1,1.3044139739932703
CHP1,0.0203360327658996
CHP2,0.0491442331663325
CHPF,0.0465246192442085
CHPF2,0.0934005672963307
CHPT1,0.0551042213562903
CHRAC1,0.103201158465015
CHRD,-0.0731079095757393
CHRDL1,-0.0169359109734227
CHRDL2,-0.0389930740879739
CHRFAM7A,-0.0699717495550336
CHRM1,-0.0046658516248748
CHRM2,0.1029573530329947
CHRM3,-0.0704733017880258
CHRM4,0.011964753068066
CHRM5,-0.0030618867524269
CHRNA1,0.0412440002834601
CHRNA10,0.0864198143658381
CHRNA2,-0.0213155782934009
CHRNA3,-0.0952045416791769
CHRNA4,0.0747845526291914
CHRNA5,0.0886057229055306
CHRNA6,-0.0363284598798367
CHRNA7,0.0093996522981776
CHRNA9,0.0766170970037
CHRNB1,-0.0739372947857014
CHRNB2,-0.0058506635823645
CHRNB3,-0.0360219393653858
CHRNB4,-0.1928991360264952
CHRND,0.1400894296731451
CHRNE,-0.0202039431562448
CHRNG,0.3105878055348101
CHST1,-0.1398766452837994
CHST10,0.1378154002536478
CHST11,0.0234544746186097
CHST12,-0.0830227445795661
CHST13,-0.0221362062061427
CHST14,-0.0626773096737754
CHST15,-0.2269215472952655
CHST2,0.1720729324760105
CHST3,-0.0210191350922939
CHST4,0.180766350094021
CHST5,-0.0724237190475257
CHST6,-0.0417496993947919
CHST7,0.0469897767156998
CHST8,0.2489969497231138
CHST9,-0.0371041609141533
CHSY1,-0.0980004466276251
CHSY3,0.0008773044183229
CHTF18,0.9526771725682126
CHTF8,1.4260959445362693
CHTOP,0.4561882161927912
CHUK,0.2051583035932267
CHURC1,0.2038645557623531
CIAO1,2.1967984472663424
CIAO2A,0.3276939715625976
CIAO2B,2.2639691231387573
CIAO3,2.6259730706442217
CIAPIN1,1.5163647655703656
CIART,0.061329300315345
CIB1,-0.1168022741328219
CIB2,0.1060371885379853
CIB3,-0.0751482410192143
CIB4,0.1165060809075919
CIBAR1,-0.0184702369899623
CIBAR2,0.0961893638391884
CIC,0.1372930874832713
CIDEA,-0.0170807291903925
CIDEB,0.074245306786866
CIDEC,0.0470316867308471
CIITA,-0.1079462484117209
CILK1,0.0897790434480722
CILP,0.0330503940294648
CILP2,0.172394951050967
CIMAP1A,0.0046593866611455
CIMAP1B,0.0132143573860928
CIMAP1C,-0.1212433134595061
CIMAP1D,-0.1891086539072533
CIMAP2,0.0816250643619077
CIMAP3,0.2032190660510782
CIMIP1,-0.0638975434320907
CIMIP2A,0.1587389761576636
CIMIP2B,0.0070811727160436
CIMIP2C,0.1225864020530262
CIMIP3,-0.294493279646832
CIMIP4,-0.0344303043477048
CIMIP5,-0.0921938223598547
CIMIP6,0.0404466324239675
CIMIP7,-0.0845963672562524
CINP,1.1958083574895966
CIP2A,0.5614223445624398
CIPC,-0.0390064974568815
CIRBP,-0.009307480608489
CIROP,-0.1174291972391605
CIROZ,0.1462868386968265
CIRSR,0.2823719263526302
CISD1,-0.0652771147087182
CISD2,0.0247260447109059
CISD3,0.1500047312257463
CISH,0.0417372958172939
CIT,0.0647564228072382
CITED1,-0.056240861617648
CITED2,0.0206491209398197
CITED4,0.2095102290842164
CIZ1,0.1979329316482913
CKAP2,0.295718796688517
CKAP2L,0.1190227890333853
CKAP4,-0.0936373028083791
CKAP5,1.5498104862896227
CKB,-0.1603294875231709
CKLF,-0.0141702472361436
CKM,-0.0603334286672709
CKMT2,-0.1456025898227936
CKS1B,0.6738986466514187
CKS2,0.3420630388731328
CLASP1,0.1026526427022479
CLASP2,-0.0551026624997979
CLASRP,0.4701476503436016
CLBA1,-0.1386970547918496
CLC,0.0504320225515753
CLCA1,-0.1364957691936484
CLCA2,0.0053103860793586
CLCA4,-0.0811835342316436
CLCC1,0.3107960214420072
CLCF1,-0.047383177260473
CLCN1,0.0551845116782695
CLCN2,-0.0228347245427554
CLCN3,-0.0948579532472196
CLCN4,-0.0770853910988779
CLCN5,-0.0289559420531521
CLCN6,0.1612071115084583
CLCN7,0.1211004735741588
CLCNKA,-0.1027057474591633
CLCNKB,0.0027197961974811
CLDN1,-0.0929621368424336
CLDN10,-0.0622992871160754
CLDN11,-0.0057858455615193
CLDN12,0.0249665686862442
CLDN14,-0.0112931818870283
CLDN15,-0.044296301306715
CLDN16,-0.1377717754473086
CLDN17,-0.1520015023935824
CLDN18,0.1200286061923223
CLDN19,0.1992844843706774
CLDN2,-0.1866756326359955
CLDN20,-0.0499746451653745
CLDN22,-0.0663692793390177
CLDN23,-0.1051657679122534
CLDN24,-0.1314705788983621
CLDN25,0.0218112487287839
CLDN3,-0.2752359836804011
CLDN34,-0.1684498588410023
CLDN4,-0.054714655672528
CLDN5,0.0045598451112713
CLDN6,0.3553685620023431
CLDN7,0.1406067027194777
CLDN8,-0.1705977847790232
CLDN9,0.2129493012167706
CLDND1,0.1161767877624735
CLDND2,0.0261430393418188
CLEC10A,-0.1862600365262641
CLEC11A,-0.0976267644079093
CLEC12A,0.0498069322353033
CLEC12B,0.0488864518429433
CLEC14A,0.1077014379291793
CLEC16A,-0.0597700317231985
CLEC17A,-0.1274739044617687
CLEC18A,0.2604101300471487
CLEC18B,0.2807151734753345
CLEC19A,0.0146519921556565
CLEC1A,0.0135019430510574
CLEC1B,-0.1146879461040694
CLEC20A,0.0478269758207482
CLEC2A,-0.0189247415682658
CLEC2B,-0.1937981527771024
CLEC2D,-0.0866108678925241
CLEC2L,-0.0070297526810476
CLEC3A,-0.143687358152401
CLEC3B,-0.1528842173924469
CLEC4A,-0.0557535846130081
CLEC4C,-0.0204373765922673
CLEC4D,0.0696397871662642
CLEC4E,0.0837582910029069
CLEC4F,0.0559967624868833
CLEC4G,0.1615651620452615
CLEC4M,-0.0935504294271163
CLEC5A,-0.0592659408443591
CLEC6A,-0.0418119345493247
CLEC7A,-0.2264537918938602
CLEC9A,-0.1369108528627202
CLGN,-0.0063745023975377
CLHC1,0.1364967003431339
CLIC1,0.0297202225364843
CLIC2,-0.134692481833049
CLIC3,-0.0740985804884128
CLIC4,-0.1239072319100763
CLIC5,-0.0454156213720575
CLIC6,-0.2297729067719943
CLINT1,-0.0291314570303643
CLIP1,-0.0571668474734787
CLIP2,0.0271884574384371
CLIP3,0.0979807319095899
CLIP4,-0.1205182218176752
CLK1,0.120061181207169
CLK2,0.2376942895831837
CLK3,0.1804370060732751
CLK4,0.1828107350409133
CLMN,-0.0865516343696672
CLMP,-0.059590808480668
CLN3,0.0526073829597348
CLN5,0.0407122434017259
CLN6,0.0993236440369147
CLN8,-0.1626401358196343
CLNK,-0.0503667157418081
CLNS1A,2.753867451720667
CLOCK,-0.0828149474071727
CLP1,1.8994383126233207
CLPB,0.1899147691772081
CLPP,0.2645342141868854
CLPS,0.0640935882890899
CLPSL1,-0.1890926684862449
CLPSL2,-0.0423399804930156
CLPTM1,0.1145599262756543
CLPTM1L,-0.0257032734587377
CLPX,0.340303418727693
CLRN1,-0.0074077745879842
CLRN2,0.0454727060059382
CLRN3,-0.0039642773573791
CLSPN,0.9253340176043612
CLSTN1,0.1685437375472591
CLSTN2,-0.0968265416469928
CLSTN3,0.1092779416099798
CLTA,-0.1521629737711944
CLTB,0.2310214092958687
CLTC,1.4607639266508854
CLTCL1,0.2691996069769739
CLTRN,-0.046644193464001
CLU,-0.0777828288535663
CLUAP1,-0.0008081692317759
CLUH,0.5660733639130594
CLUL1,-0.1186418494694471
CLVS1,0.0367649259869811
CLVS2,-0.1005280356517271
CLXN,-0.0134517976916949
CLYBL,-0.1004954212209566
CMA1,0.127727252797875
CMAS,0.1586493237469737
CMBL,-0.0749185689626276
CMC1,0.2110407755819127
CMC2,0.0728456365897989
CMC4,-0.0949922538216369
CMIP,0.3342426372065801
CMKLR1,0.1169767090922615
CMKLR2,-0.051108655243861
CMPK1,0.9429385179334062
CMPK2,0.1470938786072773
CMSS1,-0.2161621594915274
CMTM1,0.0058760106800443
CMTM2,0.0895531548951258
CMTM3,0.0431092968651195
CMTM4,-0.1223784116917708
CMTM5,0.1114860043421201
CMTM6,0.1128817538014097
CMTM7,-0.0267545058284414
CMTM8,0.1114156833926067
CMTR1,0.9730592331848062
CMTR2,0.1528137376499047
CMYA5,-0.071820375640721
CNBD1,-0.1240165540545995
CNBD2,0.037869082526078
CNBP,0.198422695592752
CNDP1,-0.1590789780499331
CNDP2,0.0562757046924897
CNEP1R1,0.293938803707376
CNFN,0.1318014311039614
CNGA1,0.0117784618200007
CNGA2,-0.0200116383403883
CNGA3,0.1849466635526948
CNGA4,-0.027745261584722
CNGB1,-0.1460647795857111
CNGB3,-0.1180419053914774
CNIH1,0.1727098851341313
CNIH2,0.2126625520699853
CNIH3,-0.1032323659835277
CNIH4,0.5274748906979152
CNKSR1,0.0149598831632809
CNKSR2,0.0712197789435267
CNKSR3,-0.0689249598201129
CNMD,-0.0040341739244831
CNN1,0.0082715612761333
CNN2,0.1400694664483538
CNN3,0.0354470974915914
CNNM1,0.0270272978871826
CNNM2,0.0645064304518289
CNNM3,0.045163399642781
CNNM4,0.1243045713130698
CNOT1,0.698587151157246
CNOT10,0.1298150032121053
CNOT11,0.3280348743463496
CNOT2,0.5564580015401732
CNOT3,1.6567676979116186
CNOT4,-0.0204930777876726
CNOT6,0.2466504501560174
CNOT6L,0.2238161791921313
CNOT7,0.3306893431344644
CNOT8,-0.0909566725122477
CNOT9,0.6154918981896255
CNP,0.1258016178467132
CNPPD1,-0.1611496234425372
CNPY1,-0.0573724641141386
CNPY2,0.2029778712421488
CNPY3,-0.0201693531329552
CNPY4,0.1652471825390032
CNR1,-0.0662641348655025
CNR2,0.0555711964311237
CNRIP1,-0.1918723780705739
CNST,-0.0811468672514139
CNTD1,-0.008630784131679
CNTF,0.0671901842543162
CNTFR,0.0478763456599026
CNTLN,0.0452222267780399
CNTN1,0.1446762264024316
CNTN2,0.1775841685567849
CNTN3,0.0221810047214353
CNTN4,-0.1377425773529254
CNTN5,0.0678482784537835
CNTN6,-0.0085929420085478
CNTNAP1,0.2300863632156627
CNTNAP2,0.1518865436174534
CNTNAP3,0.0244237949739191
CNTNAP3B,-0.1818363129292896
CNTNAP4,-0.1007113560472425
CNTNAP5,0.0303659114612015
CNTRL,0.2124512633223919
CNTROB,0.0360386509743042
COA1,0.0501633239090641
COA3,0.3280231493876979
COA4,0.0508976559131943
COA5,0.5809822850324006
COA6,0.4752543378019864
COA7,0.4578825962066156
COA8,0.0460057243450767
COASY,1.062505123136793
COBL,-0.0399673055347513
COBLL1,-0.0055204106263614
COCH,0.2969006657945054
COG1,0.8231928334535143
COG2,0.5649084666396026
COG3,1.1003750809246806
COG4,0.5720345440750398
COG5,0.5083792951966875
COG6,0.5629724040539876
COG7,0.606023774732654
COG8,0.7073348343969338
COIL,0.4242009216846849
COL10A1,-0.0820273423485203
COL11A1,0.1058377910946146
COL11A2,0.0045240114440058
COL12A1,-0.0055855518267459
COL13A1,-0.0666786631063234
COL14A1,-0.010882303805789
COL15A1,0.0191690179001267
COL16A1,-0.1695401813793028
COL17A1,0.0341124580581741
COL18A1,0.076418772165521
COL19A1,-0.0137050072127574
COL1A1,0.0186587669966688
COL1A2,0.0032990498653902
COL20A1,-0.0759446301158392
COL21A1,0.0263583744586515
COL22A1,-0.1399554062165402
COL23A1,-0.0534225915064915
COL24A1,0.1301036961221416
COL25A1,0.0354024668148988
COL26A1,0.0400520809149652
COL27A1,-0.0249704925762534
COL28A1,-0.1861622913673062
COL2A1,-0.0688503354278351
COL3A1,0.0146648830136002
COL4A1,-0.072335249828809
COL4A2,-0.0869434181014194
COL4A3,0.0194932729436776
COL4A4,-0.0988060538835946
COL4A5,-0.2041669071696543
COL4A6,-0.0999762917962768
COL5A1,-0.0300872981181038
COL5A2,0.0349143948061838
COL5A3,-0.1644322752537378
COL6A1,-0.0405959332397287
COL6A2,-0.0813288493521807
COL6A3,-0.1187425725949325
COL6A5,0.0541994969144403
COL6A6,0.1427198260393103
COL7A1,0.244769705817807
COL8A1,-0.2547443442511673
COL8A2,-0.0218085155375022
COL9A1,-0.0360652385960812
COL9A2,-0.0368144503832487
COL9A3,0.2614736645455962
COLEC10,-0.1310746558501734
COLEC11,-0.030630513306411
COLEC12,-0.1675722543322912
COLGALT1,0.0408753108821949
COLGALT2,-0.0101231262220351
COLQ,-0.0914307936369511
COMMD1,0.1049240238276959
COMMD10,0.0143667643538435
COMMD2,0.1127937681757233
COMMD3,-0.0603575173224709
COMMD4,-0.0314410930521651
COMMD5,0.3156023696783346
COMMD6,0.1631383184474581
COMMD7,0.085749187573828
COMMD8,0.1728355083625444
COMMD9,0.0709248452508893
COMP,0.0028690012634282
COMT,0.1430991128329379
COMTD1,0.2379654612997198
COP1,0.2932156992851204
COPA,2.276911594444714
COPB1,2.977286110525713
COPB2,2.423052430004258
COPE,2.032707321511767
COPG1,2.0702379039021004
COPG2,0.008875336212779
COPRS,0.1883750928897372
COPS2,1.3221097819142185
COPS3,1.1387666548679576
COPS4,1.384253851609968
COPS5,1.9962420207517009
COPS6,2.345274183822541
COPS7A,-0.0212472386792034
COPS7B,-0.1170111873395494
COPS8,1.3594853118238013
COPS9,0.1450573113211317
COPZ1,1.3217881747929403
COPZ2,-0.0525475134227327
COQ10A,0.1201653224914688
COQ10B,-0.030440705611003
COQ2,0.4704693821075273
COQ3,0.2718177960871064
COQ4,0.5440767501628105
COQ5,0.3933883692490227
COQ6,0.1477690811727903
COQ7,0.3067174683090226
COQ8A,0.0821375980240847
COQ8B,0.1326296436993833
COQ9,0.1024814867797973
CORIN,-0.016731959775118
CORO1A,0.1468833829685465
CORO1B,0.0043516778496898
CORO1C,0.093257348711564
CORO2A,-0.0628395958580171
CORO2B,-0.0230459986098744
CORO6,0.2384206321456212
CORO7,0.1264091266476555
CORT,0.0169450122049392
COTL1,-0.0192397249246854
COX10,0.5942834578070271
COX11,0.513194220217714
COX14,0.1730013152561228
COX15,0.4501714193978109
COX16,0.2721768223257036
COX17,0.9924949282342492
COX18,0.282407696454061
COX19,0.3650262277437647
COX20,0.4587138969350239
COX4I1,0.3220746304941319
COX4I2,-0.0294616478001429
COX5A,0.5815812046324322
COX5B,0.5794803421163361
COX6A1,0.4103987547916291
COX6A2,0.1528134698649845
COX6B1,0.5576197908428192
COX6B2,0.0155847988289298
COX6C,0.6991719865374102
COX7A1,-0.1615714614444392
COX7A2,0.3418873764387671
COX7A2L,0.0602280108462461
COX7B,0.6146398868787115
COX7B2,-0.0660184046658151
COX7C,1.025606185525557
COX8A,-0.0088814537314867
COX8C,0.0950177599204451
CP,-0.15932939721635
CPA1,-0.0147690500976418
CPA2,0.1311590176912967
CPA3,-0.0785001355761864
CPA4,-0.0514737210897413
CPA5,0.0558563718197371
CPA6,0.1026753208753778
CPAMD8,0.2676276519711051
CPAP,0.4766304897209267
CPB1,0.1184179255180032
CPB2,-0.0348475999923959
CPD,0.2204447453803424
CPE,0.0420623993997894
CPEB1,0.1026394368797399
CPEB2,-0.05068061740304
CPEB3,-0.0055622932830676
CPEB4,0.0346519808586432
CPED1,-0.0253281692343272
CPHXL,-0.1830957051162577
CPLANE1,0.1240004234953516
CPLANE2,0.1554782839270445
CPLX1,-0.0753507636759254
CPLX2,-0.1059294686823319
CPLX3,-0.1469112269653461
CPLX4,-0.3577145193893021
CPM,0.0641295659784874
CPN1,0.006630896768176
CPN2,-0.1627145947888758
CPNE1,0.017362673904103
CPNE2,0.099049165540088
CPNE3,0.057011572118664
CPNE4,0.0125587917089533
CPNE5,0.1114923244156383
CPNE6,0.0993119182450187
CPNE7,0.3024535907578035
CPNE8,-0.0501182592685006
CPNE9,-0.0148130990195287
CPO,-0.1011210405156995
CPOX,0.3637567181556937
CPPED1,-0.0947391975265739
CPQ,0.1496776590780428
CPS1,-0.1378785547573841
CPSF1,1.6339531235930922
CPSF2,1.7320169792627986
CPSF3,1.374276145803928
CPSF4,2.143680947251412
CPSF4L,0.0780138651279349
CPSF6,0.9510343414253324
CPSF7,0.1307383748827575
CPT1A,0.1058575862547633
CPT1B,-0.0205699015825439
CPT1C,-0.0146742066855294
CPT2,0.1610449948728607
CPTP,-0.2233586119519028
CPVL,-0.0844548434121315
CPXCR1,-0.1363796535329406
CPXM1,-0.1284232510842914
CPXM2,-0.0492262471106604
CPZ,0.0389587806340074
CR1,-0.357314336257628
CR1L,0.3320379381658982
CR2,-0.0735087177723396
CRABP1,-0.1461115834596506
CRABP2,0.115632539563145
CRACD,0.1527865958579554
CRACDL,0.2831266776323684
CRACR2A,-0.0094443158365952
CRACR2B,0.0579372723124388
CRADD,0.0487900064972042
CRAMP1,0.3035311258359667
CRAT,-0.0651973009492454
CRB1,-0.0926149584081948
CRB2,0.1443485038346477
CRB3,0.0366821533642913
CRBN,0.0448737631000679
CRCP,2.163261402307776
CRCT1,0.3390856726093806
CREB1,0.015201207175187
CREB3,0.2555445205248478
CREB3L1,-0.131725889863919
CREB3L2,-0.0053968123122919
CREB3L3,0.0230149672757683
CREB3L4,0.1204444035162741
CREB5,-0.1783370421580551
CREBBP,0.1131596375665066
CREBL2,0.0029805309788018
CREBRF,0.0648731188507908
CREBZF,0.1875782275979381
CREG1,0.0500414229045609
CREG2,0.0518021581109903
CRELD1,-0.0571009519831017
CRELD2,-0.0019955283886543
CREM,-0.2136715765480132
CRH,0.1800350038543337
CRHBP,-0.0181957382106324
CRHR1,0.0211573221326039
CRHR2,-0.0540594856682624
CRIM1,-0.0079777661456183
CRIP1,-0.0452971846018357
CRIP2,-0.0725250313951023
CRIP3,0.1110120214199355
CRIPT,0.3746072780879295
CRIPTO,0.5140479080020655
CRISP1,0.0029590617099584
CRISP2,-0.0833930331607033
CRISP3,-0.1596289907494008
CRISPLD1,-0.0418109038874209
CRISPLD2,-0.077217906648043
CRK,0.0521564301067788
CRKL,0.2794218886351672
CRLF1,-0.0349388777330495
CRLF2,-0.024781102802326
CRLF3,0.0259075242212613
CRLS1,1.074709627272317
CRMP1,0.0283240110009792
CRNKL1,1.9202919773321472
CRNN,0.1214833514072197
CROCC,0.2780000163093385
CROCC2,-0.3203492832565273
CROT,-0.1199817901214936
CRP,0.1306389279153061
CRTAC1,-0.0246597265102692
CRTAM,0.0155372421236886
CRTAP,0.0605467303906819
CRTC1,0.0541686217227765
CRTC2,0.29748224719043
CRTC3,0.1481974448061205
CRX,0.1510268412464667
CRY1,-0.1434962659958814
CRY2,0.0074557269776351
CRYAA,-0.0945370963162161
CRYAB,0.0946984240331298
CRYBA1,0.0036282122181596
CRYBA2,0.0458141712703653
CRYBA4,0.0478948597654805
CRYBB1,-0.092814349480836
CRYBB2,-0.098334329036309
CRYBB3,0.1489685994114791
CRYBG1,-0.016694309186197
CRYBG3,0.1507026269004643
CRYGA,0.1148370357943998
CRYGB,0.0968478856935942
CRYGC,0.0092870894788808
CRYGD,0.3799276422018555
CRYGN,-0.1033158777808148
CRYGS,-0.0763061401497975
CRYL1,-0.1827069718761658
CRYM,-0.2207120982131906
CRYZ,-0.132247253997194
CRYZL1,-0.0223606707717955
CS,0.5087396616370864
CSAD,0.0426167010497245
CSAG1,-0.2361853029867425
CSAG2,0.0440550826296072
CSDC2,0.0937525941482762
CSDE1,-0.0449047618060372
CSE1L,2.1389419718485385
CSF1,0.0093545947700868
CSF1R,-0.1383332106903908
CSF2,-0.0573598479194643
CSF2RA,-0.1716040487747158
CSF2RB,0.0501552626780352
CSF3,0.0116704529865215
CSF3R,0.0757436938055195
CSGALNACT1,0.0017320907331905
CSGALNACT2,0.0326142518034867
CSH2,0.5061455939820971
CSHL1,0.1088007391991238
CSK,0.2533199392238677
CSKMT,0.2422069634472225
CSMD1,-0.0045374366977915
CSMD2,-0.0182581543150666
CSMD3,0.0848397514874275
CSN1S1,-0.1586862731751342
CSN2,-0.0579757343975714
CSN3,-0.0089685150080794
CSNK1A1,0.4874657733317108
CSNK1A1L,-0.0327073203093705
CSNK1D,0.0305276210938178
CSNK1G1,0.0428486446826805
CSNK1G2,0.0531012018856821
CSNK1G3,-0.1071749158994216
CSNK2A1,-0.0043379136303117
CSNK2A2,-0.0465547581707403
CSNK2A2IP,-0.1720219194912949
CSNK2A3,-0.0708943386340928
CSNK2B,1.1820811112996057
CSPG4,0.0664041821418509
CSPG5,-0.0632528290153302
CSPP1,0.0663900741070745
CSRNP1,0.0122042760365552
CSRNP2,0.0045513920035031
CSRNP3,-0.0840444828126982
CSRP1,0.001174604217729
CSRP2,0.092489150433395
CSRP3,-0.0665776430985153
CST1,-0.0439811802304671
CST11,-0.0947421479945213
CST2,0.0244350359516586
CST3,0.1268092397518871
CST4,0.066345031050676
CST5,-0.0402875277938436
CST6,-0.1502428038562889
CST7,-0.0246417916519586
CST8,-0.0438450840640132
CST9,-0.1094038498240785
CST9L,-0.1370133122328715
CSTA,0.1419509026686938
CSTB,0.0016110479356077
CSTF1,1.5016083339016713
CSTF2,0.0470329624969433
CSTF2T,0.2496897989342205
CSTF3,1.5698012999669202
CSTL1,-0.0388905966073762
CSTPP1,0.0055629813228511
CT45A1,-0.0024097849774176
CT45A10,0.2214481567792359
CT47B1,0.0461863452167278
CT55,-0.1093823414340135
CT83,-0.1648783944544415
CTAG2,-0.0873120574394472
CTAGE1,0.025832549592009
CTAGE9,0.632003808501254
CTBP1,-0.0978815982567952
CTBP2,0.3618704511492576
CTBS,-0.0228429312088738
CTC1,0.1843159499417236
CTCF,1.5807333055443091
CTCFL,-0.1338803117828358
CTDNEP1,0.6967652672921008
CTDP1,1.746639306128872
CTDSP1,0.0575113119844235
CTDSP2,0.2170667115826237
CTDSPL,-0.2492842980287851
CTDSPL2,0.0747314689536628
CTF1,0.0460257881711932
CTH,-0.0208398448433263
CTHRC1,0.001190053316616
CTIF,-0.1024341157134285
CTLA4,-0.0528586239747063
CTNNA1,-0.0160404523426364
CTNNA2,0.2179537380157459
CTNNA3,0.0150806137303835
CTNNAL1,-0.1136206782716704
CTNNB1,0.2226768636591708
CTNNBIP1,0.1080286504369121
CTNNBL1,1.7747914918927
CTNND1,0.0944738981578588
CTNND2,-0.0168503371816025
CTNS,-0.0179241896204443
CTPS1,0.8385563864921391
CTPS2,0.061481176389594
CTR9,1.383920905604733
CTRB1,0.1576506325569197
CTRB2,0.3260364105966863
CTRC,-0.0354891740440595
CTRL,-0.0542873509182936
CTSA,0.0381199281233688
CTSB,-0.0385326503689919
CTSC,-0.0794492473624825
CTSD,-0.0656471914206497
CTSE,-0.0861770318377662
CTSF,0.1515759884888512
CTSG,-0.0247768250942625
CTSH,0.1672136847069582
CTSK,0.1841854843406107
CTSL,0.0132595636029314
CTSO,-0.0025121251042606
CTSS,0.0114503037645845
CTSV,0.024597930485291
CTSW,0.0311038565542984
CTSZ,0.0598762204384341
CTTN,0.1333430865747538
CTTNBP2,0.0026536293776361
CTTNBP2NL,-0.0098257175977772
CTU1,0.2481930112026633
CTU2,0.5295247297810388
CTXN1,0.4533638086667095
CTXN2,-0.0464891039311017
CTXN3,0.0410315202930791
CTXND1,-0.5433175892139619
CUBN,0.0551800523979442
CUEDC1,0.1900173032330582
CUEDC2,-0.1835641429944526
CUL1,1.3271480843381558
CUL2,0.1777786685285093
CUL3,0.7124554854795302
CUL4A,0.0440122614198498
CUL4B,-0.1133535492783044
CUL5,-0.1652193658319267
CUL7,0.1642462594889266
CUL9,0.0795773306060868
CUTA,0.2511674002372714
CUTC,0.1204844070765617
CUX1,-0.1324387808369038
CUX2,0.0503994968441161
CUZD1,-0.0628914583222668
CWC15,0.4205766125729866
CWC22,1.1871245998053406
CWC25,0.6147266070589397
CWC27,0.0373780830144473
CWF19L1,0.1937543211721074
CWF19L2,0.8715631630006335
CWH43,-0.12363093110444
CX3CL1,-0.1289750003207022
CX3CR1,-0.0635827385993191
CXADR,0.3289159620389663
CXCL1,0.1569260870846771
CXCL10,-0.099504610643768
CXCL11,-0.0213888396142705
CXCL12,0.0431568657472695
CXCL13,-0.0701503446141839
CXCL14,0.0464001758288184
CXCL16,0.1204816251037769
CXCL17,0.0416316291614294
CXCL2,0.1917276085065844
CXCL3,-0.0187254138531475
CXCL5,-0.0507218691683345
CXCL6,-0.1473330447022372
CXCL8,-0.1020550435659064
CXCL9,-0.0837095600321617
CXCR1,-0.056957190679255
CXCR2,-0.002673044333861
CXCR3,-0.0186820881603204
CXCR4,0.0205648750966817
CXCR5,-0.1617810513761495
CXCR6,-0.0685175936029847
CXXC1,0.684175567076462
CXXC4,0.0043061738076639
CXXC5,-0.1325927415892012
CXorf38,-0.0641535150707575
CXorf58,0.044856352121487
CXorf65,-0.0876276814580724
CXorf66,-0.1415380880640354
CYB561,0.2744213826443908
CYB561A3,0.0767727256873823
CYB561D1,0.3318068018256931
CYB561D2,0.1708734055005804
CYB5A,-0.0725188497280011
CYB5B,0.2041146618704911
CYB5D1,-0.0816655337854029
CYB5D2,0.1005027091564045
CYB5R1,-0.0822642080783703
CYB5R2,-0.0405655720486341
CYB5R3,-0.0413190365263898
CYB5R4,0.2615174864847615
CYB5RL,-0.1380662272896568
CYBA,0.0296764127183883
CYBB,-0.0597196154293231
CYBC1,0.1443105206010282
CYBRD1,0.0444365671446527
CYC1,0.5659532356042901
CYCS,1.1972124225006044
CYFIP1,0.3172213328914248
CYFIP2,0.0534679782907589
CYGB,0.0129348365888582
CYLC1,-0.1626652868090382
CYLC2,-0.1066931667186491
CYLD,0.1849757457940403
CYP11A1,0.0941492527594093
CYP11B1,0.0522119260008371
CYP11B2,0.0001225228737145
CYP17A1,0.0285588822062892
CYP19A1,0.0959060091388148
CYP1A1,-0.073860017260305
CYP1A2,0.0596213256931725
CYP1B1,-0.0450154934483018
CYP20A1,-0.0750442168241991
CYP21A2,0.2233710829253833
CYP24A1,-0.0602854180068411
CYP26A1,0.2888598976483324
CYP26B1,-0.0849704719340672
CYP26C1,0.0443718237332495
CYP27A1,-0.0975094461755838
CYP27B1,0.4219835978866484
CYP27C1,0.0027777075609132
CYP2A13,0.3157894145006253
CYP2A6,0.0260774218294958
CYP2A7,-0.0990889010648217
CYP2B6,-0.0146991691704508
CYP2C18,0.0552389128871956
CYP2C19,0.0117002882519892
CYP2C8,0.0010505866980862
CYP2C9,-0.0146436629832382
CYP2D6,-0.0283859497693998
CYP2E1,-0.0301024287201136
CYP2F1,0.1596337769286831
CYP2J2,0.0825999407863155
CYP2R1,-0.1735428556975998
CYP2S1,0.0640430255144746
CYP2U1,0.1564807224883301
CYP2W1,0.031984234774799
CYP39A1,-0.2138751676985601
CYP3A4,0.0267255860315085
CYP3A43,0.0801042686174982
CYP3A5,-0.0380384413655537
CYP3A7,-0.1139857385880074
CYP46A1,-0.0355734978252027
CYP4A11,-0.0178990045219256
CYP4A22,-0.0720707147282312
CYP4B1,0.1115131316786552
CYP4F11,0.2413362206676484
CYP4F12,-0.0594192308347738
CYP4F2,0.2479925215030405
CYP4F22,-0.0044913756912419
CYP4F3,-0.0889141039864468
CYP4F8,-0.2686777891543643
CYP4V2,-0.2003985333760129
CYP4X1,0.1696121935309116
CYP4Z1,0.0725947146355439
CYP51A1,-0.0417576598076868
CYP7A1,-0.0756351218560792
CYP7B1,-0.1069033024274796
CYP8B1,-0.0013610463330598
CYREN,0.0324414826196965
CYRIA,-0.094163186890706
CYRIB,0.0226621935448608
CYS1,0.461482486084401
CYSLTR1,0.0472228689091279
CYSLTR2,0.0128402583202095
CYSRT1,0.0165934456092453
CYSTM1,-0.0834766012924509
CYTH1,-0.0642259124231837
CYTH2,0.0359858249980085
CYTH3,0.0320320752342504
CYTH4,0.0132786141990857
CYTIP,0.0496730963883535
CYTL1,-0.1624320474807799
CYYR1,-0.138516367654978
CZIB,0.2093312092175153
D2HGDH,0.1058490326414451
DAAM1,-0.0658696084924017
DAAM2,-0.0986985581340673
DAB1,0.1082279448053489
DAB2,-0.1235494379204394
DAB2IP,-0.1779013658107151
DACH1,0.1507017471573122
DACH2,-0.022535557579934
DACT1,-0.0603983131903342
DACT2,-0.0798776286791298
DACT3,0.2381857563020311
DAD1,2.5330387402297667
DAG1,0.1025474157382562
DAGLA,0.0578838551341181
DAGLB,0.1208734456569239
DALRD3,0.128274172406337
DAND5,0.0906358766765563
DAO,0.0305087548361115
DAOA,0.0414354730201769
DAP,0.0925001706000164
DAP3,0.9667735863242704
DAPK1,-0.0610233480398419
DAPK2,0.1004849002323114
DAPK3,0.0928546770923174
DAPL1,-0.0117885997189853
DAPP1,0.0202666355399422
DARS1,1.9078076118443783
DARS2,0.4340086750858981
DAW1,-0.0158934121879734
DAXX,0.2480478771359963
DAZAP1,0.2375844985466771
DAZAP2,0.1803871914649466
DAZL,0.0234206924808177
DBF4,0.4607949880487368
DBF4B,0.0525850069826187
DBH,-0.1107486350741569
DBI,0.2603843825833721
DBN1,-0.0246808081089076
DBNDD1,0.1820899167109366
DBNDD2,-0.1104546676236807
DBNL,-0.0033698820498913
DBP,0.189853710122348
DBR1,3.4716282554281013
DBT,0.2100231294932002
DBX1,-0.1962518044850721
DBX2,0.2464336399668224
DCAF1,1.8589514931043416
DCAF10,0.2587323148571423
DCAF11,0.0954218072262755
DCAF12,0.1029933578955104
DCAF12L1,-0.1606623238133291
DCAF12L2,-0.0493952587528087
DCAF13,1.7317605783763992
DCAF15,0.0216795118868794
DCAF16,-0.0231055631570913
DCAF17,-0.0044597715914868
DCAF4,0.1836261651527429
DCAF4L1,0.0303145269953619
DCAF4L2,0.0775349453384483
DCAF5,0.069679616055972
DCAF6,0.3352643017272678
DCAF7,-0.1280751122020373
DCAF8,0.0640718127012829
DCAF8L1,-0.0900674226910785
DCAF8L2,0.0019304421607686
DCAKD,0.1989992236459297
DCANP1,-0.0278315761599571
DCBLD1,-0.1033202118901251
DCBLD2,-0.1866896214946873
DCC,-0.0722873731579467
DCD,0.0533195194823862
DCDC1,-0.1877091322647704
DCDC2,0.0094827874763499
DCDC2B,0.1587055859005906
DCDC2C,-0.1641897516372499
DCHS1,0.1642324276537539
DCHS2,-0.1655329406591511
DCK,-0.0419562399572013
DCLK1,0.0797917877574033
DCLK2,0.1092315855145998
DCLK3,0.0199645047464522
DCLRE1A,-0.1296231143353947
DCLRE1B,0.9508382716931416
DCLRE1C,-0.1144907809585511
DCN,-0.0980997383592279
DCP1A,0.144757521619416
DCP1B,-0.0722880040405717
DCP2,0.2211136935363181
DCPS,0.4469027657956531
DCST1,0.1766218029975814
DCST2,0.2215573896088296
DCSTAMP,-0.2402563552737457
DCT,0.0558560644807859
DCTD,0.0923435228241228
DCTN1,0.7106527171762251
DCTN2,0.7737927685209813
DCTN3,0.7589537006231931
DCTN4,0.8656701199096541
DCTN5,1.572092150373726
DCTN6,1.6764027799307537
DCTPP1,0.144275798465772
DCUN1D1,-0.0694385225291304
DCUN1D2,-0.0418084016825808
DCUN1D3,-0.0998294602637819
DCUN1D4,-0.032034715269928
DCUN1D5,0.1188258389991812
DCX,-0.1257301809839241
DCXR,0.0669717549738261
DDA1,0.2537696105395722
DDAH1,-0.0913653624256544
DDAH2,-0.0017153717370352
DDB1,2.8252100429827034
DDB2,0.1732243953022474
DDC,-0.0449758719617089
DDHD1,0.0097836901607758
DDHD2,-0.0308823921517272
DDI1,-0.0072348120554597
DDI2,0.9956979209102524
DDIAS,-0.0611812166334466
DDIT3,0.1645980052897907
DDIT4,-0.0139325904373193
DDIT4L,6.686565442576287e-05
DDN,0.4202718507684412
DDO,-0.0080610483006902
DDOST,1.110070300344168
DDR1,-0.0059629475057414
DDR2,0.1281737893950878
DDRGK1,0.2418723680708128
DDX1,0.715195463653758
DDX10,1.685594158121518
DDX11,2.1142916749265863
DDX17,0.1884662705325334
DDX18,1.4485918311892854
DDX19A,0.3042858648842279
DDX19B,0.2598828574218312
DDX20,1.3383907927111487
DDX21,1.698525136006695
DDX23,1.4105346203262945
DDX24,1.2360218500442512
DDX25,-0.1147018499675427
DDX27,1.4291276718801629
DDX28,0.782518628884669
DDX31,0.0853389755263075
DDX39A,0.0297882889608741
DDX39B,0.4553164808691359
DDX3X,1.445331853096085
DDX3Y,-0.3312136068054122
DDX4,0.0750588430589357
DDX41,1.908808757216352
DDX42,1.7921159757734766
DDX43,0.1503314989499798
DDX46,0.866515005541366
DDX47,2.424058879763812
DDX49,2.902828469890021
DDX5,1.013061372325082
DDX50,0.3134234413208949
DDX51,1.595220011987214
DDX52,0.974870301922902
DDX53,0.0971019074706905
DDX54,1.963192450795264
DDX55,1.7916376039624704
DDX56,2.490526247895817
DDX59,1.2882031031194194
DDX6,0.9342116960384528
DDX60,-0.1960443712238918
DDX60L,-0.1019474893105464
DEAF1,0.0202591070915429
DECR1,0.050897600329611
DECR2,-0.0055476206227641
DEDD,-0.0828108055017239
DEDD2,-0.0747964152355247
DEF6,-0.1543472878014035
DEF8,0.0838703118573824
DEFA4,0.0101741464153571
DEFA5,-0.0667818514328301
DEFA6,-0.1088982868736413
DEFB1,-0.0518024367134735
DEFB108B,-0.4056881014710661
DEFB110,-0.1765692995633918
DEFB112,-0.0198184316665405
DEFB113,-0.0519150554360332
DEFB114,0.0678919877630761
DEFB115,0.0798308149315703
DEFB116,0.0552265477639806
DEFB118,-0.0355560078917239
DEFB119,-0.1058467496911761
DEFB121,-0.0416143952779518
DEFB123,-0.0925526515274022
DEFB124,-0.0775774260739854
DEFB125,-0.074087722272052
DEFB126,-0.0337957528930038
DEFB127,-0.0718246346258964
DEFB128,0.0097575197133857
DEFB129,0.1257478941618726
DEFB131A,-0.0431921810887239
DEFB131B,0.2650566005295188
DEFB132,-0.0768190155183255
DEFB134,-0.0292660933389344
DEFB135,0.1146194438600426
DEFB136,-0.0049559939022362
DEFB4A,-0.1169061152446763
DEFB4B,0.1696427367130427
DEGS1,-0.0153420739186088
DEGS2,-0.0583929230695999
DEK,-0.0707992086216864
DELE1,0.0514034057308622
DENND10,0.1379053090541174
DENND11,0.0841576549410255
DENND1A,-0.0435345806194957
DENND1B,0.0180190296730188
DENND1C,0.2474966714753543
DENND2A,0.2293770969077034
DENND2B,-0.0727065951951351
DENND2C,0.205412192793034
DENND2D,0.129014673278014
DENND3,-0.130903254231683
DENND4A,0.1115314016183337
DENND4B,0.1785290389434331
DENND4C,-0.0640524923186483
DENND5A,0.2301938734226823
DENND5B,-0.0260995964489828
DENND6A,-0.0859362465330822
DENND6B,0.054587169937693
DENR,1.1606915749139497
DEPDC1,0.2976525636786742
DEPDC1B,-0.0328296753641023
DEPDC4,-0.086468737961121
DEPDC5,-0.1541812237421527
DEPDC7,-0.073592012181344
DEPP1,0.0134251325982194
DEPTOR,0.0327065705207566
DERA,-0.0385450480417594
DERL1,0.1685847980107995
DERL2,0.3777286992510648
DERL3,0.065773468258492
DERPC,-0.0245826690547556
DES,-0.0051736752975424
DESI1,0.1016066978935043
DESI2,-0.0103974110349998
DET1,0.0902778895561594
DEUP1,-0.0292493959052774
DEXI,0.034956395555361
DFFA,0.0900019690116386
DFFB,0.2855414305011286
DGAT1,-0.0767884590048991
DGAT2,-0.1447863143500755
DGAT2L6,0.007208474251109
DGCR2,0.0952094459651946
DGCR6,0.3293912967974425
DGCR6L,0.2225949110341909
DGCR8,0.4250393942952199
DGKA,0.239986707280549
DGKB,-0.0118725083154164
DGKD,0.1468045649114847
DGKE,0.163334397798302
DGKG,-0.1822148471425326
DGKH,0.0832680952631423
DGKI,0.0047984015961198
DGKK,-0.0519932456636744
DGKQ,-0.0923876364649237
DGKZ,0.1284788084032683
DGLUCY,-0.0447039645439917
DGUOK,-0.146135288145061
DHCR24,0.0216926694508545
DHCR7,0.0789082266423996
DHDDS,2.446581431802884
DHDH,-0.0257216288983051
DHFR,0.7802394242356172
DHFR2,0.2659184153369176
DHH,0.1607125356366108
DHODH,0.3058431799180092
DHPS,0.9310952241870092
DHRS1,0.2115294870338306
DHRS11,0.0550962978319104
DHRS12,0.1097361133707246
DHRS13,0.0276249903395476
DHRS2,-0.0080790315840723
DHRS3,0.0282098489507503
DHRS4,0.2408588901132533
DHRS4L2,0.2332905476872279
DHRS7,0.1548401905919102
DHRS7B,0.2829015012413409
DHRS7C,-0.0573495819328727
DHRS9,-0.1535803683724193
DHRSX,0.9615621501017644
DHTKD1,-0.054233873613754
DHX15,1.6811812503521024
DHX16,1.0055434298118515
DHX29,0.4703465624935269
DHX30,0.5355571823857093
DHX32,0.0649112655181157
DHX33,2.0571326951244333
DHX34,-0.000912132749481
DHX35,0.0961843437495824
DHX36,0.8242727835455378
DHX37,2.3983962054616
DHX38,0.5437075068801589
DHX40,0.4573411637354172
DHX57,0.1809197438782677
DHX58,0.031906161814361
DHX8,1.9552438469529063
DHX9,0.7452320958851617
DIABLO,0.1515888726730053
DIAPH1,0.1900371119509323
DIAPH2,0.1277829964500617
DIAPH3,0.2048672690427202
DICER1,0.2682461678803786
DIDO1,0.243927731947634
DIMT1,1.1172267592739735
DIO1,-0.002291280887868
DIO2,0.0594112347166462
DIO3,0.0498409400263965
DIP2A,0.0610705641133729
DIP2B,0.1929697188829041
DIP2C,-0.042798531018373
DIPK1A,0.2476864415247724
DIPK1B,0.0194376234805039
DIPK1C,-0.1909989298977061
DIPK2A,-0.0957739405782089
DIPK2B,0.03607759364278
DIRAS1,-0.0744755599367629
DIRAS2,-0.0781677328968429
DIRAS3,0.1058759612293222
DIS3,1.014915029298205
DIS3L,0.0962174897266996
DIS3L2,-0.1591654084282396
DISC1,-0.0333399112347713
DISP1,0.0788366287662758
DISP2,0.0783969710270938
DISP3,-0.2208434047774144
DIXDC1,0.0815155032771923
DKC1,1.430522291108105
DKK1,0.1483582138960625
DKK2,-0.0002982681561089
DKK3,0.0980305935477824
DKK4,0.0192220166527374
DKKL1,-0.0448997076547892
DLAT,0.1340131892452847
DLC1,-0.0883486589311957
DLD,0.1524440729313392
DLEC1,-0.0778997187253608
DLEU7,-0.0521748865293954
DLG1,-0.1921298884285881
DLG2,-0.0272401665931789
DLG3,-0.0457115736781988
DLG4,0.0741915559816813
DLG5,0.0128668721832615
DLGAP1,-0.2778653604840719
DLGAP2,-0.19799948594577
DLGAP3,0.137055849278847
DLGAP4,-0.0191461732335552
DLGAP5,0.1064398015195807
DLK1,0.1341682316190446
DLK2,0.1649901583178744
DLL1,-0.118796291841841
DLL3,0.0338415971759225
DLL4,0.0409338821189763
DLST,0.2867813503737428
DLX1,0.1166496488858299
DLX2,0.1445851731244767
DLX3,0.267086721831499
DLX4,0.0417840435640313
DLX5,0.1591472861966196
DLX6,0.0317902075884324
DMAC1,0.3213299983383573
DMAC2,0.0700338047294304
DMAC2L,0.0133329460410482
DMAP1,1.5705980739826493
DMBT1,0.063476306290818
DMBX1,-0.0686585840034829
DMC1,-0.074533569190206
DMD,-0.1178802913315948
DMGDH,-0.1046042861749515
DMKN,0.1800362312157791
DMP1,-0.0320315619849016
DMPK,0.0457217229129535
DMRT1,-0.1542212475208789
DMRT2,-0.3073794351445195
DMRT3,-0.2540014311524144
DMRTA1,-0.1107759974109734
DMRTA2,0.163198130799037
DMRTB1,-0.1501790499012502
DMRTC2,0.1781088462543281
DMTF1,-0.1081540593795606
DMTN,0.008864268084902
DMWD,0.063728155299879
DMXL1,0.0327272007802249
DMXL2,-0.0340975944498763
DNA2,2.7538139318111523
DNAAF1,-0.0734234563950605
DNAAF10,1.8566817048895257
DNAAF11,-0.0851250972685803
DNAAF19,-0.0384384839965621
DNAAF2,0.1295581996351519
DNAAF3,-0.0891967800295537
DNAAF4,0.0640442404785167
DNAAF5,0.6219814081897499
DNAAF6,-0.1926113581890929
DNAAF8,-0.0017425682144565
DNAAF9,0.0615240477052327
DNAH1,-0.0669220175171601
DNAH10,0.1819415235295952
DNAH11,-0.0444762685455698
DNAH12,-0.1467206150804811
DNAH14,-0.0747768028055007
DNAH17,-0.0844093292386636
DNAH2,0.0667059779145059
DNAH3,-0.020625591455851
DNAH5,0.0302541950108787
DNAH6,-0.1236578397092021
DNAH7,0.1827588037809344
DNAH8,0.1330856459144309
DNAH9,0.0303764556256196
DNAI1,0.1108907468391871
DNAI2,-0.0210265943221495
DNAI3,0.0618549951624057
DNAI4,0.1224282933890612
DNAI7,-0.0882768583914724
DNAJA1,0.4130703058510702
DNAJA2,0.0921913694884938
DNAJA3,1.249129954584039
DNAJA4,-0.0641704179033872
DNAJB1,0.2102948642972333
DNAJB11,0.2921953591487748
DNAJB12,0.3486880856231637
DNAJB13,0.0422037957236691
DNAJB14,-0.1535236784752923
DNAJB2,-0.063200074668377
DNAJB4,0.0014345884621586
DNAJB5,0.0267510315280799
DNAJB6,0.2734271690353612
DNAJB7,0.0311745316714127
DNAJB8,0.0655617586109374
DNAJB9,0.0164407116580367
DNAJC1,0.0102022561393018
DNAJC10,0.073477952811403
DNAJC11,0.829553699917603
DNAJC12,0.0237474631021195
DNAJC13,0.5952144330118534
DNAJC14,0.1291835794591368
DNAJC15,-0.072321205566095
DNAJC16,0.0788456930850524
DNAJC17,1.7213313282146852
DNAJC18,-0.0222275171905907
DNAJC19,1.5412078614024405
DNAJC2,0.7373646953200252
DNAJC21,0.1669507319932254
DNAJC22,0.0673797150299329
DNAJC24,0.4957001636250095
DNAJC25,0.0706281302800497
DNAJC27,-0.2542047126612149
DNAJC28,-0.0494862810038989
DNAJC3,0.2641877257410898
DNAJC30,0.1581628296556742
DNAJC4,-0.0159544545119963
DNAJC5,-0.0498484217872374
DNAJC5B,0.0224333687796915
DNAJC5G,0.0550918167191177
DNAJC6,0.0461818842157528
DNAJC7,-0.0397064183455192
DNAJC8,1.0811035944760117
DNAJC9,1.612486224923314
DNAL1,-0.0153599167735649
DNAL4,0.1080534345174475
DNALI1,-0.0305530004665439
DNASE1,0.0815157605219357
DNASE1L1,-0.0687200646573197
DNASE1L2,-0.0273754273733331
DNASE1L3,-0.1287989273419221
DNASE2,0.0696131315436769
DNASE2B,-0.2377508242188714
DND1,0.0898492790316673
DNER,-0.0453548722606448
DNHD1,-0.0269421994756206
DNLZ,0.6083917279103538
DNM1,0.1570196905345094
DNM1L,1.357413721428124
DNM2,1.2222972984200904
DNM3,0.1941001285268252
DNMBP,0.0372905986628196
DNMT1,0.8183058762382447
DNMT3A,-0.1084400230388854
DNMT3B,0.0012413333541426
DNMT3L,-0.0278987989262171
DNPEP,0.0488948648202315
DNPH1,-0.0197429475957778
DNTT,-0.0382794836439655
DNTTIP1,0.1026460248984212
DNTTIP2,0.5227650585904474
DOC2A,0.0496197577178821
DOC2B,-0.1185730618593665
DOCK1,-0.1364622433463596
DOCK10,-0.1202224134610646
DOCK11,0.0346557849939161
DOCK2,-0.0890965884377729
DOCK3,0.0140231728918086
DOCK4,-0.0949669603945968
DOCK5,-0.0932236991837276
DOCK6,0.2225947282783447
DOCK7,0.1475584662970518
DOCK8,0.0324621993156557
DOCK9,-0.1169100826227813
DOHH,0.8512608388656587
DOK1,0.1014317302929443
DOK2,0.0762887537083184
DOK3,-0.0287718653488486
DOK4,0.0464561241758459
DOK5,-0.1123001667008467
DOK6,-0.1018656474525254
DOK7,-0.0638665943836764
DOLK,0.8431244979067283
DOLPP1,0.6453192209890578
DONSON,2.4643254948409625
DOP1A,-0.1508554085979971
DOP1B,-0.0202665104339872
DORIP1,0.0651341804468033
DOT1L,-0.0279302637544246
DPAGT1,3.592961917165328
DPCD,0.1442380793963965
DPEP1,-0.0647817247851704
DPEP2,0.0747796997223652
DPEP2NB,-0.1336328649318023
DPEP3,-0.0105899140055235
DPF1,0.223112528866877
DPF2,0.2990504522949857
DPF3,-0.0856219356212226
DPH1,0.7546817038900975
DPH2,0.4661251959256047
DPH3,0.9123539634235728
DPH5,0.0642227974742152
DPH6,0.743786535498762
DPH7,0.2994629187286781
DPM1,0.3029735014702249
DPM2,0.3185783842714855
DPM3,0.3604461211705973
DPP10,-0.0584499095922954
DPP3,0.1821859226733984
DPP4,-0.0978319878242736
DPP6,-0.0444393050306748
DPP7,0.129681419146098
DPP8,-0.0446815338734902
DPP9,-0.0020434726071076
DPPA2,0.4079883988064052
DPPA3,0.0688485352889352
DPPA4,-0.0503542279789296
DPPA5,0.2448229408689929
DPRX,0.033821237464267
DPT,0.0624164875494345
DPY19L1,-0.023307080939826
DPY19L2,0.2067573266937916
DPY19L3,0.1372930820578782
DPY19L4,0.1526281410128697
DPY30,0.5484208949804505
DPYD,0.1434197467090776
DPYS,-0.2012917901787728
DPYSL2,-0.1191102356892307
DPYSL3,-0.0362619350627841
DPYSL4,-0.0474128422764533
DPYSL5,0.0713858365503418
DQX1,0.1612745495173284
DR1,1.0517119114073108
DRAM1,-0.0242191940442331
DRAM2,0.1494481098082289
DRAP1,0.3435572220792656
DRAXIN,-0.1066118893890584
DRC1,0.136801132077763
DRC12,-0.1537956860807807
DRC3,0.0104486319346597
DRC7,-0.0454139039927776
DRD1,-0.0495171049294101
DRD2,-0.0010274487727697
DRD3,0.0895096295075967
DRD4,-0.077928291941185
DRD5,-0.1150843009076353
DRG1,0.3482431957853253
DRG2,0.1458962465813459
DRGX,0.0313420278627482
DRICH1,0.2069992048398796
DROSHA,0.4434143841657497
DRP2,-0.0812152633402878
DSC1,-0.0029470667780079
DSC2,-0.2043813122524822
DSC3,-0.0456083836829583
DSCAM,0.0915214323583854
DSCAML1,-0.0277120759850655
DSCC1,0.9089963572584068
DSE,-0.03700904662358
DSEL,-0.0473031123621776
DSG1,-0.0198510489945954
DSG2,0.1309254264427666
DSG3,-0.0302760629978678
DSG4,0.0480454963670738
DSN1,1.1042973097086053
DSP,0.0975364051973733
DSPP,-0.021324034117608
DST,0.0435729175574366
DSTN,0.1792026618743387
DSTYK,0.181518302511637
DTD1,0.205121700593436
DTD2,0.2128429824936608
DTHD1,0.0736239669353882
DTL,2.457381849460575
DTNA,0.0011167962099139
DTNB,0.055450516605156
DTNBP1,0.0832803945517292
DTWD1,-0.0520431301244806
DTWD2,0.1350244309260551
DTX1,-0.0337308121277559
DTX2,0.2159997789017183
DTX3,0.05579188609747
DTX3L,0.1032121561618936
DTX4,0.0157652694846666
DTYMK,1.30040650779982
DUOX1,-0.088564076658907
DUOX2,0.1398168366044931
DUOXA1,0.0033422935495857
DUOXA2,0.1389546298231764
DUS1L,0.0539258944652443
DUS2,0.1116013204336333
DUS3L,0.0217864654897814
DUS4L,0.0912720021113603
DUSP1,0.0301347004722136
DUSP10,-0.0647906193347564
DUSP12,0.3515462907526587
DUSP13B,-0.0197455160483778
DUSP14,0.147672507137851
DUSP15,-0.0137599488915678
DUSP16,-0.0315313283801002
DUSP18,-0.0836055756428965
DUSP19,0.0929207376935121
DUSP2,-0.0804881467952485
DUSP21,-0.0093368276639882
DUSP22,0.3047720999338166
DUSP23,0.018099302702464
DUSP26,0.0452733237166652
DUSP28,-0.1032113271354359
DUSP29,0.0386263838093386
DUSP3,0.272987898343067
DUSP4,-0.0547064880211542
DUSP5,-0.0887671301286045
DUSP6,-0.0310306900907197
DUSP7,0.021169190523113
DUSP8,0.0575267619830265
DUSP9,0.0280080987776005
DUT,2.2255485483856887
DUXA,0.2369341373424824
DUXB,-0.5171010737445314
DVL1,0.208810757910848
DVL2,0.0158094726966731
DVL3,-0.0708355162769722
DXO,0.1696204318628799
DYDC1,0.1062153103873251
DYDC2,-0.10339973640337
DYM,0.0314605965951838
DYNAP,-0.0725101049476084
DYNC1H1,2.01403758867205
DYNC1I1,-0.0937358823369723
DYNC1I2,1.4269617865964717
DYNC1LI1,0.0545962897475303
DYNC1LI2,-0.0552859743878753
DYNC2H1,0.0754060606265264
DYNC2I1,-0.2120619330204306
DYNC2I2,-0.0909605044809154
DYNC2LI1,0.0606488015085017
DYNLL1,0.9114401298326698
DYNLL2,0.0168067284591054
DYNLRB1,2.3385537561341803
DYNLRB2,-0.270863190410076
DYNLT1,0.2360084418118275
DYNLT2,-0.0620426413790745
DYNLT2B,-0.0022642596736873
DYNLT3,0.1153653546095738
DYNLT4,0.1075872498101617
DYNLT5,-0.0079718227305347
DYRK1A,0.050005791715275
DYRK1B,0.102159176351657
DYRK2,0.0664793873024052
DYRK3,-0.1383091093530789
DYRK4,0.0563780924006715
DYSF,-0.0430324645786314
DYTN,-0.0956502553446513
DZANK1,-0.08099818564884
DZIP1,-0.042258819996211
DZIP1L,0.0643338015028285
DZIP3,-0.033909520213954
E2F1,0.458554881330291
E2F2,0.0300046793183901
E2F3,1.6885477092856154
E2F4,0.1081849027994564
E2F5,-0.0818574577386198
E2F6,-0.3117863565141794
E2F7,-0.0306637659546365
E2F8,-0.0293367449654509
E4F1,0.4307118100727675
EAF1,-0.0363559177035671
EAF2,0.0571819577663305
EAPP,0.8018627267977588
EARS2,0.7047195566236643
EBAG9,0.0763811146794615
EBF1,0.0652067735735568
EBF2,-0.1110425294689414
EBF3,0.0964336814432114
EBF4,-0.0253018699106384
EBI3,0.1062524174558079
EBLN1,-0.0920169378933972
EBLN2,-0.2860766487800543
EBNA1BP2,1.6427498211239515
EBP,-0.0989507045913757
EBPL,0.1535889259215331
ECD,1.5589751799959188
ECE1,0.0732046085088373
ECE2,-0.0937757266545531
ECEL1,-0.0024960944196178
ECH1,0.0363259629708319
ECHDC1,-0.2306166041153562
ECHDC2,0.2320480300887102
ECHDC3,-0.022355194331604
ECHS1,0.0818688819837142
ECI1,0.0717495417707735
ECI2,-0.0597408375095953
ECM1,0.1280234543295624
ECM2,-0.0944483513820577
ECPAS,0.1059462862802242
ECRG4,-0.0094471947929507
ECSCR,0.037921758991184
ECSIT,0.1462632987249161
ECT2,0.9204833845024276
ECT2L,0.2769732514047232
EDA,0.1146623863371693
EDA2R,-0.1032025507889986
EDAR,-0.002144063049874
EDARADD,-0.1008295782041002
EDC3,0.0551831019388892
EDC4,0.3783367833527657
EDDM13,-0.4927230347268969
EDDM3A,-0.124364203617991
EDDM3B,0.0634384345295312
EDEM1,-0.1448876986267998
EDEM2,0.1686836612292954
EDEM3,0.0542833903572185
EDF1,-0.1145061572863447
EDIL3,0.1508544272959909
EDN1,0.0846581647115827
EDN2,0.0856588181427285
EDN3,-0.1776233750530692
EDNRA,-0.0493044856645212
EDNRB,-0.0550523705634928
EDRF1,0.037942063988867
EEA1,0.0144425733603428
EED,0.3434419274898392
EEF1A1,2.2919816031263047
EEF1A2,-0.0536991174963844
EEF1AKMT1,-0.0286951903219733
EEF1AKMT2,0.3318148722468709
EEF1AKMT3,0.3062593303968937
EEF1AKMT4,-0.0441852702424832
EEF1B2,0.830319658684234
EEF1D,0.0828452764117797
EEF1E1,0.2136264968427014
EEF1G,1.1866544183956451
EEF2,3.540397954879696
EEF2K,-0.0306747947828661
EEF2KMT,0.9284180577557044
EEFSEC,0.6968152308239923
EEIG1,0.0341988130666972
EEIG2,0.191089868199489
EEPD1,-0.0413221578053233
EFCAB10,-0.0082749318334242
EFCAB11,-0.0837950398061423
EFCAB12,0.1012301251346224
EFCAB13,-0.0594902703331922
EFCAB14,0.0642827562681885
EFCAB2,0.1172524022524059
EFCAB3,0.2219343716343781
EFCAB5,0.0454321259053644
EFCAB6,0.0082897303731023
EFCAB7,-0.1171561082225202
EFCAB9,-0.0323870153502848
EFCC1,0.022557572373771
EFEMP1,0.0421464701534559
EFEMP2,0.0606304798145996
EFHB,-0.1616541971915929
EFHC1,0.0397594269733401
EFHC2,0.0846827493689122
EFHD1,-0.1006555605733382
EFHD2,0.1163778661279393
EFL1,1.147176881774581
EFNA1,0.0161404036464492
EFNA2,0.1756709787430612
EFNA3,0.2794169740292354
EFNA4,0.200280908471378
EFNA5,-0.0084930544687231
EFNB1,0.1731883109561086
EFNB2,-0.0760532109087589
EFNB3,0.0402740274219821
EFR3A,0.055850603697775
EFR3B,0.1704073175590006
EFS,0.1271168249211582
EFTUD2,1.9257282944072995
EGF,-0.0221233589451261
EGFL6,-0.2543979264686591
EGFL7,-0.0959238553944785
EGFL8,0.0316728116930654
EGFLAM,-0.0171410706278274
EGFR,0.0563581482053798
EGLN1,-0.0507709274496715
EGLN2,0.1381188137229353
EGLN3,0.0509503566229214
EGR1,0.0157616089921356
EGR2,-0.005095880357376
EGR3,-0.1394871753994052
EGR4,0.0948701313764691
EHBP1,-0.1407896324955854
EHBP1L1,0.1714688079829832
EHD1,0.0126678128325277
EHD2,0.0453751013601383
EHD3,0.0963636481022547
EHD4,0.0350152260568892
EHF,-0.0036338474504151
EHHADH,-0.1397403970298125
EHMT1,0.1747265900083437
EHMT2,0.3048770063645254
EI24,-0.1468534229247147
EID1,0.041894342082115
EID2,0.0918791597823423
EID2B,0.0885384367190036
EID3,0.0310311582121776
EIF1,0.5276007876415556
EIF1AD,1.6595412403975285
EIF1AX,2.943161822722461
EIF1AY,0.1033448247965929
EIF1B,-0.0362256682725451
EIF2A,0.0849007561267854
EIF2AK1,-0.1802591442482776
EIF2AK2,0.011728819821024
EIF2AK3,-0.048813224170312
EIF2AK4,-0.0250087201424813
EIF2B1,1.4058295307744424
EIF2B2,1.6969104124874594
EIF2B3,1.2755091212440135
EIF2B4,1.473698256194458
EIF2B5,1.7009669373948957
EIF2D,-0.0407570310102379
EIF2S1,2.32158841692182
EIF2S2,1.34829901078891
EIF2S3,1.856061993175463
EIF2S3B,-0.3371234158121414
EIF3A,1.565098792291855
EIF3B,1.855561187889464
EIF3D,1.8933752560055248
EIF3E,1.6784234794050754
EIF3F,1.0843230032961304
EIF3G,1.3787143660558945
EIF3H,0.7675655001304054
EIF3I,1.9176696759582728
EIF3J,0.7894852270879684
EIF3K,0.2674587834587372
EIF3L,0.4182526545266381
EIF3M,0.9777762216420676
EIF4A1,1.5579124063766303
EIF4A2,-0.023236607587095
EIF4A3,1.492503432630916
EIF4B,0.5228862079898585
EIF4E,1.7852342450778755
EIF4E1B,0.008455569285553
EIF4E2,0.2943532998129564
EIF4E3,-0.0572694450383003
EIF4EBP1,0.3903653547378296
EIF4EBP2,0.2443947626261766
EIF4EBP3,0.0475764984192221
EIF4ENIF1,0.2379111336151078
EIF4G1,1.040047403769239
EIF4G2,0.8369639351768724
EIF4G3,0.2232608220711358
EIF4H,0.121991435271768
EIF5,1.8806248497841829
EIF5A,1.2597612259570892
EIF5A2,-0.2273016256000556
EIF5AL1,0.3815065648809991
EIF5B,0.4107250452647856
EIF6,1.883635570872968
EIPR1,0.0449727032561814
ELAC1,-0.109626890830914
ELAC2,1.4707137940050206
ELANE,-0.0694949139813745
ELAPOR1,-0.1396279238829282
ELAPOR2,0.0312666300069507
ELAVL1,0.317565918581999
ELAVL2,-0.1349298890426762
ELAVL3,0.0522385351517518
ELAVL4,-0.1964611579051667
ELF1,0.1422122512367355
ELF2,0.3488693002156642
ELF3,-0.0672460868631324
ELF4,0.1634401121983271
ELF5,0.0046310188781151
ELFN1,0.0567869349997483
ELFN2,0.0699049202916655
ELK1,0.1704925754429326
ELK3,-0.1635321831858801
ELK4,-0.0333485394420695
ELL,1.497925509639555
ELL2,0.0336089591841949
ELL3,0.3051708394704773
ELMO1,-0.0386890637383197
ELMO2,0.6804759576853205
ELMO3,-0.0105755146070164
ELMOD1,0.0272957780912384
ELMOD2,-0.0016213451149508
ELMOD3,0.1673127069445071
ELN,-0.249158962101422
ELOA,0.2328951665842124
ELOA2,-0.0471118482789726
ELOB,0.7266484570491709
ELOC,1.298210820948806
ELOF1,0.5353486722907754
ELOVL1,0.2701180686593638
ELOVL2,0.0413963666349966
ELOVL3,0.0983558153840103
ELOVL4,0.0600386702340273
ELOVL5,-0.0046313528255526
ELOVL6,0.0548836905512522
ELOVL7,-0.0336907101702702
ELP1,1.2811522742344283
ELP2,0.7662851342635457
ELP3,0.9664248175256714
ELP4,0.467557243020535
ELP5,1.4264855488545856
ELP6,1.1248446346303371
ELSPBP1,-0.0346257815511796
EMB,-0.0392128287504252
EMC1,0.6632878780370192
EMC10,0.0544561447597295
EMC2,0.2452552969865449
EMC3,0.9764502772135024
EMC4,0.589785027737012
EMC6,0.2194530952438166
EMC7,0.5939450441682561
EMC8,0.0968309874391504
EMC9,0.2255550521049997
EMCN,-0.2185938237123124
EMD,-0.0927456946573381
EME1,0.0675910113040406
EME2,0.0006127168003491
EMG1,1.6786174199594193
EMID1,0.1699904140193528
EMILIN1,-0.0528316627744609
EMILIN2,-0.0546063581599058
EMILIN3,0.0509160509577032
EML1,-0.086358396897742
EML2,0.177489645055652
EML3,0.1655485331755371
EML4,0.2036755934913575
EML5,0.0472968754190087
EML6,0.2315140561476326
EMP1,-0.1549852598465
EMP2,0.0346626297336341
EMP3,0.0328402946833646
EMSY,-0.0285855354865805
EMX1,0.1233371400749977
EMX2,-0.0976112502606196
EN1,0.0521358997205999
EN2,0.0403748771398125
ENAH,0.1335397718305832
ENAM,0.0580808685401504
ENC1,0.0703203337224087
ENDOD1,0.0712290181037882
ENDOG,0.2013442015704916
ENDOU,0.017474359078611
ENDOV,0.1451097487252355
ENG,-0.1614342869774372
ENGASE,0.1314153682723906
ENHO,0.1188316643219197
ENKD1,0.2369892751441621
ENKUR,-0.0426764618213766
ENO1,0.6180813224051893
ENO2,0.1632748151071777
ENO3,0.0230278691125963
ENO4,0.0457440476188315
ENOPH1,-0.0344600094829952
ENOSF1,-0.1254814265294663
ENOX1,0.0536707799635816
ENOX2,-0.1078245854135832
ENPEP,-0.0434601504747389
ENPP1,-0.053555514736206
ENPP2,-0.0177515322340456
ENPP3,0.0521102086700813
ENPP4,-0.1417937522900123
ENPP5,-0.0339428855292264
ENPP6,-0.0488857111005221
ENPP7,0.2527129608535274
ENSA,0.392716596051984
ENTHD1,0.0052389617689191
ENTPD1,-0.0434490157504926
ENTPD2,-0.0101200059995798
ENTPD3,-0.0936217772997358
ENTPD4,-0.0234135003637974
ENTPD5,-0.043088692187487
ENTPD6,-0.0430419836113704
ENTPD7,0.1321427816554292
ENTPD8,0.0634068869928986
ENTR1,0.0924527546004003
ENTREP1,0.1036485322370208
ENTREP2,-0.019135619922498
ENTREP3,0.114649206531537
ENY2,0.633640668435905
EOGT,0.0728244414144813
EOLA1,-0.048649487248469
EOLA2,-0.2201252337019368
EOMES,0.0219574366661676
EP300,0.2781654754950192
EP400,1.0718363165032532
EPAS1,-0.0711656611462452
EPB41,0.080838780252221
EPB41L1,-0.0334807885726483
EPB41L2,0.0313036087241899
EPB41L3,-0.0291536503230472
EPB41L4A,-0.032648836887901
EPB41L4B,-0.0723135004149365
EPB41L5,0.0744605471037274
EPB42,0.1085353942164621
EPC1,0.2636751919600069
EPC2,0.757271787369387
EPCAM,0.142773191769185
EPCIP,-0.0410404806414895
EPDR1,-0.0728334009538248
EPG5,0.0666450152780451
EPGN,-0.1283965762450545
EPHA1,0.0715569454042188
EPHA10,0.0444070336913155
EPHA2,0.005880929102681
EPHA3,0.1411434897535349
EPHA4,-0.1096541317642094
EPHA5,0.1150070726513081
EPHA6,-0.1629953614409248
EPHA7,0.012443872522725
EPHA8,-0.0749230773229721
EPHB1,-0.1183724159997816
EPHB2,-0.0883027145664439
EPHB3,-0.1591164115596642
EPHB4,-0.0314828996896466
EPHB6,-0.0241294555414515
EPHX1,-0.0815687118676922
EPHX2,-0.1007292695836944
EPHX3,0.054354739408809
EPHX4,0.2009864245180043
EPM2A,0.0169134631970698
EPM2AIP1,0.3285825056833611
EPN1,-0.1044490799598312
EPN2,0.0059915408216085
EPN3,0.1347884215418756
EPO,-0.1085754838419821
EPOP,0.5362841282037054
EPOR,0.1005645836998752
EPPIN,-0.0094908466068259
EPPK1,0.2780508204013319
EPRS1,1.8598783164691324
EPS15,0.087436771603493
EPS15L1,0.0960496906774365
EPS8,-0.1230031501415201
EPS8L1,0.2478176838112519
EPS8L2,-0.0285570885145782
EPS8L3,0.186579833405256
EPSTI1,0.1587140960068113
EPX,0.1689090008555972
EPYC,0.0340353371430115
EQTN,-0.286406841798846
ERAL1,0.7343125000093346
ERAP1,-0.0712472249737691
ERAP2,0.0226011807575931
ERAS,-0.0723959974283693
ERBB2,0.4592490813614877
ERBB3,0.281075262385862
ERBB4,0.0637430233652647
ERBIN,0.1089289572332227
ERC1,0.0393953980087946
ERC2,-0.0233144849416332
ERCC1,0.2641270284471599
ERCC2,1.2725704192485394
ERCC3,1.333479120825567
ERCC4,0.1904258639679584
ERCC5,-0.0251863722856268
ERCC6,0.0789272416477052
ERCC6L,0.7525627298900444
ERCC6L2,0.1114952159020583
ERCC8,0.0547069851255205
EREG,-0.0756012904990676
ERF,-0.0511805521132564
ERFE,-0.0773936396939448
ERFL,-0.5829411729723236
ERG,-0.0105723386249066
ERG28,0.0094958870587557
ERGIC1,-0.0610504880954811
ERGIC2,-0.0728235538474137
ERGIC3,-0.05178013869
ERH,2.5658863718896
ERI1,0.0711052251124369
ERI2,0.0999335747588273
ERI3,-0.1380772402552806
ERICH1,-0.1289632630650293
ERICH2,-0.0872047557314341
ERICH3,0.0165796771661348
ERICH4,0.1545994367803596
ERICH5,-0.0792991764521921
ERICH6,0.3068650765542584
ERICH6B,-0.1901498481711582
ERLEC1,0.13363623298945
ERLIN1,0.101166592855329
ERLIN2,0.1811817998030157
ERLN,-0.0607266395105587
ERMAP,-0.0598704715027082
ERMARD,0.0182321826687342
ERMN,0.2051114726505463
ERMP1,-0.0159021928702858
ERN1,-0.1018795584004013
ERN2,0.0759237233352383
ERO1A,-0.043683083503125
ERO1B,0.1149582221803685
ERP27,-0.0532030240173711
ERP29,0.0791143091366554
ERP44,0.0247408550957283
ERRFI1,-0.1208097184134103
ERV3-1,0.0602682481441749
ERVFRD-1,-0.0669871737280935
ERVH48-1,-0.2377216897691486
ERVW-1,0.4671997474049251
ESAM,-0.2664139368020832
ESCO1,0.2031158552368736
ESCO2,0.2588264524715524
ESD,-0.0030028512611584
ESF1,1.2270274706298192
ESM1,-0.0791037214988145
ESPL1,2.8652835225387503
ESPN,-0.0119336724168782
ESPNL,0.0067992378742334
ESR1,0.0945371319719806
ESR2,-0.0136514615676277
ESRP1,-0.0637560764085142
ESRP2,0.0955188605077769
ESRRA,0.1250555350549699
ESRRB,0.0175007720870822
ESRRG,0.1340599281916471
ESS2,1.2846921245324885
ESX1,0.0116541276255658
ESYT1,0.1478369293380194
ESYT2,-0.0373311919934616
ESYT3,0.0605191640677179
ETAA1,0.1293066482116609
ETDC,-0.3982197557006378
ETF1,2.542627185505335
ETFA,-0.0570334997966559
ETFB,-0.0204006392252709
ETFBKMT,-0.0436098435500213
ETFDH,-0.2456320025147524
ETFRF1,-0.067900143947511
ETHE1,0.0452655585025181
ETNK1,-0.0058299341802453
ETNK2,0.1219224085408937
ETNPPL,0.054317492564785
ETS1,0.0115325669653663
ETS2,-0.0839107035198693
ETV1,-0.1656438700422845
ETV2,0.0674733028448555
ETV3,0.1605819692242516
ETV3L,-0.0329471534540671
ETV4,0.1057512322733821
ETV5,-0.0484997339485693
ETV6,0.0449076949771881
ETV7,-0.0005942983923945
EVA1A,-0.072577958135171
EVA1B,-0.0461668958344886
EVA1C,0.1222218248552765
EVC,-0.0667808983964645
EVC2,-0.1161047427032064
EVI2A,0.1352288785641378
EVI2B,0.0017285733185312
EVI5,0.0984695195088909
EVI5L,0.0922318625570113
EVL,-0.0423857721689607
EVPL,0.0060871324127497
EVPLL,0.0477283099101789
EVX1,-0.0019801403997158
EVX2,-0.0247984875317778
EWSR1,0.9479310584503698
EXD1,-0.0362821603268929
EXD2,-0.1069844016883423
EXD3,-0.1221055561345111
EXO1,0.193328295081838
EXO5,-0.038556658965227
EXOC1,0.5133814758966391
EXOC1L,0.104973352394259
EXOC2,0.3170702024775269
EXOC3,0.9566719342891972
EXOC3L1,0.1992486213128143
EXOC3L2,0.0145551310009908
EXOC3L4,-0.0192598207683587
EXOC4,0.5970547966923637
EXOC5,0.595671954035481
EXOC6,0.0439321631212572
EXOC6B,0.0185733377056805
EXOC7,0.3496330129502329
EXOC8,0.147795884277521
EXOG,-0.0058062875506367
EXOSC1,0.8776373117720753
EXOSC10,0.9523059591235454
EXOSC2,1.9045899554047656
EXOSC3,1.3851495278563657
EXOSC4,1.7462066794836142
EXOSC5,1.0193886610553162
EXOSC6,1.909801421476434
EXOSC7,1.3247105963367936
EXOSC8,2.0430768579943925
EXOSC9,0.8272377112133085
EXPH5,0.0190582482171805
EXT1,0.2931273785106712
EXT2,0.3154206044966051
EXTL1,0.1884983835948819
EXTL2,0.2387685550970216
EXTL3,0.2175067370215648
EYA1,-0.0547129715572394
EYA2,0.0311374577706355
EYA3,0.2674478434041605
EYA4,-0.1945068021416357
EYS,-0.0040361735433828
EZH1,0.1723318421028801
EZH2,0.063358992045724
EZHIP,-0.1839229310908368
EZR,-0.0471008204429633
F10,-0.1091091328049627
F11,-0.0691254407036832
F11R,0.0451148473307693
F12,-0.0341613038626136
F13A1,0.0399069077058672
F13B,-0.0262488445686215
F2,0.07263723087821
F2R,0.0561593369370156
F2RL1,-0.0377801858622301
F2RL2,-0.0788450776939038
F2RL3,-0.1236489781271577
F3,0.2500588103437885
F5,-0.1082717074346803
F7,-0.0044780145629876
F8,-0.1280184091598739
F9,-0.1369097075589437
FA2H,0.0144870119458053
FAAH,-0.101767191164159
FAAH2,-0.1820236049528056
FAAP100,0.2189178279310318
FAAP20,0.3336071869695333
FAAP24,0.4889821272432817
FABP1,0.0552628430741737
FABP12,-0.0578995101627801
FABP2,-0.0689406601693393
FABP3,0.0254810641762146
FABP4,0.0301534385284009
FABP5,0.2913993977310974
FABP6,-0.1445922417009268
FABP7,-0.0418215246372724
FADD,0.244419704425356
FADS1,-0.080449938972829
FADS2,0.0587994842948685
FADS3,0.0012775872544686
FADS6,0.1730821256650087
FAF1,0.0831573690093687
FAF2,0.5539956955630374
FAH,0.0878349314931446
FAHD1,0.1210756106535694
FAHD2A,0.5510749826003443
FAHD2B,0.4049108885344489
FAIM,0.2397070656291732
FAIM2,-0.0235360906944533
FAM107A,0.0445229384485234
FAM107B,-0.1873791234773213
FAM110A,-0.0719480797156338
FAM110B,0.0743837745064185
FAM110C,-0.049060253054558
FAM110D,0.1252740286928641
FAM111A,-0.0898721223016809
FAM111B,0.0481345397405082
FAM114A1,0.0910850320188196
FAM114A2,-0.1329729235288742
FAM117A,0.0006899118178616
FAM117B,0.1155779654838618
FAM118A,-0.0436050850674855
FAM118B,0.0279303316616875
FAM120A,0.1917988269859041
FAM120AOS,0.1012343935847528
FAM120B,-0.091923725420451
FAM120C,0.1336468383851706
FAM124A,0.0523539158703006
FAM124B,-0.081326744795105
FAM131A,-0.0420221404965173
FAM131B,0.0308360174334859
FAM131C,0.1208349953103967
FAM133A,-0.0861453343276522
FAM133B,0.893106479916042
FAM135A,0.0218939504729794
FAM135B,0.0776030039910903
FAM136A,0.5949515980640434
FAM13A,-0.0615908955332127
FAM13B,0.121944685839876
FAM13C,-0.1337849706231103
FAM149A,-0.1479876262671858
FAM149B1,-0.1384184518976856
FAM151A,0.1029707031794963
FAM151B,-0.0938694735541691
FAM153A,0.0684808633243921
FAM161A,0.1186199733749489
FAM161B,0.0721962986932577
FAM162A,0.0431225405285007
FAM162B,0.1394214204082765
FAM163A,-0.0413232017703835
FAM163B,-0.1792607394303985
FAM167A,-0.0112158785442405
FAM167B,-0.0441220838057545
FAM168A,0.2480478546562502
FAM168B,0.1002297191313825
FAM169A,0.0044894428445919
FAM170A,0.0511779319322695
FAM170B,0.002445936542948
FAM171A1,-0.0222593112313895
FAM171A2,0.0923203240719968
FAM171B,0.1347531125577276
FAM174A,0.1018614655175053
FAM174B,0.0179520605769409
FAM174C,0.0409189213042547
FAM177A1,0.2469614556598747
FAM177B,-0.1423225351715423
FAM178B,0.0180813224886366
FAM180A,0.0175542800000752
FAM180B,0.1455157152470042
FAM181A,0.1083043396148247
FAM181B,-0.0591825470698787
FAM184A,-0.0376492127925999
FAM184B,-0.2740978860380718
FAM185A,0.0515490564078069
FAM186A,0.2299935040549565
FAM186B,0.0579673158929436
FAM187A,0.0286623126253236
FAM187B,0.0201137321184226
FAM193A,0.0118522393105728
FAM193B,-0.0956198693868687
FAM199X,-0.0311460672420092
FAM200A,0.1049027938562058
FAM200B,0.1487238867818936
FAM200C,-0.0624439533081022
FAM204A,0.2053047417707063
FAM209A,-0.0418609426753234
FAM209B,0.0317825353414843
FAM20A,0.1329731572553897
FAM20B,0.2167251186936459
FAM20C,-0.0046316382605132
FAM210A,0.5714491468057636
FAM210B,0.0042007710322796
FAM216A,0.0276092763566718
FAM216B,-0.1080678507395555
FAM217A,-0.1298916095020825
FAM217B,-0.0564123510806159
FAM219A,0.3286054784115961
FAM219B,0.0678766413030906
FAM220A,0.0747033119332419
FAM221A,-0.0092328908962344
FAM221B,0.0807935017677763
FAM222A,-0.1257957012662015
FAM222B,0.155783476653978
FAM227A,-0.1701080853304711
FAM227B,0.0555443470204995
FAM228A,-0.0141036622220172
FAM228B,-0.136746000238329
FAM229A,0.2108558225986467
FAM229B,-0.0963881855966505
FAM234A,-0.0943295324575513
FAM234B,-0.0389432990229253
FAM237A,-0.4357716723883312
FAM240A,-0.1740976328330817
FAM241A,-0.0992135326102628
FAM241B,-0.050011570659454
FAM24A,-0.0726663718794207
FAM24B,0.0382332861819068
FAM25A,0.2272304404796358
FAM32A,0.7304310817029088
FAM3A,0.0307099523446814
FAM3B,-0.0639287332788691
FAM3C,-0.2480778136426016
FAM3D,-0.0460779486380211
FAM43A,-0.1748530976408066
FAM43B,0.0534850931626189
FAM47A,-0.0139099548984469
FAM47B,-0.1686721989121661
FAM47C,0.0976186626233801
FAM47E,0.0427070459437102
FAM50A,0.5464898082502824
FAM50B,-0.2062701097761123
FAM53A,-0.0291284481656367
FAM53B,-0.0096411653414638
FAM53C,0.2178657385041398
FAM72B,0.4515002638376196
FAM76A,0.1255489075995333
FAM76B,0.2462143367128809
FAM78A,0.010766568537932
FAM78B,0.0059055999831716
FAM81A,-0.0322957817624128
FAM81B,-0.0103717276100122
FAM83A,0.0312527351639142
FAM83B,-0.0268719885874492
FAM83C,0.2875692575233169
FAM83D,0.1074114141476434
FAM83E,0.2696736769524392
FAM83F,-0.2097012688022617
FAM83G,-0.0622373935761158
FAM83H,0.0496897346736111
FAM86B2,-0.1367451237486252
FAM89A,-0.0287200548942051
FAM89B,0.2989765430657943
FAM8A1,-0.0165463670203019
FAM90A1,0.1605126704345847
FAM91A1,0.3082747788318264
FAM98A,0.0630191026012838
FAM98B,0.6460437860961847
FAM98C,0.3594950394339847
FAM9A,0.0886965587250481
FAM9B,-0.1280719011160416
FAM9C,-0.0802857947699486
FAN1,-0.0801709155833319
FANCA,0.1209112479273628
FANCB,-0.1506728571831025
FANCC,0.2501827415126461
FANCD2,0.2718936844746922
FANCD2OS,-0.0348629742372208
FANCE,0.1168755137817623
FANCF,0.4353546735440801
FANCG,0.1462427354713215
FANCI,0.2380175570595131
FANCL,0.2610284921383915
FANCM,0.4881823446949498
FANK1,0.0586035518159646
FAP,-0.0972634242568431
FAR1,0.0385902017757977
FAR2,0.2254257258320428
FARP1,-0.0528264320969159
FARP2,-0.0608307192113002
FARS2,0.6831065897809648
FARSA,1.3518113624237478
FARSB,3.2189355805281683
FAS,0.1692297868043722
FASLG,-0.0387860054558085
FASN,0.2055258727462072
FASTK,0.0110404592395298
FASTKD1,0.0273058858455099
FASTKD2,-0.0182906676038817
FASTKD3,0.0186037788598202
FASTKD5,0.4188518771831958
FAT1,-0.1110205558608158
FAT2,-0.0951446548688408
FAT3,0.0563057699326503
FAT4,0.0966860649178731
FATE1,0.0003720258769052
FAU,3.829101910110457
FAXC,0.1486039537223974
FAXDC2,-0.0287074126023923
FBF1,0.0784011463455778
FBH1,-0.0863434047866014
FBL,1.749096994193711
FBLIM1,0.3569299609463676
FBLL1,-0.1104066533800826
FBLN1,-0.0319905040688604
FBLN2,0.0470429303272103
FBLN5,-0.0881383704994484
FBLN7,0.1670755620074887
FBN1,-0.0719910621767864
FBN2,-0.0354435158972312
FBN3,0.3040595493850612
FBP1,-0.0128084454061224
FBP2,0.0345260523465502
FBRS,0.2581350473133467
FBRSL1,0.0506154492887263
FBXL12,0.3651145534000124
FBXL13,-0.0123548315661207
FBXL14,0.1243868972668992
FBXL15,0.1430235140788582
FBXL16,0.0548829095062252
FBXL17,0.0541174380071919
FBXL18,0.1078795549746995
FBXL19,0.1053197569858363
FBXL2,0.0023236922378101
FBXL20,0.0270911060390048
FBXL22,0.0284445488192513
FBXL3,0.0218407966616594
FBXL4,-0.0165954979219781
FBXL5,0.0568531696901629
FBXL6,0.052590213792337
FBXL7,-0.0886468347808973
FBXL8,0.1319111078216081
FBXO10,-0.0582901382065391
FBXO11,-0.0580457775952265
FBXO15,-0.0903649423144941
FBXO16,-0.2809862505478279
FBXO17,-0.0578531020626734
FBXO2,0.0761978211720831
FBXO21,0.1295677430747472
FBXO22,0.1274779457034243
FBXO24,-0.0728391236516575
FBXO25,0.0173760079311999
FBXO27,-0.1217591607454176
FBXO28,0.2566919311364835
FBXO3,0.2738743299917108
FBXO30,-0.1640156468769975
FBXO31,-0.0711251237987055
FBXO32,-0.1892749319407963
FBXO33,0.0784567422211323
FBXO34,-0.0492438228896032
FBXO36,0.1543614616055147
FBXO38,-0.131258247974092
FBXO39,-0.0505121213796697
FBXO4,0.1600104939111837
FBXO40,-0.1118524734970815
FBXO41,0.2779671332020998
FBXO42,0.7616401860416202
FBXO43,0.1146647495924247
FBXO44,0.1277040366291014
FBXO45,-0.0851432583098652
FBXO46,0.0163998426328484
FBXO47,0.215274507344817
FBXO48,0.0689725512338276
FBXO5,1.2191049325537255
FBXO6,0.0748037860087289
FBXO7,0.0616650413062716
FBXO8,-0.149697540706498
FBXO9,0.1420423381718671
FBXW10,-0.0019395788799806
FBXW10B,0.1431448854723676
FBXW11,0.5526208475896729
FBXW12,0.1558043465130504
FBXW2,0.0824900242169442
FBXW4,0.0287935124316053
FBXW5,-0.0192461608378221
FBXW7,0.2697521536111127
FBXW8,-0.0010328039653472
FBXW9,0.09489409650957
FCAMR,-0.1115660605606692
FCAR,-0.1320910163958509
FCER1A,-0.052348941062724
FCER1G,0.034566204426625
FCER2,-0.0032078067243552
FCF1,2.209757415392714
FCGR1A,0.6429559136467131
FCGR2A,0.0153590800694607
FCGR2B,0.2720258398079258
FCGR3A,-0.0682047947280569
FCGR3B,-0.0630951209233162
FCGRT,-0.0226465078714664
FCHO1,0.080328447482364
FCHO2,0.1813439275068629
FCHSD1,-0.0740549028756036
FCHSD2,0.1068107261080012
FCMR,0.0281948213549388
FCN1,-0.0877130361052324
FCN2,0.1062259977581647
FCN3,-0.1151288364417501
FCRL1,-0.0218199295367842
FCRL2,-0.2711113064355271
FCRL3,0.176432512770459
FCRL4,0.0543690601197273
FCRL5,0.013493269478725
FCRL6,0.0210829425776997
FCRLA,-0.127875838306556
FCRLB,0.1583882011228558
FCSK,0.0065082475944551
FDCSP,-0.0486502519780079
FDFT1,0.1219313717362354
FDPS,0.4380438479563786
FDX1,0.540702690221795
FDX2,0.701489131522267
FDXACB1,0.1306562267947704
FDXR,1.0288490677603463
FECH,0.477403607824233
FEM1A,0.2280846761543945
FEM1B,0.1349559017052456
FEM1C,0.158722242431436
FEN1,0.8900729618591159
FER,0.0979586486538252
FER1L5,-0.0373682766195927
FER1L6,-0.0716026255089096
FERD3L,-0.0234565200779793
FERMT1,-0.0288829070587849
FERMT2,0.808229892864849
FERMT3,0.1428133167722779
FERRY3,-0.039404348404452
FES,0.0127050385940765
FETUB,0.0619893867776144
FEV,0.0251927401734201
FEZ1,-0.122237941160649
FEZ2,-0.0031505657224822
FEZF1,-0.1238586253165688
FEZF2,0.0600435329920187
FFAR1,0.0164122988037926
FFAR2,0.3292652780816362
FFAR4,0.0318333332205038
FGA,-0.117981436010526
FGB,-0.2677456429605521
FGD1,-0.1054669458304083
FGD2,0.0173029137233724
FGD3,0.0603601075267291
FGD4,-0.0328716612763049
FGD5,0.1142110745289384
FGD6,0.1502907995362352
FGF1,-0.0281545867698613
FGF10,-0.0340699461593879
FGF11,0.1044807499247656
FGF12,-0.1608254996242989
FGF13,0.0629414079948451
FGF14,0.0317139446332224
FGF16,0.0751825025231155
FGF17,-0.0681201192275867
FGF18,-0.0467927328671989
FGF19,-0.0360175048257625
FGF2,-0.0952023590874809
FGF20,0.0642600150254332
FGF21,0.0528200153579893
FGF22,-0.1314172510391819
FGF23,-0.00798201117148
FGF3,-0.0514489357892903
FGF4,-0.0797872165892959
FGF5,-0.0072630699867586
FGF6,0.0478976529423426
FGF7,-0.0740378876097683
FGF8,0.0139003776268617
FGF9,-0.0003333676490734
FGFBP1,-0.1073819304743227
FGFBP2,-0.0339569376284661
FGFBP3,0.2004868177071584
FGFR1,-0.0624187342652945
FGFR1OP2,0.1869292550114098
FGFR2,0.0180436531231459
FGFR3,-0.1012135893752955
FGFR4,0.0486534974091381
FGFRL1,-0.0194614574025382
FGG,0.1923363548266818
FGGY,-0.0970472476779844
FGL1,-0.16459763167254
FGL2,-0.0149553209685229
FGR,-0.046218015552643
FH,0.3074082322216233
FHAD1,-0.0402373472077548
FHDC1,-0.1829724658716701
FHIP1A,-0.1187113511127831
FHIP1B,-0.103489077585803
FHIP2A,-0.1324978638254063
FHIP2B,0.0224661235518482
FHIT,-0.0540373404897231
FHL1,-0.0986651238213651
FHL2,0.1027217926461769
FHL3,0.0382982151290655
FHL5,-0.1127644549260196
FHOD1,0.0697568520817475
FHOD3,0.0394640633762179
FIBCD1,-0.0411039886824741
FIBIN,-0.0234085543570696
FIBP,-0.0729524164628935
FICD,0.0880908657274519
FIG4,0.1087073614878312
FIGLA,0.1609481232356534
FIGN,-0.1934134051971308
FIGNL1,0.4317654933829181
FIGNL2,0.0211963918933856
FILIP1,-0.0213223966184066
FILIP1L,-0.0810123202499385
FIP1L1,1.406672315351921
FIRRM,0.0757164466663713
FIS1,0.1537091885992513
FITM1,0.1073588705099394
FITM2,0.0760658596652661
FIZ1,0.0710166796123916
FJX1,0.2202176416502878
FKBP10,0.0538307925451816
FKBP11,0.0107219294129141
FKBP14,-0.1125908924301243
FKBP15,0.0116709563650131
FKBP1A,0.3641222054959149
FKBP1B,-0.0940355571381727
FKBP2,0.0719012119950356
FKBP3,-0.006891093472055
FKBP4,0.0383347703884793
FKBP5,0.007545669289828
FKBP6,-0.4411502910014103
FKBP7,-0.0277196521500488
FKBP8,0.1197452528698506
FKBP9,-0.0180529113268785
FKBPL,-0.0287221942070577
FKRP,0.0506902691649951
FKTN,0.0867865888170879
FLACC1,0.0268684242243957
FLAD1,0.0382701581352439
FLCN,0.0433587706483452
FLG,0.0013777646089313
FLG2,-0.0126679463832889
FLI1,0.1160283918590693
FLII,0.4535994799507174
FLNA,-0.0364457428762465
FLNB,0.02974243766234
FLNC,0.2830057853264272
FLOT1,0.237890331519878
FLOT2,0.1722095545873438
FLRT1,0.1354736908229603
FLRT2,-0.1201617196284357
FLRT3,-0.0560064490044855
FLT1,-0.0085854367944568
FLT3,0.0519097507498627
FLT3LG,0.231612382852923
FLT4,0.0176127580612474
FLVCR1,0.1164113372312075
FLVCR2,-0.0342537673014717
FLYWCH1,0.1348953480536955
FLYWCH2,0.117816208129994
FMC1,0.2334591484209754
FMN1,-0.0439259086248714
FMN2,0.0348848602568293
FMNL1,0.2504430738710593
FMNL2,-0.212924067880805
FMNL3,0.0094004507568602
FMO1,0.2654247410212161
FMO2,-0.0620031474505479
FMO3,0.0325863716482438
FMO4,-0.028495335820457
FMO5,0.0038116289124412
FMOD,-0.1653894709227274
FMR1,-0.1324898817666952
FMR1NB,-0.0433340746956581
FN1,-0.1306763617974099
FN3K,0.0797022405523092
FN3KRP,-0.0196431848010073
FNBP1,0.0310166275683277
FNBP1L,-0.085785266088056
FNBP4,0.6802246661099488
FNDC1,0.0979592696420299
FNDC10,0.2703260795897407
FNDC11,0.03352880532273
FNDC3A,-0.0057029453374536
FNDC3B,-0.0596345659657477
FNDC4,-0.0092868614279475
FNDC5,-0.0459461007500018
FNDC7,0.0761658110715586
FNDC8,0.0482567709880169
FNDC9,0.0417899234391605
FNIP1,0.0604185272168363
FNIP2,-0.0083934501020253
FNTA,1.0281393312847888
FNTB,1.1192143081264627
FOCAD,-0.118036301150779
FOLH1,0.2523119587806612
FOLR1,-0.0121681925306119
FOLR2,-0.0102889601067064
FOLR3,-0.1133905872805203
FOS,-0.0231972502572092
FOSB,0.1706659854519471
FOSL1,0.5558586989739367
FOSL2,0.2712487685838275
FOXA1,0.0679196238702258
FOXA2,0.0831235529944349
FOXA3,0.0014927728885233
FOXB1,-0.0569597093206744
FOXB2,0.0303909339727752
FOXC1,-0.0292532285633478
FOXC2,0.2031903795597826
FOXD1,-0.2978110885659432
FOXD2,0.018919394734151
FOXD3,0.1740322451648049
FOXD4,0.8078345912484337
FOXD4L1,0.2434462961349466
FOXD4L5,0.3599433072965458
FOXE1,0.0858633706571997
FOXE3,-0.0271308168382461
FOXF1,-0.1502731161936665
FOXF2,-0.0663940218950354
FOXG1,0.1025867229067366
FOXH1,-0.0099977703388177
FOXI1,-0.1914763625191788
FOXI2,-0.1924066420563901
FOXI3,0.0111572017774521
FOXJ1,0.0427503439459792
FOXJ2,0.1284128093391291
FOXJ3,0.0325954977203467
FOXK1,0.1657285159034881
FOXK2,0.0071810410131527
FOXL1,-0.0198347542437165
FOXL2,0.2855608921030224
FOXL2NB,0.1257191643481073
FOXL3,-0.1023083200069211
FOXM1,0.3858487942028576
FOXN1,0.1155785199357206
FOXN2,0.1326841394551254
FOXN3,-0.0665700158336645
FOXN4,0.239441439783042
FOXO1,0.0299092303006622
FOXO3,0.4598796294529773
FOXO3B,0.0531526523886497
FOXO4,0.0346633204522962
FOXP1,-0.1130335621737079
FOXP2,-0.0511082117065224
FOXP3,-0.143336636394354
FOXP4,-0.1024969581800989
FOXQ1,0.0384034878453264
FOXR1,-0.0784456871089384
FOXR2,-0.0361362330213099
FOXRED1,0.3470997249595945
FOXRED2,0.0565146047027623
FOXS1,0.1739633935498611
FPGS,0.221986860862984
FPGT,0.084786692067817
FPR1,-0.1610320814704774
FPR2,-0.0855558193828615
FPR3,-0.0367625258526178
FRA10AC1,-0.1692948931064093
FRAS1,-0.1218784492574993
FRAT1,0.0593661164138663
FRAT2,0.0531971349139394
FREM1,-0.0404520807251581
FREM2,0.1106212252391883
FREM3,0.0484686317579738
FREY1,0.1345533302509255
FRG1,0.1116722913331453
FRG2B,0.1968436063461368
FRG2C,0.0506428521387908
FRK,-0.0232933341763556
FRMD1,-0.1461372024834524
FRMD3,-0.0936949328600276
FRMD4A,-0.0656911487415788
FRMD4B,-0.0908759836678426
FRMD5,0.0189716008335565
FRMD6,0.106804881172167
FRMD7,-0.0181574780248636
FRMD8,-0.0572823817560269
FRMPD1,0.0636163100397481
FRMPD2,-0.0905002603341787
FRMPD3,0.0232797171992455
FRMPD4,-0.0360538598606596
FRRS1,0.1152391132248012
FRRS1L,-0.024829352625832
FRS2,0.0668138064505602
FRS3,0.0503150209059247
FRY,-0.0414172861284586
FRYL,0.0984858416233939
FRZB,0.0170137732567984
FSAF1,0.8816681358959413
FSBP,-0.0050771165179782
FSCB,0.1021975272802705
FSCN1,0.0624698471783341
FSCN2,0.0527510189603851
FSCN3,-0.0167302906975483
FSD1,0.0041473513453234
FSD1L,0.062131049699612
FSD2,0.0807339590114581
FSHB,-0.0705621865007176
FSHR,-0.0950227024858366
FSIP1,-0.0642968611000889
FSIP2,0.1451603101116376
FST,0.0936589841589378
FSTL1,0.0049683420461403
FSTL3,-0.0915183622741614
FSTL4,-0.0057168399205333
FSTL5,-0.1141981294826197
FTCD,0.1334429871646967
FTCDNL1,-0.1448104046133291
FTH1,0.4835680955398125
FTHL17,0.0130685727095762
FTL,-0.1238415757173038
FTMT,0.1009727773211927
FTO,0.1788760165017954
FTSJ1,0.0208653960348791
FTSJ3,1.2497026780500269
FUBP1,-0.1358140822499578
FUBP3,-0.1047941675055082
FUCA1,0.1650251842998696
FUCA2,0.0839167281064164
FUNDC1,0.05984485600823
FUNDC2,0.0605904561227475
FUOM,-0.0722085063815848
FURIN,-0.0455489975666059
FUS,0.326671972457088
FUT1,0.1001819302630102
FUT10,0.0511813640535889
FUT11,0.1674037156798908
FUT2,0.2121771197468879
FUT3,0.0113590891301802
FUT4,0.1182174464181954
FUT5,0.2307476048261442
FUT6,0.07419601563697
FUT7,-0.2031611847253499
FUT8,-0.1693817666832485
FUT9,-0.1385125040441144
FUZ,0.0210913827857323
FXN,0.851509694642706
FXR1,0.0389023010325955
FXR2,0.1190911402293144
FXYD1,0.2069743296808943
FXYD2,-0.040551732480891
FXYD3,0.0582459582438025
FXYD4,0.0185789378423665
FXYD5,0.119887840048471
FXYD6,-0.065561452521395
FXYD7,-0.0101042727054332
FYB1,-0.0445203459248292
FYB2,-0.0027732088849163
FYCO1,0.1240367746458096
FYN,-0.019536591962691
FYTTD1,-0.0683347916133965
FZD1,0.0239253460196964
FZD10,0.0528674680333378
FZD2,0.0598188415692354
FZD3,-0.0193053877822471
FZD4,-0.0238805282113868
FZD5,0.1838464610457034
FZD6,-0.0163146899218969
FZD7,-0.0323354694265025
FZD8,0.0834547830046799
FZD9,0.0297588078614263
FZR1,0.1779707539701592
G0S2,-0.0723769054383053
G2E3,-0.0087748760930992
G3BP1,-0.0763463249779515
G3BP2,0.162455951630538
G6PC1,0.0532545560562752
G6PC2,0.004485939178822
G6PC3,0.0892475173231168
G6PD,0.8286681221152354
GAA,0.0307985715362915
GAB1,0.128916969235549
GAB2,0.2327156138235188
GAB3,-0.0787077053465475
GAB4,0.317854816862808
GABARAP,0.1341040946894474
GABARAPL1,-0.029322657830568
GABARAPL2,-0.0491195307769768
GABBR1,0.0229720119872566
GABBR2,-0.087430608724807
GABPA,0.8432298402922052
GABPB1,0.5877849190301105
GABPB2,0.2194999792285263
GABRA1,-0.1244702156931187
GABRA2,-0.0604257184893572
GABRA3,-0.3744755167942206
GABRA4,-0.0925933462222751
GABRA5,0.1104715142233449
GABRA6,-0.0430286214100798
GABRB1,-0.0456720153471708
GABRB2,0.0254765817263225
GABRB3,0.0509249455441959
GABRD,0.2412909536000076
GABRE,-0.1274722695037822
GABRG1,-0.2012385086875364
GABRG2,-0.0456587363424517
GABRG3,-0.1901780248222433
GABRP,-0.0621204151003316
GABRQ,-0.012134101694143
GABRR1,-0.0815552059708413
GABRR2,0.1326051891996262
GABRR3,-0.3755175449932342
GAD1,0.0283364378871276
GAD2,-0.1489711981033389
GADD45A,-0.1306550738679245
GADD45B,0.2050830288883449
GADD45G,0.1218865315833913
GADD45GIP1,0.4392948400662039
GADL1,-0.1722432897341201
GAGE10,-0.129025980373954
GAGE12H,0.2438697124301089
GAGE12J,0.1259629880315546
GAGE2A,0.4381644858902849
GAK,-0.0285833136834185
GAL,0.1029959186129667
GAL3ST1,0.0187209815252634
GAL3ST2,-0.0870979938205948
GAL3ST3,-0.0671638258027907
GAL3ST4,0.1213552393394783
GALC,0.0994684935021625
GALE,0.2368254227885797
GALK1,0.2112587333273833
GALK2,0.103929667152936
GALM,0.0537991377881849
GALNS,0.0820337749357814
GALNT1,0.0580701715397434
GALNT10,-0.1208365948970297
GALNT11,0.0152555373800465
GALNT12,0.0231552276145685
GALNT13,-0.2739291000246937
GALNT14,0.0352034981757008
GALNT15,-0.0675454876510074
GALNT16,0.0786540717689491
GALNT17,-0.0926586458332539
GALNT18,-0.0680183596660696
GALNT2,0.0984012037519359
GALNT3,-0.0370289504249582
GALNT4,0.2078371134394244
GALNT5,0.020472087992282
GALNT6,0.1115048110370417
GALNT7,-0.1954928765776626
GALNT8,-0.0716691237291906
GALNT9,0.1267073513851815
GALNTL5,0.0731158413875721
GALNTL6,0.0211194578510536
GALP,0.2861112963499392
GALR1,-0.0662513552258534
GALR2,0.0255803474523524
GALR3,-0.0031598355538662
GALT,-0.0064640137246192
GAMT,0.049944194646725
GAN,0.0535534471010375
GANAB,0.1824706920748089
GANC,0.0396606938729522
GAP43,-0.2889989892123626
GAPDH,2.516341965163611
GAPDHS,0.0154401050532915
GAPT,0.0725298329826873
GAPVD1,0.1510809726959059
GAR1,0.6480542213321585
GAREM1,0.0543687542846807
GAREM2,0.1460726014550942
GARIN1A,0.0482571295261217
GARIN1B,-0.1731989134518059
GARIN2,-0.1131850742196853
GARIN3,0.060268453663065
GARIN4,0.0581079907505924
GARIN5A,-0.1082288355976058
GARIN6,-0.0219127825700465
GARNL3,-0.0388452779104828
GARRE1,0.1087448377660834
GARS1,1.3966549089119356
GART,0.0318893703740298
GAS1,0.3852904565526942
GAS2,-0.0521652814703133
GAS2L1,-0.0707772954073104
GAS2L2,0.3171254026568116
GAS2L3,-0.0570535668129675
GAS6,0.1568881328108885
GAS7,-0.0294470584029528
GAS8,-0.0022061422920301
GASK1A,-0.0043923948652259
GASK1B,0.0644398242894405
GAST,-0.0436489106403863
GATA1,-0.0097400090294712
GATA2,0.0295723281171384
GATA3,0.0291648480679922
GATA4,-0.1350849759715578
GATA5,-0.0782586339756019
GATA6,-0.0119532938033337
GATAD1,0.2017075710852489
GATAD2A,0.5748548444269955
GATAD2B,0.2034139217286333
GATB,0.3452728692991423
GATC,0.4035512437825804
GATD1,0.082947619025172
GATD3,0.1315832204047035
GATM,0.1022441664632243
GBA1,0.0741280556323417
GBA2,0.1361311505239888
GBE1,0.0737619667600888
GBF1,1.4076509390963885
GBGT1,-0.0019042592546684
GBP1,0.0851000317750687
GBP2,-0.0418168155123166
GBP3,0.0794332971562574
GBP4,0.121125467301946
GBP5,0.0477344355788816
GBP6,-0.0843108896001094
GBP7,-0.0439159268799405
GBX1,-0.0338173285487592
GBX2,0.0800088836724022
GC,-0.069243425191081
GCA,-0.1095732953754476
GCAT,0.0485132437054129
GCC1,-0.0054832311730927
GCC2,0.0514326582851896
GCDH,-0.0977372151478531
GCFC2,0.0909196562504111
GCG,-0.164432850954975
GCGR,-0.1131079170199325
GCH1,0.2227679836753104
GCHFR,0.0120287697188744
GCK,-0.0822062677172918
GCKR,-0.1055768486862413
GCLC,0.0626454920606547
GCLM,0.043360978442024
GCM1,-0.0164781315850589
GCM2,-0.0715390596156062
GCN1,0.5888773243297725
GCNA,0.0928736402453168
GCNT1,0.0004116796032612
GCNT2,-0.0611448889305464
GCNT3,0.1041065035614207
GCNT4,0.0127827890056163
GCSAM,-0.0498189638416902
GCSAML,0.1437694047283813
GCSH,0.3159361956044699
GDA,-0.0302035297550871
GDAP1,0.0485979338487165
GDAP1L1,0.0412525419947412
GDAP2,0.1175175219254913
GDE1,0.1132002213592083
GDF1,0.1956364815313322
GDF10,-0.0081028405670163
GDF11,0.1801270835422728
GDF15,-0.0951175883129378
GDF2,0.0072979427652177
GDF3,0.0870942646531864
GDF5,0.0247256421206241
GDF6,-0.0829969666164166
GDF7,0.0107635447505704
GDF9,0.0454449271749209
GDI1,-0.0267999362650321
GDI2,0.1844441739416093
GDNF,0.062976253147183
GDPD1,0.248571002417161
GDPD2,0.0562613752996601
GDPD3,-0.0036704787576446
GDPD4,0.0071947823694542
GDPD5,-0.0712788024653652
GDPGP1,-0.1507702057737581
GEM,-0.092281431619294
GEMIN2,1.565051063362621
GEMIN4,1.1727907224352867
GEMIN5,2.8365878805599944
GEMIN6,2.005747462921132
GEMIN7,1.3163275322091526
GEMIN8,1.2130887814808669
GEN1,0.0081751868358162
GET1,0.1638319811337344
GET3,0.3429690347507926
GET4,0.2580355368428083
GFAP,0.1377737259980421
GFER,0.8761258117385096
GFI1,0.0300148256077624
GFI1B,0.1140745250466456
GFM1,0.9908427661679592
GFM2,0.3696248839795282
GFOD1,-0.0377694278704017
GFOD2,0.1009651333420224
GFPT1,0.4326912449947747
GFPT2,0.1321395674402723
GFRA1,-0.0217348938392481
GFRA2,-0.0815308274933477
GFRA3,-0.0172486043368976
GFRA4,-0.0801682182739473
GFRAL,-0.0013936180292953
GFUS,0.0321517831162556
GFY,-0.1263847489278788
GGA1,-0.0606966328777938
GGA2,-0.0106516020857795
GGA3,-0.0980141200293952
GGACT,0.1676625472057491
GGCT,-0.0850028571848749
GGCX,0.257347470160256
GGH,0.0124945802727157
GGN,0.4045206873862256
GGNBP2,0.4209230687055579
GGPS1,2.5469946229226776
GGT1,0.2265028497903699
GGT5,0.2099853526927614
GGT6,0.0210371387884745
GGT7,0.0498123921885808
GGTLC1,0.3050696171102448
GGTLC2,1.0681915827712862
GH1,0.1204285898762768
GH2,0.2203328564725448
GHDC,0.0328507053607804
GHITM,-0.0116670191462225
GHR,-0.1199407098717791
GHRH,-0.0791267276214671
GHRHR,-0.1244943956636266
GHRL,-0.0789070180150653
GHSR,-0.2379816670333515
GID4,0.2006104178948258
GID8,0.1212048274561852
GIGYF1,0.2402535805432815
GIGYF2,0.2299761756885158
GIMAP1,0.0307890907292188
GIMAP2,-0.0777213429905964
GIMAP4,-0.1810669324076733
GIMAP5,-0.1524490730110868
GIMAP6,-0.0597083313913614
GIMAP7,-0.0968159747473089
GIMAP8,0.0209302101108777
GIMD1,-0.1525219335685232
GIN1,-0.1025984412414818
GINM1,-0.0039289232778469
GINS1,2.41614431025545
GINS2,2.6604031378366773
GINS3,1.613349524660857
GINS4,1.5704800920236863
GIP,0.0892009979008748
GIPC1,-0.0400725154806704
GIPC2,-0.0130477575365813
GIPC3,0.0390281862689183
GIPR,-0.0449512192790066
GIT1,0.1393329541472454
GIT2,0.269522349155266
GJA1,0.0696278272897209
GJA10,0.0099262384980891
GJA3,0.0635996058894072
GJA4,-0.0646966485840592
GJA5,0.1486774581763149
GJA8,0.1314544500247831
GJA9,0.0224064407302134
GJB1,-0.0800260014045094
GJB2,-0.0345743088852245
GJB3,0.0527117863057012
GJB4,-0.0439656108884427
GJB5,-0.0530180762511457
GJB6,0.0701521506608054
GJB7,0.0563002351264556
GJC1,0.0983103068295993
GJC2,0.0648876395660202
GJC3,0.1293142052554492
GJD2,-0.0790949960440611
GJD3,0.243096557841961
GJD4,0.0655086299688305
GJE1,-0.3589691114668806
GK,-0.2621563962597336
GK2,-0.0940010656243635
GK5,0.0501355822324311
GKAP1,-0.0074903360942316
GKN1,-0.0175229602664085
GKN2,0.0586045750721182
GLA,0.0650966919326408
GLB1,0.0116186926300576
GLB1L,-0.0787021561763627
GLB1L2,-0.226709812963774
GLB1L3,-0.1101057198124959
GLCCI1,-0.1075095053928009
GLCE,0.0755656493735742
GLDC,-0.0926498027089495
GLDN,0.0930959941216865
GLE1,0.8436575474702218
GLG1,0.0762053285323387
GLI1,0.3667725356194961
GLI2,0.1252848281739422
GLI3,-0.143216661496593
GLI4,0.1501508761774451
GLIPR1,0.0852371594738444
GLIPR1L1,0.2481109167901638
GLIPR1L2,0.0574318185760746
GLIPR2,0.0299423884223207
GLIS1,-0.0437223215209824
GLIS2,0.1089450858271426
GLIS3,-0.0331582659228645
GLMN,0.5197799074123712
GLMP,0.0181503158992867
GLO1,-0.3092731692441282
GLOD4,0.1309799017523264
GLOD5,-0.0618787034617098
GLP1R,-0.1947157017486461
GLP2R,-0.1444130818420802
GLRA1,0.0127363920479869
GLRA2,-0.0989261991257979
GLRA3,-0.0531635798986246
GLRB,0.0773063377787961
GLRX,-0.0803294649381207
GLRX2,0.016765775281772
GLRX3,0.5351840958560574
GLRX5,0.6545452622681854
GLS,0.2962816631699492
GLS2,0.1328156193235099
GLT1D1,-0.0349659532280966
GLT6D1,0.0095789997705176
GLT8D1,0.2340414487883679
GLT8D2,0.0161776093358747
GLTP,0.1295966495026055
GLTPD2,0.0329983696804504
GLUD1,0.0297343774398543
GLUD2,-0.2526679170883874
GLUL,0.0397510684656952
GLYAT,-0.0510933787493474
GLYATL1,0.0111005500401331
GLYATL1B,-0.154352868798923
GLYATL2,-0.2171879642341548
GLYATL3,0.0393782091210621
GLYCTK,0.0076265371925999
GLYR1,0.0513520677536993
GM2A,-0.106267201670992
GMCL1,0.0896206948548492
GMCL2,-0.2303730348530343
GMDS,-0.0320675973001338
GMEB1,0.0330803037600037
GMEB2,0.1451398525870124
GMFB,0.0675094601468314
GMFG,0.1226968434373724
GMIP,-0.0097132167879212
GML,0.1036177308540845
GMNC,-0.1864426635928169
GMNN,0.6747693227481235
GMPPA,-0.1894841829779416
GMPPB,0.7460219591452767
GMPR,-0.088374159275753
GMPR2,-0.0395125420805562
GMPS,0.9409487762774774
GNA11,0.1041883649881015
GNA12,-0.1098724561779599
GNA13,0.0204290447679456
GNA14,-0.0469843363581359
GNA15,0.0466171875802419
GNAI1,-0.04703133863184
GNAI2,0.0913803336833361
GNAI3,0.1618880186786529
GNAL,-0.1228826106828814
GNAO1,0.0591858990372667
GNAQ,0.2790474886002851
GNAS,0.0066821159061624
GNAT1,0.0955484358612061
GNAT2,0.0950582577911476
GNAT3,-0.1207198311694362
GNAZ,-0.0278631840225478
GNB1,0.2659827376343759
GNB1L,1.409726686601061
GNB2,0.3047157374524351
GNB3,0.0591882083635608
GNB4,0.1441797967529709
GNB5,-0.0278703820953968
GNE,0.1279515105948734
GNG10,0.1179809253932088
GNG11,0.0195746495086907
GNG12,-0.0499815746350684
GNG13,0.3215744511967734
GNG14,-0.0999348815486093
GNG2,0.1219295674650966
GNG3,0.2601956114344933
GNG4,0.0446248887825483
GNG5,0.1552848983508823
GNG7,-0.0037198049962714
GNG8,0.0558457741597865
GNGT1,-0.0210756465374433
GNGT2,-0.1767504450789895
GNL1,0.1569366027301457
GNL2,1.2661776485180734
GNL3,1.32374568457566
GNL3L,1.2904983722280987
GNLY,-0.0257088484530041
GNMT,0.0762371661844063
GNPAT,0.0254416389391174
GNPDA1,0.0123960091258544
GNPDA2,0.0309975309947053
GNPNAT1,0.3259282194598554
GNPTAB,0.1130126305474541
GNPTG,0.0687499564347166
GNRH1,-0.0365089110599693
GNRH2,0.0530862644737482
GNRHR,0.0404954456608532
GNS,0.1500640841383811
GOLGA1,0.0242001907557698
GOLGA2,0.0589771441210286
GOLGA3,0.1736220289134553
GOLGA4,0.1664501654724319
GOLGA5,0.1068727779020248
GOLGA6A,0.0035749930389776
GOLGA6B,0.2829574139165662
GOLGA6D,0.3609288260512868
GOLGA6L2,-0.1507189810875496
GOLGA6L4,0.8174364802933611
GOLGA6L6,0.1008829088391887
GOLGA6L7,-0.1320994753230219
GOLGA6L9,0.1825592175925923
GOLGA7,0.0240326749983599
GOLGA7B,-0.0120654271697514
GOLGA8M,0.3562370457426634
GOLGA8N,0.1662813813607986
GOLGA8R,0.556889387741924
GOLGB1,0.2330413816982666
GOLIM4,-0.2093089013547639
GOLM1,0.1111622816770473
GOLM2,0.0552680801977271
GOLPH3,-0.1288363981574249
GOLPH3L,0.0811885268087071
GOLT1A,-0.2443338903530045
GOLT1B,1.540895086971087
GON4L,0.3261442294116918
GON7,0.1839279835014048
GOPC,0.0244686740805953
GORAB,-0.051339128406928
GORASP1,0.1182653328313173
GORASP2,0.0467864299612664
GOSR1,0.1632815806747563
GOSR2,1.043050042165821
GOT1,0.0142207128645268
GOT1L1,-0.0801503570799808
GOT2,0.3281166740415292
GP1BA,0.0112423786237906
GP1BB,0.2443764337203842
GP2,-0.1092306031933836
GP5,-0.1173018031131579
GP6,-0.0465703759246888
GP9,0.0842368428308277
GPA33,0.1219318233913101
GPAA1,0.0530087577808733
GPALPP1,-0.0686670745661928
GPAM,0.034541661413064
GPANK1,0.1272383259316409
GPAT2,0.5792939180911005
GPAT3,-0.1527115729541444
GPAT4,-0.070898485348036
GPATCH1,0.2465319861633868
GPATCH11,-0.0915042718768901
GPATCH2,0.1005024758132989
GPATCH2L,-0.0490963200793732
GPATCH3,0.2805915250360207
GPATCH8,0.0220841814835126
GPBAR1,0.117658016974703
GPBP1,0.1699000689385767
GPBP1L1,0.0979629730136986
GPC1,0.0233998045547424
GPC2,0.242759688766085
GPC3,-0.0439716087102334
GPC4,-0.1760627179645603
GPC5,-0.1388526245740934
GPC6,0.0814375794856188
GPCPD1,-0.1038362997980917
GPD1,0.0247944143180459
GPD1L,-0.0639793948213053
GPD2,-0.0253070215035434
GPER1,-0.0952566997409865
GPHA2,0.1527365417567185
GPHB5,-0.0426780310649543
GPHN,-0.1215043507709107
GPI,1.6577633800224287
GPIHBP1,0.0958984337573335
GPKOW,1.3493786388150684
GPLD1,0.0530917565959611
GPM6A,-0.1813138661301716
GPM6B,-0.0469920854210706
GPN1,1.7724506731883525
GPN2,3.5981414823042943
GPN3,1.990183624995352
GPNMB,-0.0814472613983894
GPR101,0.0094354871392408
GPR107,-0.0241845515620314
GPR108,0.1512018105116888
GPR119,0.0150439715105397
GPR12,-0.1763593173982489
GPR132,0.0423205087924792
GPR135,0.2087701249468689
GPR137,0.2064748247625717
GPR137B,-0.0398034077293268
GPR137C,0.2377519569118673
GPR139,-0.0897144493667818
GPR141,-0.1655120584997271
GPR142,0.0703324039517607
GPR143,-0.127467741259873
GPR146,0.0284586125744826
GPR148,0.0608111993272163
GPR149,0.0396836777001792
GPR15,-0.114538718840575
GPR150,0.0261156342515233
GPR151,0.0639126172310735
GPR152,0.1460500789586193
GPR153,0.0587876587341294
GPR155,-0.0043572024374956
GPR156,-0.0524719170050917
GPR157,0.0681027236900873
GPR158,-0.1220209905450079
GPR15LG,-0.0074871532105781
GPR160,-0.1070441895751889
GPR161,-0.0217081371122859
GPR162,0.0445466846561535
GPR17,0.2269823408858972
GPR171,0.0538464516578988
GPR173,-0.0668135619650795
GPR174,-0.0280321135724574
GPR176,-0.0354820279107829
GPR179,0.0488022070719425
GPR18,0.0392253723363184
GPR180,0.0067344981958222
GPR182,0.0343273115773229
GPR183,-0.1592227698882942
GPR19,-0.0727707394232808
GPR20,-0.0133743995326186
GPR21,-0.0299461355933972
GPR22,0.0983919139333975
GPR25,-0.1135679109142691
GPR26,-0.0398651417537233
GPR27,-0.0592152951811042
GPR3,-0.0355361042314836
GPR31,0.0449533956105922
GPR32,0.007238024610187
GPR33,-0.0396275227769075
GPR34,0.0156407046294914
GPR35,-0.0121953473512848
GPR37,-0.194604567153045
GPR37L1,0.119163798212929
GPR39,0.1566422843227426
GPR4,-0.1881602650179273
GPR45,0.2649125110854509
GPR50,-0.0235505563678401
GPR52,-0.1015836336052576
GPR55,-0.1191871944120798
GPR6,0.0256742680272534
GPR61,0.4427571323683056
GPR62,-0.0380659525967817
GPR63,-0.0148171461426742
GPR65,-0.0894814937153035
GPR68,0.1094635002344374
GPR75,0.051313259397609
GPR78,-0.1023171257250462
GPR82,-0.0994296088096396
GPR83,-0.0944288480728503
GPR84,0.099276976884084
GPR85,-0.0025738428956516
GPR87,0.2324448538526061
GPR88,0.1586074648114587
GPRASP1,-0.137212336073281
GPRC5A,-0.0586260333361852
GPRC5B,-0.1772327237572406
GPRC5C,-0.0338940540221042
GPRC5D,-0.1115089014798921
GPRC6A,-0.003845972862833
GPRIN1,0.1500350480183259
GPRIN2,-0.0253876157589872
GPRIN3,0.1131825408256491
GPS1,1.5688209739574832
GPS2,0.0969114480345799
GPSM1,-0.178559209062536
GPSM2,0.0575430364910653
GPSM3,0.2115441030135876
GPT,0.0642995003890365
GPT2,0.1440403239758136
GPX1,0.0620197168794906
GPX2,0.2585188042048165
GPX3,-0.1326925235439413
GPX4,0.6834650945015287
GPX5,-0.1503387608298197
GPX6,-0.064453262443051
GPX7,0.1315585518696173
GPX8,0.3098938128324978
GRAMD1A,-0.0122724758211038
GRAMD1B,-0.0132205915245985
GRAMD1C,-0.0570926878729358
GRAMD2A,0.0622006620823839
GRAMD2B,0.0623246933220547
GRAMD4,-0.1422966252058078
GRAP,0.2655380809580368
GRAP2,0.0985913437490269
GRB10,0.0492045725481329
GRB14,-0.0133089185356235
GRB2,0.9549953793753296
GRB7,0.1176301722745711
GREB1,-0.0694491195791401
GREB1L,-0.004227002792343
GREM1,0.1109285537300871
GREM2,0.0601004321932065
GRHL1,-0.2566622691872074
GRHL2,0.1644786975497316
GRHL3,-0.0170787249269673
GRHPR,0.2630197851815209
GRIA1,0.0823300560393545
GRIA2,-0.1754360988454199
GRIA3,-0.0617785468083858
GRIA4,0.1030318348339581
GRID1,0.0125525624865505
GRID2,0.1779769207263472
GRID2IP,-0.0027710783309894
GRIFIN,-0.3630669528453012
GRIK1,-0.0207923488979669
GRIK2,-0.1373282801957012
GRIK3,0.0240883921689068
GRIK4,-0.0696474381882643
GRIK5,0.1630258457985038
GRIN1,-0.0182232481176482
GRIN2A,0.0966580984661926
GRIN2B,-0.0984191804167406
GRIN2C,0.0464304810808333
GRIN2D,0.0557763806140368
GRIN3A,-0.1107969257104532
GRIN3B,0.1865563963992628
GRINA,0.0596023792071148
GRIP1,0.0609922837538556
GRIP2,-0.1023073663554922
GRIPAP1,-0.0827017204408494
GRK1,0.2287514690021231
GRK2,0.1436403118668548
GRK3,0.0995320047022701
GRK4,-0.1315705913531938
GRK5,-0.0554391450602496
GRK6,0.1367392844695256
GRK7,-0.0181348942925042
GRM1,-0.0531170312876324
GRM2,0.0938609547521985
GRM3,-0.0580680920764719
GRM4,-0.1542443143615206
GRM5,0.1789576965235131
GRM6,0.0874167703360931
GRM7,0.0599617276871589
GRM8,-0.0831201193309517
GRN,0.3197596676235524
GRP,-0.0212486929601653
GRPEL1,1.7217879931940696
GRPEL2,0.0529494560307726
GRPR,0.0009417727426881
GRSF1,0.5185833445246946
GRTP1,0.1071311125091797
GRWD1,1.296946637127699
GRXCR1,0.0358867872481827
GRXCR2,0.0810507129914501
GSAP,-0.0590508277931982
GSC,-0.0602190794174215
GSC2,0.1858932779485911
GSDMA,0.2675365311992185
GSDMB,0.236426124530029
GSDMC,-0.0481729727249619
GSDMD,0.1879488227093485
GSDME,0.0034922787401864
GSE1,-0.0395083420784218
GSG1,0.049478666450839
GSG1L,0.0274924168150218
GSG1L2,-0.0666398098744365
GSK3A,0.0459964201080638
GSK3B,-0.2489382713855084
GSKIP,-0.2001383305851387
GSN,0.1309910378808365
GSPT1,2.421277606031804
GSPT2,-0.0179707661945748
GSR,0.0602699274120874
GSS,-0.0431221928927902
GSTA1,0.1667093911621133
GSTA2,0.2293508657810349
GSTA3,0.0923454433569099
GSTA4,-0.0547359995167271
GSTA5,0.1920793813498788
GSTCD,-0.0448100908278554
GSTK1,0.1201283037739854
GSTM1,-0.0502234901089253
GSTM2,0.2869365167743944
GSTM3,0.2456432600759425
GSTM4,0.4080626939842835
GSTM5,0.1300098445371074
GSTO1,0.2001662767898897
GSTO2,0.0859748284235546
GSTP1,0.3094545814310676
GSTT2B,0.0918850955677588
GSTT4,0.1777705639455702
GSTZ1,-0.1917680445445803
GSX1,-0.0467433952507037
GSX2,0.1662406972935181
GTDC1,0.0019640975646572
GTF2A1,1.100654446258174
GTF2A1L,0.1280238087489655
GTF2A2,1.9208372551064112
GTF2B,2.06588015055492
GTF2E1,1.5145335406858458
GTF2E2,1.5487712937699325
GTF2F1,0.6034038782608045
GTF2F2,0.7084811974456381
GTF2H1,1.132465303439559
GTF2H3,1.110759263288695
GTF2H4,1.3586165256094185
GTF2H5,0.0993714117034896
GTF2I,0.1323522219165705
GTF2IRD1,-0.1819057158056569
GTF2IRD2,-0.1024359084479423
GTF2IRD2B,-0.253179833696128
GTF3A,1.923971099395137
GTF3C1,1.2520478719347952
GTF3C2,0.8709749465805321
GTF3C3,0.6540327176500953
GTF3C4,0.7528998907070137
GTF3C5,0.9931074586230856
GTF3C6,0.4976965092727803
GTPBP1,0.0440013658679456
GTPBP10,0.712472052624339
GTPBP2,0.1227282147517108
GTPBP3,-0.084022609321651
GTPBP4,2.2531125157294243
GTPBP6,0.6947681451465259
GTPBP8,0.5432915939980605
GTSE1,0.1922432908394069
GTSF1,0.1199642361406931
GTSF1L,-0.2039237905121685
GUCA1ANB-GUCA1A,-0.0896592418697201
GUCA1B,-0.0464084289936336
GUCA1C,0.000231714894928
GUCA2A,0.2154290334217494
GUCA2B,-0.1300460301501753
GUCD1,0.1824394297119673
GUCY1A1,-0.1356326500877532
GUCY1A2,0.0242279959826451
GUCY1B1,-0.1558550157965769
GUCY2C,-0.1367738063470761
GUCY2D,0.0996895609904664
GUCY2F,-0.2567692492335754
GUF1,0.0557289007343071
GUK1,2.55533386936226
GULP1,-0.2175676664246925
GUSB,0.0532338064083343
GVQW3,-0.0525642419711079
GXYLT1,0.0379505339203582
GXYLT2,-0.1122109014631311
GYG1,0.0080774836847901
GYG2,-0.0952285204301674
GYPA,0.0289140934327584
GYPB,-0.212599662114741
GYPC,0.0045375685881685
GYPE,0.0967389063797819
GYS1,-0.0608334945154282
GYS2,-0.1089657940727772
GZF1,0.1182611916763196
GZMA,-0.0775232997140937
GZMB,0.0680536363802376
GZMH,0.2213930135925708
GZMK,0.0806315898694717
GZMM,0.1565626264134312
H1-0,-0.0046893546338212
H1-1,0.0349524155560013
H1-10,0.084552660344025
H1-2,0.3459927155860263
H1-3,0.2466049017378654
H1-4,0.4185129637875352
H1-5,0.0308681319616604
H1-6,-0.10368092338745
H1-7,0.1130429729927085
H1-8,0.0445514353858342
H2AC1,0.0774931007593493
H2AC11,0.3242939861370318
H2AC12,0.8836640253212174
H2AC15,0.827183529298781
H2AC16,0.4253928392043848
H2AC17,1.0179401673467845
H2AC20,1.1139090849663722
H2AC21,0.3424739617647823
H2AC25,0.2622337783777954
H2AC4,0.5332002909092521
H2AC6,0.6089240510213911
H2AC7,0.5430865787403489
H2AC8,0.4879363721924359
H2AJ,0.3775900478979914
H2AP,-0.14139603610037
H2AX,0.8304038752689351
H2AZ1,0.9905951111433796
H2AZ2,0.0044909837331001
H2BC1,-0.0385820997792954
H2BC10,0.2071246510124523
H2BC11,1.916977577195277
H2BC12,0.4668329445536587
H2BC13,1.051175763742005
H2BC14,0.5667275748629538
H2BC15,1.1584149893317652
H2BC17,0.3332424719368587
H2BC18,0.4383755267090371
H2BC21,0.7546817661769369
H2BC26,0.249724291156548
H2BC3,0.337015028436867
H2BC4,1.4021312153465282
H2BC5,0.6252995833904795
H2BC6,1.0415599756030685
H2BC7,0.0202924765438214
H2BC8,0.4343695245778297
H2BC9,0.5226487216277849
H2BK1,-0.0802405467484462
H2BW1,0.0879384417215936
H2BW2,-0.0352519976618283
H3-3A,1.6912584669641393
H3-3B,0.4464211299056839
H3-4,0.1493383828092464
H3-5,0.0188494437846428
H3C1,0.5109047633648272
H3C10,0.2520631939299038
H3C11,0.3478776024103582
H3C12,0.2669431343197285
H3C2,0.3185336355594313
H3C3,0.2794300108535732
H3C4,0.3017243512750024
H3C6,0.2733160244030029
H3C7,0.2885882242951401
H3C8,0.5015816404809476
H4C1,0.1871594959038866
H4C13,0.0954267172619062
H4C16,0.1002143760317106
H4C2,0.1086968382942482
H4C3,0.3812014313090693
H4C4,0.2485165077229102
H4C5,0.3087573009325644
H4C6,-0.128848341532501
H4C7,0.137683476191563
H4C8,0.0664586077960363
H4C9,-0.1647528962590976
H6PD,0.1677773886144688
HAAO,0.2768104777485503
HABP2,-0.1480247748354777
HABP4,0.1751156709989314
HACD1,0.0810344197058598
HACD2,0.2381250484109145
HACD3,-0.0573221005731814
HACD4,-0.0614005335967467
HACE1,0.168264627741542
HACL1,-0.0309036996418423
HADH,0.0625616088529867
HADHA,0.1674431825666515
HADHB,-0.0080181855246993
HAGH,0.1916376897881464
HAGHL,0.0637380389349189
HAL,0.0420843865971545
HAMP,0.408385098429033
HAND1,-0.0527065033536991
HAND2,-0.0104489948993597
HAO1,-0.0107938482024845
HAO2,0.2358670349851192
HAP1,0.2001431467672185
HAPLN1,-0.0357559744240368
HAPLN2,0.4788800491439112
HAPLN3,-0.0562741433217686
HAPLN4,0.0595808971167905
HAPSTR1,0.1152324330514989
HAPSTR2,-0.2292252159745162
HARBI1,0.1708115461481665
HARS1,1.821683198980019
HARS2,1.1286342473480335
HAS1,-0.0020476059475276
HAS2,-0.0562785992112186
HAS3,-0.1460416263413079
HASPIN,-0.0191172524639357
HAT1,0.0204474590283355
HAUS1,1.8866580219560567
HAUS2,0.5038832250346186
HAUS3,0.9481316000140972
HAUS4,1.4519191326167304
HAUS5,1.6970710961302469
HAUS6,1.6802863345873622
HAUS7,1.644107797660578
HAUS8,0.9296620794277398
HAVCR1,0.0530941279867064
HAVCR2,0.0235788049548135
HAX1,0.312028834958715
HBB,0.0006482803668098
HBD,-0.1595503344816531
HBE1,-0.1449888077420082
HBEGF,0.1360113180173661
HBM,-0.0169080765186764
HBP1,0.0547516551455813
HBQ1,0.0359064162612925
HBS1L,0.1289549737023259
HBZ,0.1093101176320256
HCAR1,0.1598627815943737
HCAR2,-0.0244450115540711
HCAR3,0.0308000523126229
HCCS,0.357737520008641
HCFC1,1.6890577284459944
HCFC1R1,0.331970319607716
HCFC2,-0.0493430466468469
HCK,0.047411006813821
HCLS1,-0.0346367615493192
HCN1,-0.0545274889881991
HCN2,0.1447172852558399
HCN3,0.0652573087046702
HCN4,0.0265483664804911
HCRT,0.128331493620438
HCRTR1,0.261806013517487
HCRTR2,0.0543751454432315
HCST,-0.0193091174555545
HDAC1,0.0846318644584787
HDAC10,-0.082395143487657
HDAC11,-0.0114174494273572
HDAC2,0.3177211734771304
HDAC3,1.1941727888164986
HDAC4,0.1143659061645558
HDAC5,0.1852677916229019
HDAC6,-0.0611568930597093
HDAC7,0.1521296810364871
HDAC8,0.2602031876865007
HDAC9,-0.0758092370916113
HDC,0.0178111317216242
HDDC2,0.0320760833947903
HDDC3,0.0621097219392114
HDGF,-0.0028868032979445
HDGFL1,0.0626000702574591
HDGFL2,0.1314069742368416
HDGFL3,0.0873488768217132
HDHD2,-0.2301119862978754
HDHD3,0.163617207830876
HDHD5,0.119900765532803
HDLBP,-0.0147247062346797
HDX,-0.1952464360272276
HEATR1,1.924544266866937
HEATR3,0.075675543287204
HEATR4,0.0309089858918708
HEATR5A,0.1839456632118867
HEATR5B,0.1524885545843782
HEATR6,0.1688604491610101
HEATR9,0.1587105680039221
HEBP1,-0.1862596429766884
HEBP2,-0.1377247495296446
HECA,-0.1463233115999194
HECTD1,0.4023698206550811
HECTD2,-0.0309381522859982
HECTD3,0.1781550468180065
HECTD4,0.042482775789842
HECW1,0.0205307882331865
HECW2,-0.0437120629800916
HEG1,-0.0796073670118092
HELB,0.1122293147553955
HELLS,-0.0306374558140694
HELQ,0.1079117107959897
HELT,-0.1269175487613588
HELZ,0.1170199259482766
HELZ2,0.1461173008272552
HEMGN,0.0253721967341269
HEMK1,0.0934289590796274
HEMK2,0.5393400929195773
HENMT1,0.2683467012734346
HEPACAM,0.0104575237293206
HEPACAM2,0.0047067643526834
HEPH,-0.0574481415697606
HEPHL1,-0.0112790081280091
HERC1,-0.0467497773462737
HERC2,-0.056211531536536
HERC3,0.0489919913685916
HERC4,0.0291422901359735
HERC5,-0.0493469455612667
HERC6,0.112595271698489
HERPUD1,0.082944656338707
HERPUD2,0.1777430868354367
HES1,0.101103772605998
HES2,-0.0030683036991443
HES3,0.1276020520249761
HES4,0.0335320176393428
HES5,0.1300028176295391
HES6,0.0569476252620775
HES7,0.2637106609627571
HESX1,0.1183364097829106
HEXA,-0.0446494396521679
HEXB,0.1202062348332347
HEXD,0.0639897069701384
HEXIM1,0.5443713542833214
HEXIM2,0.0542603475460657
HEY1,0.0743660068458467
HEY2,-0.0372015878379105
HEYL,-0.0665169731477731
HFE,-0.0348807465267368
HFM1,0.0220054063477055
HGD,-0.0499916670083093
HGF,-0.0583540447705113
HGFAC,-0.0831428844470695
HGH1,0.1224954714711806
HGS,0.1790732791313332
HGSNAT,-0.1328545232344377
HHAT,-0.0697594363461312
HHATL,0.0760732323674508
HHEX,0.0378279739516643
HHIP,-0.0930546140700068
HHIPL1,-0.0974304538554802
HHIPL2,-0.1008675830371956
HHLA2,0.0343780667391766
HIBADH,-0.0674609620204475
HIBCH,0.1215772697310969
HIC1,0.0013257831369341
HIC2,0.0853918779658483
HID1,0.0862577239053982
HIF1A,-0.0883823133417701
HIF1AN,0.2317551754867322
HIF3A,-0.037362149853829
HIGD1A,-0.0043018951708516
HIGD1B,0.0567974649240318
HIGD1C,-0.0228730893801923
HIGD2A,0.3728832094624655
HIGD2B,0.0775858360635526
HIKESHI,0.4993668623211513
HILPDA,-0.1760220849030974
HINFP,1.8262854735260363
HINT1,-0.0228011799849831
HINT2,0.0088013254005369
HINT3,-0.0849431429970894
HIP1,-0.061299949678131
HIP1R,0.0221965516479899
HIPK1,0.2859754961156526
HIPK2,0.0713870897216822
HIPK3,0.0597316367173399
HIPK4,0.011362612849922
HIRA,0.6509375641402065
HIRIP3,0.0528433393386017
HIVEP1,-0.077578326079439
HIVEP2,-0.0082943549570835
HIVEP3,0.0950469194811917
HJURP,0.8685220754467413
HJV,0.197204382173101
HK1,0.5184191393288599
HK2,0.2702620552664911
HK3,0.0613224858116226
HKDC1,0.0271573383762349
HLA-A,0.4206273762232048
HLA-B,0.1547402402377733
HLA-C,0.7201069787023082
HLA-DMA,0.0391865258861366
HLA-DMB,-0.1667126416438673
HLA-DOA,-0.0992336096980619
HLA-DOB,-0.0427501665213056
HLA-DPA1,-0.0664884092497647
HLA-DPB1,0.0044223026773453
HLA-DQA1,0.0631502710017538
HLA-DQA2,0.0363556074760944
HLA-DQB1,-0.0682019111441252
HLA-DQB2,-0.0287396917291181
HLA-DRA,0.1034849293755899
HLA-DRB1,0.1795819613426807
HLA-DRB5,-0.0732498456082758
HLA-E,0.1285230325212686
HLA-F,0.156074170284162
HLA-G,0.1326101122816783
HLCS,0.0257925588359656
HLF,0.0696398602861743
HLTF,-0.0518590134014202
HLX,-0.1216850788817495
HM13,0.0713319021966626
HMBOX1,-0.1860393404879569
HMBS,0.2077818836736777
HMCES,0.5057483078638841
HMCN1,0.0620475341533059
HMCN2,-0.2563455333117708
HMG20A,-0.1013532438772941
HMG20B,-0.0371224302410441
HMGA1,1.0231857562794309
HMGA2,0.0818231584051614
HMGB1,0.6646549018491757
HMGB2,-0.0711603001449685
HMGB3,0.1273839138150427
HMGB4,-0.1126392507556821
HMGCL,-0.0132426171393897
HMGCLL1,0.1706425859962472
HMGCR,1.155669655073229
HMGCS1,2.3178388279485085
HMGCS2,-0.0027036654078619
HMGN1,0.1826150051963403
HMGN2,0.4402880539805228
HMGN3,-0.0740520890698591
HMGN4,-0.0831716159262386
HMGN5,-0.0643951292139284
HMGXB3,0.0131363323509613
HMGXB4,0.0018734662085392
HMHB1,-0.0078630104136858
HMMR,-0.0461861589561887
HMOX1,-0.0395641126808624
HMOX2,0.0728920305659772
HMSD,-0.2114935236965809
HMX1,-0.1729888551932373
HMX2,-0.1993868780528611
HMX3,-0.0081610122005789
HNF1A,0.0599987034351145
HNF1B,-0.0220906325506554
HNF4A,-0.1061260206636274
HNF4G,0.012945760374591
HNMT,0.1397339862227526
HNRNPA0,0.4115285503711222
HNRNPA1,0.8251952544156208
HNRNPA1L2,0.4101408379556885
HNRNPA2B1,0.2191055182048029
HNRNPA3,0.0028110413881073
HNRNPAB,0.1513495337438134
HNRNPC,1.1797758905501616
HNRNPCL1,-0.0190958328004283
HNRNPCL2,0.1381741638383836
HNRNPD,0.3178728235800762
HNRNPDL,0.1457832182447477
HNRNPF,0.4862333693114167
HNRNPH1,1.1951850605744907
HNRNPH2,0.0739712756167735
HNRNPH3,0.1215995446250526
HNRNPK,1.8586074702162296
HNRNPL,1.033045899435863
HNRNPLL,0.0257945887522454
HNRNPM,1.4200119569045548
HNRNPR,0.3208092650166211
HNRNPU,0.8783761714055828
HNRNPUL1,0.0085820451372924
HNRNPUL2,0.3582782673676312
HOATZ,0.0907488465095494
HOGA1,0.0317525254280952
HOMER1,-0.0679238636400337
HOMER2,0.0532543141959763
HOMER3,0.2548742970681323
HOMEZ,0.1594373939401737
HOOK1,-0.0834982354610912
HOOK2,-0.0845323989012579
HOOK3,-0.0071913590656726
HOPX,0.0111904811325758
HORMAD1,0.2231154478496208
HORMAD2,-0.0600370064098817
HOXA1,0.0516688108549855
HOXA10,-0.0239525617561267
HOXA11,0.0873268425498197
HOXA13,0.0755123064322677
HOXA2,-0.0892450165954883
HOXA3,-0.0993545120396181
HOXA4,0.0059073858047965
HOXA5,0.1008916518053539
HOXA6,0.1125633425158048
HOXA7,0.097986077190709
HOXA9,0.0111211598891086
HOXB1,-0.0309570392670917
HOXB13,0.0671268564598686
HOXB2,-0.1383106020945877
HOXB3,0.0613573624367011
HOXB4,0.0894081444828894
HOXB5,0.2905958465017334
HOXB6,0.172052698626687
HOXB7,0.1826913378971095
HOXB8,0.230044461203047
HOXB9,0.3934567738695133
HOXC10,0.4931745125412489
HOXC11,0.2883021147783429
HOXC12,-0.0605425806046154
HOXC13,0.148112053823566
HOXC4,0.3204745287924185
HOXC5,0.1652210024851046
HOXC6,0.208659562043164
HOXC8,0.1420576581823238
HOXC9,0.0167160717433865
HOXD1,-0.0487657914619078
HOXD10,0.2224052122659832
HOXD11,0.127225327053665
HOXD12,0.1519293239352776
HOXD13,0.3878626754066552
HOXD3,0.0059900752559029
HOXD4,0.0818311954425926
HOXD8,-0.0013197771169414
HOXD9,0.0814943374203733
HP,-0.326676279312648
HP1BP3,0.0566547764581209
HPCA,0.0359862642064309
HPCAL1,-0.1243388225262942
HPCAL4,-0.0495894964735571
HPD,0.1085011476756938
HPDL,0.0585534750678953
HPF1,0.0278098316461927
HPGD,-0.2419187652973349
HPGDS,0.0535651989324267
HPN,-0.0423003554613476
HPR,-0.0554688672508591
HPRT1,0.039268524306355
HPS1,0.1155200925005471
HPS3,0.1339143377606041
HPS4,-0.0961076052096222
HPS5,0.1201769456741933
HPS6,0.102852704241093
HPSE,0.0577472711019992
HPSE2,0.0766232120707135
HPX,-0.0571057242814777
HR,-0.0246428627640048
HRAS,0.167989262023359
HRC,-0.1370744156143956
HRCT1,-0.041876575579271
HRG,-0.2354419388111243
HRH1,-0.0663448085627133
HRH2,-0.0821132627841852
HRH3,0.0501150037825241
HRH4,-0.1268316495992685
HRK,0.3870988200675682
HRNR,0.0403726478851677
HROB,0.2843957063034819
HS1BP3,0.1545720044498894
HS2ST1,0.0651102526610502
HS3ST1,-0.0280407946219043
HS3ST2,-0.0757180415076673
HS3ST3A1,0.0754518301167805
HS3ST3B1,-0.1602441613305114
HS3ST4,0.0064096333796253
HS3ST5,-0.137388980187967
HS3ST6,0.0251412861143434
HS6ST1,0.501816042751839
HS6ST2,-0.1259764339258852
HS6ST3,0.1126906581725311
HSBP1,0.0881923440602225
HSBP1L1,-0.3265539758067454
HSCB,1.3803629245163536
HSD11B1,0.1490383206185721
HSD11B1L,0.3797673953381754
HSD11B2,0.1896727087950993
HSD17B1,0.2211732343528742
HSD17B10,0.741353448240607
HSD17B11,0.1654014212483278
HSD17B12,0.7190071351474283
HSD17B13,0.0314218663084101
HSD17B14,-0.1945722560458126
HSD17B2,-0.1563703194826106
HSD17B3,0.1175081082479358
HSD17B4,0.1315382063813905
HSD17B6,-0.0196144708969608
HSD17B7,0.020403657138053
HSD17B8,-0.1251618805649361
HSD3B1,0.2176127424748663
HSD3B2,0.1739273921775177
HSD3B7,0.2055407603466396
HSDL1,0.0029901796857542
HSDL2,0.1486650353095715
HSF1,0.503435076560966
HSF2,0.0772225384931045
HSF2BP,-0.1713876029383552
HSF4,0.1705092806479245
HSF5,0.1855054312491528
HSH2D,-0.0819470571161671
HSP90AA1,0.5310508386711599
HSP90AB1,0.1297201275844554
HSP90B1,0.3152791793751311
HSPA12A,-0.0486139354379315
HSPA12B,-0.0421543281557053
HSPA13,0.1809565670199789
HSPA14,0.8927727020996714
HSPA1L,0.0411742496496252
HSPA2,-0.0558039757346269
HSPA4,-0.0107683731702235
HSPA4L,0.0570570185134221
HSPA5,1.533822891819904
HSPA6,0.2911260946289492
HSPA8,0.1999746934334711
HSPA9,2.5723960049160675
HSPB1,-0.0695550228841749
HSPB2,0.0909912274095535
HSPB3,-0.0208699026461487
HSPB6,0.139496153756295
HSPB7,0.1371134002674671
HSPB8,-0.078415983962011
HSPB9,0.1357897528084842
HSPBAP1,0.0615571671713827
HSPBP1,-0.0701774796957561
HSPD1,2.968381964383896
HSPE1,3.358316693173138
HSPG2,0.0917201969275331
HSPH1,-0.0117669354723079
HTATIP2,0.0001301175332828
HTATSF1,1.0221525790132266
HTD2,0.0518594526273332
HTN1,0.0466454752784354
HTN3,-0.0561344730215831
HTR1A,-0.0514803659628651
HTR1B,0.0590239565757298
HTR1D,-0.0419072611515493
HTR1E,-0.0651876670944587
HTR1F,-0.0038502517707411
HTR2A,-0.0584003140853112
HTR2B,0.0408682548020217
HTR2C,0.0499327170932625
HTR3A,-0.0447380616544167
HTR3B,0.0799219539948388
HTR3C,-0.142678547091564
HTR3D,-0.1043327291056601
HTR3E,-0.1053971287519163
HTR4,-0.0570017436394632
HTR5A,-0.0986755672850056
HTR6,-0.1096785226617548
HTR7,0.1970087726511849
HTRA1,0.0190161121446663
HTRA2,0.0631534604489742
HTRA3,-0.0473338016553252
HTRA4,0.1145091173031491
HTT,0.2551445227991604
HUNK,-0.042894828644677
HUS1,0.8314561751144425
HUS1B,-0.1249973513376347
HUWE1,0.7532026796732836
HVCN1,0.1463102339828349
HYAL1,-0.0079952694062985
HYAL2,-0.0050401837419128
HYAL3,-0.0358977144700298
HYAL4,-0.0534601605250802
HYCC1,-0.0825211699326039
HYCC2,-0.0576669325693593
HYDIN,0.2493171550796908
HYI,0.2205231099246568
HYKK,0.0101375304651936
HYLS1,0.1059011710219462
HYOU1,2.046614109478204
HYPK,1.363942449604814
IAH1,-0.0567717043532139
IAPP,-0.0182472279983464
IARS1,1.8559033429014444
IARS2,1.2837356160064468
IBA57,0.326245816683554
IBSP,-0.0578923278156194
IBTK,0.0805753582726823
ICA1,0.0402011265896294
ICA1L,0.0305277175830733
ICAM1,-0.0057040567655116
ICAM2,-0.0608990391681051
ICAM3,0.1320965442607201
ICAM4,0.0397378051222481
ICAM5,0.1920409637028243
ICE1,1.0115184964768096
ICE2,0.916224444696178
ICMT,0.1520825542154863
ICOS,-0.0994514661842989
ICOSLG,-0.1268206905798064
ID1,0.1074001694264392
ID2,0.1789834208458303
ID3,-0.1212790567078071
ID4,0.1520174769068274
IDE,0.1247825308857964
IDH1,0.0877194036633304
IDH2,0.0490892697520729
IDH3A,0.9981747638132524
IDH3B,-0.0329122573908269
IDH3G,0.0698404579704786
IDI1,0.0357562814792494
IDI2,-0.0988692108207186
IDNK,0.0333574676547933
IDO1,-0.0384930590304194
IDS,0.0169707421494049
IDUA,0.065428296373762
IER2,0.064339310509628
IER3,0.2175553940818953
IER3IP1,0.2111487318571618
IER5,0.0398472413799931
IER5L,-0.0475597923263313
IFFO1,0.2418279443514421
IFFO2,0.0258881780577146
IFI16,-0.1140796038763363
IFI27,-0.0235628356406844
IFI27L1,-0.0757934285752319
IFI27L2,-0.1489511159282452
IFI30,0.0428049894324994
IFI35,0.0576562621559271
IFI44,0.0285092341296767
IFI44L,0.0581970225152142
IFI6,-0.0176017883677596
IFIH1,0.0469408608366253
IFIT1,-0.0541654831592612
IFIT1B,0.0488096711910686
IFIT2,0.0296946079470679
IFIT3,-0.0314367940035942
IFIT5,-0.1912337380208351
IFITM1,0.0093351509851433
IFITM10,-0.0750547239126562
IFITM2,0.6178804623707703
IFITM3,1.2513084804843182
IFITM5,0.0730553765626691
IFNA1,0.0338250107737585
IFNA10,-0.2141595124317692
IFNA14,0.0015903869308505
IFNA16,-0.0340794660300447
IFNA17,-0.0084019628962314
IFNA2,-0.153585348298945
IFNA21,0.095775721212131
IFNA4,0.1300341245865381
IFNA5,0.0066629521328514
IFNA6,-0.0314818294856026
IFNA7,0.1448775655869785
IFNA8,-0.0717466284814217
IFNAR1,-0.0972155009232068
IFNAR2,-0.0579424165132584
IFNB1,-0.1653783027775909
IFNE,-0.168118422257575
IFNG,-0.0209628837508634
IFNGR1,-0.0956539016854526
IFNGR2,-0.0428680335024801
IFNK,-0.0971356252355973
IFNL1,0.0128434074789269
IFNL2,-0.078820131635833
IFNL3,-0.0381562028250554
IFNLR1,0.1938578515029005
IFNW1,-0.1066709451859861
IFRD1,-0.0824159645711479
IFRD2,0.2306018700238553
IFT122,0.1363637344662651
IFT140,0.0837049674638153
IFT172,-0.0267754265047845
IFT20,-0.0112382855844761
IFT22,-0.0555040806857105
IFT25,-0.0557337668816885
IFT27,-0.0967448470456358
IFT43,0.0032173143752258
IFT46,-0.0817907312717098
IFT52,-0.1161604162742389
IFT56,0.0147829618600555
IFT57,0.0886033434486943
IFT70A,0.1825581406438836
IFT70B,0.1602183598276915
IFT74,-0.0746422379254656
IFT80,0.1854697748596167
IFT81,0.0799524430623589
IFT88,-0.0962062803298757
IFTAP,0.0052792515701887
IGBP1,1.61809882106335
IGDCC3,0.0939984776769858
IGDCC4,0.1474281027044294
IGF1,0.0635173854923899
IGF1R,0.2131129376263036
IGF2,0.080938792867448
IGF2BP1,0.0604894339292943
IGF2BP2,0.2298897964844042
IGF2BP3,0.2522272199153846
IGF2R,-0.2108817825534362
IGFALS,0.0777780765969365
IGFBP1,-0.0276972852082374
IGFBP2,-0.0563171007416761
IGFBP3,0.1694110481763028
IGFBP4,0.0349907852626968
IGFBP5,-0.0349377020158527
IGFBP6,0.1401308793932569
IGFBP7,0.0904439897803089
IGFBPL1,0.212511197003157
IGFL1,-0.3645401720841595
IGFL2,0.0207931186227438
IGFL3,-0.0663824909876698
IGFL4,-0.0752833893525796
IGFLR1,0.2495000139727746
IGFN1,0.1131145866121801
IGHMBP2,0.1323255424632982
IGIP,-0.0531837151598229
IGLL1,0.13888489984899
IGLL5,0.2108945384068979
IGLON5,0.0959380429485818
IGSF1,-0.0937379270474767
IGSF10,0.1276634774019029
IGSF11,-0.0534524027556611
IGSF21,0.0511385147743133
IGSF22,0.0854030718364393
IGSF23,0.0290366321430272
IGSF3,0.2542923010932274
IGSF5,-0.0947600409425868
IGSF6,-0.0987267056888084
IGSF8,0.0603349286920219
IGSF9,0.073229528986974
IGSF9B,0.0495533511464239
IHH,0.0460676201708763
IHO1,0.1876081156911796
IK,1.7781928792809838
IKBIP,0.0518189279885559
IKBKB,0.1336664021570425
IKBKE,0.0072152343279751
IKBKG,0.4978714946777425
IKZF1,-0.1362256565014664
IKZF2,-0.1192522653003687
IKZF3,0.0428882597082564
IKZF4,-0.0542865720736277
IKZF5,0.014874036312704
IL10,-0.0684118583021219
IL10RA,-0.0214391550051424
IL10RB,-0.0811801112103019
IL11,0.14652410778546
IL11RA,0.1765253466511183
IL12A,0.1495425603509529
IL12B,-0.1308645490306301
IL12RB1,0.1480587366787754
IL12RB2,0.0789266518792049
IL13,0.0354497004525541
IL13RA1,-0.0152711768081587
IL13RA2,-0.038934928615076
IL15,-0.1395079787282051
IL15RA,0.0117742487285924
IL16,-0.1272605056402738
IL17A,-0.0933059005685628
IL17B,-0.0780920299541319
IL17C,-0.0291452572674098
IL17D,0.0712390877067281
IL17F,-0.0427354778655656
IL17RA,0.225619549102639
IL17RB,-0.0203862616165361
IL17RC,-0.0750384223458629
IL17RD,-0.0539044911564185
IL17RE,0.0691804872347611
IL17REL,-0.0777320948519254
IL18,0.2567539455500816
IL18BP,0.0698947123005038
IL18R1,0.0098463765373072
IL18RAP,0.0079624798675538
IL19,-0.0497757409848465
IL1A,-0.0164867699978805
IL1B,-0.0607932375494844
IL1F10,0.0114088364645361
IL1R1,-0.112525995386448
IL1R2,0.1617913425458996
IL1RAP,-0.0685015516185141
IL1RAPL1,-0.07477774287034
IL1RAPL2,0.0034871592381809
IL1RL1,-0.1312910620822562
IL1RL2,0.1804304616607048
IL1RN,-0.1135348487048154
IL2,-0.0126390568880652
IL20,-0.0117627420752332
IL20RA,-0.1532804063255173
IL20RB,-0.0987031816395757
IL21,-0.1248719402528176
IL21R,-0.0480271243489353
IL22,-0.0890580085691428
IL22RA1,0.198605197850224
IL22RA2,-0.034920425822093
IL23A,0.000191785114354
IL23R,-0.0890574557831543
IL24,0.1341946012088879
IL25,-0.15432062338222
IL26,-0.0233619321566414
IL27,0.1142053829527826
IL27RA,0.0755629534692527
IL2RA,-0.1868690266574656
IL2RB,0.0683911387278052
IL2RG,-0.0356650673675199
IL3,-0.113089443836602
IL31,0.1154968125769538
IL31RA,0.0272343956541846
IL32,-0.0960053158588254
IL33,-0.2159594132352826
IL34,0.2532229512776381
IL36A,0.0263851785884971
IL36B,0.0269672844125636
IL36G,0.0572155064140999
IL36RN,-0.0472793838709987
IL37,-0.1112654419038959
IL3RA,-0.1027074083113765
IL4,0.131899389538358
IL4I1,-0.0315913718496602
IL4R,0.0465759705455587
IL5,-0.08695553828084
IL5RA,-0.2020456334814292
IL6,-0.1209818575926012
IL6R,0.1467514199308315
IL6ST,0.2329361336962338
IL7,-0.0422284215242841
IL7R,-0.0327242990822531
IL9,0.0184315344516503
IL9R,0.1212994055388363
ILDR1,0.0531572107215199
ILDR2,0.1429997824829957
ILF2,1.357818481516453
ILF3,1.75513547483703
ILK,-0.1653840377806496
ILKAP,0.0083074152137477
ILRUN,0.1095409520536524
ILVBL,0.0398192970464121
IMMP1L,0.0037743202265044
IMMP2L,0.0237401764830816
IMMT,0.1067738146482882
IMP3,1.48162185336269
IMP4,1.708711335691712
IMPA1,0.0863147855496072
IMPA2,0.0472718262676581
IMPACT,0.1378651816682167
IMPDH1,0.1190309816415391
IMPDH2,0.7632915111714891
IMPG1,-0.1207970038329458
IMPG2,-0.1298162098794364
INA,0.1092865861393397
INAFM1,0.2218656654701514
INAFM2,-0.0955713926815873
INAVA,0.0013804735309696
INCA1,-0.1652671950480799
INCENP,1.2489535296651482
INF2,-0.1003748169399834
ING1,0.0121213780448598
ING2,-0.0559141097252552
ING3,0.5856535918781709
ING4,-0.2030003938186319
ING5,-0.1910069434891295
INHA,-0.0537639614767702
INHBA,0.0885954937204107
INHBB,-0.0410783955595567
INHBC,0.1380077363913242
INHBE,0.4355508039514277
INIP,0.1363204334024111
INKA1,0.1006551629162076
INKA2,0.0799363138349696
INMT,-0.1048334502073165
INO80,0.9462004572552688
INO80B,0.6629890522175594
INO80C,0.1856016506770074
INO80D,-0.0893832668953387
INO80E,0.0450973497636467
INPP1,-0.1134029357282939
INPP4A,0.1524528775902312
INPP4B,0.0640552295597559
INPP5A,0.1052716209129929
INPP5B,0.1116030531007137
INPP5D,-0.1501056589472123
INPP5E,-0.1470121177582771
INPP5F,0.0206734622184839
INPP5J,-0.1800185555711275
INPP5K,0.2090635455104016
INPPL1,-0.0088585244214979
INS,0.3899565013817669
INSC,0.027623295556935
INSIG1,-0.0255003901473936
INSIG2,0.0561864858655348
INSL3,-0.1027879811250819
INSL4,-0.2038411984734061
INSL5,0.0750313160503063
INSL6,-0.2514355298331689
INSM1,-0.0974203633123608
INSM2,0.0482420473594425
INSR,0.1120963705811479
INSRR,0.1111011898864714
INSYN1,0.0437158101896022
INSYN2A,0.0159921085833776
INSYN2B,0.0042825150023066
INTS1,1.354256307900121
INTS10,1.0614965507337537
INTS11,3.098912091983048
INTS12,0.543899648086491
INTS13,1.1125342949264416
INTS14,1.299270979674075
INTS15,1.5420653194365568
INTS2,0.9886483415360008
INTS3,2.463232921147039
INTS4,2.092288458996048
INTS5,1.4075237251932995
INTS6,1.1573924648593672
INTS6L,-0.1143867062716205
INTS7,1.83065863467994
INTS8,1.0444401980209117
INTS9,1.8294017732043584
INTU,-0.0083338023447327
INVS,-0.1373318703649168
IP6K1,-0.0030737526611969
IP6K2,0.1021362962619809
IP6K3,0.0927072021188846
IPCEF1,-0.0622703605176329
IPMK,0.0129220909325216
IPO11,1.3406779623625025
IPO13,1.1674039958181577
IPO4,0.1243136863347967
IPO5,0.2474481517366053
IPO7,1.0552526158777775
IPO8,-0.0035664449714395
IPO9,0.905158742134498
IPP,0.1655196560495471
IPPK,0.3446129397952728
IQANK1,-0.2136292572900528
IQCA1,0.0498268068649575
IQCA1L,-0.2347819590498777
IQCB1,0.1860760997953551
IQCC,0.2283929298340574
IQCD,0.0528381438106463
IQCE,0.124242846936574
IQCF1,0.2134786569048506
IQCF2,0.0191557986320267
IQCF3,0.0367946048783964
IQCF5,0.0493552200279984
IQCF6,-0.0520806435239715
IQCG,-0.2277247678427972
IQCH,-0.0015750512336478
IQCJ,-0.0285180092449474
IQCK,-0.0544785101432909
IQCM,-0.2180488383265041
IQCN,0.0145223762606639
IQGAP1,0.1228070397392819
IQGAP2,-0.0306260519618634
IQGAP3,0.2182922499947216
IQSEC1,0.0467303129387008
IQSEC2,0.0218459717770588
IQSEC3,0.0561983144399878
IQUB,-0.2006653003556984
IRAG1,-0.1550959418012054
IRAG2,0.0558118050692964
IRAK1,-0.1059037940904599
IRAK1BP1,0.139799690786025
IRAK2,-0.0086394535766923
IRAK3,-0.0516904243454241
IRAK4,0.0893700866323652
IREB2,0.0660711948099276
IRF1,0.0663767864650991
IRF2,0.0449722580673863
IRF2BP1,0.0665140192274386
IRF2BP2,-0.3336310453937626
IRF2BPL,0.0496009597188143
IRF3,-0.0896978497056726
IRF4,0.1413719224159704
IRF5,0.0463102937517198
IRF6,-0.0768885013913194
IRF7,0.0373023631769913
IRF8,-0.1864329360922276
IRF9,0.0583203201873661
IRGC,-0.1833013393168318
IRGM,-0.1049591376169866
IRGQ,-0.0176824675059489
IRS1,0.0604402044853268
IRS2,0.4780937988182425
IRS4,0.1517307521122776
IRX1,-0.1018568417240382
IRX2,-0.0116802591812183
IRX3,0.2835149147410233
IRX4,0.0028912928557927
IRX5,0.1781275732742978
IRX6,0.1675232376622096
ISCA1,0.7140674120410271
ISCA2,0.8809500528046552
ISCU,2.408367221113369
ISG15,-0.0620735825863712
ISG20,0.0624955921879679
ISG20L2,1.4884011260783343
ISL1,0.0962863820089531
ISL2,0.0029615899739742
ISLR,-0.0252972432204033
ISLR2,0.092372658481427
ISM1,-0.0651881028202794
ISM2,0.1177539688999283
ISOC1,0.1466773009180356
ISOC2,0.1226603073646031
IST1,0.0778169295886459
ISX,0.0895045555007797
ISY1,1.1916528320954958
ISYNA1,0.2332099489400516
ITCH,0.0487959611259282
ITFG1,0.0711905801039399
ITFG2,-0.1110033715403306
ITGA1,0.0068848609410884
ITGA10,-0.004445396986595
ITGA11,0.0414543708755752
ITGA2,-0.0109497862282497
ITGA2B,0.1744364112573945
ITGA3,0.1183322184852926
ITGA4,0.165388902353242
ITGA5,0.0017802455999666
ITGA6,0.1333672918194742
ITGA7,0.2338657969911456
ITGA8,0.1040099466445997
ITGA9,0.1387150347043152
ITGAD,-0.0466630736114069
ITGAE,-0.126956197759964
ITGAL,-0.1039204612627389
ITGAM,0.0270422826725272
ITGAV,0.4526678526505446
ITGAX,0.1077439278792283
ITGB1,0.0062931389246616
ITGB1BP1,-0.0445606470806612
ITGB1BP2,-0.1584516943204252
ITGB2,-0.0424136652543634
ITGB3,0.0558297098136444
ITGB3BP,-0.1833073808900908
ITGB4,0.049894359328119
ITGB5,0.2920902811525386
ITGB6,-0.0526375012310192
ITGB7,0.1433054646941643
ITGB8,0.0099215904760622
ITGBL1,-0.0908531785965191
ITIH1,-0.0439039453018272
ITIH2,-0.0218891364001964
ITIH3,-0.0121748270478788
ITIH4,0.0511433891361825
ITIH5,0.0797898054355441
ITIH6,0.0042874739663851
ITK,-0.0021450403900579
ITLN1,0.0131641306220827
ITLN2,-0.0100441347265176
ITM2A,0.0004320665507715
ITM2B,0.2734153318921368
ITM2C,0.067165872347098
ITPA,0.0776426360215369
ITPK1,0.07643583884932
ITPKA,0.1066230232326897
ITPKB,-0.08353232941622
ITPKC,-0.0258895336542824
ITPR1,-0.1111626624353803
ITPR2,-0.0006937913348078
ITPR3,0.1662676214480992
ITPRID1,-0.2124454567341194
ITPRID2,0.0190237582458405
ITPRIP,0.0694256487916736
ITPRIPL1,0.0451882510429645
ITPRIPL2,-0.161509562407804
ITSN1,-0.0956807399391614
ITSN2,-0.0222498494570517
IVD,-0.0436615345607311
IVL,-0.1501682460441092
IVNS1ABP,-0.1096110374665073
IWS1,0.304840344366903
IYD,0.0184883652450389
IZUMO1,0.0848830364822312
IZUMO1R,0.0280277591854264
IZUMO2,-0.2164293440234571
IZUMO3,-0.1278731368569058
IZUMO4,0.0372240456653803
JADE1,-0.1228214829691907
JADE2,-0.0431099529710011
JADE3,-0.0258370230901944
JAG1,0.0625740744471006
JAG2,-0.1398810914876911
JAGN1,0.0141708971970554
JAK1,0.1242979558576512
JAK2,-0.1455593780284283
JAK3,0.1062728874196874
JAKMIP1,-0.1483956441682571
JAKMIP2,0.0147068596122283
JAKMIP3,0.0142846287379134
JAM2,-0.089398562024219
JAM3,-0.1909807507426407
JAML,-0.0012439262913409
JARID2,-0.0026288475145853
JAZF1,0.3962190623914404
JCAD,0.0472998682896183
JCHAIN,-0.0928055109974381
JDP2,-0.1274958073694563
JHY,0.102606243015496
JKAMP,0.1716370825364842
JMJD1C,-0.009385296515706
JMJD4,0.0771103158785634
JMJD6,0.4794027117100553
JMJD7,0.0388622304329927
JMJD8,0.2713184797280548
JMY,0.2765725869979745
JOSD1,0.1743005095676234
JOSD2,-0.1655751352186147
JPH1,0.128769897125298
JPH2,-0.0748951449611222
JPH3,-0.1522976204786393
JPH4,0.129607982631385
JPT1,0.2237327382532264
JPT2,0.1421122662383267
JRK,-0.1851987326591419
JRKL,0.1589056011362489
JSRP1,0.1687185242193668
JTB,0.4286361232200028
JUN,0.4895733358868329
JUNB,0.0950191397139329
JUND,0.165608543090514
JUP,0.0535039751085785
KALRN,0.0711352692690039
KANK1,-0.0589360942070934
KANK2,-0.0388800370846808
KANK3,-0.1844039856536628
KANK4,0.0097049271358652
KANSL1,0.686227250580709
KANSL1L,-0.1315260920435522
KANSL2,1.0393675859358542
KANSL3,1.4938614611599976
KARS1,1.9949774183824425
KASH5,-0.0765124139515631
KAT14,0.1868196180514183
KAT2A,0.3139602381380711
KAT2B,-0.1126560953890274
KAT5,0.8470729061744391
KAT6A,-0.0520649683384706
KAT6B,0.023454080532097
KAT7,0.0708431878724875
KAT8,2.065752969376782
KATNA1,-0.0023646252027679
KATNAL1,-0.0582757633452367
KATNAL2,-0.1788995733490468
KATNB1,0.3791686803667943
KATNBL1,0.067572744346957
KATNIP,-0.0751631879105413
KAZALD1,-0.0716637324171082
KAZN,0.0103791045677777
KBTBD11,-0.0554748651208586
KBTBD12,-0.0415291284872673
KBTBD13,-0.0933872990047536
KBTBD2,0.1911348298751397
KBTBD3,0.2283354415765228
KBTBD4,-0.0668105378782659
KBTBD6,0.0749095283292504
KBTBD7,-0.0223790667224981
KBTBD8,-0.2298473825889588
KCMF1,0.6681604447355061
KCNA1,-0.0063012755182475
KCNA10,0.2616201698131298
KCNA2,-0.0396506467256932
KCNA3,0.0964900601189388
KCNA4,0.0492656382996078
KCNA5,-0.1172980779766636
KCNA6,-0.1735258541045242
KCNA7,0.0270559524010616
KCNAB1,-0.1290557597426988
KCNAB2,-0.0323707874751633
KCNAB3,-0.1647219130809203
KCNB1,-0.0716331441655886
KCNB2,-0.0370887081288961
KCNC1,0.1709317277244567
KCNC2,0.0081441432706783
KCNC3,-0.0122286222013648
KCNC4,0.1472448318143288
KCND1,0.049941151075274
KCND2,-0.0360187833320248
KCND3,0.2236758854688959
KCNE1,-0.0744510238118111
KCNE2,-0.0893330221249339
KCNE3,0.1138306947155986
KCNE4,-0.2101794267987201
KCNE5,-0.0488944305155428
KCNF1,-0.0152616302709833
KCNG1,0.0991762970308438
KCNG2,-0.0363469086674883
KCNG3,0.1154088889079161
KCNG4,0.0656745283007164
KCNH1,0.0010554999738261
KCNH2,-0.0104759431762186
KCNH3,0.2165094383975546
KCNH4,0.0267689928494669
KCNH5,0.0379930051244214
KCNH6,0.0507169382852469
KCNH7,0.0008979803174666
KCNH8,0.0057179066060945
KCNIP1,-0.0815414764035155
KCNIP2,-0.0272814271048157
KCNIP3,0.1202448492331899
KCNIP4,-0.0726853171535982
KCNJ1,-0.1030919532611009
KCNJ10,-0.0909609495729347
KCNJ11,0.067106525260803
KCNJ12,-0.2792293895622601
KCNJ13,0.0156653348167702
KCNJ14,0.0933825532354516
KCNJ15,-0.1744274694688238
KCNJ16,-0.0742275302572422
KCNJ18,0.1991984027360636
KCNJ2,0.0434995845357679
KCNJ3,-0.0109735966190343
KCNJ4,0.2445861023920266
KCNJ5,-0.1642184525006203
KCNJ6,-0.0197035086527719
KCNJ8,-0.0536734526863284
KCNJ9,0.2922301335171534
KCNK1,-0.0147159098082279
KCNK10,-0.0085077937111015
KCNK12,0.2603497036212235
KCNK13,0.0034440465878758
KCNK15,0.0163725627385012
KCNK16,0.0283905354369768
KCNK17,-0.0490031300907687
KCNK18,0.1122215725240545
KCNK2,-0.0594288695246911
KCNK3,-0.1143747890048977
KCNK4,0.2339352536363103
KCNK5,-0.0331759037530734
KCNK6,0.0072117888517143
KCNK7,0.1190457087394176
KCNK9,-0.0097215253154138
KCNMA1,0.0566590165463397
KCNMB1,-0.1969864857698828
KCNMB2,-0.1725323186246954
KCNMB3,-0.2138124351108573
KCNMB4,0.0993347953892156
KCNN1,0.1358104652771833
KCNN2,-0.0102544821505766
KCNN3,-0.0042159739433213
KCNN4,-0.0331845125439767
KCNQ1,-0.0133508041940055
KCNQ2,0.1211862972740231
KCNQ3,-0.0924643635076777
KCNQ4,0.1723506007066766
KCNQ5,-0.033764994755323
KCNRG,0.0593020991153181
KCNS1,0.0312252909124916
KCNS2,-0.089570243658997
KCNS3,-0.0177152066603097
KCNT1,0.1109718879027221
KCNT2,-0.0339967127531014
KCNU1,0.1844480078948634
KCNV1,-0.0415937174956881
KCNV2,-0.1440692304548062
KCP,0.0248360624375018
KCTD1,-0.1148578700807111
KCTD10,1.2270764043054856
KCTD11,0.0884648710005508
KCTD12,-0.0586362902422114
KCTD13,-0.0856174462378424
KCTD14,0.0493615922447503
KCTD15,0.0525242576193717
KCTD16,0.0443270006003393
KCTD17,-0.0247880560905257
KCTD18,0.0672460332904385
KCTD19,0.0779325319274288
KCTD2,0.2369154324230186
KCTD20,-0.0627491048237853
KCTD21,0.0367280781765077
KCTD3,-0.0588146151980245
KCTD4,-0.023480879813151
KCTD5,0.186001705418522
KCTD6,-0.1464002469474997
KCTD7,-0.030984487450215
KCTD8,0.1225258296345867
KCTD9,0.4326926167118601
KDELR1,0.0762598672444873
KDELR2,0.0991285351139992
KDELR3,0.0643782559078735
KDF1,0.1863539791419172
KDM1A,0.3407166783778407
KDM1B,-0.0419027529833704
KDM2A,0.3610410977272996
KDM2B,0.0881432477412876
KDM3A,-0.0579032378021478
KDM3B,-0.1246638087861568
KDM4A,0.0683950407290453
KDM4B,0.0146579061789166
KDM4C,0.0303270586397955
KDM4D,-0.0525520778179861
KDM4E,0.2983999784397816
KDM5A,0.1932820864136145
KDM5B,0.0233243918907212
KDM5C,0.1915564793614296
KDM5D,-0.6247420998514043
KDM6A,-0.0933549432142414
KDM6B,-0.0043828671475754
KDM7A,0.0987303384467066
KDM8,0.4999417882991631
KDR,0.2313494796841554
KDSR,1.5130341945372865
KEAP1,-0.0743190641033989
KEL,-0.0840802000666429
KERA,-0.0405690871895132
KGD4,0.218650330904042
KHDC1,0.064763251155007
KHDC1L,0.2091474836001333
KHDC3L,-0.0507992900423507
KHDC4,0.2811784760252421
KHDRBS1,0.0190628280680888
KHDRBS2,-0.0795711266555962
KHDRBS3,0.1027590192317876
KHK,0.0740659596685947
KHNYN,0.1006690720894647
KHSRP,0.4302427783956963
KIAA0040,-0.1521130011990814
KIAA0232,-0.0805736535242651
KIAA0319,0.0036884726775854
KIAA0319L,0.0085591373834544
KIAA0408,-0.1505386357487838
KIAA0513,0.05106898186847
KIAA0586,0.1154454551197734
KIAA0753,0.0429131798794592
KIAA0825,-0.0353574331827995
KIAA0930,-0.005367947545505
KIAA1143,0.3800446849467788
KIAA1191,0.1494795956960291
KIAA1210,-0.0909470082034353
KIAA1217,-0.0498968165927167
KIAA1328,0.2686961915222304
KIAA1549,0.0669879030304394
KIAA1549L,0.0014233965457538
KIAA1586,-0.0436634626270926
KIAA1614,-0.0026724173665444
KIAA1671,-0.0216296208945924
KIAA1755,-0.0494326544182663
KIAA1958,-0.0175313732858931
KIAA2012,0.0698549043486278
KIAA2013,0.275932483743696
KICS2,-0.0307579874283997
KIDINS220,0.3847899940238485
KIF11,2.766738600038426
KIF12,-0.0654281171360051
KIF13A,0.1244801372841442
KIF13B,-0.055905030059688
KIF14,0.2245027216199203
KIF15,0.2938468884599042
KIF16B,0.0534505705856246
KIF17,-0.0484819315249547
KIF18A,2.3472590311478694
KIF18B,0.4953700012121355
KIF19,0.0092944371198283
KIF1A,0.0585574477324449
KIF1B,0.0670610687001438
KIF1C,-0.0760503882743283
KIF20A,0.4402640245243408
KIF20B,0.2211686013214498
KIF21A,0.1032764698417094
KIF21B,0.0555436667089155
KIF22,0.5909921569826901
KIF23,1.714511238044496
KIF24,-0.0369668937878223
KIF25,-0.1150942845908256
KIF26A,-0.0593736760641673
KIF26B,-0.0119622463770442
KIF27,0.2332573265024967
KIF2A,0.0007825970348125
KIF2B,0.0211087596648536
KIF2C,0.1798471850215014
KIF3A,-0.0810589040874961
KIF3B,0.0218257608924684
KIF3C,0.0734651211669194
KIF4A,0.838635135738734
KIF4B,-0.0827796566770479
KIF5A,0.0643510300831867
KIF5B,0.1097298397327164
KIF5C,0.0668721215413474
KIF6,0.0174393199949927
KIF7,0.0380259312220144
KIF9,0.0437177550564708
KIFAP3,-0.0477378381283686
KIFBP,0.1164425345073353
KIFC1,0.014588920648506
KIFC2,-0.0335346475093035
KIFC3,-0.0603760338534615
KIN,1.459851701275543
KIR2DL1,0.0599375567677271
KIR2DL3,0.0017009476155893
KIR2DL4,0.0657270258302069
KIR3DL1,-0.1228767462625448
KIR3DL2,-0.0454208016855675
KIR3DL3,-0.1674840982275655
KIRREL1,-0.1008665171932204
KIRREL2,0.0605093079390016
KIRREL3,-0.1270842780414459
KISS1,0.0246380370862446
KISS1R,0.0413952058502959
KIT,0.0391325597320813
KITLG,-0.1045795580672462
KIZ,-0.1282438217453949
KL,-0.0728172694930689
KLB,0.0667853279081927
KLC1,-0.1079754621641951
KLC2,0.5396032681184119
KLC3,0.2030316490001177
KLC4,0.046174997217793
KLF1,0.1370328168780709
KLF10,0.1743255836636122
KLF11,-0.0842239425641022
KLF12,-0.0060018148213322
KLF13,-0.0005998934220095
KLF14,0.1548141339546121
KLF15,0.0597634800975805
KLF16,0.5313657072417346
KLF17,0.0631152696275548
KLF18,0.0491178748140308
KLF2,0.0274059096785309
KLF3,-0.106182699023251
KLF4,0.1341079956686397
KLF5,0.1111112700814062
KLF6,0.0323865235294331
KLF7,0.192993188618358
KLF8,0.0772663967042478
KLF9,0.1853562222798954
KLHDC1,0.135227518670602
KLHDC10,0.0789614109979509
KLHDC2,0.0009387645497171
KLHDC3,0.0714725517261599
KLHDC4,0.1465805709442192
KLHDC7A,0.1053054402589786
KLHDC7B,-0.1369918753427477
KLHDC8A,0.3050233784940582
KLHDC8B,0.1039510297582576
KLHDC9,0.0684920400696943
KLHL1,-0.0894475298237738
KLHL10,0.0748858028750516
KLHL11,0.3011800206031369
KLHL12,0.0979229911884652
KLHL13,0.0062068233421056
KLHL14,0.0020820743779205
KLHL15,-0.0861522935439008
KLHL17,-0.1101360733413383
KLHL18,-0.0409179850039631
KLHL2,-0.0376016367578301
KLHL20,0.0851359213922627
KLHL21,-0.1121486559836665
KLHL22,0.110666760554866
KLHL24,-0.1235000105917202
KLHL25,0.0417893756914502
KLHL26,0.2345846840982588
KLHL28,-0.0179947705486857
KLHL29,0.0159101419052084
KLHL3,0.043125551281199
KLHL30,-0.0148271605477988
KLHL31,-0.0908518445411284
KLHL32,-0.0204773301961499
KLHL33,0.1305844714798548
KLHL34,0.1337321944862997
KLHL35,-0.0634390936547759
KLHL36,-0.1645924049678869
KLHL38,0.0243178032644974
KLHL4,-0.262691305799172
KLHL40,0.1005003010097748
KLHL41,-0.0005850852763582
KLHL42,0.0289478129323558
KLHL5,-0.1338551809167825
KLHL6,-0.1171355070626154
KLHL7,0.1466553720710945
KLHL8,-0.1826307038064003
KLHL9,-0.0812063690192895
KLK1,-0.1067086481462697
KLK10,-0.008408385206795
KLK11,-0.0544942447437675
KLK12,-0.092789632058706
KLK13,0.0975663494314776
KLK14,-0.0132788871997236
KLK15,-0.1650080595883316
KLK2,-0.1018353392691243
KLK3,-0.0567964693135881
KLK4,0.0040874107484598
KLK5,0.0578055573068735
KLK6,-0.1279248232792822
KLK7,-0.0352402921846737
KLK8,-0.0498882134871986
KLK9,0.0412250068508502
KLKB1,-0.1310349031268999
KLLN,0.1704317429384148
KLRB1,-0.0197147262477074
KLRC1,-0.1571485474531686
KLRC2,-0.0718938222281547
KLRC3,-0.2524830143396771
KLRC4,-0.0176845137644754
KLRD1,-0.0502940299462945
KLRF1,-0.1354368770972217
KLRF2,-0.0587038739234567
KLRG1,-0.0837586056551373
KLRG2,0.0120346735808503
KMO,0.0072438090911105
KMT2A,0.0774230640528868
KMT2B,0.391450587167143
KMT2C,0.0980555541611925
KMT2D,0.1179994245854558
KMT2E,0.065617132015392
KMT5A,0.3588431946355072
KMT5B,0.2202013703350471
KMT5C,-0.0231543515041616
KNCN,-0.0457609624755021
KNDC1,-0.1254396882319453
KNG1,0.0619683362919319
KNL1,0.6432428333287535
KNOP1,-0.2225096576619153
KNSTRN,-0.0934873211185669
KNTC1,0.2703622978975608
KPLCE,-0.070777665517771
KPNA1,-0.02751937277559
KPNA2,0.3426367499408032
KPNA3,-0.012428749517171
KPNA4,0.2353439566103491
KPNA5,-0.1516829402055208
KPNA6,0.3129848035906538
KPNA7,0.0333373600422272
KPNB1,2.70871587419162
KPRP,-0.0349750811931016
KPTN,-0.0076782997020305
KRAS,0.3266015187073175
KRBA1,-0.0516515851383043
KRBA2,0.0286416019872573
KRBOX1,0.0584384726395926
KRBOX4,-0.350012554235408
KRBOX5,0.301777984824125
KRCC1,0.0668218957516869
KREMEN1,-0.0012567615030238
KREMEN2,0.1776885341572896
KRI1,1.0637993771984704
KRIT1,-0.0179214794512982
KRR1,1.1707016879251184
KRT1,-0.0432597667319731
KRT10,0.3052475475562273
KRT12,0.1319719953058561
KRT13,-0.0850826748527761
KRT14,0.149782576033835
KRT15,-0.0479930510683852
KRT16,-0.1423199686836694
KRT17,0.0018258905417702
KRT18,0.0342100593673425
KRT19,0.0876113287978842
KRT2,-0.0192337430087725
KRT20,-0.0043974922525117
KRT222,-0.0135843991096364
KRT23,0.0472381742961955
KRT24,0.0838396153794175
KRT25,0.0214726450467608
KRT26,0.0143053738228263
KRT27,0.0797788646275654
KRT28,0.2422701216326156
KRT3,-0.043015898091192
KRT31,0.2061881995298146
KRT32,0.1664983081851041
KRT33A,0.1424774667113253
KRT33B,-0.0010612815877516
KRT34,-0.0313297068415087
KRT35,0.041645920443808
KRT36,-0.1212058808227315
KRT37,-0.0101413133126461
KRT38,-0.0354963752135114
KRT39,0.0480026760195958
KRT4,-0.0424793293785672
KRT40,-0.0487602227134349
KRT5,0.0362491696622868
KRT6A,0.2663629565705136
KRT6B,-0.0489963408295604
KRT6C,0.0616628977708234
KRT7,0.1969247168269045
KRT71,0.0865093797268361
KRT72,0.1270752750328582
KRT73,-0.0947468011906344
KRT74,0.0272334291828565
KRT75,0.0168505434019482
KRT76,0.0446362451276292
KRT77,-0.0008785641397662
KRT78,-0.0506595910381333
KRT79,0.0124647116297714
KRT8,0.2914143261282617
KRT80,-0.0760337010682526
KRT81,0.1849135585748663
KRT82,-0.0359095932957487
KRT83,0.1503505818122319
KRT84,-0.0292705062019729
KRT85,0.0521719758355169
KRT86,0.1357803248868067
KRT9,0.107367913755443
KRTAP1-1,-0.0295179705506059
KRTAP1-3,-0.1567643636901213
KRTAP1-4,0.0063482743139542
KRTAP1-5,-0.1147066920319307
KRTAP10-1,0.1886914034457633
KRTAP10-10,-0.0991898473530916
KRTAP10-11,0.1393339987330738
KRTAP10-2,0.0171771521043613
KRTAP10-3,0.2420963336056833
KRTAP10-5,-0.0473400134986416
KRTAP10-8,0.2086841561979736
KRTAP10-9,0.2628969975201155
KRTAP11-1,-0.1023846972079104
KRTAP12-1,-0.1208388989968696
KRTAP12-2,-0.135751106915533
KRTAP12-3,-0.0392850921938162
KRTAP12-4,0.1328753256621067
KRTAP13-1,0.1184330167785352
KRTAP13-2,0.0744803440009531
KRTAP13-3,0.1845420707331424
KRTAP13-4,0.1887095362997708
KRTAP15-1,0.2622260371132591
KRTAP16-1,0.0470436562840038
KRTAP17-1,0.3206101037893596
KRTAP19-1,0.0425797777021292
KRTAP19-2,0.0436065324799109
KRTAP19-3,0.253197637008532
KRTAP19-4,0.0296929026416766
KRTAP19-5,-0.0075684480260581
KRTAP19-6,0.1296437029905719
KRTAP19-7,0.2239948847985763
KRTAP19-8,0.2041069017441906
KRTAP20-1,0.0662268766833023
KRTAP20-2,0.0581583137229309
KRTAP20-3,0.067812916223115
KRTAP20-4,-0.2547412549121444
KRTAP21-1,0.5664390415991315
KRTAP21-2,0.1470341863449629
KRTAP21-3,-0.0419695356903348
KRTAP22-1,0.0394861318718682
KRTAP22-2,0.0411382220890713
KRTAP23-1,0.1668846831909987
KRTAP24-1,0.0119036066146515
KRTAP25-1,-0.126276047806692
KRTAP26-1,-0.0917696594711481
KRTAP27-1,-0.0202238375694788
KRTAP29-1,0.0084123676883195
KRTAP3-1,-0.0123605400138345
KRTAP3-2,0.0607192813173729
KRTAP3-3,0.0657391855646516
KRTAP4-1,-0.3711128054961712
KRTAP4-11,0.5744694727050964
KRTAP4-12,0.1871953402577586
KRTAP4-2,0.80211547218708
KRTAP4-3,0.4497715624645058
KRTAP4-4,0.2086584512822266
KRTAP4-5,-0.0031060699578545
KRTAP4-6,0.0580072244847387
KRTAP4-7,-0.1848851559989058
KRTAP4-8,0.2109000927433269
KRTAP4-9,0.2725502902909991
KRTAP5-1,0.0994948783755387
KRTAP5-10,0.181712108088905
KRTAP5-11,0.2697853055446108
KRTAP5-2,-0.0934924089762639
KRTAP5-3,0.0530711470684171
KRTAP5-5,0.1875059758002486
KRTAP5-6,-0.1240890277929139
KRTAP5-7,0.8232088065331092
KRTAP5-8,-0.1094384220562427
KRTAP5-9,0.1966168251291972
KRTAP6-1,0.0672224679776048
KRTAP6-2,-0.0524732332756777
KRTAP6-3,-0.126640542547865
KRTAP7-1,-0.1951258396436161
KRTAP8-1,-0.0162116969855999
KRTAP9-1,0.004001259717891
KRTAP9-3,0.1765950490115738
KRTAP9-6,0.0334727220705914
KRTAP9-8,0.2521141787854278
KRTAP9-9,0.2507279088440829
KRTCAP2,0.1949445948206022
KRTCAP3,0.0648345674620434
KRTDAP,0.1728557970652369
KSR1,0.0078846504844256
KSR2,-0.1510024876189304
KTI12,1.199231153261816
KTN1,-0.2200947057587261
KXD1,0.2232065746392114
KY,0.0204328337571482
KYAT1,-0.0121205429784152
KYAT3,-0.1196370797943604
KYNU,0.0467806279635552
L1CAM,-0.0416815217125605
L1TD1,-0.0215654031906654
L2HGDH,0.0845507164042695
L3HYPDH,0.2178899994390732
L3MBTL1,0.1750753892424943
L3MBTL2,0.0164074304772228
L3MBTL3,-0.0661070365349311
L3MBTL4,-0.0572161959067786
LACC1,-0.0833255675253939
LACRT,0.1045353729279695
LACTB,0.286826532889252
LACTB2,0.0120949958928202
LACTBL1,0.0801999490023212
LAD1,0.0574812994642072
LAG3,-0.099154489713413
LAGE3,0.379478006492324
LAIR1,-0.0132666315988234
LAIR2,0.1388482099373163
LALBA,-0.0277044194131635
LAMA1,-0.0525236110096037
LAMA2,-0.0234247685200445
LAMA3,0.0681051722569068
LAMA4,0.0275953744113974
LAMA5,-0.0347702572787093
LAMB1,-0.0019698951185573
LAMB2,0.1457942830199638
LAMB3,0.0701129861373134
LAMB4,0.1406231744254306
LAMC1,-0.0609469475090437
LAMC2,0.1503310067842142
LAMC3,-0.0199105323746772
LAMP1,-0.1222845898817716
LAMP2,-0.173947034579059
LAMP3,-0.0838410997793995
LAMP5,-0.1773203049164028
LAMTOR1,0.1881373507363857
LAMTOR2,0.542766341248252
LAMTOR3,0.3642558616462462
LAMTOR4,0.570354685504141
LAMTOR5,0.2186206757077156
LANCL1,-0.0193662802685586
LANCL2,-0.1187776706671609
LANCL3,0.2133309304976346
LAP3,0.0995551220606202
LAPTM4A,0.0045595112287544
LAPTM4B,0.1795662292552932
LAPTM5,-0.106621989678219
LARGE1,-0.111020007888537
LARGE2,0.0745989856353872
LARP1,0.6563050223101203
LARP1B,0.1436514609534607
LARP4,0.455669654416118
LARP4B,0.294459420374079
LARP6,0.2752505310217137
LARP7,0.0984876238839671
LARS1,1.3082915947055953
LARS2,0.6697674244336106
LAS1L,1.4468765467750058
LASP1,0.0954057014649704
LAT,0.0297663125964441
LAT2,-0.0769384160349841
LATS1,0.074080863436368
LATS2,0.0702038103782486
LAX1,0.0805001685075962
LAYN,0.1389159914625239
LBH,0.083981977395937
LBHD1,0.0861129182612921
LBHD2,-0.2717054596887986
LBP,-0.0324899507872288
LBR,-0.1274108525970157
LBX1,0.1109614377898413
LBX2,0.0105002661137138
LCA5,-0.060615068173042
LCA5L,0.0191147996941179
LCAT,0.1099225519112289
LCE1B,0.1746864156567544
LCE1C,0.1444663133536939
LCE1D,-0.0874182140905991
LCE1E,0.4798043491710552
LCE1F,0.5582359943400059
LCE2A,0.5007079205451721
LCE2B,0.2273244550736726
LCE2C,1.5123318282128793
LCE2D,0.2448684061018716
LCE3A,0.3014293686255927
LCE3B,-0.0788476632281416
LCE3C,0.1861626325672815
LCE3D,0.0975517314931161
LCE3E,-0.0159527530160624
LCE4A,0.1234117224408943
LCE5A,0.2389801834005603
LCE6A,0.1050010182013472
LCK,-0.0763319490186492
LCLAT1,-0.0146789004977451
LCMT1,0.0782017549088759
LCMT2,0.1944369566147906
LCN1,0.0888519644099828
LCN10,0.2350345596233018
LCN12,-0.0974485935915694
LCN15,0.1143733263933536
LCN2,-0.1023372574708637
LCN6,0.226107361395647
LCN8,0.2130372932671887
LCN9,0.088572974609377
LCNL1,-0.0807373217506226
LCOR,0.0353149798859422
LCORL,-0.1175756983511154
LCP1,-0.0895359169416604
LCP2,-0.0801675268862904
LCT,0.0862627357091974
LCTL,0.066467506491305
LDAF1,-0.1049874640014633
LDAH,-0.1364545281814197
LDB1,0.0068575617845416
LDB2,-0.016807030501295
LDB3,0.0998158223751261
LDHA,0.1121172966991938
LDHAL6A,-0.1428240740656704
LDHAL6B,-0.0286685397986999
LDHB,0.0036581124420478
LDHC,-0.093778533257809
LDHD,0.0289629576065141
LDLR,0.4068963503539036
LDLRAD1,0.0884773227463744
LDLRAD2,0.0448110842888294
LDLRAD3,-0.1473220230488283
LDLRAD4,-0.0134344954820921
LDLRAP1,0.031121656415093
LDOC1,-0.1456774029642996
LEAP2,-0.0425798415482427
LECT2,-0.0220232740576606
LEF1,-0.022689279812012
LEFTY1,-0.0010845180703394
LEFTY2,-0.1679439010873116
LEKR1,-0.174247484033935
LELP1,0.1368889272163611
LEMD1,-0.0687337204369801
LEMD2,0.433597836465539
LEMD3,0.1819272819798
LENEP,-0.002337596028249
LENG1,0.3079714131506547
LENG8,0.5279416683743667
LENG9,0.064535354431267
LEO1,0.5087804298484488
LEP,-0.1303989871864375
LEPR,0.1149935458383436
LEPROT,0.094809030375805
LEPROTL1,-0.0593778654526768
LETM1,1.860708080533772
LETM2,0.0775450067757579
LETMD1,0.1971440099566106
LEUTX,-0.0570725469854308
LFNG,-0.0497031539525101
LGALS1,-0.0877213199922775
LGALS12,-0.009510896109531
LGALS13,0.0861354584487267
LGALS14,0.129037292758229
LGALS16,-0.0194313096220891
LGALS2,-0.1362857493718207
LGALS3,-0.1099948497307058
LGALS3BP,0.1881719778326121
LGALS4,0.049940211676199
LGALS7,-0.0985976506174909
LGALS7B,0.2592928132016119
LGALS8,-0.0782594407399721
LGALS9,0.2364005243434367
LGALS9B,0.3275467504954781
LGALS9C,-0.0046368420174085
LGALSL,0.0871903917568261
LGI1,0.0888043326092951
LGI2,-0.0033698547960296
LGI3,-0.0980087502426084
LGI4,0.0602176682751329
LGMN,-0.1746137847929676
LGR4,-0.0740601022128384
LGR5,0.0886264260736667
LGR6,-0.0264451865810022
LGSN,-0.0332172324071073
LHB,-0.023091389445428
LHCGR,-0.0475773889007368
LHFPL1,-0.0495808715777209
LHFPL2,0.0605690725727477
LHFPL3,-0.2038047925343026
LHFPL4,-0.1205069185768824
LHFPL5,-0.0994849974693012
LHFPL6,-0.0742417800365658
LHFPL7,-0.0903531143928065
LHPP,-0.0752593456566075
LHX1,0.0202288202279012
LHX2,-0.1405498891345584
LHX3,0.0584178742918743
LHX4,0.1803999352702192
LHX5,0.0587225827877355
LHX6,-0.0094284328559934
LHX8,-0.0350479631218557
LHX9,0.0263575903725056
LIAS,0.2744650210086414
LIAT1,0.0005032623700271
LIF,0.0224027951411815
LIFR,0.1307548415745111
LIG1,0.7763205636059596
LIG3,0.4566191482763684
LIG4,0.0331988823257721
LILRA1,-0.1778371216867276
LILRA2,-0.1318987039797826
LILRA4,0.0315554977989684
LILRA5,0.0958196301863353
LILRA6,-0.036229606173875
LILRB1,-0.1371258452145524
LILRB2,0.0800444969591126
LILRB3,-0.1691235922991051
LILRB4,-0.0529849593739444
LILRB5,-0.0592212420841548
LIM2,-0.0301882474215542
LIMA1,-0.0060610508856207
LIMCH1,-0.0672927736699676
LIMD1,0.0016429341131302
LIMD2,0.3887058712205465
LIME1,0.0249601241677051
LIMK1,-0.0311877440421054
LIMK2,-0.0553064927551575
LIMS1,-0.2040412479407987
LIMS2,0.0285845898919057
LIN28A,0.0128408171665244
LIN28B,0.1147945262883462
LIN37,-0.036116229015275
LIN52,0.530056624692558
LIN54,0.248354949671807
LIN7A,-0.0242204708825739
LIN7B,0.0262229296510506
LIN7C,0.2248935668751442
LIN9,0.1522258681379157
LINGO1,-0.0056936530942485
LINGO2,-0.1638888412228288
LINGO3,0.0102413751957358
LINGO4,0.0009493799085926
LINS1,-0.0070700511921278
LIPA,-0.0669124062751176
LIPC,-0.146374863627804
LIPE,-0.01213199621083
LIPF,0.0724970237369511
LIPG,-0.1552499830836758
LIPH,-0.1807997496848375
LIPI,0.1259024338140995
LIPJ,-0.0540918389733307
LIPK,0.0386998292313444
LIPM,0.0976486682738071
LIPN,-0.0900273694934944
LIPT1,0.07576692508934
LIPT2,-0.0604007640899966
LITAF,-0.0061405601266075
LIX1,0.081451127155873
LIX1L,0.2741401221055143
LKAAEAR1,-0.0213923162086676
LLCFC1,0.142663106819285
LLGL1,0.0637762862615764
LLGL2,0.0464721679099803
LLPH,0.4698261836592264
LMAN1,-0.0465066664200083
LMAN1L,-0.0820369349872394
LMAN2,0.1268835567084807
LMAN2L,0.0548432227352131
LMBR1,-0.0477811934222562
LMBR1L,0.1667792583215717
LMBRD1,-0.0577882040396207
LMBRD2,-0.0567987562071612
LMCD1,-0.0883244232940396
LMF1,0.0568925814800171
LMF2,-0.0134332766935004
LMNA,0.2638395054577342
LMNB1,0.3233690852420285
LMNB2,-0.0550324923412012
LMNTD1,-0.0453278189898187
LMNTD2,-0.0877487280374594
LMO1,-0.1427484419473161
LMO2,-0.1495784066719485
LMO3,-0.0069649933729061
LMO4,0.182713022991418
LMO7,-0.1399346004112332
LMOD1,-0.0250543032391019
LMOD2,-0.0508236249431443
LMOD3,-0.053869198852229
LMTK2,0.1264648112518634
LMTK3,0.0376870178032283
LMX1A,-0.1022178153726031
LMX1B,-0.2019889707567747
LNP1,-0.0165683309596237
LNPEP,0.1200829426157567
LNPK,-0.0515030773671965
LNX1,0.1004961253999961
LNX2,-0.1250568472762639
LONP1,2.4976794524369104
LONP2,-0.1000925844432343
LONRF1,-0.1328763753380424
LONRF2,0.1614581081853703
LONRF3,0.0490510984001241
LORICRIN,0.0451280334553519
LOX,-0.0320772568655679
LOXHD1,-0.1607530113575181
LOXL1,-0.0343763714114498
LOXL2,0.0424902666021861
LOXL3,0.1719416354276404
LOXL4,0.0491857147256032
LPA,0.2711514902709659
LPAR1,-0.1236757560525571
LPAR3,-0.1388875487580486
LPAR4,-0.0982596403235605
LPAR5,0.0620374404522218
LPAR6,0.0365121625012846
LPCAT1,-0.1168180041662387
LPCAT2,0.0269919571965384
LPCAT3,0.0636466361010766
LPCAT4,0.0819748148539575
LPGAT1,0.0594270490084141
LPIN1,-0.1441660429885359
LPIN2,-0.2405854879967713
LPIN3,-0.0187912288546896
LPL,-0.2686261228564515
LPO,0.1769664275289563
LPP,-0.1887377821288872
LPXN,-0.1165681549930494
LRAT,-0.1173513619024218
LRATD1,0.131633041208549
LRATD2,0.1422737823584815
LRBA,0.0151854572296433
LRCH1,-0.0227972230000173
LRCH2,-0.0230703086575798
LRCH3,-0.0289856094122493
LRCH4,0.2434864087427339
LRCOL1,0.0649943912312939
LRFN1,-0.042275038795317
LRFN2,-0.2201459124531784
LRFN3,0.1837805918858269
LRFN4,0.2133507343258303
LRFN5,-0.0137883841370855
LRG1,-0.0091828892050289
LRGUK,0.0588671023115422
LRIF1,0.1751766397950458
LRIG1,-0.1861244061329514
LRIG2,0.1119195248614076
LRIG3,0.030491314581558
LRIT1,0.0923253113261047
LRIT2,-0.1468332502015371
LRIT3,-0.118180514114691
LRMDA,0.0208327853299015
LRP1,0.1986111605463674
LRP10,-0.0753238649155334
LRP11,-0.1979713051738443
LRP12,-0.0997646624164022
LRP1B,0.3130441605616439
LRP2,0.0532262214056016
LRP2BP,-0.0821174377885467
LRP3,0.0357482977547691
LRP4,0.2149572393860905
LRP5,0.0963679577774392
LRP6,-0.0274822707131838
LRP8,0.1672157088241058
LRPAP1,-0.0452534348647358
LRPPRC,1.12503824801357
LRR1,2.693673262993832
LRRC1,0.2107235177517473
LRRC10,-0.018448919218391
LRRC10B,0.1787275544175238
LRRC14,-0.0488477233184271
LRRC14B,-0.0850961931309344
LRRC15,-0.0017164656492104
LRRC17,-0.052102706234886
LRRC18,-0.0515922586162527
LRRC19,-0.1614830402973394
LRRC2,0.0350366924002775
LRRC20,-0.1122265178884279
LRRC23,-0.0859708836376897
LRRC24,-0.0865034978968487
LRRC25,-0.0985274273565467
LRRC26,-0.3193088333307332
LRRC27,-0.1396441075537166
LRRC28,-0.0618783351493662
LRRC3,-0.0893989973375665
LRRC30,-0.03344686412711
LRRC31,-0.233902799908129
LRRC32,0.0356058348881423
LRRC34,-0.1660096394048308
LRRC36,-0.087525690542381
LRRC37A2,0.7324195968544681
LRRC37A3,0.4947517605982847
LRRC37B,0.4735675846689033
LRRC38,-0.0894509404431663
LRRC39,0.0156277190702757
LRRC3B,-0.0024879476196813
LRRC3C,0.1705958762922622
LRRC4,-0.1456362280764359
LRRC40,-0.0964799949854486
LRRC41,0.008377328047294
LRRC42,0.0408630419188095
LRRC43,-3.657938416450068e-05
LRRC45,0.0553687362737878
LRRC46,0.2203646523643051
LRRC47,0.0189326844495778
LRRC49,-0.0148281287740566
LRRC4B,-0.0024009641958231
LRRC4C,-0.047716454994914
LRRC51,-0.1006468903861432
LRRC52,-0.3017209143076851
LRRC53,0.0096266076614448
LRRC55,-0.0025771211662398
LRRC56,-0.0782201276632664
LRRC57,0.1310164556207353
LRRC58,0.1783438142379253
LRRC59,0.0534576890578576
LRRC61,-0.0831139086865125
LRRC63,-0.0083484875059339
LRRC66,-0.0021471385720125
LRRC69,0.0756602987498367
LRRC7,-0.0678397311153559
LRRC70,-0.080217618262317
LRRC71,0.0451442336317584
LRRC72,-0.1675719733566497
LRRC73,0.0992993709382559
LRRC74A,0.0905802416957852
LRRC74B,-0.2383023739218694
LRRC75A,0.2258481564674378
LRRC75B,0.1809923581832695
LRRC8A,-0.2012198700047324
LRRC8B,-0.1276869595366512
LRRC8C,-0.0716922548233356
LRRC8D,0.0298971665177751
LRRC8E,0.2158165073904866
LRRC9,-0.0656091608451754
LRRCC1,-0.0848139438430851
LRRD1,-0.0315758980523984
LRRFIP1,-0.0205409629837756
LRRFIP2,-0.0234470416473212
LRRIQ1,0.0466590354513921
LRRIQ3,0.0433795909004916
LRRIQ4,-0.1125558799983726
LRRK1,0.0208249759325072
LRRK2,0.0633518528722237
LRRN1,-0.1345145173963384
LRRN2,0.0930076542881454
LRRN3,0.0333135365031296
LRRN4,0.0129289805362634
LRRN4CL,0.1231324301909364
LRRTM1,0.0462283934151314
LRRTM2,0.0382818976096922
LRRTM3,0.0958402436491456
LRRTM4,-0.0102683502619066
LRSAM1,-0.1138686162869216
LRTM1,0.1484843775340803
LRTM2,-0.0668980459758626
LRWD1,0.1939099781529887
LSAMP,-0.1364229266694173
LSG1,1.450697452940121
LSM1,-0.0024733094191759
LSM10,0.9492061593150484
LSM11,1.0884613058010129
LSM12,0.7069164294056476
LSM14A,0.2956055446560963
LSM14B,-0.0220370943792585
LSM2,3.723108105091248
LSM3,1.932394783424712
LSM4,2.041337792695771
LSM5,1.5483445649883487
LSM6,1.8171661405213035
LSM7,1.8699424466630523
LSM8,1.9209011087876509
LSMEM1,-0.1347008492297296
LSMEM2,0.0206814944621867
LSP1,-0.0473773945505909
LSR,-0.0613613470497364
LSS,-0.0413935282928254
LST1,0.3817334184520765
LTA,0.0567608691308084
LTA4H,-0.0081589083389978
LTB,-0.0536362911190066
LTB4R,0.3680749561389176
LTB4R2,-0.0734566192118579
LTBP1,0.0705846073655293
LTBP2,0.1177489404134028
LTBP3,0.231910290658436
LTBP4,-0.0986414281462768
LTBR,-0.0348645655568551
LTC4S,0.0793823276479148
LTF,0.282904265141355
LTK,-0.0448701779939998
LTN1,0.2527472368447431
LTO1,2.3595639778835693
LTV1,1.178544026384282
LUC7L,0.0057623549188797
LUC7L2,0.2189917088800721
LUC7L3,2.9789861144892336
LUM,0.011656389712733
LURAP1,0.2066348079219465
LURAP1L,-0.114833273717766
LUZP1,0.3164488287113397
LUZP2,0.0906732434916857
LUZP4,-0.1562247411790688
LVRN,0.0353200110943768
LXN,0.0112184760067008
LY6D,-0.1200164515060761
LY6E,-0.1279602419162751
LY6G5B,0.1154054336290034
LY6G5C,0.0690402092121785
LY6G6C,-0.085473924112189
LY6H,-0.1556592151418507
LY6K,0.1680284935951228
LY6L,-0.0983937911271388
LY75,-0.0165932891422535
LY86,-0.0468281497541641
LY9,0.018474070070478
LY96,0.0247746859480035
LYAR,-0.2152644598016073
LYG1,0.0120557141061454
LYG2,0.0926459638626132
LYL1,0.1974869854163223
LYN,0.0278248534230537
LYNX1,-0.2563563823414033
LYPD1,0.0301699177095989
LYPD2,0.106616355768253
LYPD3,0.0867854263976802
LYPD4,0.1156029921053734
LYPD5,-0.0828522707356617
LYPD6,0.0859336972466751
LYPD6B,-0.0512679389067826
LYPD8,0.0837980465547473
LYPLA1,0.0435052587593843
LYPLA2,0.3339527122091733
LYPLAL1,-0.0449765784987396
LYRM1,-0.1553838481913494
LYRM2,0.2616599666386174
LYRM4,1.913157063637389
LYRM7,0.0701261043932603
LYRM9,0.0192092787429085
LYSET,0.2837219977352647
LYSMD1,0.2666384551177983
LYSMD2,-0.0569990183597257
LYSMD3,-0.1590589286471463
LYSMD4,-0.181394273768177
LYST,0.0079364257385674
LYVE1,-0.00440608899981
LYZ,-0.0108602771185359
LYZL4,0.0366065497354244
LYZL6,0.0180297225189082
LZIC,-0.079823474091996
LZTFL1,-0.012712138232141
LZTR1,-0.0465471835763355
LZTS1,-0.0132307307275351
LZTS2,0.1361780137442447
LZTS3,0.0265919184944087
M1AP,0.0182422366658687
M6PR,0.0958349883306242
MAB21L1,-0.0921784809108101
MAB21L2,-0.0496130390685332
MAB21L3,-0.0572310045620128
MAB21L4,-0.0621242695906737
MACC1,-0.0346869131809965
MACF1,-0.0180381732569176
MACIR,0.1830441768093464
MACO1,0.0442483819466795
MACROD1,0.2617276000641107
MACROD2,-0.1278863197586447
MACROH2A1,0.1443978033037825
MACROH2A2,0.1417579821620626
MAD1L1,0.2763501849273206
MAD2L1,1.7763890906976
MAD2L1BP,0.1962409469274881
MAD2L2,1.7806555985817056
MADCAM1,0.0436163365095359
MADD,-0.0052357115359573
MAEA,0.4072797769667262
MAEL,-0.104390224075192
MAF,0.1229646877273332
MAF1,0.103689007263847
MAFA,-0.0431642496992173
MAFB,-0.0486292176035381
MAFF,0.2524999713987373
MAFG,0.0134387160465399
MAFK,-0.0829644166929253
MAG,0.1338627924662375
MAGEA1,-0.0040989849996554
MAGEA10,-0.0696654003820288
MAGEA11,0.019718472594175
MAGEA12,-0.0756920423932604
MAGEA3,0.0774183470916362
MAGEA4,-0.0441289556747913
MAGEA6,0.0457550711475129
MAGEA8,0.0190316561734379
MAGEB1,-0.0600449728835388
MAGEB10,-0.0459775358800146
MAGEB16,0.0082320161120795
MAGEB17,-0.1210803275093441
MAGEB18,-0.055993170302338
MAGEB2,-0.1545652837238033
MAGEB3,-0.0569494590536715
MAGEB4,-0.1836884584074139
MAGEB5,-0.1087381024937086
MAGEB6,-0.1324253706553702
MAGEC1,-0.0132571125406645
MAGEC2,0.0459460889738132
MAGEC3,-0.035959664321658
MAGED1,0.0176825280410864
MAGED2,-0.1086400924623343
MAGEE1,-0.1042037697149446
MAGEE2,-0.0867869258752833
MAGEF1,-0.1953726203553941
MAGEH1,0.0052097906992295
MAGEL2,-0.0343192458594064
MAGI1,-0.0078069308732787
MAGI2,-0.1512855179117403
MAGI3,0.0529582494809869
MAGIX,0.0305764579683559
MAGOH,2.681639980013938
MAGOHB,-0.0653027519916837
MAGT1,0.0229340625534587
MAIP1,0.2000970790247269
MAJIN,0.1572366223717476
MAK,-0.0459160796293208
MAK16,2.497941063934652
MAL,0.0991154653324097
MAL2,-0.0925618316304284
MALL,0.3488674335560804
MALRD1,-0.1131674172240992
MALSU1,0.4825985499530988
MALT1,-0.1948717435636534
MAMDC2,0.0134370817457186
MAMDC4,-0.088819630745305
MAML1,0.1707527699074403
MAML2,0.1307510687087179
MAML3,-0.0668236678577188
MAMLD1,-0.0919218026811234
MAMSTR,-0.0554262662113076
MAN1A1,0.0074817340362477
MAN1A2,0.1488660610486572
MAN1B1,0.0843855565675367
MAN1C1,0.0756866344639135
MAN2A1,-0.009564515808789
MAN2A2,-0.0666042359944472
MAN2B1,0.026532273493357
MAN2B2,-0.0738458474438363
MAN2C1,0.1331794789769264
MANBA,-0.06992852329706
MANBAL,0.2180731292279656
MANEA,-0.0302723042084599
MANEAL,0.0568494334328563
MANF,0.543680312831842
MANSC1,-0.0221434461178483
MANSC4,0.0687023688406173
MAOA,-0.0042196898033555
MAOB,-0.0454110200150661
MAP10,0.2372629605935526
MAP1A,-0.0173855603485818
MAP1B,0.0454334166107418
MAP1LC3A,0.0912383593724388
MAP1LC3B,0.3764091935454973
MAP1LC3B2,-0.1045710206850557
MAP1LC3C,0.0138222251209107
MAP1S,-0.1230828403411075
MAP2,-0.2724156733602786
MAP2K1,0.1324249790063639
MAP2K2,0.1618270039760053
MAP2K3,0.0786923669051005
MAP2K4,-0.036456966855423
MAP2K5,0.0460937021015958
MAP2K6,0.1221399574202235
MAP2K7,0.3992071557450255
MAP3K1,0.1837496229378248
MAP3K10,0.0363078615760641
MAP3K11,0.337210821227055
MAP3K12,0.1397713179512607
MAP3K13,-0.0313733551374623
MAP3K14,0.0635248552053442
MAP3K15,-0.1513001740812383
MAP3K19,0.1014468824248023
MAP3K2,0.0775723390298609
MAP3K20,0.1074876129935085
MAP3K21,0.009591735328258
MAP3K3,0.0878780323420243
MAP3K4,0.2395369696793154
MAP3K5,0.038921664127741
MAP3K6,0.294822919369078
MAP3K7,0.6893154753507119
MAP3K7CL,0.0068279805288796
MAP3K8,-0.0532662029716519
MAP3K9,-0.0273360187839525
MAP4,0.0769900185427596
MAP4K1,0.0132600241788571
MAP4K2,0.0829738250735185
MAP4K3,0.0452776548416283
MAP4K4,0.219414057814496
MAP4K5,-0.0250008630713911
MAP6,0.0072149522653957
MAP6D1,0.0244631398944709
MAP7,0.0400023661405296
MAP7D1,0.0685098808008399
MAP7D2,-0.061167168895123
MAP7D3,0.0326483083683139
MAP9,-0.1767128976841024
MAPDA,0.0412112288679886
MAPK1,0.2736004955520386
MAPK10,-0.0207973938361785
MAPK11,-0.1029376914454348
MAPK12,-0.0001063885818754
MAPK13,-0.0718472624841287
MAPK14,0.5422591333764245
MAPK15,0.1497387504101359
MAPK1IP1L,0.2239436009339994
MAPK3,0.1179057144908977
MAPK4,-0.116442377569968
MAPK6,0.1521459809127755
MAPK7,-0.0221496566254774
MAPK8,-0.1207906376443264
MAPK8IP1,0.0119745905972432
MAPK8IP2,-0.3550085518750323
MAPK8IP3,0.0699314079038041
MAPK9,-0.0940628576388602
MAPKAP1,0.0556564355272496
MAPKAPK2,-0.0739354136434606
MAPKAPK3,-0.0844566898143027
MAPKAPK5,0.1638947361451208
MAPKBP1,-0.0942204522130519
MAPRE1,0.4388710285948115
MAPRE2,-0.0044482691313847
MAPRE3,-0.0440533512157147
MAPT,0.0767710104937464
MARCHF1,-0.0846907636205625
MARCHF10,-0.0187601971264745
MARCHF11,0.0208805419740869
MARCHF2,-0.0715631855913516
MARCHF3,0.116147763120928
MARCHF4,0.0977742312155627
MARCHF5,0.2611343798493515
MARCHF6,0.2851855205089153
MARCHF7,-0.0159457070467335
MARCHF8,0.0533541613623314
MARCHF9,0.5565294850729265
MARCKS,0.2501173720336558
MARCKSL1,0.1605428273362819
MARCO,0.2010272250337552
MARCOL,-0.0237211542590588
MARF1,-0.0051975815217015
MARK1,-0.0173468035351825
MARK2,0.1061772892825852
MARK3,-0.1755955528060521
MARK4,0.0313649870912467
MARS1,2.156653179025629
MARS2,1.6433995643665331
MARVELD2,-0.0725758806487855
MARVELD3,0.1343009577368337
MAS1,-0.0714552788194929
MAS1L,-0.0577226173889042
MASP1,-0.0093699098494402
MASP2,0.0647231725313369
MAST1,0.2376567059009431
MAST2,0.2979312355302054
MAST3,0.1644984429560764
MAST4,-0.0667473674136667
MASTL,1.801684722951487
MAT1A,-0.0200579075212815
MAT2A,1.130203270144767
MAT2B,-0.0537018553755424
MATCAP1,0.3004146278907212
MATCAP2,-0.0534827703492545
MATK,0.1519681427558171
MATN1,0.0372170254262131
MATN2,0.0968367815308733
MATN3,-0.0233572130718358
MATN4,-0.0747059184336221
MATR3,0.4991332568332337
MAU2,0.5166436138542551
MAVS,-0.0563630531048015
MAX,1.1225687574065164
MAZ,0.1352257005245197
MB,0.0575774980656075
MB21D2,-0.028395456400726
MBD1,-0.0016245113183834
MBD2,0.1125853159297938
MBD3,0.3753492201546144
MBD3L1,-0.0717396251073561
MBD4,0.214032291488401
MBD5,0.0264141668766339
MBD6,0.1344919560160404
MBIP,0.0613777830248088
MBL2,-0.1748105522333082
MBLAC1,0.020881403378919
MBLAC2,-0.1077777546963656
MBNL1,0.4405058212816135
MBNL2,0.0028841876848668
MBNL3,-0.1077768358787514
MBOAT1,0.1197216506905076
MBOAT2,-0.1268376070260804
MBOAT4,-0.0909130189568364
MBOAT7,-0.1979651165281639
MBP,-0.3118106026887832
MBTD1,0.3051835509037997
MBTPS1,0.9681903999629592
MBTPS2,0.8381277700443064
MC1R,-0.1124226311657491
MC2R,-0.0764584072337943
MC3R,-0.0946636951189986
MC4R,-0.1032990269674846
MC5R,-0.1068828399489436
MCAM,-0.1164651931279252
MCAT,0.3489663467776973
MCC,-0.0805142677567995
MCCC1,-0.1054619329094988
MCCC2,0.0767584944725745
MCCD1,0.1899979290442808
MCEE,0.1719211996893165
MCEMP1,0.0688239354811973
MCF2,-0.0495677257893758
MCF2L,0.0554505359986822
MCF2L2,-0.0439582961248609
MCFD2,0.0169087784880838
MCHR1,0.0743147558741842
MCHR2,-0.1299262649632626
MCIDAS,0.173878990601259
MCL1,0.2444572620737539
MCM10,0.4828648344324574
MCM2,2.162541515261638
MCM3,1.1835187970628611
MCM3AP,0.9039156312394796
MCM4,1.3457604938166885
MCM5,2.131635666701029
MCM6,1.1867030285353048
MCM7,2.6251315903341306
MCM8,0.1927498169271722
MCM9,0.2046690146806806
MCMBP,0.9492564394394628
MCMDC2,0.0028905025599016
MCOLN1,0.0293911809053274
MCOLN2,-0.1468819414774586
MCOLN3,-0.077838758278524
MCPH1,0.3845356552864353
MCRIP1,-0.0035237186893165
MCRIP2,0.1758581270908811
MCRS1,1.0368052090195934
MCTP1,0.0546542678936941
MCTP2,-0.0966263112706531
MCTS1,0.1334300050536058
MCU,0.0779379782961807
MCUB,-0.2025325414372761
MCUR1,0.0932623451692793
MDC1,0.3027476970757084
MDFI,-0.1550514393285175
MDFIC,-0.0318640828123345
MDFIC2,-0.336025155492708
MDGA1,-0.0011659623306692
MDGA2,0.0049093121992192
MDH1,-0.1689356988453548
MDH1B,-0.1643787587762595
MDH2,0.1306704428813998
MDK,0.0685805349849926
MDM1,0.0956794034550827
MDM2,0.3289707311880421
MDM4,0.0140435129123651
MDN1,1.6772523194529123
MDP1,0.0866518081069157
ME1,0.1876377233371213
ME2,0.1828327206001896
ME3,0.0059094185955861
MEA1,0.1268831234917746
MEAF6,0.4437173217732262
MEAK7,0.1205829399568144
MECOM,-0.2751817976754617
MECP2,-0.1878013489178684
MECR,0.2276662800679975
MED1,0.925859493115248
MED10,0.8939841493633971
MED11,2.0436191085741204
MED12,0.0883031640965794
MED12L,0.033314533583906
MED13,0.1106741176899198
MED13L,0.1972496600296028
MED14,1.4440508386419555
MED15,0.292183862197985
MED16,0.0632356915961026
MED17,0.8856450618075584
MED18,0.8816945441366313
MED19,0.2658117202539625
MED20,1.0767927081507829
MED21,1.0323820245769109
MED22,1.166100956368109
MED23,0.0578298974027978
MED24,0.1071443908787641
MED25,0.2848534723326774
MED26,0.7248239946404579
MED27,0.8656912852888496
MED28,1.154732679137542
MED29,1.3904825489721817
MED30,1.843369330657234
MED31,1.165805743442917
MED4,1.4882593438433052
MED6,1.7575522104245458
MED7,0.9340297104843344
MED8,1.335184985332894
MED9,1.2300000035835998
MEDAG,0.0407269174094972
MEF2A,0.0587377556500575
MEF2B,0.1201033431957469
MEF2C,0.0421246761687107
MEF2D,0.0067949472834358
MEFV,-0.0653738153611649
MEGF10,-0.082482024316281
MEGF11,-0.0221498867631487
MEGF6,0.0483725242530356
MEGF8,0.0650664234358113
MEGF9,-0.0568129892139093
MEI1,0.0201423694822887
MEI4,0.033194427928971
MEIG1,-0.0502137464844576
MEIKIN,-0.1703095240300101
MEIOB,0.0949060918170034
MEIOC,0.281006094362222
MEIOSIN,0.0080482118730775
MEIS1,0.1036602678248541
MEIS2,-0.122307996836772
MEIS3,0.1467861980830921
MELK,0.1118264616199512
MELTF,-0.0398646672526977
MEMO1,0.5650909095383566
MEN1,0.2714387045228584
MEOX1,0.0973388790611259
MEOX2,-0.0783132223223966
MEP1A,-0.1353726894129591
MEP1B,-0.1125306625431032
MEPCE,1.6623751596337242
MEPE,0.1291840742597515
MERTK,0.016434516685853
MESD,-0.0645683160357101
MESP1,-0.0739724489089695
MESP2,0.0426603147805935
MEST,0.1562121324302344
MET,-0.0133572451283825
METAP1,1.1796799727888367
METAP1D,-0.1088060327232774
METAP2,0.712672251863518
METRN,-0.0366371355574993
METRNL,0.071094524508165
METTL1,0.3861708289838893
METTL13,0.0617905962025709
METTL14,1.1022988185353448
METTL15,0.4735964875670487
METTL16,1.4317989252810468
METTL17,0.6981755755044311
METTL18,-0.1139597774046552
METTL21A,-0.1212089613499363
METTL21C,-0.0134977464108032
METTL22,-0.1183915947848307
METTL23,0.3802326040513923
METTL24,-0.0344611760871877
METTL25,0.1912054707213217
METTL25B,-0.0372099984532734
METTL26,0.2068568630437986
METTL27,0.0141729689315669
METTL2A,0.1455466993269502
METTL2B,0.1592225004244243
METTL3,0.988750073853999
METTL4,-0.1382721595654484
METTL5,0.2970339841897681
METTL6,-0.0865982891014039
METTL8,0.1967155878287422
METTL9,-0.0591175527572123
MEX3A,0.4815898724745763
MEX3B,0.1528042823239408
MEX3C,0.1560963066941653
MEX3D,-0.1650491204197526
MFAP1,1.7928834769800424
MFAP2,0.0642883735859081
MFAP3,-0.100453591969909
MFAP3L,-0.1795551114549894
MFAP4,0.0781430749802229
MFAP5,0.0583583600843153
MFF,-0.0698331849235586
MFGE8,-0.0068696271966404
MFHAS1,-0.1926245381291275
MFN1,-0.1404332197840697
MFN2,0.7729378585738049
MFNG,0.0321917356830061
MFRP,-0.0256676807423446
MFSD1,0.3246272921932482
MFSD10,0.0413140605856994
MFSD11,0.1408823268392728
MFSD12,0.0446579060717708
MFSD13A,0.2048952661627769
MFSD14A,0.1215823939644188
MFSD14B,0.1475905778193101
MFSD2A,-0.0146700808558896
MFSD2B,-0.0562501882213203
MFSD3,0.0234696311909803
MFSD4A,-0.0170686425925184
MFSD4B,0.1367534771207156
MFSD5,-0.0856348293900019
MFSD6,-0.0152280716168163
MFSD6L,-0.0072019841456783
MFSD8,0.0693143946080162
MFSD9,0.007169947577817
MGA,0.0453199744016666
MGAM,0.0062538405011046
MGAM2,0.0212549843889833
MGARP,0.0243688597993376
MGAT1,0.3694380101201855
MGAT2,0.2704455738062895
MGAT3,0.0763211034379085
MGAT4A,0.1249667068703392
MGAT4B,-0.040068729787621
MGAT4C,0.0661891646366473
MGAT4D,-0.1770713428708957
MGAT5,0.0967450176055262
MGAT5B,-0.1149998738957625
MGLL,0.2464100141543346
MGME1,-0.0430899196102863
MGMT,-0.1262059294016922
MGP,-0.0410187108666006
MGRN1,-0.1031263614257169
MGST1,-0.3755801060478044
MGST2,0.008730463045457
MGST3,-0.0079221476531386
MIA,0.0404843786528392
MIA2,-0.0236150867247432
MIA3,0.0695722014925728
MIB1,0.2831978866246578
MIB2,0.0933753523399912
MICA,-0.0050273683865846
MICAL1,0.019031654628629
MICAL2,-0.0656806010774691
MICAL3,-0.0204453810229833
MICALL1,0.1059880519689417
MICALL2,0.0456462965756191
MICB,0.2974446878614253
MICOS10,0.3185188932727653
MICOS13,0.3051796594212431
MICU1,-0.0094479122330688
MICU2,-0.0962432037747116
MICU3,-0.0424183835587219
MID1,-0.3101659853093733
MID1IP1,-0.0616862818050409
MID2,-0.0093050491617061
MIDEAS,0.1326720418380217
MIDN,0.1795713397956822
MIEF1,0.1134009793476124
MIEF2,0.0663514499340487
MIEN1,0.2157973850123086
MIER1,0.0691705500023777
MIER2,-0.2125728041968989
MIER3,0.1914928212861817
MIF,0.1847099796692421
MIF4GD,0.2246731589176995
MIGA1,-0.0765575440946686
MIGA2,0.0735461821396994
MIIP,0.1321771555587377
MILR1,0.1358962699063751
MINAR1,-0.132913988063084
MINAR2,-0.0344683106381407
MINDY1,0.2073121299630738
MINDY2,0.2034414491087753
MINDY3,-0.0583644288137111
MINDY4,-0.045552135316836
MINDY4B,0.0995669827649676
MINK1,-0.0219871552840604
MINPP1,0.0371384159242444
MIOS,0.4503046042347238
MIOX,-0.0726764313108132
MIP,0.2046511226341972
MIPEP,0.6457970113663793
MIPOL1,-0.0152825602294027
MIS12,1.3897339097398242
MIS18A,1.6142859547055757
MIS18BP1,1.4323596172589963
MISFA,-0.4430627893508416
MISP,-0.0233507813314889
MISP3,-0.0405938538948574
MITD1,0.0474960360122307
MITF,0.0664260580255576
MIX23,0.5518136218634082
MIXL1,-0.0136646861032925
MKI67,0.1901894539427021
MKKS,-0.1310801014118602
MKLN1,0.2734520430284701
MKNK1,-0.0834680174791897
MKNK2,0.0722786131392783
MKRN1,0.3154705932706777
MKRN2,0.1730986231136655
MKRN2OS,0.0509029125734206
MKRN3,0.091075710064949
MKS1,0.1153618294816139
MKX,-0.1628651827380247
MLANA,-0.0991661671994565
MLC1,-0.0666652912344661
MLEC,-0.0547961636218866
MLF1,0.0740264141420763
MLF2,0.1600885574535968
MLH1,0.0679125612729819
MLH3,0.0270720149725041
MLIP,0.1139359551768419
MLKL,-0.0096717633475714
MLLT1,-0.3540990471509913
MLLT10,-0.1584961389596883
MLLT11,-0.0031271721191555
MLLT3,-0.0301782966745182
MLLT6,0.1392293575801432
MLN,-0.0688445880744589
MLNR,-0.1232289790451133
MLPH,-0.104762429963187
MLST8,0.676082952232438
MLX,0.3379691768998306
MLXIP,0.0715587974733465
MLXIPL,0.0360099076481267
MLYCD,-0.1410706195476473
MMAA,0.1293045992203593
MMAB,0.0767506668940431
MMACHC,0.1267215169742139
MMADHC,-0.0594760332012251
MMD,-0.0631700258692415
MMD2,-0.0694520613828577
MME,0.0692977801949943
MMEL1,0.0020992009491284
MMGT1,0.5121281675521521
MMP1,-0.0574958789124571
MMP10,0.1221985398721236
MMP11,0.1016670576805204
MMP12,-0.0763020973592141
MMP13,0.0040108870547918
MMP14,0.015177180389334
MMP15,-0.0822303908411291
MMP16,-0.0595747421960045
MMP17,0.0848878695204949
MMP19,0.2291365482448087
MMP2,-0.1028491875873952
MMP20,0.0609136663496983
MMP21,-0.0773297449254839
MMP23B,0.1960071673251943
MMP24,-0.0413900687627331
MMP24OS,-0.167092593492166
MMP25,0.2412293144318677
MMP26,-0.1424266318681883
MMP27,-0.028733672136771
MMP28,0.0673010297652555
MMP3,-0.0041693141668089
MMP7,0.1197827459002749
MMP8,-0.0341184095339797
MMP9,0.0538363784203821
MMRN1,-0.0765457505141816
MMRN2,0.1175736410304661
MMS19,1.1852223995124398
MMS22L,2.220871666513838
MMUT,-0.0075446723576832
MN1,-0.2875250366146959
MNAT1,1.320544588496277
MND1,-0.0996447053610896
MNDA,0.0602295455282753
MNS1,0.0367228515482423
MNT,0.1369640769276864
MNX1,0.0839644134566117
MOAP1,-0.0319784071652387
MOB1A,0.0026374053933688
MOB1B,-0.0689976591742783
MOB2,0.1967483623308989
MOB3A,-0.0106769365731143
MOB3B,-0.1239754479312974
MOB3C,0.0745967170042496
MOB4,0.2724526932594373
MOBP,-0.0314033359922607
MOCOS,-0.1131211950147912
MOCS1,-0.0581885116266253
MOCS2,0.1293424672262416
MOCS3,0.6588142650704722
MOG,0.3290557694311729
MOGAT1,-0.0706087840375799
MOGAT2,-0.0116897512804775
MOGAT3,0.1448342532161908
MOGS,0.2097581190464969
MOK,0.1967974573610053
MON1A,0.0772856106563313
MON1B,0.0510044962744599
MON2,0.3431717795922199
MORC1,-0.0440935823829988
MORC2,0.0471381638403168
MORC3,0.0551580298567503
MORC4,-0.0635080601274833
MORF4L1,0.0945090748492124
MORF4L2,0.0128233532912147
MORN1,0.0969493181016531
MORN2,-0.0279540406303766
MORN3,0.0180442459297673
MORN4,0.0095950651569276
MORN5,0.0795380760556542
MOS,0.0535341487793273
MOSMO,0.0890018192244953
MOSPD1,0.0109605945345045
MOSPD2,-0.0984785919069695
MOSPD3,0.0643833792864486
MOV10,-0.0883663545897801
MOV10L1,-0.0654481531453391
MOXD1,-0.0983094424599181
MPC1,-0.1584081959254715
MPC1L,-0.1597206394820496
MPC2,0.0922387516133812
MPDU1,0.3149118745636276
MPDZ,-0.0989428463525128
MPEG1,0.141522441432561
MPG,0.0401140663095395
MPHOSPH10,1.3686326195593428
MPHOSPH6,0.6394950106715539
MPHOSPH8,0.0790529199526892
MPHOSPH9,0.0070611740154774
MPI,-0.1474984738503602
MPIG6B,0.0137122202382859
MPL,0.0858133374032825
MPLKIP,0.2031740929853386
MPND,0.2147751978574848
MPO,0.2321436511085951
MPP1,-0.1483835630923245
MPP2,0.2232228897945335
MPP3,0.1967525569550607
MPP4,0.025123358430306
MPP7,-0.073003588286836
MPPE1,0.3671708753279291
MPPED1,0.0758407817266551
MPPED2,0.0498101937223827
MPRIP,0.1839594886512739
MPST,-0.0367039741605542
MPV17,0.1246267363683213
MPV17L,0.3484760261714476
MPV17L2,0.2686027126205197
MPZ,-0.0523174790602782
MPZL1,0.1950800902702385
MPZL2,-0.0536306980600721
MPZL3,0.0292528974760214
MR1,-0.0368397265942942
MRAP,0.00271021626046
MRAP2,-0.1021568043075747
MRAS,-0.0592168263888757
MRC1,-0.038354032062328
MRC2,0.1512154284687114
MRE11,0.9564602895382288
MREG,0.0702658378880881
MRFAP1,0.113890326761527
MRFAP1L1,0.1592577110163491
MRGBP,1.160698035131469
MRGPRD,0.0143888073252692
MRGPRE,0.070116415261084
MRGPRF,-0.0520503720105122
MRGPRG,-0.2547295837527965
MRGPRX1,0.1305751789746306
MRGPRX2,-0.0246033936996922
MRGPRX3,0.3315341442395288
MRGPRX4,-0.110215130038029
MRI1,0.1612299280367929
MRLN,-0.0660871081050211
MRM1,0.3664741481487316
MRM2,0.5708728159073247
MRM3,0.6377324216967597
MRNIP,0.0533802789291073
MRO,0.1174939957825647
MROH1,0.0263668271843564
MROH2A,-0.0096314264023546
MROH2B,-0.0573617768796961
MROH6,-0.064564170398264
MROH7,0.0852075230927955
MROH9,-0.0889652377056131
MRPL1,0.5034999839882065
MRPL10,1.3460272869466905
MRPL11,0.2679035833575264
MRPL12,0.8915575587855302
MRPL13,0.7339555880902344
MRPL14,0.7510978052652584
MRPL15,1.0038047317879777
MRPL16,0.9649523436717444
MRPL17,0.8158484566272315
MRPL18,1.102282758880992
MRPL19,0.8112034075332382
MRPL2,1.0230008975113667
MRPL20,0.8431180377160679
MRPL21,1.234944358540611
MRPL22,0.7148761346287827
MRPL23,0.7119478650431772
MRPL24,0.7143623948205966
MRPL27,1.2301986213516034
MRPL28,0.7514062565520703
MRPL3,0.8359044717065569
MRPL30,0.3715330873496922
MRPL32,0.9366821841671598
MRPL33,1.217550990475479
MRPL34,1.3192465135832374
MRPL35,1.0714617686786565
MRPL36,0.95466648820709
MRPL37,0.7439134143165553
MRPL38,0.8374524247358708
MRPL39,0.9413344440618244
MRPL4,1.2417427512444053
MRPL40,0.58632869796626
MRPL41,1.1343815117300011
MRPL42,0.4930284456172921
MRPL43,1.011595343693941
MRPL44,0.5068349480419261
MRPL45,1.2012455841873544
MRPL46,0.6877663107294696
MRPL47,0.530045501344353
MRPL48,0.5319514199254674
MRPL49,1.0479700553480202
MRPL50,0.6773056345285873
MRPL51,0.5313305200010576
MRPL52,0.4058760347985882
MRPL53,1.090161969940258
MRPL54,0.7033069983683389
MRPL55,0.9169995084853934
MRPL57,1.3318339515616042
MRPL58,0.4220594826455827
MRPL9,0.7427799082313684
MRPS10,0.6640158766155704
MRPS11,1.1915455882618142
MRPS12,1.0472246998930372
MRPS14,1.0206322294883492
MRPS15,0.589081976411947
MRPS16,1.055207632529924
MRPS17,0.5272628484876694
MRPS18A,0.6955774718624613
MRPS18B,0.7479173905767001
MRPS18C,0.4616441352080069
MRPS2,0.7436844178763407
MRPS21,1.120442812699358
MRPS22,0.9351334215733882
MRPS23,1.3283351137326749
MRPS24,0.7268212894486241
MRPS25,0.8245619154416872
MRPS26,0.6722214075495136
MRPS27,0.7218387524149489
MRPS28,0.6751271235024565
MRPS30,0.7624125473856865
MRPS31,0.8543207984964389
MRPS33,0.4784249926287957
MRPS34,1.173930695533401
MRPS35,0.80251461691598
MRPS5,1.0962256019195984
MRPS6,0.9778093947458129
MRPS7,0.8348939853138571
MRPS9,0.4462485968684467
MRRF,0.3362162991653012
MRS2,-0.0188184177163404
MRTFA,0.0334451917235114
MRTFB,-0.0919746780647181
MRTO4,1.178904581969194
MS4A1,-0.1572998636739303
MS4A10,0.0724172556584762
MS4A12,-0.0617441123210611
MS4A13,-0.0664779005043916
MS4A14,0.0365288953122531
MS4A15,-0.0212443848216989
MS4A2,-0.0044072826143497
MS4A3,0.0122568642592705
MS4A4A,-0.1140116670513322
MS4A4E,-0.1254533808911139
MS4A5,0.0586315277641527
MS4A6A,0.0419081116719655
MS4A6E,-0.0095139495261984
MS4A7,-0.001879274056388
MS4A8,-0.0662824310465678
MSANTD1,-0.0028288039625427
MSANTD2,0.1577725705561427
MSANTD3,-0.0492222999242339
MSANTD4,-0.0413248520870434
MSANTD5,0.0569845220479662
MSC,0.059209119942646
MSGN1,-0.1141924788560423
MSH2,0.1726251634572301
MSH3,-0.1488018532255693
MSH4,-0.0008636063504701
MSH5,0.0123818288013446
MSH6,0.1105424837754078
MSI1,0.1512482926115538
MSI2,0.12765660236655
MSL1,0.3124197598288103
MSL2,0.0714629696361956
MSL3,-0.1159559859308774
MSLN,-0.0427966642310107
MSMB,0.0152839529069271
MSMO1,-0.2271008657248275
MSMP,-0.0979837154863507
MSN,0.062392434781731
MSR1,-0.1026619144636495
MSRA,-0.1915238459715168
MSRB1,0.265376399437522
MSRB2,0.0486577891535876
MSRB3,0.1289329133426781
MSS51,0.024498307794549
MST1,0.0892122799523492
MST1R,0.1085537365758538
MSTN,-0.0147397563642673
MSTO1,1.601503044726465
MSX1,-0.0578401120729652
MSX2,-0.0058970000501938
MT1A,0.0767955487331374
MT1B,0.0525959020335307
MT1E,0.1389319375098349
MT1F,0.1900440956009839
MT1G,0.2939490146543916
MT1H,-0.097621083825782
MT1HL1,0.1727023112235818
MT1M,-0.2644516195318764
MT1X,0.1477547487113847
MT2A,0.3109549879043741
MT3,0.1268270814520503
MT4,-0.0202522957292225
MTA1,-0.0820469495682688
MTA2,0.4129162647959538
MTA3,0.0615230188420098
MTAP,-0.0401355090211608
MTARC1,0.0101786873260089
MTARC2,0.080052262994631
MTBP,1.54033970180874
MTCH1,0.2027713345547624
MTCH2,0.3020143218201372
MTCL1,-0.1749842502759754
MTCL2,0.0206023013776312
MTCP1,-0.057165128261696
MTDH,-0.0301228428197
MTERF1,0.0037557775047088
MTERF2,0.0315538436487483
MTERF3,0.556514157091786
MTERF4,0.5686493691839808
MTF1,0.2638360723071821
MTF2,0.2173108492987258
MTFMT,0.2343807451114966
MTFP1,0.2407255742039815
MTFR1,0.0729560397557671
MTFR1L,0.1474383213250838
MTFR2,-0.0436238828028824
MTG1,0.7156326084739018
MTG2,0.75503483341821
MTHFD1,0.0556670813460021
MTHFD1L,0.0689771231097236
MTHFD2,-0.0036915002988338
MTHFD2L,0.1832863647972881
MTHFR,-0.1508175881603188
MTHFS,-0.0779307492416517
MTHFSD,0.0272357859901392
MTIF2,0.4604681524244993
MTIF3,0.2087130711396786
MTM1,-0.102408770971048
MTMR1,-0.0497304048457274
MTMR10,-0.0481743096407847
MTMR11,0.0630673427663109
MTMR12,-0.0745473430505899
MTMR14,-0.0412162959954163
MTMR2,0.0314335661026247
MTMR3,0.0492399686988341
MTMR4,0.288778687242125
MTMR6,0.0386375013235544
MTMR7,0.0220834603923279
MTMR8,-0.0009726942784655
MTMR9,0.063020231996219
MTNAP1,0.0224657307526859
MTNR1A,-0.0513613936996742
MTNR1B,0.0429297424845878
MTO1,0.1231417941606855
MTOR,1.4872406364452744
MTPAP,1.3547116068298672
MTPN,-0.0500191675052758
MTR,0.0933395611485733
MTRES1,0.1909560843770977
MTREX,2.2992014611212808
MTRF1,0.1151830952240276
MTRF1L,0.8286734017727029
MTRFR,0.3084652207829239
MTRR,0.067204138870795
MTSS1,0.1103322308074829
MTSS2,0.0842254461655897
MTTP,0.0687075977516479
MTURN,0.1743202748167356
MTUS1,-0.1091685006439967
MTUS2,-0.231150542136152
MTX1,0.1801432940283809
MTX2,0.2176697541113524
MTX3,0.1614332038359536
MUC1,0.1227908867265964
MUC12,-0.1069294020161
MUC13,-0.1618869462240126
MUC15,-0.1111855488250274
MUC16,-0.1342395835377335
MUC17,0.1741131236940923
MUC20,0.2068890454764574
MUC21,0.0288686611941368
MUC22,-0.1033478551450959
MUC3A,0.0374503803232508
MUC4,-0.1022242553827308
MUC5AC,0.0433252263355299
MUC5B,0.086231244802695
MUC6,0.0718295317215946
MUC7,-0.0440229017016476
MUCL1,0.2000415889952393
MUCL3,-0.020103928846087
MUL1,-0.0602911674540218
MUS81,0.2942615027674743
MUSK,-0.0031438010400251
MUSTN1,-0.0099168349986275
MUTYH,-0.0112954715305437
MVB12A,0.0668968366762537
MVB12B,-0.1200814391779076
MVD,0.8813240656879939
MVK,1.8794031372411155
MVP,-0.0511112243406765
MX1,-0.0683213722458921
MX2,-0.0247137634720518
MXD1,-0.0316358700115553
MXD3,0.1042231180775238
MXD4,0.0463269245812638
MXI1,-0.0827658631690592
MXRA5,-0.0949983927954331
MXRA7,0.4386694275088196
MXRA8,-0.0984325176079232
MYADM,0.1795878020225723
MYADML2,-0.2115263127796909
MYB,0.2745576171268998
MYBBP1A,0.7312985851973262
MYBL1,-0.0405487442595298
MYBL2,0.230142657610021
MYBPC1,0.0341107070213247
MYBPC2,-0.0596134762701432
MYBPC3,0.1253235551525202
MYBPH,-0.1028028901835762
MYBPHL,0.2225337949336087
MYC,2.334976264208773
MYCBP,0.2803054051424486
MYCBPAP,0.2036216125691189
MYCL,0.0280204586095106
MYCN,0.0688202824029893
MYCT1,-0.2364209980852588
MYD88,-0.0172819065079995
MYDGF,0.0078309154886869
MYEF2,0.041062926946105
MYEOV,0.1024347584490805
MYF5,0.1606974250306621
MYF6,0.0626560977319799
MYG1,0.3781431706983283
MYH1,-0.0670295046032015
MYH10,-0.0531695856373587
MYH11,0.1843310300373827
MYH13,-0.0214512112683987
MYH14,0.0944842408848015
MYH15,0.0074900074702215
MYH2,-0.0230554619868363
MYH3,0.0662344646044694
MYH4,-0.1042481167443905
MYH6,0.026620194622294
MYH7,0.0797013340351139
MYH8,-0.0269860710989073
MYH9,0.9184718788338913
MYL1,-0.1930201511022163
MYL10,-0.1492281629570095
MYL11,-0.059508952371602
MYL12A,-0.0950338301911398
MYL12B,-0.1304569105806391
MYL2,0.0642597596132033
MYL3,0.0718603069152796
MYL4,0.0133598584303464
MYL5,-0.0909195751652245
MYL6,0.2362689008975788
MYL6B,0.0772321171998659
MYL7,0.1837738121992838
MYL9,0.1503259867493607
MYLIP,-0.0407684687267349
MYLK,-0.0278854420835681
MYLK2,0.1922272220583382
MYLK3,0.0514760828649626
MYLK4,-0.0675417534376375
MYMK,-0.148516432043353
MYMX,-0.1793228755204047
MYNN,0.0651862214413633
MYO10,-0.0152501306417927
MYO15A,0.2056509764708577
MYO15B,-0.0027695821538744
MYO16,-0.0759636984467118
MYO18A,0.322842434985444
MYO18B,-0.004276603137662
MYO19,0.1430783537683965
MYO1A,0.060218006857704
MYO1B,0.0678347077878972
MYO1C,0.1498051018809267
MYO1D,0.0953104950939185
MYO1E,0.0402752195995438
MYO1F,0.1492828574872665
MYO1G,0.0385371746286409
MYO1H,0.3309748581933986
MYO3A,-0.1188764972011412
MYO3B,0.0845675133173288
MYO5A,-0.0486221047159958
MYO5B,-0.0881382876207454
MYO5C,0.0506774467590105
MYO6,0.180499668746263
MYO7A,0.0997899931984795
MYO7B,0.1212130281768753
MYO9A,0.0817025776864189
MYO9B,0.2099115252785816
MYOC,-0.0945546657559246
MYOCD,-0.0895113541816249
MYOCOS,-0.0767102054268493
MYOD1,0.0057091356072748
MYOF,-0.0595653660865136
MYOG,-0.0750732888474352
MYOM1,-0.1361079088547462
MYOM2,0.0489997012410525
MYOM3,0.117037583107203
MYORG,-0.1795352983716789
MYOT,-0.0173877251159151
MYOZ1,-0.1219200548545498
MYOZ2,-0.0076206960702669
MYOZ3,-0.0100222150510594
MYPN,-0.0859655041791285
MYPOP,0.0070364468345471
MYRF,0.0374506232967604
MYRFL,0.2806613363172183
MYRIP,0.0089314336439875
MYSM1,0.12120519121948
MYT1,-0.0675407624015169
MYT1L,0.0400835713076487
MYZAP,0.0787502685455375
MZB1,0.0337808109008072
MZF1,0.3127978760522564
MZT1,0.8340512799132311
MZT2A,0.4816312933437292
MZT2B,0.4116690618812548
N4BP1,0.0333234493098485
N4BP2,-0.0017683572494805
N4BP2L1,0.0533714968764389
N4BP2L2,0.0068874265451777
N4BP3,-0.1504468450578892
NAA10,1.799386744993329
NAA11,-0.0450363566506744
NAA15,1.4612814532985856
NAA16,0.1086416458936647
NAA20,0.6156412383362505
NAA25,0.7587714794477382
NAA30,0.354357374140627
NAA35,0.8693642416862258
NAA38,0.2518752096893129
NAA40,0.2114394742029736
NAA50,2.249960599147525
NAA60,0.0024281460043713
NAA80,0.025822133572409
NAAA,0.0877168147654861
NAALAD2,-0.0524550665142502
NAALADL1,0.1175611933459881
NAALADL2,-0.2374023468109253
NAB1,-0.0402917468038519
NAB2,-0.0004483441403842
NABP1,0.0123980605216068
NABP2,0.1812253430004476
NACA,1.210790618699332
NACA2,0.3409824076768992
NACAD,0.068510168221828
NACC1,0.1807074296904199
NACC2,-0.0040480828149528
NADK,0.2970806058355709
NADK2,-0.0383134504896805
NADSYN1,-0.0007222200887307
NAE1,1.011434910317004
NAF1,0.5890407107348825
NAGA,-0.0122412112470253
NAGK,0.0754354044530798
NAGLU,0.432262532525807
NAGPA,0.1925618758267376
NAGS,0.078914939288062
NAIF1,0.0139384138508718
NAIP,0.2672054187570757
NALCN,-0.0711445918222857
NALF1,0.0193646781339769
NALF2,-0.0372802260929291
NAMPT,0.4664234599910172
NANOG,-0.1275767097290616
NANOGNB,0.0511963811532364
NANOS1,0.0167550695943224
NANOS2,-0.0415609768613333
NANOS3,-0.0084375564236523
NANP,-0.0139856737825765
NANS,-0.0792886789137364
NAP1L1,0.1954562776178044
NAP1L2,-0.1294921587842486
NAP1L3,0.0158194420063051
NAP1L4,0.0868686247318964
NAP1L5,0.027662499618431
NAPA,1.35330476716603
NAPB,-0.2193987777324363
NAPEPLD,-0.0888138663288325
NAPG,1.7383186287398182
NAPRT,0.1598769920980449
NAPSA,0.1210419947022027
NARF,-0.0009976414850103
NARS1,1.916453372433955
NARS2,0.4459395762040504
NASP,0.509366777895919
NAT1,-0.1556732870449893
NAT10,1.7804145178638278
NAT14,0.0928865962002354
NAT16,0.1417311905706753
NAT2,-0.0866064864275465
NAT8,0.281040459945111
NAT8L,0.0080829715574734
NAT9,0.0753458403855451
NAV1,0.1686480672565108
NAV2,0.0555757039309439
NAV3,0.027432184357468
NAXD,0.074506170109726
NAXE,0.1506715583321448
NBAS,1.55927793551658
NBDY,-0.0720628447790756
NBEA,-0.1182846221116961
NBEAL1,0.3124434558398793
NBEAL2,0.0293754620262089
NBL1,0.1685196850492397
NBN,0.2078352847931397
NBPF11,0.4340919319296067
NBPF12,0.3999537377949175
NBPF14,0.5724704668380529
NBPF20,0.3093297911825386
NBPF3,0.1810853445558106
NBPF8,0.053393083635392
NBPF9,0.8118566486320677
NBR1,0.0969864999798628
NCALD,0.0180372240035607
NCAM1,-0.1863459196662519
NCAM2,-0.0745976275846056
NCAN,0.0851319559171929
NCAPD2,1.2611393993785618
NCAPD3,1.3774311913357151
NCAPG,1.924336177056011
NCAPG2,2.235321235103153
NCAPH,1.2155750024886012
NCAPH2,1.8359387588272853
NCBP1,1.8622677498727345
NCBP2,3.348805984681297
NCBP2AS2,-0.3330035849218015
NCBP2L,-0.0632505372256528
NCBP3,-0.1242336621312216
NCCRP1,0.1214929294362007
NCDN,0.1621691433396236
NCEH1,-0.1428351534942397
NCF1,-0.0668871328931949
NCF2,-0.0855642483265931
NCF4,-0.1116900523099961
NCK1,-0.1316464066972855
NCK2,0.0953992498345482
NCKAP1,0.195162319392574
NCKAP1L,0.0172952052448119
NCKAP5,-0.0191920992434905
NCKAP5L,-0.0092455230236804
NCKIPSD,0.0949144453525207
NCL,0.92046471517217
NCLN,0.1415098420230886
NCMAP,0.0217914476013682
NCOA1,0.082281936745481
NCOA2,-0.0317300407039114
NCOA3,0.1231307345615067
NCOA4,0.4820229946929061
NCOA5,0.0708988309428428
NCOA6,0.1404467529682065
NCOA7,-0.0729061220809075
NCOR1,0.2114742999636184
NCOR2,0.1127198818283393
NCR1,-0.077175560259581
NCR2,0.0435551282782411
NCR3,-0.0742791261950825
NCR3LG1,0.1553720917173889
NCS1,-0.1236511650715667
NCSTN,0.0256966278101642
NDC1,0.4983433919221568
NDC80,1.2670668969262593
NDE1,0.4028684012001301
NDEL1,0.0981037350810005
NDFIP1,-0.0113224334340507
NDFIP2,-0.0227457934148883
NDN,-0.0026580076561041
NDNF,-0.0041667975004636
NDOR1,1.7626632663003687
NDP,0.1073642446085065
NDRG1,-0.1680532427820669
NDRG2,0.0885537442156485
NDRG3,0.0300653284076849
NDRG4,-0.0062239654174266
NDST1,0.1305279092402654
NDST2,-0.0640931234655461
NDST3,0.0070412878385186
NDST4,-0.0350541820474335
NDUFA1,0.4200395180401409
NDUFA10,0.363464810013929
NDUFA11,0.7953580109101284
NDUFA12,0.1753363461782384
NDUFA13,0.512676522930424
NDUFA2,0.5439497852656655
NDUFA3,0.2687832053684303
NDUFA4,0.5380336467558751
NDUFA4L2,0.3039390447819154
NDUFA5,0.6433917231380393
NDUFA6,0.6069970848150494
NDUFA7,0.145778501480511
NDUFA8,0.777800522173974
NDUFA9,0.3245623993831945
NDUFAB1,1.210919092630837
NDUFAF1,0.3981226586964194
NDUFAF2,0.2593657230428082
NDUFAF3,0.4876267914582072
NDUFAF4,0.5160756024038642
NDUFAF5,0.3144285518107071
NDUFAF6,0.1347562285641139
NDUFAF7,0.4526474990532703
NDUFAF8,0.6718361256340339
NDUFB1,0.4635421513724644
NDUFB10,0.5981810827752028
NDUFB11,0.6096855265395393
NDUFB2,0.4962874567463968
NDUFB3,0.5901890812581937
NDUFB4,0.8354964437272125
NDUFB5,0.4305833499786989
NDUFB6,0.649828967382275
NDUFB7,0.5508262281437527
NDUFB8,0.6622302894962037
NDUFB9,0.5305090808998574
NDUFC1,0.3618750064023969
NDUFC2,0.5546444195359588
NDUFS1,0.4339407752435306
NDUFS2,0.6049292445750621
NDUFS3,0.4825079584295577
NDUFS4,0.1809858076364664
NDUFS5,0.7429768998878004
NDUFS6,0.032596623723437
NDUFS7,0.3368952432860871
NDUFS8,0.534732545357899
NDUFV1,0.2574033035776613
NDUFV2,0.2613944678158263
NDUFV3,-0.0889547110529354
NEB,-0.1357505094806423
NEBL,-0.0367259042225713
NECAB1,-0.1404648257055582
NECAB2,-0.0709001056403535
NECAB3,0.1198147554329757
NECAP1,0.1502477766293371
NECAP2,0.1962173101107216
NECTIN1,0.0467502758458937
NECTIN2,0.024761505893209
NECTIN3,-0.0063498724894613
NECTIN4,0.095292594293419
NEDD1,2.2083862095789746
NEDD4,0.0033301661116593
NEDD4L,-0.0514896360324442
NEDD8,2.293239554609673
NEDD9,-0.0681909536663656
NEFH,0.2342228992856978
NEFL,-0.3282800571292856
NEFM,-0.0870550534578084
NEGR1,-0.0047399009072804
NEIL1,0.0412254688282089
NEIL2,0.0319111442528259
NEIL3,-0.2155960649508577
NEK1,-0.2004143809969421
NEK10,0.0386800901866671
NEK11,0.1016153339348911
NEK2,0.0148404675401362
NEK3,-0.1470377013167244
NEK4,0.0511098709585548
NEK5,0.0396481411356345
NEK6,0.1783059980562897
NEK7,0.0359059350868164
NEK8,-0.0777241470408696
NEK9,0.0081549763684278
NELFA,1.85349703975985
NELFB,2.1957828086957463
NELFCD,1.3758211766452235
NELFE,0.4524926759132757
NELL1,-0.119824805522079
NELL2,0.1665455068223277
NEMF,0.344039932813552
NEMP1,0.0564505107125384
NEMP2,0.0721561940411525
NENF,0.1807680342267685
NEO1,0.0954599783605028
NES,0.1064203230551001
NET1,0.0816969117810464
NETO1,-0.1251388080997267
NETO2,0.0645450356461302
NEU1,0.0908392560972971
NEU2,0.1587720763532011
NEU3,0.1563827098660761
NEU4,-0.1804765936366913
NEURL1,-0.011866282017527
NEURL1B,-0.0361710035181982
NEURL2,-0.032045183381865
NEURL3,-0.2027049534520894
NEURL4,0.0240411725864933
NEUROD1,-0.0294614302670644
NEUROD2,0.0116305180839974
NEUROD4,0.0105607985289709
NEUROD6,-0.1500954191279042
NEUROG1,0.0174828638698403
NEUROG2,-0.0538994904660276
NEUROG3,0.1521939918852483
NEXMIF,0.0270180471812222
NEXN,0.1149679068433097
NF1,0.1422440026646083
NF2,0.0804616665910736
NFAM1,-0.2024626508642814
NFASC,-0.0023478203253688
NFAT5,0.0808173496848003
NFATC1,-0.1367471115011234
NFATC2,-0.0498643935066508
NFATC2IP,0.4021133759806547
NFATC3,0.2914977818712836
NFATC4,0.0647318634407014
NFE2,0.0842088886683805
NFE2L1,0.2770051629484256
NFE2L2,0.2044119606980631
NFE2L3,0.3936306841401475
NFIA,0.0692839655266479
NFIB,0.0131193050139978
NFIC,-0.0874153300492903
NFIL3,0.0421721176653648
NFILZ,-0.2262927110566177
NFIX,-0.1335330266046832
NFKB1,-0.1129607476409883
NFKB2,0.1509104497797237
NFKBIA,0.024787051849334
NFKBIB,0.156251987624105
NFKBID,0.1603979067385221
NFKBIE,0.4182459458429894
NFKBIL1,-0.1426097766202578
NFKBIZ,-0.1490632084324484
NFRKB,0.6463084898025501
NFS1,2.1459536247408733
NFU1,0.218041505621185
NFX1,-0.014894036650321
NFXL1,0.0089418251465357
NFYA,0.5088975048518869
NFYB,0.7424283216398938
NFYC,1.1846306787731031
NGB,-0.1821869273918852
NGDN,0.8024015620476301
NGEF,0.0283128286884985
NGF,-0.0062131710267504
NGFR,0.2433596469225001
NGLY1,0.7966959993266204
NGRN,0.3711108275827704
NHEJ1,0.0705141243505462
NHERF1,0.1318922552052837
NHERF2,-0.03435199537351
NHERF4,0.1715102438768881
NHLH1,-0.1576653550146382
NHLH2,0.0826731438775118
NHLRC1,0.143895719474704
NHLRC2,0.2467207645748388
NHLRC3,0.0523966124748836
NHLRC4,-0.1566171888366951
NHP2,1.0820799813476654
NHS,0.0556220206082556
NHSL1,-0.0214094867317784
NHSL2,-0.0544502995200013
NHSL3,0.0632039191399281
NIBAN1,-0.0101313902308873
NIBAN2,0.0104376998096627
NIBAN3,-0.1216635881384037
NICN1,-0.0297465243761788
NICOL1,-0.1519173098097963
NID1,0.0948228870490075
NID2,0.0047125951880985
NIF3L1,0.1279093412890142
NIFK,2.2241883085943885
NIM1K,0.0295482794225486
NIN,-0.0073887068266972
NINJ1,0.1631912774137468
NINJ2,-0.0305758936678386
NINL,-0.0321490475800727
NIP7,2.460006097398861
NIPA1,-0.0925655291278114
NIPA2,0.3321538032447538
NIPAL1,0.0256846133732896
NIPAL2,0.2904988848148131
NIPAL3,-0.116428289038602
NIPAL4,-0.0420131286727522
NIPBL,0.4228805064781393
NIPSNAP1,0.1287625249863292
NIPSNAP2,-0.1123811384325437
NIPSNAP3A,-0.0935489748897893
NIPSNAP3B,0.0341517826358338
NISCH,0.4127464856504461
NIT1,0.1012198251658312
NIT2,-0.0884577743748723
NKAIN1,-0.0262960955730034
NKAIN2,-0.1436369490758296
NKAIN3,-0.0654222458337001
NKAIN4,-0.0438993620425882
NKAP,1.6503379353976655
NKAPD1,0.4714755980969008
NKAPL,0.0716326069072551
NKD1,-0.0579603629374322
NKD2,-0.0708915476862235
NKG7,-0.114652735394311
NKIRAS1,0.001815624740113
NKIRAS2,-0.0690006168904197
NKTR,-0.0078963118732636
NKX1-1,-0.1130819993215323
NKX1-2,0.0940684017033754
NKX2-1,-0.0879014617551007
NKX2-2,-0.3104163348619033
NKX2-3,0.0737347832399782
NKX2-4,0.0022659594867124
NKX2-5,0.2104036512095685
NKX2-8,0.0040363012489737
NKX3-1,-0.0855423813156359
NKX3-2,-0.0800483717023134
NKX6-1,-0.1337290225850174
NKX6-2,0.0601205164437605
NKX6-3,0.1000204407289444
NLE1,1.3460394148705068
NLGN1,-0.1077985000339113
NLGN2,0.0263044772771859
NLGN3,-0.0320160989507958
NLGN4X,-0.1421455696683044
NLGN4Y,-0.4600384965062719
NLK,-0.182541265407103
NLN,0.0212262503505317
NLRC3,0.0789948190728862
NLRC4,-0.0829462843487381
NLRC5,0.0292779336571191
NLRP1,-0.0893191414766223
NLRP10,0.0435835268353645
NLRP11,-0.1782435007548803
NLRP12,-0.1030567059033153
NLRP13,0.0346986688566957
NLRP14,-0.2001294804739608
NLRP2,-0.0263702233698393
NLRP2B,-0.0599514223861191
NLRP3,0.0180663880082642
NLRP4,0.0203725549881699
NLRP5,-0.0022207756701933
NLRP6,0.0283144393618368
NLRP7,-0.1406340208731379
NLRP8,-0.1094590193963895
NLRP9,-0.1386990404933267
NLRX1,-0.0106331452817869
NMB,0.0040855532033608
NMBR,-0.0896662412427169
NMD3,1.3508888660106562
NME1,0.2725345925677362
NME2,0.4924407052726348
NME3,0.1020774976390426
NME4,0.1012628303573691
NME5,0.1658856281806325
NME6,0.671639505742843
NME7,0.0393678170392147
NME8,-0.0053388752854092
NME9,-0.0334428380013083
NMI,0.0087497821098286
NMNAT1,0.3281066110601823
NMNAT2,0.0083505599659705
NMNAT3,0.1314517334325424
NMRAL1,0.1993620835674995
NMRK1,-0.0606117475155905
NMRK2,0.1231488257277353
NMS,0.1569577990391556
NMT1,0.6036188537681875
NMT2,-0.1393302168997203
NMU,0.0541607211112781
NMUR1,-0.048970495008655
NMUR2,-0.0579978000435794
NNAT,0.0626928216624663
NNMT,-0.0518461956497567
NNT,0.0139546762249096
NOA1,0.6171300753335595
NOB1,1.5061207735086186
NOBOX,0.0488332390107579
NOC2L,1.3088149029883165
NOC3L,1.384471923166133
NOC4L,1.916786692299715
NOCT,0.2356460235450732
NOD1,0.0186155133225596
NOD2,-0.0609923624653476
NODAL,0.0208659826254463
NOG,0.017147429339784
NOL10,1.8050696293042592
NOL11,0.4769304999797915
NOL12,0.6381319182784893
NOL3,0.1279003131863748
NOL4,-0.0327577952789293
NOL4L,0.0855853106519358
NOL6,1.9779135685361948
NOL7,0.7283993526638057
NOL8,0.8334315473018754
NOL9,1.3788021470820775
NOLC1,0.6554108540014749
NOM1,1.216965727375665
NOMO1,0.0537172673553673
NOMO2,0.0386913000435403
NOMO3,-0.0002355050529831
NONO,0.2893551679552388
NOP10,1.6366825731524943
NOP14,1.4699489927930218
NOP16,2.0021842731756205
NOP2,1.738861808800216
NOP53,0.906647750491254
NOP56,1.8626153579963645
NOP58,1.4057492121592368
NOP9,1.537428821341611
NOPCHAP1,0.8919378222608126
NOS1,-0.0138333195392758
NOS1AP,0.2984629370713998
NOS2,-0.0448987037949065
NOS3,0.0866453870166536
NOSIP,0.2078376130648573
NOSTRIN,0.0292566160162692
NOTCH1,-0.0166155023375002
NOTCH2,0.1207926455267922
NOTCH3,0.1475226737251122
NOTCH4,0.0011414976296669
NOTO,0.1621653681110174
NOTUM,0.0316641810907293
NOVA1,0.0434368727698301
NOVA2,-0.2760080644335992
NOX1,-0.0207042315525284
NOX3,0.0363464494357417
NOX4,0.0841016390154466
NOX5,-0.0883824755523599
NOXA1,-0.013654830969796
NOXO1,0.0844575051518088
NOXRED1,-0.1058392204997852
NPAP1,0.1084905676886947
NPAS1,0.0430271843678552
NPAS2,-0.1692475246711864
NPAS3,0.139679134336692
NPAS4,-0.0066701741460061
NPAT,0.7947060259041658
NPB,0.2940973476637357
NPBWR1,0.0368226633923292
NPBWR2,0.1822099665494629
NPC1,0.0850972360608116
NPC1L1,0.1781345492690563
NPC2,0.122028361438696
NPDC1,-0.1462065640382838
NPEPL1,-0.1130960575646764
NPEPPS,0.6924931584574011
NPFF,0.1953090242097575
NPFFR1,0.1439834549013831
NPFFR2,-0.0656184078053
NPHP1,0.091477428132479
NPHP3,0.132072205901649
NPHP4,0.1435152977722227
NPHS1,0.1864241421885869
NPHS2,0.1373393154942687
NPIPB11,-0.4287029063732152
NPIPB5,0.2683052778569924
NPL,0.0488117122784105
NPLOC4,0.980745372121234
NPM1,1.1811674155235243
NPM2,-0.0787798825047785
NPM3,0.4121923058838951
NPNT,-0.0386141938157427
NPPA,0.0035674949830068
NPPB,-0.0437709462582052
NPPC,0.0985687696302608
NPR1,0.0468781322452526
NPR2,0.010324373372902
NPR3,-0.0594130355595307
NPRL2,-0.0592036047417288
NPRL3,-0.1684299953172465
NPS,-0.1521201716506252
NPSR1,-0.0829699514048952
NPTN,0.0628598117243924
NPTX1,0.0375573540600339
NPTX2,-0.0940164710211814
NPTXR,-0.0110294220239488
NPVF,0.0475291754743076
NPW,0.101503030208526
NPY,0.1314525732960526
NPY1R,-0.0380727946525921
NPY2R,-0.1853969899659146
NPY4R,-0.2312760462681136
NPY5R,-0.0238258610056621
NQO1,0.0013979666399164
NQO2,-0.0172063950537703
NR0B1,-0.0064944946519146
NR0B2,0.1881531133337251
NR1D1,0.0595665165787595
NR1D2,-0.0223061991022956
NR1H2,-0.1560102829123363
NR1H3,-0.109403147299906
NR1H4,0.12376332035311
NR1I2,-0.0139420631689136
NR1I3,-0.033951113725399
NR2C1,0.1676058561151884
NR2C2,0.1552710230601625
NR2C2AP,0.3667632187501624
NR2E1,0.0779565720108593
NR2E3,0.0315263316226438
NR2F1,-0.040207739682488
NR2F2,-0.3467047317438739
NR2F6,-0.0163920885654145
NR3C1,0.0225389487335993
NR3C2,0.0476782037921361
NR4A1,0.0639993996221081
NR4A2,0.0130203152436859
NR4A3,0.0137851330859633
NR5A1,0.0561947307544943
NR5A2,0.0172520456836244
NR6A1,-0.0467415672032365
NRAP,-0.0302317850537264
NRARP,0.1920746432899384
NRAS,0.4265022806871014
NRBF2,0.135027285598909
NRBP1,0.809730533486218
NRBP2,0.1033214901526362
NRCAM,0.0607576531209409
NRDC,0.4512279255943859
NRDE2,1.449500177013009
NREP,-0.0253352286668849
NRF1,1.5860388443346682
NRG1,-0.0526576858698416
NRG2,0.0109872819503489
NRG3,-0.0472884977404353
NRG4,0.0295306392941776
NRGN,-0.0318580329962677
NRIP1,-0.0896332591565122
NRIP2,-0.1933125726329153
NRIP3,-0.0932374976460466
NRK,-0.0875241315088218
NRL,-0.0094360066375416
NRM,0.0047223268351943
NRN1,0.1054909790643475
NRN1L,0.0466752524822931
NRP1,0.0488905451171512
NRP2,-0.0666017869174297
NRROS,-0.0635191583242262
NRSN1,-0.0990334774728051
NRSN2,-0.0579454095608936
NRTN,0.0284258079973553
NRXN1,0.0168446405435851
NRXN2,0.0382093484937835
NRXN3,0.0111245834891745
NSA2,1.8109208515616009
NSD1,0.2626404942898592
NSD2,0.1278085654528791
NSD3,-0.0003528170828792
NSDHL,-0.0599040146913531
NSF,2.9841264340498515
NSFL1C,0.3569213692580056
NSG1,-0.0927635217304832
NSG2,-0.0492765227061076
NSL1,1.838332427757857
NSMAF,0.052265731882804
NSMCE1,0.8718094408175887
NSMCE2,0.6288330377136597
NSMCE3,1.2506862034843311
NSMCE4A,0.546637991638581
NSMF,0.0889807266210998
NSRP1,0.5656178523487078
NSUN2,0.0874384903466174
NSUN3,0.102925084872755
NSUN4,0.6694145352568269
NSUN5,0.0455155102891153
NSUN6,-0.0729427706609997
NSUN7,0.0252413898318787
NT5C,0.2165627663040307
NT5C1A,-0.0195385507682037
NT5C1B,-0.10733765422629
NT5C2,0.0852478245747962
NT5C3A,0.1681093988112988
NT5C3B,0.3146309496295353
NT5DC1,0.0098158792718993
NT5DC2,0.1305249568321314
NT5DC3,-0.0063788727320212
NT5DC4,0.0684540191456149
NT5E,-0.0028766417308078
NT5M,0.0800913477399046
NTAN1,-0.0622698208085237
NTAQ1,-0.1064111375134762
NTF3,0.1785009711286108
NTF4,-0.0562481724972032
NTHL1,0.1075390807885516
NTM,-0.1203980353477466
NTMT1,0.1070453825778083
NTMT2,0.0273070003880316
NTN1,0.1395837661021199
NTN3,-0.0968690773609706
NTN4,0.1011178668859054
NTN5,-0.0178028391372999
NTNG1,-0.0530893228247845
NTNG2,-0.0229619732596763
NTPCR,0.0425729909613963
NTRK1,-0.0420422329328413
NTRK2,-0.0497817451711677
NTRK3,-0.041904690277253
NTS,-0.0088525173147656
NTSR1,-0.1452190414352004
NTSR2,0.0973145678294082
NUAK1,0.0269166685824553
NUAK2,0.0621704017310264
NUB1,-0.0920544365651044
NUBP1,1.6315484347859597
NUBP2,1.018550137910884
NUBPL,0.3608766138555497
NUCB1,0.0621367773283381
NUCB2,-0.1784297094901528
NUCKS1,0.0209598470394686
NUDC,1.0835105643331857
NUDCD1,-0.006476701708927
NUDCD2,0.183645584561498
NUDCD3,1.1484746160114505
NUDT1,0.1044142805562669
NUDT10,0.2023921246957116
NUDT11,-0.0261096290283696
NUDT12,0.1909609837891045
NUDT13,0.0325967762792519
NUDT14,-0.0793715161702081
NUDT15,0.1420405283752049
NUDT16,0.0356680363021384
NUDT16L1,0.3434154152669979
NUDT17,0.3124778106606722
NUDT18,0.1954275130399024
NUDT19,0.1600545955236073
NUDT2,-0.0915719666332692
NUDT21,2.167789110963635
NUDT22,0.2293442626616191
NUDT3,0.073839960701832
NUDT4,0.008162105648945
NUDT5,-0.12378423207714
NUDT6,0.0099041475330335
NUDT7,-0.0166694504413062
NUDT8,0.070175836246038
NUDT9,-0.166008913748658
NUF2,1.8719352645703533
NUFIP1,0.7720218756074569
NUFIP2,0.1544220084622116
NUGGC,-0.0517632194473356
NUMA1,0.5174889304512393
NUMB,0.0184220296647333
NUMBL,0.0838090821118239
NUP107,1.0521356616085076
NUP133,1.2956960089837526
NUP153,0.4329593464992176
NUP155,1.1530771302541396
NUP160,0.8794604901426932
NUP188,0.1165688995035953
NUP205,1.3512776265650317
NUP210,0.0507156521638414
NUP210L,0.0088845647772387
NUP214,1.4997502930651714
NUP35,0.6633552627168203
NUP37,0.0832786569968352
NUP42,0.0982820621409308
NUP43,0.990007493295355
NUP50,0.2173816351826343
NUP54,0.961050652858454
NUP58,0.4991368004201037
NUP62,0.6800271790040583
NUP62CL,-0.1598314944996292
NUP85,1.609734294216895
NUP88,1.5108558375757832
NUP93,1.9371867925752024
NUP98,0.7485950981405362
NUPR1,0.0275552164708344
NUPR2,0.1562956754447551
NUS1,1.931210435518238
NUSAP1,0.0087016199025167
NUTF2,2.167917297554741
NUTM1,-0.028986860078871
NUTM2A,0.3884972551092663
NUTM2D,-0.1996052414601402
NUTM2F,-0.0302992903773246
NUTM2G,-0.0959479252891689
NVL,2.03998480291148
NWD1,0.2420045723139163
NWD2,0.1160602367379012
NXF1,1.1782419270588649
NXF3,-0.047866681834924
NXN,-0.01454797339024
NXNL1,-0.0106121568569506
NXNL2,0.1506349223568706
NXPE1,9.192731598546557e-05
NXPE2,0.0273689537468993
NXPE3,-0.108010263200328
NXPE4,-0.0315817103034417
NXPH1,-0.0419592179844551
NXPH2,-0.0481430495105067
NXPH3,-0.1268106655550936
NXPH4,-0.0444126201326036
NXT1,0.8066158016326805
NXT2,0.0428192214304288
NYAP1,-0.1079511803390377
NYAP2,-0.0553871418385565
NYNRIN,-0.0151532211887614
NYX,0.0660603815672625
OAF,0.0644319370159911
OARD1,-0.0321462936051545
OAS1,-0.0116223517392042
OAS2,0.0202331497569617
OAS3,0.0153458728003405
OASL,0.0006452825010349
OAT,-0.0168562434245206
OAZ1,-0.023190825563697
OAZ2,0.0462365081844029
OAZ3,-0.0279235228372411
OBI1,0.2616310378375701
OBP2A,-0.1445501392954021
OBP2B,-0.368124908215226
OBSCN,-0.0738949927673902
OBSL1,0.117961608380006
OC90,-0.1291819130281165
OCA2,0.0605337386285172
OCEL1,-0.0314039247214793
OCIAD1,-0.030771307526299
OCIAD2,-0.0406569235659009
OCLN,0.0359888642245272
OCM,-0.1762455819547894
OCM2,-0.1500477961575184
OCRL,0.0538508442486316
OCSTAMP,-0.013744001037518
ODAD1,0.2405732042412938
ODAD2,-0.001789916914367
ODAD3,-0.1056804825433291
ODAD4,-0.1341893281492317
ODAM,-0.0760967253894226
ODAPH,0.0176128258496741
ODC1,-0.1126878780313715
ODF1,0.1082537170592317
ODF2,-0.1408522311657875
ODF2L,-0.0438511151705944
ODF4,0.0787280098707724
ODR4,0.4244302169232701
OFD1,-0.0959093907623365
OGA,0.4634072940253978
OGDH,0.3504619290899132
OGDHL,0.0559957220188075
OGFOD1,0.2938675845751663
OGFOD2,-0.0804993585309183
OGFOD3,-0.1236989995416567
OGFR,0.1945582202986834
OGFRL1,-0.0847246562125106
OGG1,0.0959179957512763
OGN,-0.1538673759538678
OGT,1.4939403137261058
OIP5,1.1882289482386066
OIT3,-0.0249650235654785
OLA1,0.2457593093238273
OLAH,-0.1754266447030205
OLFM1,-0.0713210079528382
OLFM2,0.17716746663872
OLFM3,-0.0392340460079045
OLFM4,0.0434716895365404
OLFML1,0.0385502346867644
OLFML2A,0.0350395344162957
OLFML2B,0.0306632863337308
OLFML3,0.2886100846554712
OLIG1,0.1937797576641871
OLIG2,-0.0046098660992705
OLIG3,0.1729935273410069
OLR1,-0.083377218362191
OMA1,0.0569065687456229
OMD,-0.1743438918633383
OMG,0.0577713727166594
OMP,-0.0432869953361373
ONECUT1,-0.0992070372594262
ONECUT2,-0.0298143625618406
ONECUT3,-0.1587271766909387
OOEP,0.1461364079008972
OOSP2,0.0418381158303906
OOSP3,-0.0281618862704761
OPA1,1.0980245366331267
OPA3,-0.0840466683960874
OPALIN,-0.0216362187097326
OPCML,-0.0459629541191751
OPHN1,0.0737828074701428
OPLAH,-0.0695669892762557
OPN1LW,0.1035526089301179
OPN1SW,0.0278203287978232
OPN3,0.0998051349844565
OPN4,0.1032244185371306
OPN5,-0.0233936143899329
OPRD1,-0.0886493644609224
OPRK1,-0.0509349619123187
OPRL1,0.0806189432405907
OPRM1,-0.0013862299244639
OPRPN,-0.0277684659112797
OPTC,0.0674851347941242
OPTN,-0.1259309103359417
OR10A2,0.0021901045410298
OR10A3,-0.0877640517750812
OR10A4,0.2647709059551649
OR10A5,-0.030253175086319
OR10A7,0.1514553422639914
OR10AD1,0.0363539152214801
OR10AG1,-0.1031450313664266
OR10C1,0.2959764177422219
OR10D3,0.0530883393667935
OR10G2,0.2708796291147385
OR10G3,0.0322844299161154
OR10G4,0.0446639896570348
OR10G6,-0.1299820564829693
OR10G7,-0.0331656230100681
OR10G8,-0.0164999041566007
OR10G9,-0.0852785084155445
OR10H1,0.2345724519226195
OR10H2,0.2419089606056321
OR10H3,-0.0553287098310063
OR10H4,0.0560925102338118
OR10H5,0.1777855153906701
OR10J1,-0.0412839731465624
OR10J5,-0.0566362169449775
OR10K1,0.0527905109082717
OR10K2,0.0785367032517934
OR10P1,0.1877223683676813
OR10Q1,0.0047931961182012
OR10R2,0.1062615922999137
OR10T2,0.1678251543873622
OR10V1,0.0028711599651001
OR10W1,0.0011461329303591
OR10Z1,-0.117668541613523
OR11A1,-0.0859024647493893
OR11H12,0.4268797486196756
OR11H4,0.0732957706773404
OR11H6,0.034896627681396
OR11L1,-0.1129916313702634
OR12D3,-0.1573855478471303
OR13A1,0.0710150862734131
OR13C2,-0.1800292087393931
OR13C3,0.0427152460988073
OR13C4,0.0201388908248506
OR13C5,-0.2642269145390938
OR13C8,0.1108499041902177
OR13C9,0.0021651069013304
OR13D1,0.0377946058572995
OR13F1,0.2133800671109903
OR13G1,-0.0873447357397802
OR13H1,0.0166573148263606
OR13J1,0.0961835239073856
OR14A16,-0.0399051309677302
OR14A2,-0.1798022452731725
OR14C36,0.0102268567297688
OR14I1,-0.1027697704860831
OR14J1,0.0698063244585031
OR14K1,-0.2016796266091474
OR1A1,0.0562248623886405
OR1A2,0.0445103077705741
OR1C1,0.1071009794383334
OR1D2,0.5191501780536502
OR1D5,0.5588597071864585
OR1E1,-0.0347081613662548
OR1E2,0.3728789638152338
OR1F1,0.0333556862042234
OR1G1,-0.0353546967024564
OR1I1,0.1100349367956016
OR1J1,-0.0130103534343477
OR1J2,-0.023740011601284
OR1J4,-0.0028491192357745
OR1K1,0.0439867539970776
OR1L1,0.0234807081096726
OR1L3,-0.0391789127667262
OR1L4,0.2166578921543606
OR1L6,0.0768874557181271
OR1L8,-0.0159408037848395
OR1M1,0.1277421889301594
OR1N1,-0.000303018590791
OR1N2,0.07397263771483
OR1Q1,0.0927181364707609
OR2A12,-0.0204186187694926
OR2A14,0.1597963640027974
OR2A2,0.0880488890191214
OR2A25,0.1074734267158858
OR2A5,0.1943075472893603
OR2AE1,0.0541486089835165
OR2AG1,-0.1333082828212178
OR2AG2,0.0146528302835599
OR2AJ1,-0.1128585272495565
OR2AP1,0.2100587703174782
OR2AT4,0.1274721736933441
OR2B11,0.0794928660306837
OR2B2,0.1704521546255349
OR2B3,0.1404615489798649
OR2B6,0.1380005813159412
OR2C1,0.0418854078997326
OR2C3,0.1512239135624516
OR2D2,0.0992649476912835
OR2D3,-0.1466004678395083
OR2F2,0.1133094585991988
OR2G2,0.0430791779956532
OR2G3,0.0510539672739034
OR2G6,0.2172312998732039
OR2H1,0.0250018154493451
OR2H2,0.0179102874677169
OR2J1,-0.1326391973922988
OR2J2,0.0297919228303462
OR2J3,0.0893884050337546
OR2K2,0.0746443692718728
OR2L13,0.1452694334439599
OR2L2,0.0798202004374093
OR2L3,0.0407945747203787
OR2L5,0.0528270420748073
OR2M2,0.1658942555288685
OR2M3,0.0492950739312516
OR2M4,0.1058426678425883
OR2M5,0.1754638772598891
OR2M7,0.1170174834415319
OR2S2,0.1512228836049708
OR2T10,0.0317918709346473
OR2T12,0.1738746282322569
OR2T2,0.3832234641507555
OR2T27,0.3298390256482279
OR2T29,0.1445327863037099
OR2T3,0.2316759111211206
OR2T33,0.1858948560529146
OR2T35,0.1576212798727433
OR2T4,-0.0098269235722886
OR2T5,0.1016224260877353
OR2T6,0.1008444642236141
OR2T8,0.1268085969805636
OR2V1,0.0353758947804905
OR2V2,0.1798470583186977
OR2W1,0.0453865865998605
OR2W3,0.0857689766892537
OR2Y1,0.027858277897255
OR2Z1,-3.25195864849556e-05
OR3A1,0.0526623439067491
OR4A16,0.1025987364576709
OR4A47,0.4481230932420912
OR4A5,0.1300509444941586
OR4B1,0.1223485521138039
OR4C11,0.1168227363085726
OR4C12,0.004099194205398
OR4C13,-0.1128233247277652
OR4C15,0.0029402646151634
OR4C3,0.0533875219617156
OR4C46,0.3103658749739498
OR4C5,-0.1340449482588568
OR4C6,0.0233281372078546
OR4D1,0.2350729723619259
OR4D10,0.1705788700306954
OR4D11,0.0597810715325462
OR4D2,0.2886051974050212
OR4D5,0.0399575591242708
OR4D6,-0.1299844550930121
OR4D9,0.1006694403452019
OR4E1,-0.3285483831722013
OR4E2,0.0386829016553029
OR4F15,-0.0392793684723072
OR4F17,0.0854969440558149
OR4F5,0.084847823223852
OR4F6,0.0904205972613228
OR4K1,0.4987479183611312
OR4K13,0.2193572109745149
OR4K14,0.034828864495272
OR4K15,0.1354279607274683
OR4K17,-0.0881229209633613
OR4K2,0.063871235410819
OR4K5,-0.0613999328883317
OR4L1,-0.0299846087353921
OR4M1,0.142622325067061
OR4N2,0.39060569816525
OR4N5,0.2128145805544674
OR4P4,0.1513272487330591
OR4S1,0.1564081600412515
OR4S2,0.0944807357714091
OR4X1,0.0674826541507358
OR51A2,0.0219037147366136
OR51A4,-0.0608916856973801
OR51A7,0.0199464796274829
OR51B4,-0.0268347037138096
OR51B5,0.021535192861368
OR51B6,0.1408869461756953
OR51D1,0.0176228972319164
OR51E1,-0.0865490185300639
OR51E2,0.0468469663248115
OR51F1,-0.0484822020252057
OR51F2,0.0214836509003304
OR51G2,0.0140850339198991
OR51I1,0.0425764962579584
OR51I2,0.280879632978342
OR51L1,-0.0823102079810524
OR51M1,0.2821858273447812
OR51Q1,0.0208681399446069
OR51S1,0.1666072901738648
OR51T1,-0.1657097523216323
OR51V1,0.0220186839160791
OR52A1,0.049280543873144
OR52A5,0.0674519361181761
OR52B2,-0.0422062569231505
OR52B6,-0.1440730055786953
OR52D1,0.1179379093887747
OR52E2,0.0833868172204267
OR52E4,0.0508335445815102
OR52E5,-0.3023991391888807
OR52E6,0.0076755796694154
OR52E8,0.0145986874552873
OR52H1,-0.1318701821631764
OR52I1,-0.0999675320576605
OR52J3,-0.14031434027084
OR52K1,-0.0572831984882057
OR52K2,-0.0923202088876683
OR52L1,0.1456195401561777
OR52M1,0.0964818188521138
OR52N1,-0.1230816184555191
OR52N2,-0.0070075616041523
OR52N4,-0.1353955308247439
OR52N5,0.0100818357764242
OR52W1,0.2018395198106068
OR56A1,0.1670059557694812
OR56A3,-0.0203592813186116
OR56A4,0.0591000749071227
OR56A5,0.0383720616902772
OR56B1,-0.0846261137865048
OR56B4,-0.0273693728283593
OR5A1,0.1676732543575655
OR5A2,0.1375522085648417
OR5AC2,0.0411843258941861
OR5AK2,0.0324602562297619
OR5AN1,0.0923410506686688
OR5AP2,-0.0397455822201432
OR5AS1,0.2232564403808602
OR5AU1,0.1472506158789165
OR5B12,-0.2065704528860334
OR5B17,0.1568733290158981
OR5B2,-0.0699002179907038
OR5B21,0.0073142437862983
OR5B3,0.1513002846659884
OR5C1,0.0620853980832594
OR5D14,-0.2619515549927811
OR5D16,0.0314850504717323
OR5D18,0.0006283884781276
OR5F1,0.1098345636257182
OR5H14,0.0353614258755292
OR5H15,0.2232864596051245
OR5H2,0.0798906449227276
OR5H6,0.1768430060874107
OR5I1,-0.1273728986564204
OR5J2,-0.0546944463747199
OR5K1,0.0175281921431728
OR5K2,0.0511812502748389
OR5K3,0.2160870810567755
OR5K4,0.1604798443805841
OR5L2,0.2397744848254255
OR5M1,0.0269897155331457
OR5M10,0.0134942506485122
OR5M11,0.1194704516659665
OR5M3,0.0197728959916717
OR5M8,0.0227786469838162
OR5M9,0.0939866184131737
OR5P2,0.0706347158848962
OR5P3,-0.124572107084579
OR5T1,0.0164431975757782
OR5T2,0.0730999865461701
OR5T3,-0.0718235331294779
OR5V1,-0.1295458575693577
OR5W2,-0.002628073652315
OR6A2,0.0441209544652105
OR6B1,0.1529906481842609
OR6B2,0.0323251856460925
OR6B3,0.2015936415713713
OR6C1,0.14684327075901
OR6C2,0.0572260387728122
OR6C3,0.1333531220679334
OR6C4,0.1317025001161326
OR6C6,0.3994976383172642
OR6C65,0.1762400475093845
OR6C68,-0.1121960701729211
OR6C70,0.1255320380984122
OR6C74,0.0086839528801636
OR6C75,0.1199667955651428
OR6C76,0.0568529993576025
OR6F1,0.2060962518377997
OR6J1,0.1145576282116457
OR6K2,0.2223134759108259
OR6K3,0.1605015340234686
OR6M1,-0.0448530634443562
OR6N1,0.0743533141217335
OR6N2,-0.085385325327575
OR6P1,0.0516845285099624
OR6Q1,-0.0569896801382013
OR6S1,-0.0058932373460708
OR6T1,-0.039641134807285
OR6V1,0.1428396919922287
OR6X1,0.1369310662019677
OR6Y1,-0.032684600692699
OR7A10,0.3033735744108173
OR7A17,0.4986525612091172
OR7A5,-0.0865966454525926
OR7C1,0.0324932664689859
OR7C2,0.0500882619417025
OR7D2,0.0723750399449804
OR7D4,0.3687256393925789
OR7E24,0.3873714613522258
OR7G1,0.2037097820012952
OR7G2,0.5071118183365915
OR7G3,0.2541668204263173
OR8A1,0.2471512398522286
OR8B12,0.195757975210445
OR8B2,0.0148511746283316
OR8B3,0.0035623155334788
OR8B4,0.0703691757064524
OR8B8,-0.0621038054699545
OR8D1,0.1319454458623949
OR8D4,-0.0407551533438572
OR8G1,-0.2979653585897175
OR8G5,-0.0065380399082848
OR8H1,0.0124703190827144
OR8H2,0.1247154256460909
OR8H3,0.2114651528438522
OR8I2,0.1448032449566803
OR8J1,0.0665836998249524
OR8J3,0.0457109148388338
OR8K1,0.0770624868980973
OR8K5,0.070515515820989
OR8S1,0.0645631159467981
OR8U1,0.0217807920616476
OR9A2,0.0304480289834545
OR9A4,0.2205871528508677
OR9G1,0.0706519121170403
OR9G4,-0.0827264466693027
OR9I1,0.1108382770843752
OR9K2,0.0214718270510041
OR9Q1,0.0451729823182388
OR9Q2,0.0111916779808958
ORAI2,-0.0107121336436248
ORAI3,0.2482907365181779
ORC1,0.9634182381630598
ORC2,0.4523297289567651
ORC3,0.7553960861153491
ORC4,1.1341516094149369
ORC5,1.4043183836058448
ORC6,2.600505362173866
ORM1,0.0327333337990013
ORM2,0.0645852053083809
ORMDL1,-0.0147916169470614
ORMDL2,0.1018106763599358
ORMDL3,0.1284664981422294
OS9,0.2359443854330866
OSBP,0.79739214308124
OSBP2,-0.0458123048777151
OSBPL10,0.0489468158912572
OSBPL11,0.1296300362007839
OSBPL1A,0.0376561976633019
OSBPL2,0.0089090063411257
OSBPL3,0.0639356682955987
OSBPL5,-0.0710407631930217
OSBPL6,0.0809075365476724
OSBPL7,0.1983215299827012
OSBPL8,0.0232275090397494
OSBPL9,0.1208680806895663
OSCAR,-0.0845305919697424
OSCP1,-0.0159290161706921
OSER1,-0.0078872406929545
OSGEP,2.3408377108244607
OSGEPL1,0.0243455503453765
OSGIN1,0.0089184769757005
OSGIN2,-0.060908349556585
OSM,0.0427420001388847
OSMR,-0.138313997734558
OSR1,-0.0126510889778876
OSR2,0.0385477227090564
OST4,0.190584112847384
OSTC,0.4282773255165226
OSTF1,-0.1077544597874238
OSTM1,-0.0488348226285819
OSTN,-0.2069148484858126
OTC,0.0204052231718802
OTOA,-0.19487528601333
OTOF,0.0137321458925354
OTOG,0.0270243157838585
OTOGL,0.0194079405637388
OTOL1,-0.0397649740774296
OTOP1,0.3712835764586309
OTOP2,0.1621638924819197
OTOP3,-0.2635323690241226
OTOR,0.049541473155929
OTOS,0.0793215579198031
OTP,-0.0328930093551704
OTUB1,0.1226939862810266
OTUB2,-0.1192425668100292
OTUD1,-0.0107870004097659
OTUD3,0.0423188261369637
OTUD4,0.1804124107298159
OTUD5,0.6467672956708143
OTUD6A,-0.0323950153364864
OTUD6B,0.0457318252201577
OTUD7A,0.130476821655696
OTUD7B,-0.0269770641302078
OTULIN,0.1208060162203882
OTULINL,-0.0742753946981847
OTX1,0.1754433666692549
OTX2,-0.2319265443991536
OVCA2,0.2852477179463012
OVCH1,0.1707140299064006
OVCH2,-0.1324838004296866
OVGP1,0.3109406259856605
OVOL1,-0.114835435557046
OVOL2,0.223848515141381
OVOL3,0.0576849391988281
OXA1L,0.7226970978395256
OXCT1,-0.0951210113302342
OXCT2,0.0181591462034562
OXER1,-0.1022615738314846
OXGR1,0.0037730035862009
OXLD1,0.1289399098193003
OXNAD1,-0.1463086681054627
OXR1,-0.0207547634877785
OXSM,0.3629197244816579
OXSR1,0.0871249313933633
OXT,0.0437348996246639
OXTR,-0.0933414351798191
P2RX1,-0.0720395357729558
P2RX2,0.3321127237645203
P2RX3,-0.0041204545054665
P2RX4,0.1374585368506463
P2RX5,-0.1456001271234745
P2RX6,-0.047851823443103
P2RX7,0.0998879242535929
P2RY1,0.1435059223807361
P2RY10,0.0303273988972086
P2RY11,0.234151253228894
P2RY12,0.1145270537354593
P2RY13,-0.0512970393753199
P2RY14,0.1623359524491355
P2RY2,0.1202948182619617
P2RY4,-0.2408493009432601
P2RY6,0.1577044836678865
P2RY8,-0.312551316099056
P3H1,0.5112479822079048
P3H2,-0.0428797658902417
P3H3,0.1080126586691742
P3H4,0.2748330563382266
P3R3URF,-0.1986476267062205
P4HA1,-0.0693787475988111
P4HA2,-0.0392819055985921
P4HA3,0.075823871193898
P4HB,0.0587433920286869
P4HTM,0.1090118334500744
PA2G4,0.7612229501393568
PAAF1,-0.0333395823779607
PABIR1,0.6000015365879536
PABIR2,-0.1105860190985376
PABIR3,-0.3656575042598486
PABPC1,1.6904633163995202
PABPC1L,0.0502304734272788
PABPC3,-0.1272784025068475
PABPC4,-0.0209411115324918
PABPC4L,-0.0517925207872685
PABPC5,-0.1059385590088464
PABPN1,1.5626158064665276
PABPN1L,-0.2062709293604113
PACC1,-0.0479757299399188
PACRG,-0.2493308916805984
PACRGL,-0.2296893066486413
PACS1,0.3274486894903999
PACS2,0.1291090661996954
PACSIN1,-0.0501104633838381
PACSIN2,-0.1381653408902096
PACSIN3,0.1475294272607107
PADI1,-0.0692754752169987
PADI2,0.0265989063054501
PADI3,0.0999366551520215
PADI4,-0.0634074284799935
PADI6,0.001036153963238
PAEP,0.054959660258887
PAF1,1.3749972899891287
PAFAH1B1,2.1154273276966085
PAFAH1B2,0.0153251430489878
PAFAH1B3,0.2670117806882505
PAFAH2,-0.1707502367749142
PAG1,0.1126398226507801
PAGE1,-0.055995290612692
PAGE2,0.117592422302208
PAGE2B,-0.1160122002198983
PAGE3,-0.1229519691428014
PAGE4,-0.105510703748686
PAGE5,-0.0820056729976008
PAGR1,0.3490548144356558
PAH,-0.0659884494423422
PAICS,0.3465844392986854
PAIP1,0.0450996382486339
PAIP2,0.1082125176085013
PAIP2B,-0.0401836304425836
PAK1,0.2847358286202963
PAK1IP1,1.8977372148947576
PAK2,-0.0939714384635967
PAK3,0.2003294141729091
PAK4,0.1225764771676609
PAK5,0.0650845211533944
PAK6,0.126092635069286
PALB2,0.5038726132554752
PALD1,-0.1636338581126199
PALLD,-0.1843350635481864
PALM,0.0131703240208896
PALM2AKAP2,-0.0056905110996292
PALM3,0.1250501871791347
PALMD,-0.0469776412959176
PALS1,0.1386666349689343
PALS2,-0.0698328123474019
PAM,-0.0014020527101937
PAM16,2.173491792174559
PAMR1,-0.0508034198884682
PAN2,0.1050500396881758
PAN3,0.0725785174916719
PANK1,-0.0568905886971811
PANK2,0.016086327754685
PANK3,0.1928027999147829
PANK4,0.0515496343028723
PANX1,0.0061594525928557
PANX2,-0.1080800013707171
PANX3,-0.0709442417576871
PAOX,0.1815815317565903
PAPLN,0.0410009938137574
PAPOLA,0.1024525616841842
PAPOLB,0.0535895916091444
PAPOLG,0.0887689146532871
PAPPA,0.1441342007757556
PAPPA2,-0.0596669675453317
PAPSS1,-0.0498742635557456
PAPSS2,0.0523709455065175
PAQR3,0.2188234451272988
PAQR4,0.1061161472227394
PAQR5,-0.0170154729035015
PAQR6,0.2296019453043848
PAQR7,-0.0655097551709222
PAQR8,0.156504669209595
PAQR9,0.0493458630110568
PARD3,0.1565745614691231
PARD3B,-0.0205652720512634
PARD6A,-0.0975592922161633
PARD6B,0.1033566073805123
PARD6G,0.0271157072814656
PARG,-0.1700108102323612
PARK7,0.1201867046814706
PARL,0.3498895608222101
PARM1,-0.068327753985947
PARN,0.7730406302938271
PARP1,0.2074243002818139
PARP10,0.1143847522862719
PARP11,0.0033559864792952
PARP12,0.0130800082838169
PARP14,0.1396636561816535
PARP15,0.0164716943580796
PARP16,0.0119531728130999
PARP2,0.0436092468136152
PARP3,0.1523244439895753
PARP4,0.1039847428967056
PARP6,0.1132270158722418
PARP8,0.023449357548096
PARP9,0.0082916723740332
PARPBP,0.1176593966830072
PARS2,0.8568415929710506
PARVA,-0.0485381436850242
PARVB,-0.0736947583133356
PARVG,-0.066335305628982
PASD1,-0.0345979145510595
PASK,0.0829283699149239
PATE1,-0.2409806261700811
PATE2,-0.1296665378398118
PATE3,-0.0934920328418416
PATE4,-0.0620600828931281
PATJ,0.0886187260250924
PATL1,0.0582784598854435
PATL2,-0.1217695953391695
PATZ1,0.1188388878608942
PAWR,-0.1084329401213015
PAX1,-0.0068945729355924
PAX2,-0.0330861691444197
PAX3,0.044045572753532
PAX4,0.0690725639568042
PAX5,0.1274400258813652
PAX6,-0.0226913643621316
PAX7,-0.0390170806631817
PAX8,0.1102068494975378
PAX9,8.980620592043825e-05
PAXBP1,1.5236699102490152
PAXIP1,0.1943232856546719
PAXX,0.0268635682311531
PBDC1,-0.0543292822275267
PBK,-0.0411469142646934
PBLD,0.0199876011101912
PBOV1,-0.2906679706082777
PBRM1,0.3907752674692628
PBX1,0.0583116229296573
PBX2,0.3719654551207185
PBX3,-0.1096456585963685
PBX4,-0.0610356309241854
PBXIP1,0.0505879411673055
PC,0.3696728623258671
PCARE,-0.0738583388630022
PCBD1,-0.1186973618232158
PCBD2,0.1853266274267245
PCBP1,1.7778348907650343
PCBP2,1.143351217027928
PCBP3,-0.0718559188000004
PCBP4,0.0172730895514362
PCCA,0.0125416949569188
PCCB,0.1737296693315464
PCDH1,-0.045554855063728
PCDH10,0.1885917658063105
PCDH11X,-0.1620265952885938
PCDH11Y,-0.3429675114463483
PCDH12,-0.1143796892933916
PCDH15,-0.1375082847790673
PCDH17,0.0118270398528515
PCDH18,-0.1089992841588896
PCDH19,-0.0574285983657255
PCDH20,0.095918420182848
PCDH7,-0.0191583585824546
PCDH8,-0.0446295716070671
PCDH9,-0.1114157923580372
PCDHA1,-0.0642163424860009
PCDHA10,-0.181185170873828
PCDHA11,0.0070085337399864
PCDHA12,0.1176952142984767
PCDHA13,0.0706351602830925
PCDHA2,-0.0508903823003104
PCDHA3,0.0769605668196731
PCDHA4,0.167196331178554
PCDHA5,-0.1867691541663848
PCDHA6,0.0048823449726102
PCDHA7,0.039470916353521
PCDHA8,-0.0272828347105549
PCDHA9,0.0117409799534781
PCDHAC1,0.0445060547898259
PCDHAC2,0.089075094808637
PCDHB1,-0.0205580794510992
PCDHB10,0.0605179753134489
PCDHB11,0.0582463534789568
PCDHB12,-0.1322252758396049
PCDHB13,-0.1175491155976386
PCDHB14,0.0525562510091942
PCDHB15,0.0190229291489213
PCDHB16,0.0559635609662167
PCDHB2,0.087803083960336
PCDHB3,0.0501456938929344
PCDHB4,-0.0246011289470378
PCDHB5,0.0425211918857208
PCDHB6,0.081338426532615
PCDHB7,0.1223933620935224
PCDHB8,-0.0739044001629905
PCDHB9,-0.2219157475711212
PCDHGA1,0.0492628949629041
PCDHGA10,0.0803763660928428
PCDHGA11,-0.0996892740751246
PCDHGA12,0.0408881481444763
PCDHGA2,-0.0891193205334436
PCDHGA3,-0.0641566218212673
PCDHGA4,0.1080569836386681
PCDHGA5,0.0567158460767529
PCDHGA6,0.0371354366149401
PCDHGA7,0.0590127918830394
PCDHGA8,0.0094830039356629
PCDHGA9,-0.0088317740297798
PCDHGB1,-0.0124977221090123
PCDHGB2,-0.1031485226691943
PCDHGB3,-0.0180484043308809
PCDHGB4,-0.1310640071705593
PCDHGB5,0.0701248562776895
PCDHGB6,-0.0548213625869073
PCDHGB7,-0.1751183856494491
PCDHGC3,0.1785389652255266
PCDHGC4,-0.1209786586505044
PCDHGC5,-0.013280559988631
PCED1A,-0.0734941068699582
PCED1B,0.2695470956023656
PCF11,1.02922090402549
PCGF1,0.2155890576561932
PCGF2,0.1223326162519796
PCGF3,0.1584630823301125
PCGF5,0.020648190024551
PCGF6,0.3186003024912784
PCID2,1.2605616577924
PCIF1,0.1546536715230769
PCK1,0.1014290929721438
PCK2,0.0438106832989953
PCLAF,0.0254250833907826
PCLO,-0.1324166211272976
PCM1,0.0852498277932615
PCMT1,0.0469466186770724
PCMTD1,0.2883372049257898
PCMTD2,0.1020283160235434
PCNA,3.002696919323098
PCNP,0.1143270181261182
PCNT,0.2318265348304233
PCNX1,-0.0753471744088647
PCNX2,0.1721432656008173
PCNX3,0.2719815672311775
PCNX4,-0.0996241163681289
PCOLCE,0.1471294296811812
PCOLCE2,-0.0304231850445676
PCP2,0.0840482733108316
PCP4,-0.1656732607187052
PCP4L1,-0.0305922567494377
PCSK1,-0.0166229560874498
PCSK1N,-0.1683474276643631
PCSK2,-0.1402279962408349
PCSK4,-0.0980171320942897
PCSK5,0.0038527813464211
PCSK6,-0.1203249528638291
PCSK7,0.0632151737385952
PCSK9,0.2573321443218344
PCTP,0.1397697139175833
PCYOX1,-0.0375905137800257
PCYOX1L,0.0268168676695674
PCYT1A,0.4677105286979935
PCYT1B,-0.0772810232671023
PCYT2,-0.0422845469654649
PDAP1,0.6752860310224342
PDC,0.1094426466435629
PDCD1,-0.0991442433067908
PDCD10,-0.1106227102171499
PDCD11,2.19336372744738
PDCD1LG2,-0.1217907159071302
PDCD2,0.8760976991413489
PDCD2L,0.0647687242175899
PDCD4,-0.0453240487545085
PDCD5,0.6640434763914578
PDCD6,0.2560716154342306
PDCD6IP,0.5105979929093467
PDCD7,0.803251137562887
PDCL,0.3995789455983627
PDCL2,0.1194515318924371
PDCL3,0.3403349193303273
PDE10A,-0.0296091185735473
PDE11A,0.0043985526355129
PDE12,0.4769176063029214
PDE1A,-0.0952186993004407
PDE1B,-0.0884877165547808
PDE1C,0.0941287105204841
PDE2A,0.1882176828427708
PDE3A,-0.0326802081509826
PDE3B,0.0365147552239548
PDE4A,0.1835837240052332
PDE4B,0.0022550623072862
PDE4C,-0.0244220471157794
PDE4D,0.181198064346219
PDE4DIP,0.7532410034831344
PDE5A,0.0216987854685476
PDE6A,-0.0047418410284316
PDE6B,0.1028609341231663
PDE6C,0.0273160991167841
PDE6D,0.0698765406177246
PDE6G,0.0624162812682651
PDE6H,-0.1210558512972528
PDE7A,0.0759472806476188
PDE7B,0.0122055441497215
PDE8A,0.0797056983656127
PDE8B,0.1023471967798603
PDE9A,-0.067420915431775
PDF,0.0881412857669081
PDGFA,0.0401317073152897
PDGFB,0.0757751611627271
PDGFC,-0.0683596865347867
PDGFD,0.0244715978937354
PDGFRA,0.1553890737326609
PDGFRB,0.0381053689572439
PDGFRL,0.0321758355749329
PDHA1,0.0652562748024818
PDHA2,0.1017330263885235
PDHB,0.035359497248311
PDHX,-0.0012972853593511
PDIA2,0.1122186158990887
PDIA3,0.1248280047878335
PDIA4,0.1798318834407312
PDIA5,-0.1452060139487093
PDIA6,-0.0772703573746905
PDIK1L,0.0426424914191888
PDILT,-0.0266172092700498
PDK1,-0.1114880054317026
PDK2,0.2603873801023519
PDK3,0.1486332631686058
PDK4,-0.0082422218261773
PDLIM1,0.0422309163805654
PDLIM2,0.0087143872063462
PDLIM3,-0.1666061366221575
PDLIM4,-0.0170130950145584
PDLIM5,-0.1538924826498312
PDLIM7,-0.021150154076654
PDP1,-0.0304742994962099
PDP2,0.0549074922853404
PDPK1,0.6529183415984066
PDPN,0.0105210727055775
PDPR,0.3725754392581331
PDRG1,2.396888957752656
PDS5A,0.4883552740915527
PDS5B,-0.0567853444832646
PDSS1,0.3481583857611763
PDSS2,0.2857453638186809
PDX1,-0.0339186077199067
PDXDC1,0.1880502168889149
PDXK,0.0490262121418494
PDXP,-0.0805139455413735
PDYN,-0.0175465197634461
PDZD11,0.0442581232047799
PDZD2,-0.0229509824725279
PDZD4,0.1829118187009482
PDZD7,0.0776701630780758
PDZD8,0.0359994269656952
PDZD9,0.0449374902214149
PDZK1,0.2849550642689288
PDZK1IP1,0.2215881478686989
PDZRN3,-0.065217052493323
PDZRN4,-0.0812417060474867
PEA15,0.0026975010533399
PEAK1,-0.1778169560144569
PEAK3,-0.1535821501208806
PEAR1,0.0921946232579133
PEBP1,0.0358251836120544
PEBP4,-0.0285380524674474
PECAM1,0.0729064119612347
PECR,-0.0266642217478197
PEDS1,0.1454428990886259
PEF1,0.2941845977449363
PEG10,-0.1014461576237212
PEG3,-0.1754027012232566
PELI1,-0.0002465558146093
PELI2,-0.0117936657787404
PELI3,0.0626311326165387
PELO,1.1622857520343386
PELP1,1.286935182295916
PEMT,0.0533574394062998
PENK,-0.0387243406771404
PEPD,-0.0282431212484548
PER1,-0.1834393242392485
PER2,0.1038980966831042
PER3,0.0012930406172851
PERCC1,-0.0190046606670216
PERM1,-0.0082434643823976
PERP,0.1178521348633862
PES1,2.0984488280999525
PET100,0.1070809665249539
PET117,0.3787574511611585
PEX1,0.1741117408430879
PEX10,0.1360389947399807
PEX11A,-0.0024790162858649
PEX11B,0.1536147963641814
PEX11G,-0.0282020685063995
PEX12,-0.0176120298116158
PEX13,0.0202345711217403
PEX14,0.0516161530832126
PEX16,-0.0430421067576673
PEX19,0.1307452068987129
PEX2,-0.0058885653660181
PEX26,0.1744803971861274
PEX3,-0.0952234865583595
PEX39,0.0531561088760652
PEX5,0.0309061697360103
PEX5L,-0.1769609129502027
PEX6,0.1277508065792615
PEX7,0.0961975024385566
PF4,0.3050930509329184
PF4V1,0.0302536341243004
PFAS,0.0441054411390778
PFDN1,0.3886660324520288
PFDN2,1.6639283609111386
PFDN4,0.2135697378923252
PFDN5,0.3715598602047491
PFDN6,1.7368643563268666
PFKFB1,0.1751745428342762
PFKFB2,0.0626297491114739
PFKFB3,-0.0450741270039887
PFKFB4,0.1906775428255669
PFKL,0.0157683112864755
PFKM,-0.0127192686779959
PFKP,0.3822846020906228
PFN1,0.3496858948306516
PFN2,0.1479035115630601
PFN3,-0.0491662133481746
PFN4,-0.0039740300520096
PGAM1,1.9247170682151007
PGAM2,0.0177953247551676
PGAM4,0.0989821043098349
PGAM5,0.1554880350258825
PGAP1,0.0189318253336213
PGAP2,-0.0016271738038377
PGAP3,0.1430254872212413
PGAP4,-0.1491153322109525
PGAP6,0.2568445986517554
PGBD1,0.1188973309269377
PGBD2,0.1399833101304367
PGBD4,0.1168877850336987
PGBD5,-0.3113620980120387
PGC,-0.0961705588614701
PGCKA1,0.04063101309665
PGD,1.4464366658394412
PGF,-0.0525559907992116
PGGHG,0.091489775058786
PGGT1B,0.5271843953735482
PGK1,2.165912569236696
PGK2,-0.118455083410819
PGLS,0.3856072202250865
PGLYRP1,0.1478948206680119
PGLYRP2,-0.0243785509816074
PGLYRP3,0.0292795612542313
PGLYRP4,0.0907370555492805
PGM1,-0.0820903966966495
PGM2,0.0285295920051069
PGM2L1,0.0485094824040257
PGM3,0.2140802604199902
PGM5,0.3977052371748926
PGP,0.5920349576674013
PGPEP1,0.2365752167517473
PGPEP1L,-0.110517272252031
PGR,0.0521241362493524
PGRMC1,0.1497358578657423
PGRMC2,0.0334250832614979
PGS1,1.4011083749884294
PHACTR1,0.0528258048988762
PHACTR2,0.0991011155390511
PHACTR3,0.1063199005927744
PHACTR4,0.2956440511122262
PHAF1,0.1150873213802464
PHAX,1.4891274844676288
PHB1,3.0279613213771963
PHB2,2.6600251488099307
PHC1,0.4223202888116506
PHC2,0.0556723711716861
PHC3,-0.1546138498449378
PHETA1,-0.0098283758199367
PHETA2,-0.0001078679849882
PHEX,-0.0430865934549602
PHF1,0.0291937904829673
PHF10,0.104883516108637
PHF11,-0.0175011431583625
PHF12,0.5284355996583523
PHF13,0.2466516684271742
PHF14,-0.0754701230741246
PHF19,-0.0249170883572107
PHF2,0.2022729968240779
PHF20,0.133449532066064
PHF20L1,-0.0894268020961049
PHF21A,0.0156682545033837
PHF21B,-0.0033221929521508
PHF23,0.3391614261663409
PHF24,0.0768554032056923
PHF3,-0.1856339590264868
PHF5A,3.189175952122303
PHF6,-0.0555346635378245
PHF7,-0.0373012768456859
PHF8,0.1080599450996229
PHGDH,-0.0353995304687292
PHGR1,0.0955663031402116
PHIP,0.2342120661596114
PHKA1,0.1237396867783883
PHKA2,0.0460150788718632
PHKB,0.1560951422220384
PHKG1,0.2536781944930762
PHKG2,-0.0228972459983817
PHLDA1,0.0107593378007038
PHLDA2,0.1285535292657159
PHLDA3,0.0076927691742218
PHLDB1,-0.0536123361888903
PHLDB2,-0.0236923000427073
PHLDB3,0.0770378976093269
PHLPP1,0.0061301426299714
PHLPP2,0.0445193467336798
PHOSPHO1,0.1073531587695723
PHOSPHO2,-0.1505366051638365
PHOX2A,0.0686148229112098
PHOX2B,-0.1658010632093308
PHPT1,-0.0469739330153563
PHRF1,0.0286966181360372
PHTF1,0.1289949693828834
PHTF2,-0.0340044792173733
PHYH,-0.0139533672850487
PHYHD1,-0.0170834736158923
PHYHIP,-0.0681709954162042
PHYHIPL,-0.0082609752745325
PHYKPL,0.1366357733401725
PI15,0.0978264959761421
PI16,0.0266371921309979
PI3,-0.0206863132261811
PI4K2A,0.1697765283120102
PI4K2B,-0.0806221407032211
PI4KA,0.8857936781694034
PI4KB,0.3489076514785992
PIANP,-0.114609528365157
PIAS1,0.4137753139473304
PIAS2,-0.1704271224721551
PIAS3,0.1874866953589656
PIAS4,0.221199802078432
PIBF1,-0.013301784793612
PICALM,0.2705029100269754
PICK1,-0.0120205240126949
PID1,-0.0337285093377217
PIDD1,0.0633942312468068
PIERCE1,0.1300734150350856
PIERCE2,-0.0982142386104345
PIEZO1,-0.0657311508521678
PIEZO2,-0.0756910012951638
PIF1,0.1092135705013152
PIGA,-0.0797960443028965
PIGB,0.2100990706249152
PIGBOS1,-0.1328909246552176
PIGC,-0.0020539937402453
PIGF,-0.0649684985130534
PIGG,-0.1085383245239297
PIGH,0.4182573809025248
PIGK,0.0654932342345323
PIGL,0.3606581510623102
PIGM,0.2655746193163019
PIGN,0.0347669608345734
PIGO,0.1973812406214886
PIGP,0.0218945759471503
PIGQ,0.0028019839011309
PIGR,-0.2370549662493634
PIGS,0.2753859215054082
PIGT,0.0230065119607437
PIGU,0.1159182274087488
PIGV,0.1721915358238619
PIGW,0.2711092389189335
PIGX,-0.1355238813661228
PIGY,0.41356813663359
PIGZ,-0.1113184149165947
PIH1D1,0.2100936607917075
PIH1D2,-0.0635413897438063
PIK3AP1,-0.1910384603825826
PIK3C2A,0.0249525819019884
PIK3C2B,0.0868780117686036
PIK3C2G,-0.1110599669110872
PIK3C3,0.4025243610422069
PIK3CA,0.1385220023693759
PIK3CB,0.1693598282352462
PIK3CD,0.1754847446481843
PIK3CG,-0.0074181573683884
PIK3IP1,-0.0090765951290334
PIK3R1,-6.264644993217092e-05
PIK3R2,0.1756251772515811
PIK3R3,0.0020286742418704
PIK3R4,0.3826599630881209
PIK3R5,-0.0662718595404803
PIK3R6,-0.1001120456979549
PIKFYVE,-0.0151381120615467
PILRA,0.139224396242661
PILRB,0.2527086087405338
PIM1,0.0169112444769263
PIM2,0.329975752557098
PIM3,0.0175307573462125
PIMREG,0.1186166733334522
PIN1,0.085809395299361
PIN4,0.0822030980123479
PINK1,0.0569617413929137
PINLYP,-0.0938820146266017
PINX1,0.2937185592618681
PIP,0.0759833278623548
PIP4K2A,-0.0410216951510125
PIP4K2B,0.0399061989329053
PIP4K2C,0.1259955918550969
PIP4P1,0.1532832216238359
PIP4P2,-0.0538131831877157
PIP5K1A,0.3295327009235237
PIP5K1B,-0.1768936247390704
PIP5K1C,-0.0421060163121788
PIP5KL1,-0.1444485487854457
PIPOX,-0.0253186976797362
PIR,-0.15558277436658
PIRT,-0.1132376305749396
PISD,0.7823133307154295
PITHD1,-0.0812273530016897
PITPNA,-0.0301537716249278
PITPNB,0.055586255894036
PITPNC1,-0.0352616610052464
PITPNM1,0.2611289928149749
PITPNM2,0.0552601281535116
PITPNM3,0.009724941384976
PITRM1,1.2659332074809098
PITX1,0.1365062710693153
PITX2,0.0057414341321635
PITX3,0.1406015062585164
PIWIL1,-0.079947216188685
PIWIL2,-0.0408322100848543
PIWIL3,0.2317021145759091
PIWIL4,0.0446463962098306
PJA1,-0.0391239969212197
PJA2,-0.1150435668917069
PJVK,-0.0405609285078867
PKD1,-0.2164675800500354
PKD1L1,0.0274380210931265
PKD1L2,-0.219761824727232
PKD1L3,0.2745594968006145
PKD2,-0.0792244156311708
PKD2L1,0.0428949689398707
PKD2L2,-0.108873052543514
PKDCC,0.0902746673314118
PKDREJ,-0.0726802975340045
PKHD1,0.0283135854882185
PKHD1L1,-0.0236551542555463
PKIA,-0.0121814884518333
PKIB,0.0077188990644875
PKIG,0.1250890856626705
PKLR,0.1722633580283579
PKM,1.9466929815451184
PKMYT1,1.5738558321105447
PKN1,-0.093689184190897
PKN2,0.180309518270025
PKN3,-0.0626680461155484
PKNOX1,0.0278379984418769
PKNOX2,-0.1896577459026061
PKP1,0.0240545346797889
PKP2,0.1087239652207604
PKP3,0.0005875449664572
PKP4,-0.0120602670692374
PLA1A,0.0392190081432965
PLA2G10,-0.2576781835253929
PLA2G12A,0.2051972059409901
PLA2G12B,0.1325208872985692
PLA2G15,0.0212281866653601
PLA2G1B,0.0577371521920445
PLA2G2A,-0.1018834377258247
PLA2G2C,-0.4379444936230124
PLA2G2D,-0.0301298470389301
PLA2G2E,0.0175277562136347
PLA2G2F,0.0217679709227668
PLA2G3,-0.0475089324082955
PLA2G4A,-0.1034387803707691
PLA2G4B,-0.0261320714203622
PLA2G4C,-0.1563148458529349
PLA2G4D,0.1950265588017007
PLA2G4E,0.0602467947388607
PLA2G4F,0.1356331578542563
PLA2G5,0.0949949954237179
PLA2G6,-0.0516830725052642
PLA2G7,0.0139370974234343
PLA2R1,0.0547423011516489
PLAA,0.1190986928799286
PLAAT1,-0.2270257733314847
PLAAT2,0.0142181016828339
PLAAT3,-0.0272014830974197
PLAAT4,-0.2217332951005312
PLAAT5,0.0911699988041591
PLAC1,-0.0791691193082514
PLAC8,0.1413458081074623
PLAC8L1,0.0401653052634235
PLAC9,0.2141743231138056
PLAG1,0.02129488450752
PLAGL1,0.0456476453557338
PLAGL2,0.1638005981671074
PLAT,-0.0324816105268566
PLAU,-0.0101864000137054
PLAUR,0.1446547905256667
PLB1,0.1908918651528677
PLBD1,-0.167168375990632
PLBD2,-0.0112783621740346
PLCB1,-0.0896598418847367
PLCB2,-0.012343027281619
PLCB3,0.1001003064239053
PLCB4,0.0118507302726886
PLCD1,0.0978868858734418
PLCD3,-0.0801151532195694
PLCD4,0.0207117084002645
PLCE1,-0.0115027567824408
PLCG1,-0.0140293960086496
PLCG2,-0.1107336142129027
PLCH1,-0.1958074099566497
PLCH2,-0.0556887305241303
PLCL1,-0.08367140254251
PLCL2,-0.0124288130535965
PLCXD1,-0.1346286458210286
PLCXD2,0.2171487244754699
PLCXD3,-0.0706648928953582
PLCZ1,0.0826151879701779
PLD1,-0.0359962741065585
PLD2,-0.1024791268234621
PLD3,-0.0806816566132153
PLD4,0.0712540129510864
PLD5,-0.0382598068436998
PLD6,0.0757270709272151
PLEC,0.2739732031968955
PLEK,0.0253296924455447
PLEK2,-0.0421140453131343
PLEKHA1,-0.1114157090012619
PLEKHA2,0.0548873131457307
PLEKHA3,0.0637145637871451
PLEKHA4,-0.0869051561498735
PLEKHA5,-0.0256694801494826
PLEKHA6,0.0673200274055746
PLEKHA7,0.0049815078628979
PLEKHA8,-0.1302595441203459
PLEKHB1,0.1233270574599346
PLEKHB2,0.1082916230285498
PLEKHD1,0.0651028281653862
PLEKHF1,0.0960308561160279
PLEKHF2,0.1694700810063671
PLEKHG1,-0.1121145975934719
PLEKHG2,0.0749795433011143
PLEKHG3,-0.1359913870067086
PLEKHG4,0.0596871621333698
PLEKHG4B,-0.0328411803951562
PLEKHG5,-0.0684578682106451
PLEKHG6,-0.0072779171964515
PLEKHG7,-0.0979665797544059
PLEKHH1,-0.0909122482874875
PLEKHH2,-0.0518911849852062
PLEKHH3,-0.0326944854290002
PLEKHJ1,-0.0099441907147705
PLEKHM1,0.5181429878753612
PLEKHM2,0.0943127218307574
PLEKHM3,0.0259658093391507
PLEKHN1,0.3361737399107704
PLEKHO1,0.0411178650131789
PLEKHO2,-0.026540194746311
PLEKHS1,-0.076022652696278
PLET1,-0.0279930926163999
PLG,0.2218619513459488
PLGRKT,-0.2041363277141192
PLIN1,-0.0119981120760474
PLIN2,0.1034319282508654
PLIN3,0.0705972646544619
PLIN4,0.1146058238318132
PLIN5,-0.0059197032161909
PLK1,2.89709990137242
PLK2,0.2395583876942978
PLK3,-0.0233538256590169
PLK4,1.1179214948126266
PLK5,-0.0412231165979203
PLLP,-0.0820700321111903
PLN,0.0267199290036406
PLOD1,-0.0576203210215694
PLOD2,0.0179491751763492
PLOD3,-0.0409124904748341
PLP1,-0.1262883330661028
PLP2,-0.047885333235511
PLPBP,0.1912802081558923
PLPP1,0.0075680844956272
PLPP2,-0.0868668892208754
PLPP3,0.1370469671397801
PLPP4,-0.0078471074087609
PLPP5,0.0323011258611366
PLPP6,-0.1648005426243293
PLPP7,-0.0221848699073261
PLPPR1,-0.0649509433316763
PLPPR2,0.0679832679158354
PLPPR3,-0.0261810130818908
PLPPR4,0.1172913777204036
PLPPR5,0.1857608153663941
PLRG1,1.1468349783802785
PLS1,0.108442901142706
PLS3,-0.1447048521830702
PLSCR1,-0.0854866146654057
PLSCR2,0.0459269947814606
PLSCR3,-0.1010251948992872
PLSCR4,-0.0286862882275175
PLSCR5,0.0478127902584057
PLTP,-0.1039788100574348
PLVAP,-0.031920599873207
PLXDC1,0.0217658410452604
PLXDC2,-0.1224643635711938
PLXNA1,0.2756405398218211
PLXNA2,-0.0438740304833054
PLXNA3,-0.0356717250697015
PLXNA4,-0.0109835092224506
PLXNB1,-0.0164739263235177
PLXNB2,-0.1067556449613739
PLXNB3,0.0023412504125619
PLXNC1,-0.0030770365538647
PLXND1,0.0795178708920003
PM20D1,0.1283733437698707
PM20D2,-0.009876654648891
PMAIP1,-0.1779231744109725
PMCH,-0.0136347493136217
PMEL,0.0430077818224385
PMEPA1,-0.0318182246242901
PMF1,2.1631738574600874
PMFBP1,0.2172335848178686
PML,-0.0507038198387545
PMM1,-0.0112904385884289
PMM2,0.2648169011722067
PMP2,-0.0947792340465193
PMP22,0.0109420609810573
PMPCA,2.3064810290948268
PMPCB,2.095892288213624
PMS1,-0.0457180255544886
PMS2,-0.0469513431043743
PMVK,0.9551655063612684
PNCK,-0.1670331086638211
PNISR,0.6325161128604846
PNKD,0.1621556134785299
PNKP,0.765079540703105
PNLDC1,-0.0331424261004884
PNLIP,-0.1260454115739218
PNLIPRP1,-0.1378297460878468
PNLIPRP3,-0.060957410598751
PNMA1,-0.005261860914236
PNMA2,-0.1937791999988465
PNMA3,-0.1869351348533209
PNMA5,-0.0325964505733446
PNMA6A,0.0550385959515386
PNMA6E,-0.1987483873789193
PNMA6F,-0.1787928232407232
PNMA8A,-0.0297108238619236
PNMA8B,-0.0470778807290922
PNMT,0.0698836869816211
PNN,0.7222514718542268
PNO1,1.140640704377596
PNOC,-0.1583844042248607
PNP,-0.0619175646484034
PNPLA1,-0.1009052859673282
PNPLA2,0.0825566920291975
PNPLA3,-0.0714861667015778
PNPLA4,-0.1665466011298461
PNPLA5,-0.0286944749739894
PNPLA6,0.1639762245729856
PNPLA7,0.1031027608022626
PNPLA8,0.1347674126588133
PNPO,-0.0094792744446443
PNPT1,1.3209536503780468
PNRC1,0.0836603406840694
PNRC2,0.3015021768657434
POC1A,0.1190664647569422
POC1B,0.2032204770786079
POC5,-0.0225920233532142
PODN,0.0516876235882772
PODNL1,0.0601364239855106
PODXL,0.2662664046694699
PODXL2,0.0546940302786443
POF1B,-0.2406635073954247
POFUT1,0.1159410381573932
POFUT2,0.1045371851629476
POGK,0.1916685801422176
POGLUT1,0.1808585657893211
POGLUT2,0.0289727538394311
POGLUT3,0.0700267307832918
POGZ,0.4426134006090328
POLA1,0.8450840295871739
POLA2,1.5251675263365008
POLB,-0.1485380641909695
POLD1,2.4397303759790203
POLD2,1.799187550596529
POLD3,2.050953219859903
POLD4,0.1656910435907787
POLDIP2,0.1783775275129978
POLDIP3,-0.0006055534688822
POLE,2.401214290394878
POLE2,2.01752388229097
POLE3,0.920437787684944
POLE4,0.5555077123364274
POLG,0.5906819694639066
POLG2,0.7015722892693451
POLH,0.0528007366259294
POLI,-0.2798637500681576
POLK,0.0187870800985475
POLL,0.1578995333155746
POLM,0.1701259505543957
POLN,-0.0225570121901768
POLQ,0.7987744265998722
POLR1A,1.922441780894408
POLR1B,1.545137336857179
POLR1C,2.5903640041936864
POLR1D,0.4028697434228063
POLR1E,1.30842700075856
POLR1F,2.147695529600916
POLR1G,0.9492102438979162
POLR1H,1.1418673992229786
POLR2B,2.284179107605237
POLR2C,2.860220816729464
POLR2D,2.192667719953891
POLR2E,2.074942424574866
POLR2F,1.654600313811052
POLR2G,2.103623675191026
POLR2H,1.8094937518367304
POLR2I,3.090511931709802
POLR2J2,-0.0022190509995855
POLR2K,1.5268863006303075
POLR2L,4.574967836361381
POLR2M,0.8105373992590967
POLR3A,2.657852114142078
POLR3B,1.940810188903783
POLR3C,1.0438425300899548
POLR3D,0.949144143430398
POLR3E,1.024550352152577
POLR3F,1.3600219449751567
POLR3G,0.1609864461800276
POLR3GL,0.0028218629575903
POLR3H,2.565596935119667
POLR3K,1.817321063743304
POLRMT,1.0997377345280004
POM121,0.0925326800918735
POM121C,0.3399874466573782
POM121L12,-0.0059352286851801
POM121L2,-0.0096803009390309
POMC,0.0305063710020793
POMGNT1,0.0589009593845166
POMGNT2,0.0546040011364989
POMK,0.1192938837599647
POMP,0.6371900260468977
POMT1,-0.0119292721533166
POMT2,-0.0467872146516673
PON1,0.1426763544556159
PON2,0.0235888970939565
PON3,0.1200918077782389
POP1,1.3136892934521185
POP4,1.1606589813263066
POP5,2.5793355670690783
POP7,1.0953551955763647
POPDC1,-0.0969407033892455
POPDC2,-0.0953464101304463
POPDC3,-0.0958205761050011
POR,-0.2239835791600632
PORCN,0.0354548070072289
POSTN,-0.0046122032739282
POT1,0.466444776024264
POTEC,0.3065478642893979
POTED,0.2309686293602515
POTEE,-0.0870602629959551
POTEF,0.2085520952734326
POTEG,0.8389503236870489
POTEH,0.3420405978321458
POTEI,0.4953793475590509
POTEM,0.137486097265012
POU1F1,0.1036955780343383
POU2AF1,0.1370422145565187
POU2AF2,0.1884971392079005
POU2AF3,-0.0494640873067895
POU2F1,0.2853088441238572
POU2F2,-0.0435766849132449
POU2F3,0.0463093756241286
POU3F1,-0.1079381387150178
POU3F2,-0.0686247337756008
POU3F3,0.1631470098807828
POU3F4,-0.1065516561243513
POU4F1,-0.1751247210565473
POU4F2,-0.1603043490092776
POU4F3,-0.0094992062932588
POU5F1,0.010416035644836
POU5F1B,0.0093258744158106
POU5F2,0.1050756757517991
POU6F1,0.1003758483494149
POU6F2,-0.0722327158172001
PP2D1,-0.0119429900559571
PPA1,1.7167776210453178
PPA2,0.980363903290404
PPAN,1.9573879093922169
PPARA,0.0219453316969435
PPARD,0.1105451147545625
PPARG,-0.026211674079374
PPARGC1A,-0.0932626400290656
PPARGC1B,0.4463144351535902
PPAT,0.4677961854651671
PPBP,-0.1757908676814912
PPCDC,0.0231325430624535
PPCS,0.0684397143257264
PPDPF,-0.0581574271016783
PPDPFL,-0.0536182549356301
PPEF1,-0.2196550973423588
PPEF2,0.0756068196686604
PPFIA1,-0.1517868543993097
PPFIA2,0.0810031566067426
PPFIA3,0.0072960181507436
PPFIA4,0.0059472260192657
PPFIBP1,-0.1027769927552629
PPFIBP2,0.0360243986197202
PPHLN1,0.2398816901971444
PPIA,0.6500990872589167
PPIAL4A,0.6073937437297572
PPIAL4G,0.1801389718703784
PPIB,0.1546884504045306
PPIC,0.0356608142489986
PPID,-0.0613433205287775
PPIE,0.6536897566364994
PPIF,-0.0108373075727251
PPIG,0.0163336193610205
PPIH,0.5300590557374262
PPIL1,0.7026482866369358
PPIL2,1.2941438316424343
PPIL3,0.2152099658922847
PPIL4,1.493012448156294
PPIL6,-0.118673650154909
PPIP5K1,0.0349978498048065
PPIP5K2,0.197947918822051
PPL,0.1644341418371641
PPM1A,-0.0918880052867578
PPM1B,-0.0245678309298833
PPM1D,0.1441491055576757
PPM1E,0.1466493037084467
PPM1F,0.0877475004208046
PPM1G,0.2754549588657444
PPM1H,0.2186062442954532
PPM1J,0.2778294000792181
PPM1K,-0.0703715346302922
PPM1L,0.1897989280716012
PPM1M,0.1754278471454721
PPM1N,0.0819717289933892
PPME1,0.1258600511358
PPOX,0.1348724949745466
PPP1CA,0.8175242442151264
PPP1CB,0.8818705899261113
PPP1CC,0.3635349587011588
PPP1R10,1.0931191183523354
PPP1R11,0.8548952869548051
PPP1R12A,0.8711732142160022
PPP1R12B,0.0277025479084652
PPP1R12C,-0.1135181340457979
PPP1R13B,-0.1511211925726938
PPP1R13L,0.2000808082418578
PPP1R14A,0.018017832901216
PPP1R14B,0.6101622316960537
PPP1R14C,0.1468120808405108
PPP1R14D,-0.0553393830645116
PPP1R15A,0.2724782486734502
PPP1R15B,0.720797450052534
PPP1R16A,-0.1458207489246594
PPP1R16B,0.0664076910944991
PPP1R17,-0.1906397501943611
PPP1R18,0.1184099979330665
PPP1R1A,0.2506142869070745
PPP1R1B,0.1589514682211156
PPP1R1C,0.0037657214293116
PPP1R2,1.3302907877977628
PPP1R21,0.076676071452059
PPP1R26,0.0424003945688941
PPP1R27,0.04181663014046
PPP1R2B,-0.0620554363738841
PPP1R2C,-0.1199197016893948
PPP1R35,0.048474391382906
PPP1R36,0.0570583052749635
PPP1R37,0.1232109992388663
PPP1R3A,-0.1603427979588652
PPP1R3B,-0.2600149240216159
PPP1R3C,-0.0883826583760033
PPP1R3D,-0.0301636120165781
PPP1R3E,0.330339505607509
PPP1R3F,0.010433872793043
PPP1R3G,-0.1111800978908178
PPP1R42,-0.0295675324437256
PPP1R7,1.3601956389743208
PPP1R8,2.183847695128612
PPP1R9A,-0.0196385557504216
PPP1R9B,-0.0561878981204286
PPP2CA,0.0146771693249756
PPP2CB,-0.0185795565932921
PPP2R1A,1.2744622700308883
PPP2R1B,-0.0929673325813963
PPP2R2A,0.1836461086588094
PPP2R2B,-0.0477873671727852
PPP2R2C,0.0049499556844564
PPP2R2D,0.0455416888500498
PPP2R3A,0.0183866295856307
PPP2R3B,-0.1061016281257657
PPP2R3C,0.5808132095197507
PPP2R5A,-0.10101451161031
PPP2R5B,0.1081018893458011
PPP2R5C,0.071608885014773
PPP2R5D,-0.0807653749840249
PPP2R5E,0.1675237792892598
PPP3CA,-0.0545473235656091
PPP3CB,-0.0182015603737793
PPP3CC,-0.0618185597523132
PPP3R1,-0.0153009116647035
PPP3R2,-0.027118007637498
PPP4C,0.779259193746217
PPP4R1,0.0719500266618057
PPP4R2,0.5516104048961996
PPP4R3A,0.3536706906914743
PPP4R3B,0.0311540817166303
PPP4R3C,0.0141138355799197
PPP4R4,-0.0699804438814324
PPP5C,0.1947425492648988
PPP6C,0.3406468238447504
PPP6R1,-0.0445058452480015
PPP6R2,0.0431226668543546
PPP6R3,0.2750432747394415
PPRC1,0.5693378782413596
PPT1,-0.0139311412668538
PPT2,0.0712479685572735
PPTC7,0.0691322957715352
PPWD1,1.9677359578694704
PPY,0.3265128631370347
PQBP1,0.477741165219718
PRAC1,0.355263847525606
PRAC2,-0.0035742991982712
PRADC1,0.1298488261470418
PRAF2,0.0861929220573722
PRAG1,-0.1064787706698803
PRAM1,0.1463717991935345
PRAME,-0.0121417338538363
PRAMEF1,0.097034871739351
PRAMEF11,-0.1401921634993879
PRAMEF12,0.0778187342605657
PRAMEF13,0.1170282185917471
PRAMEF14,0.0478267908057507
PRAMEF17,-0.0868042785654132
PRAMEF18,0.4194466524879934
PRAMEF19,-0.1308087719346242
PRAMEF2,0.0596491932953792
PRAMEF20,0.2377432204328274
PRAMEF27,0.1647475704136006
PRAMEF4,-0.1972821345763273
PRAP1,-0.0295432190379771
PRB2,0.2159344062010019
PRB3,-0.1975847913506513
PRB4,0.1594658915443004
PRC1,1.5924924784087071
PRCC,0.6990579039960796
PRCD,0.0800290794033147
PRCP,0.0728771676221129
PRDM1,0.098120040424606
PRDM10,0.5957456638471202
PRDM11,0.0154567422371615
PRDM12,0.0339506955316863
PRDM13,-0.1118692290736513
PRDM14,0.1858250520452328
PRDM15,0.1575638121053847
PRDM16,0.1355705750176211
PRDM2,-0.1355295220697832
PRDM4,-0.0594416186520695
PRDM5,-0.0442659872482005
PRDM6,-0.0256524088842774
PRDM7,0.0198650758540151
PRDM8,-0.0439475385635697
PRDM9,-0.0993850645301317
PRDX1,0.2160898859514496
PRDX2,0.2485750913507766
PRDX3,0.2256600278565328
PRDX4,0.0699520804827961
PRDX5,0.0096578544565791
PRDX6,0.1438541617237461
PREB,1.372019355021369
PRELID1,3.789808898713386
PRELID2,-0.0554517713146781
PRELID3A,-0.087204796419864
PRELID3B,2.1731723860747696
PRELP,0.11269877359515
PREP,0.189481244365475
PREPL,0.1111466612380118
PREX1,0.1121631672225167
PREX2,-0.0923588678002809
PRF1,-0.0631167172659643
PRG2,-0.0398492107925618
PRG3,-0.0476719411587298
PRG4,0.0424270400951818
PRH1,0.1511198989562424
PRH2,-0.1051700949483168
PRICKLE1,0.1891815077007735
PRICKLE2,-0.0361856215041686
PRICKLE3,-0.0915962701772272
PRICKLE4,0.0087875312738781
PRIM1,2.418971235459128
PRIM2,2.410487177959276
PRIMA1,0.0291289022065515
PRIMPOL,0.0251173884768483
PRKAA1,-0.0701955757289978
PRKAA2,-0.0063193528388874
PRKAB1,-0.0112508570187021
PRKAB2,0.171063860626506
PRKACA,-0.0093901155931926
PRKACB,-0.0132880276673451
PRKACG,0.1471254950851953
PRKAG1,0.1028751731742354
PRKAG2,0.0255323031600117
PRKAG3,-0.0659086315767398
PRKAR1A,0.159686255174973
PRKAR1B,-0.0559549652890612
PRKAR2A,0.1557278415220727
PRKAR2B,-0.0852973033480996
PRKCA,0.1414517239899478
PRKCB,0.0666887290499471
PRKCD,0.0059780043862999
PRKCE,0.1867935441915125
PRKCG,-0.1955396983596005
PRKCH,0.0538194607925634
PRKCI,-0.0141428255617814
PRKCQ,-0.0680738246779523
PRKCSH,0.0802001146945123
PRKCZ,0.171780335063401
PRKD1,-0.2434137040421486
PRKD2,0.122367378835889
PRKD3,0.0429441486050286
PRKDC,1.0086260319614844
PRKG1,0.0723332321698137
PRKG2,-0.0251942217117803
PRKN,-0.0202106926675954
PRKRA,0.6031592528555745
PRKRIP1,0.5936271097510737
PRKX,-0.0624602126197134
PRL,0.0295820028108435
PRLH,-0.0448876308494722
PRLHR,0.0738904786659524
PRLR,0.1193623737833526
PRM1,-0.0762567026424846
PRM2,-0.1346234328593757
PRM3,-0.014576848340567
PRMT1,1.038856695389157
PRMT2,0.1087441375357374
PRMT3,0.1002563613562584
PRMT5,1.3845404238003995
PRMT6,0.0640961863770253
PRMT7,0.1796585111710792
PRMT8,-0.0895242700418668
PRMT9,0.0480578792432375
PRND,-0.114821976181184
PRNP,-0.0138007455812956
PROB1,0.0942010695972034
PROC,0.0581241771667636
PROCA1,0.3397413089754669
PROCR,0.0883822482605102
PRODH,0.1818936156362817
PRODH2,0.1362851058905573
PROK1,-0.0203280294697252
PROK2,-0.0896568831662465
PROKR1,-0.0190700030826869
PROKR2,0.019089193717535
PROM1,-0.1319056031714854
PROM2,0.0701517574361819
PROP1,0.0107762007774766
PRORP,0.9107780843971278
PROS1,0.160892298002771
PROSER1,0.0325979419067791
PROSER2,0.1003036102023526
PROSER3,-0.1752215153221863
PROX1,-0.1057820278600418
PROX2,-0.037611909953639
PROZ,-0.0100523261749145
PRP4K,0.3741178996692582
PRPF18,0.8417865351016243
PRPF19,3.2317590359875323
PRPF3,1.0366286995533387
PRPF31,2.35592589304962
PRPF38A,2.5149474363463544
PRPF38B,2.210859070230089
PRPF39,0.3876840516079176
PRPF4,1.4090979331746838
PRPF40A,0.9639722366447168
PRPF40B,0.125076318902444
PRPF6,1.490835443564824
PRPF8,2.2404565188006464
PRPH,0.0099977656507992
PRPH2,-0.1796829362785709
PRPS1,0.0632725291514003
PRPS1L1,-0.0229398734516464
PRPS2,-0.1220437072193556
PRPSAP1,0.0932979387965433
PRPSAP2,0.0573898007297225
PRR11,0.1457588916612112
PRR12,0.0075029483339121
PRR13,0.4671068266886088
PRR14,-0.0182619587503514
PRR14L,0.0371863727032119
PRR15,-0.0220832711392001
PRR15L,0.2480866514185342
PRR16,-0.0854012324161996
PRR18,-0.0744563622426908
PRR19,-0.0190772316501138
PRR20G,0.0317001913909939
PRR22,0.04547631777562
PRR23A,0.0848251572820757
PRR23B,0.1039932789813872
PRR23C,0.0260302591576443
PRR27,0.0203203773805238
PRR29,0.0195427324595793
PRR3,0.1962722090400188
PRR30,0.1364947820801479
PRR32,-0.0401107914427515
PRR35,0.1126594918512707
PRR36,-0.0659018432337537
PRR4,-0.1278850846060065
PRR5,-0.0159084246701471
PRR5L,-0.009347310113796
PRR7,0.2419548839216829
PRR9,-0.1056384446006114
PRRC1,-0.2494016885553808
PRRC2A,0.5854973392234464
PRRC2B,0.0236027154410377
PRRC2C,0.1871027907403903
PRRG1,-0.056058747396146
PRRG2,-0.1498228966019168
PRRG3,-0.0373373607966638
PRRG4,0.0757317897612783
PRRT1,-0.0825556337516447
PRRT1B,-0.0795702215069498
PRRT2,0.080586314286778
PRRT3,-0.0509812731657248
PRRT4,-0.0339848501282394
PRRX1,0.0755670290990957
PRRX2,0.0645608290909585
PRSS1,0.0553122857215805
PRSS12,-0.0140451181862307
PRSS16,0.0221067596732947
PRSS2,-0.5232147025897025
PRSS21,-0.0895162615424773
PRSS22,-0.0029021168395893
PRSS23,-0.0310366336774109
PRSS27,0.0824667708046815
PRSS3,0.1696400258131196
PRSS33,0.0011020644891133
PRSS35,0.0882915065397047
PRSS36,0.04662440294498
PRSS37,0.0505949580871245
PRSS38,0.0253058101875372
PRSS41,-0.125852785765671
PRSS48,-0.1031067471220546
PRSS50,0.1647394580074969
PRSS53,-0.0158930530070708
PRSS54,-0.033584496349405
PRSS55,-0.0733695825315038
PRSS56,0.0631748961415341
PRSS57,-0.1986008687169557
PRSS58,-0.0812412376414054
PRSS8,-0.0020862632579888
PRTFDC1,-0.0982130134839744
PRTG,-0.1677012482219025
PRTN3,-0.0098220023914166
PRUNE1,0.3121045768663738
PRUNE2,-0.0273262331666688
PRX,0.1352124001053912
PRXL2A,0.0329482014012558
PRXL2B,-0.0073205278569597
PRXL2C,-0.0247353189264011
PSAP,0.001171472587775
PSAPL1,-0.1494198136777944
PSAT1,0.222704889505015
PSCA,-0.0959995431368646
PSD,0.072703737086221
PSD2,-0.2124079913483704
PSD3,-0.2340887947098874
PSD4,0.1893640038947171
PSEN1,-2.3432015407436058e-05
PSEN2,-0.0249978399569806
PSENEN,0.0806564383404814
PSG1,-0.0162331766912362
PSG11,0.0587767824065027
PSG2,0.1923857443311159
PSG3,0.102507959943111
PSG4,0.2695274671078099
PSG5,0.178244911285385
PSG6,0.0352172858001897
PSG7,0.1849417315050614
PSG8,0.1947161067178715
PSG9,0.1456203413476662
PSIP1,-0.0308584741348739
PSKH1,-0.1654768725735542
PSKH2,0.0156555578929681
PSMA1,2.262516775651803
PSMA2,1.9408287937857005
PSMA3,2.75303821999391
PSMA4,1.643583833090268
PSMA5,2.2712514976117526
PSMA6,3.118003561233495
PSMA7,2.655368014517031
PSMA8,0.1155244433454224
PSMB1,1.2399627841138554
PSMB10,0.0750204121609139
PSMB11,0.2357071096151543
PSMB2,1.551219008730371
PSMB3,3.233119011256591
PSMB4,2.472406552856404
PSMB5,2.036920816533086
PSMB6,2.6840189609056844
PSMB7,1.5329756283028375
PSMB8,-0.0790905496069472
PSMB9,0.0006215028594421
PSMC1,0.9300176274739728
PSMC2,1.376891121232879
PSMC3,1.910744945130852
PSMC3IP,0.0810064555716029
PSMC4,1.3435252638046142
PSMC5,1.9041593104423504
PSMC6,1.345979536974962
PSMD1,1.225926004653206
PSMD10,0.0572293584324223
PSMD11,1.415483793672052
PSMD12,1.4760501209578425
PSMD13,1.7683837345795488
PSMD14,2.2426939968962745
PSMD2,1.2061060644395896
PSMD3,1.472060022409893
PSMD4,1.2476739931621237
PSMD5,0.1184545811976975
PSMD6,1.872169384749788
PSMD7,2.8304012286943063
PSMD8,0.6151786045632469
PSMD9,0.2225179430811927
PSME1,0.324517501938646
PSME2,0.3897776634679025
PSME3,0.3944401150934008
PSME3IP1,-0.0364288460433645
PSME4,-0.0444032417793247
PSMF1,0.6619332833979676
PSMG1,0.0651866577759168
PSMG2,0.0979839555553966
PSMG3,1.5350937499052453
PSMG4,2.5178276839392217
PSORS1C1,-0.0244982618719238
PSORS1C2,-0.0425549166071852
PSPC1,0.245891123947243
PSPH,0.0152659314581373
PSPN,0.122122391595883
PSRC1,0.1226324187634464
PSTK,0.7608853430655131
PSTPIP1,0.0316255253386155
PSTPIP2,-0.1243182088356465
PTAFR,-0.0571602417492415
PTAR1,0.6836418744311528
PTBP1,0.3598118225887549
PTBP2,-0.0326394535027698
PTBP3,0.1158381145231872
PTCD1,0.6825528781164092
PTCD2,0.0885385440950638
PTCD3,1.0085849826428548
PTCH1,0.0646071999019567
PTCH2,0.2448190996586778
PTCHD1,0.0363802345998245
PTCHD4,-0.0695230086498296
PTCRA,-0.0373572549695298
PTDSS1,0.2864603274963722
PTDSS2,0.0270469956171613
PTEN,-0.3308342961774426
PTER,-0.0498673245264282
PTF1A,-0.1045109822042611
PTGDR,-0.0422459455158342
PTGDR2,-0.0877501059302807
PTGDS,-0.1248713441520232
PTGER1,0.1404357098348739
PTGER2,0.0966656994982518
PTGER3,0.1907354368162259
PTGER4,0.1560975914212443
PTGES,0.0329911499676528
PTGES2,0.073429218007339
PTGES3,0.2492923266339093
PTGES3L,-0.025388303686449
PTGFR,-0.1437062501138797
PTGFRN,-0.0061136084308376
PTGIR,0.0357281753273553
PTGIS,0.130505142016913
PTGR1,0.1237390797809147
PTGR2,-0.0644375696732243
PTGR3,-0.0465520392169253
PTGS1,-0.1317841950978739
PTGS2,-0.106156717141062
PTH,0.0509502070289723
PTH1R,-0.0704272184988421
PTH2,0.2615229601158956
PTH2R,0.1171911180498749
PTHLH,-0.1222825227279475
PTK2,0.3895980162329027
PTK2B,-0.0749627746651971
PTK6,0.0261566814803865
PTK7,0.0602672995950436
PTMA,0.7365483026953212
PTMS,0.3016283009818242
PTN,0.0906739325728153
PTOV1,0.1680964797906317
PTP4A1,0.3742010934133057
PTP4A2,0.2912374581933508
PTP4A3,-0.0880314540951092
PTPA,0.4665925823685054
PTPDC1,0.0314418095346292
PTPMT1,1.0642246005134934
PTPN1,-0.0492688939812286
PTPN11,0.8068431871808843
PTPN12,-0.165504572592352
PTPN13,0.0260739908287109
PTPN14,-0.1075321717193141
PTPN18,-0.004365635389017
PTPN2,-0.0993207202175814
PTPN20,0.2444810718549657
PTPN21,0.0197015611037515
PTPN22,-0.0135796271802581
PTPN23,0.6259574627709015
PTPN3,0.0896776594025278
PTPN4,0.2180748427631681
PTPN5,-0.1363274086310787
PTPN6,-0.029569238812797
PTPN7,0.0752412748304006
PTPN9,0.0154255672332923
PTPRA,-0.0715350518750993
PTPRB,0.041165452825747
PTPRC,-0.0381704872592672
PTPRCAP,0.0088552804999841
PTPRD,-0.2079490965150079
PTPRE,0.0009158531865882
PTPRF,0.0287622581235909
PTPRG,0.107355641464514
PTPRH,0.0024509984335343
PTPRJ,-0.0993671687270036
PTPRK,-0.1685805803803628
PTPRM,-0.0021114872873251
PTPRN,-0.0421552211633094
PTPRN2,-0.0664478735997425
PTPRO,-0.033414672525807
PTPRQ,0.0952725347891786
PTPRR,-0.0724868735659999
PTPRS,-0.0083364335755134
PTPRT,0.080220384814542
PTPRU,0.2125037378042019
PTPRZ1,-0.0565908087070601
PTRH1,0.2380518090985401
PTRH2,0.1339945258537826
PTRHD1,0.1054818713812658
PTS,-0.0715892429771998
PTTG1,0.2892692285650359
PTTG1IP,-0.1151904198168455
PTTG1IP2,-0.0253732713819232
PTTG2,-0.0191659214688096
PTX3,-0.0591080106119656
PTX4,0.0562376922557817
PUDP,-0.110394652887757
PUF60,3.5291873521864723
PUM1,0.0705474513306317
PUM2,0.2973305032852481
PUM3,0.1257852295722658
PURA,-0.0857968941936706
PURB,-0.2491577459710728
PURG,-0.0352110741961962
PUS1,0.2168885480524749
PUS10,0.0310390000043098
PUS3,-0.1611332404516298
PUS7,0.1104861477042045
PUS7L,0.0108075710118418
PUSL1,-0.1154184975980656
PVALB,0.0359679624731562
PVALEF,-0.0619527410920832
PVR,0.1030861968084674
PVRIG,0.1198351693315808
PWP1,1.009621523804361
PWP2,2.391070655722752
PWWP2A,0.1102708878021314
PWWP2B,-0.0963644150044406
PWWP3A,-0.0630498494300003
PWWP3B,-0.1702866653468303
PXDC1,-0.1363273105513372
PXDN,-0.0458069152324284
PXDNL,0.0569673065084203
PXK,-0.1450593227263811
PXMP2,0.1215701921281127
PXMP4,0.0102810073719942
PXN,0.3066489139292497
PXT1,-0.1236879121804211
PXYLP1,0.1052774982031383
PYCARD,-0.0817835379738096
PYCR1,0.1485817047007104
PYCR2,0.0499527207435912
PYCR3,-0.1124958725450554
PYDC1,-0.0106776636115495
PYDC5,-0.1979068901421067
PYGB,0.0329526821601593
PYGL,0.1072854930433213
PYGM,0.0460646331672005
PYGO1,-0.0911732151792934
PYGO2,-0.0544040191533849
PYHIN1,-0.1019710533970211
PYM1,0.5995083134318958
PYROXD1,1.078710327430282
PYROXD2,0.0613153958138453
PYURF,0.4421722840348346
PYY,0.0364863981417751
PZP,0.0372133077409096
QARS1,1.6165330686955064
QDPR,-0.0068868861610236
QKI,-0.1775173473889887
QNG1,0.0981002692888373
QPCT,0.1416623905288652
QPCTL,0.1371696908619433
QPRT,-0.1311576817932624
QRFP,-0.0327054087877475
QRFPR,0.0344784517315959
QRICH1,0.3826955952656451
QRICH2,-0.0283609472295126
QRSL1,0.6927597782529066
QSER1,-0.0812890588387793
QSOX1,-0.0367939808182832
QSOX2,0.0145763134171067
QTRT1,0.2542490394919081
QTRT2,0.0294419387310493
R3HCC1,-0.1376053331030079
R3HCC1L,0.0210533857003002
R3HDM1,0.1106125236283787
R3HDM2,0.0603889113787232
R3HDM4,-0.1096660640233821
R3HDML,0.1086576528778828
RAB10,-0.065028868074485
RAB11A,0.3982186425067265
RAB11B,0.0868308436218148
RAB11FIP1,-0.1426555640407542
RAB11FIP2,0.0946011183416325
RAB11FIP3,0.045397379807585
RAB11FIP4,0.1054899922309402
RAB11FIP5,-0.1233890237428507
RAB12,-0.0492489315856928
RAB13,0.260772499848621
RAB14,0.3181025262196613
RAB15,0.0187607132159771
RAB17,-0.0861238666212143
RAB18,0.1607612905950485
RAB19,0.1117625697349047
RAB1A,0.046478227882299
RAB1B,0.2787202206628901
RAB20,-0.0252079415915869
RAB21,0.0959920638560244
RAB22A,0.0459697084401374
RAB23,0.3605154852213741
RAB24,0.2536577484572486
RAB25,0.1493608905096178
RAB26,0.1762890077213068
RAB27A,-0.0356323599632497
RAB27B,-0.1213826673238932
RAB28,-0.0308449949267318
RAB29,-0.0868493487438101
RAB2A,0.0211549613184594
RAB2B,0.0767119054123166
RAB30,0.0127376460914341
RAB31,0.0526030508606267
RAB32,-0.1180052059837906
RAB33A,0.0745124890358723
RAB33B,0.0289358745972575
RAB34,0.0782940005474781
RAB35,0.0889888264020731
RAB36,0.0141618748603275
RAB37,0.0826514624899006
RAB38,0.0241426886918337
RAB39A,0.0755195630806545
RAB39B,-0.0888985515378431
RAB3A,0.2330150248463723
RAB3B,-0.0249817606906821
RAB3C,-0.008409055214378
RAB3D,0.0445137720184586
RAB3GAP1,0.1324049225558918
RAB3GAP2,0.0501851953106045
RAB3IL1,-0.0987486816016569
RAB3IP,-0.118788407167477
RAB40A,0.1519861450962894
RAB40AL,-0.128305539002666
RAB40B,0.0048213941963976
RAB40C,0.0926117218940726
RAB41,-0.0948146409572248
RAB42,0.1784360962120396
RAB43,0.2088461685702066
RAB44,-0.0679247783656584
RAB4A,0.2802010697626779
RAB4B,0.1205194895378519
RAB5A,-0.0010869839397064
RAB5B,-0.0196274232383003
RAB5C,0.035934602813598
RAB5IF,0.2833517086844613
RAB6A,0.0240004102938435
RAB6B,0.0520279159750535
RAB6D,-0.0649604345831282
RAB7A,0.3427156576348196
RAB7B,-0.3004370577981938
RAB8A,0.0306331418970657
RAB8B,0.0772032310716819
RAB9A,-0.1001319309045262
RAB9B,-0.1175723810365292
RABAC1,0.2442468330263849
RABEP1,0.079020937741733
RABEP2,-0.1107749122732955
RABEPK,0.0632904292292366
RABGAP1,0.0385690285692274
RABGAP1L,0.0784268150056313
RABGEF1,-0.1849284478973037
RABGGTA,1.952766729695848
RABGGTB,1.76136970872594
RABIF,0.0524308240016055
RABL2A,0.4158695703495143
RABL2B,0.2023441905258572
RABL3,-0.0078495064798701
RABL6,-0.095451148958919
RAC1,0.441575707369605
RAC2,0.1203129778987742
RAC3,0.191799474825215
RACGAP1,1.2191519631453591
RACK1,2.1175222953722
RAD1,0.8425134975821293
RAD17,1.072239179402635
RAD18,0.0275697375228756
RAD21,1.2981262972645238
RAD21L1,0.1023081783400537
RAD23A,0.1700188723245989
RAD23B,0.3391230771930104
RAD50,0.5507109053215417
RAD51,0.8680565259851818
RAD51AP1,-0.1837409456665512
RAD51AP2,0.0030173734499802
RAD51B,0.5029408867903506
RAD51C,0.8361711857727082
RAD51D,1.0775451143429775
RAD52,0.0901474371988682
RAD54B,0.0533118521119367
RAD54L,0.2564533586523262
RAD54L2,0.1844206637242508
RAD9A,1.5566092637560074
RAD9B,0.0332130783553806
RADIL,0.1778947428061613
RADX,-0.0711831578770185
RAE1,1.9578256718852145
RAET1E,-0.0780667910109571
RAET1G,0.1705097224306471
RAET1L,-0.0130375085753576
RAF1,0.0523631599357827
RAG1,0.077517976933036
RAG2,-0.0469551778522087
RAI1,0.0670356856891958
RAI14,-0.1545401037047885
RAI2,-0.1024967445843358
RALA,0.0804173137037569
RALB,0.0906675785763404
RALBP1,0.1941019841374349
RALGAPA1,0.326161088918154
RALGAPA2,0.0050167930985964
RALGAPB,0.2073845775945229
RALGDS,-0.0585037095200422
RALGPS1,-0.005455632294928
RALGPS2,-0.035209347924448
RALY,0.0798359993065872
RALYL,0.0116404066914788
RAMP1,0.0498823525691231
RAMP2,0.0745844669733235
RAMP3,-0.1090916745791543
RAN,3.1206517594000727
RANBP1,0.3654665062328561
RANBP10,0.0951697081177738
RANBP17,-0.0790706004584471
RANBP2,0.6178351799947369
RANBP3,0.3222640296803431
RANBP3L,-0.1453227851985567
RANBP6,0.0151808537332819
RANBP9,0.010095546212607
RANGAP1,1.5185763508430978
RANGRF,0.0649603576584359
RAP1A,0.1665960619333778
RAP1B,0.1553783209159621
RAP1GAP,-0.0175699964481641
RAP1GAP2,-0.1534855399571435
RAP1GDS1,-0.0887568894411239
RAP2A,0.3825085716206762
RAP2B,0.1505781974297202
RAP2C,-0.1022560818280117
RAPGEF1,-0.0265524164978504
RAPGEF2,-0.0208742060299475
RAPGEF3,-0.0635709711940321
RAPGEF4,-0.042397784632628
RAPGEF5,-0.0387791310118064
RAPGEF6,0.0459779168056964
RAPGEFL1,0.1533519100240062
RAPH1,0.0131749454280927
RAPSN,0.0005629282305832
RARA,-0.0452282378258021
RARB,-0.0100721669817361
RARG,0.0426538168899903
RARRES1,0.0222378360838941
RARRES2,0.0862953938514124
RARS1,0.9084518732366216
RARS2,0.7555266210623606
RASA1,0.0321017728034909
RASA2,0.014478967032374
RASA3,0.0020310816922113
RASA4,0.1998459701308331
RASA4B,0.0070796187867691
RASAL1,-0.009468720682882
RASAL2,-0.0052631945347341
RASAL3,0.043879524457244
RASD1,0.2085843142675269
RASD2,0.184214915805083
RASEF,0.2173299015423157
RASGEF1A,0.0537193716112735
RASGEF1B,-0.0496165980396184
RASGEF1C,0.1250696480670734
RASGRF1,-0.1030966879297862
RASGRF2,-0.0091924095617077
RASGRP1,0.0511912607793214
RASGRP2,0.1211069962149943
RASGRP3,0.0690010343904021
RASGRP4,0.1637960428833436
RASIP1,0.0250493020503086
RASL10A,0.2512672361645052
RASL10B,0.1773373706550597
RASL11A,0.0721188466658698
RASL11B,0.0475561739423269
RASL12,0.0791086201409235
RASSF1,-0.1309286686484576
RASSF10,-0.1592084325074669
RASSF2,-0.0359827816045893
RASSF3,-0.0067606603856677
RASSF4,0.2105510321071467
RASSF5,-0.0050794121529231
RASSF6,-0.0470930363606508
RASSF7,-0.0480380753390596
RASSF8,-0.0402563579186635
RASSF9,-0.1005452696933002
RAVER1,0.3164739421714367
RAVER2,0.0013878279143812
RAX,-0.0317761298467345
RAX2,0.0571751131735057
RB1,-0.0022902565688729
RB1CC1,0.3103317166946405
RBAK,-0.0543189836269377
RBBP4,2.0809398403105
RBBP5,1.6274544577937786
RBBP6,0.942250226117981
RBBP7,0.3292981297737325
RBBP8,1.091024446990839
RBBP8NL,0.0934012352040053
RBBP9,0.0417514149153374
RBCK1,-0.0693706366746625
RBFA,0.5607563688913526
RBFOX1,0.1169255540637608
RBFOX2,0.2292523504574097
RBFOX3,0.190691222876669
RBIS,0.6537882243623705
RBKS,0.1037035432398324
RBL1,-0.0459325581181777
RBL2,-0.0304459233971104
RBM10,0.3326034184708706
RBM11,0.0135591789660979
RBM12,0.2886924820202092
RBM12B,0.1232653756947815
RBM14,0.5036525120491726
RBM15,0.456653471155975
RBM15B,0.0155033492372065
RBM17,1.0804144346312536
RBM18,-0.1610163001367376
RBM19,1.0510479706946922
RBM20,-0.0093675445615802
RBM22,1.783595226949867
RBM23,0.2123538745513811
RBM24,-0.0255150119000299
RBM25,1.7484616693408654
RBM26,0.1039306583551374
RBM27,-0.0749901843320463
RBM28,1.465552788156732
RBM3,-0.000456955528565
RBM33,0.2908277594313077
RBM34,0.287861072947431
RBM38,0.2763019512457398
RBM39,1.7155503730115036
RBM4,0.0787771256193407
RBM41,-0.1163976515066192
RBM42,1.025564401749912
RBM43,0.0027851575878798
RBM44,0.0381374026197309
RBM45,0.0870031641671294
RBM46,-0.0443639858105501
RBM47,0.0488179440175709
RBM48,1.112476881384206
RBM4B,0.1554610142976841
RBM5,0.442013118978604
RBM6,0.1712148024053701
RBM7,0.3191139961011073
RBM8A,1.6077368893914874
RBMS1,-0.0277805250834796
RBMS2,-0.1530453172698934
RBMS3,-0.0950023467216603
RBMX,1.7731212534331384
RBMX2,0.935758662304362
RBMXL1,1.1872859587319566
RBMXL2,-0.1029601976771323
RBMXL3,-0.0854407155932684
RBP1,-0.0684714261343067
RBP2,-0.0216698653099644
RBP3,0.1464748847148911
RBP4,-0.0020701819675991
RBP5,-0.1372568532662752
RBP7,-0.0433732696424259
RBPJ,0.0596521308693338
RBPJL,0.1416177546618517
RBPMS,-0.0720110059757297
RBPMS2,-0.0367995923775984
RBSN,-0.0397717210531465
RBX1,0.9594369527428136
RC3H1,0.2884716272443348
RC3H2,-0.0318803099579999
RCAN1,-0.1026144577756553
RCAN2,-0.0522205073009368
RCAN3,-0.0605988578850744
RCBTB1,-0.0905428140096355
RCBTB2,0.1435545802037458
RCC1,1.81611913027734
RCC1L,0.984683454248366
RCC2,0.1997248939779703
RCCD1,-0.0633607086213689
RCE1,0.1608204212640487
RCHY1,0.115870991856152
RCL1,1.4583491361182856
RCN1,0.186165718489472
RCN2,0.1220535832512552
RCN3,-0.0035407902154278
RCOR1,0.5265931268695923
RCOR2,0.1341793114393
RCOR3,-0.0682781070894039
RCSD1,0.0533490177279915
RCVRN,0.075263839273596
RD3,-0.1001941825210808
RD3L,-0.3239856691569893
RDH10,0.2734595424527232
RDH11,-0.0628354880685156
RDH12,-0.1370249934812928
RDH13,-0.0363442741081578
RDH14,-0.073092809371319
RDH16,0.1196042436852485
RDH5,0.1495475678696914
RDH8,0.0193912129410165
RDM1,0.3786064621125832
RDX,0.0696159694332316
REC114,-0.0728810187710982
REC8,0.149724073643596
RECK,0.0130763419954316
RECQL,-0.0075456186917296
RECQL4,0.479676642821948
RECQL5,0.0570444999258778
REDIC1,-0.2130356784481386
REELD1,-0.3288666050595015
REEP1,0.2265924186291694
REEP2,0.1840776802335882
REEP3,-0.1023199591478086
REEP4,-0.0952408299263345
REEP5,-0.0901984273593878
REEP6,-0.1678895256527729
REG1A,0.1344242713758777
REG1B,0.0417947045262453
REG3A,-0.0560945247608998
REG3G,0.0142279083503672
REG4,-0.059174178118482
REL,0.0702345158328303
RELA,0.4535028355618017
RELB,0.1154263743631922
RELCH,-0.0741512656061349
RELL1,-0.0449203556141485
RELL2,0.092440944986513
RELN,-0.1232788523275013
RELT,0.0751230545472741
REM1,0.0847250842603876
REM2,-0.1936179236907136
REN,0.0949932563780177
RENBP,0.0800195600252808
REP15,-0.1135646910770236
REPIN1,0.0368255035943726
REPS1,-0.0630433783617948
REPS2,-0.1127186560987343
RER1,0.1297189762141955
RERE,0.0775957565792968
RERG,0.0886251406257978
RERGL,-0.1838916349686546
RESF1,-0.0074186055737743
RESP18,-0.0427165620486704
REST,0.4274829365258747
RET,0.202323031275602
RETN,0.0231900343985058
RETNLB,0.0664092786204344
RETREG1,0.0625314845301241
RETREG2,-0.0834100848028789
RETREG3,0.0870175603177115
RETSAT,0.1478372894175192
REV1,0.0497718686386069
REV3L,0.9090466991760686
REX1BD,0.2715343363829977
REXO1,0.0905646680787547
REXO2,0.3663599255638851
REXO4,0.1256851792353505
REXO5,0.0312297349371987
RFC1,0.6111015656765313
RFC2,2.460313776780908
RFC3,2.0664270990059577
RFC4,1.1321001099557793
RFC5,1.8236531263205404
RFESD,-0.0623319266868239
RFFL,0.2635622599698062
RFK,0.2365849614069187
RFLNA,0.0695700693840656
RFNG,-0.0939922324838953
RFPL1,-0.0701973708724026
RFPL2,-0.0179826232935949
RFPL3,-0.0037992460509479
RFPL4A,-0.0269488163963511
RFPL4AL1,-0.2355014178755194
RFPL4B,-0.0346456239892947
RFT1,1.1313336044415023
RFTN1,-0.2389110399002975
RFTN2,-0.0757987465060496
RFWD3,0.3791427975878058
RFX1,0.149006877021745
RFX2,0.0588713900525001
RFX3,-0.1502789357279746
RFX4,-0.0311353303331455
RFX5,0.2445746070008742
RFX6,0.0002328717744457
RFX7,0.1459727417214832
RFX8,0.0965686212697081
RFXANK,0.1823616837727663
RFXAP,0.0182648282313155
RGCC,0.0934877732717229
RGL1,-0.0336502485220634
RGL2,-0.2063464154406347
RGL3,-0.1373939564970185
RGL4,0.06819194370016
RGMA,-0.086012168064789
RGMB,-0.0155121986788296
RGN,-0.0103073316221129
RGP1,0.3009521955420042
RGPD3,0.2178560534947647
RGPD4,0.6801845103254223
RGR,0.0546878618169131
RGS1,-0.1708292654723917
RGS10,-0.0704990984096261
RGS11,-0.0266118253351973
RGS12,0.0075117175794657
RGS13,0.1261129098487016
RGS14,0.1056421470665619
RGS16,-0.0030636847541182
RGS17,-0.1677247928315814
RGS18,-0.0900724567135062
RGS19,0.0036962820519441
RGS2,0.146940750507956
RGS20,0.0206891029410641
RGS21,-0.1148504795029012
RGS22,0.0081221094235191
RGS3,0.076586697827218
RGS4,-0.0410400379342373
RGS5,-0.0308712497019072
RGS6,-0.0176147122039601
RGS7,-0.0149826673277931
RGS7BP,-0.0063940718404838
RGS8,0.0414103487678197
RGS9,0.0284594968255245
RGS9BP,0.1438652116764888
RGSL1,-0.0922662465558072
RHAG,-0.1117779300514959
RHBDD1,-0.0092661109304962
RHBDD2,-0.1366986013181937
RHBDD3,0.1123808132708946
RHBDF1,0.271464361450233
RHBDF2,0.1449885664549276
RHBDL1,0.2247831245465577
RHBDL2,-0.1417546194109898
RHBDL3,0.0914429616397608
RHBG,-0.0713880750201725
RHCE,-0.1767805401814613
RHCG,0.0439001439739264
RHD,-0.2026013387075666
RHEB,0.1161707121228555
RHEBL1,0.017512352375619
RHEX,0.1172684053128736
RHNO1,0.2971881905040614
RHO,0.078368227075671
RHOA,0.3081717702662165
RHOB,0.0194346076715892
RHOBTB1,0.0255170030699737
RHOBTB2,0.0967501072810418
RHOBTB3,-0.1013752583964279
RHOC,0.2416665449808178
RHOD,0.1266270911109657
RHOF,0.3310950589961996
RHOG,0.0806158860243639
RHOH,0.190516723438238
RHOJ,-0.0066128244928413
RHOQ,0.7383765792830898
RHOT1,0.1204530297807835
RHOT2,0.3861267359858254
RHOU,-0.1434189332085063
RHOV,-0.0152254249941476
RHOXF1,-0.0061300819096739
RHOXF2,0.0367094708945653
RHOXF2B,-0.0337441866452039
RHPN1,0.2624625944964999
RHPN2,0.2138769296145182
RIBC1,0.0228378076598189
RIBC2,-0.1407138862447399
RIC1,0.0191072135106779
RIC3,0.0335482874089502
RIC8A,-0.1508198004377868
RIC8B,-0.1759891540142319
RICTOR,0.1543901167926372
RIDA,0.0724038481031812
RIF1,0.4439204257765972
RIGI,0.0140359445290676
RIIAD1,0.1029718677837267
RILP,0.2293581268563576
RILPL1,0.1180101017039611
RILPL2,0.2369628142940875
RIMBP2,-0.0463722243942813
RIMBP3,0.1187097135738563
RIMKLA,0.1786666642333247
RIMKLB,0.2449140744749421
RIMOC1,-0.0703527480129314
RIMS1,0.0246752001680165
RIMS2,0.0455703732276212
RIMS3,-0.1367401801736345
RIMS4,-0.0928168859152651
RIN1,0.1226920644111066
RIN2,-0.0275027443010757
RIN3,0.0665352762069422
RING1,0.1423009963125958
RINL,0.0014240650959953
RINT1,1.379724366187653
RIOK1,1.1155928619370985
RIOK2,1.2719700047655915
RIOK3,0.0096129490733509
RIOX1,0.0454563022367234
RIOX2,0.067415784241317
RIPK1,-0.1532912629162983
RIPK2,-0.0057976030620786
RIPK3,0.200766752174529
RIPK4,0.0080840460290074
RIPOR1,-0.0456827156690807
RIPOR2,0.1208700222345522
RIPOR3,0.0871293101250466
RIPPLY1,-0.1246429553994047
RIPPLY2,0.0618235823660459
RIPPLY3,-0.2172731141194296
RIT1,0.1100997853452432
RIT2,-0.1461335656220452
RITA1,0.1008156084912111
RLBP1,0.0130268043833384
RLF,-0.0510649739088097
RLIG1,-0.0721401510038166
RLIM,0.1004527531690809
RLN1,0.030095166839534
RLN2,0.080775856147593
RLN3,0.1023556569818739
RMC1,0.1414372375642135
RMDN1,0.0790229335108031
RMDN2,0.0440300873431969
RMDN3,0.0279725779348053
RMI1,0.9546251842013412
RMI2,0.3610991691515471
RMND1,0.515724638453134
RMND5A,0.3261375135652409
RMND5B,0.0637237576893083
RMP24,0.8273484555107319
RMP64,1.9147912752825835
RNASE1,0.1183125276365225
RNASE10,0.0763799952443915
RNASE11,0.0045689509005219
RNASE12,-0.1862236090059221
RNASE13,0.1006717214090941
RNASE2,-0.1258099650938493
RNASE3,0.1120438630686905
RNASE4,0.0161058432395942
RNASE6,-0.102509720425059
RNASE7,-0.001415015485838
RNASE8,-0.1096743605714813
RNASE9,0.0111933534110143
RNASEH1,0.3362311784226843
RNASEH2A,0.6303857982547438
RNASEH2B,0.2203242147481109
RNASEH2C,0.5871132403936027
RNASEK,0.7501475055579385
RNASEL,0.0071432690896449
RNASET2,0.0717976868124226
RND1,0.2847916911972695
RND2,0.211554529948303
RND3,-0.1327162537143107
RNF10,-0.0899503466384109
RNF103,0.2783763492173824
RNF11,0.2429576266471287
RNF111,0.0986948596045544
RNF112,-0.0843603573772656
RNF113A,1.3005837350675555
RNF113B,0.0758812975205546
RNF114,-0.0036805511017907
RNF115,-0.0472159457009768
RNF121,0.0846163490363724
RNF122,-0.1317388081088591
RNF123,0.256393717618791
RNF125,-0.0458845595421358
RNF126,0.0736185637747621
RNF128,-0.0639254967371054
RNF13,0.0443967000347958
RNF130,-0.1025079940082276
RNF133,0.0476553145004751
RNF135,0.1154227594030673
RNF138,0.1500985839803969
RNF139,0.0782630685764307
RNF14,0.2341712216181596
RNF141,0.1187784335760095
RNF144A,-0.2462249138139557
RNF144B,-0.0925371368500528
RNF145,-0.0985550818913809
RNF146,0.0960030390273029
RNF148,-0.0134769368104432
RNF149,0.2049001295796494
RNF150,-0.059139931818765
RNF151,0.137833509663374
RNF152,-0.0283284543018768
RNF157,-0.1201023449502756
RNF166,-0.0519079961193834
RNF167,-0.0624173258221222
RNF168,1.0352437186677537
RNF169,0.0864508423083762
RNF17,0.1184557149975497
RNF170,0.0589284881576387
RNF175,-0.1106350819139847
RNF180,0.0086854473361393
RNF181,0.2072541854956013
RNF182,-0.1453002902964517
RNF183,0.0394746603193695
RNF185,-0.0428798650059027
RNF186,0.0700606342807887
RNF187,-0.0351831367503524
RNF19A,-0.0424332286310933
RNF19B,-0.0384384748429378
RNF2,0.0195883137415894
RNF20,1.0341205247141416
RNF207,-0.1378263057845739
RNF208,-0.0681542471206929
RNF212,-0.0211073302871892
RNF212B,0.2304874424596811
RNF213,-0.0484911311410376
RNF214,0.0990133524130927
RNF215,0.0710278062327439
RNF216,0.0042624182373688
RNF217,0.0690156538243111
RNF220,-0.0172203517745327
RNF222,0.0688226511458581
RNF223,0.1230255885453626
RNF224,0.0812977718021468
RNF225,-0.2036820114843769
RNF227,-0.0801002568830363
RNF24,-0.0466780643396045
RNF25,0.1733071561326012
RNF26,0.0924301636514984
RNF31,0.1717958047848119
RNF32,-0.081978806262441
RNF34,0.1535513866433581
RNF38,0.1768136637691775
RNF39,0.1400400065470683
RNF4,1.3997937966799774
RNF40,0.7928942689641152
RNF41,0.0618772359118751
RNF43,-0.1063331994824609
RNF44,-0.0093287726709328
RNF5,0.0522411164197721
RNF6,0.1001731062412959
RNF7,0.0015340809605474
RNF8,0.5028904642937729
RNFT1,0.1585560016141113
RNFT2,0.1741917116139966
RNGTT,2.9983505796228056
RNH1,0.5058736720334883
RNLS,-0.0326455018714569
RNMT,1.4192334195870653
RNPC3,2.139569436325298
RNPEP,0.0622852051128478
RNPS1,1.1850501081482616
RO60,-0.1074387202983512
ROBO1,-0.0631515182748705
ROBO2,-0.0109677947882176
ROBO3,0.0196576833139588
ROBO4,-0.0613643413862291
ROCK1,0.2679921996936361
ROCK2,0.1178191992682006
ROGDI,-0.0838171294860629
ROM1,-0.1171814313694311
ROMO1,1.7023546683873525
ROPN1,0.1068533907453843
ROPN1B,-0.0380293921631705
ROPN1L,0.1699532628027106
ROR1,-0.1537452629309841
ROR2,0.1099622687757152
RORA,-0.0313439055494881
RORB,0.0589721839029452
RORC,0.0790778860872606
ROS1,-0.1941135383967187
RP1,0.1544020066950895
RP1L1,-0.0829144656448056
RP2,-0.0501280361332435
RP9,0.087501176140299
RPA1,2.0507999577217
RPA2,1.9074388113030447
RPA3,2.1708952035724844
RPA4,0.1390403198472248
RPAIN,0.6673302216195254
RPAP1,2.201703175800481
RPAP2,0.9237448796779087
RPAP3,0.9841165809812414
RPE,0.7686899258935116
RPE65,0.3007778671088559
RPEL1,0.0396556349405319
RPF1,1.1246073537371934
RPF2,1.3309248911810003
RPGR,-0.0579732830143667
RPGRIP1,0.0687061085191551
RPGRIP1L,0.0029728293505808
RPH3A,0.1144954894424031
RPH3AL,-0.0761722250696667
RPIA,0.622089292166391
RPL10,1.8056083132436649
RPL10A,2.3772841139438485
RPL10L,-0.0765754181649731
RPL11,2.253330557419028
RPL12,3.127699739205996
RPL13,2.2266227058193
RPL13A,3.041343577606232
RPL14,2.474781026959797
RPL15,4.941271795267442
RPL17,4.213085289118896
RPL18,3.108981638469196
RPL18A,2.603197669113793
RPL19,1.9567088893959048
RPL21,3.4021585286332834
RPL22,0.2435761058949188
RPL22L1,0.1427556328965201
RPL23,3.073137003786837
RPL23A,2.1065182745279976
RPL24,2.2680810973464927
RPL26,1.5119663814134263
RPL26L1,0.5116421851047281
RPL27,2.278701391104809
RPL27A,1.8117031843362448
RPL28,0.5328606327402824
RPL3,2.59056689308249
RPL30,1.2282135236284544
RPL31,2.6293922178950044
RPL32,2.862024912547542
RPL34,1.2049539239597975
RPL35,1.4678527817878164
RPL35A,1.8776074821182496
RPL36,1.965691461921992
RPL36A,0.8243108678097886
RPL36AL,0.9713006051198774
RPL37,2.3401184598011904
RPL37A,1.858922792040468
RPL38,1.4582145826024924
RPL39,0.7445719625229845
RPL39L,-0.0135363241072881
RPL3L,-0.1714554140573646
RPL4,3.6448850192898496
RPL41,0.4559022839504196
RPL5,2.5285658289541413
RPL6,2.6548134428727224
RPL7,1.5950946649183506
RPL7A,2.9968411654169187
RPL7L1,1.9155370099553533
RPL8,3.35948141058526
RPL9,2.6500243238077603
RPLP0,1.6642739883172133
RPLP1,1.3857269619276704
RPLP2,1.3531497947392592
RPN1,1.6620091736002285
RPN2,0.864233700128033
RPP14,1.345166950790048
RPP21,2.247156881654212
RPP25,-0.2349215443374384
RPP25L,0.2305272063625721
RPP30,1.4564237560067206
RPP38,0.8504028938361983
RPP40,1.4311486366037214
RPRD1A,0.0141918394624546
RPRD1B,0.4273351256566498
RPRD2,0.2745615785319011
RPRM,-0.173119303653077
RPRML,0.0299312662067155
RPS10,1.8214364940732573
RPS11,3.1252529776278988
RPS12,1.9524391174204745
RPS13,1.5226784590366862
RPS14,2.3790325797094938
RPS15,2.698893685955816
RPS15A,3.132485432595857
RPS16,2.2125382712782584
RPS17,1.730245323929268
RPS18,2.655635875675548
RPS19,2.552392081363615
RPS19BP1,0.8681020973981637
RPS2,2.5107128980926845
RPS20,3.120161295261595
RPS21,1.847423439532812
RPS23,3.101037532250568
RPS24,2.116789383621174
RPS25,1.2303789942148236
RPS27A,1.6982983450541638
RPS27L,0.2115745905596988
RPS28,2.7101402007143767
RPS29,2.883953943984209
RPS3,2.319242015787176
RPS3A,2.744318949264391
RPS4X,2.750373836973842
RPS4Y1,-0.2753139916365342
RPS4Y2,-0.6220147086969366
RPS5,1.5156522135539632
RPS6,3.231478668937278
RPS6KA1,0.102719199954141
RPS6KA2,-0.0209192990740444
RPS6KA3,0.0410937585549205
RPS6KA4,0.1476958149432421
RPS6KA5,0.0222209187049278
RPS6KA6,-0.038227710462499
RPS6KB1,0.1943145917385881
RPS6KB2,0.053953693508436
RPS6KC1,0.0703463171515168
RPS6KL1,0.0654659728868853
RPS7,1.8392384359545224
RPS8,3.2439484533219765
RPS9,3.0024987867345936
RPSA,2.941042096483236
RPTN,-0.0774962404000574
RPTOR,1.429601583098853
RPUSD1,-0.0177083469312558
RPUSD2,0.1694932984065963
RPUSD3,0.4648553296499635
RPUSD4,0.7789987700999168
RRAD,0.3516090350633956
RRAGA,0.5076781737707773
RRAGB,0.0867566459757467
RRAGC,0.0348621797190162
RRAGD,-0.0052147688572611
RRAS,0.0961223565105683
RRAS2,0.0420399343350671
RRBP1,-0.0636583541563081
RREB1,0.0735957888633568
RRH,-0.0379838472995934
RRM1,2.9958286705993955
RRM2,2.37718206472972
RRM2B,0.023364970950885
RRN3,3.3644207009125284
RRP1,1.00759201378099
RRP12,1.948706045069486
RRP15,1.131303361409521
RRP1B,-0.1560677223011025
RRP36,0.5893750987653144
RRP7A,1.5177563867003312
RRP8,0.0265316993408946
RRP9,1.3398138553025405
RRS1,1.791716647766808
RS1,-0.0591455236971925
RSAD1,0.5895701833422498
RSAD2,-0.0110705956418871
RSBN1,0.0216505349545847
RSBN1L,-0.1805614053652555
RSC1A1,-0.0354055259094721
RSF1,-0.0781288762110096
RSL1D1,2.106936031185219
RSL24D1,2.594669832771623
RSPH1,-0.0243931688492864
RSPH14,0.1023251566560326
RSPH3,0.1055412057157376
RSPH4A,-0.0885698176121646
RSPH6A,0.1343221941578853
RSPH9,0.1892148463603489
RSPO1,-0.1507339188170906
RSPO2,-0.0421305380879173
RSPO3,-0.1762748938627625
RSPO4,-0.0169401360818276
RSPRY1,0.0006731073471006
RSRC1,0.3078025781712118
RSRC2,0.522006795433529
RSRP1,0.1036804582316026
RSU1,-0.0495849295399877
RTBDN,0.0199304753064897
RTCA,0.1010810207850744
RTCB,1.3211899609220232
RTEL1,0.6012605737034911
RTF1,0.7371693592263177
RTF2,1.7575195234274008
RTKN,0.2355041936744216
RTKN2,0.1131707513472512
RTL1,0.0836263776562929
RTL10,0.0578046123209509
RTL3,0.0169795917347773
RTL4,-0.0959489996179964
RTL5,0.1478510150826864
RTL6,-0.1484843473531692
RTL8A,-0.1226928302348229
RTL8B,0.0333113237382724
RTL8C,0.1168630380364599
RTL9,0.0372741159104434
RTN1,0.0491295694132866
RTN2,0.0139972030931148
RTN3,0.206431709829422
RTN4,-0.0291865961203352
RTN4IP1,0.4296506345906627
RTN4R,0.1516901982110726
RTN4RL1,0.0867397056476618
RTN4RL2,0.1075489011055793
RTP1,0.0220435356482194
RTP2,-0.209448577217703
RTP3,0.0317961699571696
RTP4,-0.1823832783926154
RTP5,-0.1255026860158582
RTRAF,0.6694359036039649
RTTN,0.6190130693202254
RUBCN,-0.2513636790811173
RUBCNL,-0.1542794223965327
RUFY1,0.0290211416376527
RUFY2,-0.0466025943982042
RUFY3,0.0654008385327059
RUNDC1,0.2063360409567569
RUNDC3A,-0.0230529935237843
RUNDC3B,-0.1990494156842703
RUNX1,0.2558362397765267
RUNX1T1,0.1236172614760458
RUNX2,0.1201309811065119
RUNX3,0.2072140344839558
RUSC1,0.2528781973259354
RUSC2,0.0373612181886294
RUSF1,-0.1009180391581036
RUVBL1,2.386628940826481
RUVBL2,2.645162527682772
RWDD1,-0.0789326419993533
RWDD2A,-0.0030761878670124
RWDD2B,-0.1110433471897021
RWDD3,0.1016930446509909
RWDD4,-0.1070390206826812
RXFP1,-0.1925931703292147
RXFP2,-0.1696132908849927
RXFP3,0.0121407721523371
RXFP4,0.0316226340314017
RXRA,0.1054138442088291
RXRB,0.1098577291513361
RXRG,0.1460040040573715
RXYLT1,-0.0355406209787236
RYK,0.0786884303829624
RYR1,0.1982105301659742
RYR2,0.0618623718537776
RYR3,-0.0566872864037308
S100A1,0.0393369434775423
S100A10,-0.0024511924421353
S100A11,0.2757554908677423
S100A12,0.1398253845119885
S100A13,0.0402424177847179
S100A14,0.1460033346049327
S100A16,0.10814171299587
S100A2,0.0965883893095417
S100A3,-0.0142701314250747
S100A4,0.1267172681103128
S100A5,0.1618982718254983
S100A6,0.0218337869468929
S100A7,-0.1073502988757914
S100A7A,-0.3544728244747653
S100A8,-0.0826076108059084
S100A9,0.0106913676854938
S100B,-0.2064964145885057
S100G,-0.0826740193608641
S100P,0.0699606045927133
S100PBP,-0.0967369081368455
S100Z,-0.0420093675026077
S1PR1,0.2421616505504517
S1PR2,-0.0588931401310057
S1PR3,0.1090441630313276
S1PR4,0.1076562487320598
S1PR5,-0.118131169005783
SAA1,-0.0387694830352733
SAA2,-0.3043729605059313
SAA4,0.0311017659431137
SAAL1,0.1173887210543135
SAC3D1,0.0006764363082711
SACM1L,0.8973677135835445
SACS,0.0441299120752382
SAE1,1.6780899005456196
SAFB,0.2395747406189162
SAFB2,0.181934784395136
SAG,-0.0166504963978916
SAGE1,-0.1075952734807524
SALL1,0.08486552394589
SALL2,0.0537180395798413
SALL3,0.0565833684577569
SALL4,0.0367379415214845
SAMD10,0.0555738397688967
SAMD11,0.1221223232154317
SAMD12,0.0387157460927195
SAMD13,-0.054024987257761
SAMD14,0.1294816732248826
SAMD15,0.2526128389982129
SAMD3,-0.1415038046895684
SAMD4A,0.1000783922741791
SAMD4B,0.0566889192285248
SAMD5,-0.1024418990799616
SAMD7,-0.2736232549655353
SAMD8,0.079508879395948
SAMD9,-0.1420915028968713
SAMD9L,0.117110803874986
SAMHD1,0.2089749173141414
SAMM50,1.141115477371379
SAMSN1,-0.0714106598382352
SAMTOR,-0.0098880601737684
SANBR,0.0108772279182378
SAP130,0.0925694685601208
SAP18,1.495818006282568
SAP25,-0.0357456988650026
SAP30,-0.1014316982980364
SAP30BP,2.1731248954769136
SAP30L,-0.047908150841004
SAPCD1,-0.0017789111043795
SAPCD2,0.0631913193539344
SAR1A,-0.0212289349722244
SAR1B,0.0722609257360567
SARAF,-0.0611764592481907
SARDH,0.0149524129040402
SARM1,0.0143677250602479
SARNP,0.6492791814521282
SARS1,3.5302554041448246
SARS2,0.8604110304283747
SART1,1.246924934659145
SART3,1.6713070451336771
SASH1,-0.0558915775827582
SASH3,-0.162689618904085
SASS6,0.8741235016501969
SAT1,-0.157232078661791
SAT2,0.0009915551770679
SATB1,0.1332050943297834
SATB2,0.1351230803867902
SATL1,-0.1248173397466119
SAV1,0.081092716456776
SAXO1,0.0498733817891719
SAXO2,0.0131140038702312
SAXO4,0.0391561795861031
SAXO5,0.0397518586152002
SAYSD1,0.0872352503347408
SBDS,1.3180433266378977
SBF1,-0.1078834643308175
SBF2,-0.0739673492755173
SBK1,0.1326215844814047
SBK2,0.0162636148469737
SBK3,-0.1541699646790029
SBNO1,1.4493926258445768
SBNO2,0.0086426679668741
SBSN,0.1258169153023649
SBSPON,-0.0025008521078521
SC5D,-0.0009398547051157
SCAF1,0.3127101705749836
SCAF11,0.2268609574728343
SCAF4,0.2774320521540758
SCAF8,0.2792518504323155
SCAI,0.0995830188978156
SCAMP1,0.1631572654541202
SCAMP2,0.0025465956202185
SCAMP3,-0.1052118813381487
SCAMP4,0.0411474132060533
SCAMP5,-0.0107287178411065
SCAND1,0.2262474645002178
SCAND3,-0.204638054198722
SCAP,1.3040179695430791
SCAPER,0.0186522183887888
SCARA3,-0.0391511586967469
SCARA5,-0.0082258838739655
SCARB1,0.1193008975745671
SCARB2,0.0519815636232822
SCARF1,0.142607602544682
SCARF2,0.2092276177223179
SCCPDH,-0.1120605316034741
SCD,0.673239203769662
SCD5,-0.0432897325099958
SCEL,-0.1172218505555073
SCFD1,1.2631029523990154
SCFD2,0.1920182237373129
SCG2,0.114091234267821
SCG3,-0.1038775418065409
SCG5,0.2885425388332863
SCGB1A1,0.0492483366811513
SCGB1D1,0.1581849091953472
SCGB1D2,0.1173267023937877
SCGB1D4,-0.0231652705630532
SCGB2A1,0.1840787844133135
SCGB2A2,0.0930644348346142
SCGB2B2,0.0216616202471708
SCGB3A1,-0.0850514078878955
SCGB3A2,-0.0201822325807972
SCGN,-0.0383823156614444
SCHIP1,0.1663857240305919
SCIMP,-0.0286979508385013
SCIN,0.0069921283779964
SCLT1,-0.1457316827998068
SCLY,0.2155928606148778
SCMH1,0.0386330723060725
SCML1,-0.1508048143802124
SCML2,0.0990142985408111
SCML4,-0.021258930498294
SCN10A,-0.0362316619237233
SCN11A,-0.0404717552704259
SCN1A,-0.0641477264238102
SCN1B,0.0947911755815689
SCN2A,-0.0292430389318307
SCN2B,-0.0846441456707784
SCN3A,-0.0471756933881441
SCN3B,0.0037328602321921
SCN4A,-0.0098950493912222
SCN4B,-0.0734776959813725
SCN5A,0.0598025661723233
SCN7A,-0.1681213423106951
SCN8A,0.0653875946998024
SCN9A,0.0253026039930823
SCNM1,0.5377516486463276
SCNN1A,-0.045321642812637
SCNN1B,-0.029393438054757
SCNN1D,0.003628384507828
SCNN1G,-0.1220919659174936
SCO1,0.4326977464452881
SCO2,0.2758649379680886
SCOC,-0.0968295220812168
SCP2,0.0321498068584995
SCP2D1,-0.1756641985200973
SCPEP1,0.3015188916000744
SCRG1,-0.0994787945049705
SCRIB,0.0289985177430875
SCRN1,-0.0906146209103991
SCRN2,0.292726987341161
SCRN3,0.0929737291285497
SCRT1,0.1507358942832064
SCRT2,-0.0851031641845358
SCT,-0.016749837892715
SCTR,0.0749974104468221
SCUBE1,-0.0842551547446287
SCUBE2,-0.0491162082257464
SCUBE3,-0.0353208789415173
SCX,-0.0384483570011901
SCYL1,0.6641794607074233
SCYL2,0.0067534598542673
SCYL3,0.0813648953096538
SDAD1,1.26562589765352
SDC1,0.1116717319624638
SDC2,-0.0607363171879116
SDC3,-0.0924748372307087
SDC4,0.1318988549357623
SDCBP,0.2279848031270116
SDCBP2,0.0592879940533003
SDCCAG8,0.0146050964067222
SDE2,1.974251760793288
SDF2,0.2057219032292001
SDF2L1,0.3881743885272922
SDF4,0.1073186043123635
SDHA,0.1277498033520545
SDHAF1,0.3361747006729069
SDHAF2,0.2980028159817799
SDHAF3,-0.0504995369957081
SDHAF4,0.0159416328521216
SDHB,0.3165220151147981
SDHC,0.6123301437273122
SDHD,0.8754166306499014
SDK1,-0.0532004871885122
SDK2,0.1529073805514085
SDR16C5,-0.0707017487647226
SDR39U1,0.1537606113812413
SDR42E1,-0.1746763909454324
SDR42E2,-0.1185547131706291
SDR9C7,0.0476408049326716
SDS,-0.0762159307564575
SDSL,0.0563288453863634
SEBOX,0.1829666517424075
SEC11A,0.7150525105047919
SEC11C,-0.1579213968272562
SEC13,1.8649061713255188
SEC14L1,0.0177401176844334
SEC14L2,-0.0433625775764436
SEC14L3,0.0217335457149257
SEC14L4,-0.0228958737109842
SEC14L5,0.0155565955791189
SEC14L6,0.0511400550236548
SEC16A,0.6348720835560384
SEC16B,0.0930907497901446
SEC22A,0.2410789454474531
SEC22B,1.2745187208181727
SEC22C,0.0314412812092023
SEC23A,0.0811878660771183
SEC23B,-0.069705028266192
SEC23IP,0.0857900929854826
SEC24A,0.1278515637460391
SEC24B,-0.059545514476942
SEC24C,-0.0451596092376892
SEC24D,-0.0969211306399526
SEC31A,-0.0515683390332035
SEC31B,-0.1489747317435068
SEC61A1,1.9461072333541345
SEC61A2,-0.0883305600006958
SEC61B,0.7093004952518207
SEC61G,0.9553454514554292
SEC62,0.4547430897143469
SEC63,0.6460439643245655
SECISBP2,0.0780871666825236
SECISBP2L,0.3883423068413046
SECTM1,-0.002606144731179
SEH1L,1.0857386638541011
SEL1L,-0.0863330294720303
SEL1L2,-0.0619680624745861
SEL1L3,-0.0514882024321219
SELE,-0.1026540041965425
SELENBP1,0.1016321891882628
SELENOF,-0.100578579928759
SELENOH,0.3130412606064069
SELENOI,0.1075563439100638
SELENOK,0.1210230068386178
SELENOM,0.0236939886897855
SELENON,0.0052501414997285
SELENOO,0.1488544852105999
SELENOP,-0.1152361769523149
SELENOS,0.0035226466439828
SELENOT,0.0911759162198546
SELENOV,-0.0618293237839421
SELENOW,0.2408919568095613
SELL,0.0157486430813648
SELP,0.1037738205335905
SELPLG,0.0502692185754957
SEM1,1.1286402598447167
SEMA3A,0.0308297046668072
SEMA3B,-0.0317337674372571
SEMA3C,-0.0010202981164058
SEMA3D,-0.1404607525868641
SEMA3E,0.0305268652178535
SEMA3F,0.2267430603857947
SEMA3G,0.0540433127397375
SEMA4A,0.0162592895892739
SEMA4B,-0.0804714437695966
SEMA4C,0.1190430046865695
SEMA4D,0.017875492227754
SEMA4F,0.0505274604965702
SEMA4G,-0.007864282325407
SEMA5A,-0.1399026557549758
SEMA5B,0.1250327446507656
SEMA6A,0.003093259988316
SEMA6B,0.136971885556693
SEMA6C,-0.0092354458237311
SEMA6D,0.0161321495551568
SEMA7A,0.0736526716287463
SEMG1,-0.0967866208307575
SEMG2,-0.0040149507375175
SENP1,0.230673306018024
SENP2,-0.0002133684783884
SENP3,-0.0813362630871178
SENP5,-0.1215240953938448
SENP6,1.4841100348071232
SENP7,-0.1390250782638346
SENP8,0.052444738002654
SEPHS1,0.3027532472110088
SEPHS2,0.8408023645018369
SEPSECS,0.8513097093534772
SEPTIN10,0.0602270165585424
SEPTIN11,0.0888764931636633
SEPTIN12,0.072457931108752
SEPTIN14,0.2951931162098445
SEPTIN2,0.6280039703061181
SEPTIN3,-0.0172102064352074
SEPTIN4,0.1405823045315105
SEPTIN5,0.1634741659059206
SEPTIN6,-0.0479295491057188
SEPTIN7,1.431205365529841
SEPTIN8,0.0372361911546988
SEPTIN9,0.139301389709183
SERAC1,0.0646528267259285
SERBP1,0.4427147726198969
SERF2,0.4563004945155411
SERGEF,-0.0931332008685143
SERHL2,0.2586807452251056
SERINC1,-0.0643888476896043
SERINC2,0.0601320977213764
SERINC3,0.0811258222086414
SERINC4,0.4428251348336761
SERINC5,0.0102763154455945
SERP1,0.2615604991647593
SERP2,-0.0332031742592986
SERPINA1,0.0279336300921219
SERPINA10,-0.216564555635063
SERPINA11,-0.1605456208048782
SERPINA12,-0.0090115778237475
SERPINA3,-0.0172022518188878
SERPINA4,-0.0486982429085433
SERPINA5,0.0103163453139742
SERPINA6,-0.0200398541347988
SERPINA7,-0.1251734047692518
SERPINA9,-0.1752077351868994
SERPINB1,-0.1700268498092451
SERPINB10,-0.0534891953649878
SERPINB11,-0.059484433120067
SERPINB12,-0.1684409323268395
SERPINB13,0.0067539295344319
SERPINB2,-0.0954189497016811
SERPINB3,-0.2190839965067205
SERPINB4,-0.1464591651441929
SERPINB5,-0.0106387618920428
SERPINB6,-0.1225123939719082
SERPINB7,-0.0359978236309067
SERPINB8,-0.0589632021073733
SERPINB9,-0.1355125864444162
SERPINC1,-0.2512735504418608
SERPIND1,0.1258555185951231
SERPINE1,-0.0536568979375634
SERPINE2,-0.068144573158307
SERPINE3,-0.0836373116937058
SERPINF1,-0.0063201774350169
SERPINF2,-0.1028849843365986
SERPING1,-0.0581972058511065
SERPINH1,-0.0755733678798817
SERPINI1,-0.3996810143683564
SERPINI2,-0.2707534384815873
SERTAD1,-0.0704452561436468
SERTAD2,0.1372081522384201
SERTAD3,0.1408289097373632
SERTAD4,-0.1109707426221758
SERTM1,0.0031642332243001
SERTM2,-0.1904596497842003
SESN1,-0.0373274653222191
SESN2,-0.0009886943130489
SESN3,-0.0149345838003158
SESTD1,0.0328315986102559
SET,0.1636638353425168
SETBP1,-0.0309235774681447
SETD1A,1.439277650929443
SETD1B,0.2285485665902414
SETD2,0.3062943653725753
SETD3,0.0946314113172236
SETD4,-0.1073860984961073
SETD5,0.3539766411476404
SETD6,-0.0049485619219811
SETD7,0.0548889874342072
SETD9,0.0994624756834591
SETDB1,0.5427055983241162
SETDB2,-0.0357624940736159
SETMAR,-0.1217500962168562
SETX,0.3888660763959529
SEZ6,0.192045609731166
SEZ6L,-0.0835558433778453
SEZ6L2,-0.0334748207823974
SF1,2.872737341364304
SF3A1,2.0105751994709027
SF3A2,2.038372594894164
SF3A3,1.7879329943110496
SF3B1,1.4792977290664695
SF3B2,1.3009684434260786
SF3B3,2.3611243104184965
SF3B4,2.755592292553389
SF3B5,3.1234610446128177
SF3B6,1.6372504163537762
SFI1,0.0358660554170517
SFMBT1,0.0920016082003301
SFMBT2,0.0108333833392337
SFN,0.2712193432442148
SFPQ,1.3737108390490045
SFR1,0.4436916721373956
SFRP1,0.1056487219401564
SFRP2,0.0584062795973197
SFRP4,0.024884017569756
SFRP5,0.0256542290780329
SFSWAP,1.1190719801596796
SFT2D1,-0.0541272333569292
SFT2D2,0.0742390580602109
SFT2D3,0.3198909455670601
SFTA2,0.2543471865950281
SFTPA1,0.1548338059504571
SFTPA2,-0.0223019434392298
SFTPB,0.2037454973459643
SFTPC,-0.0195609150553232
SFTPD,-0.0010448039608791
SFXN1,0.1676288727372968
SFXN2,0.1029363010887576
SFXN3,-0.0424328280215524
SFXN4,-0.0723930559596264
SFXN5,0.0503949457151822
SGCA,0.1682940505146259
SGCB,0.0160257885466768
SGCD,-0.0003976780821314
SGCE,0.2914279177526114
SGCG,-0.0725364021187205
SGCZ,-0.096026511965685
SGF29,0.5585646201900548
SGIP1,0.0549622218582803
SGK1,0.0027951501333483
SGK2,-0.0934459260083971
SGK3,-0.032498904896276
SGMS1,-0.0559533084972233
SGMS2,-0.1192061613860141
SGO1,1.3643324955751222
SGO2,0.0215219690660183
SGPL1,0.0545113869141516
SGPP1,0.4910060224659037
SGPP2,0.0644613916036567
SGSH,-0.1051152036846845
SGSM1,0.096874324111472
SGSM2,-0.0696006241388655
SGSM3,0.0645794567497707
SGTA,0.117808608435144
SGTB,-0.0561096765068021
SH2B1,-0.0017024822547446
SH2B2,-0.0082042093444668
SH2B3,0.0036362978012089
SH2D1A,-0.1748500594239203
SH2D1B,0.1947813096408669
SH2D2A,-0.0661849341129808
SH2D3A,0.0658703351617344
SH2D3C,-0.1008215180117797
SH2D4A,-0.1968577154823579
SH2D4B,0.0033510507072798
SH2D5,0.1326310297306221
SH2D6,-0.0130420798910069
SH2D7,0.1018847479071494
SH3BGR,-0.1144646977688433
SH3BGRL,-0.054544486405633
SH3BGRL2,-0.0942302112713015
SH3BGRL3,0.1363763431952373
SH3BP1,0.0295132848827993
SH3BP2,-0.0581179261884648
SH3BP4,-0.0246198122010011
SH3BP5,-0.0849720845810402
SH3BP5L,0.2099275280007435
SH3D19,0.0175834029684244
SH3D21,0.0080377476389484
SH3GL1,0.1198401603218632
SH3GL2,-0.0940426607944278
SH3GL3,0.1307035399901129
SH3GLB1,-0.1093716629367683
SH3GLB2,0.0556730054394071
SH3KBP1,-0.1828849231160022
SH3PXD2A,0.126153015468191
SH3PXD2B,0.0997970877188796
SH3RF1,-0.1419695848042808
SH3RF2,0.0176231256547492
SH3RF3,0.3470743126769709
SH3TC1,-0.1639750619355857
SH3TC2,-0.0111568405708149
SH3YL1,-0.0909980212997656
SHANK1,-0.0777558827443543
SHANK2,0.0376751435390529
SHARPIN,0.1118701332811408
SHB,-0.0584541678298806
SHBG,-0.0255233645347762
SHC1,0.0196760349710257
SHC2,-0.2528163941694525
SHC3,0.1750601414204819
SHC4,0.0200515105292955
SHCBP1,0.1137652698817666
SHCBP1L,0.1077636806962288
SHD,0.0132751693736814
SHE,0.2277218261408432
SHF,0.064804839847468
SHFL,0.2520074444059119
SHH,-0.0232734261816634
SHISA2,-0.0644843884612687
SHISA3,-0.1528543003561604
SHISA4,-0.0327134536537287
SHISA5,0.2786232597422053
SHISA6,-0.0825222641878658
SHISA7,0.0371929813407397
SHISA8,-0.0876679629679101
SHISA9,-0.0678357525046454
SHISAL1,-0.0691826096166286
SHISAL2A,0.109647278135763
SHISAL2B,0.1228273614124857
SHKBP1,0.1315275296521381
SHLD1,0.2634815903649041
SHLD2,0.0558991204808335
SHLD3,0.2492200179902483
SHMT1,0.1056161601731495
SHMT2,0.0177373299142251
SHOC1,0.1651105968018641
SHOC2,0.2940490499582538
SHOX,0.0239474097981282
SHOX2,0.1425005785182113
SHPK,0.0585374495972937
SHPRH,0.0349848946321598
SHQ1,1.1867159994393792
SHROOM1,0.0739130720729538
SHROOM2,0.0158062561195582
SHROOM3,0.030409802038825
SHROOM4,0.0087367683343125
SHTN1,-0.1432809091007114
SI,-0.2904472880428536
SIAE,-0.2372305744743461
SIAH1,0.347776482934057
SIAH2,0.0709818119657646
SIAH3,0.0686181348033574
SIDT1,-0.1070165103343709
SIDT2,-0.0525462139445385
SIGIRR,-0.1266281624135486
SIGLEC1,0.1112700043340685
SIGLEC10,0.1516234297426632
SIGLEC11,0.1858227827681365
SIGLEC12,0.0558378120381658
SIGLEC14,-0.0733489309354446
SIGLEC15,-0.072786301882604
SIGLEC5,-0.2433010115097731
SIGLEC6,-0.04630520242333
SIGLEC7,0.0409390415389191
SIGLEC8,0.0869013896829084
SIGLEC9,0.010736325048687
SIGLECL1,-0.0516907622567605
SIGMAR1,0.2921231130207825
SIK1,0.0226222181131145
SIK2,0.0299067917946248
SIK3,-0.1170146961382559
SIKE1,0.2683283149624606
SIL1,-0.0614318905606755
SIM1,0.0136327679923651
SIM2,-0.1624919397147201
SIMC1,0.4172421985073108
SIN3A,0.9115872561456388
SIN3B,-0.0825682532025252
SINHCAF,0.4982633868564091
SIPA1,0.1227655949608223
SIPA1L1,-0.0276781476646528
SIPA1L2,0.035207014922834
SIPA1L3,-0.0414628499370843
SIRPA,0.0021667576199868
SIRPB1,-0.1373001864225347
SIRPB2,0.0816817357489373
SIRPD,-0.0576086522016188
SIRPG,-0.0593032126685979
SIRT1,0.1309727742067015
SIRT2,0.1583421116289609
SIRT3,-0.0704930257927766
SIRT4,0.0899735557365583
SIRT5,0.0307499534276295
SIRT6,-0.0721282283116319
SIRT7,0.135684678064788
SIT1,0.0413340400155465
SIVA1,0.1027780747588611
SIX1,0.1963219618320438
SIX2,-0.0702327086928583
SIX3,0.0312307866400158
SIX4,0.0827427247315978
SIX5,0.0797565445054627
SIX6,0.0136920215115296
SKA1,0.7176009625417784
SKA2,0.9901139615261344
SKA3,0.6290506701905108
SKAP1,0.1598618050106786
SKAP2,-0.1758564856532047
SKI,0.1213449634738929
SKIC2,0.2071807969345101
SKIC3,0.0846546575391137
SKIC8,1.0518014575781238
SKIDA1,0.0367896593357117
SKIL,-0.119519122361246
SKOR1,0.0794368644140693
SKOR2,-0.0980743975183332
SKP1,1.3838491196216025
SKP2,0.8501000684204727
SLA,-0.186456273418881
SLA2,-0.1787376141279351
SLAIN1,-0.0282476038677444
SLAIN2,0.0570757506781648
SLAMF1,0.097227602861447
SLAMF6,-0.1014297839212957
SLAMF7,0.0575176420963332
SLAMF8,-0.0317533461570869
SLAMF9,0.2177562774406672
SLBP,0.3729539308928543
SLC10A1,-0.0499574833132257
SLC10A2,-0.1233412546870448
SLC10A3,-0.0354975880149138
SLC10A4,0.0989311413632292
SLC10A5,-0.0396793300848321
SLC10A6,0.0271083927483472
SLC10A7,0.1662561770733689
SLC11A1,0.0501448352082359
SLC11A2,0.0869908963132207
SLC12A1,-0.0140007011051506
SLC12A2,-0.1062992994809718
SLC12A3,0.0330510935780469
SLC12A4,0.1198940685126437
SLC12A5,-0.0535300855480354
SLC12A6,0.0846842028336432
SLC12A7,-0.0062633695439206
SLC12A8,0.0310665150308447
SLC12A9,0.0658632308858016
SLC13A1,-0.1227461924089052
SLC13A2,0.1770390291426851
SLC13A3,-0.0412252880189721
SLC13A4,0.1186652281475538
SLC13A5,0.018908164134671
SLC14A1,0.0274670498648636
SLC14A2,0.0004380928091833
SLC15A1,-0.0857528255471897
SLC15A2,-0.0819314962038432
SLC15A3,0.2112110973925975
SLC15A4,-0.0410612611347321
SLC16A1,0.234550652030674
SLC16A10,-0.0664141736264476
SLC16A11,0.0520493874660313
SLC16A12,0.0634726719649896
SLC16A13,0.0169369059639585
SLC16A14,0.0045543577575314
SLC16A2,0.0649808912614862
SLC16A3,0.0300201351510249
SLC16A4,0.148575935544887
SLC16A5,0.1493437957116534
SLC16A6,0.1224875051972749
SLC16A7,0.0437958827947541
SLC16A8,0.0151470064189688
SLC16A9,-0.051634229292748
SLC17A1,-0.0329618205792517
SLC17A2,0.0743571023477162
SLC17A3,0.0334989926029125
SLC17A4,0.1231620563361724
SLC17A5,0.053856523464343
SLC17A6,0.026276163443089
SLC17A7,-0.0897456974153049
SLC17A8,-0.124521541688263
SLC17A9,0.0700879390528644
SLC18A1,-0.1988484062880036
SLC18A2,0.0545327928739603
SLC18A3,0.040807787157661
SLC18B1,-0.0863497957083589
SLC19A1,0.0732077296108591
SLC19A2,0.0614439609652786
SLC19A3,0.2190111676407584
SLC1A1,-0.1594855003409807
SLC1A2,0.0774375940182288
SLC1A3,0.0200435604328405
SLC1A4,-0.0204654504404514
SLC1A5,0.179854676781167
SLC1A6,-0.0166398560261192
SLC1A7,0.0067497005718298
SLC20A1,0.1713168364943774
SLC20A2,0.1053090119688555
SLC22A1,-0.0475732495157972
SLC22A10,-0.0139451095807869
SLC22A11,0.038870477238487
SLC22A12,-0.0392896689051241
SLC22A13,0.0327021899812815
SLC22A14,-0.1258476525065728
SLC22A15,0.1746952884619218
SLC22A16,-0.0733846561426113
SLC22A17,0.1859580390136438
SLC22A2,0.0017847550860147
SLC22A23,0.0246898471226199
SLC22A24,0.132657283877649
SLC22A25,0.1190480905544208
SLC22A3,-0.0924736596191039
SLC22A31,-0.0610518921203469
SLC22A4,0.0621187345975351
SLC22A5,0.1524754959394567
SLC22A6,-0.0727716317128532
SLC22A7,0.0608217954635605
SLC22A8,0.0703736253313664
SLC22A9,-0.0165232588358316
SLC23A1,-0.0538069871702241
SLC23A2,-0.0054128020434345
SLC23A3,-0.1659332244692311
SLC24A1,-0.0683586779119253
SLC24A2,-0.1064979623823627
SLC24A3,-0.111645837028387
SLC24A4,-0.1884824166607733
SLC24A5,0.0124167550023978
SLC25A1,0.4332688431161095
SLC25A10,0.3285655188056669
SLC25A11,-0.1048817309984281
SLC25A12,-0.0901738515774475
SLC25A13,0.0453181811300862
SLC25A14,-0.1967807291595398
SLC25A15,-0.0194377525964396
SLC25A16,-0.0743095078631744
SLC25A17,-0.0673309522833524
SLC25A18,0.3967467466484251
SLC25A19,0.1599032032948187
SLC25A2,0.0465784344990984
SLC25A20,0.1276937085556321
SLC25A21,-0.0017488996466473
SLC25A22,0.2302786213159346
SLC25A23,0.0598416398615968
SLC25A24,0.185419494380632
SLC25A25,0.1620704433487592
SLC25A26,0.8534701762500417
SLC25A27,0.0610109542743358
SLC25A28,0.3341879898831074
SLC25A29,0.073655125250614
SLC25A3,0.6072818529828813
SLC25A30,0.0510448469328272
SLC25A31,0.0596732717509247
SLC25A32,0.0851839260136387
SLC25A33,0.0316181540180166
SLC25A34,0.1427965497085405
SLC25A35,0.0050025521633618
SLC25A36,0.0576355418911104
SLC25A37,0.1814587298707639
SLC25A38,0.274541798526143
SLC25A39,0.2153566662800918
SLC25A4,-0.1081358881104878
SLC25A40,-0.006168138728742
SLC25A41,0.3810829251342027
SLC25A42,0.0596800911827575
SLC25A43,-0.220394420884996
SLC25A44,-0.0096019546856169
SLC25A45,-0.063851994950627
SLC25A46,0.1397695374450703
SLC25A47,-0.0004768214492834
SLC25A48,-0.0039750932972509
SLC25A5,0.286564903438182
SLC25A51,0.2492306561893378
SLC25A52,0.0692369930307967
SLC25A53,-0.1489102883800907
SLC25A6,-0.2261764517026638
SLC26A1,-0.0015138988586773
SLC26A11,-0.0071720796635538
SLC26A2,-0.1181150286185824
SLC26A3,-0.1435447767574566
SLC26A4,0.0609944030861439
SLC26A5,0.0960023417766564
SLC26A6,-0.0524256548788326
SLC26A7,-0.0117190161445828
SLC26A8,0.1376160747200514
SLC26A9,-0.0420276077695555
SLC27A1,-0.0439078967140582
SLC27A2,0.1021014955592413
SLC27A3,0.1823216277824203
SLC27A4,-0.124489659869954
SLC27A5,0.0992212604883648
SLC27A6,-0.0327600891103678
SLC28A1,-0.0099913645036805
SLC28A2,0.0757049552625379
SLC28A3,-0.0602789795112799
SLC29A1,-0.0853285568782373
SLC29A2,0.2572489295863768
SLC29A3,0.0928316431996448
SLC29A4,-0.0072415694215031
SLC2A1,0.5805983027195091
SLC2A10,-0.0300984794863296
SLC2A11,0.0538845837816802
SLC2A12,-0.0148637878368971
SLC2A13,0.2241522718896553
SLC2A14,0.0973153344690454
SLC2A2,-0.1190034098086233
SLC2A3,0.2140667894315659
SLC2A4,0.007928734497777
SLC2A4RG,-0.0137465227280535
SLC2A5,-0.0549824897492132
SLC2A6,0.1042074060785359
SLC2A7,0.0216908540528188
SLC2A8,-0.1739045047910022
SLC2A9,-0.0627669290028433
SLC30A1,-0.1281270664297203
SLC30A10,-0.1762472503260481
SLC30A2,0.0361133867870173
SLC30A3,-0.0848473779577774
SLC30A4,0.0158499917901517
SLC30A5,0.0278626448919762
SLC30A6,0.0655334093974928
SLC30A7,0.1692689454259428
SLC30A8,-0.0655892759846422
SLC30A9,0.6621030679002321
SLC31A1,0.2944777667230212
SLC31A2,-0.1155636671805574
SLC32A1,-0.019876248955802
SLC33A1,0.1681494743991142
SLC34A1,0.0391481216295407
SLC34A2,-0.1550922858009639
SLC34A3,0.1962710926598141
SLC35A1,0.113846043534047
SLC35A2,0.1009542398496764
SLC35A3,0.1021176994446246
SLC35A4,0.0467918569353964
SLC35A5,0.0645371850631281
SLC35B1,1.3576223527320226
SLC35B2,0.2138215724847356
SLC35B3,-0.1797581866322294
SLC35B4,-0.1427413623463707
SLC35C1,0.1095012645623632
SLC35C2,-0.0081052591940934
SLC35D1,0.1974766542830493
SLC35D2,0.1589016731755871
SLC35D3,-0.0695872683994531
SLC35E1,0.0730537350414181
SLC35E2B,0.0297540648309163
SLC35E3,0.1261051460097576
SLC35E4,-0.0151172693218822
SLC35F1,-0.0957622893298777
SLC35F2,0.2678720246260303
SLC35F3,0.161765028181039
SLC35F4,0.042060572504749
SLC35F5,-0.0314699525006107
SLC35F6,0.0074722715491679
SLC35G1,0.1861025129447604
SLC35G2,-0.0885279246461158
SLC35G3,0.3049813110559267
SLC35G4,-0.1557029614706195
SLC35G5,0.0106609697527533
SLC35G6,-0.0567957470427147
SLC36A1,0.0546817601351268
SLC36A2,0.006267273365442
SLC36A3,-0.1703980672545264
SLC36A4,-0.0437727794420668
SLC37A1,0.1218001748176841
SLC37A2,0.0191343833761405
SLC37A3,0.1132424493028792
SLC38A1,0.1472054593856423
SLC38A10,0.112394830417927
SLC38A11,0.1140115418400215
SLC38A2,0.3195260063916642
SLC38A3,-0.2889128078161165
SLC38A4,0.0699016838370521
SLC38A5,0.0958990155080738
SLC38A6,0.0021328750187331
SLC38A7,0.0961640661381839
SLC38A8,-0.0452193746954485
SLC38A9,-0.0562671431194836
SLC39A1,-0.1056779522450002
SLC39A10,0.5584276583221535
SLC39A11,0.0031918736889373
SLC39A12,-0.0103056030594924
SLC39A13,0.0046649404432821
SLC39A14,0.0846009543923604
SLC39A2,-0.092818919260909
SLC39A3,-0.1300621754009797
SLC39A4,-0.1990163409287468
SLC39A5,0.0927089252957354
SLC39A6,0.080333822268802
SLC39A7,1.852663287823691
SLC39A8,0.0644549139039352
SLC39A9,0.2448781777850819
SLC3A1,-0.0261667528459434
SLC3A2,0.4818922204484352
SLC40A1,-0.0556105630322567
SLC41A1,-0.0095965575797506
SLC41A2,-0.0593027510003919
SLC41A3,0.1470675842066036
SLC43A1,-0.0279409549530854
SLC43A2,-0.151338430758972
SLC43A3,0.0590686515141065
SLC44A1,0.0677946425169466
SLC44A2,0.0299308009634306
SLC44A3,0.2281864374501241
SLC44A4,0.0686179203334719
SLC44A5,-0.0796754087388907
SLC45A1,-0.0283086151100712
SLC45A2,0.0028538098133542
SLC45A3,0.0696795976366897
SLC45A4,-0.1315389638533161
SLC46A1,0.0479284575318108
SLC46A2,0.1664305831659038
SLC46A3,0.1866267456535982
SLC47A1,0.1677216918187702
SLC47A2,0.0365956805555153
SLC48A1,0.1571034083100085
SLC49A3,-0.2080021322362541
SLC49A4,0.1072435331623167
SLC4A1,0.1008976547121999
SLC4A10,-0.0316839998804945
SLC4A11,-0.0553029358365658
SLC4A1AP,0.3089012097149524
SLC4A2,-0.1372043953204224
SLC4A3,0.018941756545482
SLC4A4,-0.1565929399870759
SLC4A5,0.2599048423445816
SLC4A7,0.1620051204003693
SLC4A8,0.0181594275207878
SLC4A9,-0.0124733651960596
SLC50A1,-0.0573588887288674
SLC51A,-0.1032814315027983
SLC51B,0.1011046428502536
SLC52A1,0.132282180751504
SLC52A2,0.2289070678465082
SLC52A3,0.0068283685962023
SLC5A1,0.002782115503349
SLC5A10,-0.0572401440117874
SLC5A11,-0.1159704731856298
SLC5A12,-0.0664434892969403
SLC5A2,0.0719172267113453
SLC5A3,0.0880391807060428
SLC5A4,-0.0747612824372263
SLC5A5,0.1853934081526628
SLC5A6,0.0571179780730341
SLC5A7,0.0623490063940004
SLC5A8,-0.0539200884783739
SLC5A9,0.0534137196878332
SLC66A1,-0.0979410626793566
SLC66A2,-0.1258862734143997
SLC66A3,-0.0492859881090449
SLC67A1,-0.0652036634652006
SLC6A1,-0.0608245756928429
SLC6A11,-0.1036444790707029
SLC6A12,0.1002013500477313
SLC6A13,-0.0088344090830432
SLC6A14,-0.0216050979600378
SLC6A15,-0.0872172270147364
SLC6A16,0.0663567495807832
SLC6A17,0.2412382892136833
SLC6A18,-0.1711055824738033
SLC6A19,-0.1690099916096094
SLC6A2,0.1128643517056981
SLC6A20,0.0836711247152888
SLC6A3,-0.1407360299075873
SLC6A4,-0.0701516866966809
SLC6A5,0.0021091111239577
SLC6A6,0.2374659181791453
SLC6A7,0.110387644807417
SLC6A8,0.2628961723071671
SLC6A9,0.0330309330740389
SLC7A1,0.0815221623006582
SLC7A10,0.2823443153260266
SLC7A11,0.0369072730711224
SLC7A13,0.0712119870796485
SLC7A14,-0.101208389123882
SLC7A2,-0.1228182009915997
SLC7A3,0.067122690227703
SLC7A4,-0.0673393852496221
SLC7A5,0.236600543862274
SLC7A6,-0.0236183350174291
SLC7A6OS,1.5266404398830289
SLC7A7,-0.021731273409962
SLC7A8,0.0168516279299134
SLC7A9,0.1833988120876674
SLC8A1,-0.1143371740248736
SLC8A2,-0.0840543556488594
SLC8A3,-0.0473404970537511
SLC8B1,0.0913308785554546
SLC9A1,0.0260554023369295
SLC9A2,0.0301584858023096
SLC9A3,0.2051387675391126
SLC9A4,0.0291469743301239
SLC9A5,0.0092476161927069
SLC9A6,-0.0611520961896801
SLC9A7,0.0213029716289285
SLC9A8,-0.1666014239225998
SLC9A9,0.0496408104427212
SLC9B1,0.3042397660618047
SLC9B2,-0.081385134306344
SLC9C1,0.0994585326728813
SLC9C2,-0.0372423129395384
SLCO1A2,0.0125396031785747
SLCO1B1,-0.0844272369462012
SLCO1B3,-0.0090642932747743
SLCO1C1,-0.1323952855708106
SLCO2A1,0.1053428966496371
SLCO2B1,-0.1212738980201262
SLCO3A1,-0.0299648918919431
SLCO4A1,0.0740470492130998
SLCO4C1,0.0970760677999867
SLCO5A1,-0.0390192279958699
SLCO6A1,-0.0961938682403805
SLF1,-0.0169619793521115
SLF2,0.1817301202688999
SLFN11,-0.0329989844899877
SLFN12,0.0149314210566573
SLFN12L,0.0265451202286671
SLFN13,-0.0858901988737116
SLFN14,-0.2095379667609825
SLFN5,-0.0210042805859424
SLFNL1,0.3425238845958434
SLIRP,0.4916287322855837
SLIT1,0.1503311027392427
SLIT2,-0.0857388681701714
SLIT3,-0.0495400604803356
SLITRK1,-0.1266041404112437
SLITRK2,-0.0785158037120188
SLITRK3,-0.2224517234866759
SLITRK4,-0.0606733170759785
SLITRK5,0.0616921208048827
SLITRK6,-0.0795144827709783
SLK,0.007645057377888
SLMAP,0.2765498795984829
SLN,-0.0298659303373083
SLPI,0.0746109699704535
SLTM,0.0197437502224267
SLU7,1.491489186151952
SLURP1,-0.0566649401633255
SLURP2,-0.0699161310039859
SLX4,0.1261238798967228
SLX4IP,0.0031275245521798
SLX9,0.5123189836170863
SMAD1,-0.1089201291803538
SMAD2,-0.015227091370962
SMAD3,-0.0150191197613997
SMAD4,0.0811851196249361
SMAD5,0.1083553558868288
SMAD6,0.1321846965190923
SMAD7,0.0860573177190769
SMAD9,0.0734231652937743
SMAGP,0.3136661539468903
SMAP1,-0.1227473677159851
SMAP2,-0.2144789621394981
SMARCA1,0.0321317721112297
SMARCA2,-0.1720400036523837
SMARCA4,0.5097700480490656
SMARCA5,0.2711981598197555
SMARCAD1,-0.0358954322328212
SMARCAL1,0.0121968419366274
SMARCB1,0.4307052971582331
SMARCC1,0.2170893573106666
SMARCC2,0.004848075751218
SMARCD1,0.173728539813652
SMARCD2,0.0584502259023933
SMARCD3,-0.1220590709133753
SMARCE1,0.1858548085817396
SMC1A,1.795050572799889
SMC1B,-0.1536032545949533
SMC2,1.5222789353739092
SMC3,1.6077054529263612
SMC4,1.4075849937716944
SMC5,0.5681335168419362
SMC6,0.5833861241233015
SMCHD1,0.0821306392521341
SMCO1,-0.2222940992330186
SMCO2,-0.1339540723426453
SMCO3,-0.1419932452681234
SMCO4,0.1902940052609172
SMCP,-0.1499552560513021
SMCR8,0.1841158279814043
SMDT1,-0.0527216871259786
SMG1,0.5354746626056626
SMG5,1.2937140003593397
SMG6,0.9584575531805964
SMG7,0.7233284591410701
SMG8,0.3481598794482186
SMG9,0.0165751625512861
SMIM1,0.131480204591947
SMIM10,0.0175451336853335
SMIM10L1,-0.2753753056179974
SMIM10L2B,-0.2176657074938194
SMIM11,0.1404867157770368
SMIM12,0.0133311875537588
SMIM13,0.0040785499258901
SMIM14,-0.0367435410563917
SMIM15,0.184656957773233
SMIM17,-0.1147870606339339
SMIM18,0.0050694367745576
SMIM19,-0.1858884109905286
SMIM2,-0.0729942399402149
SMIM20,-0.0231434550099508
SMIM21,-0.0836481147510013
SMIM22,-0.0273079438220155
SMIM23,-0.071639527461821
SMIM24,-0.2421712990084541
SMIM26,-0.1588726007431786
SMIM27,-0.170242553550117
SMIM28,0.0389555976218612
SMIM29,0.2032327055556333
SMIM3,0.2300929030218755
SMIM31,-0.1574778246632065
SMIM32,-0.2875753370115201
SMIM33,-0.1957417735548231
SMIM34,-0.174955069889349
SMIM38,-0.1595583341787721
SMIM40,-0.117293821334232
SMIM41,-0.2675118397128722
SMIM5,0.1449212746582901
SMIM7,0.3533431163169676
SMIM8,0.0393947328524759
SMIM9,-0.0509308014230093
SMKR1,0.1193582732602609
SMLR1,-0.0176817760615251
SMNDC1,0.9030257572538344
SMO,0.15008497159682
SMOC1,0.0624024284052184
SMOC2,-0.0907815224479566
SMOX,0.0480509733958774
SMPD1,0.1498779635102141
SMPD2,-0.0251837759646111
SMPD3,0.0865886923105763
SMPD4,0.3382360642327618
SMPDL3A,-0.047501184781487
SMPDL3B,0.0259010064141333
SMPX,-0.0716397101216276
SMR3A,-0.0592475839900338
SMR3B,0.4931512925618305
SMS,0.2267692935903776
SMTN,0.2084622629953805
SMTNL1,-0.1739108405085442
SMTNL2,-0.0607702348341062
SMU1,2.973139595552049
SMUG1,0.2678764049255272
SMURF1,0.037685441764382
SMURF2,0.3297447590351918
SMYD1,0.0640201236720278
SMYD2,0.046033165701816
SMYD3,0.03704594647955
SMYD4,-0.0027448577271308
SMYD5,0.0795170156221514
SNAI1,0.0488223250567891
SNAI2,0.0842531548192292
SNAI3,0.1143836383440149
SNAP23,0.013440105917342
SNAP25,-0.0342462868037512
SNAP29,0.3542684125515448
SNAP47,-0.078535694580009
SNAP91,0.1173321533408627
SNAPC1,1.6782377903458794
SNAPC2,2.103766616845796
SNAPC3,1.3432726683897132
SNAPC4,1.3857972709213966
SNAPC5,1.5472377261910948
SNAPIN,0.3217459603082444
SNCA,-0.069307087905868
SNCAIP,0.0069541024560592
SNCB,0.0414584374225193
SNCG,0.062536303976953
SND1,-0.0784311522896917
SNED1,-0.0115587999862257
SNF8,1.0704617586772869
SNIP1,1.0651696225127352
SNN,-0.0292530902705986
SNORC,0.031962440027934
SNPH,-0.0764300261606233
SNRK,-0.0341600047623736
SNRNP200,2.855482599855108
SNRNP25,2.277243923855425
SNRNP27,1.5913490853836716
SNRNP35,2.231366554559282
SNRNP40,0.8620113563081013
SNRNP48,0.2788113894226349
SNRNP70,1.477090343078428
SNRPA,0.5752919643888893
SNRPA1,2.791993673868209
SNRPB,1.854752649988716
SNRPB2,0.2598959597180137
SNRPC,1.123336139153088
SNRPD1,3.602554505032252
SNRPD2,3.125720843984586
SNRPD3,5.792317073309922
SNRPE,2.3303616154614786
SNRPF,3.153494985578276
SNRPG,1.80735192792528
SNRPN,0.1426157844065242
SNTA1,0.1383438995204509
SNTB1,-0.0068104712636489
SNTB2,0.1333091867159665
SNTG1,0.0125188711164452
SNTG2,-0.0888236278388631
SNTN,-0.0733255223239505
SNU13,1.953366382942884
SNUPN,0.8460441840971239
SNURF,0.0937239577275192
SNW1,1.8146059697539472
SNX1,-0.0014072766403015
SNX10,-0.058697746563865
SNX11,-0.0290152850386119
SNX12,0.1042815163087758
SNX13,-0.0990845345694746
SNX14,0.2718632709651388
SNX15,-0.0971812266885417
SNX16,0.1042609192812829
SNX17,0.1284222215168909
SNX18,0.1494432321539904
SNX19,0.0313495412783364
SNX2,-0.1118013979779444
SNX20,-0.0836140463784619
SNX21,0.0522610646666048
SNX22,0.1742010802790722
SNX24,-0.1672249644870049
SNX25,-0.0111644633530076
SNX27,0.0836277438713494
SNX29,-0.0566381463962915
SNX3,-0.0698858882528541
SNX30,-0.1129831271876644
SNX31,0.0238773546868657
SNX32,0.2085129526643567
SNX33,0.0289773422736709
SNX4,0.2097357370105319
SNX5,0.2142023794872478
SNX6,0.2253864069164556
SNX7,0.0299242022783828
SNX8,-0.0577864214407919
SNX9,-0.0391416519400729
SOAT1,-0.0074403050442427
SOAT2,-0.0270730254153325
SOBP,0.0770048386954455
SOCS1,0.1050783990105786
SOCS2,0.0309762068442207
SOCS3,-0.1057075218778756
SOCS4,0.1966448298205444
SOCS5,0.1281384064493572
SOCS6,0.0638354077782256
SOCS7,-0.0569633274675909
SOD1,2.1410714785764204
SOD2,1.4983432813548596
SOD3,-0.0275462146232863
SOHLH1,0.0667868345031671
SOHLH2,-0.1279666935818805
SON,0.970725916166635
SORBS1,-0.1307779142317989
SORBS2,-0.1453046030839836
SORBS3,-0.0844214773185097
SORCS1,-0.0990270690233657
SORCS2,-0.0568203675477463
SORCS3,-0.0319157057477041
SORD,0.1172730951311766
SORL1,0.0354766757560966
SORT1,0.0864480662433902
SOS1,0.2965206916634821
SOS2,0.2158674673132815
SOST,-0.056134028505174
SOSTDC1,-0.0801834055444961
SOWAHA,-0.1515551714903239
SOWAHB,0.1574792746256363
SOWAHC,0.2773563043434423
SOWAHD,0.0243698473128546
SOX1,0.0303477916816304
SOX10,0.2828782873429962
SOX11,0.1022399434557048
SOX12,0.0307231579445965
SOX13,0.0047412535720273
SOX14,-0.0046837102295908
SOX15,0.313201261748124
SOX17,0.0121163148403473
SOX18,0.0091480904997918
SOX2,0.0438279319893575
SOX21,-0.0342869175954907
SOX3,0.0843409569641179
SOX30,0.0793704679805043
SOX4,0.0070521063577508
SOX5,-0.0365487802112465
SOX6,0.0032415848543311
SOX7,-0.1672521013461048
SOX8,-0.1440486975894851
SOX9,0.252499718702047
SP1,0.3372651346948029
SP100,-0.1313549866659107
SP110,-0.045301735135722
SP140,-0.2185150964141263
SP140L,-0.1187066734542247
SP2,0.3350686216517108
SP3,0.1785725068412137
SP4,0.0007767563877801
SP5,0.1567406332284427
SP6,-0.0031323570027327
SP7,0.0827994645611882
SP8,0.13189298002812
SP9,0.1486645149288352
SPA17,-0.18781366973216
SPAAR,-0.1572523354776401
SPACA1,0.0649922379186089
SPACA3,0.1505180712515045
SPACA4,-0.0337274275913282
SPACA6,-0.0344707695011908
SPACA7,0.1094716065159335
SPACA9,0.0592887479802223
SPACDR,0.1248800203145147
SPADH,-0.0897936449636717
SPAG1,0.0070562080164188
SPAG16,-0.0889467712602273
SPAG17,0.1132418787581552
SPAG4,0.1812390943202178
SPAG5,0.4035485121426079
SPAG6,0.0022357540086447
SPAG7,-0.0479351909197124
SPAG8,0.2010547506102213
SPAG9,0.2559237827831997
SPAM1,0.0036836048385385
SPANXB1,-0.032844327918325
SPANXN1,-0.0689218877208313
SPANXN2,-0.1371016313977639
SPANXN3,-0.0480075832299421
SPANXN4,-0.1795047127777887
SPANXN5,-0.1709931291759239
SPARC,-0.0605662896956054
SPARCL1,-0.0510280117009805
SPART,-0.0895540307263806
SPAST,0.050908671829206
SPATA1,-0.1149575080955288
SPATA12,0.0143921517747753
SPATA13,0.2020336264650354
SPATA16,-0.0180949894587115
SPATA17,-0.0309573657898053
SPATA18,0.0038328606769446
SPATA19,-0.1037944818971316
SPATA2,-0.1146759958169399
SPATA20,0.1401114966960925
SPATA21,0.0691094481131089
SPATA22,0.0231667605875594
SPATA24,-0.0342785005687985
SPATA25,0.0941822087902432
SPATA2L,0.0415173261300435
SPATA3,-0.0700168301795991
SPATA31A1,-0.0641892439627281
SPATA31A3,0.1188455832268771
SPATA31A6,0.3519142475479984
SPATA31A7,0.1260525166518407
SPATA31C2,0.0556032493767011
SPATA31D1,-0.2480320569960772
SPATA31E1,0.0476255845633185
SPATA31F1,0.1170149874629997
SPATA31F3,-0.0011225138266954
SPATA31G1,0.2025313181911575
SPATA32,0.0538518576336725
SPATA33,-0.0125450380495812
SPATA4,-0.1237083721009631
SPATA45,-0.1150309071968597
SPATA46,-0.0147113372649929
SPATA6,-0.1589020317620006
SPATA6L,-0.1478708445268616
SPATA7,-0.0805790907633103
SPATA9,0.0167160783142446
SPATC1,-0.0428845008836547
SPATC1L,0.1645283371274937
SPATS1,0.0684923693469733
SPATS2,-0.2047060563866005
SPATS2L,0.0608478228626664
SPC24,3.576458764121974
SPC25,1.7931588776466836
SPCS1,0.3315885661817066
SPCS2,1.5075007123632558
SPCS3,1.4707317826364157
SPDEF,-0.0506953308933095
SPDL1,1.437438553901309
SPDYA,-0.0014313377311102
SPDYE1,0.368726858997023
SPDYE3,0.2537168071486119
SPDYE4,0.0998403854204262
SPDYE5,-0.0519504816245555
SPECC1,0.0751962103722052
SPECC1L,0.1944803571726987
SPEF1,0.247286177176252
SPEF2,-0.0072480227296951
SPEG,-0.0445662979153259
SPEM1,0.0918348512116415
SPEM2,-0.0971025758476544
SPEM3,0.0240226098750424
SPEN,0.0541916218263923
SPESP1,0.037693116128507
SPG11,0.1193516141319996
SPG21,0.2033979935237084
SPG7,-0.074730447072825
SPHK1,0.1274346079910682
SPHK2,0.196015160477274
SPHKAP,-0.0626506287424194
SPI1,0.1364228450909275
SPIB,-0.0777761737454375
SPIC,0.3220392492584223
SPICE1,0.2024483087617681
SPIDR,0.2613323554167882
SPIN1,0.0230839504644366
SPIN3,-0.0589228029529307
SPIN4,-0.0627673159475657
SPINDOC,0.010267547749204
SPINK1,0.0160494987936265
SPINK13,0.0819988999386273
SPINK14,0.1766965075990334
SPINK2,-0.0527986314275254
SPINK4,-0.0070725663001674
SPINK5,-0.0164946049070275
SPINK6,-0.0759063095437322
SPINK7,-0.0028618913909212
SPINK8,0.0475891081723726
SPINK9,-0.0476760228524114
SPINT1,0.1583906659659842
SPINT2,0.0593205387503229
SPINT3,-0.0297048660527997
SPINT4,-0.1121129758693314
SPIRE1,0.0080595331874126
SPIRE2,0.0287121621425448
SPMAP1,0.1463163155678611
SPMAP2,-0.161110823590587
SPMAP2L,0.3032901896115615
SPMIP1,-0.0279098362834139
SPMIP10,-0.1073752891752626
SPMIP11,0.0392006158625214
SPMIP2,-0.0414058628207475
SPMIP3,0.181342881215093
SPMIP4,-0.0704437720546726
SPMIP5,-0.1054607174383323
SPMIP6,0.2605356783837183
SPMIP7,-0.1500600173858282
SPMIP8,-0.0623923269911661
SPMIP9,-0.0023710741941158
SPN,-0.0397426536710726
SPNS1,0.2593360780811041
SPNS2,-0.0066653912581728
SPNS3,0.0414534274747716
SPO11,-0.067131519327035
SPOCD1,0.1192830114564063
SPOCK1,0.0178129313436391
SPOCK2,-0.0153694002989075
SPOCK3,-0.1504293708194422
SPON1,0.1759532236762356
SPOP,0.1093748573523088
SPOPL,0.1495881517922797
SPOUT1,1.538242736641904
SPP1,-0.05060529004074
SPP2,-0.1232055917556422
SPPL2A,-0.086545855255548
SPPL2B,-0.0805133148898439
SPPL2C,0.2594965341365718
SPPL3,-0.0997759452177091
SPR,0.0827884966880035
SPRED1,-0.1071679881587111
SPRED2,-0.0571234855115472
SPRED3,-0.033146097190886
SPRING1,0.4339314892969788
SPRN,0.1757558972738167
SPRR1A,0.2039540261725733
SPRR1B,0.4915972255502246
SPRR2D,-0.002872441558852
SPRR2F,0.1868362806880016
SPRR2G,0.5533435155270087
SPRR3,-0.0386062547376162
SPRR4,-0.0238150014852426
SPRTN,0.9236428209384
SPRY1,0.0869711421516702
SPRY2,-0.0728042852824165
SPRY3,-0.1595597724306155
SPRY4,-0.0089183983851094
SPRYD3,0.0818139616348975
SPRYD4,0.4573313565710963
SPRYD7,-0.1897664656505984
SPSB1,0.0789790294131278
SPSB2,0.103745795559899
SPSB3,0.0810519103605288
SPSB4,-0.0537045340122628
SPTA1,0.0733127956575656
SPTAN1,0.0206857896023929
SPTB,0.0014308526058424
SPTBN1,0.0037088729717213
SPTBN2,-0.0349395648783394
SPTBN4,0.0687455797582724
SPTBN5,-0.0300385693024459
SPTLC1,0.7536884946537656
SPTLC2,0.3558026624457578
SPTLC3,-0.0840538491708423
SPTSSA,0.690561997463214
SPTSSB,-0.0574076867437768
SPTY2D1,-0.2307677912302262
SPX,-0.0860047301233615
SPZ1,0.0348227489081311
SQLE,0.2231286565904819
SQOR,-0.0733228278186106
SQSTM1,0.1878217948567904
SRA1,-0.0557068038198759
SRARP,0.0167773653614503
SRBD1,1.890289478661913
SRC,0.0304655320208844
SRCAP,1.033688754793841
SRCIN1,0.1054781555354467
SRD5A1,0.019021399250271
SRD5A2,-0.2190351474750184
SRD5A3,0.4098707591239955
SREBF1,0.5630086532478416
SREBF2,0.0553211473284954
SREK1,0.2997456206785912
SREK1IP1,0.0715731668272972
SRF,0.8624728181903167
SRFBP1,1.4894374754821968
SRGAP1,0.1768457346379665
SRGAP2,-0.0705156384977479
SRGAP2C,0.0084590461831929
SRGAP3,-0.0851778455701307
SRGN,-0.0131262037008487
SRI,0.2369093668890552
SRL,-0.1154351423195735
SRM,0.2009743934613598
SRMS,-0.1037144670802164
SRP14,1.6637176655903192
SRP19,2.171127731857048
SRP54,2.2230548676254167
SRP68,0.6630640315178358
SRP72,1.2272087728825682
SRP9,1.3013736968829717
SRPK1,0.1792416456919064
SRPK2,0.0655879329274622
SRPK3,-0.0710257910596161
SRPRA,0.9874336181575336
SRPRB,1.1134241095347106
SRPX,-0.1632855178721282
SRPX2,0.0130393473127334
SRR,0.1028999813860151
SRRD,0.1646507262461481
SRRM1,0.7479743020726911
SRRM2,0.5367896633134952
SRRM4,0.0328281589647868
SRRM5,0.0213190256236776
SRRT,1.184999431380526
SRSF1,1.5667524327223303
SRSF10,0.8161978283741629
SRSF11,1.2470210296495163
SRSF12,-0.0393411712657295
SRSF2,2.990568998667129
SRSF3,2.7281671354936914
SRSF4,0.220339948994816
SRSF5,0.1853809342769352
SRSF6,0.6035949030125697
SRSF7,2.489935733700578
SRSF8,-0.0377722546449483
SRSF9,0.2498358122828179
SRXN1,0.1710813409505498
SRY,-0.4009131438476314
SS18,-0.0280816819258433
SS18L1,0.1298372471987674
SS18L2,1.9626591045857067
SSB,1.0757871719065388
SSBP1,1.116406874185357
SSBP2,-0.0323589904263458
SSBP3,0.2982311498867237
SSBP4,0.1516560764409418
SSC4D,-0.0389521542928797
SSC5D,-0.0769209920765088
SSH1,0.1579335656992472
SSH2,0.2697766760222929
SSH3,-0.1404037243417306
SSMEM1,-0.07408073918643
SSNA1,-0.0506583348157428
SSPN,0.0367169386360458
SSR1,-0.0472725920647979
SSR2,-0.1101417786307625
SSR3,-0.0534262909121432
SSR4,0.0342237759332947
SSRP1,1.3337947004796968
SST,-0.2371138418408958
SSTR1,0.0472043340210528
SSTR2,0.0146981985132929
SSTR3,0.0544009731474582
SSTR4,-0.0954059116754774
SSTR5,-0.006806544976286
SSU72,1.22516382326735
SSUH2,-0.0214828800358589
SSX1,0.2004393118819556
SSX2IP,-0.0648763823498373
SSX3,0.1899483461120471
SSX5,0.2821530690711534
SSX7,0.0601121134455145
ST13,-0.0228231270430507
ST14,-0.0438183127013288
ST18,0.0701480216757699
ST3GAL1,0.2188971776542169
ST3GAL2,-0.0013301133220871
ST3GAL3,-0.0027787815493186
ST3GAL4,-0.1227446704702704
ST3GAL5,0.078991125235583
ST3GAL6,0.0315388710281878
ST6GAL1,-0.1815663658332459
ST6GAL2,0.141369362751214
ST6GALNAC1,0.1774808667036419
ST6GALNAC2,0.1709374086561655
ST6GALNAC3,-0.0031631815639198
ST6GALNAC4,0.0006788170047516
ST6GALNAC5,0.0824173335167423
ST6GALNAC6,-0.1192844295827309
ST7,0.1305248420249191
ST7L,0.1390890009571039
ST8SIA1,0.0285048247523059
ST8SIA2,-0.1565702856626338
ST8SIA3,-0.0477369337961353
ST8SIA4,0.0399182591263912
ST8SIA5,0.0195816512331526
ST8SIA6,0.0177341942520549
STAB1,0.0295012186561941
STAB2,0.0049380912723152
STAC,-0.0952327228674776
STAC2,-0.0600340159536813
STAC3,0.2098101017211463
STAG1,0.3318084599911236
STAG2,0.190925493177808
STAG3,-0.0268280041170882
STAM,-0.0987984335292344
STAM2,-0.0132499769302911
STAMBP,0.2628175106318944
STAMBPL1,-0.0585355841813197
STAP1,-0.2235661496897371
STAP2,-0.1139326156594349
STAR,0.1007717325902864
STARD10,0.0053771756632298
STARD13,-0.0755227801165839
STARD3,0.0692898147980863
STARD3NL,0.0009972594856342
STARD4,0.0542374559339324
STARD5,-0.133604616804807
STARD6,0.0123690956014682
STARD7,0.8144203401870135
STARD8,0.1817634453264119
STARD9,0.1665919204380344
STAT1,-0.0736028600764995
STAT2,0.1298167295543973
STAT3,0.1109908432520863
STAT4,-0.0426807641090884
STAT5A,0.3387751191833134
STAT5B,0.1313281603850808
STAT6,0.078662037066686
STATH,-0.1308046943851868
STAU1,-0.0026046968293731
STAU2,0.0343798227346891
STBD1,0.0289971251126174
STC1,-0.1187221930501162
STC2,0.017770267629349
STEAP1,-0.184809025977297
STEAP1B,-0.0412478064295693
STEAP2,0.2546440252175156
STEAP3,0.1132703967359713
STEAP4,-0.2365390254591978
STEEP1,0.7154047506433894
STH,0.1952033658298778
STIL,0.5617906591002905
STIM1,-0.0024269122648767
STIM2,0.060169472480194
STIMATE,-0.0288630646104019
STING1,-0.0707660733274889
STIP1,0.3037655956543714
STK10,-0.0780803058682011
STK11,-0.1575320620569791
STK11IP,-0.1416724278956188
STK16,-0.020972049227973
STK17A,0.0886197751466532
STK17B,0.124859844638005
STK24,0.0804226647231464
STK25,-0.0299948399846873
STK26,-0.085883039142154
STK3,0.2326251589567066
STK31,-0.0017380757475684
STK32A,-0.1134115158164341
STK32B,-0.0808686257618535
STK32C,-0.0270442108757141
STK33,-0.107938319953354
STK35,0.1332076721910883
STK36,0.103155518596559
STK38,-0.03661558722241
STK38L,-0.0714091367563213
STK39,0.1144846146411052
STK4,-0.0088001470991174
STK40,-0.0495318712144795
STKLD1,0.1300386021047863
STMN1,-0.0363501328806031
STMN2,0.1245099570586602
STMN3,0.1180053141753185
STMN4,-0.1151933417636912
STMND1,-0.0929549054727504
STMP1,0.1317196362768267
STN1,0.25836705188808
STOM,0.1145280700853114
STOML1,0.0672173722664813
STOML2,0.3655317006654776
STOML3,-0.2538897945195
STON1,-0.1507729754830222
STON2,-0.2122290576577289
STOX1,0.0664698321501855
STOX2,-0.2635410749406434
STPG1,0.1153098162258722
STPG2,0.188828502363029
STPG3,-0.1076159953490279
STPG4,-0.1161127480235132
STRA6,0.0386162391751102
STRA8,0.0752898497492773
STRADA,-0.0165335685198796
STRADB,0.1378317071207494
STRAP,0.2065040439514645
STRBP,0.1010680731769807
STRC,0.2151659669231711
STRIP1,0.1753397508653705
STRIP2,0.0036690290396146
STRIT1,-0.20157086722713
STRN,0.0758808962403516
STRN3,0.2343094159084936
STRN4,0.0862902898228375
STS,-0.0208711783330874
STT3A,0.0156535167711007
STT3B,0.0355990451818455
STUB1,0.2705816300762855
STUM,0.045237016185128
STX10,0.0715006386907788
STX11,-0.1029691697057634
STX12,0.1903236725278533
STX16,-0.0392903569352891
STX17,-0.1344199042992567
STX18,1.2396812061421278
STX19,-0.1642178283127197
STX1A,-0.0526025839813352
STX1B,0.1499481997598326
STX2,-0.0072690600142941
STX3,-0.0463491500046878
STX4,0.0001361341404816
STX5,1.614638205342033
STX6,-0.0324548678959986
STX7,-0.1479717502756818
STX8,0.0487544102403958
STXBP1,0.0078710337494014
STXBP2,0.0034382771240922
STXBP3,-0.0483900581708707
STXBP4,-0.0126633258961651
STXBP5,-0.0553034898163149
STXBP5L,0.13271278438507
STXBP6,-0.0741141462577453
STYK1,-0.1212707704636619
STYX,0.0095676938116122
STYXL1,-0.181276914730284
STYXL2,0.0669355866414999
SUB1,0.1265890279879835
SUCLA2,0.1953451917092581
SUCLG1,0.1947334107866157
SUCLG2,0.008774888942578
SUCNR1,-0.0330391239820486
SUCO,0.128471734307544
SUDS3,0.4818991656710326
SUFU,0.0443568480714577
SUGCT,0.0067438692923293
SUGP1,0.8776798898069139
SUGP2,0.2029414272846161
SUGT1,0.6101890113255667
SULF1,0.0131595424017397
SULF2,-0.0148026149543664
SULT1A1,0.1783224961612571
SULT1A2,-0.1073235622174407
SULT1B1,0.0411530035638114
SULT1C2,-0.0075906823917316
SULT1C3,0.0328612205009559
SULT1C4,-0.0358260763349977
SULT1E1,0.0136091918986824
SULT2A1,-0.0006294107893427
SULT2B1,0.1491151420442185
SULT4A1,0.0347999897019622
SULT6B1,0.2096509839752369
SUMF1,-0.1191980149306557
SUMF2,-0.0008556930131509
SUMO1,0.1299089861983697
SUMO2,0.6648200383641307
SUMO3,-0.1502619597804736
SUMO4,0.0257528652721858
SUN1,0.0081666331949098
SUN2,0.0582989954103958
SUN3,-0.1102585210354937
SUN5,0.1058543614884208
SUOX,0.2259918874815459
SUPT16H,1.5620551120309798
SUPT20H,0.0244551377517439
SUPT20HL1,-0.2659394040902886
SUPT20HL2,-0.0200877568288202
SUPT3H,0.6955807223399875
SUPT4H1,0.6807773510742068
SUPT5H,1.8965313227017264
SUPT6H,2.212324716114345
SUPT7L,0.5150933747113875
SUPV3L1,1.6003067960989088
SURF1,0.0543555040973307
SURF2,-0.0233966789653039
SURF4,0.0704748951912308
SURF6,0.8847337251398308
SUSD1,0.0136584402629112
SUSD2,0.097418501471554
SUSD3,-0.1396348805772072
SUSD4,0.0348774660271438
SUSD5,0.0729427048174308
SUSD6,-0.1075511536549856
SUV39H1,0.0186271679884402
SUV39H2,0.1174862316167912
SUZ12,0.4980166313732183
SV2A,0.2250889912930481
SV2B,-0.1699230246434487
SV2C,-0.005175504362493
SVBP,0.1039463880256778
SVEP1,0.0815975924655253
SVIL,-0.0758922628427764
SVIP,0.1531836824919147
SVOP,-0.0381994134471715
SVOPL,0.1091026025407754
SWAP70,-0.1782601939721745
SWI5,0.3146793039381527
SWSAP1,0.1308456272750216
SWT1,-0.0058559544641793
SYAP1,-0.0836948815787947
SYBU,-0.0603955938841561
SYCE1,-0.0604459683702358
SYCE1L,-0.0261228056628706
SYCE2,0.0740578142186014
SYCE3,-0.0460487009720097
SYCN,-0.0685171033509362
SYCP1,0.0250209384886738
SYCP2,-0.022332719149528
SYCP2L,-0.1603965807401379
SYCP3,0.0854552290146376
SYDE1,0.0520759263250137
SYDE2,0.0284444285938131
SYF2,1.3577331404712507
SYK,-0.0579653373243855
SYMPK,1.1913246747004196
SYN1,-0.0842416711706383
SYN2,0.025434172228633
SYN3,-0.0525389706910696
SYNC,-0.019444902800755
SYNCRIP,0.3734889390598064
SYNDIG1,-0.1613257649077259
SYNDIG1L,0.0579570388086874
SYNE1,0.0509671253534801
SYNE2,-0.0070334367103273
SYNE3,-0.1511913020645579
SYNE4,0.1707817546574717
SYNGAP1,0.0516235074382445
SYNGR1,0.105129108947523
SYNGR2,0.1786446104661414
SYNGR3,0.0194189672072662
SYNGR4,0.0599614483587164
SYNJ1,-0.1485155394766403
SYNJ2,-0.3170912560080671
SYNJ2BP,0.062017262954869
SYNM,0.0807587086739105
SYNPO,-0.1481372293645769
SYNPO2,-0.0642736077564195
SYNPO2L,0.2878443463114252
SYNPR,0.0495497599918375
SYNRG,0.0895552728649497
SYP,0.0061936180710705
SYPL1,0.047356100248084
SYPL2,0.1841265468655908
SYS1,2.5898119849172754
SYT1,-0.1353747571475076
SYT10,-0.1030738606956019
SYT11,0.1510122033213385
SYT12,0.0956066598153401
SYT13,0.0105461071324299
SYT14,-0.1379181084781316
SYT15,-0.2404215603302626
SYT16,-0.0563097313954393
SYT17,0.0146481154818625
SYT2,0.1984544391486602
SYT3,0.0809712593712524
SYT4,-0.2206947594470198
SYT5,0.0937384342285385
SYT6,-0.0176833382302262
SYT7,0.037549328159875
SYT8,-0.0593692969972696
SYT9,-0.0841293326674547
SYTL1,0.0736884898166786
SYTL2,-0.0374658039420907
SYTL3,-0.030423155258851
SYTL4,-0.0679605273100826
SYTL5,-0.0886572636049138
SYVN1,0.1905456141580321
SZRD1,0.1738867797092535
SZT2,0.0324868263224421
TAAR1,-0.1834123841165965
TAAR2,0.0285545232900831
TAAR5,0.0633365007800951
TAAR6,-0.1204230361563087
TAAR8,-0.1895526846042023
TAAR9,0.0493974289155529
TAB1,-0.0284694552412299
TAB2,0.304837097025229
TAB3,-0.0568364908271395
TAC1,-0.1409061570552812
TAC3,0.1352558001148092
TAC4,0.3286242273646317
TACC1,0.1454982753340697
TACC2,-0.0346465933243636
TACC3,0.2902746790154756
TACO1,0.0302613636877483
TACR1,0.2344807047721562
TACR2,0.0164857321133281
TACR3,0.0419949452799559
TACSTD2,0.1656644808395535
TADA1,0.4452517004560182
TADA2A,0.8432219966155083
TADA2B,0.1896864711169898
TADA3,0.7104330593292911
TAF1,1.0220972129789698
TAF10,0.7843816375812364
TAF11,0.3004659859032457
TAF12,0.7174410267518028
TAF13,0.5976387132774865
TAF15,0.0908000391839262
TAF1A,1.1878902622636325
TAF1B,1.046622605555303
TAF1C,2.10359361413368
TAF1D,0.7933242301219785
TAF1L,-0.1176174713656317
TAF2,0.9004730481453165
TAF3,0.2548692565650261
TAF4,0.3910996152594396
TAF4B,0.0338449741985381
TAF5,1.1904109048014868
TAF5L,0.2414024634417484
TAF6,2.134435429492608
TAF6L,0.4566464816426864
TAF7,1.4018091194277873
TAF7L,0.1298164821610313
TAF8,1.2686127257204711
TAF9,0.1308961534584833
TAF9B,0.198679262181118
TAFA1,-0.1859890983762624
TAFA2,0.0586470273091496
TAFA3,0.021364779419833
TAFA4,-0.1529277821028664
TAFA5,-0.1326796960304305
TAFAZZIN,1.1719845782902265
TAGAP,-0.1847622250675801
TAGLN,-0.0340343488141345
TAGLN2,0.0792533679843944
TAGLN3,0.1479613015484751
TAL1,0.1864435789003188
TAL2,0.1125558927433726
TALDO1,-0.0194357517018776
TAMALIN,0.1374625692667214
TAMM41,1.5527463715148075
TANC1,0.0084866281804667
TANC2,0.0817840134772011
TANGO2,0.1487322547545014
TANGO6,1.917450763353686
TANK,-0.0256030897252748
TAOK1,0.179655665524051
TAOK2,0.1032127645096369
TAOK3,0.0544455016424345
TAP1,0.1377717761059647
TAP2,-0.1258795977960915
TAPBP,0.1609255167286821
TAPBPL,0.0123079803856297
TAPT1,0.1854676684387582
TARBP1,0.0241792647183417
TARBP2,0.1436142048861929
TARDBP,1.2658614783383155
TARM1,-0.0949974924510316
TARS1,2.456150144796476
TARS2,1.1665703598925476
TARS3,-0.0243651942654951
TAS1R1,-0.0225601560441387
TAS1R2,0.0863537559242211
TAS1R3,0.057371260987247
TAS2R1,-0.098121413765222
TAS2R10,0.1643638629930583
TAS2R13,-0.0369622572230747
TAS2R14,-0.0792884984660518
TAS2R16,-0.0665510784989548
TAS2R19,-0.0874334702984769
TAS2R20,0.0158566060088212
TAS2R3,-0.0664664591463966
TAS2R30,-0.0499221732035645
TAS2R31,-0.0548671806190455
TAS2R38,0.0769443521541291
TAS2R39,-0.034375409565276
TAS2R4,0.1435058985178573
TAS2R40,-0.0798835694485771
TAS2R41,0.021567272543059
TAS2R42,-0.2673221278722009
TAS2R43,-0.0085064957446014
TAS2R46,0.1520262387669205
TAS2R5,-0.0349722543602289
TAS2R50,-0.0872982499341209
TAS2R60,-0.0820861430731407
TAS2R7,-0.0981840245175342
TAS2R8,-0.1007610944579967
TAS2R9,-0.1487576610887095
TASL,-0.2946664358076382
TASOR,-0.0207264098717879
TASOR2,0.0595542431812057
TASP1,0.2589700929243994
TAT,-0.0016308615245566
TATDN1,-0.0577470941226336
TATDN2,0.049669247009011
TATDN3,0.0752642024793809
TAX1BP1,0.1765092490498011
TAX1BP3,0.1336353423893526
TBATA,-0.0551634502023364
TBC1D1,0.0346492177938707
TBC1D10A,0.1091606485757488
TBC1D10B,0.1262622116452688
TBC1D10C,0.1897805743286895
TBC1D12,-0.1171454255685724
TBC1D13,-0.0928412146507617
TBC1D14,-0.095322355110239
TBC1D15,-0.0304664233423621
TBC1D16,0.1259050957774536
TBC1D17,-0.019353864429838
TBC1D19,-0.2767681972456493
TBC1D2,-0.0434295334533007
TBC1D20,0.1384153648349331
TBC1D21,-0.008637331750301
TBC1D22A,-0.0313037197058363
TBC1D22B,0.0948010394445847
TBC1D23,-0.0887491842537386
TBC1D24,0.0649207420271731
TBC1D25,0.0155691174702294
TBC1D26,-0.0818407959463831
TBC1D28,0.2129746050656668
TBC1D2B,0.096885245333003
TBC1D30,0.0633329391187275
TBC1D31,-0.0333397698441877
TBC1D32,-0.0799868842696543
TBC1D3E,-0.0332858769501282
TBC1D4,-0.0825096574981608
TBC1D5,0.106727330961795
TBC1D7,-0.0726538907998234
TBC1D8,0.0984980736033988
TBC1D8B,-0.0270415892450622
TBC1D9,-0.0935521233403646
TBC1D9B,0.2008575624237753
TBCA,2.485247176402688
TBCB,2.3970508802525714
TBCC,1.211192222661062
TBCCD1,-0.0633804620202581
TBCD,1.7448582027019135
TBCE,0.778109401601914
TBCEL,-0.0275167876934427
TBCK,-0.0038914351248909
TBK1,-0.0974813655377909
TBKBP1,0.2094665691461398
TBL1X,-0.1288295637743444
TBL1XR1,0.5946073508281583
TBL1Y,-0.569342353498936
TBL2,-0.0715896538547391
TBL3,1.2259755242722512
TBP,1.0505514946230012
TBPL1,-0.123720848373901
TBR1,-0.1074037654520149
TBRG1,-0.0582035160892872
TBRG4,0.1336105669578328
TBX1,0.2042029182447123
TBX10,0.1282008061477753
TBX15,0.1341714120423729
TBX18,0.235679915485487
TBX19,-0.009157198596488
TBX2,0.2227625164774792
TBX20,-0.0398390911095835
TBX21,0.197122155406422
TBX22,-0.0167341915207566
TBX3,0.127624923868421
TBX4,-0.0116640762799277
TBX5,0.0095390317468003
TBX6,0.0952715825330534
TBXA2R,-0.0395018897815887
TBXAS1,0.0155810996935527
TBXT,-0.1030434328992866
TC2N,-0.0946274678980366
TCAF1,0.1038849119663899
TCAF2,-0.0744304364308076
TCAIM,-0.0465094960047034
TCAP,0.1034671135090502
TCEA1,0.2150613669911204
TCEA2,-0.0084113811653117
TCEA3,0.0205688848408341
TCEAL1,0.1669184628064888
TCEAL2,0.0093442656398739
TCEAL3,0.1545650109839536
TCEAL4,0.0692386221698178
TCEAL5,0.0135009173960223
TCEAL7,-0.0704985397080706
TCEAL8,-0.0026448818901716
TCEAL9,0.1195682825509036
TCEANC,-0.1059139849892079
TCEANC2,0.0589521787142196
TCERG1,0.6810106059185078
TCERG1L,0.0341696420711569
TCF12,0.0835795115594029
TCF15,-0.1562845775511458
TCF19,0.1329123965438947
TCF20,-0.0385282647133878
TCF21,0.0010778306242664
TCF23,-0.0754180255636408
TCF24,-0.0681125474221932
TCF25,0.065601216516701
TCF3,-0.0235020720613139
TCF4,-0.05774445416581
TCF7,0.0104243393641049
TCF7L1,0.1227222292940877
TCF7L2,0.1213906979482866
TCFL5,0.1943439372910861
TCHH,0.1751863556864707
TCHHL1,0.0898767516438214
TCHP,0.1758414800297665
TCIM,0.0766800017348297
TCIRG1,0.0127520231403913
TCL1A,-0.0913501453317918
TCL1B,-0.0198259200892905
TCN1,0.0505434988051094
TCN2,0.0067338037006206
TCOF1,0.5928952235325768
TCP1,2.111485306882372
TCP10L,-0.0525825513693789
TCP11,-0.0400376077386358
TCP11L1,-0.0178912633567408
TCP11L2,-0.1985358269511796
TCTA,0.0523283249025924
TCTE1,-0.0495159580157528
TCTN1,0.1597964028859676
TCTN2,0.0734447763495795
TCTN3,0.1278439179106476
TDG,0.2180349737536431
TDO2,-0.1112527721254065
TDP1,-0.0316636871883676
TDP2,0.3195988850544644
TDRD1,-0.0851746454154519
TDRD10,0.1081477486468606
TDRD12,0.031632309255038
TDRD15,-0.0138185840428819
TDRD3,-0.0341507154693991
TDRD5,0.1114918844568405
TDRD6,-0.0382424410162861
TDRD7,-0.0344576129304785
TDRD9,-0.1084800301754929
TDRKH,0.037007085507417
TDRP,-0.1976947639644345
TEAD1,0.2361779733867768
TEAD2,0.020496406650715
TEAD3,0.2869265835975462
TEAD4,0.3483956404235301
TEC,-0.023706137048975
TECPR1,0.0490895903411057
TECPR2,0.0440052176946767
TECR,0.2795707870234705
TECRL,-0.0375028126189833
TECTA,-0.1638614040862098
TECTB,-0.0174511988152394
TEDC1,0.2734601784316038
TEDC2,0.2581042284262962
TEDDM1,0.0369489713284744
TEF,0.1758477466638088
TEFM,0.9270871544609138
TEK,-0.0289110856007564
TEKT1,0.0377960763033443
TEKT2,0.234263965777674
TEKT3,0.0469307917978492
TEKT4,0.2833889671387964
TEKT5,-0.012110297746853
TEKTIP1,-0.0694151552637691
TEKTL1,0.0208766576150875
TELO2,1.1548933869738771
TEN1,0.4966945834501022
TENM1,-0.0446740776593002
TENM2,0.1862278227418948
TENM3,0.034694013788912
TENM4,0.0345612429256814
TENT2,-0.0572869119618757
TENT4A,-0.0993455067300403
TENT4B,0.173953095087529
TENT5A,-0.0153552290272823
TENT5B,0.0029804600920395
TENT5C,-0.1204444330661687
TENT5D,-0.1119029559156899
TEP1,-0.020820075224145
TEPSIN,0.1780020115743174
TERB2,0.1042298089741409
TERF1,0.2018073744660897
TERF2,1.0103003167567026
TERF2IP,0.2778707988937197
TERT,-0.0076152833127652
TES,-0.0390685310710049
TESC,-0.1599842529808989
TESK1,0.3541279590444119
TESK2,0.0436786210825832
TESMIN,0.0540860070924825
TESPA1,0.0081851687455471
TET1,-0.0353158484412865
TET2,-0.0985455084673093
TET3,0.0917209330739043
TEX10,0.9131088718761614
TEX101,0.1549665987819951
TEX11,-0.0203965946724566
TEX12,-0.0646450273338791
TEX13A,-0.5078988695990393
TEX13B,-0.0307717335834325
TEX13C,-0.074247927504473
TEX13D,-0.1031245589964314
TEX14,0.1179515492481241
TEX15,-0.0863131792057926
TEX19,-0.0482643161334569
TEX2,0.1547613048884048
TEX22,0.0372247577931115
TEX26,-0.0606533037581926
TEX261,0.0363240396410613
TEX264,-0.0125640670543741
TEX28,-0.1425802929510783
TEX29,0.1456018157125087
TEX30,-0.0802088579569339
TEX35,-0.074947053105136
TEX36,-0.1146258121551717
TEX38,0.0218356156670744
TEX44,0.046494061800391
TEX46,-0.0084697175204073
TEX47,-0.0019335129428574
TEX48,0.0906349227736029
TEX50,0.0041085960994949
TEX51,-0.0991770774340653
TEX52,-0.0098144784195001
TEX53,-0.1241238217329122
TEX55,-0.0261588658957976
TEX9,-0.0684045103020627
TF,0.0498123310432149
TFAM,1.08004655258185
TFAP2A,0.0614708996975722
TFAP2B,-0.0398138387487076
TFAP2C,0.2546146989535984
TFAP2D,0.2092522424597275
TFAP2E,0.0085047431830646
TFAP4,0.2940600303480662
TFB1M,0.4289678545243509
TFB2M,1.257371362385682
TFCP2,-0.0388572686712177
TFCP2L1,0.0252004294002204
TFDP1,1.278818016261916
TFDP2,0.158869205850904
TFDP3,0.075710755086011
TFE3,0.1358432909332208
TFEB,-0.0492351584824947
TFEC,-0.0965229815006016
TFF1,-0.1456191710104953
TFF2,-0.0974746615115506
TFF3,0.1013991610931519
TFG,-0.0960610976745627
TFIP11,1.2197728937960108
TFPI,-0.0904234638692094
TFPI2,0.1411575559779498
TFPT,0.395051929402347
TFR2,-0.1101366561132611
TFRC,0.7364971325229578
TG,-0.0910853725934014
TGDS,0.0678156748796973
TGFA,-0.0542370650647086
TGFB1,0.0795790912436848
TGFB1I1,0.0146310753907441
TGFB2,-0.0677966280060116
TGFB3,-0.031076311987286
TGFBI,-0.0636241612410545
TGFBR1,0.0773922121121791
TGFBR2,-0.0858329013035598
TGFBR3,-0.083233101063337
TGFBR3L,0.1745970394717009
TGFBRAP1,0.2491805509415806
TGIF1,0.3009470919177051
TGIF2,0.0707900107858692
TGIF2LX,-0.0894911881205305
TGM1,0.0493762861710376
TGM2,-0.1493239519684884
TGM3,-0.0425550188281755
TGM4,-0.0338305119741822
TGM5,-0.0274467378184054
TGM6,0.0526585906805729
TGM7,0.0303485147892237
TGOLN2,0.1866805300808736
TGS1,0.8312265455847104
TH,0.0465877366783292
THADA,0.0181233863932413
THAP1,1.9249279306475509
THAP10,0.0209140742124196
THAP11,0.5580681367864434
THAP12,0.6075929765565702
THAP2,-0.0084562229705619
THAP3,0.1683636838176535
THAP4,-0.1099543680397509
THAP5,0.0530746141131842
THAP6,0.239158309309586
THAP7,0.3124075274686033
THAP8,-0.0302946248337522
THAP9,-0.1175160088967275
THBD,0.130967479926306
THBS1,0.0442717042465565
THBS2,-0.144009128374004
THBS3,0.0953986983095531
THBS4,-0.0106673436884075
THEM4,0.1170014020278924
THEM5,0.1916426895148959
THEM6,0.1448095551681531
THEMIS,-0.1158266020006326
THEMIS2,0.1250388031202016
THG1L,1.1794920817073018
THNSL1,-0.2372452276029564
THNSL2,0.0771310011461221
THOC1,1.3020083076399775
THOC2,1.4044032361119645
THOC3,2.318633348564166
THOC5,1.2648046139900335
THOC6,0.4160098095431471
THOC7,1.2729779480738157
THOP1,0.1159951423088021
THPO,-0.0436118732320358
THRA,0.0322275963832517
THRAP3,0.1367356819829653
THRB,-0.0512215394384936
THRSP,0.0885350465772064
THSD1,-0.1529064258389728
THSD4,-0.1405935675698031
THSD7A,-0.0546267650800728
THSD7B,0.155384766918035
THTPA,0.1723776974232864
THUMPD1,0.2018565779673846
THUMPD2,0.1309150763495178
THUMPD3,-0.1865224302932518
THY1,-0.0442744371937789
THYN1,-0.1444332237845143
TIA1,-0.1394026554540616
TIAL1,-0.2587695551342421
TIAM1,0.1390230503307376
TIAM2,-0.1101788334807616
TICAM1,0.0043462873275737
TICAM2,0.1437540568984035
TICRR,1.4336763779265138
TIE1,0.2322866785069273
TIFA,-0.08981285936114
TIFAB,-0.0448506304971024
TIGAR,-0.0853058674207761
TIGD1,0.3420576186034869
TIGD2,0.0290086662922887
TIGD3,0.0570578530655233
TIGD4,0.0240736197145794
TIGD5,0.1152725997883254
TIGD6,-0.0138735713360988
TIGD7,0.0114629653450065
TIGIT,0.1198828749053092
TIMD4,-0.044138212896353
TIMELESS,1.8908099257900568
TIMM10,2.922313324165697
TIMM10B,-0.0724694440833545
TIMM13,1.3819417257853517
TIMM17A,0.3186858652232028
TIMM17B,0.0379677050392135
TIMM21,-0.1145558822343175
TIMM22,0.723185421494426
TIMM23,0.9303653560910806
TIMM23B,0.2488807344417619
TIMM29,1.1102904860508462
TIMM44,1.0512983428369571
TIMM50,0.6274972570047753
TIMM8A,0.4902610992854452
TIMM8B,0.1764621658474335
TIMM9,1.244636028014919
TIMMDC1,0.3787266295416108
TIMP1,-0.0291876549146406
TIMP2,-0.1622741870129769
TIMP3,-0.0749833510129707
TIMP4,-0.1973701248192918
TINAG,0.0035647666958645
TINAGL1,0.0236334352811581
TINF2,1.0442993705538917
TIPARP,0.2318334099418207
TIPIN,1.014375576593775
TIPRL,0.4232724051096529
TIRAP,-0.1068430611182593
TJAP1,0.0164373104165495
TJP1,0.0046167235831764
TJP2,0.1297169233149009
TJP3,0.3228502804960489
TK1,0.1803745920478908
TK2,0.21140111390365
TKFC,0.1607734147485168
TKT,0.85624942565521
TKTL1,0.0319413090359507
TKTL2,-0.1541289588724295
TLCD1,0.3112816141545516
TLCD2,-0.0423653748301312
TLCD3A,-0.0353110249566087
TLCD3B,0.2901303798774547
TLCD4,0.2623652713984531
TLCD5,-0.0236490088507837
TLDC2,-0.0814972026418517
TLE1,0.0109614940954866
TLE2,-0.0307562659521519
TLE3,0.1223573597768911
TLE4,-0.0967450198522983
TLE5,0.1369185298602403
TLE6,0.0612063687611218
TLE7,-0.1472305110527209
TLK1,0.0981442862650171
TLK2,0.8227635026231291
TLL1,-0.086056219049431
TLL2,0.0911270912233155
TLN1,0.4606931299103475
TLN2,0.0721443260556519
TLNRD1,0.0080977028777684
TLR1,-0.143734575880626
TLR10,-0.1790258704308749
TLR2,-0.0396362889279885
TLR3,-0.1413625597346078
TLR4,-0.1377709949903014
TLR5,-0.0955024354806301
TLR6,-0.0508173716702691
TLR7,-0.1309420777630692
TLR8,-0.0800415122928956
TLR9,0.0981167498350828
TLX1,0.0029589942671284
TLX2,0.0400680039398064
TLX3,0.1609280781875424
TM2D1,-0.1567070845721017
TM2D2,-0.1719077883231752
TM2D3,-0.0675829523114432
TM4SF1,0.0337056930806203
TM4SF18,0.0193663738913778
TM4SF19,-0.1486033153538826
TM4SF20,-0.0762175739543259
TM4SF4,0.1916055663829687
TM4SF5,-0.1951711033272615
TM6SF1,0.0809429984756328
TM6SF2,0.1958597601781722
TM7SF2,0.2485887550790639
TM7SF3,-0.1019624835176186
TM9SF1,0.0659100981109127
TM9SF2,0.2902159220673149
TM9SF3,0.1995294145982477
TM9SF4,0.178827047691344
TMA16,1.2860756164047824
TMA7,0.1353231706519676
TMBIM1,0.096409518206087
TMBIM4,0.1228931811565153
TMBIM6,0.0164909720456555
TMC1,-0.0589782251761525
TMC2,0.0576804695728512
TMC3,-0.0995607641206748
TMC4,0.0587006528413376
TMC5,-0.0275181059745908
TMC6,0.1315436861623184
TMC7,0.0560541344195099
TMC8,-0.0961988198684678
TMCC1,0.0881856130093591
TMCC2,-0.1147357328657664
TMCC3,0.119304827919065
TMCO1,-0.318840177771053
TMCO2,-0.1747537663488819
TMCO3,0.2364218874015803
TMCO4,0.1931720994279027
TMCO5A,0.0070376004951801
TMCO6,0.3135550508862015
TMED1,0.164290420008316
TMED10,0.1609612472906649
TMED2,0.5868664480374174
TMED3,0.0580545187743661
TMED4,0.0745624311350811
TMED5,0.3666418216116255
TMED6,0.1605293457196494
TMED7,0.144118929897778
TMED8,0.0402960272075114
TMED9,0.2034727517693573
TMEFF1,-0.052389702235655
TMEFF2,0.0124504855322685
TMEM100,-0.0770175317338669
TMEM101,0.1835939064451084
TMEM102,0.1023289935397436
TMEM104,0.1785058117840149
TMEM106A,0.079280130347241
TMEM106B,0.0400041349335574
TMEM106C,-0.0070999800307491
TMEM107,0.0348302446761994
TMEM108,0.0043032422354593
TMEM109,0.0403869379547998
TMEM11,0.3445583715893491
TMEM114,0.0405893280552757
TMEM115,0.0930424316904012
TMEM116,0.0531918933979077
TMEM117,0.0709025689142478
TMEM119,0.0511345093864958
TMEM120A,-0.3476378605029091
TMEM120B,0.0082799913173413
TMEM121,0.0698917714715699
TMEM121B,0.1622879188291053
TMEM123,-0.0336657652167561
TMEM125,-0.0189002713896453
TMEM126A,0.155645487852664
TMEM126B,0.1793459265205613
TMEM127,0.3449147633896778
TMEM128,-0.0324108958484893
TMEM129,0.0062066779725292
TMEM130,0.0307357465042277
TMEM131,0.045376610499812
TMEM131L,-0.1324298639344059
TMEM132A,-0.0380204463048401
TMEM132B,0.0695009354582505
TMEM132C,0.1136573380268132
TMEM132D,0.0110362209150933
TMEM132E,-0.0415525160252759
TMEM134,0.0782472223319355
TMEM135,0.0041655452871346
TMEM138,-0.0558437989015375
TMEM139,-0.0781203891693393
TMEM140,0.0050573832069207
TMEM141,0.0402831921562215
TMEM143,0.2046044019429274
TMEM144,-0.2353116320384553
TMEM145,-0.0674484718920831
TMEM147,0.0320049134825279
TMEM14A,-0.1050028759566581
TMEM14B,0.0145482232698915
TMEM14C,-0.0495843310156104
TMEM150A,-0.0886385623456156
TMEM150B,-0.0353341720695211
TMEM150C,0.0108801576818258
TMEM151A,-0.0747505230896783
TMEM151B,0.0548361162043074
TMEM154,0.0476795775568329
TMEM156,-0.0878259809859558
TMEM158,-0.1716584289417449
TMEM160,0.1119859820548966
TMEM161A,0.0543969940732771
TMEM161B,0.1100569336443872
TMEM163,0.0542176484912556
TMEM164,0.0105261548164822
TMEM165,0.2772610394917428
TMEM167A,0.4177968942077959
TMEM167B,0.003745575642378
TMEM168,-0.1579399456518408
TMEM169,0.0083530975891479
TMEM17,0.0169530907319069
TMEM170A,0.0200554462313129
TMEM170B,-0.0506118329581778
TMEM171,-0.1069458520272907
TMEM174,0.1751962795737772
TMEM175,0.0006203971023732
TMEM176A,0.0150227867614995
TMEM176B,0.1199100477109117
TMEM177,0.2217674399654102
TMEM178A,0.0631410096898351
TMEM178B,-0.0063190095751043
TMEM179,-0.106763074898656
TMEM179B,0.0781652026028657
TMEM18,0.0281705965120007
TMEM181,-0.0320411205595943
TMEM182,-0.0748637766345804
TMEM183A,0.4305743776214947
TMEM184A,-0.025112150232213
TMEM184B,0.0931036045435839
TMEM184C,0.0661333577802389
TMEM185A,0.1179879011926674
TMEM185B,0.5408137372476783
TMEM186,0.1347176144097218
TMEM187,0.0331278462201194
TMEM19,0.0692613796379454
TMEM190,-0.0238003936829926
TMEM191B,0.1939947338559242
TMEM191C,-0.0186243461270489
TMEM192,-0.0228580247448263
TMEM196,0.0581855509780998
TMEM198,0.1571832072626859
TMEM200A,-0.0380049475274434
TMEM200B,0.0109334239107237
TMEM200C,-0.0682476595479432
TMEM201,0.1785862838332808
TMEM202,-0.0347724932900007
TMEM203,-0.1578161066131734
TMEM204,0.2224277116139693
TMEM205,0.1526969603374012
TMEM207,-0.1248217018512193
TMEM208,0.0640917962303139
TMEM209,0.0764388598245879
TMEM210,0.0943613555005152
TMEM212,-0.0826493791904229
TMEM213,0.0805151466131589
TMEM214,0.1348109877580137
TMEM215,-0.0011903852518605
TMEM216,0.0180526485037376
TMEM217,-0.0374346961177232
TMEM218,0.0794934116041857
TMEM219,-0.0224763856267875
TMEM220,0.0081599119735917
TMEM221,-0.0622440023636075
TMEM222,0.0006002490657227
TMEM223,0.0257636586431714
TMEM225,-0.0540333483103485
TMEM225B,-0.0527568711800974
TMEM229A,0.0169601866332088
TMEM229B,0.1301404717979657
TMEM230,0.152394014515781
TMEM231,-0.1293566807820851
TMEM232,-0.0673963967364047
TMEM233,-0.0452516329530598
TMEM234,-0.0779589067206847
TMEM235,0.1583547089772741
TMEM236,-0.2049215265225853
TMEM237,-0.0866406710511584
TMEM238,-0.0317132574763731
TMEM239,0.1506377753264767
TMEM240,0.2663703745182046
TMEM241,-0.1904298410589057
TMEM242,0.4212399188660293
TMEM243,0.0674328212055016
TMEM244,-0.1348491536529072
TMEM245,0.0153169322331632
TMEM247,0.0426908817578731
TMEM248,-0.0100958866053446
TMEM249,-0.0393841647604696
TMEM25,-0.0928198266489745
TMEM250,0.1013957839281661
TMEM252,-0.0385139066750273
TMEM253,-0.0470944336182177
TMEM254,0.0450258983181888
TMEM255A,-0.0904713298768649
TMEM255B,-0.0892009947729467
TMEM256,0.0542125225644533
TMEM258,1.0418164158661036
TMEM259,0.0291469049936503
TMEM26,-0.0011295962369241
TMEM260,0.0659500283000619
TMEM262,-0.0304426307488592
TMEM263,-0.0098169932218751
TMEM265,-0.0944230075588796
TMEM266,0.0059786212421018
TMEM267,-0.1744571542838698
TMEM268,-0.0369879534495731
TMEM269,-0.0138950981557114
TMEM270,-0.0019064775425788
TMEM271,-0.4710639101821338
TMEM272,0.044698596364994
TMEM273,0.1024422380245277
TMEM275,-0.2333822953049085
TMEM276,0.3782317381437303
TMEM278,0.1275395099168996
TMEM30A,0.1236471807213893
TMEM30B,0.0053965502014828
TMEM31,-0.0822137522023328
TMEM33,0.0099056621692331
TMEM35A,-0.117190772750735
TMEM35B,0.1063395913497992
TMEM37,-0.1786577375821917
TMEM38A,0.1522341709052181
TMEM38B,0.1094281042102678
TMEM39A,-0.0298269978712569
TMEM39B,0.1663218569665918
TMEM40,0.0888168645991176
TMEM41A,-0.0212421819275357
TMEM41B,0.3279374727012669
TMEM42,-0.0471709853022136
TMEM43,-0.0252920281601753
TMEM44,0.1420946599120117
TMEM45A,-0.144765941122506
TMEM45B,-0.1067042930013272
TMEM47,-0.0540052492112992
TMEM50A,0.0477922981102553
TMEM50B,0.2269073019586107
TMEM51,-0.0993089455883252
TMEM52,0.0928850486539869
TMEM52B,-0.076316364876334
TMEM53,0.1386899506530599
TMEM54,0.0894877204588637
TMEM59,0.0990030697652055
TMEM59L,0.0934299296672881
TMEM60,-0.1577687162769104
TMEM61,-0.0255280314714808
TMEM62,-0.0230743287472558
TMEM63A,0.1050853124971249
TMEM63B,0.0530342838161157
TMEM63C,-0.1336548892495941
TMEM64,0.1511862209980478
TMEM65,-0.1165429039303792
TMEM67,-0.0605280772183792
TMEM68,0.0420579910210861
TMEM69,0.1069551231080131
TMEM70,0.1928013484671243
TMEM71,-0.1249742071242055
TMEM72,-0.0399912072900617
TMEM74,-0.1233339304470548
TMEM74B,-0.0112076888636089
TMEM79,-0.0647051428816837
TMEM80,-0.0202193421386365
TMEM81,-0.0235200984411311
TMEM82,0.2399870187160379
TMEM86A,-0.046203363221982
TMEM86B,0.110822946629446
TMEM87A,0.071724331597951
TMEM87B,0.073446915001277
TMEM88,-0.019049548548832
TMEM89,0.1546318055672084
TMEM8B,-0.0558947316995547
TMEM9,-0.0717783660760495
TMEM91,-0.0946783493258544
TMEM92,0.1259085033016161
TMEM94,-0.183056291591758
TMEM95,-0.0263769530268701
TMEM97,0.3104348597930508
TMEM98,0.0020282947614122
TMEM9B,0.0774000634283673
TMF1,-0.0019032457979606
TMIE,0.0421931878869586
TMIGD1,0.0497589844997868
TMIGD2,0.0037626311043475
TMIGD3,0.0678455264874715
TMLHE,-0.1409827886142776
TMOD1,-0.0709392271936707
TMOD2,0.0029241761418472
TMOD3,0.0641038456600473
TMOD4,0.2917118323980207
TMPO,0.1799990135014843
TMPPE,0.0712892626721782
TMPRSS11A,-0.0341589928326558
TMPRSS11B,-0.1145226216592165
TMPRSS11D,-0.0680752579657875
TMPRSS11E,0.088768247561301
TMPRSS11F,-0.2533577585364585
TMPRSS12,0.0134400442068035
TMPRSS13,0.1005597496592107
TMPRSS15,-0.1890665709826457
TMPRSS2,-0.1059431919437353
TMPRSS3,-0.0027230934535158
TMPRSS4,-0.0614332402371065
TMPRSS5,0.0023819814069211
TMPRSS6,0.0568925327622408
TMPRSS7,0.0369078241805897
TMPRSS9,-0.0089514225043985
TMSB10,0.4606948444647837
TMSB15A,0.033939401071696
TMSB4X,0.1228520622955187
TMSB4Y,-0.364973551324005
TMT1A,0.337594664017409
TMT1B,0.1452757375209011
TMTC1,-0.1180186811218531
TMTC2,0.0130065700050589
TMTC3,0.116626360636554
TMTC4,-0.1144376168885549
TMUB1,-0.1082161425156104
TMUB2,0.1664547231151876
TMX1,0.3077945953547935
TMX2,0.5759338154699086
TMX3,-0.0548561750881658
TMX4,-0.0927044134056782
TNC,0.0641765694618488
TNF,0.1763620942594048
TNFAIP1,0.0308368255351961
TNFAIP2,-0.1451489223038066
TNFAIP3,-0.1200210268126981
TNFAIP6,-0.0663873867842431
TNFAIP8,-0.0484223287189228
TNFAIP8L1,-0.0287052341788114
TNFAIP8L2,0.1664486885260683
TNFAIP8L3,-0.0358579045222409
TNFRSF10A,-0.0797933795779818
TNFRSF10B,-0.0928152455957094
TNFRSF10C,-0.0792314260561615
TNFRSF10D,-0.0195791319297968
TNFRSF11A,-0.1137306832259275
TNFRSF11B,-0.1541039728580903
TNFRSF12A,0.310620342014658
TNFRSF13B,0.0109346018766754
TNFRSF13C,-0.0855185759820476
TNFRSF14,0.0686479708605203
TNFRSF17,0.0410851625999335
TNFRSF18,0.0141691774230853
TNFRSF19,-0.1162921289357672
TNFRSF1A,-0.0102140681808841
TNFRSF1B,-0.005421614001141
TNFRSF21,-0.1278336542086093
TNFRSF25,-0.1364874236472044
TNFRSF4,0.0708360018073647
TNFRSF6B,-0.0147428735822424
TNFRSF8,0.2927443188920856
TNFRSF9,0.0046790192348359
TNFSF10,-0.1939437314048064
TNFSF11,-0.1042899904614208
TNFSF12,0.0272050332556774
TNFSF13,-0.020026165722206
TNFSF13B,0.0205236696529102
TNFSF14,0.1449473401299758
TNFSF15,0.0098753552035409
TNFSF18,-0.1589856543529075
TNFSF4,-0.0683735362371081
TNFSF8,-0.0188085545888024
TNFSF9,0.0882450540998494
TNIK,-0.1128165598604918
TNIP1,-0.0227993638661443
TNIP2,-0.0800276515218861
TNIP3,0.0511146977052913
TNK1,0.0347613205056881
TNK2,-0.1905996922055675
TNKS,0.0522929154338682
TNKS1BP1,0.0192058865504141
TNKS2,0.0860337963551243
TNMD,-0.1482071884343831
TNN,0.0787025453660513
TNNC1,0.0767304342154045
TNNC2,0.0572096074795971
TNNI1,-0.0451611689574461
TNNI2,-0.1002961542913698
TNNI3,0.1201112995010454
TNNI3K,0.1419908094943285
TNNT1,0.0207594445632501
TNNT2,0.3460214378396808
TNNT3,-0.2221672113721522
TNP1,0.0599362581570157
TNP2,-0.0172609579906005
TNPO1,0.503433058127957
TNPO2,-0.0396863743535072
TNPO3,1.7902160442464603
TNR,-0.1801980778622125
TNRC18,0.1196274988659673
TNRC6A,0.111582468448584
TNRC6B,-0.0070594887131346
TNRC6C,0.0023425661121349
TNS1,-0.1380292174972567
TNS2,0.1937175509687409
TNS3,0.1181209768695759
TNS4,-0.0699882840072301
TNXB,0.2233206956586307
TOB1,0.1081039136916565
TOB2,-0.0872074596677102
TOE1,2.064327978814229
TOGARAM1,-0.1211757910362142
TOGARAM2,-0.0804722404269523
TOLLIP,-0.0575367405203173
TOM1,-0.0420283138556123
TOM1L1,0.0692724422218015
TOM1L2,-0.1582048346807677
TOMM20,1.2031727141674322
TOMM20L,0.2592650818352533
TOMM22,1.5520904730917953
TOMM34,-0.1186257292351655
TOMM40,2.1758423460801426
TOMM40L,0.0555187945215188
TOMM5,0.1583295423354723
TOMM6,0.0684090052985963
TOMM7,0.1170264182264769
TOMM70,0.5947436230573555
TONSL,2.229188831851669
TOP1,1.1949332784809388
TOP1MT,0.0627682515677923
TOP2A,2.5513873356113583
TOP2B,0.0241084991755887
TOP3A,2.1850097452549537
TOP3B,0.1778980986237695
TOP6BL,0.0075262972173558
TOPAZ1,-0.0174580427081094
TOPBP1,1.732221706277472
TOPORS,-0.030067211813557
TOR1A,0.0552093586814748
TOR1AIP1,0.173919672254291
TOR1AIP2,0.2818397910015185
TOR1B,0.0174088804598145
TOR2A,0.3247223037823732
TOR3A,0.0244018332264916
TOR4A,-0.023357755020552
TOX,0.0470042049154823
TOX2,-0.0895540218957244
TOX3,0.1366703717548852
TOX4,0.2650031198953875
TP53,-0.1222401490638245
TP53AIP1,-0.0686364834001877
TP53BP1,0.2219440327099463
TP53BP2,0.0934452599611827
TP53I11,0.0540114430756061
TP53I13,0.0706312318859418
TP53I3,0.3085190162635763
TP53INP1,-0.0520151849733737
TP53INP2,0.0164751285156069
TP53RK,1.0231648922944585
TP53TG5,-0.0010125540111267
TP63,-0.126146806079006
TP73,0.1028018755550022
TPBG,-0.0670294077063502
TPBGL,0.0590656024484394
TPCN1,-0.0872697937644427
TPCN2,0.1114295703863412
TPD52,-0.1077477083154651
TPD52L1,-0.0581465468511519
TPD52L2,0.0701839973528301
TPD52L3,-0.1352744970778097
TPGS1,0.1693836315459387
TPGS2,0.069590335177614
TPH1,-0.0540625657845468
TPH2,0.2991980739989573
TPI1,1.5709348453089187
TPK1,0.1565691723667049
TPM1,0.1021848932021569
TPM2,0.1068243477250234
TPM3,0.1479016088737435
TPM4,0.385873827891722
TPMT,0.1231010752004933
TPO,-0.1399451737032128
TPP1,-0.1208370108161077
TPP2,0.0679729698019388
TPPP,-0.0474418491039814
TPPP2,-0.1300553492721674
TPPP3,0.0842535659521176
TPR,1.0901668748775968
TPRA1,0.1124604170158486
TPRG1,-0.1620226582400429
TPRG1L,0.1779784889238508
TPRKB,0.8540848638704317
TPRN,-0.0613949666372336
TPRX1,0.002412950139691
TPSAB1,0.4039394258744307
TPSD1,0.0890027491151512
TPSG1,-0.0500401115429021
TPST1,-0.0443126979846057
TPST2,0.0361495487137248
TPT1,1.5173597644256378
TPTE,0.3629236312839662
TPTE2,0.1023544486704794
TPX2,1.270356399628843
TRA2A,0.060590697327336
TRA2B,0.4635631537639115
TRABD,-0.0699931588618163
TRABD2A,0.0028456483846732
TRABD2B,0.1357108208246114
TRADD,0.0189705275155863
TRAF1,-0.0930764714241541
TRAF2,0.185999390456902
TRAF3,-0.1569393119881073
TRAF3IP1,-0.1101654471703023
TRAF3IP2,-0.0424806175127571
TRAF3IP3,-0.1486787034303212
TRAF4,0.1617135167718759
TRAF5,-0.0656198871105764
TRAF6,0.1394213918945543
TRAF7,0.1455430327885917
TRAFD1,-0.0610408234227331
TRAIP,1.2788545424556927
TRAK1,0.1363189036721067
TRAK2,0.0224855147960585
TRAM1,-0.1028522673793884
TRAM1L1,0.1473873047605103
TRAM2,0.0284002292836373
TRANK1,0.0594676225498935
TRAP1,0.0073243283688766
TRAPPC1,2.2108195807668283
TRAPPC10,0.0102036921879547
TRAPPC11,1.5884742878171854
TRAPPC12,0.150710493606688
TRAPPC13,0.2849513875880886
TRAPPC14,0.0986029942375711
TRAPPC2,-0.2623824890432178
TRAPPC2L,0.3999866531311113
TRAPPC3,2.1146032874018807
TRAPPC3L,-0.1068257313254502
TRAPPC4,1.4114747474489775
TRAPPC5,1.1537908554788296
TRAPPC6A,0.0900365932306596
TRAPPC6B,0.0925304612625882
TRAPPC8,1.6516458753272714
TRAPPC9,-0.0068286846060841
TRARG1,-0.0799524161128706
TRAT1,-0.1067989811131256
TRDMT1,0.0423439632537344
TRDN,-0.1077323283892025
TREH,-0.0905143528376107
TREM1,-0.1043929915959925
TREM2,-0.0401427925935583
TREML1,-0.011247557084616
TREML2,0.1916836878119713
TREML4,-0.031560312664737
TRERF1,-0.0031230359521841
TREX1,0.0233848940179642
TREX2,-0.0061768828499401
TRH,-0.0096502915420578
TRHDE,0.1219984314537417
TRHR,-0.2093882939232152
TRIAP1,2.1071792628456447
TRIB1,-0.0181263981147793
TRIB2,0.0132001785818491
TRIB3,-0.0184873963591427
TRIL,-0.1027063088788414
TRIM10,0.0412958090754716
TRIM11,0.0868006190611669
TRIM13,-0.0057414161162035
TRIM14,0.2199056682894227
TRIM15,-0.1265415381355223
TRIM16,0.0793752314311695
TRIM17,0.1853647536761212
TRIM2,-0.0876601800940009
TRIM21,-0.0990535919062598
TRIM22,-0.0825045548728503
TRIM23,0.0627244887794964
TRIM24,-0.0508009365077794
TRIM25,0.2430834392208921
TRIM26,0.1698925972622746
TRIM27,0.0958067501732569
TRIM28,0.0329749634849475
TRIM29,-0.1216870030251679
TRIM3,-0.1056340501469087
TRIM31,-0.052109668547526
TRIM32,0.1268741555830617
TRIM33,0.1107661375957564
TRIM34,-0.1242741752040737
TRIM35,-0.0690603545577108
TRIM36,0.0387764939147737
TRIM37,0.4465292959023915
TRIM38,0.1328429190149508
TRIM39,-0.0717137306434706
TRIM4,0.2120611182800354
TRIM40,-0.0229118794721432
TRIM41,0.244979576827327
TRIM42,-0.1539922891895259
TRIM43,0.6054425835381836
TRIM43B,0.4561502572705376
TRIM44,0.0661549052893702
TRIM45,0.1633376995018769
TRIM46,0.272881967066576
TRIM47,0.0120986097977097
TRIM48,0.2988163068724698
TRIM49B,-0.0197950004484053
TRIM49D1,0.3816507414381287
TRIM5,-0.1114744757814409
TRIM50,-0.1514124608164107
TRIM52,0.2383983058668468
TRIM54,0.2861351771499819
TRIM55,0.057032176162586
TRIM56,-0.0255923904309817
TRIM58,-0.0499548656745343
TRIM59,0.0323822324707482
TRIM6,-0.0172149099402338
TRIM60,-0.1574774591596941
TRIM61,0.39146750863896
TRIM62,-0.1158725561304074
TRIM63,-0.0362749526886993
TRIM64C,0.0457077170941609
TRIM65,0.1770516172381746
TRIM66,-0.0797873538805692
TRIM67,-0.0237431319723357
TRIM68,-0.1118629801245536
TRIM69,0.0591069193858469
TRIM7,-0.0986095329660195
TRIM71,0.1296922798024394
TRIM72,0.0711085993569515
TRIM77,0.1226976787910275
TRIM8,0.1366060994227753
TRIM9,0.26030197343806
TRIML1,-0.1359014247131517
TRIML2,-0.2131650257623628
TRIO,-0.0695787127242764
TRIOBP,0.0885409933974437
TRIP10,0.0507626047928133
TRIP11,0.0246026831883732
TRIP12,0.3119837985564916
TRIP13,0.0235098242253327
TRIP4,0.1800159123189004
TRIP6,0.3373329020525961
TRIQK,-0.0373376975325491
TRIR,0.0703311195324225
TRIT1,0.0808404372491036
TRMO,-0.0895350127532298
TRMT1,0.1612328085458627
TRMT10A,0.0583247452441406
TRMT10B,-0.0917292013549046
TRMT10C,0.7341797365025939
TRMT11,0.0129352058742093
TRMT112,3.0136032815299623
TRMT12,0.0437338983090099
TRMT13,-0.1036786554847123
TRMT1L,0.128802375468292
TRMT2A,0.1325941471715642
TRMT2B,-0.1134094791942764
TRMT44,-0.1158010861352576
TRMT5,1.3071638397114334
TRMT6,0.4927850244019033
TRMT61A,0.2854834698993131
TRMT61B,0.2767636311266557
TRMT9B,-0.1363484170267866
TRMU,0.1010281509169498
TRNAU1AP,0.2330687268835847
TRNP1,0.3203903932904144
TRNT1,1.5248009388786634
TRO,-0.1794017887840981
TROAP,0.2820725576948215
TRPA1,0.086421396921893
TRPC1,0.0818886621885547
TRPC3,-0.0394570551610014
TRPC4,-0.0857701352245273
TRPC4AP,-0.0832348486903397
TRPC5,-0.0435592217957476
TRPC5OS,-0.0251951946832951
TRPC6,0.0168309580654222
TRPC7,0.0282994294902715
TRPM1,-0.0785846191990656
TRPM2,0.1263273075996826
TRPM3,-0.0610448684692735
TRPM4,-0.0139382039870211
TRPM5,0.0550876128781064
TRPM6,0.0388134719810069
TRPM7,0.6559920604894106
TRPM8,0.027789944875123
TRPS1,-0.1820928973960103
TRPT1,0.0247351550968574
TRPV1,0.0809322431715949
TRPV2,0.1959883648103216
TRPV3,-0.0837088547010513
TRPV4,0.0089233547492351
TRPV5,-0.0977302787641932
TRPV6,0.1565178588724665
TRRAP,1.8623349719362887
TRUB1,0.0379986832119098
TRUB2,0.4302411866027625
TSACC,0.2415197513955319
TSBP1,0.0237611744293739
TSC1,-0.3301182822478905
TSC2,-0.1199428984137541
TSC22D1,-0.0525535544272802
TSC22D2,0.4532729592533443
TSC22D3,0.024988538301356
TSC22D4,0.0488590139929791
TSEN15,0.1248075204049727
TSEN2,0.8915803114752039
TSEN34,0.923861146311705
TSEN54,1.0320020662957357
TSFM,0.5912867403593545
TSG101,1.0170469760382927
TSGA10,0.2993187234750498
TSGA10IP,0.1422118003679189
TSGA13,0.001924805584688
TSHB,0.1571220185795525
TSHR,-0.1353747740432703
TSHZ1,-0.1961389970760527
TSHZ2,-0.1020775387757043
TSHZ3,0.0051042395536604
TSKS,-0.1416769854046169
TSKU,-0.0221767130812159
TSLP,-0.0613271361491239
TSN,-0.0404479919987822
TSNARE1,0.0543336577773668
TSNAX,0.0084632013862599
TSNAXIP1,-0.0008959353830586
TSPAN1,0.0025402907361957
TSPAN10,-0.1590425264451955
TSPAN11,0.0446549391126711
TSPAN12,-0.0972826442704951
TSPAN13,-0.0531120602874642
TSPAN14,0.0584436398511774
TSPAN15,0.0569164071634862
TSPAN16,-0.0115982569619583
TSPAN17,0.1366578729876073
TSPAN18,0.0460559790498082
TSPAN19,-0.1962957597436293
TSPAN2,0.0502594089130853
TSPAN3,-0.078746022195722
TSPAN31,0.340249066080503
TSPAN32,-0.0922495150061199
TSPAN33,0.0379559188691411
TSPAN4,0.0782602605918835
TSPAN5,-0.0347129427075295
TSPAN6,-0.0426816887275357
TSPAN7,0.0466609968480264
TSPAN8,0.0959092954629932
TSPAN9,-0.0408120473410577
TSPEAR,-0.0155225260311223
TSPO,-0.1089355378103074
TSPO2,-0.0570238908179198
TSPOAP1,0.140196433520133
TSPYL1,0.0156894496117483
TSPYL2,-0.0482902905193832
TSPYL4,-0.2009174033030993
TSPYL5,0.4593680875720264
TSPYL6,-0.1146083727914976
TSR1,1.88924285608488
TSR2,2.357732248966024
TSR3,0.0984402196445537
TSSC4,-0.1069053506476552
TSSK1B,0.0062346953658719
TSSK2,0.0543829834876733
TSSK3,0.1921056335527929
TSSK4,0.2216906469627379
TSSK6,0.2724700370637978
TST,0.1031732922498582
TSTD1,0.0952822223131844
TSTD2,-0.2016892654367963
TSTD3,-0.0061652923383776
TTBK1,0.0447029445933839
TTBK2,0.0345675690586155
TTC1,1.140772146768147
TTC12,-0.032951911853508
TTC13,0.05303652182926
TTC14,0.2258878942109972
TTC16,-0.1113676035721039
TTC17,0.0564264658341105
TTC19,0.1601520347348329
TTC21A,-0.1165891879886083
TTC21B,0.0283052875661124
TTC22,0.2016880382889612
TTC23,-0.2095706549649703
TTC23L,-0.1205595986330886
TTC24,0.1627269033883065
TTC27,2.063988111767705
TTC28,0.0771488791609165
TTC29,-0.1184071120103113
TTC3,-0.081735992038618
TTC31,0.0741610118254842
TTC32,-0.0409954008881782
TTC33,0.1762595659658845
TTC34,-0.115817578818124
TTC36,0.0502643540639464
TTC38,0.0753407121497559
TTC39A,0.0350271468798746
TTC39B,-0.1057887438253841
TTC39C,-0.0099062913379396
TTC4,1.0624580076920305
TTC5,0.072130594340337
TTC6,-0.1956112482477317
TTC7A,0.0608573037037379
TTC7B,0.0065938168274943
TTC8,-0.2232592922485627
TTC9,-0.0021364205337851
TTC9B,-0.0934893936074161
TTC9C,0.1551437621675083
TTF1,0.5572640962465444
TTF2,0.5910839323942338
TTI1,1.3641742368036955
TTI2,1.0585036756303927
TTK,0.7807308881140025
TTL,0.1096670694303522
TTLL1,-0.0462794272009079
TTLL10,-0.0997198064523785
TTLL11,0.3599438756534531
TTLL12,-0.061420524896632
TTLL2,-0.0731471992181123
TTLL3,-0.0715255187456667
TTLL4,-0.0977231134532194
TTLL5,0.1961737441340045
TTLL6,0.101863458517031
TTLL7,0.055869987452191
TTLL8,0.0758609397366841
TTLL9,-0.0584592539489478
TTN,0.1371083001180546
TTPA,-0.0063658975722
TTPAL,0.1596216060940003
TTR,-0.1635359307213854
TTYH1,-0.0131224082991382
TTYH2,0.0143604990970264
TTYH3,-0.0213583888574466
TUB,0.0711504107338195
TUBA1A,0.1693123968467312
TUBA1B,1.9329997256792049
TUBA1C,1.1233083239825377
TUBA3C,0.1440097829198224
TUBA3D,0.4457292181017718
TUBA3E,0.1066104841282429
TUBA4A,0.3108216533792498
TUBA4B,-0.3860630104593363
TUBA8,0.1142846999768718
TUBAL3,-0.1242545058852213
TUBB,0.7592378027004276
TUBB1,0.0618131781339391
TUBB2A,0.190919844854554
TUBB2B,0.1298392105918346
TUBB3,-0.1957888754529239
TUBB4A,0.1847443877815713
TUBB4B,0.0232911148098767
TUBB6,0.0469425657771852
TUBB8,0.2591195809632092
TUBD1,0.4188368518625825
TUBE1,0.4845750526503594
TUBG1,1.50843827688846
TUBG2,0.2801935498685096
TUBGCP2,1.8718824508392444
TUBGCP3,1.3799055472227575
TUBGCP4,1.212547883026489
TUBGCP5,1.0789944801588438
TUBGCP6,0.9198800888754012
TUFM,0.5953594095231493
TUFT1,0.1436870075638638
TULP1,0.1531706648576571
TULP2,0.0861399082419632
TULP3,-0.1842226939083609
TULP4,0.0220335899912879
TUSC1,0.0477111721053284
TUSC2,0.231563801748437
TUSC3,0.0822568364815589
TUT1,1.4715408003477024
TUT4,-0.1227164720627104
TUT7,0.0689701057156214
TVP23A,0.0460028210017144
TVP23B,-0.0170832140908726
TVP23C,-0.133269939772729
TWF1,0.3907597805985338
TWF2,0.0837115203145806
TWIST1,-0.1019279088831826
TWIST2,0.0373253508732595
TWNK,0.7721247790078436
TWSG1,-0.1032960190739482
TXK,0.1365092278960744
TXLNA,0.098611496796288
TXLNB,-0.1963343271199517
TXLNG,0.1508111762626978
TXN,1.853514787166436
TXN2,0.2877625399077363
TXNDC11,0.0966125519158785
TXNDC12,0.0581330019102016
TXNDC15,0.057394171784507
TXNDC16,0.0606888089743928
TXNDC17,0.1015190123648861
TXNDC2,-0.1527299794493647
TXNDC5,-0.1396635548451721
TXNDC8,0.0714109099883409
TXNDC9,0.3099953552800749
TXNIP,-0.1932788048411084
TXNL1,-0.1169616915117746
TXNL4A,3.2848864579768944
TXNL4B,1.4095359979989812
TXNRD1,1.1376405884780114
TXNRD2,0.1822029229565376
TXNRD3,0.0518087259507807
TYK2,-0.0129934902587914
TYMP,0.0512383772271733
TYMS,0.6674062565337358
TYR,0.0470537964657673
TYRO3,0.1784192322299514
TYROBP,0.0426660820260399
TYRP1,-0.0287583269389945
TYSND1,0.1925951988606605
TYW1,-0.1828319739003061
TYW1B,0.0050236272247204
TYW3,0.0605207535770162
TYW5,0.0562618792097876
U2AF1,2.379842247246766
U2AF1L4,0.0899728754634823
U2AF2,1.772976867182634
U2SURP,1.3272305978395793
UACA,0.0179083692581494
UAP1,0.214493476600834
UAP1L1,-0.1160606901800448
UBA1,3.17725642160319
UBA2,1.4674678340549274
UBA3,1.3114119686351042
UBA5,0.6808405894193078
UBA52,1.4240216669042711
UBA6,0.2112734433361607
UBA7,0.0798015188343017
UBAC1,-0.0143159598811569
UBAC2,-0.0077754636829578
UBALD1,0.2523793414445874
UBALD2,0.1903773762338319
UBAP1,0.2581373082911621
UBAP1L,0.0229332108564683
UBAP2,0.2288004286155676
UBAP2L,0.1984732964867845
UBASH3A,-0.0616695444397393
UBASH3B,0.0527062089427783
UBB,0.2659780167372865
UBC,0.8793851682350113
UBD,0.0377178447488281
UBE2A,-0.0124394531089213
UBE2B,-0.0730425709757536
UBE2C,0.8835699431454516
UBE2D1,-0.0518729232973893
UBE2D2,-0.113154249253428
UBE2D3,0.3958647027220396
UBE2D4,0.0847174980820487
UBE2E1,0.1940337544770683
UBE2E2,-0.1248327110123223
UBE2E3,0.2278286930329276
UBE2F,0.0061663801369413
UBE2G1,-0.0227393430009012
UBE2G2,0.2704427285091644
UBE2H,0.3669174703392593
UBE2I,1.7949276076572545
UBE2J1,-0.0924379495907844
UBE2J2,0.1781118089942623
UBE2K,0.1885295283283135
UBE2L3,1.226193412649881
UBE2L5,0.1934265128309387
UBE2L6,-0.0613268235832978
UBE2M,2.4887032756753964
UBE2N,1.45516857748774
UBE2O,0.3786910358775298
UBE2Q1,0.2650856834219892
UBE2Q2,0.0655934382588749
UBE2QL1,0.0278355934189819
UBE2R2,0.0751547770072851
UBE2S,0.6460094687437437
UBE2T,0.1114442598942676
UBE2U,-0.063566112030365
UBE2V1,0.478202571123491
UBE2V2,0.2114665022339938
UBE2W,0.0435477311820067
UBE2Z,0.5204855498737486
UBE3A,0.0583700375499941
UBE3B,-0.1084805794837914
UBE3C,0.0115332229927065
UBE3D,0.2378827949530413
UBE4A,-0.1330866988375765
UBE4B,0.4545245263802193
UBFD1,0.2542564063327627
UBIAD1,0.6713592182751746
UBL3,-0.0515128725894451
UBL4A,-0.0888621747982315
UBL4B,0.2144350505411872
UBL5,2.028351952766122
UBL7,-0.0905253756782708
UBLCP1,-0.0847618951843761
UBN1,0.1503221588434718
UBN2,0.1779660833056115
UBOX5,-0.068627990366046
UBP1,0.2367985835410723
UBQLN1,0.2884122408840213
UBQLN2,0.0328725561767122
UBQLN3,-0.0014700912629105
UBQLN4,0.5580709423210375
UBQLNL,-0.0695318735469007
UBR1,0.0727138828709661
UBR2,0.0799379177678881
UBR3,0.0790504989150759
UBR4,0.8416453653022311
UBR5,0.914124837689088
UBR7,-0.0714781772526388
UBTD1,-0.0982750432689316
UBTD2,0.0902824548029345
UBTF,2.1755496208044947
UBTFL1,-0.0457060000411998
UBXN1,0.0499785859534062
UBXN10,-0.051836818850655
UBXN11,-0.0814242824471318
UBXN2A,0.0359427009827814
UBXN2B,-0.0725985982370756
UBXN4,0.1926713895762636
UBXN6,0.1702913118984422
UBXN7,0.0375364742460471
UBXN8,-0.0479579811399576
UCHL1,0.1414229900776487
UCHL3,0.1144015644946433
UCHL5,0.6319862391716409
UCK1,0.2146208052320952
UCK2,0.1085700009564287
UCKL1,0.0067609285764988
UCMA,-0.0288267386969357
UCN,0.237401511786687
UCN2,-0.0058712186578705
UCN3,-0.0073934414668335
UCP1,0.0414722776273013
UCP2,0.0988762110396785
UCP3,0.0255756505819146
UEVLD,-0.0863723459770222
UFC1,0.3699061264351133
UFD1,1.7313797674250972
UFL1,0.533118360361549
UFM1,0.6991880785235719
UFSP1,0.0852572889600478
UFSP2,0.1805583415567919
UGCG,0.2973262133369549
UGDH,0.1971864776632581
UGGT1,-0.0301330995622934
UGGT2,0.1020932954956364
UGP2,0.2295682351494924
UGT1A1,-0.0417558186532911
UGT1A10,-0.0401824558748756
UGT1A3,0.1751937216948714
UGT1A4,0.052938614523201
UGT1A5,0.0200246199254493
UGT1A6,-0.0127466496039168
UGT1A7,0.0830023892777112
UGT1A8,0.0286191273933647
UGT1A9,-0.1433082762216228
UGT2A1,-0.1523104343781221
UGT2A3,0.1281349961617321
UGT2B10,-0.0837955004087103
UGT2B11,0.2599151673285883
UGT2B15,0.119127927629515
UGT2B17,-0.0957084070351791
UGT2B28,-0.0815278942069728
UGT2B4,-0.0256438931346198
UGT2B7,0.011646204398592
UGT3A1,-0.0330530472973683
UGT3A2,0.1069402933288007
UGT8,-0.0532538966537491
UHMK1,0.0770617535904638
UHRF1,1.5979793309834045
UHRF2,-0.066603544736315
UIMC1,0.1556404169398096
ULBP1,-0.0579612524844358
ULBP2,0.0547900379857731
ULBP3,0.1816304242707841
ULK1,0.1253398452252528
ULK2,0.0721638891782165
ULK3,0.1198838173003933
ULK4,-0.1599557479525242
UMAD1,0.025496575482912
UMOD,0.1352691212957265
UMODL1,-0.0146111166621736
UMPS,0.5930676671876624
UNC119,0.192195521565735
UNC119B,0.1729523511062997
UNC13A,-0.0073485232317065
UNC13B,0.2109033714217812
UNC13C,-0.0572135149390692
UNC13D,0.0597560935682106
UNC45A,0.4613700314694759
UNC45B,0.0874112172372572
UNC50,0.66857083812519
UNC5A,-0.0929230722828113
UNC5B,0.0617951799623123
UNC5C,-0.0881977074503789
UNC5CL,-0.0100107037793325
UNC5D,-0.0506010904874461
UNC79,0.0863154168542176
UNC80,-0.0993953612079888
UNC93A,-0.0106127215403285
UNC93B1,-0.0074500537208045
UNCX,-0.006090789094315
UNG,-0.0053572822826754
UNK,0.2170389600629403
UNKL,0.017143059118925
UPB1,0.0487008674223431
UPF1,1.2648831456578695
UPF2,1.2129751906036297
UPF3A,0.1209168430863167
UPF3B,-0.1331272873591395
UPK1A,0.1887054660553154
UPK1B,-0.0089537177367441
UPK2,0.1684083555113713
UPK3A,-0.1158965239846564
UPK3B,-0.031009124682586
UPP1,-0.1323877211965704
UPP2,0.1196625008671228
UPRT,0.0593517937840475
UQCC1,0.3144023571339668
UQCC2,0.2671028107358508
UQCC3,0.34271667117211
UQCC4,0.2305074362820977
UQCC5,0.0741590508082227
UQCC6,0.0674772162632393
UQCR10,0.4396604752998962
UQCR11,0.1578456077306567
UQCRB,0.4988130815577241
UQCRC1,0.4865667511357784
UQCRC2,0.519617447984984
UQCRFS1,0.753197479298627
UQCRH,0.6536814551028376
UQCRHL,0.0040563295456972
UQCRQ,0.4458335987596021
URAD,-0.1052500290341946
URB1,1.664283113814101
URB2,0.831267064634498
URGCP,-0.000922150946633
URI1,1.3512644353978365
URM1,0.4154641619271125
UROC1,0.3051278704252171
UROD,0.9288465404134276
UROS,0.2274043936329318
USB1,0.2327857495785084
USE1,0.9368268033193792
USF1,0.0460827820233739
USF2,0.597151459467591
USF3,-0.0334473953212166
USH1C,-0.1133595334168424
USH1G,0.2075680106003855
USH2A,0.0410121621854283
USHBP1,0.1197048487379992
USO1,1.6208240885766212
USP1,0.8633499061106172
USP10,0.6188668224360635
USP11,-0.0386276342336516
USP12,-0.0181081747078074
USP13,-0.0484231643980626
USP14,0.3215484854374802
USP15,0.2206315336001141
USP16,0.0496230888628811
USP17L1,-0.1184941558653704
USP17L10,0.277478806950892
USP17L13,0.3461408611477574
USP17L2,0.4614701920488386
USP17L7,0.1165594918725764
USP18,0.4138915094809332
USP19,0.3141303366189721
USP2,-0.048337166590436
USP20,0.0504274635226415
USP21,0.0921529229211977
USP22,-0.170468560611167
USP24,0.3813165518536563
USP25,-0.0486915310725851
USP26,-0.2052544698822802
USP27X,-0.042008694999595
USP28,0.0906090860334213
USP29,-0.2395146988469346
USP3,0.0493704095678503
USP30,0.1797613011100841
USP31,-0.0152492897286322
USP32,0.3363708599826996
USP33,0.2657817076743871
USP34,0.1372384729867241
USP35,0.0421847782260186
USP36,1.538497065845436
USP37,0.1141682469413852
USP38,0.1192082994683656
USP39,1.3513601093436023
USP4,0.2049039882412014
USP40,0.0266076897935695
USP42,-0.0316168483259532
USP43,-0.0395825176966298
USP44,0.0413778238389814
USP45,-0.0495502765688622
USP46,-0.0376253273317224
USP47,0.0780322862478724
USP48,-0.0867585174063912
USP49,-0.0352511616571415
USP5,1.3106914892099075
USP50,0.1176849490940612
USP51,-0.0367290726198409
USP53,0.1401285562451751
USP54,-0.0121701458177462
USP6,0.1633754355843548
USP6NL,-0.1102346798237307
USP7,0.488450845714792
USP8,0.2680354480911002
USP9X,0.6471070617758907
USP9Y,-0.3957509693755078
USPL1,1.355181617714402
UST,-0.0677262794812461
UTF1,0.2143223645632315
UTP11,1.3384732598811853
UTP14A,0.5556544474340226
UTP14C,-0.0414309925053352
UTP15,2.0898144936405165
UTP18,1.1557054294397944
UTP20,1.8358240578547
UTP23,1.0741194690732003
UTP25,1.2678201980893198
UTP3,1.0221134460002996
UTP4,3.2477091298886425
UTP6,1.2506473455239089
UTRN,-0.0148577427864296
UTS2,-0.0080688425306461
UTS2B,-0.0836993949881448
UTS2R,-0.0405254803511417
UTY,-0.5010191872433807
UVRAG,0.0659249695960995
UVSSA,0.1600276500099278
UXS1,0.3070919307446048
UXT,1.5024930073706972
VAC14,0.2047769787224487
VAMP1,0.0202921520585358
VAMP2,0.0599300322369061
VAMP3,-0.0444007862457691
VAMP4,0.0697534894422599
VAMP5,-0.1911434452287514
VAMP7,-0.1224978906819893
VAMP8,0.0158573322914967
VANGL1,0.2449523567443695
VANGL2,0.1348007876536461
VAPA,0.1724158514282669
VAPB,0.0438250105677424
VARS1,2.13995088723441
VARS2,1.211790341511088
VASH1,0.0193813193037768
VASH2,-0.08736861875605
VASN,-0.0053456524929341
VASP,-0.0024262840369798
VAT1,0.3080093458192697
VAT1L,-0.0047406194374587
VAV1,0.2273743026178782
VAV2,0.0234462153004229
VAV3,-0.0017471558993277
VAX1,-0.0088731550638353
VAX2,0.021032078337119
VBP1,0.3630692283622656
VCAM1,-0.0274038983370979
VCAN,-0.110555738777769
VCF1,-0.0143693901601414
VCF2,0.2295230891055651
VCL,0.068923994302994
VCP,2.2413820265258453
VCPIP1,0.2208125551614726
VCPKMT,0.2177760833869485
VDAC1,0.5625882391505825
VDAC2,0.3524510971877284
VDAC3,0.135271437375898
VDR,0.0685048224925565
VEGFA,0.0136566352119252
VEGFB,0.1161170391642747
VEGFC,-0.1598180095495511
VEGFD,-0.1723672179088438
VENTX,0.069516574687015
VEPH1,0.1201317840813063
VEZF1,-0.1503337412859576
VEZT,0.6562172704850193
VGF,0.0137121445249341
VGLL1,-0.1027867581852979
VGLL2,0.0221232756787582
VGLL3,0.0562137125201054
VGLL4,-0.1074959032705559
VHL,0.3709003114023729
VIL1,-0.0273201363879536
VILL,0.0075054092379332
VIM,-0.081049734213962
VIP,-0.0294313432053902
VIPAS39,0.0369129539472752
VIPR1,-0.1196123737573737
VIPR2,-0.0345164800771453
VIRMA,1.3447568947442456
VIT,0.1051023842219797
VKORC1,-0.0319765023010679
VKORC1L1,0.0221990992586347
VLDLR,-0.1103671204072861
VMA12,0.681259584897195
VMA21,0.4870660138819392
VMA22,1.17125320554647
VMAC,0.1938343639387992
VMO1,0.2383363210665102
VMP1,1.4697027879261468
VN1R1,-0.0206223831403204
VN1R2,-0.1196309684935945
VN1R4,-0.0407612548804425
VNN1,-0.0607470300122803
VNN2,-0.0774823298872576
VOPP1,0.368156938072633
VPREB1,0.0649775993596822
VPREB3,-0.00653325114747
VPS11,0.0156620354972555
VPS13A,0.145230233737918
VPS13B,-0.0297915729981129
VPS13C,0.0546485833904113
VPS13D,1.113056692310478
VPS16,0.2520147436412036
VPS18,0.5052799623796351
VPS25,2.445931443408477
VPS26A,0.1499728830166859
VPS26B,-0.016033825966905
VPS26C,-0.0080183390518619
VPS28,1.772889581041292
VPS29,0.4819661223689677
VPS33A,0.550893052109083
VPS33B,-0.0373722724073518
VPS35,0.6931616132369556
VPS35L,-0.0769296261644735
VPS36,0.1461015080870044
VPS37A,0.1617440604388441
VPS37B,0.1180962737468569
VPS37C,0.3550813838128468
VPS37D,-0.0626187757815343
VPS39,0.3801606390668172
VPS41,0.9702877813907
VPS45,0.1184943796983095
VPS4A,0.51907137332595
VPS4B,-0.0090814459039949
VPS50,0.0765668653122882
VPS51,0.6375247630865818
VPS52,0.2285642249027321
VPS53,0.1340177244379485
VPS54,0.5858976409774672
VPS72,0.5974248591900952
VPS8,-0.0850072041145454
VPS9D1,0.0431493125492174
VRK1,1.2946238125601326
VRK2,-0.1048302845579945
VRK3,-0.1053728203351238
VRTN,0.1495223258687192
VSIG1,-0.2232489314958931
VSIG10,0.0241716659220462
VSIG10L,0.0994029489821252
VSIG10L2,-0.2679415881595452
VSIG2,-0.1241004447615852
VSIG4,-0.1204118010959909
VSIG8,0.0042293448954129
VSIR,-0.0974169578596256
VSNL1,-0.0972514339905369
VSTM1,-0.1709121655711987
VSTM2A,-0.1121045394246973
VSTM2B,0.0570464855140685
VSTM2L,0.0531994446770936
VSTM4,-0.0814001215331322
VSTM5,0.2363035250701711
VSX1,0.0124043551854907
VSX2,-0.1156426510684405
VTA1,0.1185975835602291
VTCN1,0.2052705591941028
VTI1A,0.051806387286529
VTI1B,0.2575379165921944
VTN,0.0751658919879471
VWA1,0.1364205147741962
VWA2,0.0340704934308655
VWA3A,0.0036481557678725
VWA3B,-0.068789360102532
VWA5A,-0.2103753460037451
VWA5B2,-0.0410577996981102
VWA7,-0.0049808206028677
VWA8,0.2393609937740473
VWC2,0.0345634879152044
VWC2L,-0.0299261684243058
VWCE,0.0624382322168839
VWDE,-0.1681412845752443
VWF,0.0047947046252934
VXN,0.1951781680506371
WAC,0.5178282037639452
WAPL,0.4291093662476763
WARS1,1.4103299282099715
WARS2,0.6368412358398431
WAS,0.0387561278512146
WASF1,-0.1305920039882463
WASF2,0.113966494794471
WASF3,0.0466637113233871
WASHC1,2.1511275642860226
WASHC2A,-0.0225302362729903
WASHC2C,0.4612445687077156
WASHC3,0.1590582546655108
WASHC4,-0.0209749916159916
WASHC5,0.0889287032175951
WASL,0.0036572871942621
WBP1,0.5876943584835406
WBP11,1.7056392889392462
WBP1L,0.2676583708343918
WBP2,0.0509905439056768
WBP2NL,-0.0220344924897385
WBP4,0.3132430010468472
WDCP,-0.0234915341825142
WDFY1,-0.0789762161291293
WDFY2,-0.0142146255180265
WDFY3,-0.0860296131640876
WDFY4,-0.1171001639302554
WDHD1,1.778607545339292
WDPCP,0.1469997727003093
WDR1,2.050414591444081
WDR11,0.0558107023134446
WDR12,1.176897435687727
WDR13,0.0868927641265648
WDR17,-0.0686433463228582
WDR18,2.0276671307976883
WDR19,-0.0397418198568012
WDR20,-0.0082438184488924
WDR24,0.692659208695679
WDR25,1.0645709080029206
WDR26,0.3986802653315735
WDR27,0.0823896840541099
WDR3,1.668342460592903
WDR31,-0.1063390582696145
WDR33,1.6538226158324765
WDR35,0.012901856951502
WDR36,2.141889982235538
WDR37,-0.0150834014721476
WDR38,0.2087890742787699
WDR4,0.1556885682339956
WDR41,0.0035275257428191
WDR43,3.017127433959349
WDR44,0.3008865188740832
WDR45,0.1827018542861544
WDR45B,-0.0931872486320813
WDR46,1.1106516953783636
WDR47,0.2961887300348129
WDR48,0.814019498121141
WDR49,-0.4903767556369268
WDR5,1.4542270596294826
WDR53,0.0057584219190962
WDR54,0.2333335047593571
WDR55,1.8822301095531624
WDR59,0.1733527334995137
WDR5B,0.2666537023825645
WDR6,0.2069917490003991
WDR62,0.2687722336285603
WDR64,0.0205213254396391
WDR7,0.7862043651773037
WDR70,1.8835993583434187
WDR72,-0.0065721115542317
WDR73,0.6971535243077231
WDR74,2.2791104020384094
WDR75,2.3460594935719765
WDR76,0.2618648968791264
WDR77,1.3167092081515068
WDR81,-0.0590267295552309
WDR82,2.16953034774383
WDR83,0.2919163292722226
WDR83OS,0.3119846675753481
WDR86,0.1795543656850809
WDR87,0.0319029270438962
WDR88,0.4415388103166038
WDR89,0.2558036376047073
WDR90,0.0024101862663666
WDR91,0.0020830076154326
WDR93,-0.0831562879352529
WDR97,-0.1491810193149153
WDSUB1,0.0539755436015849
WDTC1,0.217040361106903
WEE1,2.2874712420451093
WEE2,0.0875136030055937
WFDC1,-0.0425128590066723
WFDC10A,-0.0635962767211841
WFDC10B,0.0274551319208182
WFDC11,-0.0154892536971109
WFDC12,0.0469906737981205
WFDC13,-0.0302223597391765
WFDC2,0.0153973346487796
WFDC3,-0.0270022516231714
WFDC5,-0.0957951138241084
WFDC6,-0.2602435405738316
WFDC8,-0.1118887540528058
WFDC9,0.1251011825431941
WFIKKN1,0.0508560429637543
WFIKKN2,0.0767505943973637
WFS1,-0.214335355097042
WHAMM,0.2099946993100818
WHR1,0.3521892043275978
WHRN,0.1258108710450385
WIF1,0.0948763062084055
WIPF1,0.0140439223295779
WIPF2,0.0536915311174147
WIPF3,-0.0577346971706077
WIPI1,-0.0572420458729097
WIPI2,-0.0564673814945064
WIZ,0.0395225121443434
WLS,-0.1742448270940499
WNK1,0.6152032849999423
WNK2,-0.0588724502612664
WNK3,0.0777919578254937
WNK4,0.1365295227166165
WNT1,0.0680432632416357
WNT10A,-0.0701770112007067
WNT10B,0.0561888939811076
WNT11,-0.0280961553330873
WNT16,-0.0760120491709734
WNT2,-0.0682855409822854
WNT2B,-0.0199856475998003
WNT3,0.0071989406793043
WNT3A,-0.013288637069714
WNT4,-0.0043150508683758
WNT5A,-0.0231249528168339
WNT5B,0.0855795342042425
WNT6,0.0771097888678492
WNT7A,0.1531100271043698
WNT7B,-0.0401207316904623
WNT8A,-0.0485084622707762
WNT8B,0.0468048450290246
WNT9A,0.0085821459193418
WNT9B,0.052132827342062
WRAP53,0.2549909654917908
WRAP73,0.1921312356750275
WRN,0.123824084947763
WRNIP1,0.0035942406985939
WSB1,0.0369920487089886
WSB2,0.1974773231500121
WSCD1,-0.1077575508231687
WSCD2,0.0396992563239975
WT1,-0.0539376706275944
WTAP,0.8410083035744359
WTIP,-0.1010021161384363
WWC1,0.0475210771402284
WWC2,-0.0536379471154936
WWOX,-0.2029867359688282
WWP1,0.0826811628665244
WWP2,0.0054978410586454
WWTR1,0.3162390029776183
XAB2,2.7235697300151256
XAF1,0.1040042758146221
XAGE2,-0.0049353574679309
XAGE3,0.2799314193224783
XAGE5,0.0789672966890834
XBP1,-0.02483354778129
XCL1,-0.0286376803616964
XCL2,-0.1675611371777826
XCR1,0.0805442762916903
XDH,-0.1142803240394032
XG,-0.0056808645597675
XIAP,0.0387290974113421
XIRP1,-0.0404499917424671
XIRP2,-0.0185643157394795
XK,-0.0724529499522995
XKR3,-0.0136407150342064
XKR4,0.0857592914997949
XKR5,-0.1638387361474407
XKR6,-0.0858863812055141
XKR7,0.2369515967093784
XKR8,0.2356399729359482
XKR9,0.069835984040148
XKRX,-0.0541271439004888
XNDC1N,0.0061332589019497
XPA,0.029754707102248
XPC,-0.0579200338854562
XPNPEP1,-0.0224009644147112
XPNPEP2,-0.0243487824035344
XPNPEP3,-0.0717447658106212
XPO1,1.9316095337075567
XPO4,0.0538578142840395
XPO5,0.4394252228218419
XPO6,-0.1024267361882465
XPO7,-0.0035240062685689
XPOT,0.4533510038377273
XPR1,0.3832485502460602
XRCC1,0.4462583809614232
XRCC2,0.6726288889528639
XRCC3,0.8727624521246595
XRCC4,0.2817279552211575
XRCC5,1.0593981548740954
XRCC6,2.605397153601417
XRN1,0.4194229322075668
XRN2,1.5758477515860858
XRRA1,0.0817584431427863
XXYLT1,0.1268262624973871
XYLB,-0.0650238824608302
XYLT1,-0.0309002388278098
XYLT2,0.5751479393162348
YAE1,1.2262971864804348
YAF2,0.1857163967855459
YAP1,1.3324879546781163
YARS1,2.8631014859407933
YARS2,1.815420107948733
YBEY,0.1567189365156638
YBX1,1.2180495796983752
YBX2,0.1208260308945056
YBX3,0.2837356873583057
YDJC,0.0085029198064954
YEATS2,0.7878092642267152
YEATS4,0.826260530583854
YES1,-0.2065713271052369
YIF1A,0.1060950449119479
YIF1B,0.0139567897356701
YIPF1,0.0246543584934924
YIPF2,0.3424780747352481
YIPF3,0.0853633413087338
YIPF4,-0.036245120591085
YIPF5,0.1907441563767916
YIPF6,0.0982263703948701
YIPF7,-0.0159909715458346
YJEFN3,0.3802611202528275
YJU2,1.5803769409712844
YJU2B,0.8489425452295537
YKT6,2.2205175146983365
YLPM1,0.26888387141082
YME1L1,0.445933431302723
YOD1,0.0483442011396633
YPEL1,0.3190098411959279
YPEL2,-0.0421700138225891
YPEL3,0.2997647601868383
YPEL4,0.157856678715388
YPEL5,0.6268315374775447
YRDC,0.9922507423673588
YTHDC1,0.3356412373561349
YTHDC2,-0.0780593802929203
YTHDF1,-0.105060037495453
YTHDF2,0.3550750214698995
YTHDF3,0.0904981651129034
YWHAB,0.1219093808359997
YWHAE,0.1769339420929941
YWHAG,0.0938735633097788
YWHAH,-0.0338594908485296
YWHAQ,-0.1280311784578802
YWHAZ,0.6625710660089467
YY1,1.0321547571489114
YY1AP1,0.0591525657791122
YY2,-0.1701260575934088
ZACN,0.4030134641075901
ZAN,0.1713669661336325
ZAP70,-0.0294960821465378
ZAR1,0.1240235757059574
ZAR1L,0.0259207742416669
ZBBX,-0.2658193952581376
ZBED1,-0.2903424102855447
ZBED2,0.0172716750190127
ZBED3,0.0462303462944679
ZBED4,0.078071550208417
ZBED6,0.141297468532962
ZBP1,-0.0350345267109627
ZBTB1,0.0501345859437021
ZBTB10,-0.0251635724045569
ZBTB11,2.0901525015711595
ZBTB12,0.3331884253954115
ZBTB14,0.0328143347362736
ZBTB16,-0.0554594225714538
ZBTB17,0.6411625044907369
ZBTB18,0.0218538531611632
ZBTB2,0.3517759592002711
ZBTB20,-0.0007653705974722
ZBTB21,-0.1344327247056895
ZBTB22,0.012484219889333
ZBTB24,0.063196291781322
ZBTB25,0.0512462742874017
ZBTB26,-0.0639764358857424
ZBTB3,0.1335637240185251
ZBTB32,0.0405192625213497
ZBTB33,0.0640171702458009
ZBTB34,0.0495863052073991
ZBTB37,0.0642596267105091
ZBTB38,-0.010023414882006
ZBTB39,0.189680837606772
ZBTB4,-0.0418524797074715
ZBTB40,0.1289273299662566
ZBTB41,-0.01617027813443
ZBTB42,0.03699067658031
ZBTB43,-0.0588561211478391
ZBTB44,-0.0457612393685528
ZBTB45,0.1400043584979464
ZBTB46,-0.0424387187816177
ZBTB47,0.056699541701315
ZBTB48,0.0389112121218004
ZBTB49,0.1506854486491727
ZBTB5,0.1063943345211025
ZBTB6,0.019582293631405
ZBTB7A,0.2693229818869364
ZBTB7B,0.055083168407403
ZBTB7C,-0.1143249225422693
ZBTB8A,0.1466598934937449
ZBTB8B,-0.0242783837177365
ZBTB8OS,2.2670168421837964
ZBTB9,0.0775367862619118
ZC2HC1A,0.0035743159347446
ZC2HC1B,-0.1593385320472993
ZC2HC1C,0.057435880794658
ZC3H10,0.3622659118652869
ZC3H11A,-0.0482725486815434
ZC3H12A,0.1342464553498626
ZC3H12B,-0.0070540232680043
ZC3H12C,0.0437606352452533
ZC3H12D,-0.1117101579609985
ZC3H13,0.5736383085853349
ZC3H14,-0.0773776253942784
ZC3H15,-0.0641899676150793
ZC3H18,0.8304208891390659
ZC3H3,0.2440521406642575
ZC3H4,0.2866141875566448
ZC3H6,0.1188582011304705
ZC3H7A,0.2010184562145835
ZC3H7B,0.1141193994588692
ZC3H8,1.1162424004754457
ZC3HAV1,0.3632532128623037
ZC3HAV1L,-0.0122475220847304
ZC3HC1,0.2988076158477883
ZC4H2,-0.25576641092807
ZCCHC10,0.1547508828494343
ZCCHC12,-0.0136062838190438
ZCCHC13,0.0636238274218676
ZCCHC14,-0.0442080739918171
ZCCHC17,0.0877102701252095
ZCCHC18,-0.0222172212435536
ZCCHC2,-0.0062248206231772
ZCCHC24,-0.0274614766949055
ZCCHC3,-0.0144741966216218
ZCCHC4,0.060124465488387
ZCCHC7,0.0807338911311243
ZCCHC8,0.1157467852913215
ZCCHC9,0.6670873594193331
ZCRB1,1.2890594110282376
ZCWPW1,-0.1329440890584539
ZCWPW2,0.1908219924920006
ZDBF2,-0.1180296135943572
ZDHHC1,0.0250864988814839
ZDHHC11,0.0183957750193731
ZDHHC11B,-0.2568644282926267
ZDHHC12,-0.0588513629426426
ZDHHC13,-0.2193613279672413
ZDHHC14,0.0554603555098163
ZDHHC15,0.1251383174087435
ZDHHC16,-0.0005773539164981
ZDHHC17,0.0914703681594108
ZDHHC18,0.253265438463977
ZDHHC19,-0.0326931833646377
ZDHHC2,0.0217560981956237
ZDHHC20,0.1413175410894254
ZDHHC21,-0.1290252090327144
ZDHHC22,0.2208201791662145
ZDHHC23,-0.0046538491282818
ZDHHC24,0.1039862055354316
ZDHHC3,-0.0123407057938604
ZDHHC4,-0.0422791765743889
ZDHHC5,0.0660587636482354
ZDHHC6,-0.0683916633272565
ZDHHC7,0.1754869212807623
ZDHHC8,0.1508724471575249
ZDHHC9,-0.0644047378126917
ZEB1,0.2363686702676757
ZEB2,0.5787517222274087
ZER1,0.1018268336773217
ZFAND1,-0.0280934086304775
ZFAND2A,-0.1420043548686531
ZFAND2B,-0.0149370345715998
ZFAND3,0.0676389717744067
ZFAND4,-0.0337489632069759
ZFAND5,0.4595728380896116
ZFAND6,-0.006645830393097
ZFAT,-0.0881733711114748
ZFC3H1,0.7906669236211796
ZFHX2,0.0972254078629341
ZFHX3,-0.0069685979169083
ZFHX4,0.1261916792596297
ZFP1,-0.3177250364605951
ZFP14,0.1200449124613661
ZFP2,-0.1117307297524018
ZFP28,0.0410610161831029
ZFP3,-0.0910735136059443
ZFP30,0.1329051145575346
ZFP36,0.0995972644499819
ZFP36L1,-0.038430214574584
ZFP36L2,0.1882886481908263
ZFP37,0.1103344243994034
ZFP41,-0.0191600655753078
ZFP42,-0.1739764585809794
ZFP57,0.2137340089707028
ZFP62,0.0387176397072311
ZFP64,0.0462893507603541
ZFP69,0.3270216500328115
ZFP69B,0.0668845372368746
ZFP82,-0.0595283916580393
ZFP90,-0.0405391750484237
ZFP91,0.0492077262327384
ZFP92,-0.0899172719089822
ZFPL1,0.0221888573135537
ZFPM1,0.1095512622310969
ZFPM2,-0.0346622780509518
ZFR,0.4505286976580842
ZFR2,0.1712822551987756
ZFTA,0.1221923218718258
ZFTRAF1,0.0401437096516129
ZFX,0.1027331310010018
ZFY,-0.6319702721867657
ZFYVE1,0.0352959159982302
ZFYVE16,0.1043121605816686
ZFYVE19,0.0908947752407369
ZFYVE21,0.0009266878033745
ZFYVE26,0.0385870310561809
ZFYVE27,0.1275047854346809
ZFYVE28,-0.0564279861720158
ZFYVE9,0.0054245347511002
ZG16,-0.1198159956146436
ZG16B,-0.0007700784236078
ZGLP1,0.0053079986487901
ZGPAT,0.1426260417868041
ZGRF1,0.3087249356274616
ZHX1,-0.1346311711594113
ZHX2,-0.0693753307997905
ZHX3,-0.1763795918900607
ZIC1,-0.1442086581877265
ZIC2,0.0275434253243096
ZIC3,-0.0495697543800241
ZIC4,-0.051390513542991
ZIC5,0.1201590090966481
ZIK1,-0.0654038931245499
ZIM2,-0.0211866078609792
ZIM3,-0.1506312757655303
ZKSCAN1,0.0847403098584504
ZKSCAN2,0.0606326638327463
ZKSCAN3,0.050330118055341
ZKSCAN4,0.0621534778195912
ZKSCAN5,0.2301675746175123
ZKSCAN7,0.0286100495776275
ZKSCAN8,-0.1261679743658224
ZMAT1,-0.1520570095796869
ZMAT2,2.40782250034258
ZMAT3,-0.0728809664839882
ZMAT4,0.0594143987113444
ZMAT5,1.3866198788161106
ZMIZ1,0.2362544669378634
ZMIZ2,0.0048801488041331
ZMPSTE24,-0.075884564861574
ZMYM1,-0.0126517308956511
ZMYM2,0.1299488921062446
ZMYM3,0.1301981784950722
ZMYM4,0.1414440981303534
ZMYM5,0.0326754241119558
ZMYM6,0.0018048074194035
ZMYND10,0.2355968937038774
ZMYND11,-0.0999015423650636
ZMYND12,-0.0315820598918936
ZMYND15,-0.0506650199655757
ZMYND19,-0.0382934104567487
ZMYND8,0.4205543936412636
ZNF10,0.0095927283617645
ZNF100,0.1496366731711435
ZNF101,-0.0444246512673138
ZNF106,0.1863483724747068
ZNF107,-0.131554300779593
ZNF112,-0.0058945822653744
ZNF114,0.1016606719865233
ZNF12,0.0434441034673834
ZNF121,0.0810873409144231
ZNF124,0.2024113664082459
ZNF131,0.9535876256492912
ZNF132,0.0830214257703546
ZNF133,-0.0203717557110144
ZNF134,0.0725432846249906
ZNF135,-0.0019262425468633
ZNF136,-0.0130887388835624
ZNF138,-0.1690231002531759
ZNF14,-0.1352552663178461
ZNF140,-0.038452653738201
ZNF141,0.1992052751733216
ZNF142,-0.1201668153014346
ZNF143,0.4146713688486803
ZNF146,-0.1016917680276353
ZNF148,0.2798518149653161
ZNF154,-0.1725883478454566
ZNF155,0.2111336913725108
ZNF157,-0.1709514422049807
ZNF16,-0.0325731765097304
ZNF160,-0.020048518636022
ZNF165,0.0465043400013921
ZNF169,0.1624124015697826
ZNF17,-0.0613071689136708
ZNF174,0.2579486231519344
ZNF175,-0.0899487464125989
ZNF177,0.0480211893153247
ZNF18,-0.173535461254317
ZNF180,0.0106912809152239
ZNF181,0.1476939540587586
ZNF182,-0.0434822873124822
ZNF184,0.0169294539273786
ZNF185,0.2071916951434334
ZNF189,-0.1545566641594744
ZNF19,-0.0482223935107071
ZNF195,-0.0673077780086758
ZNF2,-0.1845622768078983
ZNF20,-0.038556015838082
ZNF200,0.1620985077029977
ZNF202,-0.0506897013421069
ZNF205,0.1851557604317309
ZNF207,0.9627678263662668
ZNF208,0.2457177000005969
ZNF211,-0.2118826937230859
ZNF212,0.0456359762786002
ZNF213,0.1241711799341521
ZNF214,-0.0084210458599347
ZNF215,-0.1645353475341164
ZNF217,0.595561016603543
ZNF219,-0.0687699233104505
ZNF22,0.0543089936005196
ZNF221,-0.1141299469825665
ZNF222,0.0753224155341516
ZNF223,-0.117145789473813
ZNF224,0.0542889316137092
ZNF225,0.0929034701439547
ZNF226,0.1199207169565934
ZNF227,-0.0245117309601066
ZNF229,-0.0061983951426623
ZNF23,-0.0512823122259133
ZNF230,-0.0160717438902555
ZNF232,-0.0703446510636825
ZNF233,-0.0541642894477475
ZNF234,0.0420364441453086
ZNF235,0.0816614299007666
ZNF236,0.6452735978119525
ZNF239,-0.0574390282893722
ZNF24,0.2060658663358375
ZNF248,-0.0053070997193757
ZNF25,0.0746678112619936
ZNF250,0.030568850026613
ZNF251,-0.0692335177206367
ZNF253,0.0910569932242828
ZNF254,0.0819030194799549
ZNF256,-0.1032953734532125
ZNF257,0.0089534165527647
ZNF26,0.0965833748169522
ZNF260,-0.0501657298940879
ZNF263,0.145389431098858
ZNF264,-0.012384262808005
ZNF266,0.0334657781064467
ZNF267,-0.0690684301763026
ZNF268,-0.1034866675191723
ZNF273,0.0835498466226833
ZNF274,0.0473376876669993
ZNF275,-0.4020980421530244
ZNF276,0.0169580426624161
ZNF277,0.1580598071108527
ZNF28,0.1373193597869303
ZNF280A,0.1391156557704851
ZNF280B,0.0020873231356337
ZNF280C,0.0357208385146394
ZNF280D,0.0410843866850332
ZNF281,-0.0571132530388101
ZNF282,0.0592015791762272
ZNF283,0.0902373431625279
ZNF284,0.1962359528617793
ZNF285,0.1170415536139121
ZNF286A,-0.09100473153475
ZNF287,0.0214396847320881
ZNF292,0.1010614768356722
ZNF296,0.1027210006714555
ZNF3,0.0403840877152542
ZNF30,-0.0736405771697666
ZNF300,-0.1884338066313219
ZNF302,0.0110954082637587
ZNF304,-0.1407645150861996
ZNF311,0.2462404852948502
ZNF316,-0.1308113110202204
ZNF317,0.4078431650144877
ZNF318,0.1101370360684246
ZNF319,-0.0517037476392494
ZNF32,-0.0500029456067131
ZNF320,-0.0156522283189089
ZNF322,0.2847699823673178
ZNF324,0.0294178843685962
ZNF324B,0.0543598651042681
ZNF326,0.0050685414876493
ZNF329,0.0777859115087521
ZNF330,0.2746199840744631
ZNF331,-0.3070078580645591
ZNF333,0.0765417947526601
ZNF334,-0.1389847502702821
ZNF335,1.0779501112454186
ZNF337,-0.0746628261183422
ZNF33A,-0.0537525507938824
ZNF33B,0.2374353199252195
ZNF34,0.0998866499014599
ZNF341,-0.0385581341160546
ZNF343,-0.1227711766230372
ZNF345,0.0063537167231014
ZNF346,0.1279423036897068
ZNF347,-0.1162927375886832
ZNF35,-0.0449562010215311
ZNF350,0.0415029331013234
ZNF354A,-0.1815172492643787
ZNF354B,-0.0850933537423465
ZNF354C,0.0006471468443691
ZNF358,-0.075342630335741
ZNF362,-0.1630811962338576
ZNF365,-0.181668443632256
ZNF366,0.0554452420812172
ZNF367,0.1528700611294371
ZNF37A,0.0776917660190953
ZNF382,0.0324049643411433
ZNF383,0.0131339982082996
ZNF384,0.2690622015010027
ZNF385A,0.1506513313653584
ZNF385B,-0.2103090573011037
ZNF385C,0.0582452970354315
ZNF385D,-0.3180717257618755
ZNF391,-0.1257989764571347
ZNF394,0.0856538990531881
ZNF395,-0.1153914760113436
ZNF396,0.0275128819111929
ZNF397,0.1044982140255714
ZNF398,-0.0099892418068459
ZNF404,-0.0095894114927928
ZNF407,1.2523132455785748
ZNF408,-0.0314556933177019
ZNF41,-0.1679125300566681
ZNF410,-0.02787465521154
ZNF414,0.2552271457761103
ZNF415,-0.0033021869668738
ZNF416,0.0201582063417666
ZNF417,0.1677355202338072
ZNF418,-0.0778157793455568
ZNF419,0.1456977743108737
ZNF420,-0.0929576103586183
ZNF423,-0.1662313651947567
ZNF425,0.2684409535255796
ZNF426,0.0075489444547394
ZNF428,0.2155503333755601
ZNF429,-0.0672902202936815
ZNF43,0.1002318972287983
ZNF430,0.2049357432914738
ZNF431,0.2076666033046153
ZNF432,-0.0376083486444194
ZNF433,0.0563562283213742
ZNF436,0.1878870227538933
ZNF438,-0.0631451676694712
ZNF439,-0.2206677146352395
ZNF44,-0.0342443089473826
ZNF440,-0.01082438478524
ZNF441,0.0831100719441772
ZNF442,0.1722485224141522
ZNF443,-0.0686691315244525
ZNF444,0.00619796873144
ZNF445,0.117302309923026
ZNF446,0.0115625919033566
ZNF449,0.0747079407171105
ZNF45,-0.0945104297618954
ZNF451,0.0823907456605351
ZNF454,0.0631533817916884
ZNF460,-0.0010457604041702
ZNF461,0.000835051773603
ZNF462,0.1310571524495028
ZNF467,-0.0565510042429717
ZNF468,0.3510492275580953
ZNF469,0.1493701327446146
ZNF470,-0.0798696813268585
ZNF471,-0.1849017359717765
ZNF473,-0.1454544776736582
ZNF474,-0.0897840508600356
ZNF475,0.0132971318683101
ZNF479,0.1108906777478047
ZNF48,0.0294053343254784
ZNF480,-0.1135268525877036
ZNF483,-0.0241001342428639
ZNF484,-0.0975586542915712
ZNF485,-0.0198084759283209
ZNF486,0.2793876386008523
ZNF487,0.2145312560538128
ZNF488,-0.0208019571092692
ZNF490,-0.0578459085714705
ZNF491,0.0553139438175413
ZNF492,0.9092406009182008
ZNF493,0.0830409451286036
ZNF496,0.0033000491527561
ZNF497,-0.0609971559601243
ZNF500,-0.0509527414667277
ZNF501,-0.0061864320219044
ZNF502,-0.0386021571505349
ZNF503,-0.0196492433155684
ZNF506,0.2169476092429376
ZNF507,0.0060752799613736
ZNF510,0.0512964995332283
ZNF511,0.3966761299467229
ZNF512,-0.0389908302397364
ZNF512B,0.0142667751237084
ZNF513,0.0522325984771084
ZNF514,0.0916384059520493
ZNF516,-0.0998023945398745
ZNF517,-0.0665444429739436
ZNF518A,-0.047364215919192
ZNF518B,-0.1711429463496114
ZNF519,0.023989783700368
ZNF521,0.0660158188631724
ZNF524,0.0467368565570279
ZNF525,-0.1684401744816984
ZNF526,0.1141578204765405
ZNF527,0.0897792651401742
ZNF528,0.1030870362948406
ZNF529,0.0708226496217202
ZNF530,-0.1682665371458946
ZNF532,0.1901331019377628
ZNF534,-0.0978041261904191
ZNF536,0.3035584268842937
ZNF540,-0.0661782880917077
ZNF541,-0.0113914688208419
ZNF543,-0.1518851987694836
ZNF544,-0.1618640691393894
ZNF546,-0.1002682412342641
ZNF547,-0.1741225327344593
ZNF548,-0.0503602476648695
ZNF549,0.0883701621446392
ZNF550,0.0408851221823726
ZNF551,-0.0239020358147959
ZNF552,-0.0397407811530015
ZNF554,-0.0266581336424372
ZNF555,-0.1091058637367868
ZNF556,-0.153878123508812
ZNF557,-0.0657074780039924
ZNF558,0.0394167722103747
ZNF559,0.1271589314256452
ZNF560,0.023938821767894
ZNF561,-0.0667654183795121
ZNF562,0.1847760266879357
ZNF563,0.0775317152491538
ZNF564,0.0393379469878446
ZNF565,-0.0412399846393034
ZNF566,0.078022810734365
ZNF567,-0.0703241581197788
ZNF568,-0.0430908137072062
ZNF569,0.0794794915321661
ZNF57,-0.0767438545008789
ZNF570,-0.1430027649467267
ZNF571,0.012962611797817
ZNF572,-0.0839767277778914
ZNF573,0.0534711816329345
ZNF574,1.2665922727325811
ZNF575,0.1458652838768739
ZNF576,-0.1300347904167204
ZNF577,0.0241731019489848
ZNF578,-0.0059145153567736
ZNF579,0.0186972497513158
ZNF580,0.0875314966933964
ZNF581,-0.012262979949576
ZNF582,-0.2803924489620485
ZNF583,0.0030901623827737
ZNF584,-0.0751511409404852
ZNF585A,0.0575912503099103
ZNF585B,-0.0073962386738948
ZNF586,-0.0199080278786476
ZNF587,0.2574052409196475
ZNF587B,-0.2244002103780218
ZNF589,-0.0900119467869248
ZNF592,0.0522082450625663
ZNF593,0.5311059529267472
ZNF594,-0.1101317177608444
ZNF595,0.0549252889767945
ZNF596,-0.0113807583946792
ZNF597,0.0261669528568924
ZNF599,0.2200646355436706
ZNF600,-0.1350420756828771
ZNF605,-0.076526394606158
ZNF606,-0.0985428910709634
ZNF607,0.1033606719557499
ZNF608,0.1010396931157537
ZNF609,0.0850496690071737
ZNF610,-0.1213467777282065
ZNF611,-0.5510315016168567
ZNF613,-0.0380624610132583
ZNF614,-0.1134024274080084
ZNF615,-0.0141856503801137
ZNF616,0.0083774144090512
ZNF618,0.0831106785785972
ZNF619,-0.0222247831183705
ZNF620,0.0255039686120256
ZNF621,-0.0452272347146326
ZNF622,0.6915041203919913
ZNF623,-0.0814289865371526
ZNF624,0.0649122996565316
ZNF625,0.1049957310336154
ZNF626,-0.2846218985573925
ZNF627,0.0144032718510726
ZNF628,-0.0862379731533005
ZNF629,0.0063683230787764
ZNF630,-0.0792759424043364
ZNF638,0.1817089892675178
ZNF639,-0.0714272473691437
ZNF641,-0.0380587105442639
ZNF644,0.2561851946137781
ZNF646,0.0913585735898403
ZNF648,0.0852650079488809
ZNF649,-0.0096137465177781
ZNF652,0.1059517746292787
ZNF653,0.0687793042643569
ZNF654,0.120741954040336
ZNF655,0.1298423626084508
ZNF658,0.5376769358010187
ZNF66,0.0419626453562024
ZNF660,-0.1651275942002714
ZNF662,-0.0380119070579682
ZNF664,0.0041243830003598
ZNF665,0.097393087072208
ZNF667,-0.1775874197625009
ZNF668,0.1606469863724324
ZNF669,0.0200463485888553
ZNF670,-0.1358458995235617
ZNF671,-0.072715547570454
ZNF672,0.0147387131520433
ZNF674,0.1082868286739374
ZNF675,0.0464202300963416
ZNF676,-0.0406967292296789
ZNF677,-0.0916043381399292
ZNF678,-0.0298966710971931
ZNF679,0.0418624570956433
ZNF680,0.0645631239060898
ZNF681,0.1153758091672696
ZNF682,0.0406702342375681
ZNF683,0.0768065662612214
ZNF684,0.1958782124081897
ZNF687,0.3313757622736396
ZNF688,0.2288434779888012
ZNF689,0.2384314862744924
ZNF69,0.223041959855901
ZNF691,0.1632697485345821
ZNF692,0.1373335721830841
ZNF695,0.2104736757938131
ZNF696,0.0948153939814445
ZNF697,0.0382431798655927
ZNF699,0.1128175424918471
ZNF7,-0.2013654365143768
ZNF70,0.1471228153478978
ZNF700,-0.0644106920438189
ZNF701,0.0556069363371409
ZNF703,0.0510569137791106
ZNF704,0.0474787339660419
ZNF705A,0.0911126895103679
ZNF705B,0.1566671679321735
ZNF705G,-0.0664151377238312
ZNF706,0.2398586787541221
ZNF707,-0.1318838772847372
ZNF708,0.0180725967395324
ZNF709,-0.1709661108340026
ZNF71,-0.037371284432568
ZNF710,-0.0265529336479325
ZNF711,0.001149474510382
ZNF713,-0.074954221953738
ZNF714,0.3000265160594616
ZNF716,-0.1578099256416075
ZNF717,-0.0564242860162771
ZNF718,-0.2293380021109862
ZNF721,-0.1436957651829631
ZNF723,-0.1424767452700069
ZNF724,0.1052527382840322
ZNF726,0.0007682229891517
ZNF727,-0.1031162420309486
ZNF728,0.0030372946497474
ZNF729,-0.1803586156205331
ZNF730,0.2771163032168406
ZNF732,-0.3089212208338043
ZNF735,0.0996445503912502
ZNF736,0.115695516099397
ZNF737,-0.0100272974179837
ZNF738,0.101339240254863
ZNF74,0.0024745408913983
ZNF740,0.0193669928397721
ZNF746,0.0338724881789596
ZNF747,0.1359272175791918
ZNF749,-0.1245235884307685
ZNF750,-0.0024416018920134
ZNF75A,0.1249962797785878
ZNF75D,-0.0279743457936063
ZNF76,0.0812873670951122
ZNF763,0.0150795158187035
ZNF764,-0.0091503040014922
ZNF765,-0.0961230913746483
ZNF766,-0.0817587588488863
ZNF768,0.1160250582318843
ZNF77,-0.0423770080877679
ZNF770,-0.0887313285464103
ZNF771,0.1793840230959698
ZNF772,-0.0822933737907326
ZNF773,0.0016046064323289
ZNF774,-0.0577352006299778
ZNF775,0.055317671907474
ZNF776,0.0216134701882392
ZNF777,0.0354877800436717
ZNF778,-0.0081099610937667
ZNF780A,-0.0476482962237542
ZNF780B,0.176245108499694
ZNF782,0.0773321224327016
ZNF783,0.0026808003861137
ZNF784,-0.0461768103793777
ZNF785,0.1153140340174086
ZNF786,0.0658412696273194
ZNF787,-0.0193762144306367
ZNF789,-0.0141864415199083
ZNF79,-0.0287749882458056
ZNF790,0.1254215574904303
ZNF791,0.034740158916427
ZNF792,0.0639082459857499
ZNF793,0.1503639188450548
ZNF799,-0.1538259223175436
ZNF8,0.0519830331549002
ZNF80,-0.036480313130092
ZNF800,0.008633455659596
ZNF804A,-0.0976351625816924
ZNF804B,0.1289498914425827
ZNF805,-0.068139384967095
ZNF808,-0.061956491852201
ZNF81,-0.0916861417047421
ZNF813,-0.0870531777786026
ZNF814,-0.0209090062882058
ZNF816,0.1092425795647944
ZNF821,0.0684676387909508
ZNF823,-0.0083053018608798
ZNF827,-0.048224418353911
ZNF829,0.2031890009327155
ZNF83,0.1287226835281955
ZNF830,1.0747892160765224
ZNF831,-0.0629656890562601
ZNF835,-0.0122273228024762
ZNF836,-0.1187164832284488
ZNF837,0.0358424520283923
ZNF839,0.0449989668539266
ZNF84,-0.0266941043615615
ZNF841,0.0271725287494512
ZNF843,-0.0939365103956746
ZNF844,-0.0312361702415268
ZNF845,0.062749093467678
ZNF846,-0.1430236121479494
ZNF85,0.1466780292171373
ZNF850,0.1952098987121009
ZNF853,-0.1494573880795391
ZNF860,-0.0524388939419569
ZNF862,0.097888674481183
ZNF865,-0.0508803875573265
ZNF875,0.0899467142056815
ZNF878,-0.0815826678073687
ZNF879,-0.0391316086354728
ZNF880,-0.1794628339041603
ZNF888,-0.2267321220047478
ZNF891,0.0375966815885652
ZNF90,0.0109308964058916
ZNF91,0.3021463443007264
ZNF92,0.0750864405400582
ZNF93,0.1860915151959099
ZNF98,0.4595506254378831
ZNF99,0.1050575555014561
ZNFX1,0.0744987975490437
ZNG1A,0.3049650560071285
ZNG1B,0.8259416860534361
ZNG1F,0.2178512798553089
ZNHIT1,0.3743456908392455
ZNHIT2,2.0173023063527715
ZNHIT3,1.1499937481360074
ZNHIT6,0.5855960733955686
ZNRD2,0.3458262948399619
ZNRF1,-0.1388637253722938
ZNRF2,-0.1033660129788408
ZNRF3,0.0485728046433143
ZNRF4,-0.0261144321611791
ZP1,0.051797151214091
ZP2,-0.1594802349467811
ZP3,-0.0833585994518603
ZP4,0.0541436590756514
ZPBP,-0.1740935451592379
ZPBP2,0.1124270689714708
ZPLD1,-0.1595269824141894
ZPR1,1.926195258202951
ZRANB1,0.1136805600764254
ZRANB2,0.7836062778961778
ZRANB3,-0.0601838667212123
ZRSR2,1.9625757561479096
ZSCAN1,-0.0340774459899668
ZSCAN10,0.0859739691712287
ZSCAN12,0.0274748135796102
ZSCAN16,0.166893236524943
ZSCAN18,0.0839939262203122
ZSCAN2,0.0252621858562416
ZSCAN20,0.0979373407252507
ZSCAN21,-0.0273126450225532
ZSCAN22,-0.0013822987171392
ZSCAN23,-0.0343959076281278
ZSCAN25,0.0855581677377653
ZSCAN26,0.1228570504584674
ZSCAN29,0.0769154283115046
ZSCAN30,0.0266644053582092
ZSCAN31,0.008366291667047
ZSCAN32,0.0089781302069661
ZSCAN4,-0.1765833037199976
ZSCAN5A,-0.0416480412922736
ZSCAN5B,-0.3640004614460597
ZSCAN5C,-0.1254877514558642
ZSCAN9,-0.0295721810534116
ZSWIM1,0.1120844494661559
ZSWIM2,-0.0367067647418907
ZSWIM3,0.0001117108258185
ZSWIM4,0.0355087359061408
ZSWIM5,0.0204069744243483
ZSWIM6,0.095798096649842
ZSWIM7,0.2807021166759915
ZSWIM8,0.069259850684084
ZSWIM9,-0.2268152575561911
ZUP1,0.0861985031364794
ZW10,0.3946158814214414
ZWILCH,0.1196968503454407
ZWINT,0.6840732926964719
ZXDA,-0.0737628064371812
ZXDB,0.0759701366899701
ZXDC,0.1122111442399527
ZYG11A,-0.0087738997991478
ZYG11B,0.1224284807998334
ZYX,0.0381002223420631
ZZEF1,0.2412089906245698
ZZZ3,0.5640838459347273
