action_id,score
A2M,1.6844341087642338
A3GALT2,1.961523796297827
A4GALT,2.620556897449192
A4GNT,1.7712738919827844
AACS,2.573269618138201
AADAC,1.324945441208848
AADAT,2.26875516777277
AAK1,2.6504471130650997
AANAT,2.138888520710973
AARS,3.1084839000006053
AARSD1,1.7854933410122815
AASDH,2.250816715866073
AASDHPPT,2.105103199653003
AASS,1.9536595006423216
AATF,4.3713504147794815
AATK,3.631739893441184
ABAT,2.161358386821856
ABCA1,1.470269446722579
ABCA10,2.120158897959953
ABCA12,2.6035814497975376
ABCA13,2.553318419807128
ABCA2,2.274485647389258
ABCA3,2.465548223520841
ABCA5,5.254293317307837
ABCA6,2.148853236988505
ABCA7,2.169722881835979
ABCA8,2.362331646971023
ABCA9,2.2274443929405403
ABCB1,2.430662199374704
ABCB10,1.7708046812344378
ABCB11,2.299478005946331
ABCB4,2.09135772355454
ABCB5,7.250986033392908
ABCB6,2.470502176044044
ABCB7,2.363265329032848
ABCB8,2.614650943195368
ABCB9,2.235224130738514
ABCC1,1.920864212242294
ABCC10,2.246306052026986
ABCC11,2.619588805511586
ABCC12,2.896801886189884
ABCC2,2.072044856335089
ABCC3,2.2742246246346705
ABCC4,1.6696731986591515
ABCC5,2.0961269018400484
ABCC6,1.819981517093658
ABCC8,2.6318414175834577
ABCD1,2.1771444051498343
ABCD2,2.281584443170341
ABCD3,2.5469417356144355
ABCD4,3.634533404941041
ABCE1,8.4524874423506
ABCF1,3.9882231945506144
ABCF2,2.1943778220548364
ABCF3,2.0198814664328477
ABCG1,2.06989978221836
ABCG2,2.479489769519047
ABCG4,2.599532295816154
ABCG5,3.9900283329645063
ABCG8,1.7334660137279552
ABHD1,2.041144784305679
ABHD10,2.079275282828855
ABHD11,2.232080199657129
ABHD12,1.8829577304023493
ABHD12B,1.6139970155607886
ABHD13,1.7677422137353909
ABHD14A,2.14535634765457
ABHD14B,1.2263036862325192
ABHD16A,2.0199927261232737
ABHD16B,1.887742353405712
ABHD17A,2.2521244126307187
ABHD17B,1.9950487806132469
ABHD17C,2.999900978780078
ABHD2,1.4254878554717725
ABHD3,1.8875408017500752
ABHD4,1.5439727930952845
ABHD5,2.592612160243202
ABHD6,2.189885869116125
ABHD8,1.7731308888707689
ABL1,1.538409950154947
ABL2,3.003290947426964
ABO,1.9935736485287068
ABT1,5.693085636920124
ABTB1,1.7932534298320288
ACAA1,2.291217628700562
ACAA2,2.38048425644972
ACACA,2.8657113559191743
ACACB,2.2209665650705936
ACAD10,2.4425318646994763
ACAD11,1.8984461682394176
ACAD8,2.869390833117289
ACAD9,2.423287745643349
ACADL,2.735132523613776
ACADM,2.129697680956009
ACADS,2.373518493904325
ACADSB,2.317017783557724
ACADVL,1.8035613544033435
ACAT1,2.8318220337535216
ACAT2,1.550265789858612
ACE,1.859472407190256
ACE2,2.3769558796085426
ACER1,1.7944634620006552
ACER3,2.1165202858152474
ACHE,1.88645996079753
ACIN1,2.97399553876166
ACKR1,2.6860442612584143
ACKR2,2.1773729202603693
ACKR3,2.405681088270482
ACLY,3.072937141817966
ACMSD,3.474953586445951
ACO1,2.30606480844546
ACO2,2.3407491912290936
ACOT1,2.305308548486887
ACOT11,2.284692535562632
ACOT12,1.9624177442135693
ACOT13,1.909830106430164
ACOT2,1.557805283006485
ACOT4,2.4570507081463755
ACOT6,12.14109240877034
ACOT7,2.070547692499882
ACOT8,1.7546995924779896
ACOT9,1.4444508737116606
ACOX1,3.0647223662494527
ACOX2,2.2303884185613514
ACOX3,1.6489640160976122
ACOXL,2.7968030161300272
ACP1,2.8454183861951474
ACP2,2.4750902490551474
ACP5,2.331636428631544
ACP6,2.658933079298286
ACP7,3.2993343873973613
ACPP,2.398025961731612
ACPT,3.9406914061334537
ACR,2.2609172483618467
ACSBG1,2.216202278311194
ACSBG2,1.838905893599219
ACSF2,2.90390395953341
ACSL1,1.6881367641624572
ACSL3,2.116288666179654
ACSL4,2.114411513235202
ACSL5,1.8834665950225664
ACSL6,3.440044395559171
ACSM1,2.189233245890493
ACSM2B,2.409941407766674
ACSM3,2.3696899827743096
ACSS1,2.290741686241504
ACSS2,2.3210725055376624
ACSS3,2.552712617779823
ACTL6A,6.373992135048675
ACTN1,3.766019153430584
ACVR1,2.1216153643681106
ACVR1B,2.567602603882682
ACVR1C,2.13323708323243
ACVR2A,2.5147328318230286
ACVR2B,1.830930786418811
ACVRL1,3.554195013772773
ACY1,2.284510186455765
ACY3,3.0048907382089696
ACYP1,1.8633952323713632
ACYP2,2.4164102980241573
ADA,1.633548132452213
ADAD1,25.348042246782363
ADAM10,2.674243371550696
ADAM11,2.027297347781197
ADAM12,1.3559393557512902
ADAM15,3.2312817319030045
ADAM17,2.914804921513354
ADAM18,2.076535391727847
ADAM19,2.1038695617265804
ADAM2,1.8172263836666176
ADAM20,2.213765097802445
ADAM21,2.0613415669434527
ADAM22,2.2745904394543026
ADAM23,2.3692477597957216
ADAM28,1.913022496655118
ADAM29,1.8415036035767216
ADAM30,2.060966214107676
ADAM32,2.8120417318670423
ADAM33,1.9120642436866755
ADAM7,1.3713284730015975
ADAM8,2.455314972036073
ADAM9,2.145812763761963
ADAMDEC1,2.4089846580207928
ADAMTS1,2.650164480632858
ADAMTS10,1.9028196132422972
ADAMTS12,4.052805768007793
ADAMTS13,2.591307127113313
ADAMTS14,1.8882255759728
ADAMTS15,2.74561622998147
ADAMTS16,2.1108202745042965
ADAMTS17,4.232295324087564
ADAMTS18,2.263349643542069
ADAMTS19,3.882708527521708
ADAMTS2,2.273020017210296
ADAMTS20,2.0290335171830827
ADAMTS3,1.8836027527675785
ADAMTS4,1.6999560611140545
ADAMTS5,2.1353486806954227
ADAMTS6,2.013375724658208
ADAMTS7,1.6705130803029509
ADAMTS8,3.1028739864815886
ADAMTS9,3.027647497665084
ADAR,2.3514481062421364
ADARB1,2.778364356924792
ADAT1,2.295074859892541
ADAT2,2.0401888327505917
ADCK1,3.82497779348661
ADCK2,2.025477220530864
ADCK3,2.864294881094685
ADCK4,3.1568356617715896
ADCK5,2.024227183614228
ADCY1,2.0386658349101943
ADCY10,3.5189416288338946
ADCY2,2.140610346066132
ADCY3,2.550134856781409
ADCY4,2.358265011788602
ADCY5,1.3237672736077344
ADCY6,2.8106806952049284
ADCY7,1.9098498886020396
ADCY8,3.627091604204912
ADCY9,1.8580977399587524
ADCYAP1R1,1.7818818888714831
ADD1,2.5423232436262198
ADGB,2.353131907897597
ADGRA1,1.5753768200971192
ADGRA2,3.902948673027252
ADGRA3,1.8671414058022489
ADGRB1,3.152431163324739
ADGRB2,3.683699635060285
ADGRB3,2.528649868451166
ADGRD1,2.5478192305652634
ADGRE1,1.8982279019858577
ADGRE2,2.6165999135518887
ADGRE3,1.8453893103550691
ADGRE5,1.843275487218809
ADGRF1,2.0809849069360067
ADGRF2,2.8214313449078805
ADGRF3,2.1973209280365658
ADGRF4,2.226108614796104
ADGRF5,2.221737265874375
ADGRG1,2.673294714102891
ADGRG2,3.895208132902211
ADGRG3,3.104762558538669
ADGRG4,2.503474069681298
ADGRG5,3.267107728945844
ADGRG6,1.919620360127736
ADGRG7,2.14203575964092
ADGRL1,2.4286144264749057
ADGRL2,2.202515007667547
ADGRL3,2.3628480279920354
ADGRL4,2.3363787137506224
ADGRV1,2.9876111748484533
ADH1A,4.447550260836639
ADH1B,2.489024356910789
ADH1C,2.39163442924583
ADH4,2.1511950236759594
ADH5,2.664678741550308
ADH6,1.7583400597012289
ADH7,1.8398350579422755
ADHFE1,2.019705531213468
ADI1,4.23742741727569
ADK,1.6273894701523204
ADM2,3.2722960707924025
ADNP,2.8979682610953854
ADORA1,2.751047638978476
ADORA2A,2.0901295942190785
ADORA2B,2.286623825095752
ADORA3,2.82173686300733
ADPGK,1.39207112088802
ADPRH,1.4742755394540774
ADPRHL1,2.216114497855078
ADPRHL2,4.3206394514045385
ADRA1A,3.0146904233995366
ADRA1B,2.4952541568087425
ADRA1D,22.17884087375482
ADRA2A,2.8781312406386164
ADRA2B,2.005795231319793
ADRA2C,2.484002486765887
ADRB1,2.5219848677068275
ADRB2,2.2878861115257383
ADRB3,1.3410954128821064
ADRBK1,4.628782972273591
ADRBK2,1.9592218981258127
ADSL,2.3104931687878296
ADSS,2.959665744443744
ADSSL1,2.2702723970519023
AEBP1,1.596288693981845
AEBP2,1.7427360745155491
AES,1.5883125966304164
AFF1,5.316050793250942
AFF3,4.304113879008912
AFF4,3.2472220426199403
AFG3L2,3.2599494345161366
AFMID,1.9349785553394132
AFP,1.6905684644124803
AGA,1.5487648697357204
AGAP3,4.253182705389474
AGBL1,2.44482322356595
AGBL2,1.859573120118336
AGBL3,2.019559994649911
AGBL4,1.559929700736608
AGBL5,1.43264526280322
AGER,2.0847066351300336
AGK,2.449210861457213
AGL,2.4335917539890555
AGMAT,2.01640849717723
AGMO,2.49256857440999
AGO1,2.761615973655671
AGO2,2.533080163307158
AGO3,3.136124901103837
AGO4,2.040215086798186
AGPAT1,1.852859057159808
AGPAT2,2.1482763229806165
AGPAT3,2.5339163401391285
AGPAT4,2.0675562038039703
AGPAT5,1.431375355457565
AGPS,2.433255226829878
AGT,2.9796836388900427
AGTPBP1,2.709175163047145
AGTR1,3.14202990931608
AGTR2,2.116630271108157
AGXT,2.554516358296005
AGXT2,2.2780588618010578
AHCTF1,6.4928120488860825
AHCY,1.9245095320579413
AHCYL1,3.0066745853827084
AHCYL2,2.1105840838528755
AHR,1.9233432648396929
AHSA1,1.94683164444212
AICDA,1.7078548067528123
AIFM1,2.6322719004476363
AIFM2,1.9353152589850504
AIFM3,1.943059016668313
AIP,4.3425985341562425
AIPL1,1.8411559447020671
AIRE,1.8211438778676667
AK1,2.528624105091115
AK2,2.139046443906356
AK3,2.055196714343485
AK4,2.349022531504808
AK5,2.9876385218911903
AK6,2.086668634183843
AK7,2.120063607877515
AK8,2.58820627312611
AK9,2.4847586651883264
AKAP10,2.2981801536274404
AKAP11,2.2696056382218264
AKAP13,2.2569818694444788
AKAP14,1.697075161627946
AKAP3,1.8079869278703524
AKAP4,5.91674471200096
AKAP5,2.38528310139302
AKAP6,1.8444697127692475
AKAP7,2.1189729523450413
AKAP8,2.756274192478074
AKAP8L,2.8291635161406146
AKAP9,2.16758280905836
AKNA,2.811478240046448
AKR1A1,2.5734445003822164
AKR1B1,1.884291874903709
AKR1B10,1.8103422781750576
AKR1C1,2.248306530259577
AKR1C2,2.2914816031363525
AKR1C3,2.5956787576100417
AKR1C4,2.375707058940427
AKR1D1,3.078469264080934
AKR1E2,3.276821114619508
AKR7A2,2.3390505945820927
AKR7A3,2.701354249351888
AKT1,2.773722949148752
AKT2,3.080141966511213
AKT3,3.4220909853328174
AKTIP,1.4474559604849373
ALAD,1.827077263891396
ALAS1,3.99108033561835
ALAS2,2.4200986750694597
ALB,1.9463659796582216
ALDH16A1,4.070532240828012
ALDH18A1,1.6936332913813776
ALDH1A1,1.6993816060067244
ALDH1A2,2.323034010042898
ALDH1A3,2.027018550125137
ALDH1B1,2.0379447695576296
ALDH1L1,1.643741457412001
ALDH1L2,2.177992320737141
ALDH2,2.709048097757159
ALDH3A1,2.638959214994835
ALDH3A2,2.5940739201929994
ALDH3B1,3.3265468213035723
ALDH3B2,2.603566652316053
ALDH4A1,2.037971775811009
ALDH5A1,2.041785918915933
ALDH6A1,4.546020840803273
ALDH7A1,4.002636958282857
ALDH8A1,1.7742564820947695
ALDH9A1,1.606497873094786
ALDOA,5.397771453108916
ALDOB,1.7783773023943446
ALDOC,2.82231559848934
ALG1,2.922880448503604
ALG10,2.9002671020221773
ALG10B,3.5068141974558147
ALG12,1.7095421886869857
ALG13,2.093650671804318
ALG2,1.841712217916695
ALG3,2.074864631302592
ALG5,2.636265396259386
ALG6,2.5444660315726244
ALG8,1.8538338737446256
ALK,5.032002777333253
ALKBH1,3.764705342911861
ALKBH2,2.5585587253425754
ALKBH3,2.816535762736668
ALLC,2.504216594861741
ALOX12,3.431107266083928
ALOX12B,1.8745613816441176
ALOX15,2.059690426653123
ALOX15B,1.9179105822503448
ALOX5,2.23849668348445
ALOX5AP,2.3518592108871594
ALOXE3,1.6416990691040154
ALPI,2.301969276645964
ALPK1,2.281803960852135
ALPK2,1.7118633510715926
ALPK3,8.527255564814787
ALPL,2.5976915916565235
ALPPL2,2.4632318871539285
ALX1,2.578981579219683
ALX3,1.9939091216918807
ALX4,3.0895794367854257
ALYREF,4.774426760915932
AMACR,2.3101645723887656
AMBP,1.6577798654954996
AMD1,6.927971190697038
AMDHD1,2.116155169216989
AMDHD2,1.926296960816182
AMFR,1.8247539559415864
AMHR2,2.859461419011264
AMPD1,2.2936764058015258
AMPD2,3.027865277581857
AMPD3,2.2916615511977145
AMT,2.3634784565219253
AMY2A,2.008802071744714
AMY2B,2.2672479739206075
AMZ1,2.024752739029638
AMZ2,2.3198869258937416
ANAPC11,4.997144172781308
ANAPC2,8.328238647091748
ANAPC4,8.267246877735685
ANAPC5,7.78666687832379
ANG,2.0553253455116374
ANGPT1,2.0545249835996837
ANGPT2,2.235269846397102
ANGPTL1,2.299475438003084
ANGPTL2,2.291280832271779
ANGPTL3,2.1207920332976915
ANGPTL7,2.4687443822738984
ANK2,5.967149610500972
ANK3,2.6233409568202664
ANKEF1,2.5577640103819554
ANKH,2.1655869261003096
ANKIB1,2.425622811401622
ANKK1,2.0854409122541315
ANKRA2,2.6489477605154166
ANKRD1,1.72023840801501
ANKRD10,2.2115501072242414
ANKRD2,1.878827219022267
ANKRD22,2.2704671243691643
ANKRD30A,4.092737339053696
ANKRD33,2.0599621566054047
ANKRD42,1.927113473468039
ANKRD45,1.6630739112254556
ANKRD49,3.250492876471755
ANKRD53,3.0969318291611643
ANKRD54,1.6313850393447609
ANKRD55,5.949353231343392
ANKRD6,2.182279110675912
ANKRD7,2.085493243152068
ANKS3,3.252917650181251
ANKZF1,2.3595965285857687
ANO1,2.7523680770138075
ANO10,2.205666424355384
ANO2,2.324862151171733
ANO3,2.7277659724793435
ANO4,2.15844400735613
ANO5,3.032755035850761
ANO6,2.359882314555679
ANO7,2.393930603444784
ANO8,3.246174989587716
ANO9,2.208268448453013
ANOS1,1.9399906425647584
ANPEP,2.1906511923278957
ANXA3,2.944595523009268
ANXA6,1.6794842229349944
ANXA9,3.1044372261376605
AOAH,3.260364660724544
AOC2,2.143639511427565
AOC3,2.3387379641374078
AOX1,1.9859653302464264
AP3B1,3.8671769891534975
APBA3,1.8034420176008623
APC,6.781637182498262
APC2,3.08160464301695
APEH,2.6844931520428985
APEX1,2.0486900054301174
APEX2,1.9115924799090704
APLNR,2.859363018611659
APLP2,2.7091731501444487
APOA1,2.8809095021809257
APOA2,2.374677614136629
APOA4,5.746974452761741
APOB,1.639175162276684
APOBEC1,1.6723269910638023
APOBEC2,1.9466443948349668
APOBEC3A,2.269944924404854
APOBEC3B,2.1502326559361262
APOBEC3C,2.5996511968744813
APOBEC3D,1.945791524529936
APOBEC3G,2.251887648464148
APOC1,2.27479985207236
APOC2,2.491810803817199
APOC3,2.4655232689330377
APOC4,2.874922360413343
APOD,2.4332980743171277
APOE,1.733364735796327
APOF,1.6448571174763156
APOH,2.5452642757258537
APOL1,2.1292036558082086
APOL3,1.9987978050020248
APOM,1.825896386543118
APRT,5.229744340270486
APTX,2.361193783682393
AQP1,1.8426343752827
AQP10,2.4558723600626093
AQP11,2.177005216473209
AQP12A,2.7199686832796623
AQP12B,4.395147386501297
AQP2,1.6345655032268729
AQP3,1.7852193235694964
AQP4,1.215558222694932
AQP5,1.773394211864186
AQP6,1.67113877792719
AQP7,6.856704124890051
AQP8,1.3993097021053558
AQP9,1.3707012939606456
AR,2.1044391681183203
ARAF,1.6435002318235912
AREG,2.064171514726932
AREL1,2.1664741654066555
ARF1,2.991780266078513
ARF3,1.887725746527576
ARF4,4.117654585785616
ARF5,1.623561581719306
ARF6,2.0763039917697
ARFGAP1,2.0107677021422585
ARFGAP3,1.752668241550073
ARFRP1,3.006805134783753
ARG1,1.4044916016224334
ARG2,1.7299041394887475
ARHGAP35,2.614626158412262
ARHGAP5,2.112652723154417
ARHGAP8,1.9018046688599552
ARHGDIA,2.115272863876606
ARHGDIB,1.5559234659125811
ARHGEF10,2.2544427131482965
ARHGEF12,3.825190886018124
ARHGEF17,3.2728806162219684
ARHGEF18,3.2157499638882827
ARHGEF2,2.905824676205337
ARHGEF6,1.7882772696457157
ARHGEF7,1.9407853863321156
ARID1A,3.415717040362722
ARID1B,3.1907551588189835
ARID2,2.9553826200201323
ARID3A,2.515671866315635
ARID3B,2.7352235220677734
ARID3C,2.798617487680214
ARID4A,1.73663035793083
ARID5A,2.427246122661466
ARID5B,2.8729916968927376
ARIH1,7.1111346443110754
ARIH2,2.681161011690969
ARL1,2.6442698796918065
ARL2,3.9780790719777257
ARL4A,2.3010363507567777
ARL4D,2.1128088422978046
ARL5A,2.376200499182837
ARMC4,2.441687605667473
ARNT,2.0811175525701318
ARNT2,1.5353566084765964
ARNTL,3.177981827460176
ARNTL2,1.855688258203636
ARPC3,4.424263216670984
ARPC4,3.390217354123412
ARPP19,2.137218255167673
ARSA,1.9572179075514209
ARSB,2.248238359675101
ARSD,1.870583619051158
ARSE,2.35933585641249
ARSF,1.7285412614121192
ARSG,2.8394716799272377
ARSH,2.456851011057684
ARSI,2.6011258870475373
ARSJ,1.4351245553115792
ARSK,2.8658617301460314
ART1,2.2327906380897944
ART3,1.981212194140847
ART4,1.7512120137484173
ART5,2.3158862354069707
ARX,2.8710781721409404
AS3MT,2.3650031133840863
ASAH1,2.502710384125859
ASAH2,2.069322220380368
ASB1,2.752055987662836
ASB10,1.93497080473459
ASB11,2.3812404539109755
ASB12,1.3474804004401857
ASB13,21.85910676588687
ASB14,4.840868423263404
ASB15,1.3188237345794371
ASB16,2.8098679360083647
ASB17,1.6921210387402488
ASB18,2.609612550932112
ASB2,2.383926039606895
ASB3,1.7883877772742396
ASB4,1.5454516991353886
ASB5,2.053725528945097
ASB6,9.862389849437411
ASB7,2.088600487322664
ASB8,2.6446903609249275
ASB9,1.494211425467554
ASCC3,4.685387659311374
ASCL1,2.882357357390489
ASCL2,1.8415361302836024
ASCL3,2.2775001635816445
ASF1A,2.859143803798509
ASGR1,2.652527893992032
ASGR2,1.8946838507198869
ASH1L,2.5764604128595043
ASH2L,4.427924615452122
ASIC1,2.330223068650345
ASIC2,2.09279216420484
ASIC3,2.0321429865479983
ASIC4,3.7008453789051594
ASIC5,2.15226538524699
ASL,2.7715806002441967
ASNA1,4.32305821126385
ASNS,3.830474305827489
ASNSD1,2.009844598103613
ASPA,1.7429224889512585
ASPG,2.5797274307500437
ASPH,5.733798533072594
ASPHD2,2.0804892856961104
ASPRV1,1.672011990364467
ASRGL1,1.502178614972561
ASS1,1.9667137213977817
ASTL,1.874366287205507
ATAD1,2.251780069174253
ATAD2,2.407998833174519
ATE1,2.145179618638421
ATF1,2.5829814884258244
ATF2,2.446758718901194
ATF3,2.42498729690816
ATF4,3.1460489881978333
ATF5,5.522425325249779
ATF6,2.1293027193695253
ATF6B,3.498725621729664
ATF7,2.63436345864197
ATF7IP,3.046912649218584
ATG10,2.0886007191899347
ATG12,2.6954447584157912
ATG3,4.465263734683583
ATG4A,2.533890471467684
ATG4B,1.7765128644318782
ATG4C,2.4529351450031878
ATG4D,2.42372466704378
ATG5,2.414665801658989
ATG7,1.7344987901013742
ATHL1,2.574806815162593
ATIC,2.453533991690442
ATL1,2.112359532068337
ATM,3.0963587096602136
ATN1,1.7671988913973995
ATOH1,2.202069676539322
ATOH7,2.273394550335202
ATP10A,2.4631623103041944
ATP10B,2.278645699414474
ATP10D,1.473779574082588
ATP11A,2.5479687612360493
ATP11B,1.9790571606540244
ATP11C,2.155204482619057
ATP12A,2.0890373177163237
ATP13A1,2.464642387033464
ATP13A2,1.8211358436432603
ATP13A3,1.8057526257470735
ATP13A4,1.911040494635687
ATP13A5,1.2819098516730711
ATP1A1,3.8912738739518753
ATP1A2,3.1972128279193712
ATP1A3,1.916117282273537
ATP1A4,2.2923892984778846
ATP1B1,1.4801812713458475
ATP1B2,1.4045515357616798
ATP1B3,1.7219264309605544
ATP1B4,2.219550013212954
ATP23,3.2173891256188547
ATP2A1,23.226518869597545
ATP2A2,6.862152161498789
ATP2A3,2.654414922378734
ATP2B1,3.3092332567965204
ATP2B2,2.0975655978438685
ATP2B3,2.709461999837934
ATP2B4,1.90395992970114
ATP2C1,7.747625642917567
ATP2C2,2.2003604780176174
ATP4A,2.7418554426220094
ATP4B,2.330785504893441
ATP5A1,3.369569960241815
ATP5B,3.81554999086685
ATP5C1,3.180351761241879
ATP5G2,3.5292254987985405
ATP5G3,1.6599787764100098
ATP5H,3.699021192669972
ATP5J,2.0744322604623946
ATP5O,2.47277170499359
ATP6AP1,5.079419067964954
ATP6V0A4,2.5241152417612
ATP6V0D1,8.29422379911122
ATP6V0D2,2.4512004523047164
ATP6V0E1,4.191748553631458
ATP6V1A,3.998235698594655
ATP6V1B1,2.7153101398118014
ATP6V1B2,5.964249173026778
ATP6V1C1,5.176319606727327
ATP6V1C2,1.7356188079457129
ATP6V1D,4.104263912669468
ATP6V1E1,4.026996984755041
ATP6V1F,3.1314320670636824
ATP6V1G1,227.97987258300955
ATP6V1G2,3.240302733001524
ATP6V1G3,2.1931606321048536
ATP6V1H,3.4508576240633606
ATP7A,1.9777524791588204
ATP7B,3.0572314479023546
ATP8A1,3.395664435429517
ATP8A2,5.800658102109503
ATP8B1,2.360105014258874
ATP8B2,2.4904239226470093
ATP8B3,2.773516329057592
ATP8B4,1.8680538625966905
ATP9A,2.09475425180791
ATP9B,2.850755656228762
ATR,2.910098088203993
ATRX,2.314512016863376
ATXN3L,2.023544469931734
AUH,1.9288156625619304
AURKA,8.954499700250794
AURKAIP1,3.3124592111507787
AURKB,9.201212624846349
AURKC,2.413456288661635
AVPR1A,2.004870805878124
AVPR1B,2.8451161442972666
AVPR2,2.2180194792825367
AXL,3.469067955817982
AZIN1,3.3382997256178286
AZIN2,2.715519185271752
AZU1,2.3372376726105637
B2M,1.9129857819228355
B3GALNT1,2.669041991566468
B3GALNT2,2.3326133270821927
B3GALT1,3.178794095032538
B3GALT2,2.680602592973771
B3GALT4,2.351641386503334
B3GALT5,2.512945460904727
B3GALT6,2.8008591408353336
B3GAT1,2.8426789074592884
B3GAT2,2.20133073315864
B3GNT2,3.9718468512279816
B3GNT3,2.2134440286501875
B3GNT4,2.1824056093667643
B3GNT5,1.5321093483716242
B3GNT6,2.3307926600937248
B3GNT7,2.349934307169148
B3GNT8,3.297031007111507
B3GNT9,2.042078082344659
B3GNTL1,2.2534088369646343
B4GALNT1,2.554819134474449
B4GALNT2,2.2904747754377444
B4GALNT3,2.475056515620218
B4GALNT4,2.3227529684418795
B4GALT1,8.442380456372186
B4GALT2,3.216580398152879
B4GALT3,2.621401773701148
B4GALT4,2.5330086483782126
B4GALT5,2.8606802021935667
B4GALT6,2.476206908141897
B4GALT7,2.221425037480356
B4GAT1,2.817962885626627
BAAT,1.179143410999631
BACE1,4.155300817081274
BACE2,2.362425623392332
BACH1,2.4845566700968047
BACH2,1.6718066795835602
BAD,3.0816663283586583
BAG1,2.7077001073639786
BAG2,2.6728723480816003
BAG3,2.195725384866103
BAG4,1.7812769615876587
BAG5,2.3528077897169477
BAHD1,2.2424648246003582
BAIAP2,3.4841649024407406
BAK1,2.664047094202619
BAP1,2.953227680232635
BARD1,2.9752741283978565
BARHL1,2.5316170333172194
BARHL2,5.056771681494875
BARX1,4.088407544384845
BARX2,3.243917394927218
BATF,2.372350055824037
BATF3,2.539227868379517
BAX,2.1790873008030665
BAZ1A,1.776297426690156
BAZ1B,2.2910235162430155
BAZ2A,2.4204144209231613
BAZ2B,1.7502460164629126
BBOX1,2.635961654279966
BBX,1.9415665584632404
BCAM,5.821869763494378
BCAP29,1.8592479297166529
BCAS2,4.920411399173811
BCAT1,2.030714606479289
BCAT2,3.194222233057801
BCHE,1.558765613191743
BCKDHA,3.2958040804669304
BCKDHB,2.7684172879556863
BCKDK,2.242771609285984
BCL11A,7.165676798157173
BCL11B,2.357782750784086
BCL2,1.972483944122165
BCL2A1,2.085545269616087
BCL2L1,6.011307824186006
BCL2L10,3.5089434037370006
BCL2L11,3.103701946806701
BCL2L13,1.8933192430554893
BCL2L14,1.4190893899024746
BCL2L2,1.3938928211053327
BCL3,2.1673491618321674
BCL6,3.8186878571892655
BCL6B,2.9493752410891703
BCLAF1,3.833931916562452
BCO1,4.357847825834143
BCO2,2.6099865940431317
BCOR,2.8871094237538357
BCR,2.0704352583242045
BCS1L,1.790222202027124
BDH1,2.087339425806229
BDH2,1.8177593319432117
BDKRB1,2.6012594302419703
BDKRB2,1.9448838563550237
BDNF,2.9045518385928406
BDP1,6.675814796482657
BECN1,7.4448445127287535
BEGAIN,3.78906684922573
BEST1,2.963789716115799
BEST2,2.0513294050831496
BEST3,1.7074677139492005
BEST4,3.066024015906279
BFAR,3.1695337672912838
BHLHA15,2.214275002203284
BHLHA9,2.654394745673945
BHLHE22,2.472439768325406
BHLHE23,1.9747131037648895
BHLHE40,1.9569930881692077
BHLHE41,2.5468337160389907
BHMT,3.070791232612619
BHMT2,2.116126956795706
BID,2.171049517314214
BIRC2,3.824798323118152
BIRC3,2.204731166429156
BIRC5,24.538257253980785
BIRC6,3.920121377092563
BIRC7,2.1598974555894874
BIRC8,4.38529903280994
BLK,1.5536573982551265
BLM,4.321728213649753
BLMH,2.246970730702411
BLVRA,1.57101307323035
BLVRB,3.2211816463412504
BLZF1,2.898489165219971
BMI1,1.7009835355521552
BMP1,3.031191143259143
BMP15,2.3821099263867067
BMP2,2.3854974186824225
BMP2K,3.9131911557347214
BMP3,2.2930743791291603
BMP4,2.044468133522229
BMP5,2.1218542103875717
BMP6,2.206658678917806
BMP7,2.0061781532735536
BMP8B,2.6467106087665617
BMPR1A,2.489254902151325
BMPR1B,2.1420105831563787
BMPR2,2.8144897574887024
BMX,2.1671363997098334
BNC1,1.917076457158929
BNC2,2.697935668152387
BNIP1,2.5539430961549527
BNIP2,1.8742595195780576
BNIP3,2.8741641207546667
BOLL,2.306486773883793
BPGM,1.644066541975235
BPHL,2.1493087670978004
BPI,2.0482488406669868
BPNT1,2.053642326290726
BPTF,3.403729817310461
BRAF,2.680631940726919
BRAP,2.5103727551108217
BRCA1,3.631657785615565
BRCA2,2.579268995099531
BRCC3,3.4910506130030576
BRD2,2.6627985835078283
BRD3,1.3967189206167896
BRD4,2.638129645769156
BRD8,3.0384534704807717
BRDT,2.037078173204236
BRF1,2.2490519630189403
BRF2,10.407707134012464
BRIP1,1.6826937069170105
BRPF1,1.9208675695654327
BRPF3,2.3916092791875463
BRS3,2.289749872572394
BRSK1,2.0435834691173977
BRSK2,2.59188943521574
BRWD1,3.234632179492855
BSND,2.893756467390142
BST1,1.8596069266752748
BSX,2.82436986051611
BTAF1,3.965593408996908
BTBD11,2.491763643213955
BTBD3,3.3964547984085063
BTD,6.315937965231806
BTF3,6.509176487707854
BTG1,2.409916011131837
BTG2,5.528373118172669
BTK,1.7798366251070084
BTN1A1,1.88347388733334
BTRC,1.860990752079577
BUB1,2.6725428877277464
BUB1B,2.164028217523005
BUB3,5.467794693730398
BUD31,7.115507768173912
BZW1,2.301657507754638
BZW2,2.283379440267109
C10orf2,2.1713572400155234
C10orf90,1.9837015911797176
C17orf78,2.3509614196342232
C1GALT1,25.985101354058028
C1R,2.9027648639720094
C1RL,2.131344413505067
C1S,3.551949478150043
C1orf61,3.3041949493541347
C2,2.23264629026082
C3AR1,3.0335737452222404
C5,2.855476596343776
C5AR1,3.761822143807081
C5AR2,2.3248550391883613
C8G,2.6793919990405164
C9orf3,1.7363530504575506
CA1,1.5215639328170132
CA10,2.148313264272399
CA11,2.084217782845284
CA12,1.9256724066477315
CA13,1.848102195477826
CA14,1.7820565895032137
CA2,1.896227560061132
CA3,1.9490796064788132
CA4,57.20479251543736
CA5A,2.818635405441167
CA5B,1.9312967276201651
CA6,6.904475395162574
CA7,1.9700384013146333
CA8,2.5767458827600045
CA9,2.330828408090736
CACNA1A,3.401538797110728
CACNA1B,2.382659986057155
CACNA1C,9.379918183885144
CACNA1D,1.8996381630738828
CACNA1E,2.984582598028217
CACNA1F,1.917407639373191
CACNA1G,2.8834283968516043
CACNA1H,2.2466035892825533
CACNA1I,1.7202552592629257
CACNA1S,1.988763414867534
CACNA2D1,1.9306265309249315
CACNA2D2,2.331597489132628
CACNA2D3,3.5303988499208727
CACNA2D4,3.028495500188725
CACNB1,4.438182208480661
CACNB2,1.9739612973765228
CACNB3,2.05462619729382
CACNB4,8.318518549889367
CACNG1,2.750726698639625
CACNG2,2.956129364794048
CACNG3,1.6050310449805982
CACNG4,1.8544816975304093
CACNG5,2.947926248738629
CACNG6,3.697366353146744
CACNG7,1.8439027308921387
CACNG8,2.525417696929884
CACUL1,1.8180784487596489
CAD,1.5547825049153496
CALCOCO1,2.228263862763219
CALCOCO2,2.399471223309548
CALCR,5.633209892397541
CALCRL,1.8362439169573872
CALHM1,2.1173311662750773
CALM1,4.347273529217697
CALM2,3.818145830940365
CALM3,2.4553639819892177
CALR,2.5929610974550035
CAMK1,2.143479679863086
CAMK1D,2.088807673915595
CAMK1G,1.7021724210311993
CAMK2A,1.9050670010486592
CAMK2B,2.901757091237369
CAMK2D,19.539015344848785
CAMK2G,2.194600409077911
CAMK4,5.262109715478471
CAMKK1,2.4132949825357355
CAMKK2,2.0663023219221524
CAMKV,1.7531068667266478
CAMTA1,3.4615610000353967
CAND1,3.8205793760419975
CAND2,1.883866292660608
CANT1,2.214207765671479
CAPN1,2.762166086961624
CAPN10,2.2509699427495
CAPN11,2.2377913197281787
CAPN12,2.576107055035036
CAPN13,1.6335262587587205
CAPN14,3.1448875090470354
CAPN15,3.1831242723313102
CAPN2,2.0639210435497524
CAPN3,1.7707008454223383
CAPN5,1.6167693078037608
CAPN6,1.919058235054025
CAPN7,1.993587993251821
CAPN8,3.1361931324389185
CAPN9,1.9663350414816525
CAPNS2,2.880205463992448
CARD10,3.1074338918033906
CARD11,2.492695822007355
CARD8,5.032048959289926
CARF,2.8981966303685294
CARM1,2.109112138125
CARS,3.9832248587905097
CASD1,2.664195893568896
CASK,1.96556651246438
CASP10,2.5563661953321217
CASP14,3.0166133643276023
CASP2,2.272082041589784
CASP3,2.1458154478914744
CASP4,2.057193477795341
CASP5,4.992942952186477
CASP6,3.708079495240803
CASP7,1.7626454795164064
CASP8,1.982366622625889
CASP8AP2,9.881335104927082
CASP9,1.5374565075851776
CASR,3.58313149483005
CASZ1,3.0208601792168115
CAT,2.3218353176497235
CATSPER1,2.64315051914905
CATSPER2,2.345113702524282
CATSPER3,1.815119864894346
CATSPER4,2.414665341177855
CATSPERB,1.549967972248791
CATSPERD,19.65781098463224
CATSPERG,2.283008172846684
CAV1,1.8152524811602984
CAV3,2.159047759179609
CBFA2T2,2.1153411851429684
CBFA2T3,2.906034154731763
CBFB,4.014247459911315
CBL,2.800312084295491
CBLB,3.094496634735793
CBLC,2.108766447836163
CBLL1,2.748305082608207
CBR1,2.1423926814607173
CBR3,1.9955764135896712
CBR4,2.3257740367617163
CBX2,4.540971004369933
CBX4,1.7940461124130611
CBX7,2.4803937509768272
CBX8,2.0387123403155503
CC2D1A,2.3565181487581537
CCKAR,2.370796188778498
CCKBR,2.673966896331969
CCL13,2.4686284609333424
CCL14,2.375657452331194
CCL20,2.760798124109103
CCL7,2.085578733496099
CCNA1,2.2579668148773298
CCNA2,9.204830147836098
CCNB1,3.654298302303304
CCNB1IP1,3.53067035245896
CCNB2,3.597683763741102
CCNB3,1.3908376382983163
CCNC,3.053942375658782
CCND1,2.870275644252423
CCND2,3.387715208518292
CCND3,1.901687266583153
CCNE1,3.2337434589095726
CCNE2,2.2071052018678863
CCNF,3.968909093029133
CCNG1,1.796266372490413
CCNG2,2.2907228176200376
CCNH,2.1264832706413253
CCNI,2.107583150530924
CCNO,2.4753110999529326
CCNT1,3.311897498535142
CCNT2,4.147502636243395
CCR1,2.127665000391594
CCR10,3.742080422495901
CCR3,2.4107729070180826
CCR4,2.068168898108991
CCR5,2.5114815083470727
CCR6,2.3159723542479544
CCR7,2.4192626974448017
CCR8,2.465707511535453
CCR9,2.635920933576719
CCRL2,2.673785874064277
CCS,2.3253210739470926
CCT2,10.749920763251817
CCT3,8.837922657211163
CCT4,10.1550524378599
CCT5,9.862673128217333
CCT6A,11.198174428137218
CCT6B,2.643787061996232
CCT7,7.171371780726783
CCT8,3.276571569081785
CD14,1.8021104451586496
CD160,1.8648357933777988
CD163,2.502339869022878
CD163L1,4.91520037696523
CD2,1.9287959989806136
CD244,2.2750808098418767
CD247,2.226710978422629
CD27,2.017636332223974
CD28,1.5392396390099106
CD300C,2.097238630391044
CD302,2.7467511449040622
CD36,21.829045002166776
CD38,1.9038159138148016
CD3D,2.321972525084368
CD3G,2.5589052549224345
CD40,2.238550678730797
CD5,2.338021820746516
CD5L,2.0705859420986688
CD6,2.417828677081852
CD69,1.7553663885082071
CD72,2.6623854122886064
CD74,2.0589475311864147
CD79A,2.427283959342121
CD79B,1.9114644276142172
CD86,1.998871961702375
CD93,2.0120196748057744
CDA,2.1306192749938253
CDADC1,2.472983875987826
CDC14A,1.881105280979118
CDC14B,2.77964331341722
CDC23,10.497547195829071
CDC25A,3.607492300999765
CDC25B,4.209356983661669
CDC25C,2.6993452261284663
CDC34,2.833961714488752
CDC42,8.737842743819483
CDC42BPA,2.4239156715919155
CDC42BPB,3.867362819332389
CDC42BPG,4.127895569204608
CDC42SE2,4.444181496991541
CDC5L,3.093674761895868
CDC6,14.374026908124597
CDC7,6.12792004752774
CDCA3,3.79908450476784
CDH16,2.5587505458476265
CDH17,1.726814512900231
CDH23,3.314954328944385
CDIPT,2.677625279164697
CDK1,18.848469846498205
CDK10,1.6792014159902335
CDK11A,5.307550102446444
CDK11B,6.416858263282231
CDK12,2.2725652010378905
CDK13,2.156262720208984
CDK14,1.5680590947825932
CDK15,1.991574480489708
CDK16,2.928766961032549
CDK17,2.3043860057694547
CDK18,2.1361652276746685
CDK19,2.3706676040063965
CDK2,3.320494274543237
CDK20,3.938578172031028
CDK2AP1,2.202358609267588
CDK3,2.293308066174039
CDK4,2.619529366822237
CDK5,2.943596887749683
CDK5R1,2.411781186671018
CDK5R2,3.087979092097069
CDK5RAP1,1.828738715676564
CDK6,2.767671503345464
CDK7,2.6876046770149866
CDK8,2.2201415516021115
CDK9,2.4936985850582083
CDKL1,1.6312743696753096
CDKL2,1.6109104395104192
CDKL3,2.3198349889780263
CDKL4,2.037256978100241
CDKL5,1.929409339398642
CDKN2A,3.435485114831498
CDKN3,2.580538994321751
CDO1,2.521123277393809
CDS1,2.470377203250427
CDS2,2.811764493521125
CDX1,3.3919551409205337
CDX2,3.3641684365801368
CDX4,1.933885158653872
CDYL2,2.3431526324500123
CEBPA,3.018065350004803
CEBPB,2.5501608608339
CEBPD,1.938636817645664
CEBPE,2.4526149050845745
CEBPG,2.467722751304777
CEBPZ,4.367194623404552
CECR1,2.4153622000956805
CECR6,2.287987785150895
CEL,1.6589286625809756
CELA1,2.915250769724792
CELA2A,1.3693041195229811
CELA2B,1.886963727493503
CELA3A,1.6210198151845094
CELA3B,2.0458929523037983
CELF1,3.151145166966431
CELF3,2.884057883193793
CELF4,2.342152617833386
CELSR1,1.7843521966402185
CELSR2,2.181041307575037
CELSR3,1.8435423569026108
CENPB,2.240195868365253
CENPE,9.335744621945077
CEP41,1.8022869817439116
CEPT1,2.2410383943516794
CERCAM,1.7871824631829476
CERK,2.283079260516278
CERKL,2.413867316305903
CERS2,4.208223014860294
CERS3,1.8548720929267672
CERS4,4.023375339349865
CERS5,2.0695241612778736
CERS6,2.1582827723968294
CES1,1.6086347436330806
CES2,1.5296717673752254
CES3,1.7101102276912692
CES4A,1.241330755140266
CES5A,1.551290115074878
CETN1,2.2570237636147072
CETP,2.1590614295456576
CFB,1.9548753657048863
CFD,4.061437288045498
CFI,1.93486205975454
CFLAR,2.262145847062824
CFTR,2.0143061384183243
CGGBP1,2.2833790000758665
CGRRF1,1.7866434971547018
CH25H,1.7300895046643598
CHAT,2.670408243836412
CHCHD3,3.192425097108587
CHD1,2.458243551021071
CHD1L,2.240327033351403
CHD2,3.00823999532624
CHD4,5.682296093249326
CHD5,1.9051683737937373
CHD6,3.4496049536661624
CHD7,2.3733297005650886
CHD8,5.84103555177661
CHD9,2.519656171620049
CHDH,1.9806526026440343
CHEK1,4.688129190378928
CHEK2,2.4256543570338804
CHFR,2.085480818419589
CHI3L1,2.100526989347511
CHI3L2,2.916100279020812
CHIA,1.8414218359265424
CHID1,2.321035239432033
CHIT1,2.495840305820354
CHKA,4.7546559199493
CHKB,2.0160062246254387
CHM,3.480463812892023
CHML,2.280693538352609
CHPF,2.953217989124546
CHPF2,2.0496055567067137
CHPT1,2.3331976234463303
CHRAC1,3.414641123827541
CHRFAM7A,3.4198963621561016
CHRM1,3.370407276834717
CHRM2,1.9130201139484744
CHRM3,1.8740256839368072
CHRM4,3.435648939553336
CHRM5,2.09881161246113
CHRNA1,1.9196071991936812
CHRNA10,2.1972459287285075
CHRNA2,2.447699818938478
CHRNA4,1.9564188556876236
CHRNA5,2.152700240359097
CHRNA6,1.7679733726973683
CHRNA7,2.325853078552988
CHRNA9,1.8518393487699891
CHRNB1,3.2319037316162262
CHRNB2,4.765873909349367
CHRNB3,1.9041982133257096
CHRNB4,1.5832302562396756
CHRND,2.2514344295792097
CHRNE,2.892615329239698
CHRNG,2.1851101897240093
CHST10,3.94981389403056
CHST11,1.63016567607778
CHST12,2.544911208268388
CHST13,1.4589540144085154
CHST14,2.362247535954761
CHST15,2.0492712786928244
CHST2,2.007973019577548
CHST3,14.15616059930128
CHST4,2.3768038580972526
CHST5,2.4522117158442285
CHST6,2.85365453199893
CHST7,2.246609019489465
CHST8,4.262991721891721
CHST9,2.3093154872972765
CHSY1,1.4493451137597622
CHSY3,4.20453143449031
CHUK,1.9050654636064384
CHURC1,4.198794200589012
CIAO1,2.623468545965134
CIB1,1.9863543697271215
CIB2,2.034826703497636
CIC,4.213414341880752
CIITA,1.977710761967652
CILP,2.259141725278348
CIR1,2.118063790424429
CISH,2.551090235153805
CIT,4.551284959690296
CITED1,2.2577797181751653
CITED2,2.371197919200652
CITED4,3.076822797206413
CIZ1,2.1424350120345124
CKB,2.6317938132299914
CKM,3.653569457080215
CKMT1A,2.5672858513232666
CKMT1B,1.8866417229773824
CKMT2,3.075210697977154
CKS2,3.6389713059579214
CLC,1.795748669838806
CLCA1,2.680838419590379
CLCA2,2.436858326382577
CLCA4,1.495259655025957
CLCF1,2.893242598327568
CLCN1,1.7637983197727778
CLCN2,3.5939705115459817
CLCN3,2.515175341498203
CLCN4,2.6107664922680183
CLCN5,2.358201269869829
CLCN6,1.9924406792279372
CLCN7,2.3733622552184857
CLCNKA,1.7640570339066417
CLCNKB,2.0061014884592465
CLDN16,1.685543814427652
CLDN4,4.284527430744124
CLEC11A,1.8511422439937368
CLEC1A,1.9268576402137412
CLEC1B,1.352306131156572
CLEC2D,1.9623048811219084
CLGN,1.7222996130656492
CLIC1,2.13884382739938
CLIC2,1.9951042078831367
CLIC3,3.2385795403772075
CLIC4,2.906100137327542
CLIC5,2.649843182433051
CLIC6,2.4891217743663017
CLK1,2.530104014838357
CLK2,2.718935595344258
CLK3,2.341335408526769
CLK4,2.151251289585742
CLOCK,1.9959184026353003
CLPP,3.629918079479499
CLSTN2,1.9905326268292065
CLUH,3.659333003042602
CLYBL,2.025370802592201
CMA1,1.649831057978408
CMAS,12.210695806671046
CMBL,2.2027136468297
CMKLR1,2.2262460910740667
CMPK1,2.3981990889789326
CMPK2,2.9258186948666736
CNBP,4.18052138513201
CNDP1,2.494620507131173
CNDP2,2.53746428086093
CNGA1,2.506652082755638
CNGA2,1.89914714751116
CNGA3,3.618366777399207
CNGA4,2.544866938246192
CNGB1,2.743549446134832
CNGB3,1.8385076290910627
CNOT2,8.688178622404056
CNOT3,4.430874297860518
CNOT4,2.732571404503356
CNOT6L,4.272421486316599
CNOT7,2.558136649396235
CNOT8,3.3660076911882
CNP,2.1172216470927387
CNR1,2.7289329060132665
CNR2,1.813490799626457
CNTF,2.153849317306906
CNTFR,2.02652273100406
CNTN1,2.037366586357073
CNTN6,2.0559255514568986
CNTNAP1,1.730418799590299
CNTNAP2,2.6384051167957363
CNTRL,2.3100611296457805
COASY,2.0627665009406178
COG4,5.051910761964849
COL4A3BP,5.656097875505074
COMMD3-BMI1,2.6126400601985806
COMT,1.6503827944157448
COMTD1,2.121280877975184
COPS2,8.806248045917545
COPS5,5.029940193652115
COPS6,4.750944358956066
COQ2,2.0595688869965283
COQ3,2.49323203439574
COQ5,1.992166868669804
COQ6,2.983142496679682
CORIN,1.7316047331147182
CORO7,3.342514358145316
COX10,2.331877180731581
COX11,2.0190366358729337
COX15,6.644978475869865
COX17,3.2804274978199084
COX4I1,2.538489772340684
COX4I2,4.319882109622563
COX5A,6.3931940429395056
COX5B,3.0500216010809105
COX6A1,2.5435595063733576
COX6B1,2.355900262409396
COX6B2,2.292426984549281
COX6C,2.2570084141645426
COX7A2,2.290165765392783
COX7A2L,3.3285731452028497
COX7C,2.9080987015575253
COX8A,2.5697002692386874
COX8C,3.264112200738216
CP,1.8160567234982257
CPA1,1.532839987551272
CPA2,1.5934230430760297
CPA3,1.9714957117765195
CPA4,6.61873261390785
CPA5,1.7548842327020695
CPA6,2.2075332859500554
CPB1,2.3267528035666016
CPB2,1.611686301279575
CPD,3.4912187897971534
CPE,1.6451524498490393
CPM,2.397072875579255
CPN1,1.7861541127808724
CPN2,1.5005599066264956
CPNE3,2.3124119774032907
CPNE7,2.6890634463012737
CPO,18.751693590926237
CPOX,4.049540185922899
CPPED1,2.5699661210132656
CPQ,2.03861456332426
CPS1,1.500486305239667
CPT1A,3.053202391805684
CPT1B,3.0735334350389425
CPT1C,2.0114559358265582
CPT2,2.3572540793510752
CPVL,2.069174944135025
CPXM2,1.5955527633662618
CPZ,2.882873559406991
CRABP1,2.164879688438082
CRABP2,1.878765275167572
CRAT,1.863242974614316
CREB1,2.102997422918428
CREB3,3.120560994567927
CREB3L1,2.113015925997002
CREB3L2,1.9356073679545471
CREB3L3,2.512597155687235
CREB3L4,2.705523828270294
CREB5,3.5240618292591
CREBBP,3.232851405890719
CREBL2,2.103785013096987
CREBRF,2.660600313730169
CREBZF,2.0730246045457204
CREG1,2.105339827719947
CREM,2.6098792753282547
CRH,3.11422225179913
CRHR1,3.036427138852455
CRHR2,2.62696858126433
CRKL,7.296473560421895
CRLS1,2.5105128266204857
CRMP1,2.340856014031331
CROT,3.0271659293536
CRTC1,2.227969464284917
CRX,13.869922439538684
CRY1,1.7904592467339795
CRY2,3.414565540824908
CRYM,2.1739979336892548
CRYZ,1.864752862583595
CRYZL1,2.7363411728622
CS,2.399423963786561
CSAD,2.3094351254752103
CSDE1,3.0438282518081983
CSE1L,9.09192831103216
CSF1,1.697085203604592
CSF2,3.472342841841633
CSF3,2.0047929384255694
CSF3R,2.981201507377509
CSGALNACT1,3.133506254296204
CSGALNACT2,2.7226685628258385
CSK,4.989248993284739
CSNK1A1,4.920561438143094
CSNK1A1L,3.402067550506135
CSNK1D,9.083268984767262
CSNK1E,5.21375213321759
CSNK1G1,2.170266563333328
CSNK1G2,2.4823261801796805
CSNK1G3,3.343059282311045
CSNK2A1,2.535823660999524
CSNK2A2,4.387201887380638
CSNK2A3,2.4772934202573977
CSNK2B,7.185789580504661
CSRNP1,3.26272329645318
CSRNP2,2.2868247650592446
CSRNP3,1.966864246863332
CST7,2.289995462367002
CSTA,1.9805100912486624
CSTB,3.3049895275295467
CTBP1,2.6657520099912144
CTBP2,3.0408454578393536
CTBS,1.7259318433097073
CTCF,5.13773761743794
CTCFL,1.7163007736575624
CTDP1,4.314244090567672
CTDSP1,3.019207306352892
CTDSP2,2.506629451111877
CTGF,1.9165690092873569
CTH,2.828192680841992
CTNNB1,7.164666957311908
CTNNBL1,2.05828856844062
CTNS,2.1892608037544155
CTPS1,2.771391294171545
CTPS2,1.9842651922549608
CTRB1,1.6663133834158688
CTRC,4.924615300594252
CTRL,2.8054378854690114
CTSA,3.635556169614959
CTSB,1.8313649810929176
CTSC,2.006531450456209
CTSD,1.9606484534799296
CTSE,1.8822357891116477
CTSF,2.6348602788730835
CTSG,1.7452304537310104
CTSH,2.0013785175722
CTSK,2.0072554413215085
CTSL,3.556894892934332
CTSO,1.7921850364173084
CTSS,2.797947782868119
CTSV,1.813160247545998
CTSW,2.668398611112145
CTSZ,1.8621297486085933
CUBN,1.9295369946126064
CUL1,5.014502455706947
CUL2,4.342709560690462
CUL3,13.36171712017738
CUL4A,3.0005169006756067
CUL4B,2.109956976463188
CUL5,2.62983758228264
CUL7,2.7842030840912955
CUL9,1.926834723025096
CUX1,5.110942455219104
CUX2,2.9595081279033395
CWC27,2.1230076997824163
CX3CR1,1.9576713507521148
CXADR,1.5045954152298484
CXCL16,1.702176245807978
CXCR1,2.7822002908865358
CXCR2,2.1884664351780154
CXCR3,11.270990171201674
CXCR4,2.4582648378815306
CXCR5,2.281815023763962
CXCR6,2.080609155038932
CXXC1,3.9160423938662494
CYB561D2,2.542430125220478
CYB5A,1.6853371059319588
CYB5R1,1.996746223733185
CYB5R2,1.974537210346468
CYB5R3,2.8338018477988
CYB5R4,1.920704502959388
CYBA,4.035235168076072
CYBB,1.813188232460014
CYBRD1,2.3944702660559183
CYC1,2.327893874666073
CYCS,6.539660561698062
CYLD,2.5629669352148428
CYP11A1,1.5079746453021348
CYP11B1,4.809527906914058
CYP11B2,2.359093588252044
CYP17A1,2.1614068286595614
CYP19A1,2.237621526494239
CYP1A1,1.7201279964453309
CYP1A2,1.8010948654459342
CYP1B1,2.594016893063226
CYP20A1,12.01983807495014
CYP21A2,1.7862434356635222
CYP24A1,2.8840771470605477
CYP26A1,2.241271933298839
CYP26B1,2.4112407102165414
CYP27A1,2.963698810142656
CYP27B1,2.3826050361021527
CYP27C1,2.991122876586408
CYP2A13,3.1128978736412862
CYP2A6,2.0180197698646456
CYP2A7,4.310480349948203
CYP2C18,2.084555292751839
CYP2C19,2.590070441618372
CYP2C8,2.212174940828457
CYP2C9,3.3116031851694507
CYP2D6,2.16245205281046
CYP2E1,1.7795519102326098
CYP2F1,2.3207962257708346
CYP2J2,1.997540900630276
CYP2S1,3.1875758491029096
CYP2U1,2.0169989371774903
CYP2W1,1.540610604184535
CYP39A1,1.7125169490579195
CYP3A4,2.8240245567999005
CYP46A1,2.59824762349128
CYP4A11,2.668111135094269
CYP4A22,2.6227684985205464
CYP4B1,2.2154006078490456
CYP4F11,2.150112726530354
CYP4F12,3.5419057224648176
CYP4F2,2.135975108715732
CYP4F22,2.219215433245517
CYP4F3,1.748614299796016
CYP4F8,3.215750511024019
CYP4X1,2.5316451557493718
CYP4Z1,2.013463661420176
CYP51A1,2.205830598623441
CYP7A1,1.911998695881277
CYP7B1,4.046207243794843
CYP8B1,1.8619798670688896
CYSLTR1,3.070328957623715
CYSLTR2,1.2990314154247768
DAB1,2.742983497487397
DAB2,2.1473831152706166
DACH1,1.953184792822552
DACH2,2.2819824452162694
DAD1,3.11266791489135
DAG1,1.380411836953568
DAGLB,2.275143292156763
DAO,2.132293777743473
DAP3,3.243720406249904
DAPK1,2.613304472487047
DAPK2,3.0057011437027663
DAPK3,2.7373557413929523
DARS,3.159040315855954
DAXX,2.340127380525068
DAZL,2.1294441986631893
DBF4,2.622875929867404
DBH,2.3106059026463712
DBI,2.5219555934527125
DBP,4.970726959182453
DBR1,4.258072989148137
DBT,1.7061522722827838
DBX1,2.014674371704546
DBX2,1.97321710808362
DCAKD,2.247618113203412
DCK,3.256936630072057
DCLK1,2.468386399139679
DCLK2,1.8941879486125188
DCLK3,1.7105984807837913
DCLRE1A,2.286698332545994
DCLRE1B,2.4297769252259243
DCLRE1C,3.776153346104159
DCPS,3.2770701838210705
DCT,1.386753772209789
DCTD,4.952730044321064
DCUN1D1,2.778118753675785
DCUN1D2,2.301342941459856
DCUN1D3,2.147221960290697
DCUN1D4,2.735921602846693
DCUN1D5,2.206196359244172
DCXR,2.3309030864947475
DDAH1,1.820580806814516
DDAH2,1.8437248344737995
DDB1,13.793643781271133
DDB2,2.5307063801893945
DDC,2.5148646268082424
DDHD1,2.044021017501759
DDI1,2.028861120086783
DDI2,1.7186334060145552
DDIT3,2.1661957286923506
DDN,2.6843885143825266
DDO,1.9316955657895556
DDR1,1.935725507012181
DDR2,1.8401268624006215
DDX1,2.276073099457785
DDX10,5.270107538808412
DDX11,2.3185917221546566
DDX17,2.1129079407245386
DDX18,5.6049215174271065
DDX19A,2.4204461839511837
DDX19B,2.025215192467199
DDX20,2.482876455421667
DDX21,7.8814231326116655
DDX23,9.176488823576276
DDX24,9.750297654265944
DDX25,2.9362350679686786
DDX27,4.733489076349019
DDX28,2.829679972733535
DDX31,2.968843804236089
DDX39A,2.33716411076132
DDX39B,5.797789698485911
DDX3X,7.492005745668061
DDX3Y,2.2925413894020217
DDX4,3.2769861642537346
DDX41,7.1442007721866005
DDX42,8.658173391872184
DDX43,1.8509850692670493
DDX46,1.9374227332275704
DDX47,5.940701517572035
DDX49,3.306565398890509
DDX5,3.9798202507044698
DDX50,2.288086623905646
DDX51,7.848639497984925
DDX52,3.8693418510360384
DDX54,4.459464472317193
DDX55,3.2719975743790832
DDX56,9.850283709442405
DDX58,2.295631032257014
DDX59,3.938792674942969
DDX6,4.036178374085364
DDX60,2.430568811235505
DEAF1,3.1692852908989995
DECR1,3.986642490506157
DECR2,1.8073638019089069
DEGS1,2.8256826428233857
DEGS2,2.001590107728624
DEK,2.5074830336315688
DENND4A,2.8068855945415603
DENND5A,2.5643582629998622
DENND5B,2.400429709138814
DERA,2.784703162771102
DFFA,1.9936251820940576
DFFB,1.94875292587296
DGAT1,1.9044028190091
DGAT2,1.93347912700866
DGKA,2.1036682713084605
DGKB,1.7803344972921449
DGKD,2.3121261826942265
DGKE,2.176292547649557
DGKG,2.396069514105096
DGKH,1.7971782064124748
DGKI,2.929241352644777
DGKK,2.3486498223696017
DGKQ,2.5763336208021834
DGUOK,1.4361069667940407
DHCR24,2.9972900796641526
DHCR7,1.6461218033617997
DHDDS,2.994392138662507
DHDH,2.128327094399849
DHFR,2.4263359316032456
DHH,1.6084563546136248
DHODH,4.552686543883725
DHPS,6.863891675835309
DHRS1,2.2876232108391075
DHRS11,3.0595579816709133
DHRS13,3.07428376242062
DHRS2,2.5953410208598573
DHRS3,1.7798449571022403
DHRS4,1.537755947653463
DHRS7,2.2401497535065147
DHRS9,2.2759996282417543
DHTKD1,2.192534794527864
DHX15,5.878671287866505
DHX16,2.939995089022565
DHX29,2.003510218348355
DHX30,1.9406330191933303
DHX32,3.576678867119901
DHX33,2.70429747464368
DHX34,2.384271067168012
DHX35,2.8804047427031074
DHX36,3.1202750217544413
DHX37,6.158016467215536
DHX38,6.67426517385406
DHX40,2.6749585377791893
DHX58,2.681249085127883
DHX8,19.874485202425856
DHX9,4.545087169235073
DIABLO,2.5224293457044045
DIAPH3,2.567007620875927
DIDO1,4.947379074506885
DIMT1,3.946257701560325
DIO1,2.012209251493636
DIO2,2.2604186501023444
DIO3,2.1986962934276435
DIRAS1,2.0997634218018524
DIRAS2,1.9706372721372996
DIRAS3,2.1389933695310943
DIS3,5.463928634489309
DKC1,4.142532935586434
DLAT,1.837397275728246
DLD,2.0499383976901626
DLEC1,4.091070460151042
DLG1,2.948680758849448
DLG2,2.7017728188527004
DLG3,1.8635245093745472
DLG4,1.5621060761653147
DLG5,1.7627257856345309
DLL1,2.309443691119094
DLST,2.0351910344388893
DLX1,3.9183750632908594
DLX2,2.3633556570251737
DLX3,2.732727025684577
DLX4,4.389085797120311
DLX5,2.202333832977021
DLX6,1.507776426716564
DMAP1,4.549829048656403
DMBT1,1.741012771463265
DMBX1,2.0768953186914283
DMC1,3.0585669180619464
DMGDH,2.285951204258126
DMPK,2.523394768114154
DMRT1,2.579217606585212
DMRT2,4.297825298976047
DMRT3,2.1988557633106414
DMRTA1,2.379218332132052
DMRTA2,2.1970957844905
DMRTB1,2.2445270369342656
DMRTC2,2.7706783614575183
DMTF1,4.617232802776939
DNA2,13.949379767921302
DNAH11,2.6606755975179737
DNAH3,1.828000897812358
DNAH5,2.1859584805673222
DNAH7,2.234308371867611
DNAI1,3.18302111885339
DNAJA1,4.338679967392322
DNAJA2,2.9684385924374057
DNAJA4,2.063139587285103
DNAJB14,2.1427394777031155
DNAJC10,3.1670117175331245
DNAJC14,2.773748855678999
DNAJC18,2.5281369847733943
DNAJC27,2.18058436787663
DNAJC5B,2.517045359241069
DNAL4,2.420814324959134
DNASE1,2.2114797321445177
DNASE1L1,2.6122876917620945
DNASE1L2,2.4995421365502675
DNASE1L3,1.923814392407853
DNASE2,3.423852564598536
DNASE2B,1.5992111131900526
DNM1,1.9210345941060576
DNM1L,3.595450973375153
DNM3,2.7682190907620283
DNMT1,2.498414159909496
DNMT3B,2.263418974237289
DNMT3L,2.146128417318664
DNPEP,2.268877165717111
DNPH1,2.454268711620608
DNTT,1.99800289131772
DOHH,2.7133586023584977
DOLK,1.9407757486458013
DOLPP1,1.969032803238196
DOT1L,2.979646061651081
DPAGT1,3.0438608919237358
DPEP1,2.208341251648364
DPEP2,1.4655785862009274
DPEP3,2.080482282499964
DPF1,2.231278365060557
DPF2,3.678913161081277
DPF3,4.435431921452909
DPH5,1.7207649536247132
DPM1,1.7901848741604445
DPP10,1.766449250216823
DPP3,2.8097592937035456
DPP4,2.7363193204127017
DPP6,2.023712575711025
DPP7,2.084460820706618
DPP8,2.0432317581852755
DPP9,2.354803648692836
DPYD,2.204902749066344
DPYS,1.3481971469624676
DPYSL2,1.6052941895208903
DPYSL3,2.0814068112084447
DPYSL4,1.5120929068007185
DPYSL5,1.741628969305119
DR1,2.4707962853944845
DRAP1,2.566853310030985
DRD1,3.448079138795225
DRD2,2.9942490532096957
DRD3,2.371954497168305
DRD4,3.433918159571589
DRD5,2.4236469100279074
DRG1,2.0792466090694983
DRG2,1.6431956792307432
DRGX,1.7616659253700948
DROSHA,2.646485422660489
DSEL,2.3285976150114247
DSTYK,2.218377231034191
DTX1,1.990004375376704
DTX2,3.2165595543852503
DTX3,3.080603506603092
DTX3L,4.01719031933136
DTX4,2.59510179382036
DTYMK,2.7766821773095542
DUOX1,1.8306367135500552
DUOX2,3.235674721662648
DUSP1,3.399903236025039
DUSP10,3.0440557089865514
DUSP11,2.5149676165834647
DUSP12,2.372671633601628
DUSP13,4.618451373507253
DUSP14,7.218734262368979
DUSP15,2.421828764282706
DUSP16,2.5076912962737588
DUSP18,2.2114957035146587
DUSP19,1.7906653476758418
DUSP2,2.2142885909124246
DUSP21,1.7645596951113534
DUSP22,2.519145770798961
DUSP23,3.050857508209753
DUSP3,2.389246643683535
DUSP4,1.807071213480609
DUSP5,1.6952953160923163
DUSP6,2.316844189922352
DUSP7,1.7943888656610243
DUSP8,2.56440247142746
DUSP9,2.05393937193891
DUT,4.94503000164362
DYNC1H1,9.059149091998933
DYNC1I1,2.0800596074029087
DYNC1I2,5.7678276874783
DYNC1LI1,2.708031643991613
DYNC1LI2,1.9258735840412264
DYNLL1,7.244066226807694
DYNLRB1,4.879757293466796
DYNLRB2,2.1857628435578302
DYRK1A,2.7272402349047558
DYRK1B,1.448153435819973
DYRK2,2.7903426714172075
DYRK3,1.609205028827123
DYRK4,2.6952816046093413
DZIP3,2.288965840277874
E2F1,3.2087744498123816
E2F2,1.534288468397581
E2F3,3.050015344268467
E2F4,1.4943568193813044
E2F5,1.6636206899242088
E2F6,2.266507265735523
E2F7,3.009721440240227
E2F8,2.7321752782813244
E4F1,7.318436735287743
EAF1,3.758082863786416
EAF2,1.8738367119262969
EBF1,2.206005691606784
EBF2,1.7880999205943526
EBF3,1.6816409356902136
EBF4,2.274752455822431
EBI3,2.2939910649679858
EBP,1.8204503791886744
EBPL,3.5660373531096567
ECD,5.652898962927615
ECE1,2.222025002491884
ECE2,1.353766562360661
ECEL1,2.396538811365393
ECH1,4.070995783292565
ECHDC3,2.189927257605179
ECHS1,2.1393362332128767
ECI1,1.8746818078727612
ECI2,2.797032245877181
ECM1,2.3115502329254927
ECSIT,2.5253503844813223
EDA2R,1.6513187744581408
EDAR,2.701604143602969
EDEM1,2.3599224640503293
EDEM2,1.7781433373649431
EDEM3,3.620563416411488
EDF1,2.241658950055113
EDNRA,2.0445889282624723
EDNRB,2.622229979106773
EEA1,2.0387561320836944
EED,2.4814273572493337
EEF1A1,27.681912532495208
EEF1A2,1.864085487864606
EEF1B2,2.191777449348556
EEF1D,2.483331832603513
EEF1E1,1.9307727674842463
EEF1G,2.80522706334586
EEF2,11.183784709184568
EEF2K,2.3801131450555584
EEFSEC,1.8522810384236328
EFL1,2.4914437047458087
EFNA1,1.438559194002492
EFNA2,2.4609100735907523
EFNA4,3.1274646962852373
EFNA5,2.547589511953392
EFNB1,2.2677382029918123
EFNB2,1.9054402331290616
EFNB3,11.918758947935602
EFTUD2,4.084091276924196
EGF,2.043762146537747
EGFR,2.169345970792436
EGLN1,4.057283855626963
EGLN2,2.2732992547238613
EGLN3,1.679139132379852
EGR1,3.484827027733008
EGR2,2.283418833048244
EGR3,2.0634501029713497
EGR4,2.375213481558792
EHD4,3.1955444558838906
EHF,1.9920322130701047
EHHADH,2.33033733838271
EHMT1,3.8129663269978944
EHMT2,1.9594775953634107
EID1,3.951237205695523
EIF1,3.657936178011641
EIF1AX,10.358935426218116
EIF1AY,2.217826215013064
EIF1B,1.6588277459955478
EIF2A,2.280008859245932
EIF2AK1,2.3757667648516567
EIF2AK2,3.2831681124126098
EIF2AK3,2.6409917103656504
EIF2AK4,2.180071925788285
EIF2B1,4.488161997568648
EIF2B2,6.569176187672627
EIF2B3,5.9213511499152105
EIF2B4,6.7008711557792
EIF2B5,6.843742180956951
EIF2S1,6.539216642980674
EIF2S2,5.935461725068008
EIF2S3,12.081795281236268
EIF3A,13.473123532652185
EIF3B,9.690931306998325
EIF3D,9.038495504514106
EIF3E,8.603050649949745
EIF3F,4.3035595367079615
EIF3G,12.907478450784003
EIF3H,2.5318978531020773
EIF3I,10.341168955396888
EIF3J,2.4260605124071595
EIF3K,3.3372187220463827
EIF4A1,9.74823896350524
EIF4A2,1.4735263836207126
EIF4A3,33.71199448718185
EIF4B,2.590728552060635
EIF4E2,2.233658702521353
EIF4E3,1.9339212244661317
EIF4EBP1,2.4592364631543138
EIF4ENIF1,2.662624372659798
EIF4G1,9.493301531168724
EIF4G2,4.039765632800669
EIF4G3,2.238186388265324
EIF4H,6.446554577943278
EIF5,4.062346909904996
EIF5A,4.214385351381224
EIF5A2,1.7727774648374408
EIF5B,5.163880627273124
EIF6,6.018325518591143
ELAC1,2.5149783444491414
ELAC2,2.9987873920257098
ELANE,2.4806617216685583
ELF1,1.7136738067549078
ELF2,2.0593721805083414
ELF3,1.89002878984322
ELF4,2.256616712070451
ELF5,1.8995511478417693
ELK1,1.9195312741837107
ELK3,23.96135527766684
ELK4,2.2307125179404217
ELL,8.355461304917753
ELL2,2.4140611341483837
ELL3,1.5416056048281894
ELMOD3,6.971735072472318
ELOVL4,1.6661178524049942
ELOVL5,2.726884619525841
ELOVL6,2.3254875607866063
ELP3,2.836040464462421
EMX1,1.638226693861892
EMX2,1.3141857469044795
EN1,6.029316559470408
EN2,2.186826012942581
ENC1,2.3042410781543587
ENDOG,1.9189661467579373
ENGASE,5.0391718770937
ENO1,4.509067479298347
ENO2,1.2747595236841425
ENO3,2.1516031848301904
ENOPH1,1.445725485992284
ENPEP,2.409831102842505
ENPP1,2.148057988111877
ENPP2,2.7789668829894403
ENPP3,1.640974265113355
ENPP4,2.338769154466045
ENPP5,2.11602607221587
ENPP6,2.8408441987369653
ENPP7,2.397109663215636
ENTPD1,1.9680630585680423
ENTPD3,1.9667650866328248
ENTPD4,1.3811256052080108
ENTPD5,2.7110989347910617
ENTPD6,3.105695954682185
ENTPD7,2.180207327005919
ENTPD8,3.49889809612594
EOMES,1.7347355999546852
EP300,4.523218606272449
EPAS1,2.570968076485513
EPB41L1,2.7671493056713814
EPB42,1.9039609712846204
EPC1,3.7466023268019466
EPHA1,2.482550946508196
EPHA10,2.569416761610338
EPHA2,2.6795327346339604
EPHA3,2.403710625797544
EPHA4,6.607997118617372
EPHA5,2.8245576659395177
EPHA6,2.0722716450005
EPHA7,1.87633319746404
EPHA8,2.532577844308407
EPHB1,1.8623839604504044
EPHB2,1.7168237659534489
EPHB3,2.78813480186826
EPHB4,2.023050085872281
EPHB6,2.1251229113723844
EPHX2,2.1431303364683942
EPHX3,1.956583934511507
EPHX4,2.31017326435561
EPM2A,2.7116520335971006
EPOR,2.140001327231031
EPRS,3.6775889644979927
EPS8,2.621779146845445
EPT1,2.653275389507003
EPX,2.545919962784652
ERAL1,2.432511480887043
ERAP1,1.7775668860280365
ERAP2,2.17366278758038
ERBB2,13.201951595632638
ERBB3,7.199477881112098
ERBB4,1.661440393056375
ERCC1,2.201280759723717
ERCC2,3.0144233198384227
ERCC3,2.3648995129188584
ERCC4,4.49256444007734
ERCC5,1.968022788298642
ERCC6,2.446984043083412
ERCC8,2.088775029022865
EREG,2.569704533585165
ERF,2.4778093186520787
ERG,1.8582745176777555
ERI1,3.156613411625459
ERMP1,2.8452400951067744
ERN1,2.1603033987311138
ERN2,3.0496868484979363
ERO1A,1.8502674337894056
ERP44,2.705457514128173
ESD,1.830300377862994
ESM1,2.244053489015002
ESPL1,20.72056588202654
ESR1,1.5226539462585968
ESR2,1.980100016406966
ESRRA,3.9798664449712575
ESRRB,1.6960579320034472
ESRRG,2.4179181656747857
ESX1,3.158642901190106
ETF1,9.15901396186644
ETFA,2.0788926262472147
ETFB,2.253319252376776
ETFDH,2.2305918650365624
ETNK1,1.8621512373630664
ETNK2,3.675682845794528
ETNPPL,1.771196764112072
ETS1,2.8477120692549773
ETS2,1.911336696824223
ETV1,2.343087238924371
ETV2,2.887590075840173
ETV3,7.269506686966513
ETV4,3.0599122237336283
ETV5,1.909959263496597
ETV6,2.713160724690565
ETV7,3.8068675984322544
EVX1,2.231366612787015
EVX2,1.9915582051529637
EWSR1,3.888706280257695
EXO1,4.213724546318837
EXOG,2.315525795349331
EXOSC4,4.479918924411065
EXOSC5,2.304111079015652
EXOSC7,4.207295627892719
EXOSC8,5.026714460600723
EXOSC9,4.915312152903616
EXT1,4.471060387999827
EXT2,3.319154754141426
EXTL1,2.181477985263116
EXTL2,2.1799027538504823
EXTL3,2.3583619823166093
EYA1,1.9190425898732708
EYA2,1.328435915295784
EYA3,2.15691053746629
EYA4,1.876292407727912
EZH1,2.220378407270038
EZH2,2.343112945159201
F10,3.317988818588486
F11,1.9025540070861149
F11R,2.8213294553600736
F12,1.941613274858237
F13A1,4.070867606911239
F13B,1.7581884783882618
F2,3.506977890297642
F2R,2.456190760181693
F2RL1,1.9434972833639248
F2RL2,2.772448760383317
F2RL3,2.265616025148675
F3,1.5761379165351606
F5,2.3563364828570244
F7,2.1732468598240247
F8,1.993574964452639
F9,2.011752642036789
FA2H,2.305627122456108
FAAH,2.032760717905693
FAAH2,1.9450104930817649
FABP1,2.1241793347636606
FABP2,2.7896961538885257
FABP3,1.6458997275268032
FABP6,2.661143619036506
FABP7,2.0258564996801653
FADD,3.9975048896033054
FADS1,3.511167171741022
FADS2,3.625782595157304
FADS3,2.761838231162595
FADS6,4.386516327802998
FAH,3.1881225348915088
FAHD1,2.5951047884047798
FAHD2A,2.9756832301523555
FAHD2B,2.600491784791484
FAM170A,2.3793301162300247
FAM20A,2.3940799128510526
FAM20B,1.766552803805875
FAM20C,1.8940151207844056
FANCA,2.1998105557807013
FANCC,14.581601074371116
FANCG,2.932409016571236
FANCL,3.219461774134966
FANCM,12.419812336883654
FANK1,2.166720846321901
FAP,1.9451275014884384
FARS2,3.9276176243825622
FARSA,4.803818260473606
FARSB,3.976496474940244
FAS,1.8154393483699272
FASN,2.530406266565208
FASTK,1.4657136108641904
FASTKD1,2.490757382077863
FASTKD2,3.3478970064619813
FASTKD3,2.026189620017345
FASTKD5,2.4670391040605724
FBP1,1.6708392083810095
FBP2,1.5971128281499145
FBXL12,2.8161795091455475
FBXL13,4.32516131056263
FBXL14,1.7791503359642762
FBXL15,2.133947652491138
FBXL16,4.552425419984885
FBXL17,4.930627030013754
FBXL18,2.3571326724777766
FBXL19,2.1042940630889486
FBXL2,1.7811605198103828
FBXL20,3.369740077327495
FBXL21,2.013372383180553
FBXL22,2.5116879386125044
FBXL3,2.236609835473497
FBXL4,2.2923263448609257
FBXL5,2.3505528595768466
FBXL6,1.810033624086557
FBXL7,2.3475306029552647
FBXL8,3.635737471229648
FBXO10,2.863097000425041
FBXO11,2.367335441860371
FBXO15,3.4191082176438634
FBXO16,1.4983457436569343
FBXO17,2.8285764010244163
FBXO18,2.378395395548308
FBXO2,2.1122148989063527
FBXO21,1.9840497871905431
FBXO22,2.2651970073380943
FBXO24,2.1948096104447035
FBXO25,3.277674698572544
FBXO27,2.363593227033213
FBXO28,1.8643402824735025
FBXO3,3.0978604760610717
FBXO30,1.8294115740224808
FBXO31,1.697940071081672
FBXO32,1.817701364582384
FBXO33,6.135377623166871
FBXO34,2.384013650295771
FBXO36,3.492519423910285
FBXO38,3.0518291081691373
FBXO39,4.835596592348735
FBXO4,2.717255583955832
FBXO40,1.5409914851172748
FBXO41,5.987725774717997
FBXO42,2.5300759987358896
FBXO43,2.661376285287788
FBXO44,1.8142166015298005
FBXO45,2.007531692382019
FBXO46,1.787017959905098
FBXO47,3.3854542345190426
FBXO48,2.3613831424285365
FBXO5,32.81283441394487
FBXO6,2.047801302089868
FBXO7,2.4061509659346103
FBXO8,24.50976887250036
FBXO9,3.992817915392953
FBXW10,2.2986532405174738
FBXW11,2.371582433910052
FBXW12,2.0225768683587377
FBXW2,2.4410920259484894
FBXW4,2.727374808290997
FBXW5,2.609471424002584
FBXW7,2.8741149570333877
FBXW8,2.4321558398633267
FCER1A,2.983450586808716
FCER1G,1.668171655159215
FCER2,2.6917218932990767
FCGR2A,1.9683086371905405
FCGR2B,2.033430937956584
FCGR3A,2.1305670546524444
FCGR3B,2.114610969372517
FCGRT,2.084462775712635
FCRL2,14.287817684379464
FDFT1,2.5236232123515987
FDPS,97.22831356966948
FDX1,2.200347045066517
FDXR,2.6346801924799848
FECH,2.206065760705133
FEM1A,1.864496595510771
FEM1B,2.5691161371346727
FEN1,2.4949482046586517
FER,1.9953574255258448
FERD3L,1.8357681293337968
FES,2.358659250992129
FEV,2.686615971655007
FEZF1,1.5249348409825885
FEZF2,8.951720653132956
FFAR1,2.995877658402331
FFAR2,4.081953711100675
FFAR3,4.089359694927715
FFAR4,2.435727315238608
FGA,2.479645675183552
FGB,2.5446355922568067
FGD1,2.322828837356804
FGF1,4.525036761495251
FGF10,2.045850927395555
FGF11,2.067592462175364
FGF12,2.526193729617705
FGF13,2.64174044765574
FGF14,2.1808208050671904
FGF16,1.8513379587220349
FGF17,1.862220554453536
FGF18,2.7518177862881616
FGF19,2.425005280670022
FGF2,1.5155116036406877
FGF20,2.167545084472524
FGF21,1.824325349953344
FGF23,2.862115554875889
FGF3,3.3288901167817624
FGF4,2.740627625074505
FGF5,2.1658261502990706
FGF6,1.5799298792444385
FGF7,2.2852122415486305
FGF8,1.8297978692236692
FGF9,21.8615425401574
FGFR1,2.038998690260925
FGFR3,3.327153674409288
FGFR4,2.605035343207589
FGFRL1,2.273440897776174
FGG,2.121554771324184
FGGY,1.372305369298078
FGL2,1.8179941320757067
FGR,2.672064898889484
FH,2.539668798007069
FHIT,1.7781916853947457
FHL5,3.260180975607552
FIGF,2.7653939845362
FIGLA,2.396566412279305
FKBP10,2.096055640218212
FKBP11,2.272919308866229
FKBP14,1.7980830438538853
FKBP15,2.215203339146323
FKBP1A,2.7583286995818845
FKBP1B,1.9800113247250588
FKBP2,2.693779573721227
FKBP3,3.1471220545464287
FKBP4,3.40210966427056
FKBP5,2.804044657366424
FKBP6,2.8161181523752674
FKBP7,2.001271718318812
FKBP9,1.76425748869217
FLAD1,3.1758382330021595
FLI1,2.2754814497727005
FLNA,2.0192410062803683
FLNC,2.598782085523013
FLT1,2.461940803220627
FLT3,1.6657823730966108
FLT4,2.633818761412968
FLVCR1,2.472050446133079
FMO1,1.504011719382791
FMO2,1.896086435919188
FMO3,1.967596747387584
FMO4,2.281655650305027
FN1,2.1608227908222988
FN3K,2.420813149148116
FN3KRP,2.589675838844881
FNTA,4.612145325845673
FNTB,3.053110280853392
FOLH1,2.4558352510849857
FOLR1,3.571617782978623
FOLR2,2.719734868281213
FOS,1.94679536441684
FOSB,2.0113310588570608
FOSL1,3.364210656355579
FOSL2,3.2261294833854604
FOXA1,2.95705110632644
FOXA2,1.9174160622007053
FOXA3,2.734805365119959
FOXB1,2.327075998768956
FOXB2,3.07649230356614
FOXC1,9.319733097286584
FOXC2,2.4860000854268622
FOXD1,2.233356094141637
FOXD2,1.851187569611188
FOXD3,2.768610664114531
FOXD4,2.042611287293134
FOXD4L1,2.247341029479488
FOXD4L5,3.8564026876188873
FOXE1,2.598451757927328
FOXE3,3.712640598557628
FOXF1,2.066715182527409
FOXF2,3.117493128623104
FOXG1,2.1148680402601894
FOXH1,2.173309897089951
FOXI1,2.301285284872913
FOXI2,2.690979625977905
FOXJ1,3.5600761311203795
FOXJ2,3.257492190837626
FOXJ3,4.880963885567326
FOXK1,2.4769701763402048
FOXK2,3.257770486128965
FOXL1,1.8439448442848207
FOXL2,2.378296537205324
FOXM1,2.697250703017437
FOXN1,3.3898083974454
FOXN2,3.3959933714838133
FOXN3,2.178014676614151
FOXN4,2.21736900956986
FOXO1,1.9583470627124635
FOXO3,3.6589855932205473
FOXO4,2.125423292177714
FOXO6,2.437462977802648
FOXP1,2.028066917562735
FOXP2,2.371776726152822
FOXP3,1.429020933649124
FOXP4,3.709230815085371
FOXQ1,2.5736981729672146
FOXR1,3.0745036250218263
FOXR2,2.0967264281048474
FOXS1,1.5040316555431563
FPGS,1.9635614246536963
FPGT,1.9838751773010104
FPR1,2.1814209054582205
FPR2,1.97614169885448
FPR3,4.03085484122957
FRAT1,1.7412345420755864
FRK,2.6044856300792514
FSD1L,2.9921374811732115
FSHR,1.8884208924710475
FTH1,6.948999523361689
FTSJ1,1.9854402517147445
FTSJ3,6.761737092218391
FUBP1,6.894835842449675
FUBP3,2.1395559632084726
FUCA1,2.4842607074469263
FUCA2,1.9932658728522676
FUK,2.5187457021839483
FURIN,4.90661349785424
FUS,2.3496584239512077
FUT1,1.9620111840323573
FUT2,2.602488609065538
FUT3,1.9810442280174692
FUT4,2.177739013195681
FUT5,2.080406302296829
FUT6,4.01366374815562
FUT7,1.5075492838322202
FUT8,2.73031099946387
FUT9,2.8786971284644465
FXYD2,3.6342196833846296
FXYD4,3.955729365915659
FXYD5,2.12913246125985
FXYD6,2.508430045442778
FXYD7,2.847476516559025
FYCO1,1.6464191080323798
FYN,2.1923124950462407
FZD1,1.7345558689535832
FZD10,1.6819251921365266
FZD2,2.793138178192668
FZD3,3.5867663320327696
FZD4,2.4896663033763486
FZD5,1.8327962044889212
FZD6,2.5297635783703254
FZD7,3.1484276339000017
FZD8,2.5121960900741613
FZD9,3.288110482894698
G2E3,1.9388302137839688
G3BP1,3.2761399087811607
G3BP2,2.2078986309183923
G6PC,2.115778207298661
G6PC2,2.5371432639923346
G6PC3,2.223931256964934
G6PD,2.1439392571041544
GAA,1.8031008023445945
GAB2,1.8466433619153144
GABARAP,2.250084680784172
GABARAPL2,2.2881864800668192
GABBR1,3.093990833808083
GABBR2,3.400634565669156
GABPB1,3.1255553533909364
GABRA1,1.5712129902485468
GABRA2,1.5959466302567948
GABRA3,3.071199824089755
GABRA4,2.2218096640695086
GABRA5,2.230959242222018
GABRA6,2.3015643897282745
GABRB1,1.4994493402175464
GABRB2,1.722326624731174
GABRB3,2.4361233186926587
GABRD,2.0644129127890176
GABRE,3.4574932622836148
GABRG1,1.8304773729312007
GABRG2,2.1235331255111154
GABRG3,4.749870403262677
GABRP,2.3864797592399407
GABRQ,2.761709077071359
GABRR1,4.38545639089421
GABRR2,1.5407841509382492
GABRR3,2.5404481795904035
GAD1,2.2618757435668875
GAD2,2.3760110286352942
GADD45A,2.7859598945726183
GADD45G,2.1117772405149995
GADL1,1.7522723453553226
GAK,4.898023537481072
GAL3ST1,1.744682676904166
GAL3ST2,2.2051310446679184
GAL3ST3,2.433672738421293
GAL3ST4,2.9223852956277416
GALC,1.8870227864562288
GALE,1.8949649008009064
GALK1,1.8702303849569293
GALK2,2.449570837142637
GALM,2.036311616534753
GALNS,2.2992010576139275
GALNT1,2.6105203955316645
GALNT10,2.102870718005794
GALNT11,1.9236051831434555
GALNT12,1.9184410069003168
GALNT13,1.8918142790901624
GALNT14,2.3333831764414628
GALNT15,2.7516830835927597
GALNT16,2.0457669505634644
GALNT18,1.920449698926632
GALNT2,1.80483825959076
GALNT3,1.9597877073601293
GALNT4,2.403349538629675
GALNT5,2.0155136590730325
GALNT6,1.7922877420782513
GALNT7,3.7186628999403526
GALNT8,3.040179695033974
GALNT9,2.6363733130553464
GALNTL5,2.0378079306221597
GALR1,1.7194467657512964
GALR2,3.455508441219531
GALT,2.287313818718731
GAMT,2.4364172192920748
GANAB,3.0444449244761533
GANC,1.7899525781429009
GAPDH,6.684742996371254
GAPDHS,2.463887303650733
GARS,2.558989767400738
GART,2.444401954672945
GAS2,2.464445968572768
GAS6,3.068031596443151
GAS7,1.7437527024476034
GATA1,3.134259534935306
GATA2,2.25156559254107
GATA3,2.0493934928111788
GATA4,1.8168772689711248
GATA5,2.1102949572340868
GATA6,2.245311410110096
GATAD2A,3.581386418984475
GATAD2B,2.778742688182979
GATB,2.205109005421675
GATM,1.8171800857535731
GBA,2.3094848940290444
GBA2,2.7707508280005406
GBA3,1.7272723861667998
GBE1,2.755376578326846
GBGT1,2.018913703542683
GBP1,2.369176217619372
GBP2,1.8657225688331809
GBX1,6.891277239910607
GBX2,2.4214429846187
GC,2.1051571337308066
GCAT,1.6977414884936273
GCFC2,2.43582012081959
GCGR,3.073011520011233
GCH1,2.167124075717868
GCK,1.89754481005894
GCKR,3.095200748354808
GCLC,2.518012064711746
GCLM,1.9512420555893932
GCM1,1.7333472853389236
GCM2,2.1949728147491068
GCN1,2.8310992473912395
GCNT1,2.0781875623590733
GCNT2,20.557937455669038
GCNT3,2.359076879771901
GCNT4,1.8980601111264528
GDA,1.392818201784496
GDAP1,3.074739588581757
GDE1,5.903219929735903
GDF10,2.2164801787767336
GDF11,2.2765545595551133
GDF15,1.8806240027700212
GDF2,3.10314503982856
GDF5,2.266534839131244
GDF9,2.582046111517344
GDI1,2.0406344084935726
GDI2,3.003289767196364
GDNF,2.323160616867824
GDPD1,3.253945054267206
GDPD2,3.4163679367632747
GDPD3,1.6946572203590091
GEM,2.3593140072604992
GEN1,1.6420259061901714
GFER,2.2262848738074434
GFI1,2.869139669175747
GFI1B,2.841514925929693
GFM1,3.284259699289359
GFM2,1.536688899539628
GFOD1,2.6268655344115937
GFOD2,2.6529025265820456
GFPT1,1.9070226318605643
GFPT2,1.8899404449111303
GFRA1,1.674977722927853
GFRA3,3.093176412784397
GFRA4,3.210347282925306
GGCX,2.757439636781676
GGH,2.521530927438093
GGT6,1.7587652183885654
GGT7,2.341565892427846
GGTLC2,2.5570160014757506
GHR,1.563530255750971
GHRHR,2.126374964128226
GHSR,4.324888903909264
GIF,6.088601775642294
GIPR,1.9930370978901517
GJA1,1.4201052775961662
GJA10,3.65414422773125
GJA3,2.211442892268282
GJA4,3.363948338322344
GJA5,1.7221668623359312
GJA8,2.0938873136893155
GJA9,2.0033593691017773
GJB1,1.172902875612447
GJB2,1.8002902355307933
GJB3,1.894618552300249
GJB4,1.6699674437893195
GJB5,1.6360737213339702
GJB6,1.9627814159540151
GJB7,2.073863017690392
GJC1,1.9760446378048095
GJC2,2.091927353387218
GJD2,2.1198103734885096
GJD3,2.4098236687179484
GJD4,2.8994004273783323
GK,1.963310965699588
GK2,2.208372864225913
GK5,2.0464266602448986
GKAP1,2.2498740129002
GLA,1.8081530022084111
GLB1,2.094534491602285
GLCE,1.9774108192479372
GLDC,2.1554988161858057
GLI1,1.8099006204447152
GLI2,2.8861604119444504
GLI3,2.4777949598393616
GLIS1,2.0767729687504146
GLIS2,2.0749393160469154
GLIS3,2.5559478465202274
GLMP,2.632248662571982
GLO1,2.179254446018979
GLOD4,2.45195058509812
GLP1R,2.0207078722163074
GLP2R,2.0217972309609262
GLRA1,1.9677779405808244
GLRA2,2.138249627134953
GLRA3,2.1903329189859284
GLRA4,2.9251254915358995
GLRB,2.3205771060907985
GLRX,2.9174487148912687
GLRX2,2.788914339324674
GLRX3,3.1148995704144755
GLS,2.6447735369339336
GLS2,2.2585833873714853
GLT1D1,2.9693752371105107
GLT8D1,6.476140077713844
GLT8D2,1.8197783913586956
GLUD1,1.826685497053432
GLUD2,2.0035294133424
GLUL,2.8674824301427773
GLYAT,2.8087142363524675
GLYATL1,2.777757267544826
GLYATL2,2.9843986918482592
GLYCTK,1.7817587334497769
GM2A,2.307122044550077
GMDS,4.658237233703382
GMEB1,1.6713516595669926
GMEB2,2.5923773557384173
GMIP,5.159941881364748
GMPPA,2.6663308014626304
GMPPB,2.9474140103031883
GMPR,1.9856598200827544
GMPR2,2.087026397330184
GMPS,1.5836684020148482
GNA11,1.67253038691307
GNA12,4.10030740546497
GNA13,3.3823605142303865
GNA14,2.518666772747705
GNA15,1.785514031261148
GNAI1,2.174897033449955
GNAI2,2.21380260111038
GNAI3,1.5928543589257615
GNAL,2.738150526432155
GNAS,2.006907765875661
GNAT2,2.33630607877049
GNAZ,1.721066921602751
GNB1,2.6543924548703552
GNB4,2.796917500749072
GNE,2.4341186454543897
GNG10,2.338445921590881
GNG4,1.963820831334388
GNL2,8.751743401059215
GNMT,1.665021791035879
GNPAT,1.6249829144970058
GNPDA1,2.100562494056418
GNPDA2,1.671572201058109
GNPNAT1,25.76482439643571
GNRHR,2.4217501209291146
GNS,2.5425865616087138
GOPC,2.2026853459681157
GOSR1,3.320410867715187
GOSR2,4.90270106828552
GOT1,2.208367939851883
GOT1L1,2.163410734705721
GOT2,3.334270240378409
GP6,1.9217912004340525
GPAA1,2.186107652947524
GPAM,2.2238230064636
GPAT3,1.647066714442503
GPAT4,1.9122533790373932
GPBAR1,1.8767834996247548
GPBP1,4.771293321412119
GPD1,2.519014429209681
GPD1L,2.042093722597744
GPD2,2.5261432375988058
GPER1,1.692577316840035
GPHN,2.0928054680923145
GPI,4.757404599955771
GPLD1,2.084945968125624
GPM6A,2.564818926979491
GPR1,2.3551888074450438
GPR101,2.5681988752923584
GPR107,2.6852503695337355
GPR108,2.439349826951414
GPR119,2.0085135646160883
GPR12,2.2292183853448644
GPR132,1.843795916611176
GPR135,1.9684991381496089
GPR137B,2.7108189751813185
GPR139,2.859153585584229
GPR141,2.405027310147432
GPR142,2.695922331337596
GPR143,3.60138552993244
GPR146,2.4999814179661466
GPR148,2.2328307477735523
GPR149,1.944461049565668
GPR15,2.263213969474556
GPR151,2.6489453031793264
GPR152,3.056724638938473
GPR153,1.5863109399778126
GPR155,2.97019895847154
GPR156,2.62118761869266
GPR157,2.1309902769374505
GPR158,2.102572379300631
GPR160,1.783877855486353
GPR161,2.200889162275617
GPR162,1.687238706383604
GPR17,1.837203720337374
GPR171,2.434541295106211
GPR173,1.6389378541823032
GPR174,1.878684427933618
GPR176,3.2942329374267723
GPR179,2.740022844754015
GPR18,2.477504321222189
GPR182,1.8039828301957344
GPR183,1.7211539289672697
GPR19,1.9412599450669732
GPR20,2.506911986185856
GPR21,2.4321779478515317
GPR22,1.4916997925927118
GPR26,1.6138958604310834
GPR3,2.8439455836509566
GPR31,2.0972272463824093
GPR32,3.2401294825368367
GPR34,1.686397753973766
GPR35,2.6033522365120403
GPR37,2.008633259014448
GPR37L1,2.588941301803506
GPR39,2.6104156998727155
GPR4,3.9423296065171383
GPR45,2.989220143820499
GPR50,2.20289343297196
GPR52,3.3122149765955515
GPR55,2.917578059407812
GPR6,1.341220436388022
GPR61,2.0361955093197426
GPR62,2.196885302004408
GPR63,2.254812035864752
GPR65,2.0919224511067678
GPR68,2.4684904647484736
GPR75,2.0981911271049407
GPR75-ASB3,1.8559281295628096
GPR78,3.1288079309681303
GPR82,1.8017948491088909
GPR83,2.6618178037417493
GPR84,3.060502817123345
GPR85,2.0576545039082355
GPR87,1.8078686626998732
GPR88,3.1509849680039648
GPRASP1,2.4592915559646693
GPRC5A,2.8141142041457696
GPRC5B,14.162294647341042
GPRC5C,2.3933696988602007
GPRC5D,2.6107185679505056
GPRC6A,2.2406954459036013
GPS2,2.6393725777555166
GPT,2.0791227227136857
GPT2,2.3826893011614856
GPX1,2.438830927713965
GPX2,2.2476952845692977
GPX3,2.000768189830836
GPX4,2.4084017809015745
GPX5,1.55542640590043
GPX6,1.8983541620417288
GPX7,2.9785061767309187
GRB2,4.981048321052583
GRHL1,1.6660785242332588
GRHL2,2.0228142399912428
GRHL3,1.8475134071190409
GRHPR,2.4155185125728567
GRIA1,1.6426132308450778
GRIA2,2.3404464775520832
GRIA3,2.959372303103606
GRIA4,1.832181519230732
GRID1,2.128409135345574
GRID2,2.973093016311526
GRIK1,2.365702035463015
GRIK2,1.6172582166103584
GRIK3,1.896721058517898
GRIK4,2.7919007348911213
GRIK5,2.733017254432965
GRIN1,3.2198593333796097
GRIN2A,1.9865676624376465
GRIN2B,2.806275938610836
GRIN2C,4.678693001512555
GRIN2D,3.039210154764157
GRIN3A,1.844442158685987
GRIN3B,2.5964567628895967
GRK1,1.7436696553705366
GRK4,3.214191853596036
GRK5,2.780032713362748
GRK6,4.1431393034947215
GRK7,1.8295867540199624
GRM1,3.708628774186975
GRM2,2.2237642692566904
GRM3,2.047395983261557
GRM4,2.2229024045350503
GRM5,2.430521419496084
GRM6,1.9420915859230756
GRM7,2.333220669350584
GRM8,2.373864669270961
GRPR,4.905101163914027
GSC,6.487865914984803
GSC2,1.9914123747066583
GSG2,2.472926132343728
GSK3A,5.2048237843429765
GSK3B,4.060190619561029
GSPT1,5.37006957623539
GSPT2,2.187160480425493
GSR,2.7097141985201314
GSS,1.9193693570019623
GSTA1,2.033146506123203
GSTA2,2.6328700985595077
GSTA3,1.6689778556089103
GSTA5,12.111800230938048
GSTK1,3.5988345754310016
GSTM1,1.992217385911376
GSTM2,2.570017807717497
GSTM3,13.36258611357034
GSTM5,3.5322255902767905
GSTO1,2.2708612886773816
GSTO2,1.8806209620724856
GSTP1,2.8346053066609267
GSTT2,2.085800542709984
GSTZ1,2.101191855841224
GSX1,1.8313342182669825
GSX2,4.775474354173362
GTF2A1,3.2028619251073374
GTF2A1L,1.6001971766943135
GTF2A2,5.017310215474334
GTF2B,3.0649552499992088
GTF2E1,1.3921657854614045
GTF2E2,2.4843721821771214
GTF2F1,2.158616996407165
GTF2F2,2.5999625247429363
GTF2H1,4.1025446195583335
GTF2H3,2.804988235625501
GTF2H4,1.9812324915635349
GTF2I,4.068825372325681
GTF2IRD1,2.5834263412877005
GTF3A,2.8205525919157832
GTF3C1,2.8775883150317974
GTF3C2,2.1386756604777344
GTF3C3,3.3461885410037056
GTF3C4,2.5242793681690507
GTF3C5,10.203660414156031
GTPBP1,17.689839654602867
GTPBP2,2.573683885298254
GTSE1,2.171090805142861
GUCA1A,2.153817342261773
GUCA1B,2.7099382102043337
GUCA1C,2.70249666374763
GUCA2B,2.2139837151722834
GUCY1A2,2.6248090126758448
GUCY1A3,3.518195446907132
GUCY1B3,2.134392284302811
GUCY2C,2.1364280835259257
GUCY2D,2.070392592974508
GUCY2F,1.5807483839348702
GUK1,2.5919634298104506
GULP1,1.965920461326094
GUSB,2.16170369425568
GYG1,2.9710936063389037
GYG2,2.1686136628718007
GYLTL1B,3.0453360491604475
GYPA,5.992932361373558
GYPC,2.460058498977235
GYS1,3.152837848153824
GYS2,1.764123451948912
GZF1,2.366307105233927
GZMA,2.100078964092405
GZMB,1.7726276416792206
GZMH,1.991814933238744
GZMK,2.6631086692354304
GZMM,2.606923405126552
H1F0,1.829479923879745
H2AFX,2.3466563264123046
H6PD,2.778007503874491
HAAO,2.196641546024142
HABP2,2.1602672376521905
HACD1,2.17645147413269
HACD2,2.919620243804412
HACE1,3.0864551552698987
HACL1,1.8736491075266843
HADH,2.548417966659532
HADHA,1.986441870574636
HADHB,1.7911627993383967
HAGH,2.8067490542996736
HAGHL,2.226111231072105
HAL,2.102789697444253
HAND1,2.5030106246998813
HAND2,2.2792241965703672
HAO1,3.49477598627157
HAO2,2.393101533258851
HARS,5.198513395868082
HARS2,1.9296258808546327
HAS1,3.508186961299959
HAS2,1.884476722289405
HAT1,2.2696020001684456
HAVCR1,6.667307955270448
HAVCR2,2.51500395257508
HBB,12.786585613233266
HBD,2.478615367226641
HBE1,3.3355776287769063
HBP1,4.810842804050377
HBS1L,1.8974055790089208
HBZ,3.384395852239372
HCAR1,2.333015774155473
HCAR2,2.073589440053035
HCAR3,2.0632941570014904
HCCS,1.971946376742863
HCFC1,8.86653695739944
HCFC2,3.785828336907179
HCK,4.093705524029626
HCLS1,2.2962745316527244
HCN1,2.266987613217732
HCN2,3.3903348730258505
HCN3,3.832228682140384
HCN4,2.270910498572823
HCRTR1,3.2647249755308945
HCRTR2,2.1701875458822077
HDAC1,2.152714220344833
HDAC10,2.228076205215223
HDAC11,1.5498676477764748
HDAC2,2.5679993973121142
HDAC3,3.333725608474811
HDAC4,2.26751779134891
HDAC5,2.814813431601001
HDAC6,2.114285953653676
HDAC7,4.844453315716864
HDAC8,2.4540456001730875
HDAC9,1.8921126048672323
HDC,1.3970391200328185
HDHD2,2.151383613885565
HDHD3,2.3128808598546886
HDLBP,2.601152621536221
HECTD1,2.9736485821013146
HECTD2,2.0940765438278683
HECTD3,2.010931583844584
HECTD4,2.999884399496396
HECW1,2.377956318437707
HECW2,1.7584657021618817
HELB,1.850560966972943
HELLS,2.43335667175474
HELQ,1.710199504434286
HELT,2.6969653676432257
HELZ,2.1055902050149564
HELZ2,2.222489106484119
HEMK1,2.095276372835635
HEPH,2.503116808274393
HERC1,1.785068656024304
HERC2,3.626553826002158
HERC3,3.715872034406445
HERC4,4.092842854333936
HERC5,5.211523621144425
HERC6,2.250747334466128
HES1,3.0381943680357324
HES2,2.2069811054573303
HES3,1.844795403247883
HES4,2.477453046585401
HES5,1.8211260797182252
HES6,2.3824370345664208
HES7,3.42394385248406
HESX1,2.3772264600203807
HEXA,1.6444256979657912
HEXB,5.8986050735431
HEXIM1,3.460332744795321
HEY1,1.7020155338791538
HEY2,2.906388190942463
HEYL,2.473418035450963
HFE,2.200655562768796
HGD,2.1374961907829664
HGF,1.7893968881562494
HHAT,1.7185550355516752
HHEX,2.117352038525773
HIBADH,2.1910219499601715
HIBCH,18.56254682400624
HIC1,3.5835115299416445
HIC2,2.1640962981329954
HIF1A,1.7617950316095472
HIF1AN,1.6906487478065366
HIF3A,3.27105997740166
HINFP,9.316437986635288
HINT1,2.6603433866531945
HIPK1,1.4397440357512732
HIPK2,1.9627751547993344
HIPK3,1.4847206320641333
HIPK4,1.9076102173254472
HIRA,2.8549603054902724
HIVEP1,2.4641923178327163
HIVEP2,1.8898119844122692
HIVEP3,2.2589931727595496
HK1,4.848470287574001
HK2,3.320312881671271
HK3,2.040390964446281
HKDC1,1.2866360674615644
HLA-A,3.5232030164400627
HLA-B,2.050377542121539
HLA-C,1.789416048842275
HLA-DMA,1.6989782875247437
HLA-DMB,1.5767307673206057
HLA-DOA,2.0533524246453503
HLA-DOB,1.64894113087705
HLA-DPB1,2.831465039389199
HLA-DQA1,4.690035998790796
HLA-DQB1,1.9347520497059
HLA-DRA,1.6905417545282593
HLA-DRB1,3.4939533962742164
HLA-E,2.192042973798205
HLA-G,5.702550580564671
HLCS,2.0485347724022893
HLF,2.28296343564814
HLTF,1.8285861154747067
HLX,2.0515151797481
HM13,2.9463493339709004
HMBOX1,1.9875993420326736
HMBS,2.430762824369929
HMG20A,2.311348920559261
HMG20B,2.0221789949381272
HMGA1,4.013812309169948
HMGA2,2.0941107738074445
HMGB2,3.3010122139856715
HMGCL,1.8183808488780604
HMGCLL1,1.7333708820669742
HMGCR,15.300193563969096
HMGCS1,2.1784781368552597
HMGCS2,2.0421307823009185
HMGN1,2.376021266509761
HMGN5,2.192398948124381
HMHA1,2.3545860541084287
HMMR,2.3078574533712124
HMOX1,1.6153490320938726
HMOX2,1.626418558535164
HMX1,2.029725401863072
HMX2,2.715874769920531
HMX3,2.0366620749631688
HNF1A,2.9595294733543693
HNF1B,1.8842647447027083
HNF4A,2.2559277719966158
HNF4G,2.973693317749077
HNMT,1.98442717486808
HNRNPAB,2.116193438090542
HNRNPD,3.0440828926951387
HNRNPK,5.414886939168613
HOMEZ,2.002432078392571
HOPX,2.1324242245813068
HOXA1,2.422569852553368
HOXA10,1.8945427398999972
HOXA11,2.478869595690257
HOXA13,2.1715908279695797
HOXA2,2.4430747428652992
HOXA3,2.1155979352755
HOXA4,2.568489096723374
HOXA5,1.8293587988460125
HOXA6,2.1642330132497145
HOXA7,2.842811106070036
HOXA9,3.2006112217539773
HOXB1,2.377614985708014
HOXB13,2.1461105688079862
HOXB2,2.665008365721396
HOXB3,4.070275737527727
HOXB4,2.561988374497181
HOXB5,2.905758806369115
HOXB6,2.2875537246861426
HOXB7,4.195085437874286
HOXB8,2.57995128919217
HOXB9,2.090585372962237
HOXC10,1.7759961680535123
HOXC11,2.150873560675316
HOXC12,3.191548277945287
HOXC13,4.705468657727744
HOXC4,2.530372372173342
HOXC5,2.5926691306097345
HOXC6,4.504038252669547
HOXC8,2.4886814973132787
HOXC9,2.2357011159122475
HOXD1,3.0076045981357584
HOXD10,2.262196885622762
HOXD11,2.0727166420651946
HOXD12,7.110686593067332
HOXD13,2.876538739562205
HOXD3,3.2034140727408227
HOXD4,2.937801151210644
HOXD8,18.44622113874014
HOXD9,2.1773651090602177
HP,2.535513190703381
HPD,2.791753076873225
HPGD,2.30332417929039
HPGDS,1.8115644579816363
HPN,2.1460844335436846
HPR,1.7233104520752869
HPRT1,2.7738892266491497
HPSE,2.0756672090585906
HR,2.4493977822930053
HRAS,2.2372776251101
HRASLS,3.142846654887591
HRC,1.830633217598287
HRH1,1.9439688540341304
HRH2,2.837797932476894
HRH3,2.200911035429502
HRH4,2.5594844215014656
HS2ST1,2.0005378489618075
HS3ST1,2.3236467948425634
HS3ST2,2.817601864446456
HS3ST3A1,1.5858371034727194
HS3ST3B1,1.793416808492763
HS3ST4,1.8100319214244631
HS3ST5,2.147888598458281
HS3ST6,2.598646121884835
HS6ST1,2.2787275259649555
HS6ST2,2.2792092075851955
HS6ST3,2.9519756532376045
HSBP1,2.8314740545897736
HSD11B1,3.136677832451352
HSD11B2,1.9798955898840345
HSD17B1,3.150566909308916
HSD17B10,4.317465312144445
HSD17B11,1.6221756240726224
HSD17B12,3.854808558510341
HSD17B13,1.8855499468790615
HSD17B14,2.2937262129997715
HSD17B2,1.7856666744440846
HSD17B3,2.376973447444329
HSD17B4,2.1839434964645874
HSD17B6,1.714323788762344
HSD17B7,1.7621789509987271
HSD17B8,2.3489682132440124
HSD3B1,2.427948839170946
HSD3B2,2.879012597014728
HSD3B7,2.273524040783337
HSDL1,1.6757782232092595
HSF1,5.192712425017844
HSF2,2.847957085946207
HSF4,2.5843640968127337
HSP90AA1,4.634444001249922
HSP90B1,2.268050068471915
HSPA13,2.668739208896312
HSPA14,2.146657877293711
HSPA1A,2.014822283274004
HSPA1B,3.928591655010917
HSPA1L,3.5940175112058323
HSPA2,3.277594977704807
HSPA4,2.9947524382822865
HSPA4L,1.5691833858759985
HSPA5,29.825356675686077
HSPA8,5.704850969707793
HSPA9,7.042567259966994
HSPB8,3.0026348402303453
HSPD1,3.685221145414617
HSPH1,3.5208913661611576
HTATIP2,3.335989475748336
HTATSF1,3.903030788963005
HTR1A,3.092112976086345
HTR1B,3.320509924948304
HTR1D,3.265068850942447
HTR1E,1.8825009427392796
HTR1F,2.1525843673159133
HTR2A,2.4396471849730266
HTR2B,2.0816342257538243
HTR2C,2.463244962482504
HTR3A,1.6298513440618307
HTR3B,1.859348861330101
HTR3C,1.846845258478032
HTR3D,1.922988812366078
HTR3E,2.617369246906444
HTR4,1.816031456828901
HTR5A,5.282821799896825
HTR6,4.252297725104126
HTR7,1.921289797852358
HTRA1,1.7779652774312449
HTRA2,3.543704712227011
HTRA3,2.580090116929969
HTRA4,1.3290286068202732
HTT,3.379399335108332
HUNK,1.8188415892015857
HUWE1,4.583016514782608
HVCN1,2.234803410694624
HYAL1,2.48052632706572
HYAL2,1.8877361052414696
HYAL3,2.213186085971381
HYAL4,2.101430915506047
HYI,2.050599188403878
HYKK,1.9373849931211804
HYOU1,4.852229086501037
IAPP,2.840412953294983
IARS,3.5680066931104792
IBSP,2.140691132866883
ICAM1,2.7624347992107645
ICK,2.4089484305172366
ICMT,2.8621645751302958
ICT1,1.985304002428573
ID1,2.330830470105796
ID2,3.6279963521481617
ID3,2.194557361123258
ID4,2.318002114281488
IDE,1.9331564497247649
IDH1,2.579977144459697
IDH2,2.190736145823566
IDH3A,2.249814804928905
IDH3B,2.06426515371398
IDH3G,2.046221780903148
IDI1,6.853219508403421
IDI2,2.6007316770729494
IDNK,2.722684252952668
IDO1,3.2280702006768704
IDS,2.860573316268624
IDUA,7.779699643706538
IER2,3.104902083873349
IFI16,2.93421222946962
IFI30,1.8987423451017795
IFIH1,2.278380526576809
IFNAR1,1.5987994628509898
IFNAR2,2.1369108060772994
IFNB1,2.1030025289146543
IFNG,2.0008848025456296
IFNGR1,1.6851466721843973
IFNGR2,1.7699058561958558
IFNLR1,2.20687775615223
IFT27,1.8703845982152023
IFT57,4.084415749591512
IGBP1,9.328569584578512
IGF1,2.9940991489304265
IGF1R,2.5228301452250155
IGF2,2.8846385498647944
IGFBP7,4.662695513318873
IGHMBP2,2.636667824290904
IHH,3.148232936609128
IKBKAP,2.8130877786595243
IKBKB,2.262802107723036
IKBKE,2.477612910285405
IKBKG,2.326809776471201
IKZF1,1.7626267427468292
IKZF2,2.2085764442521105
IKZF3,2.7697126837211865
IKZF4,3.836006878777184
IKZF5,2.6983039622404337
IL10,1.9014421070458027
IL10RA,2.0855978813771414
IL10RB,1.8741780905809031
IL11,1.8948766390947325
IL11RA,2.2870869209738687
IL12B,2.043799287416372
IL12RB1,2.6645135971286584
IL12RB2,2.0231535868692028
IL13RA1,2.130075848712066
IL13RA2,2.479760805592625
IL15RA,2.375017944268273
IL17RA,2.3927786845923147
IL17RB,3.330896920694631
IL18R1,2.2737167151127613
IL18RAP,2.619192841834669
IL1A,2.4673580436453286
IL1B,2.3364527172583958
IL1R1,2.0177190967023177
IL1R2,2.808106799047666
IL1RAP,1.7077528503775798
IL1RAPL1,1.6677536886676037
IL1RAPL2,1.759073862068935
IL1RL1,2.355618652038999
IL1RL2,1.8507619066352048
IL20RA,1.610101171017695
IL21R,1.1828938747116602
IL22RA1,2.2317476171151687
IL22RA2,1.52830146224281
IL23R,2.3785898328309387
IL27RA,1.4202265731903012
IL2RA,2.3847774037226204
IL2RB,2.596817807260744
IL2RG,1.9466419094149487
IL3,4.147339415203218
IL36A,1.792687663265892
IL36B,2.60843749033722
IL36RN,2.0379206584671747
IL4,1.504911219710244
IL4I1,3.1531492701061383
IL4R,5.381283341711638
IL5,4.475237100014946
IL5RA,2.056814750881583
IL6,2.1246244289831693
IL6R,2.897505230693442
IL6ST,3.12138062700859
IL7,1.7224837899753915
IL7R,2.623908337004479
IL9,2.573839772675205
ILF2,6.605199177269932
ILF3,3.002442158222162
ILK,4.132092108916699
ILKAP,3.399982923441073
IMMP1L,1.457666341046395
IMMP2L,2.680218425508657
IMPA1,2.472096102688807
IMPA2,2.275294176338623
IMPAD1,3.382835366364497
IMPDH1,2.3640050715152565
IMPDH2,1.7741716860889452
ING1,2.4375582010409684
ING2,2.4524156849397087
ING3,5.639353998856875
ING4,2.26629394155039
ING5,2.708670892392585
INHA,2.4224686518677783
INHBA,1.8833407756631235
INHBB,2.251420967207524
INHBC,3.1269255327924848
INMT,2.170400562950151
INPP1,2.094278401566494
INPP4A,2.2898164758659467
INPP4B,2.431983034058427
INPP5A,2.3471889099313525
INPP5D,2.334365451275444
INPP5E,2.3530406742901038
INPP5F,1.85853992227184
INPP5J,1.7764201457552051
INPP5K,2.431190299754994
INPPL1,3.1437206281200387
INSL3,2.0072286269415254
INSM1,1.9723431655857948
INSM2,1.7824878067261307
INSR,1.9112688836837293
INSRR,2.320737143395051
INTS12,4.527963797872695
INTS6,3.720584996202649
IP6K1,2.1321383715889866
IP6K2,2.341653752255972
IP6K3,3.633487972103997
IPMK,4.423596203047186
IPO5,2.3473950997082764
IPO7,3.956919899782676
IPPK,2.948865279618204
IQGAP1,2.7951546693801883
IQGAP2,2.056173483108171
IRAK1,2.0437981400323286
IRAK2,2.5656283800685684
IRAK3,2.095572311496721
IRAK4,3.234906956337826
IREB2,1.5656007530894114
IRF1,2.337022387567531
IRF2,2.3216396321303563
IRF2BP1,2.0076679608164816
IRF3,3.978051221714249
IRF4,2.1219580078012643
IRF5,1.502780992484129
IRF6,2.1306145920074626
IRF7,3.125977208333015
IRF8,3.009575373618828
IRF9,2.258652318699838
IRX1,2.6575057083622777
IRX2,4.734137700177893
IRX3,2.6392877407565525
IRX4,2.899006498888009
IRX5,2.1642639075362093
IRX6,1.7864715148778616
ISG20,2.2454985244474144
ISG20L2,2.903047683018144
ISL1,2.53297470778512
ISL2,2.299865400514664
ISOC1,2.937370603848052
ISOC2,1.961402750686212
ISYNA1,4.505732755568628
ITCH,4.782845495865693
ITGA11,2.303049160288929
ITGA2,3.606768661694532
ITGA3,3.222842550580652
ITGA4,5.142482310702175
ITGA5,1.759601322695591
ITGA6,2.085403587568273
ITGA7,2.596831018393787
ITGA9,2.1054045948883853
ITGAE,2.3525133369852704
ITGAL,2.7578448676906797
ITGAV,20.08967601266506
ITGAX,3.483734370326015
ITGB1,5.917329795249844
ITGB3,2.206941125315992
ITGB4,2.137562724546465
ITGB5,10.51011264497791
ITGB6,2.097854823450397
ITGB7,1.8295385805123063
ITGB8,3.061554172356905
ITK,2.1600918371856785
ITPA,2.085902658471786
ITPK1,2.0661807599186326
ITPKA,2.115989518095105
ITPKB,2.1505423130931978
ITPKC,2.427246326540081
ITPR1,1.7094569969574434
ITPR2,2.2451695508791807
ITPR3,5.365870025340505
IVD,2.2113912615570195
IYD,1.9697093000218
JADE1,2.1843109084095573
JADE2,1.6041497058961178
JADE3,2.0738065676398088
JAG1,1.9112837473928157
JAG2,2.577376156952069
JAK1,2.9868026568940134
JAK2,2.4271079586748527
JAK3,3.5463961456729463
JARID2,2.2260259140780336
JAZF1,2.1102955540638995
JDP2,4.32720195561796
JMJD6,2.906263291812889
JMJD7-PLA2G4B,2.729436944408345
JMY,5.033190134878324
JOSD1,2.088787916510164
JOSD2,2.561093221802515
JPH2,2.5983450091646736
JPH3,2.476883072478346
JRKL,1.8664661263618791
JUN,10.180878128677072
JUNB,2.819241254407713
JUND,3.0125240341494246
KALRN,2.2472325575344234
KANK2,2.8800566175057005
KARS,4.7317358106542144
KAT2A,4.073781648944499
KAT2B,3.1510948586525687
KAT5,4.077025461340796
KAT6A,3.1131428995123485
KAT6B,1.606171116285516
KAT7,3.5729897465453235
KAT8,5.405514825983013
KATNA1,2.374199325800858
KATNAL1,1.7757038950890045
KCNA1,1.958311454540884
KCNA10,1.8221928137902808
KCNA2,2.222224905234278
KCNA3,1.7465488406733432
KCNA4,1.846889398005661
KCNA5,2.349908097705985
KCNA6,1.960835768148639
KCNA7,4.000716689005867
KCNAB1,3.496463112235998
KCNAB2,1.7745336037633752
KCNAB3,1.793530616132663
KCNB2,2.248234642897702
KCNC1,2.2448419806678697
KCNC2,3.926091678942232
KCNC3,2.329139354829864
KCNC4,2.756061676207759
KCND1,2.630076105660641
KCND2,1.6173580054122585
KCND3,2.227707848021411
KCNE1,3.958762493141888
KCNE2,2.1054973018221053
KCNE3,1.3547355823027234
KCNE4,3.223014615706731
KCNF1,2.0890821261378987
KCNG1,2.353142381547946
KCNG2,2.306363946469648
KCNG3,6.784382589997445
KCNG4,2.201744902157545
KCNH1,2.0323179998915943
KCNH2,1.7774656293128483
KCNH3,2.28955623212447
KCNH4,2.307798915726559
KCNH5,1.70933246193619
KCNH6,1.9680856051926636
KCNH7,2.159979506471193
KCNH8,4.402718160194057
KCNIP1,2.213177818842654
KCNIP2,1.8123658403296143
KCNIP3,1.9350226542200983
KCNIP4,2.3362500974092404
KCNJ1,2.473820415437507
KCNJ10,2.893561085478672
KCNJ11,2.1296151325302826
KCNJ12,1.8142251211730769
KCNJ13,2.547581625515144
KCNJ14,1.925959772230971
KCNJ15,2.626108814138339
KCNJ16,1.879480862480525
KCNJ18,2.329250935916912
KCNJ2,2.044581213864653
KCNJ3,2.2699106912024782
KCNJ4,2.403295475470612
KCNJ5,2.5292600018761964
KCNJ6,2.8696006585071974
KCNJ8,2.090596693313616
KCNJ9,2.898849118533451
KCNK1,2.328894643297521
KCNK10,1.5936822374824555
KCNK12,1.838392596660859
KCNK13,2.2506868115203638
KCNK15,2.03025923595124
KCNK16,2.43453540247144
KCNK17,2.243272577453476
KCNK18,2.6272258618866418
KCNK2,2.721655923436161
KCNK3,2.4156955544237637
KCNK4,2.303328971431518
KCNK5,1.6424859517518158
KCNK6,3.907964155350791
KCNK7,2.590911624294547
KCNK9,1.9833001013812728
KCNMA1,2.238941024422107
KCNN1,2.794105645196434
KCNN2,3.5796386619367424
KCNN3,2.1380430743297123
KCNN4,3.8527350308158312
KCNQ1,2.5472674179802546
KCNQ2,1.411643464987019
KCNQ3,2.063949776477425
KCNQ4,3.261341491385558
KCNQ5,3.3745818169842927
KCNS1,1.8707032425808308
KCNS2,1.9950471992946448
KCNS3,1.8300627762924304
KCNT1,2.5106164069508727
KCNT2,2.465582489546565
KCNU1,1.8374330521975788
KCNV1,3.7179772973242606
KCNV2,2.5929543240848334
KDELR2,2.085810945634269
KDELR3,2.3688319450484485
KDM1A,5.597545250066266
KDM1B,2.8898286539096247
KDM2A,3.44832185058068
KDM2B,3.4630202206251117
KDM4A,2.670788173773224
KDM5A,1.6430148997576008
KDM5B,1.7575191312257044
KDM5C,4.399753303456313
KDM5D,2.201463921449422
KDM7A,2.6850267196077358
KDR,1.9701860943966505
KDSR,2.021893478330986
KEAP1,3.2779039591491896
KEL,2.266327078565699
KHDRBS1,2.5110666394445755
KHK,2.389230612407609
KHSRP,2.2799740463893645
KIAA1804,3.488064363689509
KIF11,15.05133995068343
KIF12,2.555264629230845
KIF13B,2.133850607164081
KIF14,2.259484671769461
KIF15,2.56200885118408
KIF16B,2.957208126551132
KIF17,1.4701809361947504
KIF18A,1.9913546277806065
KIF1A,2.2693570604432183
KIF1B,3.4922782127906817
KIF1C,2.609515985630091
KIF20A,2.424181285153284
KIF20B,2.268819523308851
KIF21A,2.067596898311661
KIF21B,2.797316219665285
KIF22,2.5816495046057257
KIF23,31.085330477217127
KIF25,1.8788093735237537
KIF26A,2.724018254333465
KIF27,1.951174761013107
KIF2A,3.6190348182388874
KIF2B,2.7211747405466173
KIF2C,2.852173894308164
KIF3A,23.25230134841457
KIF3B,2.5846493642814217
KIF3C,1.7620517436908985
KIF4A,2.1605666308211315
KIF5A,3.7034791836111625
KIF5B,8.149146529244572
KIF5C,2.314549463466462
KIF9,1.806831751985457
KIFAP3,2.527369096058524
KIFC1,2.368448313498485
KIFC2,33.931988440415246
KIFC3,3.002000500691381
KIR3DL3,2.3974012496008608
KISS1R,3.641011375181712
KIT,3.09429254759812
KITLG,3.933276923531038
KL,3.084913990770579
KLB,3.023916773338484
KLC1,3.24873790027797
KLC3,2.438370004834556
KLF1,2.6299343305699194
KLF10,3.34051470308018
KLF11,2.375087826341308
KLF12,2.1948955079501173
KLF13,3.1625165767873544
KLF14,1.9840648211182024
KLF15,2.7355591314294
KLF16,3.4113434320443523
KLF17,1.9512070284593488
KLF2,2.210179517430094
KLF3,2.0781066976571507
KLF4,1.7296733693565112
KLF5,3.0559033033096954
KLF6,4.369336786301997
KLF7,2.7490998136001856
KLF8,2.307395268334918
KLF9,2.1109820853887973
KLK1,2.869460125807245
KLK10,2.0664762405628387
KLK11,1.916304013300308
KLK12,2.502939628565508
KLK13,2.503119399113215
KLK14,2.645150317581529
KLK15,1.7093896456258229
KLK2,6.032626490409485
KLK3,2.6067402740609777
KLK4,2.036224681336288
KLK5,2.223828471972844
KLK6,3.747970554065177
KLK7,2.315689936833986
KLK8,2.0864418589791915
KLKB1,2.1762448627049853
KLRD1,3.254823208126828
KLRF1,1.9235144278389256
KLRG1,3.363843459371775
KMO,2.211121946938889
KMT2A,2.550909129309441
KMT2B,2.7415292237234525
KMT2C,2.085314079210698
KMT2D,4.481858371163169
KMT2E,3.115651851991962
KMT5A,11.427456234025858
KMT5B,2.5412905044624057
KMT5C,2.178747934568712
KNDC1,1.7243142735122354
KNG1,2.0070368996768546
KPNA1,1.7941060984476125
KPNA2,3.523480951084776
KPNA3,2.066452496901773
KPNA4,2.676809075744908
KPNA6,2.625418593810297
KPNB1,19.11577099488741
KRAS,1.851710167856726
KRBOX4,1.9022181496071435
KREMEN2,2.266828341340907
KRT8,2.5356362618986394
KRTAP5-9,1.8154993017764511
KSR1,2.793837541014907
KSR2,2.069329256318202
KYAT1,1.7663628124829294
KYAT3,2.162421333782367
L2HGDH,2.2659752022486144
L3HYPDH,2.1604228442439504
L3MBTL2,2.088618296277588
L3MBTL4,1.8216912581330496
LACTB,3.242445942686038
LAG3,1.6616529107658573
LAIR1,2.4629946739555755
LALBA,1.2943054700007428
LAMA4,1.79489591995848
LAMA5,1.9850722501862703
LAMB2,2.4928353001326835
LAMB3,1.892173076877798
LAMTOR3,2.437210104349519
LANCL1,2.928711667022046
LAP3,1.889840604403955
LARGE,2.1582478208979072
LARS2,2.2858401116575924
LATS1,2.027946134488253
LATS2,3.039995434106437
LBP,3.900832646665488
LBR,3.645802675127638
LBX1,7.026560768029184
LBX2,2.320212704295159
LCK,1.565044314339973
LCLAT1,1.604654405905401
LCMT1,2.1108265955259458
LCMT2,2.1358532865728246
LCN1,2.206920964429781
LCN12,13.922774369429796
LCN2,1.767610397063614
LCOR,2.2545980700120998
LCORL,2.31666323312813
LCT,1.530932458185487
LCTL,2.635004993333176
LDB1,2.4278372093890823
LDB2,1.6248354120372013
LDHA,2.5915762512486147
LDHAL6B,1.6930102004409318
LDHB,1.6890176685027862
LDHC,1.3928017679880442
LDHD,1.7021908859948576
LDLR,2.783070868912943
LDLRAP1,2.922017661468166
LEF1,1.594951859719339
LEFTY2,1.952351395207716
LEP,2.9265107410919584
LEPR,2.784480256375759
LGALS1,1.677005691433563
LGALS12,1.5305206866152832
LGALS13,1.5325741484684698
LGALS2,2.6462325680164134
LGALS3,2.15083338544736
LGALS3BP,1.8305895039948277
LGALS4,2.630891878338345
LGALS8,1.931866356911466
LGALS9,3.0040153044019453
LGMN,3.953937485819008
LGR4,2.4078206001378
LGR5,1.852936110059964
LGR6,2.156063585713769
LGSN,3.217177605655458
LHCGR,2.380894787442264
LHFPL2,2.859180800176192
LHPP,3.361872549141496
LHX1,2.3934619432888407
LHX2,1.3827755296061088
LHX3,3.666398354222012
LHX4,4.415755658554279
LHX5,2.1849352686251717
LHX6,1.5978394673706895
LHX8,2.2711096330987925
LHX9,2.226708594150432
LIAS,1.563020978536214
LIF,1.8235714435665065
LIFR,2.05724892337045
LIG1,2.688577758546413
LIG3,2.523203794019994
LIG4,1.885594477643993
LILRB1,3.8506254614319215
LILRB4,2.335920064213664
LILRB5,2.1566686039156564
LIMK1,2.6175465573966203
LIMK2,1.963819132848541
LIPA,1.885732705965505
LIPC,2.0273885778594645
LIPE,3.836129537624603
LIPF,1.7815995054299132
LIPG,3.190170297958936
LIPH,2.392211159598012
LIPI,2.5346391678444524
LIPJ,1.9031677963576796
LIPM,2.314065092127247
LIPN,2.386219215571435
LIPT1,4.842506635589425
LITAF,4.317437936390346
LMLN,2.047905507588127
LMNA,6.6331393270346055
LMO1,2.0739469699698407
LMO2,1.867302890143848
LMO4,1.6881145128181123
LMO7,2.1270242146934177
LMTK2,2.647354230895281
LMTK3,2.045099835492431
LMX1A,2.7002984138931656
LMX1B,2.445552670142244
LNPEP,1.875678690076628
LNX1,2.991447480137792
LNX2,2.2421000694842883
LOC81691,2.592588328760524
LONP1,24.00578415195257
LONP2,19.40014348319018
LONRF1,1.765016522188761
LONRF2,1.9538335472258552
LONRF3,4.1520510841891625
LOX,3.804049325293216
LOXHD1,2.012926170902707
LOXL1,1.731142170740272
LOXL2,2.03029893651574
LOXL3,2.5338251887024468
LOXL4,3.139457862528125
LPA,3.4431570436499177
LPAR1,2.1460988703665658
LPAR2,2.5426080418681924
LPAR3,3.9658390323224832
LPAR4,2.3310442521250656
LPAR5,2.053454013720533
LPAR6,3.428239841337648
LPCAT1,2.0632457086538105
LPGAT1,2.645577700549816
LPL,2.234509133926017
LPO,2.0406701114490806
LPXN,1.95202304341476
LRAT,1.7706629956282671
LRGUK,2.7167517696038845
LRP1,2.324063283201053
LRP10,8.078182768561039
LRP1B,2.650647287597881
LRP2,2.1831871187348866
LRP3,2.3404353565419056
LRP6,2.213117296092015
LRP8,1.928331977598987
LRPAP1,2.7745387468921034
LRR1,25.558016882271268
LRRC26,1.6277968877935691
LRRC29,2.2906479186649835
LRRC38,1.8495902195486935
LRRC41,2.3013412595166263
LRRC52,1.5510311566446426
LRRC55,2.133824392033121
LRRC8A,2.7546472067185634
LRRC8B,2.322865523949834
LRRC8C,2.019945782737463
LRRC8D,2.483967801985488
LRRC8E,2.9707626459198138
LRRFIP1,2.7983059472169742
LRRIQ4,3.08872408017509
LRRK1,2.157076724243097
LRRK2,2.34137268971274
LRSAM1,2.142206776891753
LSR,2.255232630879042
LSS,2.4568666597653963
LTA4H,2.0491789973210435
LTB4R,2.342341768131903
LTB4R2,2.0193540329527218
LTBR,4.341959398506496
LTF,2.698526944917345
LTK,2.571070296691492
LTN1,4.3553588980982285
LVRN,3.189026663664264
LYG2,2.930867137253252
LYN,1.593613485582506
LYPLA1,3.0287800932342
LYPLA2,1.4823710749015988
LYPLAL1,2.0945221967312144
LYST,2.940531278632176
LYZ,2.984582911458496
LYZL1,2.3285270063046903
LYZL4,2.5962505918781096
LYZL6,2.7065760690628764
LZTFL1,2.35880639666091
LZTR1,2.901288272170202
LZTS1,1.8852949527178295
M6PR,1.8562695799981743
MACC1,1.6952125998629486
MAD2L1,4.901783857450448
MAD2L2,2.8187085366935065
MADD,3.188662640745048
MAF,1.616531208122573
MAFA,3.127180633576635
MAFB,1.7425160532247412
MAFF,2.446337500911912
MAFG,2.605982706159224
MAFK,2.1646688111325214
MAGI1,2.4387750245890936
MAGI2,18.221965678413312
MAGI3,3.901024069067442
MAK,2.168295868548641
MALT1,2.420797272434317
MAML1,1.7860082031371136
MAML3,1.818435700825329
MAN1A1,14.942889629313674
MAN1A2,2.8875588767339786
MAN1B1,3.0368648622264542
MAN1C1,1.9393672877117203
MAN2A1,2.8579172202157808
MAN2A2,1.891300469325363
MAN2B1,1.9864029213819605
MAN2B2,2.232288896868708
MAN2C1,2.0778601180140504
MANBA,5.346966276735965
MAOA,2.249610862702556
MAOB,2.285975781823387
MAP1S,4.623569717736703
MAP2,3.215386221655708
MAP2K1,4.357795671580499
MAP2K2,2.3732049436877585
MAP2K3,2.522740928448126
MAP2K4,3.5353434259194003
MAP2K5,3.567186710702561
MAP2K6,2.734588574442904
MAP2K7,6.974483387783802
MAP3K1,3.5451002475836035
MAP3K10,2.1998268887339134
MAP3K11,2.3294902768386363
MAP3K12,2.220831556139311
MAP3K13,1.9214759509595276
MAP3K14,3.4688400663001517
MAP3K15,2.3976880765581328
MAP3K19,1.724612969546918
MAP3K2,3.3209064251923537
MAP3K3,5.614777135780136
MAP3K4,4.523856117367367
MAP3K5,1.7995991234794684
MAP3K6,5.602884881313866
MAP3K7,2.3127547998903766
MAP3K8,2.0221641306167384
MAP3K9,3.149575225520183
MAP4K1,3.3593748343640057
MAP4K2,3.2889484238368167
MAP4K3,1.844543604518931
MAP4K4,3.2880406997804674
MAP4K5,2.773443463573282
MAPK1,2.529436288450264
MAPK10,2.0930014624219546
MAPK11,2.3401171081652365
MAPK12,2.22985985873769
MAPK13,2.8385606755474617
MAPK14,3.860630701255969
MAPK15,1.7742095939229554
MAPK3,3.5497082064014505
MAPK4,2.6292044282990075
MAPK6,2.4932132200143364
MAPK7,5.368797200179237
MAPK8,3.928181941814356
MAPK9,2.341609285314136
MAPKAP1,2.5571309152819586
MAPKAPK2,3.396020913007093
MAPKAPK3,2.7835532660196582
MAPKAPK5,2.509892542381868
MAPRE3,2.849430451111798
MARCH1,2.4853363725170854
MARCH10,20.44898987260066
MARCH11,2.5078280583476222
MARCH2,2.285117285588105
MARCH3,3.314238910477584
MARCH4,2.638709570775203
MARCH5,2.370789027715217
MARCH6,2.316602903371105
MARCH8,3.309950977270064
MARCH9,3.3338263356268385
MARCKS,1.7226470003466077
MARCO,3.737150497530088
MARK1,2.5955912771894742
MARK2,5.0505777605438045
MARK3,2.9832265719013726
MARK4,3.2144377424058166
MARS,3.848681268905241
MARS2,3.111674508565976
MAS1,2.375025175429004
MAS1L,2.832184740761565
MASP1,1.6396678936118725
MASP2,2.0703898019489566
MAST1,2.170952296738696
MAST2,2.384146352144416
MAST3,2.7069890927042217
MAST4,2.188548665359907
MASTL,2.7764069825165527
MAT1A,1.854392500096648
MAT2A,7.524329558620144
MAT2B,2.860842099200958
MATK,3.307031093796696
MAX,4.961149936149514
MAZ,2.1527238496595955
MBD1,2.903185715124786
MBD2,2.7059234920339
MBD4,1.8859139074022568
MBOAT7,2.282282485971379
MBTPS1,3.7593810404734342
MBTPS2,1.8844571758614144
MC1R,3.236635299085507
MC2R,2.766724993994267
MC3R,1.859695191410752
MC4R,1.9865990894775736
MC5R,3.0133220035728234
MCAT,2.9757681299772862
MCCC1,2.898470560542596
MCCC2,2.346402190280765
MCEE,1.6379272768649655
MCF2,2.788989693588592
MCF2L2,1.3590180834456296
MCHR1,2.6417102714181437
MCHR2,2.1480305059590195
MCL1,6.863003494368803
MCM2,2.157555969429764
MCM3,2.353107662586925
MCM4,3.888214274403351
MCM5,2.3433187753353244
MCM6,2.1682430907619588
MCM7,3.518608595665634
MCM8,2.5745172592187147
MCOLN1,2.818060242096357
MCOLN2,2.7410870944712618
MCOLN3,2.135510966620102
MCU,2.20647176648024
MDH1,2.918743524087705
MDH2,2.4381344138756598
MDK,2.896660446626365
MDM2,15.070531553464976
MDM4,3.3900465481312896
MDN1,6.522455854021624
ME1,1.94218838997744
ME2,1.970311269505052
ME3,1.6085053679332109
MECOM,1.71763471934926
MECP2,1.7382029096209577
MECR,2.203462185249175
MED1,6.8055658840704565
MED12,8.492051136293757
MED13,3.142816460803821
MED14,7.313856375575525
MED15,3.342972385997089
MED16,4.219912284424058
MED17,9.804447752851967
MED20,4.400330310600848
MED21,8.42617271900501
MED23,3.504265182726054
MED24,3.472703787126024
MED26,6.371714685962806
MED27,7.701428036096498
MED30,2.4718917035095296
MED4,5.357031771539496
MED7,8.235013047012131
MED8,1.6515465205829416
MEF2A,1.3951825883933051
MEF2B,2.3400526112317497
MEF2BNB-MEF2B,2.5194363810176124
MEF2C,2.9639845699538925
MEF2D,2.8175299576436847
MEFV,1.958396281030777
MEIS1,2.273996225991547
MEIS2,3.21240348873667
MEIS3,2.498075303113976
MELK,2.4815878678745045
MELTF,2.2353461391693736
MEN1,2.514007376559084
MEOX1,2.398548167152836
MEOX2,1.444036907342494
MEP1A,1.8789952017297609
MEPCE,5.665558023812345
MERTK,2.369723624075865
MESP1,1.825509868837236
MESP2,1.8548720604237408
MEST,1.2350612507697811
MET,2.561241408887684
METAP1,3.629223121253839
METAP1D,2.408367337291
METAP2,5.496595544455545
METTL1,3.084292063116436
METTL13,2.388084645556671
METTL2B,4.460353500958495
METTL3,2.725966621816646
METTL5,2.782053411462163
METTL6,2.113871496909954
METTL7B,3.65888315015504
METTL8,1.8840865959370967
MEX3A,2.718293938126197
MEX3B,2.677373952179525
MEX3C,2.0304891128402165
MEX3D,2.6516487598667324
MFHAS1,2.1246143130599378
MFN1,2.81534781865944
MFN2,4.090813555383939
MFNG,1.7485425625930506
MFSD14A,2.5681370325963764
MGA,3.911212447227855
MGAM,2.004494465036609
MGAT1,5.716132901585937
MGAT2,3.205285206735691
MGAT3,2.6299414273132737
MGAT4A,2.31080090487615
MGAT4B,2.891578694603304
MGAT4C,2.2967718694934574
MGAT5,1.904794387598535
MGEA5,5.207460249014047
MGLL,1.2106665085004782
MGMT,2.195249618466595
MGRN1,3.2018345223542224
MGST1,2.024229298781365
MGST2,1.80795797839498
MGST3,1.752829829849818
MIB1,2.923432297825572
MIB2,2.5204824143483795
MICAL2,2.1412625382704817
MICB,2.2815266739315
MID1,1.9917063425167223
MID2,1.7598934089264278
MINK1,2.1685742424328294
MINPP1,1.6974815971947588
MIOX,1.9859313092262696
MIP,1.259082268040306
MIPEP,2.215385973638718
MITF,2.016040737396262
MIXL1,2.7628413443026734
MKL1,2.547371229835905
MKL2,2.122990025078873
MKNK1,2.370724261884678
MKNK2,4.013497602131521
MKRN1,2.913885466291789
MKRN2,2.360924792447838
MKRN3,2.6648955159519745
MKX,2.7243369349614217
MLH1,1.363397230196641
MLH3,2.0473860187103403
MLKL,1.9938636025332883
MLLT1,2.7652076575122244
MLLT10,2.3132171350478923
MLLT6,2.2619874619904494
MLNR,2.738708795748509
MLX,2.333598672584518
MLXIP,2.792339478765666
MLXIPL,3.016889292311059
MLYCD,2.311747757937952
MMAA,2.395643866025838
MMAB,2.0982608370262192
MME,2.188868220191704
MMEL1,2.2346750590396893
MMP1,1.8402743310516163
MMP10,1.5559281966473677
MMP11,1.852464534263707
MMP12,2.652658068421722
MMP13,2.4741983361391435
MMP14,2.364525037679953
MMP15,2.1017981424664978
MMP16,2.211796626373425
MMP19,2.256957895552468
MMP2,1.637121958758541
MMP20,1.7903388081526268
MMP21,1.9153103814619328
MMP23B,1.6510184158999712
MMP24,1.9600446859452576
MMP25,2.1368274931183096
MMP26,2.285903892383656
MMP27,2.2865604379523776
MMP28,2.305386032694284
MMP3,1.7203843086446926
MMP7,2.337819802287794
MMP8,1.9632738756535564
MMP9,1.7628716272987517
MMS19,2.749590109810012
MN1,2.136266238890564
MNAT1,2.2675212471803627
MNT,2.4629807962656725
MNX1,2.369526935809014
MOCOS,2.593367157993725
MOCS2,3.7000369672975335
MOCS3,1.988978264216017
MOGAT1,2.400621838336541
MOGAT2,1.5599192127491952
MOGAT3,2.0990019803966606
MOGS,2.5746759310022127
MOK,2.289605427000552
MORC1,3.0177176372300814
MOS,3.5692535569589983
MOV10,2.035852137627608
MOV10L1,1.7871699931811396
MOXD1,1.767656827795172
MPHOSPH8,2.575369702312991
MPI,3.157176579025652
MPND,1.731528625739531
MPO,2.494421407989827
MPP1,2.926504555454132
MPP2,2.9289518682352447
MPP3,2.909503068661789
MPP4,1.9868210681938372
MPP5,2.113794800872497
MPP6,2.0018383813851828
MPP7,2.05241265120248
MPPE1,1.6733926552588312
MPPED2,2.2395503691827563
MPST,2.7755803200521627
MRAS,2.0307612008720035
MRC1,2.9179859489042093
MRC2,3.4358420235043194
MRE11A,2.6610017291277472
MRGPRD,2.330215451329578
MRGPRE,3.1949077003624518
MRGPRG,1.6063195964008163
MRGPRX1,2.6193851578883485
MRGPRX2,1.686803017702683
MRGPRX3,2.6454135322368826
MRGPRX4,2.442130527727864
MRM1,2.2767543679326137
MRM2,1.777756852189173
MRM3,2.359502184418215
MRPL18,2.837552940409436
MRPL32,2.3110656560359204
MRPL43,3.067906614453745
MRPL9,1.868909207023835
MRPS30,2.917699036928984
MS4A8,2.2867789291657594
MSC,2.2868543145531786
MSGN1,2.5429176836390885
MSH2,2.3536015881630523
MSH3,1.433413056079172
MSH4,16.88704886372962
MSH5,6.38743428906723
MSH6,2.1742646366325347
MSL2,4.2050452246025065
MSL3,2.4540937059892745
MSMO1,1.8585220544443373
MSR1,1.7442363692474316
MSRA,2.548845309913375
MSRB1,2.5075933196137465
MSRB3,2.0156177095110603
MST1,4.069994663544805
MST1L,4.516498325616608
MST1R,2.144606597832836
MSTN,2.658702051947943
MSX1,2.4220430516784743
MSX2,1.981094238740824
MTA1,3.401502435017027
MTA2,2.8621853091228684
MTAP,1.7686793984742013
MTF1,2.4894255412344624
MTF2,1.48666076625334
MTFMT,2.072424169011965
MTHFD1,2.5918447498729367
MTHFD1L,1.7600568618348078
MTHFD2,2.3728940332293287
MTHFR,1.7440831060412605
MTHFS,1.8257101945032843
MTIF2,2.174382392034357
MTIF3,2.5263869238918386
MTM1,2.684439779968245
MTMR1,2.587075837765572
MTMR14,1.785552051212528
MTMR2,2.4823134304161423
MTMR3,1.942298521760184
MTMR4,2.5798570115471176
MTMR6,2.476168969640948
MTMR7,1.9537342014562384
MTMR8,2.7811071487849883
MTMR9,2.749395521111776
MTNR1A,2.043090203647636
MTNR1B,2.3253928732046147
MTO1,2.5425796413366437
MTOR,3.781439579218748
MTR,2.3321351568724213
MTRF1,2.085640659219675
MTRF1L,2.327040853332639
MTRR,1.6275377654099477
MTTP,1.939041674690984
MTX1,3.982552299651814
MUC1,3.4557563573338994
MUL1,2.039880338596453
MUS81,3.2582959765984927
MUSK,1.503580457094018
MUT,3.879377506404354
MUTYH,2.957860141851933
MVK,2.728717920284441
MX1,2.1622043442956134
MX2,1.5162141630129942
MXD1,1.802472186632246
MXD3,2.6456465671156315
MXD4,2.1941621274852414
MXI1,2.3378165030482414
MYB,2.079731140000848
MYBBP1A,5.3054742799614445
MYBL1,3.5038779289435933
MYBL2,5.132348738539532
MYBPC3,2.0906639028325253
MYC,10.70531932615137
MYCBP,2.172253784916004
MYCBP2,1.961033307463003
MYCL,3.53575812683497
MYCN,2.8807172711332423
MYDGF,3.175146919216016
MYEF2,2.558417700205317
MYF5,2.2084835726001533
MYF6,2.3182664652514493
MYH1,2.1175671159271547
MYH13,1.915926719423952
MYH2,1.885872857049448
MYH3,1.6509213378853076
MYH4,2.558389336212415
MYH6,3.2375118507962
MYH7,2.890491178475588
MYH8,1.6938360803171542
MYH9,9.608177498639888
MYL3,2.6090508329040785
MYL6,3.5854404097308468
MYL7,1.945900105277059
MYLIP,3.2192575857566994
MYLK,2.590746261321148
MYLK2,2.124748420379937
MYLK3,2.171355998715711
MYLK4,2.36668518151628
MYNN,4.294259834233539
MYO10,1.5518929972564888
MYO15A,1.6666643064572857
MYO18B,2.942869758046226
MYO1A,2.5154887457517088
MYO1E,1.6836811692339848
MYO3A,3.255735236312812
MYO3B,1.9779303996278348
MYO5A,2.5919484397231143
MYO5B,1.6284614086353744
MYO5C,2.1293535311719856
MYO6,2.299620164609497
MYO7A,2.6536306032393435
MYO9A,2.661196212050954
MYO9B,2.831049370538585
MYOCD,2.029102953641131
MYOD1,1.838445469537881
MYOG,1.4721964139496568
MYPOP,2.3813350090495597
MYRF,2.9249124256981225
MYSM1,2.8299080864133
MYT1,2.639824943275325
MYT1L,2.42009367325618
MZF1,2.3727553594429684
N4BP2,1.540277460365055
N6AMT1,1.7018506559055884
NAA10,5.013952186380873
NAA15,2.084290284592792
NAA16,1.934188027443363
NAA20,3.0298580015680248
NAA50,7.060075204953722
NAA60,2.720908870373808
NAAA,1.645902607400528
NAALAD2,2.228463780463799
NAALADL1,2.981800486412072
NAALADL2,1.5731214203069377
NAB1,3.480657924677623
NAB2,3.8039303412636287
NACC1,2.4522754604279715
NACC2,2.9690153629646145
NADK,4.068311998694764
NADK2,2.326757507027506
NADSYN1,2.252217934940698
NAE1,3.0635446950257155
NAGA,1.74551991863512
NAGK,3.813006548136983
NAGLU,3.667278337559844
NAGPA,2.575677988727886
NALCN,2.131413351113634
NAMPT,2.0779112853968624
NANOG,8.308465331478237
NANP,2.4981987765681883
NANS,2.214718631727807
NAPB,2.4767075288181366
NAPEPLD,1.7169272951475885
NAPSA,2.654690453448784
NARF,2.317199797108062
NARS,4.905308423302283
NAT1,2.1641070575881933
NAT10,4.79970304031674
NAT2,2.085595603694252
NAT6,2.674274477018033
NAT8B,3.312669530089975
NAT8L,2.0267407879573143
NAV1,4.068026116270713
NCALD,1.5791164453163515
NCCRP1,2.59743494878507
NCEH1,1.302219400729268
NCF2,1.7168276748729474
NCK1,2.602897473316336
NCK2,2.4438371144630957
NCLN,2.216912203438417
NCOA1,2.8125998498603715
NCOA2,2.115101430652257
NCOA3,1.8273406479436312
NCOA4,3.555635420716445
NCOA6,2.608303723128616
NCOR1,1.9487335389562463
NCOR2,4.325422100390906
NCR1,1.8947331219433967
NCR2,1.883523339772108
NCR3,2.6349161088156365
NCS1,3.029489634722128
NDOR1,2.5182480551864663
NDP,1.6809613365725324
NDRG1,1.9607809489961945
NDRG2,1.851513724820457
NDRG3,2.6422383628523693
NDRG4,1.7243532082423132
NDST1,4.600173442613336
NDST2,3.6226395694104943
NDST3,1.8006497662431804
NDST4,1.7434173819012064
NDUFA1,2.047356004964178
NDUFA10,3.080096797564588
NDUFA12,1.6923685218782392
NDUFA2,2.620510278876865
NDUFA4,2.950894348635825
NDUFA4L2,3.829757988964776
NDUFA5,2.865802450431497
NDUFA6,2.821076177102978
NDUFA8,2.426251217868779
NDUFA9,1.740848688096986
NDUFAB1,2.433332071743346
NDUFB1,2.7733055312607027
NDUFB10,2.8055401762018204
NDUFB2,1.9727919809595704
NDUFB4,2.147882599109492
NDUFB5,2.580469650782353
NDUFB7,2.548241312914143
NDUFB9,2.256804957214784
NDUFC2,2.2521824492195424
NDUFS1,3.2304885009232707
NDUFS2,2.1071497007448734
NDUFS3,3.337796563391102
NDUFS4,2.0509302882422737
NDUFS5,2.526268075820264
NDUFS6,1.6711284292748052
NDUFS7,2.9864317022618745
NDUFS8,3.145273546942154
NDUFV1,2.1219231157539378
NDUFV2,2.169272114630078
NECTIN3,2.0395205549769617
NECTIN4,2.070003361270855
NEDD4,1.9277257499694376
NEDD4L,2.128330327178863
NEDD8,5.984886607762957
NEIL1,2.052937749931314
NEIL2,2.9165603754287988
NEK1,2.7098030729261167
NEK10,3.1515068644311066
NEK11,1.5547259147376713
NEK2,3.82419705444284
NEK3,1.5585296765930676
NEK4,3.4275447633093643
NEK5,2.245335793414139
NEK6,1.5478697087935631
NEK7,1.7595473127105663
NEK8,2.484027583665093
NEK9,3.113992903618449
NELL1,2.5183761945120224
NEU1,3.1401331115357367
NEU3,3.8024290828491183
NEU4,2.26285339493028
NEURL1,1.7005710957458338
NEURL1B,2.435237303219353
NEURL2,2.243780294479909
NEURL3,2.835673756494696
NEUROD1,2.6132613760172494
NEUROD2,1.962841178733564
NEUROD4,1.7292032605410557
NEUROD6,1.5613349068565443
NEUROG1,2.094624338828718
NEUROG2,1.9689385239263888
NEUROG3,2.008106068787167
NF1,2.797171773741378
NFAT5,1.974454460010872
NFATC1,2.058241420066109
NFATC2,2.536113409184282
NFATC3,2.204535612559673
NFATC4,2.3707529220185504
NFE2,2.471086248883001
NFE2L1,3.2316214862028145
NFE2L2,2.661207103299907
NFE2L3,2.2566742787332443
NFIA,2.251231412404365
NFIB,2.5771985312292816
NFIC,2.826820405792343
NFIL3,2.1842844657464537
NFIX,2.5195108686444465
NFKB1,3.1152684532428667
NFKB2,3.991335348532929
NFKBIB,4.375997574765323
NFKBIE,4.690560112123802
NFKBIL1,1.5771462384134534
NFKBIZ,2.102250877075318
NFRKB,3.690623179402075
NFS1,4.6949001662392735
NFX1,1.9247638663899231
NFXL1,2.8219201042045325
NFYA,6.428197408575064
NFYB,5.305358831711792
NFYC,7.974273746855995
NGF,2.1681616110384163
NGFR,3.294303231016884
NGLY1,3.3086045111189835
NHEJ1,2.89514511003498
NHLH1,1.911495566039192
NHLH2,3.58002215242968
NHLRC1,2.0693051115076373
NIM1K,2.230273454046012
NISCH,2.047519497519474
NIT1,2.27762432840312
NIT2,2.120694777888146
NKIRAS1,2.6018366826468347
NKIRAS2,3.609380831094993
NKRF,2.301771418391748
NKTR,3.366097268679256
NKX1-1,1.918162931780584
NKX1-2,8.86677226057256
NKX2-1,3.4357748768062333
NKX2-2,2.86638157333771
NKX2-3,2.032854211634701
NKX2-5,2.3324018719530355
NKX2-6,2.2140323227451244
NKX2-8,2.43368567550604
NKX3-1,1.9357617109172065
NKX3-2,2.2915417843807564
NKX6-1,2.538841804708177
NKX6-2,2.740198337841345
NKX6-3,2.3739686523518
NLE1,5.318775914312346
NLGN1,1.9707076568872348
NLGN2,1.6154906214922116
NLGN3,1.9326357672165944
NLGN4X,4.192908425417743
NLGN4Y,1.8763028052255404
NLK,3.1868720310752945
NLN,2.97654169598542
NLRC4,2.822305607642339
NLRC5,4.445814684069615
NLRP1,2.467216645649815
NLRP10,1.824758255652184
NLRP11,2.5414225444682086
NLRP12,2.041637537629479
NLRP13,2.493289950015332
NLRP14,3.45491031384712
NLRP2,2.0956920793179785
NLRP3,2.182910643975549
NLRP8,1.7862729299501665
NLRP9,21.90507022333752
NMBR,2.288058615125081
NME1,2.401816199624036
NME2,3.1537226267671654
NME3,2.049760619694131
NME4,2.1097773776772266
NME5,2.763991768080652
NME6,2.744304053198025
NME7,2.555763033540756
NME8,2.92770149193072
NME9,1.5521264985811998
NMI,2.007772640528278
NMNAT1,2.075525088892564
NMNAT2,2.711540715666973
NMNAT3,3.448094153459116
NMRK1,2.003205708844164
NMRK2,1.6917442088397954
NMT1,2.989765227339116
NMT2,2.2282394022081955
NMUR1,7.05683974885203
NMUR2,1.82119513598306
NNMT,2.0914532904973457
NNT,2.316491951311503
NOBOX,2.3362975247338795
NOCT,2.903026022357853
NOD1,5.902395309364448
NOD2,1.969826340888026
NOP2,4.310776488169763
NOS1,2.888218747167406
NOS2,3.357641087961185
NOS3,2.402229194792223
NOSIP,3.185007206290841
NOTCH1,2.309812040522136
NOTCH2,1.8945819326145783
NOTCH3,3.9974937629766742
NOTCH4,2.017778868123414
NOV,2.835697694051818
NOX3,1.3818118178578889
NOX4,2.278356040106905
NOX5,2.151036708571788
NPAS1,3.1559642693987384
NPAS2,2.240695353974124
NPAS3,1.553783881317736
NPAS4,1.8167452282308372
NPBWR1,2.118924735897651
NPBWR2,2.755707560477915
NPC1,4.606284811592018
NPEPL1,1.9148974732402424
NPEPPS,3.0406086620177897
NPFFR1,2.364529353959267
NPFFR2,2.4666898193726987
NPHS2,4.020941939716725
NPL,2.485138840948199
NPM1,4.960956703900072
NPPB,1.8054549766467256
NPR1,2.2127717937134253
NPR2,1.9120322483561825
NPR3,2.1985762974771674
NPSR1,1.9937678300207304
NPTN,2.235251367084018
NPTXR,2.732105114493168
NPY,1.941359254905696
NPY1R,7.469759283946781
NPY2R,1.7530435089840286
NPY5R,1.8173854564430283
NQO1,1.9414717622782365
NQO2,2.120651155243665
NR0B1,1.654155836307751
NR0B2,2.2139213813696155
NR1D1,2.0201824282729217
NR1D2,6.138807879162852
NR1H2,1.8978651464752208
NR1H3,2.6886428758423526
NR1H4,1.8710998878399665
NR1I2,2.515823553263448
NR1I3,2.647066329660253
NR2C1,2.914526856025505
NR2C2,1.84916530139325
NR2E1,2.146678245906244
NR2E3,2.160554946391388
NR2F1,3.014149852804195
NR2F2,2.5226897969135957
NR2F6,2.5469301942503426
NR3C1,2.250526856707473
NR3C2,1.866865240729349
NR4A1,2.377848774251626
NR4A2,3.742443207750652
NR4A3,2.696800881121947
NR5A2,2.4350022946882484
NR6A1,2.16865599185219
NRAS,2.7276656777559247
NRBF2,1.8100673994262568
NRBP1,4.0221453914348455
NRBP2,3.21169425723515
NRDC,1.93249099666644
NRF1,6.961966656247544
NRG1,2.135056228264681
NRG2,2.078020495698729
NRGN,2.8677126523547627
NRIP1,2.541329826505266
NRK,1.9955185123700527
NRL,5.221512099675379
NRP1,4.017084350832247
NRP2,3.0712155513522026
NSD1,2.511001263992356
NSDHL,2.540435685473568
NSF,8.950212165680371
NSMCE1,3.610716018544221
NSMCE2,2.4463658660610648
NSUN5,3.108807303961468
NSUN6,2.280635915760973
NT5C,2.3804311262302345
NT5C1A,2.2106730686742373
NT5C1B,1.7890432022711436
NT5C2,1.8463517407702668
NT5C3A,2.12358948708522
NT5E,1.9174930897159577
NT5M,2.783265540189834
NTF3,3.0506351881728597
NTF4,3.564719001558238
NTHL1,2.1405499904986462
NTRK1,1.870537922807592
NTRK2,2.4617532845816363
NTRK3,2.435086276721356
NTS,1.9966000587538768
NTSR1,2.3283029374843585
NTSR2,2.474808355040151
NUAK1,3.222307656523624
NUAK2,3.113498787507983
NUBP1,2.1372048787180904
NUBP2,1.488121990104503
NUDT10,4.451984678394801
NUDT11,2.9396037970335795
NUDT12,2.151837424268017
NUDT13,2.379279420224181
NUDT14,2.6140560855933868
NUDT15,2.286168789828707
NUDT2,2.670440727339246
NUDT3,2.024264630061082
NUDT4,2.124172869413501
NUDT5,2.1171550267615764
NUDT6,2.3342805391781187
NUDT9,1.5818325071051087
NUP153,5.360137612598835
NUP214,2.57824613477868
NUP98,10.37009205762118
NUPR1,7.99210382004339
NUTF2,7.390837203756306
NXF1,57.78231959862344
NXF3,2.1848373855843155
NXN,2.0899104663445534
NXNL1,1.8873293793483872
NXT1,2.5763055976052494
NXT2,3.1209285781362777
OAS1,1.9770395508308027
OAS2,2.545379375104844
OAS3,2.415121091004613
OASL,2.6699454347909835
OAT,1.8430907046167917
OAZ1,2.001680939349766
OAZ2,1.7880619267837274
OAZ3,3.818548815653432
OBP2B,2.8220825205782445
OBSCN,2.365842865101449
OC90,1.7406455475613156
OCA2,1.8322593938397784
OCRL,2.4522032075626705
ODC1,3.388854159278009
OFD1,1.8845492800161736
OGDH,3.829020390693728
OGDHL,2.120105629598471
OGFOD3,3.081074486372084
OGFR,1.954950892095895
OGG1,1.513907594879548
OGT,11.251653708985865
OIT3,1.7796665715421955
OLAH,1.9746558941007264
OLFML2A,1.9065870746428064
OLIG1,1.947318442557932
OLIG2,2.854665350425919
OLIG3,1.920253487961972
OLR1,2.00658308234044
OMA1,1.71508937404949
OMG,2.588166142705326
ONECUT1,1.955508080455152
ONECUT2,2.6862205790516565
ONECUT3,2.6235349167976807
OPA1,2.418759520615611
OPA3,2.6392234380902626
OPCML,2.464155421768564
OPLAH,2.146348545648276
OPN1LW,2.272320561647845
OPN1SW,2.129102025329986
OPN3,2.691811528418305
OPN4,3.171410879283894
OPN5,2.2769681056031077
OPRD1,1.79438517507084
OPRK1,2.36617857568085
OPRL1,2.28897609561101
OPRM1,1.4005351976544689
OR1A1,2.3492568882496223
ORAI1,2.8431523425404674
ORAI2,4.477790217158222
ORAI3,2.4983267693756974
OSBP,8.05264576443341
OSBPL10,1.889529385979256
OSBPL1A,1.9136852916885956
OSMR,2.0165667978941824
OSR1,1.8945878684477349
OSR2,2.2891232627825717
OSTM1,2.064207278234173
OTC,1.7034916099691753
OTOG,2.520223232199963
OTP,2.2179403310329224
OTUB1,1.8813833587370312
OTUB2,2.7482778315958902
OTUD1,2.245944338200201
OTUD3,1.1886928116879067
OTUD4,2.3846133439283026
OTUD5,2.526714071387952
OTUD6B,2.45877901325236
OTUD7A,3.0712132656150146
OTUD7B,3.3255446929130192
OTULIN,1.8497699255444937
OTX1,2.527575656254052
OTX2,1.8504164274541184
OVCA2,3.1852106630486565
OVCH1,3.162173723757953
OVCH2,1.666770324013084
OVGP1,2.02841006802668
OVOL1,2.502893186557933
OVOL2,4.007567095460353
OXCT1,3.1510951929806086
OXCT2,2.4556735928942857
OXER1,2.882803075175803
OXGR1,1.493748019151368
OXNAD1,2.23393256408232
OXSR1,2.859354598418527
OXTR,1.952368960323624
P2RX1,2.056382210167905
P2RX2,3.788679649865485
P2RX3,2.620657135111357
P2RX4,2.0847779708277363
P2RX5,2.1841442577538017
P2RX6,2.0136909744943083
P2RX7,3.014994295135867
P2RY1,2.436038975831217
P2RY10,1.8859450040417205
P2RY11,2.0223552018646203
P2RY12,1.6292973918431908
P2RY13,2.69201580462979
P2RY14,2.5505932214265123
P2RY2,2.4023849433006594
P2RY4,2.0121112211495618
P2RY6,2.683250140893639
P3H1,2.3570806889089937
P3H2,2.7294779690147872
P3H3,2.280274599824525
P4HA1,1.96190765153126
P4HA2,3.30810822539744
P4HA3,3.2017830493791566
P4HB,1.893035509212357
P4HTM,2.143297333634659
PA2G4,1.873352494430101
PAAF1,6.239435324884124
PABPC1,2.547655234723862
PACSIN1,2.226753504838617
PACSIN2,1.980809791947868
PACSIN3,2.62686038227591
PADI1,2.484853372445297
PADI2,2.153312713308591
PADI3,1.79904800294863
PADI4,2.405479106835407
PADI6,1.8355296575777384
PAFAH1B1,9.298524887426144
PAFAH1B2,2.693799779015529
PAFAH1B3,2.8631216570479388
PAFAH2,2.766785253730819
PAH,2.275561254622229
PAICS,2.96593135451216
PAIP1,2.4023096125552006
PAIP2,2.241101030620051
PAK1,1.9315990953081204
PAK2,3.189791573555365
PAK3,1.9742746960927184
PAK4,3.68983259107975
PAK6,2.790621282115282
PAK7,2.667703279211405
PALD1,1.6784729503229132
PAM,2.14933951083271
PAMR1,3.311887510756556
PAN2,2.184078318791043
PANK1,2.9107092929734875
PANK2,2.003847591049989
PANK3,3.296170525175163
PANK4,2.152318496064759
PANX1,1.7242217910764208
PANX2,1.937533714534535
PANX3,2.808432760370155
PAOX,2.183126841594271
PAPD5,2.5935065493035605
PAPD7,2.0873611728941737
PAPOLA,2.186381429695333
PAPOLB,2.216779755766148
PAPOLG,2.8321984697007387
PAPPA,2.2682402935108312
PAPPA2,2.276353279778613
PAPSS1,1.7287880899014174
PAPSS2,2.187708223389305
PARG,3.88257772927315
PARK2,2.94925968678623
PARK7,1.947694802728709
PARL,1.9680246949853932
PARN,1.671914112389328
PARP1,2.929021330019902
PARP11,1.6859529651368637
PARP14,2.5077195491971684
PARP2,1.829982899916824
PARP3,2.3722450960527226
PARP4,2.516759625156512
PASK,2.900679531803868
PATZ1,2.03089080078426
PAWR,1.7691478538818288
PAX1,2.4175541207835445
PAX2,1.4725198157758912
PAX3,2.216150304130508
PAX4,2.650322958675954
PAX5,20.52993997979442
PAX6,5.2054605522835455
PAX7,6.209777856532358
PAX8,3.239187516135144
PAX9,1.6499154243343896
PBK,2.7324766886141103
PBX1,2.528452092312816
PBX2,1.7818416175970184
PBX3,1.449704284261239
PBX4,1.6945588275856
PBXIP1,1.671560626378402
PCBD1,3.4189312159671448
PCBD2,2.0883681041650948
PCBP1,3.161806752432786
PCBP2,4.239575783805438
PCCA,2.3973164541845167
PCCB,2.483746576889976
PCDH15,2.499076932735648
PCGF1,3.319539839993628
PCGF2,1.9557313022516405
PCGF3,1.4599947294744722
PCGF5,1.969544252807631
PCGF6,2.344254610690061
PCK1,2.192983266627258
PCK2,2.27331718716344
PCM1,2.7075492686091107
PCMT1,3.4314953297236928
PCMTD1,2.024200593935072
PCMTD2,2.1769990939818125
PCNA,13.826593442580345
PCSK1,2.298248004750631
PCSK2,1.8999974780598408
PCSK4,3.612923091146654
PCSK5,4.814816459437754
PCSK6,2.538333658092114
PCSK7,3.725826072360652
PCSK9,1.767709853061492
PCYOX1,1.9711100456750943
PCYT1A,7.998839896810651
PCYT1B,2.285578633241074
PCYT2,2.1599838112458203
PDC,2.470299110248968
PDCD2,2.4425584417830777
PDCD6,2.178795637477522
PDCL,4.7904305355964825
PDDC1,1.5279740105700792
PDE10A,2.2302473617676206
PDE11A,2.4307515695383715
PDE1A,1.6908622602251375
PDE1B,4.259534045060103
PDE1C,1.62618706461439
PDE2A,1.691284330371374
PDE3A,2.071124905282549
PDE3B,1.925469090568851
PDE4A,1.9865036076928224
PDE4B,2.1564602697631616
PDE4C,1.829947610917296
PDE4D,2.8088514548039765
PDE5A,2.536273091168535
PDE6A,2.1736172500176694
PDE6B,2.808914400301787
PDE6C,2.581314638071876
PDE6D,2.722419611080149
PDE6G,1.981099299877516
PDE6H,5.010212093969851
PDE7A,3.23853663735833
PDE7B,4.105535537841715
PDE8A,2.142320977279316
PDE8B,1.775818771086377
PDE9A,2.754504814999472
PDF,2.5720328403882555
PDGFA,2.069925968261022
PDGFB,2.2520913694360503
PDGFRA,2.5954811602161025
PDGFRB,1.7738213221335848
PDGFRL,2.069423178114444
PDHA1,3.21528990632932
PDHA2,2.0553289659246343
PDHB,2.9336652634349814
PDHX,2.0658439098786183
PDIA2,1.9768976301337975
PDIA4,3.297679769329913
PDIA5,2.4304085899521537
PDIA6,1.7409345219293435
PDIK1L,2.191391592785744
PDK1,1.4141103445311918
PDK2,3.802951144794221
PDK3,4.461871228401437
PDK4,1.851877792622752
PDLIM1,5.425589522710312
PDP1,2.2379306691310044
PDP2,2.326532217818069
PDPK1,2.1871939808722467
PDPR,3.170335624712602
PDSS1,2.318999353403425
PDSS2,1.734151315447358
PDX1,2.30415342615229
PDXK,1.948541344275905
PDXP,2.2892683217434096
PDZK1,2.91526408630238
PDZRN3,2.079119602383653
PDZRN4,2.033122115217955
PEA15,4.546834668728128
PEAK1,2.3777004198549525
PECR,2.105358939904088
PEG3,2.837904895227919
PELI1,1.542913291145856
PELI2,2.0104396118797143
PELI3,2.0961897367435207
PEMT,1.679777822099452
PEPD,1.733222555806862
PEX1,1.8374764810218776
PEX10,1.4394375006316245
PEX12,2.327813095422451
PEX13,1.9540680557296424
PEX2,2.1457691748708534
PEX5,2.484382872511443
PEX6,2.6795915396765766
PEX7,1.5720615722332614
PFAS,2.485691997010933
PFKFB1,2.307831956218533
PFKFB2,1.6617374201443746
PFKFB3,2.4185787655169717
PFKFB4,1.5013201379354213
PFKL,2.342196526673922
PFKM,2.652189607501834
PFKP,3.035282001338989
PGA5,2.281169807284476
PGAM1,2.2426740602932225
PGAM2,1.694368878396898
PGAM4,1.47290831895707
PGAM5,2.7158421119171647
PGAP1,2.043146397555325
PGC,2.1989309723482933
PGD,8.441454118194802
PGF,2.5290911555123263
PGGT1B,5.2831103525953615
PGK1,1.895736947273557
PGK2,2.3601022027815386
PGLS,2.473927363377597
PGLYRP1,2.5312765008009386
PGLYRP2,1.8753628538194025
PGLYRP3,1.7119016748756786
PGLYRP4,2.62554272329242
PGM1,1.9969505819961777
PGM2,1.587025542944847
PGM2L1,4.054009905561377
PGM3,2.3661062895560097
PGM5,2.9514208746076336
PGP,2.724725491229
PGPEP1,1.7468172746675612
PGPEP1L,1.974907786973381
PGR,1.6325032684007956
PGRMC1,2.875914895231936
PGS1,1.5347071528485
PHB,3.8737165617322655
PHB2,12.055585543379486
PHC2,4.084313812575814
PHEX,2.1883553866327268
PHF1,4.467058072241484
PHF10,2.1053727034365406
PHF11,1.8334162344074183
PHF13,2.5743839960471084
PHF14,2.485900248515252
PHF19,1.6609689117475306
PHF2,2.149884788974786
PHF20,1.9130155800430564
PHF20L1,2.4516566841033667
PHF21A,1.7596760087650236
PHF21B,2.25981950897713
PHF23,3.0038757451215705
PHF3,1.627949840573983
PHF5A,7.443585563245628
PHF6,2.032309870712969
PHF7,3.222118167034898
PHF8,2.803281914233572
PHGDH,1.9972672670362024
PHKA1,2.0457506512432198
PHKA2,3.657657916607026
PHKB,3.479314239553721
PHKG1,3.2008121167403547
PHKG2,2.315276875025222
PHLPP1,1.9908430036494469
PHLPP2,2.5257939672536978
PHOX2A,2.421817246774072
PHOX2B,1.7909520043957563
PHPT1,2.399531907965832
PHTF1,2.095649314322878
PHYH,2.609272459809376
PHYHD1,5.914712407686305
PHYKPL,2.095107802684894
PI4K2A,1.9472098602812409
PI4K2B,2.0403502296267604
PI4KA,3.0082002889610258
PI4KB,8.757197997847374
PIAS1,3.558616112303495
PIAS2,1.948256305941296
PIAS3,2.808794015182616
PIAS4,2.473299105718789
PICK1,2.7753777860575024
PIDD1,1.5040981356266283
PIEZO1,2.2293032969339084
PIEZO2,1.8528817993929043
PIGA,2.02147901765744
PIGB,1.493188876231264
PIGC,1.813388157873112
PIGF,1.9588576669058135
PIGH,2.642606329269287
PIGK,1.6794713297780948
PIGL,1.776835914557075
PIGM,1.5715361479640315
PIGN,2.245986599398893
PIGO,2.105828405663421
PIGR,1.9482737629148688
PIGU,2.099209304499993
PIGZ,1.779487965202639
PIK3AP1,2.369241634634596
PIK3C2A,2.364999113133267
PIK3C2G,1.9544016568491485
PIK3C3,7.229740493478384
PIK3CA,2.4920263024165203
PIK3CB,2.461132728329748
PIK3CD,5.6371948334156645
PIK3CG,2.119793748013549
PIK3R1,3.193293174120719
PIK3R2,5.835735218999277
PIK3R3,2.2109226642020605
PIK3R4,7.251249357758971
PIK3R5,2.1999439807564576
PIK3R6,2.5526596570352984
PIKFYVE,3.4301772207261525
PIM1,1.9704565864698544
PIM2,2.875748689320437
PIM3,2.1561989137486526
PIN1,3.0486637502704843
PIN4,1.7398048438741447
PINK1,1.9370141060196449
PIP4K2A,3.0546185334299256
PIP4K2B,3.110361698188869
PIP4K2C,2.293859242226154
PIP5K1A,19.90329549597338
PIP5K1B,3.3425550581314774
PIP5K1C,2.464392477425706
PIP5KL1,3.5656450985104304
PIPOX,2.9461952765229142
PIR,3.0557702373618243
PISD,1.7039227331316875
PITPNA,2.310308155543239
PITPNM1,3.0074852831858694
PITPNM2,1.955109872475974
PITPNM3,1.7522563054124314
PITRM1,3.3680927031210777
PITX1,1.8700789329776175
PITX2,1.859559629774396
PITX3,1.818419735814584
PIWIL1,1.9486552517275264
PIWIL2,1.786091137497047
PJA1,3.203484554167019
PJA2,1.9272164941953005
PKD1,3.988784673260572
PKD1L1,2.074283492056957
PKD1L2,1.3446166293597088
PKD1L3,1.6897898175048294
PKD2,1.7779453371314509
PKD2L1,2.5711086306205164
PKD2L2,1.8628918664820109
PKDCC,2.385136848080317
PKDREJ,1.4278202994174976
PKIA,1.7258639803544726
PKIB,3.1633593707486014
PKIG,1.5561002532562158
PKLR,4.2959353840378816
PKM,1.99814917820259
PKMYT1,6.994314196997213
PKN1,1.919351700953403
PKN2,2.712396235588266
PKN3,6.042372764785981
PKNOX1,2.3045707603509618
PKNOX2,1.9280430903144152
PLA1A,1.6919885452882202
PLA2G10,2.061201041242165
PLA2G12A,2.5611417221029766
PLA2G15,2.181824722096995
PLA2G1B,2.365579161046391
PLA2G2A,2.220683357845414
PLA2G2D,2.137186781412194
PLA2G2E,2.113283141317429
PLA2G2F,2.1419366891507754
PLA2G3,1.96722722091268
PLA2G4A,2.3810005389083404
PLA2G4C,1.8588018829079904
PLA2G4D,1.9928072013233091
PLA2G4E,1.8167359665615388
PLA2G4F,2.18461487703792
PLA2G5,1.958323722476476
PLA2G6,3.594000977846512
PLA2G7,2.2425486922871984
PLA2R1,2.419933433080353
PLAA,2.5647679482143366
PLAG1,2.5424338915657976
PLAGL1,2.1199227851433347
PLAGL2,2.0595288138391568
PLAT,1.387232566119826
PLAU,2.3979458602542247
PLB1,2.04891478688417
PLBD2,2.3863666648510145
PLCB1,2.605563731883081
PLCB2,1.567643627463046
PLCB3,2.893517486376134
PLCB4,2.6311677440981707
PLCD1,1.5166787387328655
PLCD3,2.018759479694021
PLCD4,2.367171520089327
PLCE1,3.5107912155160745
PLCG1,1.99761227026717
PLCG2,2.044293378372159
PLCH1,1.788933652563816
PLCH2,1.887078978441713
PLCL1,2.124359575108833
PLCL2,1.7479655324407384
PLCXD2,2.683863507578552
PLCZ1,1.983228636183724
PLD1,2.067893039519217
PLD2,2.2616141390914897
PLD3,5.333657889248284
PLD4,3.1762458130648445
PLD5,2.048548838636989
PLG,2.7230275552814653
PLK1,4.0729112776034
PLK2,1.967942947642783
PLK3,2.313793645187445
PLK4,6.000147752555982
PLK5,2.4630091559014926
PLOD1,3.219007626591577
PLOD2,2.183801652845131
PLOD3,1.8347200809470885
PLPP1,2.696389359794916
PLPP2,2.682748174639165
PLPP3,2.8043607589598296
PLPP4,2.484887542500261
PLPP5,2.0929908244003013
PLPP6,2.093440478769654
PLPP7,2.4302289464406788
PLPPR2,2.4704204786534856
PLPPR4,2.3071990040318022
PLRG1,6.972073589288786
PLSCR1,1.6501605866429632
PLSCR2,2.314232804374616
PLSCR3,2.4384310209348508
PLSCR4,2.0290091224468565
PLTP,1.9249194769290787
PLXNA1,2.198333365203963
PLXNA3,3.026517004489424
PLXNA4,2.178843825706841
PLXNB1,2.254549570312275
PM20D1,1.7594076494979671
PM20D2,1.4894311407798877
PMEL,2.1704544431768262
PML,1.992891622517768
PMM1,2.275406590943437
PMM2,1.8642148817566744
PMP2,1.8537799323360011
PMPCA,3.049498097349873
PMPCB,3.6074824957712086
PMS1,1.7000467275081756
PMS2,3.397039820880431
PMVK,2.123494093954457
PNCK,2.0634632025618904
PNKD,2.1922482758916675
PNKP,2.65448451293354
PNLIP,1.4344082759301622
PNLIPRP1,2.933954649349728
PNLIPRP2,2.077667765634979
PNLIPRP3,1.6161758074664434
PNMT,2.094399211476792
PNP,1.5846664517303477
PNPLA1,2.492198688262041
PNPLA4,1.898350485656476
PNPLA6,2.769236381959624
PNPLA7,2.2031979663064827
PNPLA8,1.780045974137482
PNPO,3.715915954664645
PNPT1,3.057743190384499
POFUT1,3.865537831805555
POGZ,2.092210815397798
POLA1,8.255848594670187
POLA2,8.514689506097573
POLB,1.6036036051906968
POLD1,4.529450881541988
POLD2,3.186686610482322
POLD4,2.084303580838735
POLE,5.19544708799359
POLE2,3.936549480784275
POLE3,1.728339341997097
POLE4,1.6969627114821282
POLG,3.767039151928103
POLG2,2.277040928647223
POLH,2.326875988492126
POLK,2.070330192355075
POLL,1.8736133234940144
POLN,2.820910322616415
POLQ,2.146884062870734
POLR1A,5.479361571534972
POLR1B,9.108505007387366
POLR1C,3.525087606622001
POLR1D,1.4284886151604606
POLR2A,14.747086185014378
POLR2B,8.300139417305793
POLR2C,8.29716809703191
POLR2D,12.489931922689475
POLR2E,4.909876938724679
POLR2F,4.109902781182613
POLR2G,10.716997272513549
POLR2H,1.80524378883214
POLR2I,10.989282154318298
POLR2J,6.088932907773535
POLR2K,6.38311951546978
POLR2L,6.328551476016698
POLR3A,6.851675361210888
POLR3B,4.995877772537845
POLR3D,2.7887084404464297
POLR3E,3.1206468811552823
POLR3G,1.604289963427315
POLR3H,2.051698402572104
POLR3K,8.84357476762616
POLRMT,2.3498232988554286
POMK,2.7734506451630074
POMP,7.890386677675869
POMT1,2.107922684999457
POMT2,2.2494228768355398
PON1,2.1590656342672725
PON2,1.969956506982664
PON3,2.6000077065011173
POP4,4.536797408065884
POP7,4.503414954856366
POR,2.524606536009952
PORCN,3.0606124556269267
POT1,2.179264068031108
POU1F1,2.752102347801052
POU2AF1,2.188434145579025
POU2F1,2.099681046630226
POU2F2,2.20777245629945
POU2F3,2.4348100110770345
POU3F1,2.822839613441798
POU3F2,1.5570620790104286
POU3F3,2.0823289807511878
POU3F4,2.295866948730118
POU4F1,3.283439203139551
POU4F2,2.436767575853385
POU4F3,1.4546154357384575
POU5F1,2.678286843723056
POU5F2,1.702638860912737
POU6F1,3.160422463164055
POU6F2,3.1350293101105837
PP2D1,1.5722334500888082
PPA1,2.580616794108717
PPA2,2.2611649993136966
PPAN,8.495749656970593
PPARA,1.4356941321092913
PPARD,2.47218606684057
PPARG,1.5021810324712854
PPARGC1A,2.38557947221558
PPARGC1B,2.167721045151742
PPAT,2.142771418483313
PPBP,2.213608296213766
PPCDC,1.9696554614598567
PPCS,2.294957440323612
PPEF1,1.7147215622899077
PPEF2,1.9464500479472957
PPFIA1,6.649726356625998
PPFIA2,1.973502149371937
PPFIA3,1.9709789282121284
PPFIA4,1.626656408705821
PPFIBP2,2.2775972383143577
PPIA,3.334173055710647
PPIB,4.147325633092467
PPIC,3.094855723877815
PPIE,3.796495565990803
PPIF,1.5472815676337608
PPIG,2.6813353365876345
PPIH,2.721926664940652
PPIL1,5.647784827933868
PPIL2,3.8116747385016208
PPIL3,2.4002209464198967
PPIL4,2.783468518502177
PPIP5K1,1.6627531420099924
PPIP5K2,1.9147213141402253
PPM1A,3.091529511686504
PPM1B,2.708470954247397
PPM1D,9.494510466549826
PPM1E,2.799903680661864
PPM1F,2.193474765328918
PPM1G,2.357464939948011
PPM1H,2.9235547424979687
PPM1J,2.5006765097616697
PPM1K,4.327670453422503
PPM1L,2.6354451495632643
PPM1M,2.3352387694154517
PPME1,1.9440580506335048
PPOX,2.357794130228496
PPP1CA,2.0222721754366657
PPP1CB,7.204916740567417
PPP1CC,3.057703933696243
PPP1R10,5.030711154661826
PPP1R12A,10.164031989432235
PPP1R12B,2.0861060821981843
PPP1R12C,2.63519414514799
PPP1R13B,2.9943919781890687
PPP1R15B,5.507234916122662
PPP1R16A,2.832934933624148
PPP1R16B,2.440199765513071
PPP1R1A,2.895204258593942
PPP1R1B,2.316255633548885
PPP1R1C,2.2196704979001254
PPP1R2,3.0204576869903192
PPP1R3A,2.613625757093198
PPP1R3C,2.058780710516016
PPP1R3D,2.513525731591871
PPP1R7,2.384069795649077
PPP1R8,4.549410336725798
PPP2CA,4.52324287177999
PPP2CB,1.9449886005412165
PPP2R1A,7.172192368311882
PPP2R1B,2.273135871197255
PPP2R2A,4.822440383447488
PPP2R2B,2.381870720095142
PPP2R2C,2.604338502729781
PPP2R2D,1.9104533594716704
PPP2R3A,2.976237587012674
PPP2R4,2.5126019182454717
PPP2R5A,2.301186767571745
PPP2R5B,1.8446110409640952
PPP2R5D,1.926905627665882
PPP2R5E,2.8274416133994507
PPP3CA,2.4018843526581874
PPP3CB,2.887046674916049
PPP3CC,2.353509963169577
PPP3R1,2.372922191122509
PPP3R2,1.5381100895763282
PPP4C,4.277232646925531
PPP4R1,2.8867718633638155
PPP5C,2.111029717371928
PPP6C,4.605048165056737
PPT1,2.424730183013703
PPT2,3.3134144830642773
PPTC7,2.6595633544250887
PPWD1,3.907395055305517
PQBP1,2.34830894525652
PRCP,1.93742405185439
PRDM1,3.785156258648016
PRDM10,7.601180036813739
PRDM11,1.9775368012285488
PRDM12,2.666748248572817
PRDM13,2.073318307707837
PRDM14,1.701002780813207
PRDM15,2.4702083573053653
PRDM16,3.351500588698069
PRDM2,3.3287801000768087
PRDM4,2.790074433570822
PRDM5,1.2475355019593315
PRDM6,6.13938448622944
PRDM9,2.226786350081404
PRDX1,2.864456122847545
PRDX3,2.377847767217767
PRDX4,2.380145759448768
PRDX5,3.937063605662237
PRDX6,1.9386457095306493
PREB,3.547133751594413
PREP,1.6774452058771008
PREPL,1.557394233606071
PRG2,2.0988331658649626
PRICKLE1,5.5160857472202265
PRICKLE2,1.7129129483251042
PRICKLE3,2.6576582405177107
PRICKLE4,2.5815528008557203
PRIM1,5.392558889318961
PRIM2,6.243752816317094
PRKAA1,2.1266169489471336
PRKAA2,2.9722090718451
PRKAB1,2.2588692308307827
PRKAB2,2.385794317439318
PRKACA,2.6833876169213657
PRKACB,2.705332797264986
PRKACG,2.375667599556317
PRKAG1,4.0612319194799165
PRKAG2,1.8651789723139804
PRKAG3,2.5145356558049787
PRKAR1A,2.760998125274056
PRKAR1B,2.5819162214927256
PRKAR2A,2.681918655636092
PRKAR2B,1.875669914958152
PRKCA,1.8262491609482092
PRKCB,2.1192957017811995
PRKCD,2.418345004933944
PRKCE,3.4179708248536023
PRKCG,2.5263505965321955
PRKCH,2.843393066560062
PRKCI,1.921528633844916
PRKCQ,2.6512176860206123
PRKCSH,2.722459934744958
PRKCZ,2.0306202671497244
PRKD1,3.0006439088877737
PRKD2,2.7784646862138094
PRKD3,2.286300386007951
PRKDC,3.9750585390569007
PRKG1,2.126259442256082
PRKG2,2.081088324246983
PRKX,1.8724195730963265
PRLHR,2.079182905752922
PRLR,1.8350481068725075
PRMT1,2.197155033653162
PRMT2,2.3200523142618508
PRMT3,1.7673786603953985
PRMT5,2.375821921165477
PRMT6,2.6748332515324758
PRMT8,1.551000650363263
PROC,1.934118811026037
PROCR,9.49515930853882
PRODH,2.4682726577900373
PRODH2,4.149070628102365
PROK1,1.764081252035207
PROKR1,1.972508292579936
PROKR2,2.2966187818087613
PROM2,1.6419601923069282
PROP1,3.3663112858900885
PROS1,2.004940535831881
PROSC,2.36618815953952
PROX1,2.8447893517473144
PROZ,2.2220134090015846
PRPF18,12.821576336411384
PRPF19,5.913428161193836
PRPF4B,4.975123193506012
PRPF8,11.712710620390228
PRPH2,2.8009315584767807
PRPS1,3.0239604485128666
PRPS1L1,2.64228230886742
PRPS2,2.142155804329257
PRRX1,2.238993622749137
PRRX2,2.6255952314681026
PRSS1,2.201507940699788
PRSS12,1.7768471648514403
PRSS16,1.3471005689531772
PRSS2,3.054268460757148
PRSS21,2.379796313959789
PRSS22,1.9057975652722785
PRSS23,1.712325502989164
PRSS27,2.3038070026977517
PRSS3,3.010462674427321
PRSS33,3.052369928898736
PRSS35,3.645174796029101
PRSS36,3.614274089286498
PRSS37,1.6063812453775708
PRSS38,3.501165442281625
PRSS41,2.147723963063451
PRSS42,2.770625972017646
PRSS45,2.443386349417673
PRSS48,1.7681565165295634
PRSS50,2.2681285096359822
PRSS53,1.8957206392445485
PRSS54,1.4075147246699282
PRSS55,1.593323632216782
PRSS56,1.6640963106715394
PRSS57,2.097672900105908
PRSS58,1.9839520538038424
PRSS8,1.879143267810985
PRTFDC1,2.1929689927184146
PRTN3,3.031464057824634
PRUNE,3.257473304538393
PSAT1,2.895925310470861
PSEN1,1.3848357057274447
PSEN2,2.2960468863181784
PSKH1,2.6726867453315206
PSKH2,2.169555523835838
PSMA1,14.703101263157269
PSMA3,6.591526667685182
PSMA4,13.030374799776451
PSMA5,11.970148240175044
PSMA6,13.088183563214544
PSMA7,4.620712078435799
PSMA8,2.2627592244635344
PSMB1,2.5570705988590943
PSMB10,1.8564470051563944
PSMB11,1.740162258971772
PSMB2,13.138396751489584
PSMB3,13.941018022280703
PSMB4,17.259781171598014
PSMB5,8.792559146279766
PSMB6,12.281483347514245
PSMB7,14.132201915111258
PSMB8,2.1301465372605795
PSMB9,2.197878996522979
PSMC1,11.664616236638436
PSMC2,13.87984070111798
PSMC5,11.955383655629316
PSMC6,15.10445775810603
PSMD14,18.56172164587078
PSMD7,12.271014535253968
PSPH,2.640234490449986
PSTK,3.3252049277686337
PTAFR,1.3592112694379743
PTBP1,5.654783064576071
PTCH1,1.9661766597185548
PTCH2,2.029842524927921
PTDSS1,2.579642773150585
PTDSS2,2.548274940210005
PTEN,3.060432578189195
PTER,1.8152224534396744
PTF1A,2.450495704871481
PTGDR,2.4233106370474498
PTGDR2,2.6767380096707547
PTGDS,1.7137106079122064
PTGER1,2.8704092202592517
PTGER2,2.9861873486213293
PTGER3,2.60421941585209
PTGER4,2.0493193625244728
PTGES,2.6689373323162324
PTGES3,3.5096597665606155
PTGFR,2.489449032830348
PTGIR,2.648491971580285
PTGIS,2.4045856434569446
PTGR1,1.9851168213379016
PTGR2,1.69432556230344
PTGS1,1.8622428825959525
PTGS2,1.7621355065817044
PTH,3.1727692507331358
PTH1R,3.0084741169495803
PTH2R,2.191166838488198
PTK2,4.686010709222248
PTK2B,1.734862988290381
PTK6,3.577383342771576
PTK7,2.844221885203988
PTMA,9.146108753832078
PTN,1.7802366433388557
PTP4A1,5.342302510254327
PTP4A2,2.5378598472640346
PTP4A3,1.977684717526719
PTPDC1,1.900950651998664
PTPMT1,3.671786901189373
PTPN1,3.374448924487772
PTPN11,2.8230747666656537
PTPN12,3.911751820377142
PTPN13,3.7361031387880166
PTPN14,2.5501386525537004
PTPN18,2.16429791152524
PTPN2,2.2659304573543078
PTPN20,2.37912220622544
PTPN21,2.0275613067384737
PTPN22,2.764730927073747
PTPN23,3.1391435198947293
PTPN3,1.961078504915622
PTPN4,2.1834981984413826
PTPN5,2.5683084302044623
PTPN6,2.4326909935051333
PTPN7,2.723264942805596
PTPN9,1.7248649918051246
PTPRA,1.7715410289053977
PTPRB,2.0897873318316598
PTPRC,3.029551192002938
PTPRD,1.9152881830928168
PTPRE,3.049038787559497
PTPRF,2.510086722256593
PTPRG,1.9902563644752536
PTPRH,2.7023541863024434
PTPRJ,3.501210959234163
PTPRK,1.781177764007377
PTPRM,1.4058258891380793
PTPRN,2.384881450053204
PTPRN2,1.913159025077377
PTPRO,2.316332273130088
PTPRR,2.785640372314709
PTPRS,2.022073148999472
PTPRT,1.9703485094093096
PTPRU,2.111329936555315
PTPRZ1,1.5825711389342951
PTRF,2.299711653044701
PTRH1,2.6887272209668303
PTS,2.645684152382381
PTTG1,5.894484216524737
PUDP,2.0392996571678887
PURA,2.5923557685217187
PURB,2.3313823204476543
PUS3,3.467637714129223
PUSL1,2.259226994908376
PVR,2.2418330446435983
PXDN,2.9965882578332432
PXDNL,2.406242487938062
PXK,2.4409588881612025
PXN,3.5933621696833287
PXYLP1,2.221328097671904
PYCR1,2.227227153656692
PYCR2,2.226368155587908
PYCRL,1.713657661307623
PYGB,2.857731558864961
PYGL,2.6606059940574465
PYGM,4.192202064014296
QDPR,2.466015760285049
QPCT,1.829166693455152
QPCTL,3.4030450769638927
QPRT,1.934715420825611
QRFPR,2.1930671161185864
QRSL1,1.6085278537898278
QSOX1,2.7438751719746723
QSOX2,1.7378520247999485
QTRT1,3.1362935338784887
RAB10,2.793077810526134
RAB11A,2.713104391119355
RAB11B,2.4616558518654146
RAB13,2.007847405555289
RAB14,2.34955180538143
RAB17,2.362454370399688
RAB18,2.8460145495730966
RAB1A,1.8787903782827453
RAB1B,1.9389730727351209
RAB20,2.380308217530565
RAB21,2.241728984976469
RAB22A,2.314316720441437
RAB23,2.9458411114679097
RAB25,2.019816736395442
RAB26,2.39662005824869
RAB27A,2.042798645386912
RAB27B,1.9625921616662256
RAB28,2.2214448973689267
RAB29,2.075280289151765
RAB2A,2.9039636298003497
RAB2B,1.685966280507686
RAB30,2.253969097471271
RAB31,2.4823768948855163
RAB32,2.565892139838501
RAB33A,3.038974850537349
RAB33B,1.8549537648630223
RAB35,2.384546072326609
RAB36,2.062526355896816
RAB38,1.7546358117650618
RAB3A,8.10306806043378
RAB3B,2.4867998942833656
RAB3C,1.9652912816256076
RAB3D,2.0477008780253576
RAB3GAP2,2.4396606946008905
RAB40A,1.6618393734663164
RAB40AL,2.4395352675798514
RAB40B,2.866749641495313
RAB40C,1.798418507921419
RAB4A,2.0844891519887505
RAB4B,2.863043396811677
RAB5A,3.7928019667168273
RAB5B,1.4374286322511096
RAB5C,2.722971977699552
RAB6A,2.3435919552463247
RAB6B,2.3778207900194803
RAB6C,2.8798881411229957
RAB7A,4.4303975732332015
RAB8A,2.437540181290464
RAB8B,1.9679785492616435
RAB9A,1.449599600449262
RAB9B,1.5902357562189846
RABGEF1,2.130285653191459
RABGGTA,2.251431234419675
RABGGTB,2.7934551520752637
RABL2A,2.0794335259921426
RABL2B,2.0261097882011585
RAC1,9.089323404233909
RAC2,2.467179954280754
RAC3,2.155390160338296
RACK1,6.62599048071145
RAD1,2.489662394104036
RAD17,3.034188922940188
RAD18,2.5816564495029293
RAD21,6.028429195929547
RAD23A,1.69904101737603
RAD23B,2.824722855728644
RAD50,2.1074621326159613
RAD51,7.606882814222062
RAD51B,2.7228494785617627
RAD51C,3.3631475668631268
RAD51D,2.550534808298431
RAD52,2.2571984923850485
RAD54B,2.690253253907382
RAD54L,3.9253155291343114
RAD9A,1.9723085499991493
RAE1,5.59896730390209
RAF1,2.304454983882319
RAG1,1.5650639516534233
RAG2,2.2978391592075385
RAI1,2.405201385440578
RAI14,2.443243740671884
RALA,2.111904957759092
RALB,2.0811430749549573
RALBP1,2.9057866516897737
RALGPS2,1.7034923187145286
RAMP2,2.376958987144921
RAN,27.278568700518797
RANBP2,6.375113075150229
RAP1A,2.3167691358548144
RAP1B,2.2405768537308304
RAP1GAP,1.714331958347741
RAP2A,2.077161262132748
RAP2B,2.800874420815317
RAP2C,2.1224621276310245
RAPGEF5,3.3306635222523746
RAPGEF6,4.143422033086647
RAPSN,3.2945394096584835
RARA,2.197649625790204
RARB,1.8677488780556852
RARG,3.0891055420560423
RARRES2,1.915137993994337
RARRES3,3.132996325860004
RARS,3.45417760495048
RARS2,2.1053615457914017
RASA1,2.465765088194614
RASA2,2.717268108858567
RASA3,1.4505693402333182
RASAL1,2.44720824088277
RASAL2,2.203378957054108
RASD1,1.886540976184296
RASGRP1,2.1510404080801964
RASL10A,2.35831309136402
RASL11B,2.1110213412640544
RASL12,1.7436967175206486
RAX,2.378121424388919
RAX2,2.292720862644693
RB1,2.084823826456886
RBAK,3.141268842442572
RBBP4,4.570344427647324
RBBP6,4.699790519515425
RBBP7,1.5564048439194995
RBBP9,3.0714439619698912
RBCK1,2.073853772650132
RBFOX2,3.770298828117419
RBKS,2.3892949455853443
RBL1,2.069942753657575
RBL2,2.163470414292821
RBM11,1.6640179975557372
RBM14,4.445425157466143
RBM39,13.864164979256175
RBP1,2.5310754914604594
RBP3,2.002303246727203
RBP4,2.12255994123175
RBP7,2.224044387352897
RBPJ,2.471790246216704
RBPJL,2.1032425756739754
RBX1,17.64969487076474
RC3H1,2.260803467271756
RC3H2,2.8803393890336526
RCE1,2.965862230093585
RCHY1,2.4832705603506864
RCL1,6.657257236291362
RCOR1,3.3611636147567494
RCOR2,2.8671239547550784
RDH10,1.828538512550381
RDH11,2.7546875244478146
RDH12,3.3333839268065133
RDH13,2.6997825849316373
RDH14,1.9350817755337304
RDH5,2.9884797108745884
RDH8,2.0137664336561207
RECQL,1.934000973569609
RECQL4,2.704069280559896
RECQL5,2.2539497291135158
REG3A,3.461181278681391
REL,1.8195753260679397
RELA,1.969047393978736
RELB,2.406136847273375
RELT,2.6080721405794365
REM1,1.849113924654592
REN,1.867575735484039
RENBP,2.034354281919431
RERE,3.0953832468806466
RERG,3.7115415776476257
REST,2.33378952721805
RET,2.1047129629388426
REV1,3.0895641933098466
REV3L,5.769220393239411
REXO2,1.9219652863475232
RFC1,5.430014114399185
RFC2,2.483968377184806
RFC3,1.7518589130442384
RFC4,3.296665636268465
RFC5,3.275334296808822
RFFL,2.2035581047659103
RFK,4.513821428986878
RFNG,1.877854099773547
RFPL1,2.4589032910423088
RFPL2,2.361561992186383
RFPL3,4.079965947892464
RFPL4B,1.6498842363383543
RFWD2,8.101938301005612
RFWD3,2.765261583524502
RFX1,2.000607598825587
RFX2,3.1325872381768747
RFX3,1.8468463953883685
RFX4,2.033798689481596
RFX5,3.103297100889891
RFX6,2.4293178770615143
RFX7,2.323760467382126
RFXANK,2.9919527898083267
RFXAP,2.276861705918403
RGL1,1.880070457199244
RGR,1.646569971226167
RGS17,1.655599030050448
RGS19,2.392302811022802
RGS6,2.418911900406256
RGS7,2.187510745505261
RGS9,2.195857036086592
RHAG,2.366448362578756
RHBDD1,2.755685238372781
RHBDD2,3.007634347397076
RHBDF1,1.9555038075005908
RHBDF2,7.138082466974619
RHBDL1,19.678010256301626
RHBDL2,1.8286747421520648
RHBDL3,3.5129475081589976
RHCE,2.031275217300954
RHD,2.561273211429824
RHEB,3.109685980625805
RHO,2.1051805757068176
RHOA,4.538789580618034
RHOB,2.2135056744273807
RHOBTB1,1.7275344103930517
RHOBTB2,2.1358478549317668
RHOBTB3,2.174449198561642
RHOC,9.626073255622464
RHOD,1.8656316329728333
RHOF,2.761253716312217
RHOG,3.36390616870308
RHOH,2.162046741309618
RHOJ,2.3565996729903835
RHOQ,4.459642338726977
RHOT1,2.654710381486749
RHOU,2.120650611380706
RHOV,2.3778317868937493
RHOXF1,2.5088686460364458
RHOXF2,2.471461667181583
RHOXF2B,1.9574646785361824
RING1,1.9341568591312044
RIOK1,4.61497646791376
RIOK2,6.440282806128765
RIOK3,2.7086629930745763
RIPK1,2.649544705424537
RIPK2,2.7035903479452856
RIPK3,1.9341138397118125
RIPK4,2.660098160233108
RIT1,2.4833421729952856
RIT2,2.159012304170689
RLBP1,2.378773766900887
RLF,2.745135424383871
RLIM,2.4730381515594675
RMND5A,2.210916363878596
RNASE1,2.099024223563064
RNASE2,2.8337844620738912
RNASE3,2.61333328317026
RNASE4,2.321314447404609
RNASE6,1.8485049147555488
RNASE7,2.920006503844068
RNASE8,2.514554073461175
RNASEH1,3.6303990566716857
RNASEH2A,3.319091869837708
RNASEL,2.9191354670743994
RNASET2,1.8057087081341496
RND1,3.036060207454184
RND2,2.431652633683813
RND3,1.6771337339838523
RNF10,2.7830569758641044
RNF103,4.059082711494551
RNF11,2.211476752622592
RNF111,2.966871118117312
RNF112,1.70634296333492
RNF113A,12.510932017295172
RNF113B,2.2086477486742235
RNF114,2.488903217271153
RNF115,1.9483673289096872
RNF121,1.872225301638596
RNF122,2.257261285162616
RNF123,2.433864477323027
RNF125,5.216236312223636
RNF126,2.7493809869072368
RNF128,2.31007617589173
RNF13,2.5764378024351804
RNF130,2.6523637780337777
RNF133,2.1405409127491266
RNF135,2.623139068789607
RNF138,2.283213494078601
RNF139,2.492808691610449
RNF14,1.773324036135058
RNF141,2.002974418652398
RNF144A,2.340368849330998
RNF144B,1.862264103869624
RNF145,3.711552123613348
RNF146,2.722779955801132
RNF148,1.5322574153835784
RNF149,5.456858620266758
RNF150,1.755123422033282
RNF151,1.7762628783242125
RNF152,1.828330377113468
RNF157,2.627031847020351
RNF165,2.069540461031917
RNF166,3.3491725354795823
RNF167,3.2743471902538626
RNF168,3.302149892227804
RNF169,2.2330007918789248
RNF17,2.4409561145711014
RNF170,1.6500502254211855
RNF175,1.62501787036119
RNF180,2.5893040553344058
RNF181,2.0049303124380247
RNF182,2.889322439371515
RNF183,3.7901711609742095
RNF185,2.9504694794186657
RNF186,1.932173858453484
RNF187,3.779561769725355
RNF19A,2.7768122256519674
RNF19B,2.594951822133765
RNF2,1.7474800552953405
RNF20,3.1926512887942797
RNF207,2.2542250619071127
RNF208,1.7175782929340322
RNF212,1.7535083110292204
RNF213,2.677898025200048
RNF214,2.859764738313566
RNF215,1.855986938344629
RNF216,3.862640137025803
RNF217,1.722970211802119
RNF219,2.3479682507932425
RNF220,2.322539186248453
RNF222,1.5584271512854486
RNF223,1.670552001903999
RNF225,2.06935657543492
RNF24,3.4918980830891786
RNF25,2.5934510930042136
RNF26,2.1882036228886044
RNF31,2.530273832155299
RNF32,2.627542045897883
RNF34,2.742204440351467
RNF38,2.698442276792388
RNF39,2.750361171828792
RNF4,3.5124533369179702
RNF40,3.5320101041030965
RNF41,4.660169243025911
RNF43,2.1916073880993907
RNF44,1.947609679531917
RNF5,3.527597250508693
RNF6,2.1129295772944627
RNF7,2.3043061448963926
RNF8,4.138790003385374
RNFT1,2.576259052946183
RNFT2,2.1224682816493377
RNGTT,3.976611250098213
RNMT,2.5413584899130908
RNPEP,2.67045796698359
RNPEPL1,1.6965238941352818
ROBO1,1.5825016030893928
ROCK1,3.470270181272672
ROCK2,4.370256505498682
ROM1,2.8092869660422224
ROPN1L,3.8663431483010746
ROR1,1.8564910115727025
ROR2,1.748812890424469
RORA,1.872149292567845
RORB,2.3335896904710176
RORC,3.96076220582596
ROS1,2.3051433298819526
RP2,2.071932123768687
RPA1,14.193282505225172
RPE,2.5110609055298467
RPE65,1.9402845050090736
RPIA,2.0382636195713077
RPL4,13.319336249752263
RPL7,13.326976582075815
RPN1,3.9109431295149393
RPN2,2.706702929352089
RPP14,2.8980569982777005
RPRM,2.620018811759428
RPS2,8.42587916870479
RPS23,25.61169195976867
RPS6KA1,3.8947016997366006
RPS6KA2,2.1153586109843068
RPS6KA3,1.4688964679340832
RPS6KA4,2.259585540727808
RPS6KA5,3.3523272423946184
RPS6KA6,1.6152283912203813
RPS6KB1,3.4709990081722584
RPS6KB2,3.238215905416436
RPS6KC1,2.2061819160771208
RPS6KL1,2.045326406100801
RPUSD1,2.059826200739307
RPUSD2,1.927985849539279
RRAD,2.692502819648014
RRAGA,3.651174000115952
RRAGB,2.325799185136728
RRAGD,2.673089059155828
RRAS,3.635424033171865
RRAS2,2.883402893925154
RREB1,3.898306463675024
RRH,2.101048634999212
RRM1,15.392181297096275
RRM2,12.13698706783691
RRM2B,2.40778169557388
RRN3,10.293844393949756
RSAD2,3.32479045470716
RSC1A1,1.373424436408365
RSF1,2.260615344911117
RSPRY1,2.318764459022733
RTCA,3.2117584794744256
RTEL1,2.7090560320936583
RTN4IP1,1.6791092054028105
RTN4R,2.3488862202204057
RUFY1,3.381092279403257
RUNX1,4.3341802847808015
RUNX1T1,2.207990642028722
RUNX2,1.7643845200592472
RUNX3,3.520395194169021
RUVBL1,5.595595535886633
RUVBL2,6.810941455452992
RXFP1,2.461429370438426
RXFP2,2.445203898487591
RXFP3,2.6482631500456613
RXFP4,2.527071312887488
RXRA,1.999314221299753
RXRB,2.118959032148347
RXRG,2.169880055143917
RYK,1.8918134236813424
RYR1,2.3506825114079475
RYR2,2.1582439611292945
RYR3,2.6624030389058526
S100A3,21.428415237700555
S100A6,2.6164728201801064
S1PR1,2.181773393845747
S1PR2,2.0818634140137178
S1PR3,2.0990773156193474
S1PR4,2.0662642541629794
S1PR5,2.155096799415632
SACM1L,3.443392845257174
SAE1,5.366118779855808
SALL1,1.9519796543036008
SALL2,2.8898296098632232
SALL3,2.044905953592951
SALL4,3.440251053548672
SAMD4A,1.3304764661609336
SAMHD1,2.7157143928344043
SAP18,4.275495989979741
SAP30,2.3988671009305365
SAP30BP,4.8077750440942575
SARDH,3.674514123585379
SARNP,4.520446644048945
SARS,6.129705280147513
SARS2,2.3266223469259595
SAT1,2.8182519114747957
SAT2,1.856748444136784
SATB1,2.027512432801568
SATB2,2.677432977648162
SBF1,2.0912980237845025
SBK1,1.55094029373327
SBK2,2.143918793718687
SBK3,2.4091466934308783
SC5D,2.946007420982683
SCAMP1,1.946357748546056
SCAMP2,1.518100905640729
SCAMP3,2.191010071050599
SCAND1,1.9518727742922752
SCARA3,1.8552747702427483
SCARB2,1.9292142766735745
SCARF2,2.014901144662902
SCD,2.2141179946717933
SCD5,1.7215603393833028
SCEL,1.9209229774664276
SCLY,2.184195089749537
SCMH1,2.914472232576002
SCML1,2.3183775539924727
SCML2,2.3998008509947204
SCML4,1.695798011729539
SCN10A,2.782613653660724
SCN11A,2.0135675420731345
SCN1A,2.1085672421208805
SCN1B,2.855951416018422
SCN2A,2.345156178490604
SCN2B,2.0699914338693786
SCN3A,2.1558590592430025
SCN3B,2.374534605150691
SCN4A,1.8311535656044955
SCN4B,2.978364508431792
SCN5A,2.023938853028264
SCN7A,2.0453890019504835
SCN8A,4.220331826579288
SCN9A,2.74841059616074
SCNN1A,1.651579230417762
SCNN1B,1.39229054053526
SCNN1D,1.994834324512309
SCNN1G,1.9978282162283112
SCPEP1,2.1669324913042427
SCRN1,1.9007435669745147
SCRN2,2.2413143624325347
SCRN3,2.270365574415772
SCRT1,1.935544881059012
SCRT2,2.3100462563413267
SCTR,2.370485832528767
SCX,2.236501597625349
SCYL1,3.32476040335328
SCYL2,2.7029450236190207
SCYL3,4.165875400659842
SDCBP,2.26974305340465
SDHA,3.303079468102607
SDHB,2.5207603828955905
SDHD,2.8901206825019616
SDR16C5,2.163163394757332
SDR42E1,2.0303142905245783
SDR9C7,2.402725569596838
SDS,2.945205279358413
SDSL,1.89955789911056
SEC11A,2.416269551224206
SEC11C,1.9181210948467384
SEC14L1,2.711684383520412
SEC14L2,2.07123925687221
SEC14L3,2.171013907021776
SEC16A,6.880805447723942
SEC24A,2.864462158372355
SEC63,3.639692047025256
SECISBP2,2.3266416637319165
SENP1,2.191407620148693
SENP2,3.0867282668540303
SENP3,2.5514090984776816
SENP5,2.493769025559857
SENP6,6.415598248648929
SENP7,1.2889766905347406
SENP8,2.2234893268104123
SEPHS1,3.555145791526288
SEPHS2,2.860000726979014
SEPT1,2.2646592909102083
SEPT11,2.848874080759693
SEPT3,2.358354927359805
SEPT4,3.1002634845229347
SEPT5,1.3281139842423333
SEPT6,2.8694127469981923
SEPT7,7.202582981926826
SEPT9,1.6106397066878653
SERHL2,1.7697938431897646
SERINC3,1.8197405589107525
SERPINA10,1.978510390726319
SERPINA4,1.7767416329048349
SERPINA5,2.283657171449619
SERPINA6,2.787677155408988
SERPINA7,2.668015250030407
SERPINB1,2.7659754743958014
SERPINB13,2.330582365505099
SERPINB3,2.2706082313715803
SERPINB5,2.1360081133439284
SERPINB6,2.203390854304917
SERPINB9,2.960070289981436
SERPINC1,1.9243571237713133
SERPINI1,2.149098445566945
SERPINI2,1.9635037604970365
SERTAD1,2.195212353702336
SERTAD2,2.5570482816828157
SERTAD3,2.738727328229135
SET,3.9508586411762
SETD2,2.482684525522152
SETD7,1.845376387903135
SETDB1,3.983240444929337
SETDB2,2.393596098488335
SETMAR,2.308868904422659
SEZ6L2,2.971929894961058
SF1,5.977239110086121
SFRP1,2.3720048248602352
SFRP2,2.0882971328401534
SFRP4,1.4022321120097323
SFRP5,2.069505066213304
SFXN1,2.9848330854744103
SFXN2,1.90538381828306
SFXN4,2.628641195709257
SFXN5,2.4328979797009285
SGK1,1.728357234482992
SGK2,2.314627077615006
SGK223,2.7660017694271346
SGK3,3.1540170380051573
SGK494,3.580753818236516
SGMS1,1.9715365054396687
SGMS2,2.929565741250318
SGPL1,1.970852819987177
SGPP1,1.7167477326321767
SGPP2,2.512011226968456
SGSH,2.0739888034080938
SH3BGR,2.5399829103302416
SH3GL2,2.203219594220988
SH3RF1,2.1884792514112843
SH3RF2,5.547595784535055
SH3RF3,1.9399178353761724
SHB,3.029377911562595
SHC1,3.140724405986465
SHFM1,3.917733170786401
SHH,2.2879038131816745
SHMT1,2.6213518603434767
SHMT2,2.3158464470469404
SHOX2,2.768574506976053
SHPK,4.214888952516192
SHPRH,2.448716005378196
SHROOM2,2.1919418407452507
SI,1.952381574986947
SIAH1,2.286777974112079
SIAH2,1.7515665264193707
SIGMAR1,2.151551066893956
SIK2,3.863832905319504
SIK3,2.788465149017006
SIM1,16.96250531339108
SIM2,1.9607572511048492
SIN3A,8.182811566621844
SIN3B,2.992581057384835
SIRPA,2.7850621702546694
SIRT1,1.901381539975308
SIRT2,1.979535572415608
SIRT3,2.2123122793382897
SIRT5,2.793641454701377
SIRT6,8.164680438826057
SIRT7,2.1232538241206997
SIVA1,3.4840591941469534
SIX1,1.7006386615732658
SIX2,2.092880305210333
SIX3,2.43020439065774
SIX4,2.242944663164416
SIX5,3.1434060905730394
SIX6,2.42337734732694
SKIL,2.1512507275269224
SKIV2L,2.8862232959726257
SKP2,2.4989303702389
SLAMF1,2.5145630060347277
SLAMF6,18.899740872011893
SLC10A1,2.0215749248646158
SLC10A2,1.8781243179979656
SLC10A4,2.343847548238376
SLC10A7,2.476509569665156
SLC11A1,1.971243268183764
SLC11A2,2.928736502307089
SLC12A1,1.474416268681786
SLC12A2,3.5293534927609125
SLC12A3,2.2581249013636797
SLC12A4,1.98143058782554
SLC12A5,1.9460386182604617
SLC12A6,2.4437742097222177
SLC12A7,3.2748894099635915
SLC12A9,2.464119078193783
SLC13A1,2.445455126040446
SLC13A2,2.9212840324687
SLC13A3,2.7764596188001525
SLC13A4,2.2582039845724684
SLC13A5,2.062587213806234
SLC14A1,2.041533954647284
SLC14A2,1.9851302530609496
SLC15A1,1.6375620590070257
SLC15A2,7.572692250737976
SLC15A3,2.2805279977064155
SLC15A4,1.982909090945292
SLC16A1,5.369650435273204
SLC16A10,2.1765352541740985
SLC16A11,2.0003703051746813
SLC16A2,2.0393079390095963
SLC16A3,2.0830587010547426
SLC16A4,2.3318528853504192
SLC16A5,2.1965834897607803
SLC16A6,2.264341372696197
SLC16A7,2.0789038871247176
SLC16A8,2.691194970447917
SLC17A1,2.333236092942711
SLC17A3,1.7155675410230942
SLC17A4,2.099466645670629
SLC17A5,2.829379062060976
SLC17A6,1.9765893743854084
SLC17A7,2.460560440295586
SLC17A8,2.2504950457369928
SLC18A1,1.6880962785803622
SLC18A2,1.3055281937823309
SLC18A3,2.6242287418831127
SLC19A1,2.3446393531393177
SLC19A2,2.3401001014399245
SLC19A3,2.273744323458444
SLC1A1,2.617134539129457
SLC1A2,1.571188885547968
SLC1A3,2.4138514991915008
SLC1A4,2.9219742040373444
SLC1A5,3.3310231849768166
SLC1A7,1.813875853916192
SLC20A1,3.436255605145944
SLC20A2,1.272389515137269
SLC22A1,1.5098494439055283
SLC22A11,4.243060643528382
SLC22A12,2.4525404862388864
SLC22A15,4.446863987401001
SLC22A17,2.024727068442544
SLC22A18,2.4371718822143085
SLC22A2,2.3993534510844765
SLC22A23,1.8581297869657387
SLC22A25,3.9791655865418334
SLC22A3,2.792186515502285
SLC22A4,3.108371266472631
SLC22A5,3.3263849878315384
SLC22A6,2.542878401538705
SLC22A7,1.9868686716402957
SLC22A8,3.022501077549349
SLC22A9,2.422971482811422
SLC23A1,2.0165809902132352
SLC23A2,2.7003340575484907
SLC23A3,1.6622279238814948
SLC24A1,1.606193452011949
SLC24A2,1.697575922815173
SLC24A3,2.038150227992649
SLC24A4,1.3366781428882757
SLC24A5,2.810518358386115
SLC25A1,2.6988080449019423
SLC25A10,2.230137564388773
SLC25A11,2.135218762059496
SLC25A12,1.492758970991691
SLC25A13,1.9539927562406856
SLC25A14,2.5083349414353875
SLC25A15,1.9110209358476309
SLC25A16,2.758460576415093
SLC25A18,19.64543277583717
SLC25A19,2.0926891505130345
SLC25A2,1.855201656232056
SLC25A20,2.934236585754106
SLC25A22,2.313732266739493
SLC25A23,2.557134951259612
SLC25A25,1.707120361734078
SLC25A27,2.5781257577067778
SLC25A29,3.423637160660369
SLC25A3,2.162599199091777
SLC25A32,2.254388314013454
SLC25A36,3.5266392515797245
SLC25A37,1.955695849553411
SLC25A4,1.984139455914098
SLC25A43,2.0364385660971407
SLC25A44,2.455345244106855
SLC25A45,3.1410491082115706
SLC25A5,4.560051790555285
SLC26A10,3.616708900524867
SLC26A11,3.249416457118444
SLC26A2,1.7585599421758211
SLC26A3,3.4255161489042085
SLC26A4,2.042779989805922
SLC26A5,11.65249086168815
SLC26A9,3.992052285967434
SLC27A1,2.1032444085883086
SLC27A2,1.757313999226898
SLC27A3,2.2332174746138724
SLC27A4,3.2500351858419805
SLC27A5,2.452749135833508
SLC27A6,2.348348916980292
SLC28A2,1.7906316260000976
SLC28A3,1.507464160259396
SLC29A1,1.6049981015540815
SLC29A2,2.663354002618444
SLC29A3,3.607094588401522
SLC2A1,2.868548663811903
SLC2A12,1.517047388834455
SLC2A13,1.8199233931459888
SLC2A14,2.7154053476729665
SLC2A2,5.1176104631010935
SLC2A3,1.6678978427360327
SLC2A4,3.729555343004648
SLC2A4RG,2.837386547366773
SLC2A5,1.7691829978932063
SLC2A6,1.7506764687827563
SLC2A9,1.9798301591736915
SLC30A1,3.684802468208622
SLC30A10,1.926428886257087
SLC30A2,1.846942253661662
SLC30A3,2.2781561851314933
SLC30A4,2.078393386684361
SLC30A5,2.2097071931744514
SLC30A7,2.8493596818522025
SLC30A8,2.1609553594451976
SLC31A2,1.8511179402139275
SLC33A1,2.9466067290291598
SLC34A1,1.9422910158053075
SLC34A2,3.3569907708027404
SLC34A3,2.139199239147859
SLC35A1,3.215203270723741
SLC35A2,6.210242025415204
SLC35A3,2.623073526826857
SLC35A4,1.8185325708624651
SLC35A5,2.142483221574164
SLC35C1,2.8749542156916696
SLC35D1,2.9965079724638883
SLC36A1,1.886253510472218
SLC36A2,3.0524366851505658
SLC36A3,1.742838881415637
SLC36A4,2.3560511314296995
SLC37A1,2.339023239727316
SLC37A2,3.7196100941087895
SLC37A3,1.9015470937436096
SLC37A4,2.461187432478929
SLC38A1,1.9793449578848847
SLC38A11,2.492723625867951
SLC38A2,3.438878257653094
SLC38A3,1.9416671196159043
SLC38A4,2.710457323565408
SLC38A6,3.5974916258991065
SLC38A7,2.518615623167001
SLC39A1,4.179380599828596
SLC39A2,2.373957469833669
SLC39A3,3.054275368586046
SLC39A4,1.7758582387487687
SLC3A1,2.086438349327969
SLC3A2,3.4926218213804265
SLC40A1,2.099508474111923
SLC41A1,1.903840638042656
SLC41A2,2.5315958390303552
SLC41A3,1.616949580482393
SLC43A1,2.917420504456092
SLC44A1,2.091454032590013
SLC44A2,2.533552277422672
SLC46A1,3.118398157571576
SLC46A2,1.5039514733126549
SLC4A1,2.488167224229757
SLC4A11,1.6392072938899298
SLC4A1AP,2.972446587092409
SLC4A2,2.327194180758968
SLC4A3,2.3393922020359663
SLC4A4,1.8486856084511256
SLC4A5,2.062368243186256
SLC4A7,3.974484577169416
SLC4A8,2.658942411420876
SLC4A9,2.709498274623876
SLC52A1,1.979966036358496
SLC5A1,2.528172278366776
SLC5A10,2.270821150125607
SLC5A11,2.747235389747346
SLC5A12,1.8972991805031183
SLC5A2,2.003016029906001
SLC5A3,1.5695235482514454
SLC5A4,2.3727504462879123
SLC5A5,3.029015901780006
SLC5A6,2.3615043047555377
SLC5A7,2.131807897992172
SLC6A1,2.155928285030856
SLC6A11,2.104864455169728
SLC6A12,1.7071798086739425
SLC6A13,1.3482110574453232
SLC6A14,2.4557211022078023
SLC6A15,1.8732174547893516
SLC6A16,1.812907827007328
SLC6A19,2.274841371665545
SLC6A2,2.9553737518032785
SLC6A20,2.018995466262312
SLC6A3,1.7606844050060289
SLC6A4,1.9838521498343693
SLC6A5,2.253526886415527
SLC6A6,2.800584378889596
SLC6A7,2.458180225938221
SLC6A8,4.388898988592636
SLC6A9,2.8970670380261394
SLC7A1,2.393368002675018
SLC7A10,1.315312814861755
SLC7A11,2.8469976310781333
SLC7A13,1.933279996262729
SLC7A3,1.8727394197024136
SLC7A4,2.224435412177542
SLC7A5,1.937953266322403
SLC7A6,2.320167986325026
SLC7A7,2.090774874880829
SLC7A8,2.0288008160038733
SLC7A9,2.1996695957112538
SLC8A1,1.612054993350114
SLC8A2,2.707205359208482
SLC8A3,2.3065283461032093
SLC9A3R2,3.5309765898357406
SLC9A5,1.8409771172366045
SLC9A6,2.717201407967731
SLC9A9,1.4915633351127209
SLC9C1,2.315073346773831
SLCO1A2,2.007283604849899
SLCO1B1,2.2843828574140908
SLCO1B3,1.8338768539291208
SLCO1C1,1.7520902934734215
SLCO2A1,1.983778547906689
SLCO2B1,1.56136431409099
SLCO3A1,1.939821341316579
SLCO4A1,2.1063525640007605
SLCO4C1,2.5703332747414382
SLCO5A1,1.992761585499484
SLCO6A1,2.029288809075304
SLF1,2.942182403909447
SLFN11,2.3595386312757896
SLFN12,4.755616253026721
SLFN13,1.9534448679232737
SLFN5,2.401112129974981
SLK,3.36518779352354
SLPI,2.0676265825161755
SMAD1,2.202238810706804
SMAD2,1.8299687888098937
SMAD3,2.036368237939062
SMAD4,3.55134746679606
SMAD5,2.049078019066473
SMAD6,1.7103383481814636
SMAD7,2.627717548336572
SMAD9,2.207421561908052
SMARCA1,2.8274921229070102
SMARCA2,2.685079714826242
SMARCA4,4.612247979821744
SMARCA5,3.287429924780752
SMARCAD1,2.096801768417285
SMARCAL1,3.1274713929929
SMARCB1,3.7126624006320426
SMARCC1,1.7784258297709965
SMARCC2,5.446300633266482
SMARCD1,2.148082385414513
SMARCD2,3.0864500151141585
SMARCD3,14.881587336836182
SMARCE1,2.760585468352893
SMC1A,4.307398647036355
SMC1B,2.3559116618594063
SMC2,3.466059000143082
SMC4,3.4047741718076785
SMO,3.849166010351491
SMOX,3.069742021652754
SMPD1,1.976206535307352
SMPD2,1.9782264330641592
SMPD3,2.270184893508418
SMPDL3A,1.6678218767855693
SMPDL3B,3.6009076061363383
SMS,2.416406584772312
SMUG1,2.0001005801086484
SMURF1,2.383349988748575
SMURF2,2.388296843762464
SMYD1,2.796206084478879
SMYD2,2.7574194524792706
SMYD3,1.6865776329743412
SMYD5,2.0089213211597627
SNAI1,3.072050846532365
SNAI2,4.358094262439414
SNAI3,3.665781798034284
SNAPC2,5.278434697578522
SNAPC4,4.719423968872812
SNAPC5,3.653721640114517
SND1,2.11093653383539
SNRK,3.205641681801701
SNRNP200,9.84412051670986
SNUPN,1.7318252576208892
SNW1,9.921989687907889
SNX5,2.523764382578356
SNX9,2.123114807691941
SOAT1,5.3484821468646615
SOAT2,2.010520693023823
SOCS1,2.4435995791101206
SOCS2,3.410071199795889
SOCS3,4.823394842225782
SOCS4,2.327828299130932
SOCS5,3.952464270642102
SOCS6,3.4437734810644947
SOCS7,3.1399264699320533
SOD1,5.533311329302192
SOD2,2.4292536089532484
SOHLH1,1.693415480984182
SOHLH2,1.674518337296916
SON,4.4260214770689466
SORCS1,2.842757947692134
SORCS2,3.75618785561363
SORCS3,2.0198912185266544
SORD,1.1938393177652358
SORL1,2.4993391538299368
SORT1,1.9002163812212811
SOS1,2.0459974756448167
SOST,2.2928418131193533
SOWAHC,3.0387731117189687
SOX1,2.355889661955764
SOX10,2.01867881587771
SOX11,2.658196862812781
SOX12,2.4051278286349427
SOX13,1.702083513242477
SOX14,1.8187387820433825
SOX15,2.450928878727297
SOX17,1.6843939354473192
SOX18,1.8525708227810656
SOX2,6.605653809067553
SOX21,2.002828887450607
SOX3,2.00055137670325
SOX30,1.9129317871909035
SOX4,2.5870398277127187
SOX5,2.3866882791038075
SOX6,1.5784348945899036
SOX7,1.507486701191583
SOX8,2.382892440549487
SOX9,2.052825227736834
SP1,3.1534217985034854
SP110,3.4502562714430183
SP140,2.692191525889092
SP2,2.422921575622534
SP3,3.757280110528204
SP4,1.6079005445070231
SP5,1.9951356746740585
SP6,2.2249819277843077
SP7,2.270701417391599
SP8,2.014721747009461
SP9,2.205385303257689
SPACA3,2.610506831213039
SPAM1,1.5618210689151504
SPAST,1.7812668699704253
SPATA5,2.250563316566538
SPATA5L1,2.739349749245616
SPDEF,1.842918956136817
SPEG,2.671384120575929
SPEN,2.465182938061054
SPG7,2.006323607987267
SPHK1,3.303947911202059
SPHK2,1.9476728807017336
SPI1,2.1962623171738325
SPIB,2.3388139406827926
SPIC,1.8815505937358397
SPINK1,2.178300025451881
SPINK5,1.5819215969113445
SPINT2,3.3406717920997293
SPN,2.1492597664347897
SPNS1,5.112144560007586
SPO11,1.9124554049807925
SPPL2A,1.7113133056528644
SPPL2B,2.554573520962481
SPPL2C,3.134760781903164
SPPL3,3.1391828033966025
SPR,2.6698983043074995
SPSB1,2.769332231217408
SPSB2,1.885690833774858
SPSB3,2.053744855207684
SPSB4,2.760586276238844
SPTBN1,7.438869727579272
SPTLC1,3.4661855248751867
SPTLC2,2.8324615184519506
SPTLC3,2.332636297693929
SPZ1,2.3282811224682067
SQLE,3.3089090047892364
SQRDL,2.047237585218551
SRA1,2.7102422455434967
SRC,2.2535678903304817
SRCAP,3.297653538610715
SRD5A1,3.077466620385431
SRD5A2,1.9883914222728691
SRD5A3,1.979156319294709
SREBF1,2.3039175257806077
SREBF2,3.0457113315758235
SRF,3.9543915629425848
SRM,3.011167137056211
SRMS,4.186164763567849
SRPK1,2.431315669691447
SRPK2,3.115335416269191
SRPK3,2.618502830887273
SRPRA,4.549292166432513
SRR,2.246640708901438
SRSF2,8.849490579789732
SRXN1,2.2192380523955944
SRY,2.488901612982233
SS18L1,1.9303513674263968
SSBP2,5.098742409686905
SSBP3,6.33751633004364
SSBP4,6.301916479631664
SSC4D,2.7089339635308423
SSH1,2.1551565010661995
SSH2,2.5761939858063663
SSH3,3.1847454677559166
SSTR1,2.1499996985687835
SSTR2,3.181781277258747
SSTR3,2.1856779018871144
SSTR4,1.992943250685827
SSTR5,1.9216034996628208
SSX1,3.6902657558686536
ST13,1.7240167018731547
ST14,2.614577224721107
ST18,2.060463945914389
ST3GAL1,3.0347323761441163
ST3GAL2,2.259113209850177
ST3GAL3,2.678606910898256
ST3GAL4,3.834108520078988
ST3GAL5,1.7156711594581184
ST3GAL6,1.932861870414364
ST6GAL1,2.41485752904946
ST6GAL2,2.218236415186552
ST6GALNAC1,3.5797360076800717
ST6GALNAC2,2.7884840559769946
ST6GALNAC3,1.855923389246953
ST6GALNAC4,2.2135508897471032
ST6GALNAC5,1.8397904702354688
ST6GALNAC6,1.5604602946975727
ST8SIA1,2.255705069530235
ST8SIA2,1.991321862184524
ST8SIA3,2.443743496264477
ST8SIA4,1.9329274085093568
ST8SIA5,2.2649744189951373
ST8SIA6,2.259866292282405
STAB1,1.85601767514381
STAG1,1.7098302485842487
STAG2,2.298597568034753
STAMBP,5.490987162547927
STAMBPL1,5.155219754801006
STAR,6.83774176461478
STAT1,2.723121365442775
STAT2,2.021420634870013
STAT3,3.323871779552766
STAT4,1.671557406775329
STAT5A,3.911381908924671
STAT5B,2.0942987035045566
STAT6,2.4270091354139955
STEAP1,1.61471261815303
STEAP2,2.3117830684052048
STEAP3,2.3237987643624622
STIM2,2.829770198959233
STK10,2.6348094967843894
STK11,3.808217904751809
STK16,3.05773401785084
STK17A,1.9593615623080805
STK17B,2.4267708525992098
STK19,1.5797595129278867
STK24,1.886359993444775
STK25,2.232466921259304
STK26,2.090648806607651
STK3,2.2960802307003325
STK31,1.7691812739014712
STK32A,2.0286827136637187
STK32B,2.0842925835330446
STK32C,20.27497341135994
STK33,2.2261629171586863
STK35,2.569626506669949
STK36,2.000870056125582
STK38,2.303347911432593
STK38L,3.404436798842005
STK39,2.060508918425575
STK4,2.6994657531161965
STK40,3.7128566380263335
STKLD1,1.9222853740033805
STRADA,2.137356154982217
STRADB,3.8672955826498217
STS,1.8928902079925964
STT3A,4.062929795588159
STT3B,2.2449041269942778
STUB1,2.8595644675544536
STX18,14.500858343915134
STX1A,3.857052554503357
STX2,2.2373792357592666
STX3,2.5286009116732453
STYX,2.023048336981577
STYXL1,2.122242565019724
SUB1,3.343764358664524
SUCLA2,2.2703534278057464
SUCLG1,1.8319887827915144
SUCNR1,1.5968027791282675
SUFU,2.374035029591436
SULF1,3.245263692721676
SULF2,2.6906743005296936
SULT1B1,1.9496385357318575
SULT1C2,2.176817690346657
SULT1C3,1.668890013386098
SULT1C4,2.064349882362408
SULT1E1,2.004453761539575
SULT2A1,3.608309809950192
SULT4A1,2.31303859190489
SUMO1,2.4386377460289568
SUOX,2.577607729936997
SUPT16H,3.09363303705022
SUPT20H,2.0793199381898275
SUPT3H,2.014227256231828
SUPT4H1,4.979446290452692
SUPT5H,9.708088465686592
SUPT6H,19.34680781179058
SUPV3L1,4.66166095768756
SURF1,2.5970679476947534
SUV39H1,2.839081058423963
SUV39H2,2.8962414995815293
SUZ12,4.240384535614146
SV2A,2.392539565907692
SV2B,2.4178038457313185
SVOP,2.584557219378031
SYK,2.1733232404657628
SYN1,2.1393082044705545
SYNGAP1,1.8288795435629444
SYNJ1,2.561540300899112
SYNJ2,2.335516067309148
SYT1,1.9956496687752507
SYTL3,3.6516109077261074
SYTL4,2.463482663327803
SYVN1,5.162684156488268
T,1.7965355513468024
TAAR1,2.099577105337905
TAAR2,2.081549075409006
TAAR5,2.965042738802404
TAAR6,2.836402688428918
TAAR8,2.1571724275032493
TAAR9,2.112393805368444
TAB1,2.286212445726684
TAB2,2.5045074857019523
TAB3,1.688417574610804
TAC3,2.31988775124519
TACR1,2.532162924409365
TACR2,2.347307917049404
TACR3,3.022822106308162
TADA2A,3.4447688794198617
TADA3,3.53005893020976
TAF1,6.559673993568438
TAF10,4.680673024455443
TAF11,2.56680195366966
TAF12,6.749126607596312
TAF13,3.2292133420883915
TAF15,2.20621754983506
TAF1A,3.037740568361343
TAF1B,1.7914861831494435
TAF1C,2.0196468273200927
TAF1D,3.4413398938338524
TAF1L,3.334519617428365
TAF2,3.6395905044260894
TAF3,3.8417733265966114
TAF4,3.920553136756317
TAF4B,2.4373180498188955
TAF5,5.245034172383174
TAF5L,4.8189274093443135
TAF6,4.822141668170197
TAF6L,3.2818161879907586
TAF7,3.869605425979425
TAF7L,1.996872073662261
TAF8,3.482136893426267
TAF9B,4.5316313869652936
TAL1,2.378286569604684
TALDO1,2.62736846972907
TAOK1,4.74354866750764
TAOK2,3.0453924263413104
TAOK3,2.587874926402721
TAP1,1.739768831139195
TAP2,2.1075063773277
TAPBP,1.7894317172566432
TARBP1,2.492818062435224
TARDBP,3.770739675658607
TARS,3.125501185783378
TAS2R14,2.202344249904962
TASP1,2.411430095054064
TAT,1.620867311503707
TAX1BP3,5.338784683490188
TAZ,3.922278958974069
TBCK,3.3221624435737187
TBK1,2.928594406890015
TBL1X,2.716252437506398
TBL1XR1,2.2860428467610188
TBP,5.205311724194566
TBPL1,3.097970740258658
TBR1,1.8298380365977571
TBX1,2.115053408646981
TBX10,1.7179728002920205
TBX15,1.9628617715167005
TBX18,2.34760538053372
TBX19,2.5727260694344936
TBX2,2.768581315338497
TBX20,2.862269225409678
TBX21,3.086457319318602
TBX22,2.280893505318954
TBX3,2.5351057692630024
TBX4,1.8651216359018128
TBX5,2.5551011884225394
TBX6,2.3781593484120607
TBXA2R,2.5611347825134225
TBXAS1,2.292971478618865
TCEA1,3.0634222061561376
TCEA2,2.680189092782408
TCEA3,2.049960753262737
TCEAL1,2.2423633253079958
TCEB1,2.4527979277467318
TCEB2,3.0759969951436648
TCEB3,4.330614428206284
TCEB3B,2.5071384146246216
TCERG1,4.515628565100437
TCF12,2.0954180030442537
TCF15,3.816515593181541
TCF19,2.664810592297201
TCF20,3.5551420306300963
TCF21,2.2369190639822487
TCF3,2.8327605812619114
TCF4,2.512446769914966
TCF7,1.842113984653151
TCF7L1,4.068505774124774
TCF7L2,1.598666636175016
TCFL5,3.181462871431785
TCIRG1,4.668558855794489
TCN2,2.4108841439937394
TCOF1,2.090915681542761
TCP1,11.392614234226938
TDG,5.370133946720021
TDGF1,2.320489765148549
TDO2,5.208110083678913
TEAD1,3.857769739758993
TEAD2,2.001121920175508
TEAD3,19.92324039174653
TEAD4,2.357305856121986
TEC,3.119416806558362
TECTA,2.942488564041424
TEF,1.971731799316476
TEK,3.0077789303766447
TEP1,2.815943385461405
TERT,2.555815196893779
TESK1,2.59380376599018
TESK2,2.3836545273851204
TEX14,2.082676355869841
TEX30,4.262290597253626
TF,2.910304804094631
TFAM,2.32400570110006
TFAP2A,1.7152095600966026
TFAP2B,3.0699833334527544
TFAP2C,2.6950147852192874
TFAP2D,2.1559694019993128
TFAP2E,2.5530094832992365
TFAP4,3.809599356045303
TFCP2,1.8801011579519669
TFCP2L1,2.1586130389577702
TFDP1,6.85114011799134
TFDP2,2.356124510464529
TFDP3,4.878870507667204
TFE3,2.6540120889149024
TFEB,2.157941512578474
TFEC,2.2079359925641917
TFPI,2.233064115850679
TFPI2,1.8139939676356585
TFRC,6.909001321004805
TG,1.258113441510264
TGDS,2.49567166936028
TGFB1,4.058051045190155
TGFB1I1,2.730534012596984
TGFB2,2.2871797498273816
TGFB3,2.39715939478732
TGFBR1,2.6634573608613348
TGFBR2,2.069550813560938
TGFBRAP1,1.9304927868466903
TGIF1,2.3734760458761057
TGIF2,2.1237400958641928
TGIF2LX,4.147628776395432
TGIF2LY,2.22217793266317
TGM1,2.2472760001079988
TGM2,2.0420585731100016
TGM3,5.358328734663325
TGM4,2.342389134148029
TGM5,1.7932231112702632
TGM6,2.475313310229364
TGM7,3.024030211265501
TGS1,3.786686356003973
TH,21.427313536000987
THAP11,4.107059859748279
THAP12,4.984277835982502
THBD,2.553308459341693
THNSL1,2.341494553450979
THNSL2,3.109689416779261
THOP1,2.0434532107371792
THPO,2.4927313766419466
THRA,2.072498454388964
THRAP3,2.814892112332258
THRB,1.9388717969988192
THTPA,1.857976835081444
THUMPD2,2.119104655575774
TIAL1,2.279336573806776
TIAM1,2.078644855251768
TIAM2,3.0672184917654874
TIE1,1.5713341319313523
TIGAR,2.095021340682573
TIMM50,2.7761694011029
TIMM8A,12.046837823463438
TIMP1,2.173134756916576
TIMP2,2.048227666429685
TIMP3,13.622656985409131
TINAG,1.5298296111442686
TINAGL1,2.143795881741462
TIPARP,1.763919895863101
TJP1,1.8710594823624191
TJP2,2.519036601056871
TJP3,2.289106799620745
TK1,2.0761598788174505
TK2,1.7800988033324157
TKFC,2.7152568488799758
TKT,3.2005927627142907
TKTL1,3.514662118413149
TKTL2,1.855825590197969
TLE1,2.6890848420107014
TLE2,2.6046612067890527
TLE4,2.529838967514908
TLK1,3.9385211091003214
TLK2,3.651443844140549
TLL1,2.4327465134431656
TLL2,2.948932053983043
TLR1,2.5155535413445125
TLR10,1.5563980878025925
TLR2,3.7677430691082794
TLR3,2.5294790421277766
TLR4,1.867204766653799
TLR5,2.3666634100486976
TLR7,2.5461544839329
TLR9,2.25496223282975
TLX1,1.7168511147924463
TLX2,1.552442753751599
TLX3,2.217982774748541
TM7SF2,2.1773216032334197
TMC1,1.3418121822266935
TMC2,1.8714599686684583
TMC6,2.09793514955869
TMCO1,1.7080360122236815
TMED1,1.9199315817094535
TMED10,2.6907446618949526
TMEM109,2.1301898049880843
TMEM11,20.38354146390645
TMEM129,3.0260450076744103
TMEM150C,2.729479679102198
TMEM175,2.1813197592914864
TMEM183A,2.7019057102075634
TMEM189-UBE2V1,3.0407071526356826
TMEM37,2.068413457742245
TMEM38A,2.123323589887561
TMEM38B,2.080513885855832
TMEM62,2.3764891365176357
TMF1,2.925908602920151
TMLHE,2.2561720386488844
TMPRSS11A,1.8358434496480336
TMPRSS11B,1.4500288629547096
TMPRSS11D,1.504039301142941
TMPRSS11E,2.058248457219974
TMPRSS11F,1.3204620492596797
TMPRSS12,1.7714556697283754
TMPRSS13,2.830284951128809
TMPRSS15,2.262222329790243
TMPRSS2,1.7994911199351027
TMPRSS3,2.2892116530332665
TMPRSS4,1.996853091599864
TMPRSS5,1.7222333052763958
TMPRSS6,2.141227805566393
TMPRSS7,1.924475066303693
TMPRSS9,1.7243888734943993
TMX1,2.123540475218238
TMX2,4.194232942327821
TMX3,1.8293481702170635
TMX4,2.9584331607897094
TNC,2.081402328011692
TNF,2.0364147847346104
TNFAIP3,2.3951414178227277
TNFAIP8,2.4668567965536954
TNFRSF10B,1.65698970165624
TNFRSF10C,2.4128402868619623
TNFRSF10D,1.7897504384590606
TNFRSF11A,2.4183649039261232
TNFRSF11B,3.2070699279496644
TNFRSF13B,2.4010786442697665
TNFRSF14,1.9852171877874236
TNFRSF19,2.3249287958361675
TNFRSF1A,1.7890628879007875
TNFRSF1B,1.965440359613605
TNFRSF25,2.6794314996333863
TNFRSF4,3.831383645842012
TNFRSF8,2.022636755578654
TNFRSF9,1.743932842298947
TNFSF10,2.07408168130562
TNIK,1.963336520842587
TNK1,2.239549817489338
TNK2,1.634426624283034
TNKS,2.740764674789101
TNKS2,1.4986562082479602
TNNI2,2.793281157198325
TNNI3,2.3158894834092387
TNNI3K,1.6241782526271795
TNPO1,4.1618859245599005
TNPO2,2.605926220183668
TNR,2.1857562259177508
TNS3,2.05242201073422
TNXB,2.438534659426308
TOB1,2.7218045966075524
TOM1,3.4631374408777766
TONSL,9.932932223763304
TOP1,2.7575872625988094
TOP1MT,2.4655329487896
TOP2A,5.1416815918997285
TOP2B,2.239961612283937
TOP3A,2.0292553584159387
TOP3B,2.125079993456157
TOPBP1,5.810923278048901
TOPORS,4.608451924443566
TOR3A,2.33519811944996
TOX2,3.390959997250353
TOX3,2.797106115389901
TP53,4.100692150858541
TP53BP1,2.4892490651865478
TP53I3,6.326511016148981
TP53RK,2.4786514655597167
TP63,1.5394590559490848
TP73,2.112022749448448
TPCN1,2.863887575512148
TPCN2,5.535360947887123
TPD52L3,1.6827123833968614
TPH1,2.0652435543675094
TPH2,2.031237150940994
TPI1,3.102678892074589
TPK1,2.5427326632291423
TPM1,2.953665529648324
TPM4,3.262013650398789
TPMT,2.408788743717952
TPO,2.797910476455728
TPP1,2.2048219267323943
TPP2,1.5978380600608746
TPRA1,1.844813982221988
TPSD1,1.794734210096338
TPSG1,2.5582956359349005
TPST1,2.3129052885757906
TPST2,1.7060685591213027
TPTE,2.888079976770466
TRABD2A,2.182885649301732
TRAF2,4.34238721965755
TRAF3,5.098406077111173
TRAF3IP2,2.094774397489285
TRAF4,3.657864849357872
TRAF5,2.1126312300627563
TRAF6,2.455502017075387
TRAF7,2.22869657280537
TRAIP,10.1058273050398
TRAK2,2.2317143425486003
TRAP1,1.9467369279020692
TRDMT1,2.71573903831155
TREH,2.983633130299327
TREM1,1.5820279351847013
TREM2,6.984545622542833
TRERF1,2.3922106200302284
TREX1,2.942944272085573
TRHDE,2.6207813133562654
TRHR,2.1544525653220963
TRIB1,3.434360313445221
TRIB2,3.919731419934272
TRIB3,9.749934809555551
TRIL,2.339867395813875
TRIM10,1.7792242557289637
TRIM11,3.360446240361345
TRIM13,2.2097882524341297
TRIM14,1.896874851456538
TRIM15,2.396891406096435
TRIM16,2.930228784568863
TRIM17,2.681052955640874
TRIM2,1.8894584884386187
TRIM22,1.5723296275533678
TRIM23,2.8283611052914237
TRIM24,2.071120672093113
TRIM25,1.8715103416393104
TRIM26,2.6897813566606965
TRIM27,1.5328881774546503
TRIM28,3.5927994422457115
TRIM29,2.590661413928971
TRIM3,2.1146693467047264
TRIM31,2.406128078991419
TRIM32,1.5328395480414707
TRIM33,2.791484980363951
TRIM34,2.823506604052913
TRIM35,2.169880177263264
TRIM36,2.6641473666340088
TRIM37,5.515569235884566
TRIM38,2.512812445416338
TRIM39,3.942473850860046
TRIM4,2.0912633328728707
TRIM40,2.3157335637913827
TRIM41,1.94230992277236
TRIM42,2.3373326188961565
TRIM43,3.071756396104856
TRIM43B,2.856219232027914
TRIM44,3.620753477878287
TRIM45,4.92851563038524
TRIM46,3.7872288785688872
TRIM47,3.0861478855417834
TRIM48,5.241273301674613
TRIM49B,6.160196147433964
TRIM5,2.25094778127277
TRIM50,3.556096074101068
TRIM51,7.479532307268041
TRIM52,2.00277946282112
TRIM54,3.678229723040957
TRIM55,2.4641275135614418
TRIM56,2.3237103182600736
TRIM58,2.303656103474065
TRIM59,2.049877342208794
TRIM6,1.9896773782761927
TRIM6-TRIM34,2.250648073850956
TRIM60,2.8415726146723106
TRIM62,1.958590784659688
TRIM63,2.089588483492075
TRIM64B,2.1428753481013025
TRIM64C,4.46085142899001
TRIM65,2.9247503012299023
TRIM67,3.0048017611768905
TRIM68,2.5831337111825805
TRIM69,1.5915619578676956
TRIM7,1.80698045233302
TRIM71,2.450618246923257
TRIM72,2.727710567349851
TRIM77,2.209332214550221
TRIM8,2.1895091386161933
TRIM9,2.7316198809149874
TRIML1,2.499868861972102
TRIO,4.192577983005313
TRIP11,2.9620238823593894
TRIP12,5.241616722549156
TRIP13,2.608915313343943
TRIP4,2.1825723137396067
TRIP6,2.452385657421356
TRIT1,2.003784946737033
TRMT1,2.812357664166998
TRMT1L,1.7167303002068668
TRMT2B,1.5821248411088404
TRMT61A,3.5921520478273394
TRMU,1.8749660010694085
TRNT1,2.249737566891883
TROAP,2.926283766510337
TRPA1,2.32767226087913
TRPC1,1.7200644030599952
TRPC3,2.1912175116412125
TRPC4,3.1731388328356878
TRPC4AP,1.6270148176604329
TRPC5,2.10179754417271
TRPC6,2.7649756660249154
TRPC7,1.7498589023158173
TRPM1,1.676938267341271
TRPM2,1.9711985418370497
TRPM3,3.902607995823703
TRPM4,2.529381151444621
TRPM5,3.248051257020316
TRPM6,2.158089672783892
TRPM7,1.5994839105354148
TRPM8,2.519506805250145
TRPS1,2.5354766401137665
TRPV1,3.437867657998765
TRPV2,2.285856564025953
TRPV3,1.9454213706577816
TRPV4,2.2721130555640414
TRPV5,1.8716433195291573
TRPV6,1.7370156630105489
TRRAP,8.022085608210368
TRUB1,2.822579792996481
TSC2,2.902267109525745
TSC22D1,3.291042798337686
TSC22D3,1.8543230587499748
TSC22D4,2.196369778795637
TSEN2,2.219011710988042
TSEN34,2.2663072853286947
TSG101,14.124380360128557
TSHR,2.0412539363954707
TSHZ1,2.605132914499529
TSHZ2,1.9494912031584868
TSHZ3,2.521617036008047
TSKS,2.570447066951721
TSPAN17,2.7512885765912363
TSSK1B,1.8040839713594945
TSSK2,1.8525905332704116
TSSK3,2.9010252968365835
TSSK4,2.931419107004962
TSSK6,2.145699258837228
TST,2.5633721767926296
TSTA3,2.345973717384599
TTBK1,3.600662159042434
TTBK2,2.237126307413675
TTC3,3.969247281365935
TTF2,2.066710843064777
TTK,12.076764344097333
TTL,2.185687664822271
TTLL1,2.9458020244820045
TTLL3,2.391437279579221
TTLL4,2.7480626949760283
TTN,1.5395849012160394
TTPA,2.643775643143921
TTR,2.370358008090468
TTYH1,2.747896038421872
TTYH3,3.1583779308404907
TUB,3.477214436218312
TUBA4A,3.0981248637698084
TUBA8,4.749132477652218
TUBAL3,1.8287868337583424
TUBB1,3.087630677874553
TUBB2A,9.862395129413054
TUBB6,2.9559414965358197
TUBD1,2.0372105195793764
TUBE1,2.122988092995102
TUBG1,6.291869025158704
TUBGCP2,4.552280507965858
TUFM,3.156297646726716
TULP1,4.29674888421878
TULP2,2.2317845192339867
TULP4,1.4630224797428557
TUSC3,1.7946308363687626
TWF1,2.4697784186768543
TWF2,2.6558319704282227
TWIST1,2.7900755677783606
TWIST2,2.210902387431945
TXK,1.2647701603539516
TXN,4.540894666974154
TXN2,2.795528177284011
TXNDC11,2.150554676000803
TXNDC12,1.7385929390639587
TXNDC15,2.857956737041999
TXNDC16,1.5481550431466684
TXNDC17,1.6658775486216573
TXNDC2,2.81759815886818
TXNDC5,1.97879732180716
TXNDC8,2.153283673342228
TXNL1,2.226359342138653
TXNL4A,3.742844228267077
TXNL4B,2.500150423280642
TXNRD1,3.606228245952619
TXNRD2,2.351799943145142
TXNRD3,2.145422188674277
TYK2,1.6671646711507362
TYMP,2.229387699175638
TYMS,2.1254206878016704
TYR,2.307664685497281
TYRO3,2.4185356613811115
TYRP1,2.631386661772783
TYSND1,2.287276857536147
UBA1,5.6637742515919705
UBA2,5.679697924635482
UBA3,3.311177408288556
UBA5,2.5057062412971813
UBA6,2.51738874416234
UBA7,5.092266958064493
UBASH3A,1.7688173539845609
UBASH3B,2.3464547189582827
UBD,4.283239701752702
UBE2A,2.835687544022669
UBE2B,2.875728782183576
UBE2C,3.609353742009338
UBE2D1,2.7731750743564403
UBE2D2,6.325927056009417
UBE2D3,6.613289846912542
UBE2D4,4.4997236153578015
UBE2E1,2.8120815599674955
UBE2E2,1.8962706924320527
UBE2E3,1.972292787426966
UBE2F,3.439052526240574
UBE2G1,1.658955931874888
UBE2G2,2.085395350377719
UBE2H,2.3774079019894323
UBE2I,5.253896457294312
UBE2J1,5.653165494593168
UBE2J2,3.121630026198684
UBE2K,2.652993760196252
UBE2L3,3.707220461054548
UBE2L6,2.566554993717451
UBE2M,5.300592038843825
UBE2N,4.032453822422783
UBE2NL,3.1598882391616248
UBE2O,1.9678527739981029
UBE2Q1,2.5408082844066686
UBE2QL1,2.6462776222942512
UBE2R2,3.7548628305272183
UBE2S,4.876215568492096
UBE2T,4.896317754254843
UBE2U,2.3200656702443574
UBE2V1,2.6111649403314066
UBE2V2,4.3855089493282
UBE2W,2.6407844998369208
UBE2Z,1.8926865854358368
UBE3A,3.146034917084306
UBE3B,2.0721235239255145
UBE3C,2.144799057650039
UBE3D,2.2550841837036906
UBE4A,2.8252193889146686
UBE4B,3.193519119287309
UBL3,3.434013470325518
UBL4A,3.577988068567803
UBL5,8.110283030949649
UBLCP1,2.2422143357567954
UBN1,2.5617037196799184
UBOX5,2.064012301518177
UBP1,2.426061513733606
UBR1,1.9532214172855535
UBR2,2.938651020996414
UBR3,2.002267302607205
UBR5,5.2205887907223225
UBTD1,2.3433603515852823
UBTD2,2.836413539467372
UBTF,8.444034774913291
UCHL1,2.5990767941857524
UCHL3,2.676951696684165
UCHL5,2.616116184212241
UCK1,2.639293091390852
UCK2,1.554004927503732
UCKL1,2.265803331628231
UCP1,1.5741864637787188
UCP2,1.7946082463223303
UCP3,2.099464374183364
UEVLD,2.539616895014889
UFC1,2.1539764554036127
UFD1L,3.3013948510934523
UFSP1,2.4653010584580013
UFSP2,6.985492288130548
UGCG,1.8833240325433345
UGDH,1.7680136639541488
UGGT1,2.452368995654848
UGGT2,2.9999835019887264
UGT1A1,5.463372638982095
UGT1A10,2.461822887438894
UGT1A3,3.154199342360175
UGT1A4,2.2744445912388813
UGT1A5,1.972854130254332
UGT1A6,2.092996859711844
UGT1A7,1.9675871059869916
UGT1A8,2.5945569657485623
UGT1A9,2.859293067563435
UGT2A1,1.7924406505311383
UGT2A3,4.251262774480356
UGT2B15,1.8118591692802704
UGT2B17,3.0422364315953354
UGT2B28,4.188549845027849
UGT2B4,2.963407928434278
UGT2B7,3.034281534802008
UGT3A1,6.250793093096745
UGT3A2,2.336164544648578
UGT8,1.6469497812057954
UHMK1,2.0668905429996527
UHRF1,3.2708279486557346
UHRF2,2.362907782086306
ULK1,2.1363864778860995
ULK2,2.280416211022572
ULK3,1.9957046753625964
ULK4,1.725005806558281
UMPS,2.9049517528762703
UNC5B,2.096277616838808
UNC5C,2.351258345129489
UNCX,1.5024435091281902
UNG,1.6823134380735207
UNK,7.242840239475997
UNKL,2.1258653683373128
UPB1,2.2972852445024725
UPF1,4.296554815965096
UPP1,1.7121220417009522
UPP2,2.366988130467364
UQCR11,2.507621138103499
UQCRB,2.467814344589584
UQCRC1,2.4733524494641745
UQCRC2,2.4277950185950883
UQCRFS1,1.904712019316632
UROC1,1.937266296881476
UROD,2.456277935857401
UROS,1.9878237390902465
USF1,2.8369475893307565
USF2,2.2807146724764795
USP1,2.0001007530089723
USP10,4.486184198764131
USP11,2.2864881915103275
USP12,2.4981704131583067
USP13,4.329325515251388
USP14,2.635139405592136
USP15,2.3354965722026675
USP16,1.7915858926957648
USP17L2,1.8903099143216608
USP17L3,3.6018382905994564
USP17L7,2.251554863363795
USP17L8,2.414537081213729
USP18,1.8520187799421255
USP19,2.571455458741587
USP2,2.468956938779908
USP20,3.4266558117442103
USP21,2.033693945441558
USP22,3.949779391587077
USP24,3.665075437230085
USP25,2.2756817440108623
USP26,2.794708785341162
USP27X,1.9297520736188696
USP28,1.9412589204920057
USP29,5.957027399097071
USP3,2.958681815136914
USP30,3.521249620349696
USP31,1.65039258778106
USP32,3.30488106285458
USP33,2.9338316748290314
USP34,3.1606881981168105
USP35,2.714376844745855
USP36,2.4178555506397856
USP37,2.4212178224548686
USP38,2.428277537451643
USP39,5.329584949555547
USP4,2.1202885301075605
USP40,2.252736053564075
USP42,2.792072510378954
USP43,2.5941698928152674
USP44,2.084747880169187
USP45,2.7311666802422927
USP46,1.8448850469097915
USP47,1.8172634260057057
USP48,2.2644778822602816
USP49,2.316306605281495
USP5,2.4237109991932693
USP50,1.967502953146347
USP51,2.650668101264737
USP53,2.186719567404249
USP54,1.7813226544242144
USP6,2.1419005142683947
USP7,3.36070654816309
USP8,5.557668249457299
USP9X,2.803138121199094
USP9Y,1.9182409018972064
USPL1,13.424264041437953
UST,2.009228329333933
UTF1,1.8360635014241176
UTRN,3.0275794399858054
UVRAG,8.686631441580158
UXS1,2.280883298763466
VARS,4.881324253030434
VAT1,3.1388485920949565
VAT1L,2.554767839361219
VAV1,2.0241102519579157
VAV2,1.967098403947448
VAV3,1.5339524179615998
VAX1,1.8441331200897264
VAX2,1.750299427951575
VCL,4.805462309609256
VCP,33.39826990488433
VCPIP1,2.826563364791486
VDAC1,3.377422321741405
VDAC2,2.22716608880436
VDAC3,2.33813340142814
VDR,3.681743513847896
VEGFA,1.961725587728423
VEGFB,1.7157388851758453
VEGFC,3.2988763253697395
VENTX,20.28080691850826
VEZF1,2.5820098963370293
VGF,1.995721337561133
VGLL1,2.950731617190507
VGLL2,2.499189447197824
VHL,7.1945123842723175
VIPR1,2.583952240784998
VIPR2,2.8288749518747207
VKORC1,2.6031847746041827
VLDLR,2.602952816165001
VN1R1,3.666385913266684
VN1R2,4.349838284924745
VN1R4,4.315420520985661
VN1R5,2.788375338367853
VNN1,2.0020951864160565
VNN2,1.919752837305295
VNN3,1.5166782912169
VPS11,4.613530132778721
VPS13A,2.9217877434326684
VPS18,5.71178684209235
VPS29,3.4827354872041707
VPS41,2.798978881664235
VPS4B,4.614703279991824
VPS8,1.9034962527502244
VPS9D1,2.0556601966608508
VRK1,2.218380745195616
VRK2,2.2564457215362275
VRK3,3.212515733966493
VSX1,1.783400565628317
VSX2,3.0956781463649694
VWF,3.610325721346024
WARS,3.3765254105555598
WARS2,2.2565831423715617
WBP11,6.984113816790936
WBSCR17,2.9173126007165044
WBSCR22,7.214732986780976
WBSCR27,1.9206977920473405
WDR24,2.44145241464886
WDR31,2.5067364832891337
WDR59,2.473090145096133
WDSUB1,1.8704277030326608
WEE1,16.1650651647498
WEE2,2.36183388419506
WFS1,2.7354846239458994
WHSC1L1,3.0871460175603787
WISP2,1.9941012442711423
WISP3,3.097932560796471
WNK1,3.44596807367802
WNK2,1.916876759914973
WNK3,1.81888949386867
WNK4,1.8681795269250527
WRN,1.590966762026947
WRNIP1,2.8352034342827843
WSB1,2.2659494283263304
WSB2,2.2775687765744577
WT1,2.2027771536633964
WWOX,2.505025593631887
WWP1,2.291755856057882
WWP2,1.9118017241005936
WWTR1,3.0725381657345747
XAB2,18.177794087818747
XBP1,2.9122629194445064
XCR1,2.537825382561817
XDH,3.979733607960089
XIAP,1.8401026726987688
XK,3.448071856480696
XPA,2.2734745306691546
XPC,2.553707277273086
XPNPEP1,1.8833531979137084
XPNPEP2,2.026879335117517
XPNPEP3,1.9793271928496636
XPO1,12.348966021448645
XPR1,2.336791404355344
XRCC1,2.560775372098114
XRCC2,2.302042757725833
XRCC3,3.218448198001828
XRCC4,2.1524788824241106
XRCC5,3.275082460223973
XRCC6,6.415972136688075
XRN1,14.199258069734158
XRN2,3.875121172386208
XYLB,1.872693870211189
XYLT1,1.9160839889091192
XYLT2,2.127548883775439
YAF2,3.568316133459566
YARS,4.24766830663339
YBX1,3.816999601842365
YBX2,2.006396192976341
YBX3,2.081615249055783
YEATS4,3.474935045298642
YES1,3.103366325502501
YLPM1,3.0075521995652985
YME1L1,3.629904541892862
YOD1,3.0164721716653475
YWHAE,3.164686612917497
YWHAG,2.3044053227941204
YWHAQ,2.770532907694627
YY1,6.339720348831454
YY2,1.6791222789888467
ZADH2,2.2518105727424342
ZAK,1.8508632689423528
ZAP70,7.49060428009848
ZBTB1,2.147220562494189
ZBTB10,2.7327898236732
ZBTB14,2.6795979191555066
ZBTB16,2.4904710321433674
ZBTB17,3.3312658257884395
ZBTB18,2.977867033178341
ZBTB2,6.024972247087969
ZBTB20,42.72207394989731
ZBTB21,2.1829855394908786
ZBTB25,1.5196590471748233
ZBTB32,3.419243992140632
ZBTB33,2.6414345050287382
ZBTB38,2.0206048715306637
ZBTB4,2.107821776386603
ZBTB42,2.182226013895244
ZBTB45,1.9650949434792315
ZBTB48,1.9147637269819144
ZBTB5,4.028864736491764
ZBTB7A,3.0033716970415547
ZBTB7B,3.387630885878413
ZC3H12A,2.974158758715681
ZC3H8,2.756818708562308
ZC3HC1,3.6285057613189142
ZCCHC11,3.8028755711470335
ZDHHC13,2.330393768690117
ZDHHC3,2.0440549561462604
ZEB1,4.334225540052905
ZEB2,3.765154623180595
ZFAND3,2.3270896936818293
ZFAND5,2.249793832294803
ZFAND6,2.121215662892379
ZFAT,1.8251136560926715
ZFHX3,2.2760995186801845
ZFP1,2.4220598867330496
ZFP36,3.2335071929285077
ZFP36L1,2.639879483250557
ZFP36L2,2.6766321856257904
ZFP37,2.690885310005365
ZFP42,3.983058610740093
ZFP69,2.2647751313641145
ZFP90,3.7531080454379495
ZFP91,3.788191748826019
ZFPM1,2.8203019661037856
ZFPM2,2.0066008809002955
ZFX,3.1785920903133578
ZFY,2.727508243515205
ZGPAT,2.503174821609967
ZHX1,1.9554769435592985
ZHX2,2.57470961715617
ZHX3,2.079300840179016
ZIC1,2.565986350489403
ZIC2,2.8149678687927877
ZIC3,2.2163666530764106
ZIC4,1.654283332937318
ZIC5,3.412618745774564
ZKSCAN1,1.525858980817458
ZKSCAN2,3.5942606350631103
ZKSCAN3,5.533987468099305
ZKSCAN4,2.091398545361244
ZKSCAN5,2.240072152402337
ZKSCAN7,2.2364862139532207
ZKSCAN8,3.4219732974642625
ZMIZ1,3.035941462619632
ZMIZ2,2.406101015361371
ZMPSTE24,2.940548971090111
ZMYND11,2.627695025132924
ZMYND8,2.4937924909229663
ZNF10,2.332976770105901
ZNF117,2.0266075487923625
ZNF124,2.5051463411762227
ZNF131,2.54105753056554
ZNF132,2.537870802111277
ZNF133,2.733340889783696
ZNF134,3.872914904601777
ZNF135,2.4715233456989893
ZNF136,2.860577775886054
ZNF140,2.808528026608208
ZNF141,2.89576446214112
ZNF142,2.9179532829657413
ZNF143,4.386882346251257
ZNF148,2.704219455037857
ZNF154,3.7602796680828754
ZNF155,3.39122654857471
ZNF157,2.2034850689778778
ZNF160,2.054311343240772
ZNF165,2.7749462136903205
ZNF169,2.1561422813076048
ZNF174,2.328869255506919
ZNF175,2.5955766578477197
ZNF177,1.8730121488104188
ZNF18,2.189023374440285
ZNF180,2.1313546467058475
ZNF185,1.4874605157100438
ZNF189,2.2455988484425355
ZNF19,2.687503900240233
ZNF197,1.618836028424729
ZNF202,2.679641584421121
ZNF205,1.9043296434040184
ZNF207,6.417538548290704
ZNF211,2.576824426736783
ZNF213,2.685572272939156
ZNF214,2.8182740933547388
ZNF215,3.8396606392608783
ZNF217,4.8962572961747926
ZNF219,2.5080821000686555
ZNF22,1.6741296844912197
ZNF224,4.160052351849072
ZNF226,2.055792919181687
ZNF227,2.242764435056624
ZNF23,2.385352608586537
ZNF230,2.122958976520867
ZNF232,2.293380766772061
ZNF236,4.835665631346283
ZNF239,2.27896791447884
ZNF24,3.6784854411243217
ZNF250,1.9130228132754064
ZNF251,3.779477315561025
ZNF253,2.1086747231028355
ZNF256,3.4845548957664336
ZNF263,2.978628193002075
ZNF267,1.7787538134480614
ZNF274,2.6243283745561645
ZNF277,1.8996670496410015
ZNF281,2.706970503254469
ZNF282,2.1790580292985338
ZNF284,2.355131967236714
ZNF287,1.729644487353125
ZNF292,4.646276937948875
ZNF3,1.8276625107282791
ZNF300,2.281380245316821
ZNF302,4.682536488595741
ZNF304,2.570090907511007
ZNF317,2.5812289021083457
ZNF326,2.0357308690089244
ZNF330,2.1100223439519468
ZNF333,2.480654304515131
ZNF33B,2.364040908056987
ZNF34,1.759240492815784
ZNF345,2.343922811311236
ZNF35,3.3692983855208505
ZNF350,4.058924341555814
ZNF354A,3.506534359755731
ZNF354C,3.851146330769496
ZNF367,1.5725985344695803
ZNF37A,3.690364347032112
ZNF382,1.9108327109562604
ZNF384,2.6769298423908947
ZNF394,2.277215265237777
ZNF395,2.24084632696788
ZNF396,2.827513760794499
ZNF397,2.1945482261569658
ZNF398,2.328387705341447
ZNF41,2.811598427077662
ZNF423,3.5100642883873863
ZNF429,2.8516795431331747
ZNF43,2.483350331644229
ZNF431,2.284254208809975
ZNF433,3.507964906296657
ZNF443,5.863483790117656
ZNF444,1.702880987719341
ZNF445,2.2473537847167795
ZNF446,2.877473202439138
ZNF449,1.950136572684397
ZNF45,2.533261883964777
ZNF467,2.6363958121815845
ZNF468,2.7992085064317265
ZNF483,5.519500586018061
ZNF492,2.1488891602206426
ZNF496,1.5215998379878386
ZNF500,2.675830635209845
ZNF512B,2.084919335055583
ZNF513,2.0380445184523075
ZNF517,2.8501338124274187
ZNF536,2.1463738730806945
ZNF547,2.040486603362504
ZNF560,3.450861838187304
ZNF580,5.999192413614688
ZNF589,2.062075024217415
ZNF592,1.8852797050615224
ZNF593,5.055871745859702
ZNF628,2.685524824184866
ZNF645,2.2982524733307663
ZNF652,2.018993798785027
ZNF668,1.991682376217606
ZNF674,2.843991610703364
ZNF675,2.6400590631419067
ZNF687,2.5811200821929603
ZNF689,2.3761265256105903
ZNF69,2.031577344318788
ZNF692,2.464344771869828
ZNF7,1.9923443298980144
ZNF70,2.018581759852627
ZNF71,21.41114729197639
ZNF711,1.580529570335517
ZNF720,1.9692506793767883
ZNF746,3.266281955051863
ZNF750,2.53099812442219
ZNF75D,2.5750348106772543
ZNF76,2.789090752484339
ZNF8,2.565524936603224
ZNF80,2.5025244215690976
ZNF804A,65.759511479587
ZNF81,2.471704154552457
ZNF821,2.0513864239448902
ZNF83,3.223314003094566
ZNF84,2.3184120777814474
ZNF85,1.786642847124483
ZNF93,7.971065456947215
ZNF98,3.1044520051192435
ZNFX1,2.1346398039237715
ZNHIT3,4.990696491816684
ZNRD1,2.8793707650775864
ZNRF1,2.694215356236248
ZNRF2,2.31123299790858
ZNRF3,2.5818670116278297
ZNRF4,2.1942205941361235
ZRANB1,2.326576784301332
ZRANB2,5.924919105066255
ZRANB3,2.042743336954561
ZSCAN10,3.1882035244825007
ZSCAN12,1.921027716417883
ZSCAN16,2.011436618511317
ZSCAN2,2.2707057602048555
ZSCAN21,4.175036543231259
ZSCAN22,2.360143656856845
ZSCAN25,1.9099971456952072
ZSCAN26,1.521370850790048
ZSCAN31,3.12491161004232
ZSCAN32,1.6221291156876667
ZSCAN4,4.3334725064234325
ZSCAN5A,2.3994222073709617
ZSCAN9,8.523785310674969
ZSWIM2,3.2607939975629154
