action_id,score
A1BG,-0.04595
A1CF,-0.23472
A2M,-0.14317
A2ML1,-0.10804
A3GALT2,-0.064951
A4GALT,-0.014001
A4GNT,-0.030904
AAAS,0.068884
AACS,0.075264
AADAC,-0.0025334
AADACL2,-0.23201
AADACL3,-0.059241
AADACL4,-0.061954
AADAT,0.029128
AAED1,-0.090297
AAGAB,-0.1454
AAK1,-0.0057323
AAMDC,-0.069929
AAMP,0.13831
AANAT,-0.064026
AAR2,0.11963
AARD,-0.055779
AARS,0.36999
AARS2,-0.0032354
AARSD1,-0.080553
AASDH,0.15906
AASDHPPT,0.059878
AASS,0.1939
AATF,0.54996
AATK,-0.0037069
ABAT,0.024281
ABCA1,-0.07925
ABCA10,0.17872
ABCA12,-0.2456
ABCA13,0.03322
ABCA2,-0.033132
ABCA3,0.05267
ABCA4,-0.15464
ABCA5,0.18765
ABCA6,-0.16603
ABCA7,0.018313
ABCA8,-0.092222
ABCA9,-0.051649
ABCB1,-0.24805
ABCB10,0.020004
ABCB11,0.045772
ABCB4,0.050968
ABCB5,-6.6694e-05
ABCB6,-0.066493
ABCB7,0.10038
ABCB8,-0.05807
ABCB9,0.047977
ABCC1,0.071233
ABCC10,0.1419
ABCC11,-0.18425
ABCC12,-0.1231
ABCC2,0.039372
ABCC3,0.10402
ABCC4,-0.10458
ABCC5,0.11619
ABCC6,0.11006
ABCC8,0.12691
ABCC9,-0.049945
ABCD1,-0.083884
ABCD2,0.16979
ABCD3,-0.10213
ABCD4,-0.019232
ABCE1,0.27711
ABCF1,-0.13627
ABCF2,-0.018953
ABCF3,0.047562
ABCG1,0.075799
ABCG2,0.077938
ABCG4,0.045027
ABCG5,0.089687
ABCG8,0.065831
ABHD1,-0.11243
ABHD10,0.064906
ABHD11,0.088751
ABHD12,0.045364
ABHD12B,0.12227
ABHD13,-0.028364
ABHD14A,0.13635
ABHD14B,0.10244
ABHD15,0.035068
ABHD16A,-0.17829
ABHD16B,-0.19941
ABHD17A,-0.088794
ABHD17B,-0.087575
ABHD17C,-0.017541
ABHD2,-0.032777
ABHD3,0.068206
ABHD4,-0.14709
ABHD5,0.1379
ABHD6,0.1658
ABHD8,0.018792
ABI1,0.028006
ABI2,-0.2282
ABI3,-0.091619
ABI3BP,-0.093132
ABL1,0.091216
ABL2,0.0027388
ABLIM1,0.11527
ABLIM2,0.10152
ABLIM3,0.099749
ABO,-0.015585
ABR,0.24387
ABRA,0.072043
ABRACL,0.021493
ABT1,0.090972
ABTB1,-0.047199
ABTB2,-0.00091985
ACAA1,0.11151
ACAA2,0.22486
ACACA,-0.0099426
ACACB,0.10773
ACAD10,-0.043085
ACAD11,0.072661
ACAD8,-0.16325
ACAD9,-0.0074449
ACADL,0.052293
ACADM,-0.15476
ACADS,-0.3439
ACADSB,0.16095
ACADVL,0.13948
ACAN,-0.061895
ACAP1,-0.1018
ACAP2,-0.2005
ACAP3,-0.0081513
ACAT1,0.10771
ACAT2,0.10373
ACBD3,-0.20365
ACBD4,0.082714
ACBD5,-0.07155
ACBD6,0.081531
ACBD7,-0.024396
ACCS,-0.10118
ACCSL,-0.05401
ACD,0.20326
ACE,-0.25939
ACE2,-0.090405
ACER1,-0.078044
ACER2,0.13101
ACER3,0.25556
ACHE,0.068179
ACIN1,-0.1498
ACKR1,-0.21488
ACKR2,-0.093882
ACKR3,-0.12283
ACKR4,-0.13151
ACLY,0.0041056
ACMSD,-0.099136
ACO1,0.096674
ACO2,-0.087465
ACOD1,-0.1323
ACOT1,-0.12013
ACOT11,0.11124
ACOT12,0.085472
ACOT13,0.080878
ACOT2,-0.00024331
ACOT4,-0.079529
ACOT6,0.075488
ACOT7,-0.072205
ACOT8,-0.013559
ACOT9,-0.019972
ACOX1,-0.078395
ACOX2,-0.015629
ACOX3,-0.061906
ACOXL,0.023264
ACP1,-0.05273
ACP2,0.017608
ACP5,0.018078
ACP6,-0.15061
ACPP,0.060714
ACPT,-0.15216
ACR,0.055282
ACRBP,0.075612
ACRV1,0.013256
ACSBG1,-0.039209
ACSBG2,-0.13557
ACSF2,0.084533
ACSF3,-0.11939
ACSL1,0.054477
ACSL3,0.1275
ACSL4,0.11401
ACSL5,0.026175
ACSL6,-0.083268
ACSM1,-0.024572
ACSM2A,0.097577
ACSM2B,-0.042247
ACSM3,-0.17088
ACSM4,0.09115
ACSM5,0.073222
ACSM6,-0.15642
ACSS1,0.036915
ACSS2,0.013482
ACSS3,0.143
ACTA1,0.14594
ACTA2,-0.019843
ACTB,0.047998
ACTBL2,-0.036877
ACTC1,-0.078668
ACTG1,0.088893
ACTG2,-0.11981
ACTL10,0.055437
ACTL6A,0.83375
ACTL6B,0.14461
ACTL7A,0.2313
ACTL7B,-0.04662
ACTL8,-0.040372
ACTL9,0.0051814
ACTN1,0.055767
ACTN2,0.024725
ACTN3,-0.084444
ACTN4,0.13647
ACTR10,0.03782
ACTR1A,-0.16726
ACTR1B,0.19191
ACTR2,-0.062077
ACTR3,-0.062346
ACTR3B,0.093219
ACTR3C,-0.061092
ACTR5,-0.53868
ACTR6,-0.028735
ACTR8,-0.11467
ACTRT1,0.025032
ACTRT2,-0.01638
ACTRT3,0.049569
ACVR1,0.1348
ACVR1B,-0.21815
ACVR1C,0.04456
ACVR2A,0.037672
ACVR2B,-0.10253
ACVRL1,0.11418
ACY1,-0.035162
ACY3,-0.096198
ACYP1,-0.20526
ACYP2,0.0042137
ADA,-0.012242
ADA2,-0.045397
ADAD1,-0.032217
ADAD2,-0.071109
ADAL,-0.096678
ADAM10,-0.1404
ADAM11,0.22414
ADAM12,0.15929
ADAM15,0.061735
ADAM17,0.040389
ADAM18,-0.028411
ADAM19,-0.042352
ADAM2,0.083343
ADAM20,-0.080926
ADAM21,-0.083824
ADAM22,0.072302
ADAM23,-0.20382
ADAM28,-0.057691
ADAM29,-0.0052864
ADAM30,-0.053966
ADAM32,0.065666
ADAM33,-0.074742
ADAM7,-0.020484
ADAM8,0.047606
ADAM9,-0.16056
ADAMDEC1,-0.11431
ADAMTS1,0.070507
ADAMTS10,-0.015686
ADAMTS12,0.0071045
ADAMTS13,-0.20966
ADAMTS14,-0.15068
ADAMTS15,-0.043604
ADAMTS16,-0.21466
ADAMTS17,-0.01295
ADAMTS18,-0.02893
ADAMTS19,0.1544
ADAMTS2,-0.1533
ADAMTS20,-0.14857
ADAMTS3,-0.14866
ADAMTS4,0.10109
ADAMTS5,0.091291
ADAMTS6,-0.061443
ADAMTS7,0.072276
ADAMTS8,-0.32872
ADAMTS9,-0.11362
ADAMTSL1,0.090677
ADAMTSL2,-0.14121
ADAMTSL3,-0.10916
ADAMTSL4,-0.015985
ADAMTSL5,-0.011275
ADAP1,0.12959
ADAP2,0.095092
ADAR,0.15049
ADARB1,-0.16355
ADARB2,0.1625
ADAT1,0.085284
ADAT2,0.12325
ADCK1,0.22025
ADCK2,0.23107
ADCK5,0.054377
ADCY1,-0.1008
ADCY10,-0.016177
ADCY2,-0.24142
ADCY4,0.077465
ADCY5,-0.41359
ADCY6,0.079005
ADCY7,0.059368
ADCY8,-0.080123
ADCY9,-0.0085413
ADCYAP1,0.0066353
ADCYAP1R1,0.018719
ADD1,0.26167
ADD2,0.076602
ADD3,-0.10333
ADGB,0.13214
ADGRA1,-0.18347
ADGRA2,0.21289
ADGRA3,-0.049643
ADGRB1,-0.016333
ADGRB2,-0.090301
ADGRB3,0.19265
ADGRD1,-0.06379
ADGRD2,-0.096256
ADGRE1,-0.058239
ADGRE2,-0.25676
ADGRE3,-0.082703
ADGRE5,-0.0792
ADGRF1,-0.098079
ADGRF2,-0.064514
ADGRF3,0.033169
ADGRF4,-0.10586
ADGRF5,-0.14974
ADGRG1,-0.18925
ADGRG2,-0.13704
ADGRG3,0.049508
ADGRG4,-0.3716
ADGRG5,-0.17844
ADGRG6,-0.052552
ADGRG7,-0.12203
ADGRL1,0.03294
ADGRL2,-0.17522
ADGRL3,-0.17392
ADGRL4,-0.035615
ADGRV1,-0.11997
ADH1A,-0.027501
ADH1B,-0.063714
ADH1C,-0.082254
ADH4,0.13018
ADH5,-0.11382
ADH6,0.10784
ADH7,-0.047325
ADHFE1,-0.05151
ADI1,0.044712
ADIG,-0.12438
ADIPOQ,-0.034112
ADIPOR1,0.085635
ADIPOR2,0.080924
ADIRF,-0.0066058
ADK,-0.010814
ADM,-0.038925
ADM2,-0.064962
ADM5,-0.078841
ADNP,0.11174
ADNP2,-0.045826
ADO,0.068859
ADORA1,0.17582
ADORA2A,0.069357
ADORA2B,0.27439
ADORA3,0.035925
ADPGK,0.20978
ADPRH,-0.076189
ADPRHL1,-0.013713
ADPRHL2,0.10365
ADPRM,0.11618
ADRA1A,-0.016458
ADRA1B,0.087056
ADRA1D,-0.0076771
ADRA2A,0.058031
ADRA2B,-0.019915
ADRA2C,0.10478
ADRB1,-0.010804
ADRB2,0.029012
ADRB3,0.25701
ADRM1,-0.14429
ADSL,-0.012256
ADSS,0.73901
ADSSL1,0.070338
ADTRP,-0.13993
AEBP1,-0.1869
AEBP2,-0.212
AEN,-0.019521
AES,-0.031593
AFAP1,-0.0034615
AFAP1L1,0.19514
AFAP1L2,0.0083629
AFDN,-0.055026
AFF1,0.12436
AFF2,-0.087058
AFF3,-0.12367
AFF4,0.073643
AFG1L,-0.036131
AFG3L2,0.096311
AFM,0.033363
AFMID,-0.0075037
AFP,0.14299
AFTPH,-0.23038
AGA,-0.023473
AGAP1,0.15837
AGAP11,0.012945
AGAP2,0.17198
AGAP3,-0.08736
AGAP4,0.007029
AGAP5,-0.036359
AGAP6,0.11575
AGAP9,-0.13724
AGBL1,0.055791
AGBL2,0.034718
AGBL3,-0.043129
AGBL4,-0.043853
AGBL5,0.11344
AGER,0.048502
AGFG1,-0.00015813
AGFG2,-0.014285
AGGF1,0.034109
AGK,-0.079778
AGL,0.24415
AGMAT,-0.0062097
AGMO,-0.13475
AGO1,0.11792
AGO2,0.039262
AGO3,0.023129
AGO4,0.2392
AGPAT1,0.023527
AGPAT2,0.21036
AGPAT3,-0.09035
AGPAT4,-0.048979
AGPAT5,0.016622
AGPS,0.11728
AGR2,-0.00035321
AGR3,-0.011991
AGRN,-0.068159
AGRP,-0.028757
AGT,-0.059215
AGTPBP1,0.25283
AGTR1,0.11005
AGTR2,-0.019297
AGTRAP,0.2233
AGXT,0.26047
AGXT2,0.041147
AHCTF1,-0.16032
AHCY,0.16202
AHCYL1,0.010111
AHCYL2,-0.16085
AHDC1,-0.062794
AHI1,-0.0092405
AHNAK,-0.26017
AHNAK2,-0.072595
AHR,0.25662
AHRR,0.070574
AHSA1,-0.16547
AHSA2,-0.092151
AHSG,-0.083725
AHSP,0.049981
AICDA,-0.10369
AIDA,-0.049773
AIF1,-0.055114
AIF1L,0.033157
AIFM1,0.020666
AIFM2,0.008967
AIFM3,0.003324
AIG1,-0.14708
AIM2,0.082198
AIMP1,-0.074991
AIMP2,0.0841
AIP,-0.021423
AIPL1,-0.013824
AIRE,-0.090282
AJAP1,0.19016
AJUBA,0.063121
AK1,-0.013963
AK2,0.25972
AK3,-0.018113
AK4,-0.043705
AK5,0.097865
AK7,0.17071
AK8,0.036641
AK9,0.12932
AKAIN1,-0.1847
AKAP1,0.010691
AKAP10,0.16212
AKAP11,-0.17896
AKAP12,-0.041968
AKAP13,0.0030791
AKAP14,-0.21258
AKAP17A,0.22805
AKAP2,-0.16359
AKAP3,-0.019224
AKAP4,-0.11236
AKAP5,-0.091359
AKAP6,0.060644
AKAP7,0.061473
AKAP8,0.0041102
AKAP8L,0.010438
AKAP9,0.07051
AKIP1,-0.046419
AKIRIN1,0.079155
AKIRIN2,0.17062
AKNA,-0.12337
AKR1A1,-0.13348
AKR1B1,-0.20507
AKR1B10,-0.027294
AKR1B15,-0.071586
AKR1C1,-0.024633
AKR1C2,0.035402
AKR1C3,-0.07897
AKR1C4,0.18086
AKR1D1,-0.0070734
AKR1E2,-0.022308
AKR7A2,0.069991
AKR7A3,-0.051424
AKT1,0.04977
AKT1S1,-0.10299
AKT2,-0.03813
AKT3,0.044326
AKTIP,-0.11611
ALAD,0.18742
ALAS1,0.083917
ALAS2,0.10902
ALB,-0.066802
ALCAM,-0.077874
ALDH16A1,-0.13397
ALDH18A1,0.28011
ALDH1A1,-0.14026
ALDH1A2,-0.026196
ALDH1A3,0.0060731
ALDH1B1,-0.035965
ALDH1L1,-0.20552
ALDH1L2,-0.035125
ALDH2,0.028634
ALDH3A1,0.03517
ALDH3A2,0.083809
ALDH3B1,-0.095033
ALDH3B2,-0.0051614
ALDH4A1,-0.068637
ALDH5A1,-0.13371
ALDH6A1,0.093083
ALDH7A1,-0.012557
ALDH8A1,0.1583
ALDH9A1,0.044841
ALDOA,-0.024422
ALDOB,-0.075266
ALDOC,0.043156
ALG1,0.010421
ALG10,0.050021
ALG10B,0.037502
ALG12,-0.30051
ALG13,-0.030187
ALG14,-0.079098
ALG1L,0.14856
ALG1L2,0.20005
ALG2,0.088429
ALG3,-0.087491
ALG5,-0.15214
ALG6,-0.11393
ALG8,0.1163
ALG9,0.26124
ALK,-0.025486
ALKAL1,0.086942
ALKAL2,0.0086674
ALKBH1,-0.1412
ALKBH2,-0.12741
ALKBH3,-0.043749
ALKBH4,-0.10178
ALKBH5,0.11836
ALKBH6,-0.094965
ALKBH7,0.13623
ALKBH8,0.027411
ALLC,0.017027
ALMS1,-0.46463
ALOX12,0.027259
ALOX12B,0.036689
ALOX15,0.11419
ALOX15B,0.1257
ALOX5,-0.1341
ALOX5AP,0.063659
ALOXE3,-0.15885
ALPI,-0.0089467
ALPK1,-0.026983
ALPK2,0.21788
ALPK3,-0.017434
ALPL,0.050048
ALPP,-0.14761
ALPPL2,-0.028954
ALS2,-0.0031163
ALS2CL,0.038811
ALS2CR12,-0.20133
ALX1,-0.050264
ALX3,-0.03015
ALX4,-0.025615
ALYREF,0.19903
AMACR,0.040111
AMBN,-0.065007
AMBP,-0.1462
AMBRA1,-0.14256
AMD1,0.1332
AMDHD1,-0.25778
AMDHD2,0.10006
AMELX,-0.25237
AMELY,0.19808
AMER1,0.045106
AMER2,0.079514
AMER3,-0.16606
AMFR,-0.098256
AMH,0.064553
AMHR2,0.073919
AMIGO1,-0.24922
AMIGO2,0.21712
AMIGO3,-0.23114
AMMECR1,-0.1675
AMMECR1L,-0.0053334
AMN,0.023576
AMN1,0.07066
AMOT,-0.057053
AMOTL1,0.013951
AMOTL2,-0.0039678
AMPD1,-0.14046
AMPD2,0.13116
AMPD3,-0.22528
AMPH,0.078357
AMT,0.12656
AMTN,0.059398
AMY1A,-0.0035649
AMY1B,-0.014992
AMY1C,-0.099331
AMY2A,0.077
AMY2B,-0.090327
AMZ1,-0.067321
AMZ2,-0.086218
ANAPC1,0.23423
ANAPC10,0.16675
ANAPC11,-0.065266
ANAPC13,0.22538
ANAPC15,0.50671
ANAPC16,-0.15207
ANAPC2,0.23391
ANAPC4,0.48695
ANAPC5,0.1945
ANAPC7,-0.061899
ANG,0.088536
ANGEL1,0.0087746
ANGEL2,-0.057906
ANGPT1,0.00087047
ANGPT2,0.086919
ANGPT4,0.0019308
ANGPTL1,-0.10703
ANGPTL2,0.0079503
ANGPTL3,0.13951
ANGPTL4,-0.14383
ANGPTL5,0.09691
ANGPTL6,0.1209
ANGPTL7,0.082263
ANHX,0.013369
ANK1,0.10575
ANK2,0.092594
ANK3,0.043054
ANKAR,-0.15509
ANKDD1A,0.035027
ANKDD1B,0.087446
ANKEF1,-0.18331
ANKFN1,-0.15721
ANKFY1,0.019274
ANKH,0.072463
ANKHD1,-0.060912
ANKIB1,0.0085406
ANKK1,0.056427
ANKLE1,0.024385
ANKLE2,0.20013
ANKMY1,-0.12276
ANKMY2,-0.013302
ANKRA2,0.17846
ANKRD1,-0.0057194
ANKRD10,0.030107
ANKRD11,0.030166
ANKRD12,-0.15635
ANKRD13A,0.09275
ANKRD13B,-0.035215
ANKRD13C,-0.1993
ANKRD13D,-0.10407
ANKRD16,0.042103
ANKRD17,0.14068
ANKRD18A,0.10089
ANKRD18B,-0.10283
ANKRD2,0.068856
ANKRD20A1,0.12761
ANKRD20A2,0.15422
ANKRD20A3,-0.090349
ANKRD20A4,-0.2257
ANKRD22,0.0020982
ANKRD23,-0.0011971
ANKRD24,-0.069582
ANKRD26,0.1346
ANKRD27,0.153
ANKRD28,0.11636
ANKRD29,0.05442
ANKRD30A,0.10837
ANKRD30B,0.073582
ANKRD31,-0.054121
ANKRD33,0.0011804
ANKRD33B,-0.0068972
ANKRD34A,-0.024949
ANKRD34B,0.15734
ANKRD34C,-0.055042
ANKRD35,0.0065897
ANKRD36,-0.096301
ANKRD36B,-0.073248
ANKRD36C,-0.0063615
ANKRD37,-0.014681
ANKRD39,0.079399
ANKRD40,0.12175
ANKRD42,0.063806
ANKRD44,-0.28173
ANKRD45,-0.0023252
ANKRD46,0.020373
ANKRD49,-0.007618
ANKRD50,0.23051
ANKRD52,0.4224
ANKRD53,0.037454
ANKRD54,-0.011278
ANKRD55,-0.021146
ANKRD6,0.11292
ANKRD60,-0.14041
ANKRD61,-0.14978
ANKRD62,-0.014077
ANKRD63,0.1325
ANKRD65,-0.10664
ANKRD66,-0.1762
ANKRD7,0.0063817
ANKRD9,0.065098
ANKS1A,-0.069442
ANKS1B,0.070123
ANKS3,-0.035352
ANKS4B,-0.0017515
ANKS6,-0.021417
ANKUB1,0.036315
ANKZF1,0.030095
ANLN,-0.35516
ANO1,-0.25452
ANO10,0.082223
ANO2,0.0023875
ANO3,0.22671
ANO4,-0.10669
ANO5,0.0026295
ANO6,-0.023646
ANO7,0.17263
ANO8,0.077459
ANO9,0.035207
ANOS1,0.15054
ANP32A,-0.025052
ANP32B,-0.13115
ANP32C,0.034604
ANP32D,0.13506
ANP32E,-0.025281
ANPEP,0.0053671
ANTXR1,0.065656
ANTXR2,-0.092003
ANTXRL,0.21435
ANXA1,-0.076062
ANXA10,-0.10589
ANXA11,-0.13332
ANXA13,0.26746
ANXA2,0.066512
ANXA2R,-0.06829
ANXA3,0.096793
ANXA4,-0.22876
ANXA5,0.11906
ANXA6,0.18542
ANXA7,-0.026024
ANXA8,0.13341
ANXA8L1,-0.035474
ANXA9,0.0063111
AOAH,-0.072811
AOC1,-0.13228
AOC2,-0.020063
AOC3,0.042784
AOX1,0.13689
AP1AR,-0.18928
AP1B1,-0.00012836
AP1G1,0.11805
AP1G2,0.065869
AP1M1,-0.072324
AP1M2,-0.14951
AP1S1,-0.06329
AP1S2,0.064642
AP1S3,0.049403
AP2A1,0.24772
AP2A2,0.10295
AP2B1,-0.01744
AP2M1,0.15837
AP2S1,0.028493
AP3B1,-0.1821
AP3B2,0.030253
AP3D1,-0.054489
AP3M1,-0.14746
AP3M2,-0.1754
AP3S1,-0.093803
AP3S2,-0.0087519
AP4B1,-0.16313
AP4E1,0.020737
AP4M1,0.11186
AP4S1,0.043075
AP5B1,0.1713
AP5M1,0.1006
AP5S1,0.10088
AP5Z1,0.013486
APAF1,-0.0050708
APBA1,0.084097
APBA2,0.0033495
APBA3,-0.033681
APBB1,0.060081
APBB1IP,0.034756
APBB2,0.013681
APBB3,0.073067
APC,-0.017437
APC2,-0.0010187
APCDD1,0.27313
APCDD1L,-0.028841
APCS,-0.11686
APEH,0.038345
APELA,-0.026588
APEX1,-0.14211
APEX2,0.26193
APH1A,-0.070909
APH1B,0.092903
API5,0.10752
APIP,-0.11873
APLF,-0.13957
APLN,-0.10449
APLNR,0.028844
APLP1,-0.027924
APLP2,0.14107
APMAP,0.11918
APOA1,0.13554
APOA2,-0.034523
APOA4,-0.072854
APOA5,-0.12187
APOB,-0.10698
APOBEC1,-0.035442
APOBEC2,-0.27397
APOBEC3A,0.065262
APOBEC3B,0.15188
APOBEC3C,0.18575
APOBEC3D,-0.029524
APOBEC3F,-0.038334
APOBEC3G,-0.17483
APOBEC3H,-0.049807
APOBEC4,-0.022624
APOBR,-0.0074554
APOC1,0.047539
APOC2,0.094597
APOC3,-0.032566
APOC4,-0.0080204
APOD,0.13908
APOE,0.25523
APOF,-0.0093963
APOH,-0.09991
APOL1,-0.033535
APOL2,0.028198
APOL3,-0.074586
APOL4,-0.12479
APOL5,0.12432
APOL6,0.071129
APOLD1,0.034554
APOM,0.03014
APOO,0.12639
APOOL,-0.0096271
APOPT1,-0.084997
APP,-0.11897
APPBP2,0.042255
APPL1,0.02977
APPL2,0.1946
APRT,-0.015004
APTX,0.052481
AQP1,0.08133
AQP10,-0.080677
AQP11,0.15064
AQP12A,-0.14952
AQP12B,-0.070788
AQP2,-0.11135
AQP3,-0.51902
AQP4,0.069915
AQP5,-0.17865
AQP6,-0.17344
AQP7,0.0048126
AQP8,0.035515
AQP9,0.0241
AQR,0.19965
AR,-0.1477
ARAF,-0.013623
ARAP1,-0.025848
ARAP2,-0.0033119
ARAP3,0.030624
ARC,0.052383
ARCN1,0.14094
AREG,-0.05774
AREL1,-0.068514
ARF1,-0.044675
ARF3,-0.065807
ARF4,-0.15246
ARF5,0.18256
ARF6,0.12762
ARFGAP1,0.037063
ARFGAP2,-0.054888
ARFGAP3,0.08446
ARFGEF1,-0.040669
ARFGEF2,0.021144
ARFGEF3,0.052175
ARFIP1,-0.057801
ARFIP2,-0.11469
ARFRP1,0.28135
ARG1,-0.063127
ARG2,0.066046
ARGFX,0.090177
ARGLU1,-0.12496
ARHGAP1,-0.10219
ARHGAP10,0.14938
ARHGAP11A,-0.072382
ARHGAP12,0.24862
ARHGAP15,0.87302
ARHGAP17,0.10559
ARHGAP18,0.099355
ARHGAP19,-0.096239
ARHGAP20,-0.1929
ARHGAP21,-0.052583
ARHGAP22,-0.21694
ARHGAP23,0.051762
ARHGAP24,-0.076782
ARHGAP25,-0.16323
ARHGAP26,-0.25626
ARHGAP27,-0.0057079
ARHGAP28,-0.1956
ARHGAP29,-0.076303
ARHGAP30,0.093832
ARHGAP31,-0.055349
ARHGAP32,-0.20541
ARHGAP33,-0.048864
ARHGAP35,-0.15535
ARHGAP36,0.093365
ARHGAP39,-0.019123
ARHGAP4,0.48569
ARHGAP40,0.010896
ARHGAP42,-0.069834
ARHGAP44,-0.24694
ARHGAP45,-0.29563
ARHGAP5,-0.041829
ARHGAP6,-0.30006
ARHGAP8,-0.1819
ARHGAP9,0.12069
ARHGDIA,0.030021
ARHGDIB,0.12228
ARHGDIG,0.024732
ARHGEF1,0.31856
ARHGEF10,0.14382
ARHGEF10L,0.1371
ARHGEF11,0.086373
ARHGEF12,-0.1591
ARHGEF15,0.11591
ARHGEF16,-0.011855
ARHGEF17,-0.14627
ARHGEF18,-0.1866
ARHGEF19,-0.027959
ARHGEF2,0.039805
ARHGEF25,-0.032402
ARHGEF26,0.075234
ARHGEF28,0.076459
ARHGEF3,0.087584
ARHGEF33,-0.087884
ARHGEF35,0.21828
ARHGEF37,-0.048202
ARHGEF38,0.0089916
ARHGEF39,0.026245
ARHGEF4,0.19069
ARHGEF40,0.074836
ARHGEF5,0.055664
ARHGEF6,-0.23752
ARHGEF7,-0.1306
ARHGEF9,0.0042954
ARID1A,0.18041
ARID1B,0.18709
ARID2,0.41346
ARID3A,0.14527
ARID3B,0.16846
ARID3C,0.28548
ARID4A,0.050756
ARID4B,0.11128
ARID5A,-0.14426
ARID5B,0.018611
ARIH1,0.14951
ARIH2,0.081723
ARIH2OS,-0.16249
ARL1,0.16166
ARL10,-0.039298
ARL11,-0.15064
ARL13A,-0.12537
ARL13B,0.026708
ARL14,0.06613
ARL14EP,0.085855
ARL14EPL,0.032599
ARL15,-0.076933
ARL16,0.11917
ARL17A,-0.16597
ARL17B,-0.12956
ARL2,0.020179
ARL2BP,0.1936
ARL3,0.060597
ARL4A,0.033927
ARL4C,0.00039936
ARL4D,-0.25454
ARL5A,-0.15721
ARL5B,0.01936
ARL5C,0.13042
ARL6,0.15558
ARL6IP1,-0.0056386
ARL6IP4,-0.14042
ARL6IP5,-0.030023
ARL6IP6,0.20624
ARL8A,0.38511
ARL8B,0.038914
ARL9,0.030226
ARMC1,0.25588
ARMC10,0.017543
ARMC12,-0.11706
ARMC2,0.13525
ARMC3,0.020202
ARMC4,0.14899
ARMC5,-0.11357
ARMC6,-0.11067
ARMC7,0.10179
ARMC8,-0.054478
ARMC9,-0.077583
ARMCX1,0.00021509
ARMCX2,-0.26333
ARMCX3,0.027346
ARMCX4,-0.14063
ARMCX5,-0.05616
ARMCX5-GPRASP2,0.15548
ARMCX6,-0.0033416
ARMS2,-0.11791
ARMT1,-0.041289
ARNT,0.17131
ARNT2,0.069828
ARNTL,-0.072379
ARNTL2,0.05388
ARPC1A,0.069523
ARPC1B,-0.06192
ARPC2,-0.11606
ARPC3,0.39733
ARPC4,0.047211
ARPC5,-0.15589
ARPC5L,-0.054392
ARPIN,-0.085616
ARPP19,-0.06772
ARPP21,-0.16354
ARR3,0.038575
ARRB1,-0.34806
ARRB2,-0.034397
ARRDC1,0.1809
ARRDC2,-0.10406
ARRDC3,-0.067732
ARRDC4,-0.015964
ARRDC5,-0.075102
ARSA,0.08316
ARSB,-0.031933
ARSD,-0.15734
ARSE,-0.016629
ARSF,-0.23222
ARSG,0.025702
ARSH,-0.10508
ARSI,-0.14924
ARSJ,0.29399
ARSK,-0.098201
ART1,0.11879
ART3,0.037229
ART4,-0.08737
ART5,-0.024322
ARTN,-0.25411
ARV1,0.11153
ARVCF,0.031841
ARX,-0.098132
AS3MT,0.079523
ASAH1,0.069446
ASAH2,-0.22116
ASAH2B,-0.068604
ASAP1,0.0022555
ASAP2,0.053301
ASAP3,-0.053969
ASB1,0.094626
ASB10,0.084128
ASB11,-0.021897
ASB12,0.0049987
ASB13,-0.011632
ASB14,-0.029937
ASB15,0.075977
ASB16,-0.0517
ASB17,0.0096779
ASB18,-0.22171
ASB2,0.079179
ASB3,-0.015617
ASB4,0.07334
ASB5,-0.035471
ASB6,0.084759
ASB7,0.07897
ASB8,-0.21338
ASB9,-0.11843
ASCC1,0.053392
ASCC2,-0.10779
ASCC3,0.084655
ASCL1,0.017769
ASCL2,-0.0808
ASCL3,-0.0036357
ASCL4,0.097638
ASCL5,-0.1627
ASF1A,0.20294
ASF1B,0.12845
ASGR1,-0.010991
ASGR2,-0.042089
ASH1L,0.12262
ASH2L,0.11367
ASIC1,0.012835
ASIC2,0.35292
ASIC3,-0.13599
ASIC4,-0.049099
ASIC5,-0.20589
ASIP,-0.039238
ASL,-0.018782
ASMT,0.13235
ASMTL,0.041094
ASNA1,-0.14175
ASNS,0.13657
ASNSD1,-0.1954
ASPA,-0.21605
ASPDH,-0.084514
ASPG,0.34553
ASPH,-0.10571
ASPHD1,-0.035682
ASPHD2,-0.12054
ASPM,0.29373
ASPN,0.093868
ASPRV1,-0.11178
ASPSCR1,-0.13942
ASRGL1,0.0011124
ASS1,-0.17239
ASTE1,-0.19348
ASTL,-0.028101
ASTN1,0.09448
ASTN2,-0.13385
ASXL1,0.048866
ASXL2,-0.33359
ASXL3,-0.0046422
ASZ1,0.070827
ATAD1,-0.050652
ATAD2,0.03951
ATAD2B,0.095275
ATAD3A,-0.11524
ATAD3B,0.24904
ATAD3C,0.18483
ATAD5,0.24752
ATAT1,0.051244
ATCAY,-0.10379
ATE1,0.23487
ATF1,-0.26074
ATF2,-0.082943
ATF3,-0.1303
ATF4,-0.12575
ATF5,0.29164
ATF6,-0.080113
ATF6B,-0.046266
ATF7,-0.11604
ATF7IP,0.13366
ATF7IP2,0.15177
ATG10,0.1319
ATG101,0.50557
ATG12,0.066181
ATG13,0.22292
ATG14,0.15222
ATG16L1,-0.03119
ATG16L2,0.10095
ATG2A,0.33909
ATG2B,-0.056388
ATG3,-0.092292
ATG4A,-0.13469
ATG4B,0.25913
ATG4C,-0.010781
ATG4D,-0.042053
ATG5,0.14657
ATG7,0.045478
ATG9A,0.41673
ATG9B,0.1995
ATIC,0.069141
ATL1,0.030224
ATL2,0.10538
ATL3,0.077187
ATM,-0.021821
ATMIN,0.22333
ATN1,-0.0093127
ATOH1,-0.083997
ATOH7,-0.018314
ATOH8,-0.14145
ATOX1,-0.087803
ATP10A,0.047469
ATP10B,-0.07034
ATP10D,0.055218
ATP11A,-0.06992
ATP11AUN,-0.020776
ATP11B,0.022431
ATP11C,0.12223
ATP12A,0.058318
ATP13A1,0.10302
ATP13A2,-0.069255
ATP13A3,0.051809
ATP13A4,0.046458
ATP13A5,0.10654
ATP1A1,0.63221
ATP1A2,-0.2031
ATP1A3,0.018038
ATP1A4,0.1476
ATP1B1,-0.028425
ATP1B2,0.21514
ATP1B3,0.47274
ATP1B4,0.10992
ATP2A1,0.00068349
ATP2A2,-0.013638
ATP2A3,0.11809
ATP2B1,0.26212
ATP2B2,0.017489
ATP2B3,-0.02986
ATP2B4,0.20813
ATP2C1,-0.022511
ATP2C2,0.0653
ATP4A,-0.012429
ATP4B,0.16035
ATP5A1,0.12153
ATP5B,-0.021008
ATP5C1,0.039093
ATP5D,0.17498
ATP5E,0.12898
ATP5F1,0.11598
ATP5G1,-0.014799
ATP5G2,0.063271
ATP5G3,-0.071837
ATP5H,0.1068
ATP5I,0.0017193
ATP5J,-0.024253
ATP5J2,0.11385
ATP5L,0.00049705
ATP5L2,-0.070971
ATP5O,0.0008333
ATP5S,-0.10134
ATP5SL,-0.16316
ATP6AP1,0.27823
ATP6AP1L,0.051941
ATP6AP2,-0.046065
ATP6V0A1,-0.16402
ATP6V0A2,0.087722
ATP6V0A4,-0.011427
ATP6V0B,0.061053
ATP6V0C,0.062846
ATP6V0D1,-0.015004
ATP6V0D2,-0.060509
ATP6V0E1,0.0033909
ATP6V0E2,-0.092533
ATP6V1A,-0.068053
ATP6V1B1,-0.081736
ATP6V1B2,0.19772
ATP6V1C1,-0.052995
ATP6V1C2,-0.067754
ATP6V1D,-0.031837
ATP6V1E1,-0.012044
ATP6V1E2,-0.72338
ATP6V1F,0.031493
ATP6V1G1,0.088523
ATP6V1G2,-0.067329
ATP6V1G3,-0.118
ATP6V1H,0.0091435
ATP7A,-0.050334
ATP7B,0.12756
ATP8A1,-0.0011898
ATP8A2,0.15144
ATP8B1,-0.058248
ATP8B2,0.053055
ATP8B3,-0.1598
ATP8B4,-0.017006
ATP9A,-0.066905
ATP9B,0.093204
ATPAF1,0.069174
ATPAF2,0.022188
ATPIF1,-0.13008
ATR,-0.0062892
ATRAID,-0.098766
ATRIP,-0.00020618
ATRN,-0.00013497
ATRNL1,0.10082
ATRX,0.17867
ATXN1,-0.079475
ATXN10,-0.060744
ATXN1L,-0.13657
ATXN2,-0.0038759
ATXN2L,0.0059924
ATXN3,-0.12495
ATXN3L,-0.11104
ATXN7,-0.12777
ATXN7L1,-0.035832
ATXN7L2,-0.16637
ATXN7L3,-0.23553
ATXN7L3B,0.25175
AUH,-0.12904
AUNIP,0.54693
AUP1,0.03429
AURKA,0.16864
AURKAIP1,-0.092829
AURKB,0.17232
AURKC,-0.10928
AUTS2,-0.087269
AVEN,-0.057673
AVIL,-0.027506
AVL9,-0.074562
AVP,-0.2607
AVPI1,0.15988
AVPR1A,-0.10874
AVPR1B,-0.072879
AVPR2,-0.21831
AWAT1,-0.17269
AWAT2,-0.20968
AXDND1,-0.045743
AXIN1,0.076146
AXIN2,-0.26523
AXL,-0.10493
AZGP1,-0.11387
AZI2,0.13678
AZIN1,0.083275
AZIN2,0.044603
AZU1,-0.071254
B2M,0.080043
B3GALNT1,-0.036968
B3GALNT2,0.15408
B3GALT1,-0.12712
B3GALT2,0.11965
B3GALT4,0.040132
B3GALT5,-0.087226
B3GALT6,-0.015551
B3GAT1,0.080181
B3GAT2,-0.066352
B3GAT3,-0.083348
B3GLCT,0.074512
B3GNT2,0.047681
B3GNT3,-0.2558
B3GNT4,0.10032
B3GNT5,0.095846
B3GNT6,0.047247
B3GNT7,0.11167
B3GNT8,-0.10986
B3GNT9,-0.032585
B3GNTL1,0.056065
B4GALNT1,-0.098961
B4GALNT2,0.077952
B4GALNT3,0.006753
B4GALNT4,-0.02826
B4GALT1,-0.0013274
B4GALT2,0.049618
B4GALT3,0.025186
B4GALT4,0.10776
B4GALT5,0.14387
B4GALT6,-0.11599
B4GALT7,-0.034189
B4GAT1,0.0025077
B9D1,0.14472
B9D2,0.025061
BAALC,0.39281
BAAT,-0.032544
BABAM1,-0.024479
BABAM2,-0.023837
BACE1,-0.096138
BACE2,0.098343
BACH1,-0.16327
BACH2,-0.011968
BAD,0.04755
BAG1,-0.055406
BAG2,-0.062903
BAG3,0.16422
BAG4,-0.0056684
BAG5,-0.15303
BAG6,-0.44076
BAGE,0.082044
BAGE2,0.26241
BAHCC1,-0.29835
BAHD1,0.24793
BAIAP2,0.0064086
BAIAP2L1,0.10835
BAIAP2L2,0.025239
BAIAP3,-0.020134
BAK1,-0.15098
BAMBI,0.098252
BANF1,0.26762
BANF2,-0.18523
BANK1,-0.1877
BANP,-0.14328
BAP1,0.14313
BARD1,0.036534
BARHL1,-0.026312
BARHL2,-0.27071
BARX1,0.082774
BARX2,0.0063854
BASP1,-0.13967
BATF,0.42521
BATF2,-0.0053846
BATF3,0.17327
BAX,-0.072145
BAZ1A,0.045041
BAZ1B,-0.20645
BAZ2A,0.021129
BAZ2B,-0.068601
BBC3,0.072291
BBIP1,0.02549
BBOX1,0.040068
BBS1,-0.0029542
BBS10,-0.13383
BBS12,-0.17415
BBS2,-0.15366
BBS4,-0.15228
BBS5,-0.046678
BBS7,-0.089957
BBS9,-0.067444
BBX,0.013935
BCAM,-0.014879
BCAN,0.15259
BCAP29,0.051055
BCAP31,0.0062327
BCAR1,-0.080616
BCAR3,-0.030085
BCAS1,-0.0035607
BCAS2,0.56641
BCAS3,0.31132
BCAS4,-0.14382
BCAT1,-0.067532
BCAT2,-0.0060126
BCCIP,0.24842
BCDIN3D,-0.054722
BCHE,0.069945
BCKDHA,0.094521
BCKDHB,0.1441
BCKDK,-0.019329
BCL10,-0.47398
BCL11A,-0.077921
BCL11B,-0.40342
BCL2,0.21396
BCL2A1,0.11637
BCL2L1,-0.13241
BCL2L10,0.13991
BCL2L11,-0.033746
BCL2L12,0.070411
BCL2L13,-0.088612
BCL2L14,-0.044904
BCL2L15,-0.20956
BCL2L2,-0.15923
BCL3,0.21755
BCL6,-0.048463
BCL6B,-0.15115
BCL7A,0.11992
BCL7B,0.096632
BCL7C,0.18123
BCL9,0.10805
BCL9L,-0.19086
BCLAF1,-0.07096
BCO1,0.040052
BCO2,-0.2215
BCOR,-0.045284
BCORL1,0.070658
BCR,0.10009
BCS1L,-0.087349
BDH1,-0.019324
BDH2,0.046788
BDKRB1,0.019859
BDKRB2,-0.017127
BDNF,-0.070054
BDP1,0.13
BEAN1,-0.035293
BECN1,0.53869
BECN2,0.051172
BEGAIN,0.37792
BEND2,-0.60901
BEND3,-0.052874
BEND4,-0.08579
BEND5,0.0074769
BEND6,0.051703
BEND7,-0.16893
BEST1,-0.17696
BEST2,-0.061105
BEST3,-0.019216
BEST4,-0.068256
BET1,0.20345
BET1L,-0.11065
BEX1,-0.023989
BEX2,-0.14274
BEX4,-0.071617
BEX5,-0.016077
BFAR,0.15287
BFSP1,-0.018798
BFSP2,-0.036373
BGLAP,0.12698
BGN,-0.096521
BHLHA15,0.14889
BHLHA9,0.11375
BHLHB9,-0.029776
BHLHE22,0.11171
BHLHE23,-0.1642
BHLHE40,0.19709
BHLHE41,0.098901
BHMG1,-0.17289
BHMT,-0.10689
BHMT2,0.059387
BICC1,0.024422
BICD1,-0.2098
BICD2,-0.047103
BICDL1,0.079299
BICDL2,-0.046571
BICRA,0.078347
BICRAL,-0.12328
BID,0.14308
BIK,0.011656
BIN1,-0.26895
BIN2,-0.036423
BIN3,-0.10251
BIRC2,0.027505
BIRC3,-0.0086844
BIRC5,0.29587
BIRC6,0.248
BIRC7,0.16891
BIRC8,-0.012732
BIVM,-0.12155
BIVM-ERCC5,0.088727
BLCAP,0.0070194
BLID,-0.084489
BLK,-0.081472
BLM,0.029905
BLMH,0.04413
BLNK,0.080141
BLOC1S1,-0.12475
BLOC1S2,0.022666
BLOC1S3,-0.0074553
BLOC1S4,-0.11356
BLOC1S5,0.25944
BLOC1S6,0.025749
BLVRA,0.10557
BLVRB,0.0049417
BLZF1,-0.055223
BMF,0.20447
BMI1,-0.048268
BMP1,0.017483
BMP10,-0.093524
BMP15,-0.056155
BMP2,0.025022
BMP2K,0.027861
BMP3,-0.043738
BMP4,-0.14521
BMP5,-0.052984
BMP6,-0.12842
BMP7,0.14934
BMP8A,0.08596
BMP8B,0.055612
BMPER,-0.0104
BMPR1A,0.30717
BMPR1B,0.1112
BMPR2,-0.16713
BMS1,0.5599
BMT2,-0.0064181
BMX,0.14617
BNC1,-0.024887
BNC2,-0.052109
BNIP1,0.25853
BNIP2,0.083677
BNIP3,-0.0060855
BNIP3L,-0.16867
BNIPL,-0.1271
BOC,-0.099473
BOD1,-0.050737
BOD1L1,0.36527
BOD1L2,-0.024455
BOK,0.082066
BOLA1,-0.00089316
BOLA2,-0.035689
BOLA2B,0.11942
BOLA3,0.013182
BOLL,-0.012697
BOP1,0.50964
BORA,0.52309
BORCS8,-0.049969
BORCS8-MEF2B,-0.1067
BPGM,0.076229
BPHL,-0.093262
BPI,-0.025393
BPIFA1,-0.072928
BPIFA2,-0.10182
BPIFA3,0.013057
BPIFB1,0.11527
BPIFB2,-0.09537
BPIFB3,-0.05811
BPIFB4,-0.28335
BPIFB6,0.05534
BPIFC,-0.1335
BPNT1,-0.17568
BPTF,-0.14547
BPY2,0.04247
BRAF,-0.23471
BRAP,0.1097
BRAT1,0.0051866
BRCA1,0.24001
BRCA2,-0.028186
BRCC3,0.13853
BRD1,0.061549
BRD2,0.029288
BRD3,0.080466
BRD4,0.27791
BRD7,-0.012196
BRD8,0.26676
BRD9,0.21263
BRDT,0.044515
BRF1,-0.14445
BRF2,0.02273
BRI3,0.46515
BRI3BP,-0.17823
BRICD5,0.023467
BRINP1,-0.013944
BRINP2,0.10402
BRINP3,-0.18962
BRIP1,0.041232
BRIX1,0.15516
BRK1,0.080216
BRMS1,0.33038
BRMS1L,-0.18291
BROX,-0.088486
BRPF1,-0.27865
BRPF3,-0.035772
BRS3,-0.064932
BRSK1,-0.083477
BRSK2,-0.15893
BRWD1,-0.44706
BRWD3,-0.2053
BSCL2,-0.022578
BSDC1,-0.16536
BSG,0.17436
BSN,0.048197
BSND,-0.13254
BSPH1,-0.027673
BSPRY,0.29102
BST1,0.057954
BST2,0.026004
BSX,0.098588
BTAF1,-0.23622
BTBD1,-0.12905
BTBD10,-0.11053
BTBD11,0.17658
BTBD16,-0.15233
BTBD17,0.0054741
BTBD18,0.073275
BTBD19,0.083347
BTBD2,-0.13776
BTBD3,0.12787
BTBD6,-0.15057
BTBD7,-0.19862
BTBD8,0.075657
BTBD9,0.14277
BTC,0.013442
BTD,-0.1237
BTF3,0.10258
BTF3L4,0.0076151
BTG1,0.0026577
BTG2,0.029358
BTG3,0.019716
BTG4,-0.13005
BTK,0.10307
BTLA,-0.050402
BTN1A1,-0.014198
BTN2A1,0.025255
BTN2A2,-0.023186
BTN3A1,0.0032588
BTN3A2,-0.046434
BTN3A3,-0.033256
BTNL10,0.017297
BTNL2,-0.059869
BTNL3,0.082509
BTNL8,0.0093045
BTNL9,-0.20634
BTRC,-0.24169
BUB1,0.099761
BUB1B,-0.024112
BUB3,0.48196
BUD13,0.039356
BUD23,0.24384
BUD31,0.084754
BVES,-0.16453
BYSL,0.04345
BZW1,-0.1456
BZW2,-0.096639
C10orf10,-0.11183
C10orf105,0.084649
C10orf107,0.076421
C10orf111,-0.029118
C10orf113,-0.074404
C10orf12,0.093601
C10orf120,0.07782
C10orf126,0.040813
C10orf128,-0.026122
C10orf131,-0.09294
C10orf142,0.31579
C10orf25,-0.046918
C10orf35,-0.04819
C10orf53,-0.038447
C10orf55,-0.11655
C10orf62,-0.20646
C10orf67,-0.16642
C10orf71,0.1394
C10orf76,0.1306
C10orf82,0.17092
C10orf88,0.033719
C10orf90,-0.0509
C10orf91,-0.15421
C10orf95,-0.07007
C10orf99,0.023254
C11orf1,0.019186
C11orf16,-0.072414
C11orf21,-0.003385
C11orf24,0.084663
C11orf40,-0.13868
C11orf42,-0.16085
C11orf44,-0.01697
C11orf45,-0.038895
C11orf49,-0.0013976
C11orf52,-0.018342
C11orf53,0.12237
C11orf54,0.22711
C11orf57,0.018023
C11orf58,0.0673
C11orf63,0.086621
C11orf65,-0.13821
C11orf68,-0.12846
C11orf70,0.11936
C11orf71,-0.20589
C11orf74,-0.14684
C11orf80,-0.15696
C11orf84,-0.060442
C11orf86,-0.1723
C11orf87,0.11365
C11orf88,0.020914
C11orf91,-0.086353
C11orf94,-0.043357
C11orf95,0.21253
C11orf96,0.12185
C11orf97,0.0724
C11orf98,0.15363
C12orf10,0.018644
C12orf29,0.019761
C12orf4,0.31237
C12orf40,0.055528
C12orf42,-0.1366
C12orf43,-0.022404
C12orf45,-0.0096718
C12orf49,0.16681
C12orf50,0.039255
C12orf54,0.24613
C12orf56,-0.029101
C12orf57,0.082214
C12orf60,0.18356
C12orf65,-0.17194
C12orf66,0.4115
C12orf71,-0.023521
C12orf73,0.070006
C12orf74,-0.031988
C12orf75,-0.12985
C12orf76,0.10322
C12orf77,0.044463
C12orf80,0.013292
C14orf1,-0.03215
C14orf105,0.14897
C14orf119,-0.049903
C14orf132,-0.00087312
C14orf159,0.067039
C14orf166,-0.17714
C14orf177,0.21217
C14orf178,-0.046088
C14orf180,0.0011139
C14orf2,-0.11477
C14orf28,-0.065394
C14orf37,0.14899
C14orf39,0.019937
C14orf79,0.21543
C14orf80,-0.14519
C14orf93,-0.25243
C15orf32,0.11332
C15orf38-AP3S2,-0.062113
C15orf39,-0.13525
C15orf40,-0.084842
C15orf41,0.41507
C15orf48,0.11878
C15orf52,-0.0050157
C15orf53,-0.019728
C15orf54,-0.31883
C15orf56,0.1662
C15orf57,0.044398
C15orf59,0.016269
C15orf61,0.44174
C15orf62,-0.056443
C15orf65,0.090659
C16orf45,0.13434
C16orf46,-0.032541
C16orf47,0.014872
C16orf52,-0.19484
C16orf54,-0.079691
C16orf58,0.043404
C16orf59,0.14007
C16orf62,0.23543
C16orf70,0.34605
C16orf71,0.053799
C16orf72,-0.041104
C16orf74,-0.27672
C16orf78,-0.036361
C16orf82,-0.15204
C16orf86,-0.11525
C16orf87,-0.16601
C16orf89,-0.019905
C16orf90,-0.32739
C16orf91,0.078119
C16orf92,0.05828
C16orf95,-0.14181
C16orf96,0.16724
C16orf97,-0.23357
C17orf100,0.049855
C17orf102,-0.12845
C17orf105,-0.12492
C17orf107,-0.0044439
C17orf112,-0.16913
C17orf47,0.086134
C17orf49,0.10997
C17orf50,-0.076081
C17orf51,0.12789
C17orf53,0.12673
C17orf58,0.14855
C17orf62,-0.023605
C17orf64,0.094547
C17orf67,-0.0018348
C17orf74,-0.055088
C17orf75,0.079291
C17orf77,-0.080544
C17orf78,0.13327
C17orf80,0.035435
C17orf82,0.024486
C17orf97,-0.093412
C17orf98,0.11374
C17orf99,0.15666
C18orf21,0.22133
C18orf25,-0.24194
C18orf32,-0.13918
C18orf54,-0.004335
C18orf63,-0.0056783
C18orf65,-0.15548
C18orf8,-0.14981
C19orf12,0.13544
C19orf18,-0.062524
C19orf24,-0.15474
C19orf25,0.223
C19orf33,-0.038313
C19orf35,-0.019624
C19orf38,-0.11648
C19orf43,0.11759
C19orf44,0.15547
C19orf47,0.13516
C19orf48,-0.081076
C19orf53,-0.055358
C19orf54,0.076547
C19orf57,0.08848
C19orf60,0.01064
C19orf66,-0.063459
C19orf67,0.073876
C19orf68,0.13588
C19orf70,0.38577
C19orf71,0.1333
C19orf73,0.08999
C19orf81,-0.050639
C19orf84,-0.0037152
C1D,0.085865
C1GALT1,0.0093156
C1GALT1C1,-0.054895
C1GALT1C1L,0.25161
C1QA,-0.066052
C1QB,-0.055871
C1QBP,0.016051
C1QC,-0.21502
C1QL1,0.10732
C1QL2,-0.10593
C1QL3,0.035056
C1QL4,-0.097605
C1QTNF1,-0.016623
C1QTNF12,0.041342
C1QTNF2,0.12148
C1QTNF3,0.076224
C1QTNF4,-0.038689
C1QTNF5,0.16277
C1QTNF6,0.12693
C1QTNF7,-0.085624
C1QTNF8,-0.13613
C1QTNF9,-0.038955
C1QTNF9B,-0.0093955
C1R,-0.03827
C1RL,-0.099884
C1S,0.072766
C1orf100,-0.1148
C1orf105,-0.076148
C1orf106,-0.049539
C1orf109,-0.003001
C1orf112,0.017429
C1orf115,-0.11322
C1orf116,0.068942
C1orf122,0.14016
C1orf123,0.07639
C1orf127,-0.14225
C1orf131,0.12026
C1orf137,-0.22429
C1orf141,0.14986
C1orf146,0.16332
C1orf158,0.097043
C1orf159,-0.021539
C1orf162,0.13052
C1orf167,-0.01592
C1orf168,0.037614
C1orf174,-0.30274
C1orf185,-0.049564
C1orf186,-0.10008
C1orf189,-0.18494
C1orf194,0.061939
C1orf195,0.10638
C1orf198,0.0024761
C1orf204,0.19916
C1orf21,0.091894
C1orf210,0.07989
C1orf216,-0.066122
C1orf226,-0.05285
C1orf228,-0.11772
C1orf229,-0.18077
C1orf27,0.0047887
C1orf35,0.097024
C1orf43,-0.12733
C1orf50,-0.030099
C1orf52,-0.062714
C1orf53,0.13969
C1orf54,-0.067826
C1orf56,0.058274
C1orf61,0.063674
C1orf64,-0.057829
C1orf68,0.098077
C1orf74,0.13146
C1orf87,0.0037475
C1orf94,0.1498
C2,-0.10836
C20orf141,-0.17758
C20orf144,0.16321
C20orf173,-0.026422
C20orf194,-0.0024011
C20orf196,0.066567
C20orf197,0.094227
C20orf202,-0.2542
C20orf203,0.082361
C20orf24,-0.027283
C20orf27,0.050526
C20orf78,0.1442
C20orf85,0.055464
C20orf96,0.10988
C21orf140,0.053805
C21orf2,0.022679
C21orf33,0.055568
C21orf58,0.044428
C21orf59,0.046914
C21orf62,0.0093283
C21orf91,0.10603
C22orf15,-0.01617
C22orf23,0.031105
C22orf24,-0.049897
C22orf29,-0.31412
C22orf31,-0.070135
C22orf34,-0.031086
C22orf42,0.023644
C22orf46,-0.20624
C2CD2,-0.048761
C2CD2L,0.26481
C2CD3,0.14341
C2CD4A,-0.16849
C2CD4B,-0.034215
C2CD4C,-0.052403
C2CD4D,-0.10875
C2CD5,0.090625
C2CD6,0.029571
C2orf15,-0.093811
C2orf16,-0.065573
C2orf27A,-0.056828
C2orf27B,-0.00399
C2orf40,-0.015238
C2orf48,-0.13193
C2orf49,0.10054
C2orf50,0.11303
C2orf54,-0.191
C2orf66,-0.10318
C2orf68,0.060839
C2orf69,-0.18166
C2orf70,0.0033087
C2orf71,-0.18839
C2orf72,0.020014
C2orf73,-0.17069
C2orf74,0.031499
C2orf76,-0.25528
C2orf78,0.057669
C2orf80,0.15135
C2orf81,0.012889
C2orf82,-0.042011
C2orf83,-0.10796
C2orf88,0.16789
C2orf91,-0.050012
C3,-0.055426
C3AR1,-0.12855
C3orf14,0.032015
C3orf18,-0.13934
C3orf20,0.011643
C3orf22,0.10471
C3orf30,0.28738
C3orf33,-0.029054
C3orf35,0.0010497
C3orf36,-0.17073
C3orf38,-0.088513
C3orf52,0.039258
C3orf56,0.030418
C3orf58,-0.13167
C3orf62,-0.024909
C3orf67,-0.075207
C3orf70,-0.12733
C3orf79,-0.13283
C3orf80,-0.18054
C3orf84,-0.14131
C4A,-0.041024
C4BPA,-0.033656
C4BPB,-0.087093
C4orf17,-0.16084
C4orf19,-0.097069
C4orf22,-0.138
C4orf26,-0.01246
C4orf3,-0.10865
C4orf32,0.11593
C4orf33,-0.24117
C4orf36,-0.099384
C4orf45,-0.26619
C4orf46,-0.027837
C4orf47,0.10151
C4orf48,0.13936
C4orf50,-0.22605
C4orf51,-0.041195
C5,-0.12997
C5AR1,0.14622
C5AR2,-0.062681
C5orf15,0.11818
C5orf22,0.066317
C5orf24,0.17329
C5orf30,0.228
C5orf34,-0.10802
C5orf38,-0.054765
C5orf42,-0.0090658
C5orf46,-0.13024
C5orf47,0.26397
C5orf49,0.027398
C5orf51,-0.040973
C5orf52,0.10386
C5orf58,-0.1149
C5orf63,0.024485
C5orf64,-0.069151
C5orf66,0.046591
C5orf67,0.27833
C6,-0.34328
C6orf10,0.0043576
C6orf106,0.1837
C6orf118,-0.21638
C6orf120,-0.041062
C6orf132,-0.017814
C6orf136,0.063012
C6orf141,-0.025242
C6orf15,0.045822
C6orf163,-0.11501
C6orf201,0.0082822
C6orf203,-0.018317
C6orf222,0.039382
C6orf223,-0.05782
C6orf226,-0.14267
C6orf229,-0.1393
C6orf47,-0.017325
C6orf48,-0.014579
C6orf52,0.0072512
C6orf58,0.12561
C6orf62,0.18975
C6orf89,-0.12172
C6orf99,0.047502
C7,0.1532
C7orf25,-0.11408
C7orf26,0.037086
C7orf31,0.055592
C7orf33,0.027974
C7orf34,0.073976
C7orf43,0.033966
C7orf49,-0.12197
C7orf50,0.083252
C7orf55-LUC7L2,-0.078468
C7orf57,0.00072619
C7orf61,0.086257
C7orf65,0.097209
C7orf66,-0.38965
C7orf69,0.0044453
C7orf71,0.10225
C7orf72,-0.001504
C7orf73,0.051254
C7orf76,0.093711
C7orf77,0.0010055
C8A,0.036435
C8B,0.1251
C8G,0.01995
C8orf22,-0.055304
C8orf31,0.11464
C8orf33,-0.0081476
C8orf34,0.063534
C8orf37,0.018323
C8orf4,0.073608
C8orf44,0.015084
C8orf46,0.058886
C8orf48,0.04209
C8orf58,0.014918
C8orf59,0.1596
C8orf74,0.0070749
C8orf76,0.032885
C8orf82,0.080513
C8orf86,-0.11261
C8orf87,-0.016796
C8orf88,0.0095406
C8orf89,-0.15846
C9,-0.07877
C9orf106,-0.12554
C9orf116,0.14287
C9orf129,-0.053692
C9orf131,-0.12031
C9orf135,0.11235
C9orf139,-0.0032932
C9orf142,-0.15541
C9orf152,0.23363
C9orf153,0.0075468
C9orf16,0.13635
C9orf163,0.022422
C9orf170,0.078233
C9orf172,0.069443
C9orf24,-0.30024
C9orf3,0.067726
C9orf40,-0.089527
C9orf43,0.033188
C9orf47,0.089318
C9orf50,0.060073
C9orf57,0.00010013
C9orf62,0.061272
C9orf64,0.12073
C9orf66,-0.058966
C9orf72,0.075602
C9orf78,0.068802
C9orf84,0.076017
C9orf85,-0.029112
C9orf92,-0.0539
CA1,-0.20014
CA10,0.096083
CA11,-0.042059
CA12,0.058113
CA13,0.14359
CA14,0.16641
CA2,-0.004398
CA3,0.13733
CA4,-0.088595
CA5A,0.12589
CA5B,-0.27591
CA6,-0.080871
CA7,0.017302
CA8,-0.032322
CA9,0.21753
CAAP1,-0.04239
CAB39,0.092023
CAB39L,-0.024865
CABIN1,-0.15592
CABLES1,0.010021
CABLES2,0.33962
CABP1,0.040756
CABP2,0.13464
CABP4,-0.075142
CABP5,-0.028809
CABP7,-0.209
CABS1,-0.046507
CABYR,0.15859
CACFD1,0.074154
CACHD1,0.006808
CACNA1A,0.2551
CACNA1B,0.03956
CACNA1C,0.099557
CACNA1D,0.071356
CACNA1E,-0.1273
CACNA1F,-0.21627
CACNA1G,-0.10539
CACNA1H,0.013005
CACNA1I,-0.0391
CACNA1S,-0.039061
CACNA2D1,-0.20483
CACNA2D2,-0.11793
CACNA2D3,0.22803
CACNA2D4,0.026407
CACNB1,0.13188
CACNB2,0.081672
CACNB3,-0.098632
CACNB4,0.0313
CACNG1,0.12172
CACNG2,-0.24266
CACNG3,0.099854
CACNG4,0.0066327
CACNG5,0.043468
CACNG6,-0.16872
CACNG7,-0.1472
CACNG8,0.038277
CACTIN,0.14776
CACUL1,-0.20564
CACYBP,0.13996
CAD,1.0362
CADM1,0.064377
CADM2,-0.081387
CADM3,0.017075
CADM4,0.046051
CADPS,0.004265
CADPS2,-0.033831
CAGE1,0.063917
CALB1,0.0066973
CALB2,-0.036308
CALCA,-0.086281
CALCB,-0.12373
CALCOCO1,-0.29231
CALCOCO2,-0.0080875
CALCR,0.0283
CALCRL,-0.16912
CALD1,0.30271
CALHM1,0.17858
CALHM2,0.017455
CALHM3,0.1405
CALM1,-0.11241
CALM2,-0.14713
CALM3,0.16254
CALML3,-0.0051378
CALML4,-0.09686
CALML5,-0.01021
CALML6,-0.020354
CALN1,-0.12037
CALR,0.052265
CALR3,-0.0060765
CALU,-0.14609
CALY,0.12159
CAMK1,0.052758
CAMK1D,0.011327
CAMK1G,0.098121
CAMK2A,-0.15197
CAMK2B,0.0040487
CAMK2D,-0.22553
CAMK2G,0.049109
CAMK2N1,0.086
CAMK2N2,0.11332
CAMK4,0.44835
CAMKK1,0.10213
CAMKK2,0.24287
CAMKMT,0.061798
CAMKV,-0.084374
CAMLG,-0.0052692
CAMP,0.1142
CAMSAP1,0.18805
CAMSAP2,0.15073
CAMSAP3,-0.022828
CAMTA1,0.085847
CAMTA2,-0.10365
CAND1,0.050395
CAND2,-0.042935
CANT1,0.087036
CANX,0.078342
CAP1,0.43024
CAP2,-0.15905
CAPG,0.047829
CAPN1,-0.14558
CAPN10,-0.064876
CAPN11,0.029353
CAPN12,0.01797
CAPN13,0.12771
CAPN14,-0.098423
CAPN15,0.08777
CAPN2,-0.0063839
CAPN3,0.047437
CAPN5,0.18752
CAPN6,-0.12684
CAPN7,-0.016672
CAPN8,0.045895
CAPN9,0.068602
CAPNS1,-0.22028
CAPNS2,-0.11409
CAPRIN1,0.20661
CAPRIN2,0.10962
CAPS,4.2632e-05
CAPS2,-0.021621
CAPSL,-0.10737
CAPZA1,-0.17333
CAPZA2,-0.026073
CAPZA3,-0.12937
CAPZB,-0.085216
CARD10,-0.063653
CARD11,-0.46511
CARD14,-0.11057
CARD16,-0.066025
CARD17,0.056272
CARD18,0.031373
CARD6,0.06079
CARD8,0.082416
CARD9,0.014675
CARF,-0.058268
CARHSP1,0.09411
CARM1,-0.089034
CARMIL1,-0.017167
CARMIL2,-0.1576
CARMIL3,-0.009723
CARNS1,0.029775
CARS,0.26746
CARS2,0.14492
CARTPT,-0.27188
CASC1,-0.079094
CASC10,0.16594
CASC3,0.015503
CASC4,-0.16496
CASD1,-0.050123
CASK,-0.12005
CASKIN1,-0.076304
CASKIN2,-0.048092
CASP1,-0.020073
CASP10,-0.0082064
CASP12,0.037877
CASP14,-0.073276
CASP2,0.018465
CASP3,-0.15368
CASP4,-0.33481
CASP5,-0.045945
CASP6,0.22292
CASP7,-0.14606
CASP8,-0.29492
CASP8AP2,0.2959
CASP9,-0.0031038
CASQ1,-0.037421
CASQ2,-0.13219
CASR,-0.29174
CASS4,0.1937
CAST,-0.00043353
CASTOR1,-0.19263
CASTOR2,-0.10144
CASZ1,-0.1333
CAT,0.11937
CATIP,-0.044223
CATSPER1,-0.18712
CATSPER2,0.0394
CATSPER3,-0.024022
CATSPER4,-0.21778
CATSPERB,-0.065418
CATSPERD,-0.074789
CATSPERE,-0.13947
CATSPERG,-0.088272
CATSPERZ,-0.098557
CAV1,0.099622
CAV2,-0.04301
CAV3,0.062566
CAVIN1,-0.07357
CAVIN2,-0.23284
CAVIN3,0.017273
CAVIN4,-0.30268
CBFA2T2,-0.16784
CBFA2T3,0.21838
CBFB,0.63907
CBL,-0.08185
CBLB,1.2045
CBLC,-0.085967
CBLL1,0.34504
CBLN1,-0.097163
CBLN2,0.039316
CBLN3,-0.15206
CBLN4,0.22517
CBR1,-0.076882
CBR3,0.13679
CBR4,0.10315
CBS,-0.14253
CBWD1,-0.068044
CBWD2,0.096061
CBWD3,0.12097
CBWD5,0.20517
CBWD7,0.28882
CBX1,0.007297
CBX2,0.073274
CBX3,0.23743
CBX4,-0.12464
CBX5,0.0038629
CBX6,0.081579
CBX7,0.05228
CBX8,-0.095704
CBY1,-0.11627
CBY3,-0.081994
CC2D1A,0.05846
CC2D1B,0.25291
CC2D2A,-0.08734
CC2D2B,-0.015255
CCAR1,0.20705
CCAR2,0.14736
CCBE1,0.16573
CCDC102A,-0.1765
CCDC102B,-0.14813
CCDC103,-0.10522
CCDC105,0.028777
CCDC106,-0.071728
CCDC107,-0.041815
CCDC110,0.135
CCDC112,-0.10996
CCDC113,-0.21628
CCDC114,-0.042489
CCDC115,-0.077596
CCDC116,-0.1485
CCDC117,0.057578
CCDC12,0.042421
CCDC120,-0.1658
CCDC121,0.18968
CCDC122,-0.084789
CCDC124,0.026094
CCDC125,0.06184
CCDC126,0.089748
CCDC127,-0.089179
CCDC129,-0.025392
CCDC13,0.21084
CCDC130,0.035017
CCDC134,0.040482
CCDC136,-0.225
CCDC137,0.033186
CCDC138,-0.10051
CCDC14,-0.05494
CCDC140,-0.16133
CCDC141,-0.016731
CCDC142,-0.11455
CCDC144A,0.1416
CCDC144NL,0.048357
CCDC146,-0.0084213
CCDC148,-0.15441
CCDC149,0.0096981
CCDC15,-0.016091
CCDC150,0.001825
CCDC151,-0.31333
CCDC152,0.038177
CCDC153,0.21507
CCDC154,0.099971
CCDC155,-0.16703
CCDC157,-0.0021785
CCDC158,-0.077837
CCDC159,-0.10396
CCDC160,0.068422
CCDC166,-0.152
CCDC167,-0.095272
CCDC168,0.17675
CCDC169,0.079175
CCDC17,0.019099
CCDC170,-0.2617
CCDC171,-0.032245
CCDC172,-0.10551
CCDC173,0.2049
CCDC174,0.34425
CCDC175,0.10326
CCDC177,-0.06443
CCDC178,0.051913
CCDC179,-0.12367
CCDC18,0.089864
CCDC180,0.021693
CCDC181,-0.010188
CCDC182,0.082797
CCDC183,0.0085929
CCDC184,-0.068764
CCDC185,0.025918
CCDC186,-0.0012521
CCDC187,-0.3057
CCDC22,0.07254
CCDC24,-0.057472
CCDC25,-0.085731
CCDC27,-0.079772
CCDC28A,-0.075418
CCDC28B,-0.15966
CCDC3,0.027458
CCDC30,0.087925
CCDC33,-0.072027
CCDC34,0.10795
CCDC36,0.096269
CCDC38,-0.10536
CCDC39,0.11959
CCDC40,-0.016231
CCDC42,-0.16837
CCDC43,0.035142
CCDC47,-0.15645
CCDC50,0.20569
CCDC51,0.10922
CCDC54,0.04773
CCDC57,-0.035384
CCDC58,-0.1506
CCDC59,0.0033805
CCDC6,-0.056029
CCDC60,-0.19565
CCDC61,0.054395
CCDC62,0.046818
CCDC63,-0.085985
CCDC65,-0.15604
CCDC66,-0.12052
CCDC68,-0.022692
CCDC69,0.0086159
CCDC7,0.035182
CCDC70,0.34084
CCDC71,-0.11201
CCDC71L,0.12539
CCDC73,-0.065373
CCDC74A,0.15512
CCDC74B,-0.042373
CCDC77,0.020533
CCDC78,0.23318
CCDC8,-0.11018
CCDC80,0.010693
CCDC81,-0.4078
CCDC82,0.043594
CCDC83,-0.026519
CCDC84,0.095957
CCDC85A,-0.089778
CCDC85B,-0.031643
CCDC85C,0.1276
CCDC86,0.39338
CCDC87,-0.026689
CCDC88A,0.055578
CCDC88B,0.062437
CCDC88C,-0.19949
CCDC89,-0.16309
CCDC9,-0.02742
CCDC90B,-0.14376
CCDC91,-0.10937
CCDC92,-0.098451
CCDC93,0.18618
CCDC94,0.11982
CCDC96,-0.0203
CCDC97,0.071525
CCER1,-0.2546
CCER2,0.11856
CCHCR1,-0.073575
CCIN,-0.0035256
CCK,-0.054875
CCKAR,-0.019889
CCKBR,0.078037
CCL1,-0.15828
CCL11,0.017449
CCL13,0.024923
CCL14,-0.15512
CCL15,-0.094307
CCL16,-0.0578
CCL17,0.018522
CCL18,-0.017256
CCL19,0.039553
CCL2,0.046265
CCL20,0.012435
CCL21,-0.14438
CCL22,0.13492
CCL23,-0.11632
CCL24,-0.0052071
CCL25,-0.075847
CCL26,-0.10059
CCL27,-0.015073
CCL28,0.11867
CCL3,-0.1492
CCL3L3,0.10097
CCL4,-0.052655
CCL5,0.004739
CCL7,-0.060827
CCL8,-0.016116
CCM2,0.16813
CCM2L,0.18162
CCNA1,-0.053605
CCNA2,0.16211
CCNB1,0.075579
CCNB1IP1,0.12218
CCNB2,0.058055
CCNB3,0.18493
CCNC,0.28223
CCND1,-0.014526
CCND2,0.26581
CCND3,-0.14053
CCNDBP1,0.17429
CCNE1,0.20698
CCNE2,-0.15474
CCNF,-0.032454
CCNG1,0.15124
CCNG2,0.040107
CCNH,0.14323
CCNI,0.28916
CCNI2,0.094963
CCNJ,0.012323
CCNJL,0.10204
CCNK,0.26866
CCNL1,-0.083931
CCNL2,-0.04302
CCNO,0.067304
CCNT1,-0.058046
CCNT2,-0.185
CCNY,-0.16461
CCNYL1,-0.10759
CCP110,-0.27755
CCPG1,-0.14658
CCR1,-0.11075
CCR10,0.028634
CCR2,0.10251
CCR3,-0.21664
CCR4,-0.16729
CCR5,0.10452
CCR6,-0.36818
CCR7,0.16426
CCR8,-0.074596
CCR9,0.0046923
CCRL2,0.12942
CCS,0.028941
CCSAP,-0.0059276
CCSER1,-0.12894
CCSER2,0.051897
CCT2,0.098468
CCT3,0.23399
CCT4,0.34879
CCT5,0.1322
CCT6A,0.25565
CCT6B,-0.0026658
CCT7,-0.019922
CCT8,0.095017
CCT8L2,-0.24477
CCZ1,0.074546
CCZ1B,0.028891
CD101,-0.34356
CD109,0.0018274
CD14,-0.081058
CD151,0.10895
CD160,0.083239
CD163,0.021908
CD163L1,-0.11935
CD164,-0.2667
CD164L2,-0.32354
CD177,-0.077863
CD180,-0.20102
CD19,-0.14432
CD1A,-0.16175
CD1B,-0.043449
CD1C,-0.036914
CD1D,-0.1676
CD1E,0.11049
CD2,-1.9383
CD200,0.016253
CD200R1,0.1271
CD200R1L,-0.026388
CD207,0.064496
CD209,-0.013266
CD22,-0.16937
CD226,-0.0092425
CD24,0.0033814
CD244,-0.25497
CD247,-1.5909
CD248,-0.12376
CD27,0.032015
CD274,-0.077783
CD276,0.13002
CD28,-1.7262
CD2AP,0.077085
CD2BP2,0.028413
CD300A,0.090965
CD300C,-0.039319
CD300E,0.16541
CD300LB,0.010248
CD300LD,0.059415
CD300LF,-0.19533
CD300LG,-0.047744
CD302,0.12249
CD320,-0.041831
CD33,0.098821
CD34,0.039421
CD36,-0.16683
CD37,-0.045448
CD38,0.20005
CD3D,-2.4943
CD3E,-1.9643
CD3EAP,0.23374
CD3G,-2.6665
CD4,0.66082
CD40,0.035825
CD40LG,-0.022008
CD44,0.0058028
CD46,0.00027824
CD47,0.056314
CD48,0.10243
CD5,1.3005
CD52,-0.099792
CD53,-0.33611
CD55,0.12413
CD58,0.16507
CD59,-0.1324
CD5L,0.040533
CD6,-0.34569
CD63,0.17661
CD68,0.011753
CD69,0.031338
CD7,-0.097978
CD70,0.033929
CD72,0.0083916
CD74,-0.037962
CD79A,0.012061
CD79B,0.010013
CD80,-0.09878
CD81,0.087752
CD82,-0.040977
CD83,0.027671
CD84,0.036261
CD86,-0.058091
CD8A,0.090454
CD8B,-0.01407
CD9,-0.099299
CD93,0.21864
CD96,0.095998
CD99,0.05742
CD99L2,0.16502
CDA,-0.0034174
CDADC1,-0.13412
CDAN1,0.34025
CDC123,-0.028741
CDC14A,0.0077692
CDC14B,-0.20027
CDC16,0.48024
CDC20,0.29234
CDC20B,-0.1064
CDC23,0.75313
CDC25A,-0.019074
CDC25B,-0.096482
CDC25C,-0.06275
CDC26,-0.065801
CDC27,0.1698
CDC34,-0.25989
CDC37,-0.086255
CDC37L1,0.016534
CDC40,-0.0058287
CDC42,0.054793
CDC42BPA,-0.053263
CDC42BPB,0.039441
CDC42BPG,-0.14522
CDC42EP1,0.092635
CDC42EP2,0.19288
CDC42EP3,-0.051613
CDC42EP4,0.085213
CDC42EP5,-0.10103
CDC42SE1,-0.034738
CDC42SE2,0.034598
CDC45,0.075486
CDC5L,0.56872
CDC6,0.46684
CDC7,0.61931
CDC73,0.11924
CDCA2,-0.069876
CDCA3,0.086129
CDCA4,0.17417
CDCA5,0.18956
CDCA7,-0.029852
CDCA7L,0.060184
CDCA8,0.16746
CDCP1,0.18599
CDCP2,-0.057589
CDH1,0.29014
CDH10,-0.27648
CDH11,-0.055961
CDH12,0.15421
CDH13,0.10506
CDH15,0.049121
CDH16,0.071036
CDH17,-0.048853
CDH18,-0.16637
CDH19,-0.15618
CDH2,0.10147
CDH20,0.057999
CDH22,0.059429
CDH23,-0.099684
CDH24,0.11392
CDH26,0.098887
CDH3,0.023001
CDH4,0.15196
CDH5,-0.18139
CDH6,0.13675
CDH7,0.022858
CDH8,-0.1769
CDH9,-0.24896
CDHR1,0.00088342
CDHR2,-0.20357
CDHR3,-0.11448
CDHR4,-0.11941
CDHR5,-0.067794
CDIP1,-0.064682
CDIPT,0.11491
CDK1,0.43441
CDK10,0.081163
CDK11A,-0.060641
CDK11B,-0.03803
CDK12,0.46835
CDK13,-0.018383
CDK14,-0.1313
CDK15,-0.1264
CDK16,0.13724
CDK17,0.1615
CDK18,-0.29393
CDK19,-0.19448
CDK2,0.10213
CDK20,-0.0094283
CDK2AP1,0.053178
CDK2AP2,-0.035088
CDK3,-0.070323
CDK4,0.1973
CDK5,0.0010384
CDK5R1,0.084667
CDK5R2,0.15618
CDK5RAP1,-0.02654
CDK5RAP2,0.17306
CDK5RAP3,-0.15699
CDK6,-0.028662
CDK7,0.20938
CDK8,0.1618
CDK9,0.059816
CDKAL1,0.070994
CDKL1,-0.0090806
CDKL2,0.031906
CDKL3,0.097504
CDKL4,-0.16913
CDKL5,0.12521
CDKN1A,-0.16689
CDKN1B,-0.021659
CDKN1C,0.055776
CDKN2A,0.081554
CDKN2AIP,0.088497
CDKN2AIPNL,0.047412
CDKN2B,0.14307
CDKN2C,0.061555
CDKN2D,0.15475
CDKN3,-0.070453
CDNF,0.018102
CDO1,-0.15495
CDON,-0.086426
CDPF1,0.060873
CDR1,-0.12088
CDR2,0.025402
CDR2L,0.13368
CDRT1,0.036913
CDRT15,-0.06737
CDRT15L2,-0.19873
CDRT4,-0.040732
CDS1,-0.03284
CDS2,-0.0094321
CDSN,-0.11663
CDT1,0.35598
CDV3,-0.31593
CDX1,-0.010972
CDX2,0.10463
CDX4,0.029559
CDY1,0.18292
CDY2A,0.012734
CDYL,0.22095
CDYL2,0.19794
CEACAM1,-0.033713
CEACAM16,-0.057921
CEACAM18,-0.10733
CEACAM19,-0.14979
CEACAM20,0.088414
CEACAM21,-0.11392
CEACAM3,0.097253
CEACAM4,0.046934
CEACAM5,-0.037933
CEACAM6,0.056566
CEACAM7,0.045378
CEACAM8,-0.16269
CEBPA,0.044691
CEBPB,0.032034
CEBPD,0.071003
CEBPE,0.069154
CEBPG,-0.017721
CEBPZ,0.16148
CECR2,-0.15816
CECR6,0.031465
CEL,0.018014
CELA1,0.048071
CELA2A,0.13405
CELA2B,-0.012527
CELA3A,-0.071007
CELA3B,-0.032543
CELF1,-0.10492
CELF2,-0.1881
CELF3,0.076988
CELF4,0.1639
CELF5,0.088996
CELF6,0.057252
CELSR1,0.084838
CELSR2,-0.073936
CELSR3,-0.16248
CEMIP,-0.15663
CEMP1,0.027264
CEND1,-0.10126
CENPA,-0.086988
CENPB,0.24938
CENPBD1,0.059897
CENPC,0.0092622
CENPE,0.61512
CENPF,-0.02515
CENPH,0.10178
CENPI,0.86473
CENPJ,-0.034685
CENPK,-0.018562
CENPL,-0.022285
CENPM,-0.062271
CENPN,0.39802
CENPO,-0.092558
CENPP,0.045025
CENPQ,-0.097727
CENPS,-0.1022
CENPT,0.12723
CENPU,-0.0965
CENPV,-0.060687
CENPW,0.026234
CENPX,0.061702
CEP104,0.0033324
CEP112,0.047758
CEP120,-0.083101
CEP126,-0.179
CEP128,0.066926
CEP131,0.05877
CEP135,0.10232
CEP152,0.086979
CEP162,-0.12791
CEP164,0.10112
CEP170,-0.11852
CEP170B,-0.14129
CEP19,0.23243
CEP192,0.59209
CEP250,0.090593
CEP290,-0.18923
CEP295,0.44105
CEP295NL,-0.11408
CEP350,-0.17585
CEP41,-0.13444
CEP44,-0.091635
CEP55,0.049148
CEP57,-0.11984
CEP57L1,-0.049899
CEP63,0.32454
CEP68,-0.13196
CEP70,-0.062465
CEP72,-0.06374
CEP76,0.19732
CEP78,0.12283
CEP83,0.043034
CEP85,0.18413
CEP85L,-0.061072
CEP89,-0.17905
CEP95,0.20014
CEP97,-0.073584
CEPT1,0.1216
CER1,-0.15229
CERCAM,-0.092702
CERK,0.39678
CERKL,-0.13135
CERS2,0.33389
CERS3,-0.028472
CERS4,0.14856
CERS5,-0.0074335
CERS6,-0.15147
CES1,-0.16267
CES2,0.040265
CES3,-0.1886
CES4A,0.099397
CES5A,0.00029093
CETN1,0.10209
CETN2,0.2467
CETN3,0.048765
CETP,-0.19192
CFAP126,0.098298
CFAP20,0.16958
CFAP221,0.10858
CFAP36,0.23487
CFAP43,-0.24502
CFAP44,0.011348
CFAP45,0.093041
CFAP46,-0.038323
CFAP47,0.039072
CFAP52,-0.015341
CFAP53,0.059873
CFAP54,0.093731
CFAP57,0.52287
CFAP58,-0.026419
CFAP61,0.078477
CFAP69,-0.10906
CFAP70,-0.13457
CFAP74,0.0228
CFAP97,0.086088
CFAP99,-0.0258
CFB,0.073371
CFC1,-0.0036146
CFC1B,-0.036963
CFD,0.087781
CFDP1,0.29609
CFH,-0.1563
CFHR1,-0.27411
CFHR2,0.039764
CFHR3,0.021671
CFHR4,-0.096415
CFHR5,-0.11041
CFI,-0.079085
CFL1,0.083509
CFL2,-0.155
CFLAR,-0.027947
CFP,-0.12673
CFTR,-0.0047412
CGA,0.17052
CGB1,-0.12607
CGB2,0.024103
CGB3,0.33732
CGB5,-0.26486
CGB7,0.13951
CGB8,0.099348
CGGBP1,-0.13126
CGN,0.074782
CGNL1,0.0061894
CGREF1,0.12761
CGRRF1,0.011108
CH17-360D5.1,-0.034385
CH25H,-0.11306
CHAC1,-0.086361
CHAC2,-0.085761
CHAD,-0.02808
CHADL,-0.021242
CHAF1A,0.46853
CHAF1B,0.95563
CHAMP1,0.1733
CHAT,-0.092071
CHCHD1,0.00060125
CHCHD10,0.085378
CHCHD2,0.061723
CHCHD3,0.01517
CHCHD4,0.16609
CHCHD5,0.14307
CHCHD6,-0.13889
CHCHD7,0.16512
CHD1,0.030853
CHD1L,0.071311
CHD2,-0.042776
CHD3,0.01808
CHD4,0.052237
CHD5,-0.16355
CHD6,0.10169
CHD7,-0.19191
CHD8,-0.0096978
CHD9,0.0010407
CHDH,-0.061039
CHEK1,-0.069927
CHEK2,0.058975
CHERP,0.488
CHFR,-0.079631
CHGA,-0.057059
CHGB,0.0094499
CHI3L1,-0.090673
CHI3L2,0.036615
CHIA,-0.057947
CHIC1,0.04642
CHIC2,0.028645
CHID1,-0.077264
CHIT1,-0.10366
CHKA,0.46165
CHKB,0.011466
CHL1,0.092754
CHM,0.16194
CHML,-0.09699
CHMP1A,0.44762
CHMP1B,0.01086
CHMP2A,0.057455
CHMP2B,-0.11661
CHMP3,0.77661
CHMP4A,-0.1068
CHMP4B,0.014616
CHMP4C,0.012571
CHMP5,0.6787
CHMP6,0.85209
CHMP7,-0.27335
CHN1,0.097067
CHN2,0.059663
CHODL,0.15365
CHORDC1,-0.0047188
CHP1,0.060828
CHP2,0.11337
CHPF,0.010451
CHPF2,-0.047181
CHPT1,-0.048689
CHRAC1,0.21149
CHRD,0.024157
CHRDL1,-0.12351
CHRDL2,0.033681
CHRFAM7A,0.035053
CHRM1,-0.038634
CHRM2,-0.023527
CHRM3,-0.016662
CHRM4,0.014491
CHRM5,0.05968
CHRNA1,-0.052971
CHRNA10,0.018377
CHRNA2,-0.075802
CHRNA3,-0.0039409
CHRNA4,-0.039819
CHRNA5,-0.0447
CHRNA6,0.00080564
CHRNA7,0.063295
CHRNA9,0.23574
CHRNB1,0.087324
CHRNB2,0.011668
CHRNB3,0.069629
CHRNB4,-0.088962
CHRND,0.16564
CHRNE,-0.037752
CHRNG,0.15784
CHST1,0.050416
CHST10,0.20932
CHST11,-0.1671
CHST12,0.14091
CHST13,0.18994
CHST14,0.0076446
CHST15,0.072587
CHST2,0.1905
CHST3,-0.10615
CHST4,0.021697
CHST5,-0.019349
CHST6,0.042856
CHST7,0.065161
CHST8,0.051973
CHST9,0.041382
CHSY1,0.095748
CHSY3,0.09698
CHTF18,0.13358
CHTF8,-0.014361
CHTOP,0.055405
CHUK,-0.38065
CHURC1,-0.087907
CIAO1,0.1037
CIAPIN1,0.0032896
CIART,0.10216
CIB1,-0.054102
CIB2,0.22573
CIB3,0.22217
CIB4,-0.21168
CIC,-0.020751
CIDEA,-0.040315
CIDEB,0.26917
CIDEC,-0.012687
CIITA,-0.14619
CILP,-0.16064
CILP2,-0.0062959
CINP,-0.16342
CIPC,-0.020315
CIR1,-0.16764
CIRBP,0.20979
CISD1,0.1985
CISD2,0.16339
CISD3,0.013041
CISH,0.007781
CIT,0.75743
CITED1,-0.07475
CITED2,0.031217
CITED4,-0.074526
CIZ1,-0.0024238
CKAP2,-0.064527
CKAP2L,0.02196
CKAP4,0.053023
CKAP5,0.37029
CKB,0.043126
CKLF,0.046994
CKM,0.16339
CKMT1B,0.18562
CKMT2,0.014114
CKS1B,0.26839
CKS2,-0.08836
CLASP1,-0.10648
CLASP2,-0.23101
CLASRP,0.14894
CLC,-0.018992
CLCA1,0.022608
CLCA2,-0.26823
CLCA4,-0.053808
CLCC1,-0.13832
CLCF1,-0.1037
CLCN1,-0.0050526
CLCN2,0.10141
CLCN3,-0.1089
CLCN4,0.03438
CLCN5,-0.023573
CLCN6,-0.011976
CLCN7,-0.20344
CLCNKA,0.01514
CLCNKB,-0.20398
CLDN1,-0.015017
CLDN10,0.010593
CLDN11,0.12168
CLDN12,-0.23509
CLDN14,0.019381
CLDN15,0.020337
CLDN16,-0.078631
CLDN17,-0.056856
CLDN18,0.079287
CLDN19,-0.20498
CLDN2,0.0071628
CLDN20,0.087545
CLDN22,-0.078279
CLDN23,-0.037033
CLDN24,-0.069149
CLDN25,-0.0014429
CLDN3,0.10159
CLDN34,-0.093177
CLDN4,-0.14265
CLDN5,-0.067266
CLDN6,0.039748
CLDN7,0.058866
CLDN8,-0.0041971
CLDN9,-0.083648
CLDND1,0.18523
CLDND2,0.051912
CLEC10A,-0.06357
CLEC11A,0.010118
CLEC12A,-0.06686
CLEC12B,-0.0082341
CLEC14A,-0.13106
CLEC16A,0.23957
CLEC17A,-0.066094
CLEC18A,-0.014967
CLEC18B,-0.11548
CLEC18C,0.084288
CLEC19A,-0.11868
CLEC1A,-0.091741
CLEC1B,-0.02031
CLEC2A,0.051201
CLEC2B,0.057983
CLEC2D,0.02288
CLEC2L,-0.074365
CLEC3A,-0.024497
CLEC3B,-0.049815
CLEC4A,-0.020061
CLEC4C,-0.071249
CLEC4D,-0.028709
CLEC4E,-0.15697
CLEC4F,0.095802
CLEC4G,-0.071812
CLEC4M,0.098369
CLEC5A,-0.13155
CLEC6A,-0.076518
CLEC7A,-0.16276
CLEC9A,-0.094004
CLECL1,0.056808
CLGN,0.10742
CLHC1,-0.13202
CLIC1,0.13753
CLIC2,0.065779
CLIC3,-0.05379
CLIC4,-0.097709
CLIC5,0.048202
CLIC6,0.039687
CLINT1,0.17615
CLIP1,0.036756
CLIP2,-0.13559
CLIP3,-0.23849
CLIP4,0.018982
CLK1,-0.0043467
CLK2,0.16239
CLK3,-0.08461
CLK4,-0.18574
CLLU1,0.012656
CLLU1OS,-0.027313
CLMN,0.068169
CLMP,0.1977
CLN3,0.03048
CLN5,-0.083555
CLN6,-0.1854
CLN8,-0.075931
CLNK,-0.033633
CLNS1A,0.46589
CLOCK,-0.0871
CLP1,0.055661
CLPB,-0.2056
CLPP,-0.102
CLPS,0.099771
CLPSL1,-0.13295
CLPSL2,0.19609
CLPTM1,0.25426
CLPTM1L,-0.095242
CLPX,-0.0061934
CLRN1,-0.044509
CLRN2,-0.18259
CLRN3,-0.14245
CLSPN,0.38282
CLSTN1,-0.045648
CLSTN2,-0.067393
CLSTN3,0.035387
CLTA,0.024015
CLTB,0.1465
CLTC,0.25547
CLTCL1,-0.076292
CLU,-0.27838
CLUAP1,-0.090975
CLUH,-0.034546
CLUL1,-0.19228
CLVS1,-0.089913
CLVS2,0.0028453
CLYBL,0.17314
CMA1,0.011378
CMAS,-0.032111
CMBL,0.052273
CMC1,0.11271
CMC2,-0.18055
CMC4,0.089335
CMIP,-0.19433
CMKLR1,-0.09735
CMPK1,0.16355
CMPK2,-0.046549
CMSS1,0.0004465
CMTM1,-0.054901
CMTM2,-0.025939
CMTM3,0.12124
CMTM4,0.024365
CMTM5,-0.059474
CMTM6,-0.13994
CMTM7,0.0042249
CMTM8,-0.14278
CMTR1,0.0032747
CMTR2,0.13596
CMYA5,0.13942
CNBD1,-0.093417
CNBD2,-0.24139
CNBP,0.19126
CNDP1,-0.076535
CNDP2,0.12791
CNEP1R1,-0.04676
CNFN,-0.1671
CNGA1,-0.007526
CNGA2,0.089086
CNGA3,0.071761
CNGA4,-0.054925
CNGB1,-0.012073
CNGB3,0.046106
CNIH1,-0.086921
CNIH2,-0.062144
CNIH3,-0.065824
CNIH4,-0.32249
CNKSR1,0.059289
CNKSR2,-0.046139
CNKSR3,-0.015263
CNMD,0.010688
CNN1,-0.10809
CNN2,-0.1031
CNN3,-0.037945
CNNM1,0.098319
CNNM2,-0.027475
CNNM3,0.1027
CNNM4,0.098507
CNOT1,0.64063
CNOT10,0.24839
CNOT11,0.21668
CNOT2,0.12361
CNOT3,0.43689
CNOT4,-0.01786
CNOT6,-0.010895
CNOT6L,-0.075444
CNOT7,0.0053942
CNOT8,-0.21178
CNOT9,0.10893
CNP,-0.12062
CNPPD1,-0.12037
CNPY1,0.011344
CNPY2,0.063941
CNPY3,-0.1489
CNPY4,-0.053892
CNR1,-0.017654
CNR2,-0.086116
CNRIP1,0.0096
CNST,-0.12317
CNTD1,-0.069965
CNTD2,0.086466
CNTF,0.029825
CNTFR,-0.016335
CNTLN,-0.061879
CNTN1,0.17943
CNTN2,0.026212
CNTN3,-0.089058
CNTN4,0.024488
CNTN5,-0.068921
CNTN6,-0.026791
CNTNAP1,-0.021257
CNTNAP2,-0.035114
CNTNAP3,0.069711
CNTNAP3B,-0.03737
CNTNAP4,-0.044569
CNTNAP5,-0.023776
CNTRL,-0.044849
CNTROB,-0.16261
COA1,-0.18789
COA3,-0.046635
COA4,-0.14875
COA5,0.14081
COA6,-0.18267
COA7,0.059391
COASY,0.14184
COBL,0.073415
COBLL1,-0.11476
COCH,0.0082224
COG1,-0.24592
COG2,0.19003
COG3,-0.14362
COG4,-0.46049
COG5,-0.16575
COG6,-0.41607
COG7,-0.25127
COG8,-0.08657
COIL,0.16266
COL10A1,0.096684
COL11A1,-0.10035
COL11A2,-0.12574
COL12A1,0.072225
COL13A1,0.025994
COL14A1,0.20495
COL15A1,-0.054086
COL16A1,0.13641
COL17A1,0.094535
COL18A1,-0.070106
COL19A1,0.012352
COL1A1,0.099527
COL1A2,0.0035417
COL20A1,0.020773
COL21A1,-0.24152
COL22A1,-0.20294
COL23A1,-0.082336
COL24A1,0.13727
COL25A1,-0.031789
COL26A1,0.18668
COL27A1,-0.012855
COL28A1,-0.13768
COL2A1,0.10043
COL3A1,0.13084
COL4A1,0.16976
COL4A2,0.083092
COL4A2-AS2,-0.013678
COL4A3,0.082445
COL4A3BP,-0.42021
COL4A4,-0.10739
COL4A5,-0.032291
COL4A6,0.10085
COL5A1,0.084307
COL5A2,0.041116
COL5A3,-0.10395
COL6A1,0.083245
COL6A2,0.12676
COL6A3,-0.094716
COL6A5,0.027172
COL6A6,-0.23361
COL7A1,0.12268
COL8A1,-0.023401
COL8A2,0.27179
COL9A1,-0.050744
COL9A2,-0.066119
COL9A3,0.20327
COLCA1,-0.10468
COLCA2,0.066461
COLEC10,-0.27127
COLEC11,-0.18149
COLEC12,-0.050811
COLGALT1,0.2576
COLGALT2,0.20453
COLQ,-0.057344
COMMD1,-0.047433
COMMD10,0.060675
COMMD2,-0.18825
COMMD3,-0.16341
COMMD4,-0.11574
COMMD5,0.12155
COMMD6,-0.059755
COMMD7,-0.024518
COMMD8,-0.47503
COMMD9,-0.26627
COMP,0.03427
COMT,0.1242
COMTD1,0.26205
COPA,0.050478
COPB1,0.14468
COPB2,0.23605
COPE,0.36245
COPG1,-0.095112
COPG2,-0.13394
COPRS,-0.046489
COPS2,-0.016936
COPS3,0.15958
COPS4,-0.0042149
COPS5,0.21354
COPS6,-0.082111
COPS7A,-0.14059
COPS7B,0.19767
COPS8,-0.054933
COPS9,-0.33071
COPZ1,0.37645
COPZ2,0.025045
COQ10A,0.094635
COQ10B,-0.11249
COQ2,-0.019674
COQ3,-0.1232
COQ4,0.1847
COQ5,-0.15557
COQ6,0.11046
COQ7,0.056981
COQ8A,-0.026349
COQ8B,0.22725
COQ9,0.2041
CORIN,-0.25366
CORO1A,0.39276
CORO1B,-0.1779
CORO1C,0.13333
CORO2A,-0.17043
CORO2B,0.14972
CORO6,-0.15604
CORO7,0.22634
CORT,0.017109
COTL1,-0.026729
COX10,0.032423
COX11,-0.0027798
COX14,0.01436
COX15,-0.15585
COX16,-0.059462
COX17,0.1856
COX18,-0.031772
COX19,-0.092144
COX20,-0.057561
COX4I1,0.14067
COX4I2,-0.097285
COX5A,0.11329
COX5B,0.074633
COX6A1,-0.13573
COX6A2,0.31845
COX6B1,0.0077179
COX6B2,0.014726
COX6C,0.40453
COX7A1,0.24905
COX7A2,0.021006
COX7A2L,0.15108
COX7B,-0.29997
COX7B2,-0.022708
COX7C,0.11069
COX8A,-0.040739
COX8C,-0.016557
CP,-0.28615
CPA1,0.03714
CPA2,-0.1568
CPA3,-0.14624
CPA4,-0.2101
CPA5,-0.12106
CPA6,-0.079496
CPAMD8,-0.16175
CPB1,-0.13601
CPB2,-0.030049
CPD,0.22073
CPE,0.045645
CPEB1,-0.091131
CPEB2,0.20346
CPEB3,-0.047388
CPEB4,0.074806
CPED1,-0.14212
CPLX1,-0.048484
CPLX2,0.046915
CPLX3,0.017961
CPLX4,0.17438
CPM,0.053929
CPN1,-0.037795
CPN2,-0.069691
CPNE1,0.12624
CPNE2,-0.076604
CPNE3,0.023065
CPNE4,-0.11958
CPNE5,-0.12623
CPNE6,-0.14428
CPNE7,0.060552
CPNE8,-0.11011
CPNE9,0.040783
CPO,-0.017798
CPOX,-0.10884
CPPED1,-0.051229
CPQ,0.093257
CPS1,-0.20906
CPSF1,0.088282
CPSF2,0.57743
CPSF3,0.041176
CPSF4,1.1287
CPSF4L,-0.063274
CPSF6,0.76329
CPSF7,0.26824
CPT1A,0.11868
CPT1B,0.19305
CPT1C,-0.0057198
CPT2,0.036481
CPTP,-0.14459
CPVL,0.1239
CPXCR1,-0.033202
CPXM1,-0.08977
CPXM2,0.040028
CPZ,0.20303
CR1,0.01989
CR1L,0.05589
CR2,0.29724
CRABP1,0.096255
CRABP2,-0.091353
CRACR2A,0.1449
CRACR2B,0.033978
CRADD,-0.020612
CRAMP1,-0.13601
CRAT,0.1235
CRB1,0.0025433
CRB2,0.021665
CRB3,0.055585
CRBN,0.11193
CRCP,0.028038
CRCT1,-0.090825
CREB1,-0.1229
CREB3,-0.056731
CREB3L1,-0.096488
CREB3L2,-0.25681
CREB3L3,0.020571
CREB3L4,-0.0032899
CREB5,0.084141
CREBBP,-0.25859
CREBL2,-0.072478
CREBRF,0.067736
CREBZF,0.22662
CREG1,0.063526
CREG2,0.15791
CRELD1,-0.13571
CRELD2,0.046947
CREM,0.0062028
CRH,-0.015153
CRHBP,0.0032625
CRHR1,-0.071135
CRHR2,-0.10646
CRIM1,0.017214
CRIP1,0.019814
CRIP2,0.069512
CRIP3,0.1892
CRIPAK,-0.079347
CRIPT,-0.019399
CRISP1,-0.047158
CRISP2,0.050147
CRISP3,-0.1874
CRISPLD1,-0.051995
CRISPLD2,-0.010548
CRK,0.023737
CRKL,0.11847
CRLF1,-0.17082
CRLF2,0.023953
CRLF3,0.22696
CRLS1,-0.1347
CRMP1,0.16603
CRNDE,0.1563
CRNKL1,-0.032295
CRNN,-0.055374
CROCC,-0.26947
CROCC2,-0.085241
CROT,0.058418
CRP,0.083816
CRTAC1,-0.064859
CRTAM,-0.12329
CRTAP,0.16628
CRTC1,-0.14334
CRTC2,0.17472
CRTC3,0.18707
CRX,-0.20828
CRY1,-0.0040543
CRY2,0.29838
CRYAA,-5.4418e-05
CRYAB,-0.12062
CRYBA1,-0.18376
CRYBA2,-0.026801
CRYBA4,-0.10559
CRYBB1,-0.097545
CRYBB2,0.14369
CRYBB3,0.085181
CRYBG1,0.016909
CRYBG2,-0.071578
CRYBG3,-0.086832
CRYGA,-0.065543
CRYGB,0.08344
CRYGC,-0.15853
CRYGD,-0.1088
CRYGN,-0.18677
CRYGS,-0.15343
CRYL1,-0.2221
CRYM,0.049978
CRYZ,-0.10646
CRYZL1,0.079736
CS,-9.0772e-05
CSAD,0.034302
CSAG1,0.02773
CSAG3,-0.23117
CSDC2,0.054299
CSDE1,-0.079298
CSE1L,0.05765
CSF1,0.096343
CSF1R,0.11909
CSF2,0.0052531
CSF2RA,0.017223
CSF2RB,-0.10152
CSF3,0.031456
CSF3R,0.022713
CSGALNACT1,0.26749
CSGALNACT2,0.033615
CSH1,0.16238
CSH2,0.036382
CSHL1,0.072512
CSK,-0.019115
CSMD1,-0.0039238
CSMD2,0.028688
CSMD3,0.053066
CSN1S1,0.12964
CSN2,-0.09747
CSN3,-0.028999
CSNK1A1,0.13458
CSNK1A1L,-0.18338
CSNK1D,0.10296
CSNK1E,0.17414
CSNK1G1,0.083297
CSNK1G2,0.23027
CSNK1G3,0.096477
CSNK2A1,-0.20368
CSNK2A2,-0.17982
CSNK2A3,-0.078016
CSNK2B,-0.12573
CSPG4,-0.022444
CSPG5,0.18347
CSPP1,0.071123
CSRNP1,0.20404
CSRNP2,-0.24066
CSRNP3,0.16197
CSRP1,-0.11185
CSRP2,0.22711
CSRP3,-0.071544
CST1,-0.060209
CST11,-0.065881
CST2,0.0084711
CST3,0.13575
CST4,-0.16782
CST5,-0.1128
CST6,-0.0015492
CST7,0.035461
CST8,0.077026
CST9,-0.12171
CST9L,-0.059013
CSTA,0.1196
CSTB,0.073444
CSTF1,0.17042
CSTF2,0.15397
CSTF2T,0.1364
CSTF3,0.22158
CSTL1,-0.20055
CT45A1,0.14548
CT45A10,-0.004155
CT45A3,-0.18336
CT45A7,-0.028296
CT47A11,0.10984
CT47B1,0.044799
CT55,-0.031299
CT62,-0.044745
CT83,-0.087604
CTAG1A,-0.085883
CTAG1B,0.17574
CTAG2,0.17987
CTAGE1,-0.019059
CTAGE15,-0.36757
CTAGE6,-0.04022
CTAGE8,-0.37264
CTAGE9,-0.093269
CTBP1,0.27958
CTBP2,-0.052416
CTBS,-0.023402
CTC1,-0.030154
CTCF,-0.059402
CTCFL,-0.047954
CTDNEP1,0.017629
CTDP1,0.14554
CTDSP1,0.055362
CTDSP2,-0.13782
CTDSPL,0.037882
CTDSPL2,0.42383
CTF1,0.13367
CTGF,0.008653
CTH,-0.029121
CTHRC1,-0.0052594
CTIF,0.0217
CTLA4,0.30926
CTNNA1,0.0071133
CTNNA2,0.094395
CTNNA3,0.05753
CTNNAL1,-0.11239
CTNNB1,-0.029778
CTNNBIP1,-0.095092
CTNNBL1,0.252
CTNND1,-0.079568
CTNND2,0.092111
CTNS,0.012657
CTPS1,0.75435
CTPS2,-0.01054
CTR9,0.17462
CTRB1,-0.066917
CTRB2,-0.2238
CTRC,0.067533
CTRL,0.19467
CTSA,-0.014576
CTSB,-0.039984
CTSC,0.30632
CTSD,0.010751
CTSE,-0.022124
CTSF,0.14279
CTSG,0.014569
CTSH,0.1017
CTSK,0.049471
CTSL,0.13335
CTSO,0.114
CTSS,0.078366
CTSV,-0.032395
CTSW,-0.10572
CTSZ,-0.055092
CTTN,0.21513
CTTNBP2,-0.068031
CTTNBP2NL,0.023669
CTU1,0.087897
CTU2,0.021226
CTXN1,-0.1207
CTXN2,0.0068831
CTXN3,0.036121
CUBN,0.15134
CUEDC1,0.21888
CUEDC2,0.25408
CUL1,-0.30038
CUL2,0.085472
CUL3,0.048332
CUL4A,-0.012886
CUL4B,-0.0020595
CUL5,-0.012356
CUL7,-0.016781
CUL9,-0.10493
CUTA,0.080656
CUTC,-0.022895
CUX1,0.042681
CUX2,0.12088
CUZD1,0.033842
CWC15,0.27051
CWC22,0.22022
CWC25,0.032886
CWC27,0.040698
CWF19L1,-0.068196
CWF19L2,-0.004437
CWH43,0.057177
CX3CL1,-0.092458
CX3CR1,-0.012396
CXADR,0.19683
CXCL1,-0.0519
CXCL10,0.013887
CXCL11,-0.015844
CXCL12,0.1753
CXCL13,-0.15489
CXCL14,-0.21517
CXCL16,0.025524
CXCL17,0.015034
CXCL2,0.0081767
CXCL3,-0.0058938
CXCL5,-0.063679
CXCL6,0.012881
CXCL8,-0.01035
CXCL9,0.10037
CXCR1,-0.11975
CXCR2,0.067021
CXCR3,0.11216
CXCR4,0.17739
CXCR5,-0.11218
CXCR6,0.034584
CXXC1,0.1718
CXXC4,0.16881
CXXC5,0.0052452
CXorf21,-0.010056
CXorf23,0.045792
CXorf36,-0.15606
CXorf38,-0.081919
CXorf40A,0.030527
CXorf40B,0.00012864
CXorf49,-0.090931
CXorf49B,-0.29737
CXorf51A,0.0091957
CXorf56,0.0060002
CXorf57,-0.24767
CXorf58,0.23503
CXorf65,-0.21833
CXorf66,0.003894
CXorf67,-0.0058771
CYB561,-0.054814
CYB561A3,0.23192
CYB561D1,-0.050499
CYB561D2,-0.040369
CYB5A,-0.0068734
CYB5B,-0.12844
CYB5D1,0.099971
CYB5D2,-0.052393
CYB5R1,0.0067716
CYB5R2,0.087141
CYB5R3,0.13112
CYB5R4,-0.18747
CYB5RL,-0.19589
CYBA,0.013044
CYBB,0.013338
CYBRD1,0.028895
CYC1,0.11159
CYCS,0.013599
CYFIP1,0.11449
CYFIP2,0.033672
CYGB,-0.095903
CYHR1,-0.23008
CYLC1,-0.0083358
CYLC2,0.13111
CYLD,-0.16156
CYP11A1,-0.00011951
CYP11B1,-0.1646
CYP11B2,0.06177
CYP17A1,-0.05531
CYP19A1,-0.051241
CYP1A1,-0.087674
CYP1A2,-0.19972
CYP1B1,-0.057519
CYP20A1,-0.092675
CYP21A2,-0.064853
CYP24A1,0.018666
CYP26A1,-0.062329
CYP26B1,-0.073916
CYP26C1,-0.021294
CYP27A1,-0.27672
CYP27B1,-0.019639
CYP27C1,-0.1094
CYP2A13,-0.19885
CYP2A6,0.11957
CYP2A7,0.050323
CYP2B6,0.026824
CYP2C18,0.012156
CYP2C19,0.03231
CYP2C8,0.071678
CYP2C9,0.25893
CYP2D6,-0.020475
CYP2E1,0.021812
CYP2F1,0.076513
CYP2J2,0.19416
CYP2R1,-0.027072
CYP2S1,-0.12002
CYP2U1,0.12602
CYP2W1,-0.0062846
CYP39A1,0.11416
CYP3A4,0.0055642
CYP3A43,-0.236
CYP3A5,-0.075273
CYP3A7,0.11735
CYP46A1,0.18944
CYP4A11,-0.10029
CYP4A22,-0.08513
CYP4B1,-0.26116
CYP4F11,0.035173
CYP4F12,-0.079139
CYP4F2,-0.052757
CYP4F22,-0.058696
CYP4F3,0.10623
CYP4F8,-0.14296
CYP4V2,-0.072318
CYP4X1,0.051276
CYP4Z1,-0.10156
CYP51A1,0.20199
CYP7A1,-0.0017115
CYP7B1,-0.24291
CYP8B1,-0.16214
CYR61,0.34724
CYS1,0.076942
CYSLTR1,-0.20721
CYSLTR2,0.050037
CYSRT1,-0.052964
CYSTM1,0.074688
CYTH1,0.045542
CYTH2,-0.0058917
CYTH3,-0.09374
CYTH4,-0.046907
CYTIP,-0.051801
CYTL1,0.015769
CYYR1,-0.18633
CYYR1-AS1,0.035557
D2HGDH,-0.043381
DAAM1,-0.14748
DAAM2,-0.092785
DAB1,-0.18756
DAB2,0.0030663
DAB2IP,-0.22077
DACH1,0.0015066
DACH2,-0.21388
DACT1,0.10007
DACT2,-0.056192
DACT3,0.1782
DAD1,-0.41773
DAG1,0.0078403
DAGLA,0.17558
DALRD3,-0.098395
DAND5,0.073224
DAO,-0.11445
DAOA,-0.016562
DAP,0.056974
DAP3,-0.056741
DAPK1,0.1029
DAPK2,0.15461
DAPK3,0.05561
DAPL1,-0.21454
DAPP1,-0.35103
DARS,-0.11556
DARS2,-0.20183
DAW1,-0.22375
DAXX,-0.17504
DAZ1,-0.051584
DAZ2,-0.22952
DAZ3,0.072737
DAZAP1,-0.11846
DAZAP2,-0.16107
DAZL,-0.17009
DBF4,-0.0075743
DBF4B,-0.11482
DBH,0.02437
DBI,0.01763
DBN1,-0.059083
DBNDD1,0.034379
DBNDD2,-0.057187
DBNL,0.14717
DBP,-0.18426
DBR1,0.14305
DBT,0.020123
DBX1,-0.19729
DBX2,0.14733
DCAF1,0.14452
DCAF10,0.076275
DCAF11,-0.043169
DCAF12,-0.0096469
DCAF12L1,0.083698
DCAF12L2,-0.10189
DCAF13,0.18466
DCAF15,0.44928
DCAF16,-0.23096
DCAF17,0.016983
DCAF4,0.0096383
DCAF4L1,-0.002443
DCAF4L2,-0.054123
DCAF5,-0.079069
DCAF6,0.20397
DCAF7,0.062371
DCAF8L1,-0.011761
DCAF8L2,-0.14394
DCAKD,0.012608
DCANP1,-0.084963
DCBLD1,0.012259
DCBLD2,0.17665
DCC,0.10653
DCD,-0.12003
DCDC1,-0.098292
DCDC2,0.045225
DCDC2B,-0.032603
DCDC2C,0.043725
DCDC5,-0.01062
DCHS1,-0.1573
DCHS2,-0.058564
DCK,0.36879
DCLK1,-0.027047
DCLK2,0.015732
DCLK3,0.046099
DCLRE1A,0.14331
DCLRE1B,0.18104
DCLRE1C,-0.14046
DCN,-0.17708
DCP1A,0.035018
DCP1B,-0.086288
DCP2,0.2219
DCPS,-0.19996
DCST1,0.013583
DCST2,-0.060123
DCSTAMP,0.10153
DCT,0.28503
DCTD,0.077923
DCTN1,0.044295
DCTN2,0.21274
DCTN3,0.095795
DCTN4,0.049152
DCTN5,0.50045
DCTN6,0.15777
DCTPP1,-0.18532
DCUN1D1,0.010575
DCUN1D2,0.012216
DCUN1D3,-0.1002
DCUN1D4,-0.069938
DCUN1D5,0.095427
DCX,-0.039018
DCXR,0.281
DDA1,-0.35533
DDAH1,0.0046899
DDAH2,0.34482
DDB1,0.23294
DDB2,-0.055902
DDC,0.0024319
DDHD1,-0.10078
DDHD2,-0.065771
DDI1,0.10859
DDI2,0.2422
DDIAS,-0.02146
DDIT3,-0.042962
DDIT4,0.094635
DDIT4L,0.067599
DDN,0.18813
DDO,0.050776
DDOST,-0.19635
DDR1,0.046957
DDR2,-0.15921
DDRGK1,0.063215
DDT,-0.042895
DDX1,0.16328
DDX10,0.31858
DDX11,0.0090184
DDX17,-0.068383
DDX18,0.14251
DDX19A,-0.072118
DDX19B,-0.0092348
DDX20,-0.090164
DDX21,0.071193
DDX23,0.59863
DDX24,0.51774
DDX25,-0.061455
DDX27,0.52257
DDX28,-0.31192
DDX31,0.33157
DDX39A,0.069937
DDX39B,0.029294
DDX3X,0.025331
DDX3Y,-0.14918
DDX4,0.017484
DDX41,0.46584
DDX42,0.14429
DDX43,0.06281
DDX46,0.16146
DDX47,0.56027
DDX49,0.21527
DDX5,0.12354
DDX50,-0.10605
DDX51,0.053979
DDX52,-0.13692
DDX53,-0.18056
DDX54,0.38541
DDX55,0.011304
DDX56,0.21185
DDX58,0.28944
DDX59,0.062202
DDX6,0.10258
DDX60,-0.068941
DDX60L,-0.12444
DEAF1,0.076494
DEC1,-0.18662
DECR1,-0.023986
DECR2,0.040048
DEDD,0.18584
DEDD2,0.13156
DEF6,-1.1362
DEF8,0.01189
DEFA1B,0.23964
DEFA3,-0.20178
DEFA4,-0.087942
DEFA5,-0.074923
DEFA6,-0.16007
DEFB1,0.020525
DEFB103B,-0.16349
DEFB104A,0.071674
DEFB104B,-0.33973
DEFB105A,-0.14376
DEFB105B,-0.029855
DEFB106A,-0.19166
DEFB106B,0.043604
DEFB107A,-0.079037
DEFB108B,-0.19542
DEFB110,0.011748
DEFB112,-0.20072
DEFB113,0.034275
DEFB114,-0.090918
DEFB115,0.046873
DEFB116,0.056855
DEFB118,-0.13147
DEFB119,0.10301
DEFB121,0.098563
DEFB123,-0.087203
DEFB124,-0.023976
DEFB125,-0.17058
DEFB126,0.090407
DEFB127,-0.03419
DEFB128,-0.090636
DEFB129,0.032531
DEFB130,-0.14941
DEFB131,-0.10946
DEFB132,-0.13429
DEFB133,0.043444
DEFB134,-0.025304
DEFB135,-0.078967
DEFB136,-0.18831
DEFB4A,-0.030734
DEFB4B,0.096627
DEGS1,0.25844
DEGS2,0.09024
DEK,0.15401
DENND1A,0.14415
DENND1B,-0.11415
DENND1C,-0.13112
DENND2A,0.0016307
DENND2C,-0.13655
DENND2D,-0.034377
DENND3,-0.13586
DENND4A,-0.1728
DENND4B,-0.09215
DENND4C,-0.14327
DENND5A,-0.20781
DENND5B,0.19033
DENND6A,-0.08114
DENND6B,0.029713
DENR,0.11133
DEPDC1,0.0018283
DEPDC1B,-0.072498
DEPDC4,-0.12749
DEPDC5,-0.00054306
DEPDC7,-0.032613
DEPTOR,0.051348
DERA,-0.11025
DERL1,0.067796
DERL2,0.51465
DERL3,0.049394
DES,-0.21767
DESI1,-0.18533
DESI2,0.034868
DET1,0.047433
DEUP1,-0.06565
DEXI,0.13328
DFFA,0.24165
DFFB,0.16231
DFNA5,0.11975
DFNB59,-0.039883
DGAT1,-0.18013
DGAT2,0.18879
DGAT2L6,0.17166
DGCR14,0.24785
DGCR2,0.03236
DGCR6,0.18983
DGCR6L,-0.13183
DGCR8,0.34803
DGKA,0.50656
DGKB,0.0066876
DGKD,-0.20879
DGKE,0.23488
DGKG,-0.080481
DGKH,0.030784
DGKI,-0.11773
DGKK,0.13947
DGKQ,-0.014706
DGKZ,0.62855
DGUOK,-0.033646
DHCR24,0.22979
DHCR7,0.07217
DHDDS,-0.25979
DHDH,0.021562
DHFR,-0.17406
DHFR2,-0.039373
DHH,0.029971
DHODH,0.56468
DHPS,-0.071971
DHRS1,-0.096649
DHRS11,-0.11511
DHRS12,0.024013
DHRS13,-0.019885
DHRS2,0.020438
DHRS3,-0.013217
DHRS4,0.0081944
DHRS4L1,-0.02515
DHRS7,-0.20309
DHRS7B,-0.020864
DHRS7C,-0.14114
DHRS9,-0.014776
DHTKD1,0.23484
DHX15,0.25874
DHX16,-0.079495
DHX29,-0.17117
DHX30,0.11112
DHX32,-0.2421
DHX33,-0.087547
DHX34,0.21949
DHX35,0.099779
DHX36,-0.2541
DHX37,0.2854
DHX38,0.031458
DHX40,0.025537
DHX57,0.18848
DHX58,0.30136
DHX8,0.062903
DHX9,-0.085282
DIABLO,-0.031155
DIAPH1,-0.075437
DIAPH2,0.078564
DIAPH3,0.0022384
DICER1,-0.16635
DIDO1,-0.047408
DIEXF,0.32635
DIMT1,0.2918
DIO1,-0.17865
DIO2,0.21103
DIO3,0.026698
DIP2A,-0.0061696
DIP2B,0.33547
DIP2C,-0.1503
DIRAS1,0.04881
DIRAS2,-0.076427
DIRAS3,0.011431
DIRC1,0.031902
DIRC2,0.058755
DIS3,-0.10766
DIS3L,-0.025476
DIS3L2,0.1877
DISC1,-0.055688
DISP1,-0.086375
DISP2,0.098015
DIXDC1,-0.028915
DKC1,0.39585
DKK1,-0.032778
DKK2,-0.0037453
DKK3,0.09499
DKK4,0.076445
DKKL1,-0.041195
DLAT,-0.077891
DLC1,0.14014
DLD,0.355
DLEC1,0.077186
DLEU7,0.13468
DLG1,-0.016515
DLG2,-0.0040047
DLG3,-0.018201
DLG4,0.12326
DLG5,-0.052691
DLGAP1,-0.17313
DLGAP2,-0.21704
DLGAP3,-0.059299
DLGAP4,-0.11606
DLGAP5,0.074789
DLK1,0.23152
DLK2,-0.085827
DLL1,0.042788
DLL3,-0.10726
DLL4,0.13299
DLST,0.89999
DLX1,-0.083841
DLX2,0.024093
DLX3,0.26908
DLX4,0.33665
DLX5,0.11162
DLX6,0.18209
DMAP1,0.15523
DMBT1,-0.05177
DMBX1,0.06598
DMC1,0.12785
DMD,-0.16923
DMGDH,-0.013823
DMKN,-0.089161
DMP1,-0.16108
DMPK,-0.057387
DMRT1,0.16801
DMRT2,-0.26537
DMRT3,0.1908
DMRTA1,0.042754
DMRTA2,-0.13939
DMRTB1,0.18068
DMRTC1,-0.010776
DMRTC1B,0.05014
DMRTC2,-0.081611
DMTF1,-0.037994
DMTN,-0.10169
DMWD,0.047728
DMXL1,-0.1246
DMXL2,-0.070705
DNA2,0.23883
DNAAF1,0.021683
DNAAF2,0.13347
DNAAF3,0.076359
DNAAF4,-0.1404
DNAAF5,-0.115
DNAH1,-0.033067
DNAH10,0.010268
DNAH11,0.03614
DNAH12,-0.056332
DNAH14,0.020476
DNAH17,0.06678
DNAH2,-0.22074
DNAH3,-0.12705
DNAH5,-0.091572
DNAH6,0.21495
DNAH7,0.011218
DNAH8,-0.16746
DNAH9,-0.097787
DNAI1,-0.040393
DNAI2,0.068417
DNAJA1,0.17416
DNAJA2,0.084205
DNAJA3,0.27159
DNAJA4,0.022842
DNAJB1,0.029571
DNAJB11,0.017446
DNAJB12,0.054124
DNAJB13,-0.19025
DNAJB14,-0.13066
DNAJB2,-0.12174
DNAJB3,0.15938
DNAJB4,-0.12177
DNAJB5,-0.052589
DNAJB6,-0.053269
DNAJB7,0.050377
DNAJB8,-0.039702
DNAJB9,-0.041302
DNAJC1,-0.074544
DNAJC10,0.16708
DNAJC11,0.051478
DNAJC12,-0.0094672
DNAJC13,0.036483
DNAJC14,-0.1383
DNAJC15,0.026027
DNAJC16,-0.088299
DNAJC17,0.041301
DNAJC18,0.033552
DNAJC19,0.11337
DNAJC2,0.15949
DNAJC21,-0.12285
DNAJC22,-0.082586
DNAJC24,0.092131
DNAJC25,-0.020403
DNAJC27,0.01197
DNAJC28,0.18132
DNAJC3,0.095689
DNAJC30,-0.12177
DNAJC4,-0.063706
DNAJC5,0.038969
DNAJC5B,0.091848
DNAJC5G,-0.1411
DNAJC6,0.067742
DNAJC7,0.15233
DNAJC8,-0.22051
DNAJC9,-0.040321
DNAL1,-0.051941
DNAL4,-0.052076
DNALI1,-0.085591
DNASE1,0.085416
DNASE1L1,-0.12993
DNASE1L2,-0.20265
DNASE1L3,-0.092418
DNASE2,0.1362
DNASE2B,-0.008186
DND1,-0.080351
DNER,0.080505
DNHD1,-0.076226
DNLZ,-0.027038
DNM1,0.19153
DNM1L,-0.091503
DNM2,0.57393
DNM3,0.16529
DNMBP,-0.15077
DNMT1,-0.0053239
DNMT3A,0.062102
DNMT3B,0.034309
DNMT3L,0.01869
DNPEP,0.018248
DNPH1,0.11373
DNTT,0.063399
DNTTIP1,-0.31048
DNTTIP2,0.69787
DOC2A,0.04941
DOC2B,0.096726
DOCK1,0.088636
DOCK10,-0.25455
DOCK11,-0.059951
DOCK2,-0.44988
DOCK3,-0.013813
DOCK4,0.035847
DOCK5,0.14604
DOCK6,-0.089123
DOCK7,-2.1701e-05
DOCK8,0.11284
DOCK9,-0.028629
DOHH,0.048281
DOK1,-0.14705
DOK2,0.094808
DOK3,-0.077729
DOK4,0.053461
DOK5,0.14157
DOK6,-0.17261
DOK7,-0.11793
DOLK,0.074344
DOLPP1,-0.16343
DONSON,0.65309
DOPEY1,-0.001887
DOPEY2,-0.15644
DOT1L,-0.03407
DPAGT1,-0.14113
DPCD,-0.10987
DPCR1,0.0447
DPEP1,-0.12189
DPEP2,0.12721
DPEP3,-0.10201
DPF1,0.0028886
DPF2,-0.045731
DPF3,-0.0079308
DPH1,-0.020375
DPH2,0.14083
DPH3,-0.005707
DPH3P1,-0.16524
DPH5,-0.10659
DPH6,-0.099956
DPH7,0.031176
DPM1,-0.19434
DPM2,0.10891
DPM3,-0.033707
DPP10,0.063655
DPP3,-0.20679
DPP4,0.30372
DPP6,0.11128
DPP7,0.14819
DPP8,-0.11595
DPP9,-0.15974
DPP9-AS1,-0.24502
DPPA2,0.17688
DPPA3,-0.069578
DPPA4,-0.20749
DPPA5,0.034395
DPRX,-0.024793
DPT,0.075482
DPY19L1,0.041541
DPY19L2,-0.057235
DPY19L3,-0.14315
DPY19L4,-0.08731
DPYD,-0.14503
DPYS,-0.089672
DPYSL2,0.19076
DPYSL3,0.16762
DPYSL4,0.016023
DPYSL5,0.10499
DQX1,0.11458
DR1,0.06564
DRAM1,-0.082164
DRAM2,-0.15406
DRAP1,-0.13114
DRAXIN,-0.17434
DRC1,-0.11745
DRC7,-0.097118
DRD1,-0.03893
DRD2,-0.065275
DRD3,-0.061122
DRD4,0.017744
DRD5,-0.098844
DRG1,-0.18077
DRG2,-0.16015
DRGX,-0.1287
DRICH1,0.21109
DROSHA,0.090888
DRP2,0.0014566
DSC1,0.0173
DSC2,0.14652
DSC3,-0.028539
DSCAM,0.068373
DSCAML1,-0.080198
DSCC1,0.015806
DSCR3,-0.24467
DSCR4,0.026646
DSE,-0.10008
DSEL,0.11036
DSG1,-0.065847
DSG2,-0.075316
DSG3,0.21765
DSG4,-0.026903
DSN1,0.4621
DSP,-0.052801
DSPP,-0.042607
DST,0.029027
DSTN,0.012893
DSTYK,-0.058122
DTD1,0.13916
DTD2,-0.11953
DTHD1,-0.11186
DTL,0.062116
DTNA,0.17313
DTNB,0.10935
DTNBP1,-0.36785
DTWD1,-0.14855
DTWD2,0.086383
DTX1,0.19995
DTX2,-0.24587
DTX3,0.038861
DTX3L,-0.22747
DTX4,0.02046
DTYMK,0.085316
DUOX1,0.088067
DUOX2,0.14392
DUOXA1,-0.12509
DUOXA2,-0.14071
DUPD1,0.10766
DUS1L,0.033198
DUS2,-0.015184
DUS3L,0.008167
DUS4L,-0.036136
DUSP1,0.030956
DUSP10,0.089938
DUSP11,-0.093532
DUSP12,0.058411
DUSP13,0.10399
DUSP14,0.26242
DUSP15,-0.087255
DUSP16,-0.052678
DUSP18,-0.11285
DUSP19,-0.14629
DUSP2,0.26646
DUSP21,-0.1596
DUSP22,0.11498
DUSP23,0.051818
DUSP26,0.029138
DUSP27,-0.14472
DUSP28,-0.033971
DUSP3,0.13093
DUSP4,0.079665
DUSP5,0.0093521
DUSP6,0.13222
DUSP7,0.15819
DUSP8,0.018635
DUSP9,0.21114
DUT,0.44096
DUX4,-0.012254
DUXA,-0.067888
DVL1,0.22398
DVL2,0.051386
DVL3,0.14334
DXO,-0.15937
DYDC1,-0.1363
DYDC2,0.24571
DYM,-0.014019
DYNAP,-0.1642
DYNC1H1,-0.16739
DYNC1I1,0.065674
DYNC1I2,0.62441
DYNC1LI1,0.15123
DYNC1LI2,-0.0055868
DYNC2H1,-0.084464
DYNC2LI1,-0.3506
DYNLL1,-0.072505
DYNLL2,-0.045604
DYNLRB1,-0.047766
DYNLRB2,0.17902
DYNLT1,-0.1326
DYNLT3,0.043011
DYRK1A,-0.15356
DYRK1B,-0.32344
DYRK2,0.13273
DYRK3,0.1151
DYRK4,-0.10191
DYSF,0.1163
DYTN,-0.14258
DZANK1,-0.15082
DZIP1,0.088555
DZIP1L,0.08163
DZIP3,-0.075904
E2F1,0.62465
E2F2,0.20238
E2F3,0.17319
E2F4,0.32969
E2F5,-0.063728
E2F6,-0.10901
E2F7,0.18206
E2F8,-0.03479
E4F1,0.1141
EAF1,-0.097559
EAF2,-0.19304
EAPP,0.18625
EARS2,0.23604
EBAG9,0.1093
EBF1,-0.014167
EBF2,-0.13201
EBF3,0.019988
EBF4,-0.036154
EBI3,0.015484
EBLN1,-0.2278
EBLN2,0.027398
EBNA1BP2,0.3875
EBP,0.019743
EBPL,0.048531
ECD,0.29005
ECE1,-0.088559
ECE2,-0.010517
ECEL1,-0.043597
ECH1,-0.056748
ECHDC1,0.053955
ECHDC2,0.088436
ECHDC3,0.076178
ECHS1,-0.12763
ECI1,-0.13473
ECI2,0.13527
ECM1,-0.12315
ECM2,0.13478
ECSCR,-0.13002
ECSIT,0.057752
ECT2,-0.021248
ECT2L,0.12133
EDA,0.11902
EDA2R,0.0016437
EDAR,0.046007
EDARADD,0.044963
EDC3,-0.062497
EDC4,0.47254
EDDM3A,-0.16818
EDDM3B,0.046568
EDEM1,0.049963
EDEM2,-0.14211
EDEM3,0.027777
EDF1,0.19675
EDIL3,0.19563
EDN1,0.08937
EDN2,-0.066351
EDN3,0.18347
EDNRA,0.044425
EDNRB,0.1029
EDRF1,0.091096
EEA1,0.078306
EED,0.12028
EEF1A1,0.20723
EEF1A2,-0.40089
EEF1AKMT2,0.061177
EEF1AKMT3,0.029561
EEF1B2,-0.22609
EEF1D,-0.0071435
EEF1E1,0.12334
EEF1G,0.11917
EEF2,0.43049
EEF2K,-0.014973
EEF2KMT,-0.063032
EEFSEC,-0.037947
EEPD1,-0.097169
EFCAB1,-0.023499
EFCAB11,0.13949
EFCAB12,-0.19357
EFCAB13,-0.047791
EFCAB14,-0.19313
EFCAB2,-0.036542
EFCAB3,-0.080751
EFCAB5,-0.037367
EFCAB6,0.082331
EFCAB7,-0.16383
EFCAB8,-0.025806
EFCAB9,-0.14217
EFCC1,0.2328
EFEMP1,0.062076
EFEMP2,-0.016997
EFHB,0.15258
EFHC1,-0.10853
EFHC2,0.026267
EFHD1,-0.20848
EFHD2,-0.0084692
EFNA1,0.056127
EFNA2,-0.0497
EFNA3,-0.10122
EFNA5,0.0098852
EFNB1,-0.2231
EFNB2,0.11454
EFNB3,-0.18064
EFR3A,0.28378
EFR3B,0.15544
EFS,0.0029524
EFTUD2,0.7148
EGF,0.16804
EGFL6,0.063254
EGFL7,0.032839
EGFL8,0.17166
EGFLAM,-0.098959
EGFR,0.036383
EGLN1,-0.10004
EGLN2,0.039191
EGLN3,0.11543
EGR1,-0.095722
EGR2,-0.27339
EGR3,-0.23046
EGR4,0.15625
EHBP1,-0.18176
EHBP1L1,-0.063694
EHD1,-0.023286
EHD2,0.23316
EHD3,-0.10144
EHD4,-0.013666
EHF,-0.015016
EHHADH,0.18297
EHMT1,0.32148
EHMT2,0.03209
EI24,0.37335
EID1,-0.012003
EID2,-0.15336
EID2B,0.092407
EID3,-0.090319
EIF1,-0.14551
EIF1AD,0.19368
EIF1AX,0.09683
EIF1AY,-0.082009
EIF1B,-0.066205
EIF2A,0.03024
EIF2AK1,-0.011848
EIF2AK2,-0.15488
EIF2AK3,-0.080972
EIF2AK4,-0.050954
EIF2B1,-0.14135
EIF2B2,-0.16502
EIF2B3,-0.13029
EIF2B4,0.19227
EIF2B5,-0.1623
EIF2D,0.12509
EIF2S1,0.01586
EIF2S2,0.12788
EIF2S3,0.097863
EIF3A,0.18986
EIF3B,0.47816
EIF3C,0.33925
EIF3D,1.5746
EIF3E,0.21122
EIF3F,0.586
EIF3G,0.080657
EIF3H,0.35728
EIF3I,0.44982
EIF3J,0.059866
EIF3K,0.96183
EIF3L,0.27536
EIF3M,0.16087
EIF4A1,0.15789
EIF4A2,0.079827
EIF4A3,0.33471
EIF4B,0.32525
EIF4E,0.035544
EIF4E1B,-0.08145
EIF4E2,0.28412
EIF4E3,0.21774
EIF4EBP1,0.02882
EIF4EBP2,-0.041137
EIF4EBP3,0.14182
EIF4ENIF1,0.077418
EIF4G1,0.45271
EIF4G2,-0.15321
EIF4G3,-0.32005
EIF4H,0.10481
EIF5,-0.12001
EIF5A,0.44343
EIF5A2,0.19824
EIF5AL1,0.23049
EIF5B,0.086366
EIF6,0.18922
ELAC1,0.0061189
ELAC2,0.0027069
ELANE,-0.12733
ELAVL1,-0.12813
ELAVL2,-0.0063018
ELAVL3,0.11993
ELAVL4,-0.067578
ELF1,-0.28432
ELF2,0.02709
ELF3,0.055138
ELF4,-0.18139
ELF5,-0.22716
ELFN1,-0.090769
ELFN2,0.23549
ELK1,-0.13432
ELK3,0.12088
ELK4,0.095883
ELL,-0.0022168
ELL2,0.15925
ELL3,-0.057234
ELMO1,-0.065769
ELMO2,0.24004
ELMO3,0.11757
ELMOD1,-0.034299
ELMOD2,0.17904
ELMOD3,-0.082721
ELMSAN1,0.02246
ELN,-0.16506
ELOA,-0.33152
ELOA2,-0.11811
ELOA3B,0.11564
ELOB,0.29736
ELOC,0.11973
ELOF1,-0.41498
ELOVL1,0.12418
ELOVL2,0.039837
ELOVL3,-0.030437
ELOVL4,0.068278
ELOVL5,-0.030093
ELOVL6,-0.10588
ELOVL7,-0.065356
ELP2,0.039317
ELP3,-0.25413
ELP4,0.19706
ELP5,-0.22393
ELP6,0.079011
ELSPBP1,-0.14056
EMB,-0.036932
EMC1,-0.011233
EMC10,0.035087
EMC2,0.14477
EMC3,-0.048192
EMC4,0.046828
EMC6,-0.05512
EMC7,0.080152
EMC8,-0.12007
EMC9,0.1483
EMCN,-0.22083
EMD,0.17157
EME1,0.20883
EME2,0.11605
EMG1,0.35598
EMID1,0.28787
EMILIN1,-0.083699
EMILIN2,0.01659
EMILIN3,0.15697
EML1,0.095571
EML2,-0.070913
EML3,-0.077146
EML4,-0.15221
EML5,0.1931
EML6,0.0025375
EMP1,-0.11187
EMP2,-0.10684
EMP3,-0.4244
EMX1,-0.086615
EMX2,0.084937
EN1,-0.053504
EN2,0.14541
ENAH,-0.106
ENAM,-0.050305
ENC1,0.10927
ENDOD1,-0.14652
ENDOG,0.037854
ENDOU,0.0078511
ENDOV,0.033178
ENG,-0.14142
ENGASE,-0.23943
ENHO,-0.19087
ENKD1,0.066417
ENKUR,-0.099472
ENO1,0.032528
ENO2,-0.1566
ENO3,-0.080039
ENO4,0.08246
ENOPH1,-0.10638
ENOSF1,-0.074185
ENOX1,0.016343
ENOX2,-0.090408
ENPEP,-0.21151
ENPP1,0.088784
ENPP2,0.15357
ENPP3,0.021615
ENPP4,-0.063679
ENPP5,0.15034
ENPP6,-0.10259
ENPP7,0.04567
ENSA,0.048322
ENTHD1,-0.11062
ENTPD1,-0.15258
ENTPD2,-0.16269
ENTPD3,0.0016788
ENTPD4,-0.062995
ENTPD5,-0.050377
ENTPD6,0.20706
ENTPD7,-0.036989
ENTPD8,-0.061171
ENY2,-0.29314
EOGT,-0.013313
EOMES,0.056064
EP300,-0.067743
EP400,1.0338
EPAS1,0.055027
EPB41,0.054315
EPB41L1,-0.11995
EPB41L2,-0.089847
EPB41L3,0.10621
EPB41L4A,0.029824
EPB41L4B,-0.075741
EPB41L5,-0.056655
EPB42,-0.079487
EPC1,-0.055626
EPC2,0.11279
EPCAM,-0.063806
EPDR1,0.14755
EPG5,0.090734
EPGN,-0.13075
EPHA1,0.034452
EPHA10,-0.02067
EPHA2,-0.018398
EPHA3,0.013798
EPHA4,-0.089
EPHA5,-0.22323
EPHA6,-0.097848
EPHA7,0.21661
EPHA8,0.0027386
EPHB1,0.023762
EPHB2,0.026722
EPHB3,0.01209
EPHB4,0.12585
EPHB6,0.03009
EPHX1,0.15123
EPHX2,0.22395
EPHX3,0.10299
EPHX4,0.03632
EPM2A,-0.054053
EPM2AIP1,0.14992
EPN1,-0.064271
EPN2,-0.080222
EPN3,0.11925
EPO,-0.017593
EPOP,-0.2325
EPOR,-0.0048423
EPPIN,0.031779
EPPK1,0.085999
EPRS,-0.0083528
EPS15,-0.048855
EPS15L1,0.37844
EPS8,-0.061756
EPS8L1,0.10595
EPS8L2,-0.01759
EPS8L3,0.050768
EPSTI1,0.18959
EPX,-0.11322
EPYC,0.0044061
EQTN,0.15798
ERAL1,-0.04276
ERAP1,0.12062
ERAP2,0.02679
ERAS,0.13439
ERBB2,0.029037
ERBB3,0.06424
ERBB4,-0.03151
ERC1,-0.030721
ERC2,0.017071
ERCC1,0.085192
ERCC2,-0.098474
ERCC3,0.10377
ERCC4,-0.0053124
ERCC5,-0.083704
ERCC6,-0.0020756
ERCC6L,-0.0025827
ERCC6L2,-0.12974
ERCC8,-0.16278
EREG,0.069882
ERF,0.030767
ERFE,0.039072
ERG,-0.034435
ERGIC1,-0.016793
ERGIC2,0.12955
ERGIC3,-0.034673
ERH,0.44585
ERI1,0.0053438
ERI2,-0.19039
ERI3,-0.2673
ERICH1,-0.13744
ERICH2,0.084786
ERICH3,-0.12906
ERICH4,-0.05426
ERICH5,0.34406
ERICH6,0.07377
ERICH6B,-0.13291
ERLEC1,-0.051657
ERLIN1,-0.11435
ERLIN2,-0.24507
ERMAP,0.1471
ERMARD,-0.058529
ERMN,0.12122
ERMP1,-0.096098
ERN1,-0.052533
ERN2,-0.10646
ERP27,-0.15933
ERP29,-0.2279
ERP44,0.11539
ERRFI1,0.098872
ERV3-1,0.037671
ERVFRD-1,-0.12427
ERVH48-1,0.13517
ERVMER34-1,-0.045061
ERVV-1,0.12044
ERVV-2,0.040061
ERVW-1,0.079344
ESAM,-0.010345
ESCO1,0.010684
ESCO2,-0.11895
ESD,-0.14391
ESF1,0.42688
ESM1,-0.10163
ESPL1,0.12687
ESPN,-0.0057312
ESPNL,0.066555
ESR1,-0.0015518
ESR2,-0.091247
ESRP1,0.039674
ESRP2,-0.0022486
ESRRA,0.011823
ESRRB,0.02297
ESRRG,-0.074099
ESX1,-0.001608
ESYT1,0.06963
ESYT2,0.078793
ESYT3,0.14476
ETAA1,-0.063715
ETF1,-0.44534
ETFA,0.064971
ETFB,0.049837
ETFDH,-0.042339
ETFRF1,-0.044787
ETHE1,-0.04387
ETNK1,-0.3979
ETNK2,-0.020998
ETNPPL,-0.057518
ETS1,-0.010755
ETS2,0.059361
ETV1,0.091516
ETV2,-0.10653
ETV3,0.0084297
ETV3L,-0.0086614
ETV4,-0.17676
ETV5,0.013813
ETV6,0.041669
ETV7,-0.12196
EVA1A,-0.0078552
EVA1B,-0.15994
EVA1C,0.10337
EVC,0.068567
EVC2,0.030865
EVI2A,-0.058831
EVI2B,-0.082743
EVI5,0.021973
EVI5L,-0.004792
EVL,0.033191
EVPL,0.33489
EVPLL,-0.043703
EVX1,-0.054774
EVX2,-0.13538
EWSR1,0.16207
EXD1,0.050703
EXD2,0.00682
EXD3,-0.14849
EXO1,0.012177
EXO5,0.017809
EXOC1,-0.26915
EXOC2,-0.27924
EXOC3,-0.08345
EXOC3L1,-0.1266
EXOC3L2,0.057795
EXOC3L4,-0.033579
EXOC4,-0.24732
EXOC5,-0.30389
EXOC6,0.020499
EXOC6B,-0.093277
EXOC7,-0.2277
EXOC8,-0.20135
EXOG,0.082012
EXOSC1,-0.0032924
EXOSC10,0.075299
EXOSC2,0.047716
EXOSC3,0.0031871
EXOSC4,0.2517
EXOSC5,0.10532
EXOSC6,0.023583
EXOSC7,0.21759
EXOSC8,0.074982
EXOSC9,0.020613
EXPH5,0.019766
EXT1,0.062484
EXT2,-0.1193
EXTL1,0.016834
EXTL2,-0.0226
EXTL3,-0.01825
EYA1,-0.073058
EYA2,-0.1298
EYA3,-0.080321
EYA4,-0.1594
EYS,0.10424
EZH1,-0.081577
EZH2,0.072959
EZR,0.06466
F10,-0.14299
F11,-0.17752
F11R,0.24397
F12,-0.042406
F13A1,-0.04195
F13B,-0.17303
F2,0.17423
F2R,0.068542
F2RL1,0.035087
F2RL2,-0.11611
F2RL3,-0.13116
F3,0.071128
F5,-0.11411
F7,-0.16139
F8,-0.003174
F8A1,0.10713
F8A2,-0.21709
F8A3,0.02941
F9,-0.042208
FA2H,0.032426
FAAH,0.018843
FAAH2,-0.0077665
FAAP100,0.20999
FAAP20,-0.0063593
FAAP24,0.064242
FABP1,0.011295
FABP12,-0.12546
FABP2,0.034249
FABP3,0.21037
FABP4,-0.052784
FABP5,-0.027942
FABP6,-0.035962
FABP7,-0.26495
FABP9,0.077187
FADD,0.27679
FADS1,-0.15877
FADS2,0.086114
FADS3,0.053787
FADS6,-0.00066401
FAF1,-0.14361
FAF2,-0.13266
FAH,-0.096707
FAHD1,0.077034
FAHD2A,0.013958
FAHD2B,-0.080881
FAIM,0.17225
FAIM2,0.10045
FAM102A,0.031602
FAM102B,0.11075
FAM103A1,0.11949
FAM104A,-0.039636
FAM104B,0.039899
FAM105A,0.06587
FAM107A,-0.022482
FAM107B,0.050458
FAM109A,0.16591
FAM109B,-0.14298
FAM110A,0.067285
FAM110B,0.14596
FAM110C,0.012133
FAM110D,0.0086387
FAM111A,0.079288
FAM111B,-0.10013
FAM114A1,0.11405
FAM114A2,0.20158
FAM117A,0.17891
FAM117B,-0.054515
FAM118A,0.026216
FAM118B,0.048577
FAM120A,-0.29569
FAM120AOS,0.095686
FAM120B,0.20506
FAM120C,-0.039972
FAM122A,0.21703
FAM122B,0.046214
FAM122C,-0.035114
FAM124A,0.042661
FAM124B,0.086444
FAM126A,-0.18501
FAM126B,0.068402
FAM129A,-0.01062
FAM129B,0.0028611
FAM129C,-0.12565
FAM131A,0.031665
FAM131B,0.02624
FAM131C,0.040543
FAM133A,-0.13119
FAM133B,-0.20275
FAM135A,0.056435
FAM135B,0.024401
FAM136A,0.015786
FAM13A,0.062397
FAM13B,0.12191
FAM13C,0.055499
FAM149A,-0.018592
FAM149B1,0.1283
FAM151A,-0.25495
FAM151B,0.060286
FAM153B,-0.037053
FAM155A,-0.058711
FAM155B,-0.090758
FAM156A,-0.012501
FAM156B,0.09992
FAM157A,-0.016101
FAM157B,-0.032213
FAM159A,-0.045287
FAM159B,0.093207
FAM160A1,0.20687
FAM160A2,0.15822
FAM160B1,0.054578
FAM160B2,0.11058
FAM161A,0.3201
FAM161B,0.1235
FAM162A,-0.022511
FAM162B,-0.12059
FAM163A,-0.065613
FAM163B,0.025874
FAM166A,-0.13705
FAM166B,0.030824
FAM167A,0.052664
FAM167B,-0.19175
FAM168A,-0.21783
FAM168B,0.11918
FAM169A,-0.057827
FAM169B,-0.069539
FAM170A,-0.050028
FAM170B,-0.12438
FAM171A1,-0.034315
FAM171A2,0.13214
FAM171B,-0.10818
FAM172A,0.02096
FAM173A,-0.065774
FAM173B,-0.01353
FAM174A,-0.04853
FAM174B,-0.080826
FAM175A,-0.18534
FAM175B,0.15317
FAM177A1,0.11234
FAM177B,-0.052095
FAM178B,0.084368
FAM180A,-0.017144
FAM180B,-0.0094264
FAM181A,-0.11643
FAM181B,0.16205
FAM183A,0.085677
FAM184A,0.078195
FAM184B,-0.10269
FAM185A,-0.030329
FAM186A,-0.090233
FAM186B,0.10443
FAM187A,-0.031775
FAM187B,-0.11555
FAM189A1,0.14263
FAM189A2,-0.02832
FAM189B,0.017963
FAM192A,-0.10024
FAM193A,0.026784
FAM193B,0.053973
FAM196A,-0.0030721
FAM196B,-0.1068
FAM198A,0.083813
FAM198B,-0.17964
FAM199X,0.15591
FAM19A1,0.0014882
FAM19A2,0.03684
FAM19A3,-0.044149
FAM19A4,0.12509
FAM19A5,-0.012292
FAM200A,0.049662
FAM200B,-0.053293
FAM204A,0.35416
FAM205A,-0.05889
FAM205C,-0.14537
FAM206A,0.01931
FAM207A,-0.063048
FAM208A,-0.092581
FAM208B,0.024389
FAM209A,0.1162
FAM209B,-0.082289
FAM20A,0.040751
FAM20B,-0.046424
FAM20C,-0.045233
FAM210A,-0.25056
FAM210B,-0.039606
FAM212A,0.27423
FAM212B,0.050562
FAM213A,0.057291
FAM213B,0.17571
FAM214A,0.095356
FAM214B,0.14153
FAM216A,0.077368
FAM216B,0.020552
FAM217A,0.076564
FAM217B,-0.18276
FAM218A,-0.12221
FAM219A,-0.054006
FAM219B,-0.029583
FAM220A,-0.13238
FAM221A,-0.030072
FAM221B,0.0075225
FAM222A,0.049393
FAM222B,0.11999
FAM227A,-0.069382
FAM227B,0.2041
FAM228A,-0.08144
FAM228B,0.1137
FAM229A,-0.10719
FAM229B,0.12478
FAM231A,0.099803
FAM231C,0.041761
FAM237A,0.17362
FAM240A,0.23768
FAM24A,-0.24846
FAM24B,-0.046766
FAM25A,0.15595
FAM25C,-0.0072755
FAM26D,-0.042429
FAM26E,-0.061639
FAM26F,0.040011
FAM32A,0.073456
FAM35A,-0.030131
FAM3A,-0.064685
FAM3B,0.23252
FAM3C,-0.031106
FAM3D,0.16234
FAM43A,-0.0013813
FAM43B,0.070334
FAM45A,-0.028275
FAM46A,-0.040278
FAM46B,-0.029363
FAM46C,-0.044152
FAM46D,-0.15192
FAM47A,-0.093859
FAM47B,0.030693
FAM47C,-0.023417
FAM47E,0.046019
FAM49A,0.094372
FAM49B,0.55796
FAM50A,0.027197
FAM50B,-0.017771
FAM53A,0.1184
FAM53B,0.06766
FAM53C,-0.12035
FAM57A,-0.014685
FAM57B,0.018688
FAM58A,-0.14049
FAM60A,0.3357
FAM69A,0.061717
FAM69B,0.030154
FAM69C,-0.16869
FAM71A,-0.045074
FAM71B,-0.044137
FAM71C,-0.32849
FAM71D,-0.1162
FAM71E1,0.021568
FAM71E2,0.21616
FAM71F1,-0.19946
FAM71F2,-0.050083
FAM72B,0.097588
FAM72C,0.094331
FAM72D,0.0039917
FAM76A,-0.30972
FAM76B,-0.030601
FAM78A,-0.15941
FAM78B,0.13505
FAM81A,-0.070196
FAM81B,0.081845
FAM83A,-0.048703
FAM83B,-0.19532
FAM83C,-0.12579
FAM83D,0.047257
FAM83E,-0.1108
FAM83F,0.13738
FAM83G,0.017606
FAM83H,0.13579
FAM84A,0.17873
FAM84B,0.1649
FAM86B1,0.035356
FAM86B2,-0.055693
FAM86C1,-0.01706
FAM89A,0.0096153
FAM89B,0.10369
FAM8A1,0.011575
FAM90A1,0.011878
FAM91A1,-0.25184
FAM92A,0.088161
FAM92B,0.056454
FAM96A,0.049799
FAM96B,-0.0895
FAM98A,-0.22451
FAM98B,0.029208
FAM98C,0.028355
FAM9A,0.29289
FAM9B,-0.15221
FAM9C,-0.13845
FAN1,0.075979
FANCA,0.22996
FANCB,0.19505
FANCC,-0.20983
FANCD2,0.29305
FANCD2OS,0.0097829
FANCE,-0.1536
FANCF,0.068494
FANCG,0.050915
FANCI,0.19519
FANCL,0.13192
FANCM,0.15544
FANK1,-0.12614
FAP,0.12867
FAR1,0.17382
FAR2,-0.063215
FARP1,-0.032166
FARP2,-0.044039
FARS2,-0.14248
FARSA,-0.07993
FARSB,0.13152
FAS,-0.16284
FASLG,0.060523
FASN,-0.095466
FASTK,0.27057
FASTKD1,-0.11334
FASTKD2,-0.13437
FASTKD3,0.062596
FAT1,0.16365
FAT2,-0.16846
FAT3,-0.050626
FAT4,0.16637
FATE1,-0.06409
FAU,0.49086
FAXC,-0.0075528
FAXDC2,0.016087
FBF1,0.040333
FBL,0.40312
FBLIM1,-0.16348
FBLN1,0.18603
FBLN2,0.091119
FBLN5,-0.017178
FBLN7,-0.064037
FBN1,0.060465
FBN2,-0.0461
FBN3,-0.0016073
FBP1,0.11548
FBP2,-0.21289
FBRS,0.25145
FBRSL1,-0.20488
FBXL12,0.012257
FBXL13,0.09898
FBXL14,0.067178
FBXL15,-0.1105
FBXL16,0.12969
FBXL17,0.0059538
FBXL18,-0.06162
FBXL19,0.035626
FBXL2,-0.14081
FBXL20,-0.092126
FBXL21,-0.11098
FBXL22,0.02456
FBXL3,-0.03614
FBXL4,-0.076501
FBXL5,-0.066707
FBXL6,0.0033809
FBXL7,-0.028263
FBXL8,0.036686
FBXO10,0.00537
FBXO11,0.020437
FBXO15,0.044419
FBXO16,-0.027771
FBXO17,-0.075386
FBXO18,-0.039586
FBXO2,0.11467
FBXO21,0.01326
FBXO22,-0.039747
FBXO24,-0.083338
FBXO25,0.17571
FBXO27,0.10083
FBXO28,0.034992
FBXO3,0.072523
FBXO30,0.0078808
FBXO31,0.081397
FBXO32,0.0274
FBXO33,0.15985
FBXO34,0.00081412
FBXO36,0.041275
FBXO38,0.30777
FBXO39,-0.025319
FBXO4,-0.14624
FBXO40,-0.011134
FBXO41,0.063122
FBXO42,-0.041143
FBXO43,0.21306
FBXO44,0.16553
FBXO45,0.13671
FBXO46,0.16139
FBXO47,-0.030506
FBXO48,-0.20651
FBXO5,0.28867
FBXO6,0.094182
FBXO7,-0.23015
FBXO8,0.020466
FBXO9,-0.13664
FBXW10,-0.10999
FBXW11,-0.03617
FBXW12,0.025085
FBXW2,0.37944
FBXW4,-0.23446
FBXW5,0.18687
FBXW7,-0.27135
FBXW8,-0.074929
FBXW9,-0.16217
FCAMR,-0.19602
FCAR,0.14898
FCER1A,0.045692
FCER1G,-0.023932
FCER2,-0.07774
FCF1,0.39702
FCGBP,-0.17322
FCGR1A,-0.13266
FCGR1B,0.047627
FCGR2A,-0.079581
FCGR2B,-0.062824
FCGR2C,-0.17596
FCGR3A,0.026666
FCGR3B,0.10524
FCGRT,0.33153
FCHO1,0.031082
FCHO2,-0.046903
FCHSD1,-0.014563
FCHSD2,0.15791
FCMR,0.00051862
FCN1,0.05577
FCN2,0.031578
FCN3,-0.10374
FCRL1,-0.18551
FCRL2,0.022079
FCRL3,0.048548
FCRL4,-0.060567
FCRL5,0.053097
FCRL6,-0.13435
FCRLA,-0.050561
FCRLB,-0.097625
FDCSP,0.065026
FDFT1,0.27705
FDPS,-0.046795
FDX1,-0.0085409
FDX1L,0.053385
FDXACB1,0.16977
FDXR,0.053223
FECH,0.089237
FEM1A,0.090812
FEM1B,-0.097219
FEM1C,0.077457
FEN1,-0.15606
FER,-0.20691
FER1L5,0.10355
FER1L6,0.11182
FERD3L,-0.0052137
FERMT1,0.12535
FERMT2,-0.11634
FERMT3,-0.1355
FES,0.01737
FETUB,0.049721
FEV,-0.15918
FEZ1,-0.022364
FEZ2,0.12821
FEZF1,-0.088889
FEZF2,-0.27068
FFAR1,0.069572
FFAR2,-0.22896
FFAR3,0.24192
FFAR4,-0.088139
FGA,0.078574
FGB,-0.024258
FGD1,-0.013448
FGD2,-0.11551
FGD3,0.109
FGD4,-0.067555
FGD5,-0.057397
FGD6,0.1013
FGF1,0.013364
FGF10,0.066002
FGF11,-0.21586
FGF12,-0.046319
FGF13,0.0070483
FGF14,0.012484
FGF16,0.0086276
FGF17,0.21125
FGF18,0.0080888
FGF19,-0.11597
FGF2,-0.0039504
FGF20,0.1046
FGF21,-0.19326
FGF22,0.10835
FGF23,-0.097938
FGF3,-0.1499
FGF4,0.20663
FGF5,0.107
FGF6,0.030244
FGF7,0.023183
FGF8,0.030293
FGF9,0.051486
FGFBP1,0.082635
FGFBP2,-0.1054
FGFBP3,-0.050902
FGFR1,0.28338
FGFR1OP,-0.16012
FGFR1OP2,-0.030243
FGFR2,0.0029445
FGFR3,0.036341
FGFR4,0.010444
FGFRL1,0.11389
FGG,0.083056
FGGY,0.045084
FGL1,-0.053991
FGL2,-0.044445
FGR,0.14315
FH,0.22601
FHAD1,-0.014211
FHDC1,-0.12796
FHIT,0.097493
FHL1,-0.12146
FHL2,-0.0057254
FHL3,0.19813
FHL5,-0.12938
FHOD1,-0.1847
FHOD3,0.069423
FIBCD1,-0.046393
FIBIN,0.062856
FIBP,0.13817
FICD,0.15406
FIG4,0.014599
FIGLA,0.36282
FIGN,-0.12502
FIGNL1,0.30446
FIGNL2,-0.07301
FILIP1,-0.15719
FILIP1L,-0.065926
FIS1,0.075417
FITM1,0.1148
FITM2,-0.12327
FIZ1,0.16192
FJX1,-0.042677
FKBP10,-0.1068
FKBP11,0.040876
FKBP14,-0.22556
FKBP15,0.13575
FKBP1A,-0.017199
FKBP1B,-0.11906
FKBP2,0.10224
FKBP3,0.0062784
FKBP4,0.018716
FKBP5,-0.046236
FKBP6,-0.016255
FKBP7,-0.049203
FKBP8,-0.014743
FKBP9,-0.02643
FKBPL,0.069135
FKRP,0.42738
FKTN,0.13822
FLAD1,0.17415
FLCN,0.18753
FLG,0.18319
FLG2,0.039398
FLI1,-0.022113
FLII,-0.15887
FLJ44635,-0.13645
FLJ45513,0.031891
FLNA,-0.12035
FLNB,-0.09032
FLNC,0.045088
FLOT1,-0.0061212
FLOT2,-0.054166
FLRT1,-0.032563
FLRT2,-0.10238
FLRT3,0.04438
FLT1,-0.26031
FLT3,0.034213
FLT3LG,0.16031
FLT4,-0.12096
FLVCR1,-0.19554
FLVCR2,0.11643
FLYWCH1,0.064219
FLYWCH2,0.19747
FMC1,-0.13456
FMN1,0.11515
FMN2,-0.077061
FMNL1,-0.10062
FMNL2,0.11329
FMNL3,0.001665
FMO1,0.1572
FMO2,-0.085413
FMO3,-0.22157
FMO4,-0.04172
FMO5,-0.089916
FMOD,0.039197
FMR1,0.12671
FMR1NB,0.0035744
FN1,0.19846
FN3K,0.098025
FN3KRP,0.13202
FNBP1,0.033818
FNBP1L,-0.18155
FNBP4,0.24328
FNDC1,0.062323
FNDC10,0.16138
FNDC11,-0.01555
FNDC3A,-0.16456
FNDC3B,0.033188
FNDC4,0.02447
FNDC5,0.11743
FNDC7,0.13332
FNDC8,-0.13984
FNDC9,-0.062885
FNIP1,0.049382
FNIP2,0.26108
FNTA,-0.27263
FNTB,-0.10867
FOCAD,-0.018065
FOLH1,-0.13359
FOLH1B,-0.21041
FOLR1,-0.22232
FOLR2,0.016241
FOLR3,-0.032321
FOPNL,-0.043283
FOS,-0.06428
FOSB,-0.10452
FOSL1,-0.0056513
FOSL2,-0.076469
FOXA1,0.17543
FOXA2,-0.06962
FOXA3,0.16158
FOXB1,0.0046994
FOXB2,-0.033447
FOXC1,0.022876
FOXC2,0.094798
FOXD1,0.065883
FOXD2,-0.13235
FOXD3,0.22441
FOXD4,0.15248
FOXD4L1,-0.12342
FOXD4L3,-0.15181
FOXD4L4,-0.088048
FOXD4L5,0.0097705
FOXD4L6,0.040517
FOXE1,0.12291
FOXE3,-0.039021
FOXF1,-0.023363
FOXF2,-0.00023195
FOXG1,-0.036111
FOXH1,0.035135
FOXI1,0.051987
FOXI2,-0.13525
FOXI3,-0.12082
FOXJ1,0.022265
FOXJ2,-0.093052
FOXJ3,-0.020734
FOXK1,-0.39828
FOXK2,0.15339
FOXL1,0.11811
FOXL2,-0.10902
FOXL2NB,0.028051
FOXM1,-0.2773
FOXN1,-0.071603
FOXN2,-0.17613
FOXN3,-0.0050969
FOXN4,-0.083231
FOXO1,0.068776
FOXO3,-0.21137
FOXO4,-0.094374
FOXO6,0.15798
FOXP1,0.0097178
FOXP2,-0.083868
FOXP3,-0.099287
FOXP4,-0.054085
FOXQ1,-0.017592
FOXR1,0.040285
FOXR2,0.098821
FOXRED1,0.055298
FOXRED2,0.19107
FOXS1,-0.087002
FPGS,0.31507
FPGT,-0.02239
FPR1,-0.096874
FPR2,-0.1122
FPR3,-0.17181
FRA10AC1,0.030969
FRAS1,0.0050172
FRAT1,-0.031461
FRAT2,0.025025
FREM1,0.0032403
FREM2,-0.0014145
FREM3,0.12068
FRG1,0.20726
FRG2,0.20495
FRG2B,0.10781
FRG2C,0.026125
FRK,-0.032172
FRMD1,0.093449
FRMD3,-0.045063
FRMD4A,-0.041782
FRMD4B,-0.065895
FRMD5,0.27368
FRMD6,-0.046792
FRMD7,-0.16813
FRMD8,0.08794
FRMPD1,-0.038467
FRMPD2,-0.0068093
FRMPD3,-0.2723
FRMPD4,-0.055871
FRRS1,0.1253
FRRS1L,0.14933
FRS2,-0.081124
FRS3,-0.0076007
FRY,0.070838
FRYL,0.049315
FRZB,0.09043
FSBP,-0.085008
FSCB,-0.068207
FSCN1,0.10392
FSCN2,-0.075467
FSCN3,0.053767
FSD1,-0.04501
FSD1L,0.037284
FSD2,-0.17154
FSHB,-0.019136
FSHR,-0.072746
FSIP1,-0.047153
FSIP2,-0.088807
FST,0.02445
FSTL1,-0.026839
FSTL3,0.085515
FSTL4,0.0011649
FSTL5,0.13523
FTCD,-0.042759
FTH1,-0.057943
FTH1P18,0.066956
FTHL17,-0.048505
FTL,-0.022683
FTMT,-0.12925
FTO,-0.15693
FTSJ1,-0.052136
FTSJ3,0.449
FUBP1,0.58134
FUBP3,-0.11714
FUCA1,-0.1263
FUCA2,-0.060738
FUK,-0.12669
FUNDC1,0.29414
FUNDC2,0.20488
FUOM,0.015142
FURIN,0.065414
FUS,-0.0014884
FUT1,0.011294
FUT10,0.076325
FUT11,0.039926
FUT2,-0.18203
FUT3,-0.079807
FUT4,0.07162
FUT5,-0.080041
FUT6,0.014144
FUT7,0.11692
FUT8,-0.082918
FUT9,0.055265
FUZ,0.14887
FXN,-0.045163
FXR1,-0.24581
FXR2,-0.10157
FXYD1,-0.059884
FXYD2,0.055794
FXYD3,0.059665
FXYD4,0.034557
FXYD5,-0.32365
FXYD6,-0.092442
FXYD7,0.054382
FYB,-0.11311
FYCO1,0.091687
FYN,0.081567
FYTTD1,0.091044
FZD1,-0.17623
FZD10,-0.10358
FZD2,-0.15472
FZD3,0.12294
FZD4,-0.23561
FZD5,-0.059834
FZD6,-0.079284
FZD7,0.24479
FZD8,-0.10581
FZD9,0.17247
FZR1,-0.027856
G0S2,-0.096602
G2E3,-0.20105
G3BP1,-0.012565
G3BP2,-0.17359
G6PC,0.053347
G6PC2,0.052062
G6PC3,-0.044267
G6PD,0.17728
GAA,-0.13736
GAB1,-0.0072844
GAB2,0.042054
GAB3,0.30451
GAB4,-0.18518
GABARAP,0.032123
GABARAPL1,-0.23303
GABARAPL2,-0.0030443
GABBR1,-0.055733
GABBR2,0.2802
GABPA,-0.11323
GABPB1,0.10112
GABPB2,-0.038186
GABRA1,-0.05859
GABRA2,-0.079559
GABRA3,0.0019234
GABRA4,0.16312
GABRA5,-0.094634
GABRA6,0.070656
GABRB1,-0.17167
GABRB2,-0.046872
GABRB3,0.27363
GABRD,0.064745
GABRE,0.13594
GABRG1,-0.031302
GABRG2,0.063683
GABRG3,0.0079275
GABRP,-0.049745
GABRQ,0.017342
GABRR1,0.058397
GABRR2,-0.1374
GABRR3,-0.063088
GAD1,-0.067822
GAD2,-0.0041066
GADD45A,-0.040696
GADD45B,0.21997
GADD45G,0.18574
GADD45GIP1,-0.036483
GADL1,-0.015843
GAGE1,0.0046001
GAGE10,0.15008
GAGE12E,-0.044735
GAGE12J,-0.054144
GAGE2B,-0.091816
GAGE2E,-0.0016205
GAK,0.38987
GAL,0.077668
GAL3ST1,0.069133
GAL3ST2,0.021033
GAL3ST3,-0.0066969
GAL3ST4,-0.14247
GALC,-0.03806
GALE,0.16395
GALK1,-0.061558
GALK2,0.082471
GALM,-0.14605
GALNS,0.079385
GALNT1,-0.13497
GALNT10,0.1986
GALNT11,0.027315
GALNT12,0.010029
GALNT13,0.082737
GALNT14,0.037337
GALNT15,-0.013006
GALNT16,-0.14829
GALNT18,0.098429
GALNT2,0.13352
GALNT3,0.20884
GALNT4,-0.11976
GALNT5,0.062789
GALNT6,0.025358
GALNT7,0.13817
GALNT8,0.080597
GALNT9,0.0081411
GALNTL5,-0.15148
GALNTL6,0.092224
GALP,0.084364
GALR1,0.011496
GALR2,0.17947
GALR3,-0.023529
GALT,-0.15751
GAMT,0.14119
GAN,-0.098276
GANAB,-0.060542
GANC,-0.064923
GAP43,-0.14264
GAPDH,-0.1018
GAPDHS,-0.013742
GAPT,-0.27586
GAPVD1,-0.022975
GAR1,0.070998
GARNL3,-0.081818
GARS,0.0020473
GART,0.6055
GAS1,0.21152
GAS2,0.13921
GAS2L1,-0.1883
GAS2L2,-0.078869
GAS2L3,0.01205
GAS6,-0.060259
GAS7,-0.14885
GAS8,-0.03548
GAST,0.15905
GATA1,-0.060084
GATA2,0.21421
GATA3,-0.036215
GATA4,0.084592
GATA5,-0.13607
GATA6,0.21582
GATAD1,-0.11443
GATAD2A,-0.087872
GATAD2B,0.053385
GATB,0.000957
GATC,0.28726
GATD1,0.058326
GATM,-0.20276
GATS,-0.091839
GBA,-0.23715
GBA2,0.023171
GBA3,0.0050831
GBE1,-0.09542
GBF1,0.42807
GBGT1,0.030381
GBP1,0.20191
GBP2,-0.038628
GBP3,-0.056793
GBP4,-0.071376
GBP5,-0.21621
GBP6,-0.093947
GBP7,-0.077574
GBX1,-0.018874
GBX2,0.019594
GC,0.056673
GCA,0.097019
GCAT,-0.086123
GCC1,0.05113
GCC2,0.043862
GCDH,0.039476
GCFC2,-0.081975
GCG,-0.079308
GCGR,0.10099
GCH1,0.16181
GCHFR,0.031381
GCK,0.096733
GCKR,0.046205
GCLC,0.080234
GCLM,0.16287
GCM1,-0.0060783
GCM2,0.006066
GCN1,0.46523
GCNA,-0.12628
GCNT1,-0.071154
GCNT2,-0.15662
GCNT3,0.035366
GCNT4,-0.027251
GCNT7,-0.047738
GCOM1,0.25204
GCSAM,0.10176
GCSAML,0.004249
GCSH,-0.14464
GDA,-0.10698
GDAP1,-0.087974
GDAP1L1,-0.013544
GDAP2,0.068403
GDE1,-0.11738
GDF1,0.036291
GDF10,-0.027074
GDF11,-0.091405
GDF15,0.012776
GDF2,-0.034442
GDF3,-0.0013682
GDF5,-0.11656
GDF6,-0.26809
GDF7,-0.073296
GDF9,-0.29656
GDI1,0.08933
GDI2,0.32671
GDNF,0.10427
GDNF-AS1,-0.068458
GDPD1,0.038162
GDPD2,0.092129
GDPD3,0.051903
GDPD4,-0.060999
GDPD5,-0.13823
GDPGP1,-0.10176
GEM,-0.19463
GEMIN2,0.13805
GEMIN4,-0.18177
GEMIN5,0.0031297
GEMIN6,0.071432
GEMIN7,-0.11197
GEMIN8,0.25291
GEN1,0.051249
GET4,-0.21252
GFAP,0.23979
GFER,-0.085015
GFI1,0.23396
GFI1B,-0.1664
GFM1,0.0068724
GFM2,-0.0091051
GFOD1,0.051386
GFOD2,-0.0007509
GFPT1,0.054597
GFPT2,0.0063288
GFRA1,0.050638
GFRA2,-0.2546
GFRA3,-0.040325
GFRA4,0.015783
GFRAL,-0.064434
GFY,0.070602
GGA1,0.07563
GGA2,0.13127
GGA3,0.24139
GGACT,0.30159
GGCT,-0.09551
GGCX,0.1882
GGH,-0.048422
GGN,-0.084045
GGNBP2,0.02427
GGPS1,0.062987
GGT1,0.036712
GGT2,-0.13005
GGT5,0.20147
GGT6,-0.045838
GGT7,0.020485
GGTLC1,-0.065532
GGTLC2,-0.057993
GH1,0.090677
GH2,-0.12738
GHDC,0.010694
GHITM,-0.17198
GHR,0.023401
GHRH,-0.22557
GHRHR,-0.099064
GHRL,-0.19973
GHSR,-0.091625
GID4,-0.024464
GID8,0.13088
GIF,0.074703
GIGYF1,0.053541
GIGYF2,0.67427
GIMAP1,0.87935
GIMAP1-GIMAP5,0.24901
GIMAP2,-0.18137
GIMAP4,-0.22267
GIMAP5,-0.09143
GIMAP6,0.071348
GIMAP7,-0.064698
GIMAP8,0.067011
GIMD1,-0.020484
GIN1,-0.04861
GINM1,-0.066536
GINS1,0.46934
GINS2,0.38156
GINS3,0.50811
GINS4,0.58941
GIP,-0.063842
GIPC1,0.083347
GIPC2,-0.040969
GIPC3,-0.0048355
GIPR,0.052106
GIT1,-0.22914
GIT2,0.060703
GJA1,0.037647
GJA10,-0.082883
GJA3,-0.18926
GJA4,0.017348
GJA5,0.010741
GJA8,-0.13029
GJA9,0.03196
GJB1,0.019201
GJB2,0.056612
GJB3,-0.054788
GJB4,0.035025
GJB5,-0.091884
GJB6,-0.086602
GJB7,0.29705
GJC1,-0.056171
GJC2,-0.12379
GJC3,0.21741
GJD2,0.034335
GJD3,-0.19877
GJD4,0.11139
GK,0.041272
GK2,0.09864
GK5,0.040381
GKAP1,0.22193
GKN1,-0.12459
GKN2,-0.040096
GLA,0.16965
GLB1,0.18759
GLB1L,-0.043243
GLB1L2,0.013118
GLB1L3,0.069103
GLCCI1,0.021451
GLCE,0.17467
GLDC,0.031046
GLDN,0.0033121
GLE1,0.23373
GLG1,-0.10348
GLI1,-0.33916
GLI2,-0.0392
GLI3,-0.0349
GLI4,0.1711
GLIPR1,0.020312
GLIPR1L1,0.038089
GLIPR1L2,0.0079172
GLIPR2,-3.7642e-05
GLIS1,-0.034626
GLIS2,0.017302
GLIS3,-0.14564
GLMN,0.046869
GLMP,-0.32282
GLO1,0.030215
GLOD4,0.039772
GLOD5,0.21536
GLP1R,0.12275
GLP2R,0.028041
GLRA1,-0.13375
GLRA2,-0.33175
GLRA3,-0.053771
GLRA4,0.12023
GLRB,0.076753
GLRX,-0.012293
GLRX2,0.11099
GLRX3,0.38774
GLRX5,-0.047851
GLS,0.27631
GLS2,-0.0327
GLT1D1,0.018808
GLT6D1,-0.036648
GLT8D1,-0.034611
GLT8D2,-0.091398
GLTP,-0.064084
GLTPD2,-0.16072
GLUD1,-0.18143
GLUD2,0.042844
GLUL,-0.12345
GLYAT,0.037416
GLYATL1,0.085496
GLYATL2,-0.11512
GLYATL3,-0.041193
GLYCTK,-0.15948
GLYR1,-0.062985
GM2A,-0.041241
GMCL1,0.20958
GMDS,-0.28332
GMEB1,0.059776
GMEB2,-0.12492
GMFB,-0.10237
GMFG,-0.13268
GMIP,0.49733
GML,0.0059061
GMNC,-0.083832
GMNN,0.16855
GMPPA,-0.27026
GMPPB,0.060729
GMPR,-0.11354
GMPR2,-0.17153
GMPS,0.13571
GNA11,0.13496
GNA12,0.17548
GNA13,0.17898
GNA14,-0.10734
GNA15,-0.055715
GNAI1,0.20512
GNAI2,0.3924
GNAI3,0.08964
GNAL,0.10946
GNAO1,0.067417
GNAQ,-0.021294
GNAS,-0.072246
GNAT1,-0.11602
GNAT2,-0.032558
GNAT3,0.13282
GNAZ,-0.018059
GNB1,0.17187
GNB1L,0.071025
GNB2,-0.1047
GNB3,-0.073958
GNB4,0.074523
GNB5,0.062223
GNE,-0.13254
GNG10,-0.033443
GNG11,0.019018
GNG12,0.099974
GNG13,-0.23601
GNG2,0.048384
GNG3,-0.011263
GNG4,0.15086
GNG5,0.15644
GNG7,0.0060328
GNG8,-0.055909
GNGT1,0.13103
GNGT2,-0.2277
GNL1,0.014734
GNL2,0.42211
GNL3,0.021219
GNL3L,0.3937
GNLY,0.043167
GNMT,0.021289
GNPAT,0.13241
GNPDA1,0.02222
GNPDA2,0.18443
GNPNAT1,0.0048886
GNPTAB,0.0051763
GNPTG,-0.11312
GNRH1,-0.27551
GNRH2,0.060207
GNRHR,0.12502
GNS,-0.13684
GOLGA1,0.15387
GOLGA2,-0.11265
GOLGA3,0.072773
GOLGA4,-0.088884
GOLGA5,-0.09265
GOLGA6B,-0.19612
GOLGA6C,-0.28329
GOLGA6D,-0.18323
GOLGA6L1,-0.042417
GOLGA6L2,0.032045
GOLGA6L22,-0.55306
GOLGA6L4,-0.14134
GOLGA6L9,-0.046965
GOLGA7,-0.1581
GOLGA7B,0.27542
GOLGA8A,0.11764
GOLGA8B,-0.016905
GOLGA8H,-0.033593
GOLGA8J,0.010069
GOLGA8K,-0.030358
GOLGA8M,-0.35418
GOLGA8N,0.10014
GOLGA8O,0.023423
GOLGB1,-0.012328
GOLIM4,-0.18138
GOLM1,0.069471
GOLPH3,0.068421
GOLPH3L,0.10557
GOLT1A,0.065742
GOLT1B,-0.15175
GON4L,0.18813
GON7,0.15734
GOPC,0.078156
GORAB,-0.068466
GORASP1,-0.052833
GORASP2,-0.23611
GOSR1,-0.1557
GOSR2,0.042302
GOT1,-0.061966
GOT1L1,-0.23117
GOT2,-0.024701
GP1BA,0.25681
GP1BB,0.069214
GP2,-0.027425
GP5,0.054826
GP6,-0.025342
GP9,0.10502
GPA33,-0.22957
GPAA1,0.044275
GPALPP1,0.15528
GPAM,-0.089836
GPANK1,-0.096202
GPAT2,0.14993
GPATCH1,0.27391
GPATCH11,-0.15295
GPATCH2,0.021218
GPATCH2L,0.12757
GPATCH3,0.18013
GPATCH4,-0.022766
GPATCH8,-0.16051
GPBAR1,-0.047116
GPBP1,-0.090071
GPBP1L1,0.18116
GPC1,0.11686
GPC2,-0.016705
GPC3,-0.080589
GPC4,0.085913
GPC5,-0.1584
GPC6,-0.043969
GPCPD1,0.029864
GPD1,-0.058072
GPD1L,-0.12044
GPD2,0.10021
GPER1,-0.10832
GPHA2,-0.005756
GPHB5,0.059534
GPHN,0.070072
GPI,0.017556
GPIHBP1,0.066428
GPKOW,0.065886
GPLD1,0.09731
GPM6A,-0.1879
GPM6B,0.1157
GPN1,0.080289
GPN2,0.028846
GPN3,0.15351
GPNMB,-0.09134
GPR1,-0.049814
GPR101,0.10912
GPR107,-0.11239
GPR108,-0.2311
GPR119,-0.019357
GPR12,0.13851
GPR132,0.15124
GPR135,0.11812
GPR137,-0.026391
GPR137B,0.15595
GPR137C,-0.012828
GPR139,0.19364
GPR141,0.016829
GPR142,0.12945
GPR143,-0.1148
GPR146,0.01407
GPR148,0.029223
GPR149,-0.046707
GPR15,-0.17602
GPR150,-0.10585
GPR151,-0.0076385
GPR152,0.18002
GPR153,0.073848
GPR155,-0.073027
GPR156,0.035188
GPR157,0.1499
GPR158,-0.1344
GPR160,0.095699
GPR161,0.31002
GPR162,-0.02086
GPR17,-0.030628
GPR171,-0.041124
GPR173,-0.0044135
GPR174,-0.21805
GPR176,-0.056188
GPR179,0.04073
GPR18,-0.095512
GPR180,0.30279
GPR182,0.040615
GPR183,-0.069487
GPR19,0.0002336
GPR20,-0.12166
GPR21,-0.055728
GPR22,0.067444
GPR25,0.16585
GPR26,0.12993
GPR27,0.14116
GPR3,-0.063464
GPR31,0.087844
GPR32,-0.078779
GPR33,-0.15359
GPR34,-0.058217
GPR35,-0.073076
GPR37,-0.038049
GPR37L1,0.027516
GPR39,-0.021683
GPR4,0.061511
GPR45,0.051389
GPR50,0.10183
GPR52,-0.01286
GPR55,-0.0037572
GPR6,-0.12439
GPR61,-0.042834
GPR62,-0.041918
GPR63,0.18946
GPR65,-0.088955
GPR68,0.055277
GPR75,-0.16378
GPR78,-0.20562
GPR82,-0.29398
GPR83,0.037174
GPR84,-0.0518
GPR85,0.053169
GPR87,0.093224
GPR88,0.071094
GPR89A,-0.089878
GPR89B,-0.029071
GPRASP1,-0.20452
GPRASP2,0.18881
GPRC5A,0.1115
GPRC5B,0.048414
GPRC5C,-0.007958
GPRC5D,-0.12471
GPRC6A,-0.31047
GPRIN1,-0.11887
GPRIN2,0.046952
GPRIN3,-0.11493
GPS1,0.16728
GPS2,0.22968
GPSM1,0.086945
GPSM2,-0.19631
GPSM3,0.1146
GPT,-0.11038
GPT2,-0.16254
GPX1,-0.11794
GPX2,-0.12534
GPX3,0.11252
GPX4,-0.018382
GPX5,-0.014297
GPX7,-0.15434
GPX8,-0.068993
GRAMD1A,0.064085
GRAMD1B,-0.050853
GRAMD1C,-0.11972
GRAMD2,0.034948
GRAMD3,-0.073718
GRAMD4,-0.26179
GRAP,-0.13503
GRAP2,-1.187
GRAPL,0.053166
GRASP,-0.091207
GRB10,0.13094
GRB14,-0.040065
GRB2,0.36241
GRB7,0.065861
GREB1,-0.089371
GREB1L,0.11936
GREM1,-0.018489
GREM2,0.19374
GRHL1,0.056793
GRHL2,0.067599
GRHL3,0.027296
GRHPR,-0.048734
GRIA1,-0.049789
GRIA2,0.12222
GRIA3,-0.25208
GRIA4,0.040497
GRID1,-0.20173
GRID2,0.040686
GRID2IP,0.0041623
GRIFIN,-0.032845
GRIK1,0.004157
GRIK2,0.04397
GRIK3,0.17643
GRIK4,0.069123
GRIK5,0.13063
GRIN1,0.026708
GRIN2A,-0.21998
GRIN2B,-0.30876
GRIN2C,0.14499
GRIN2D,-0.12392
GRIN3A,0.019604
GRIN3B,0.043527
GRINA,-0.14135
GRIP1,-0.21694
GRIP2,0.040679
GRIPAP1,-0.11929
GRK1,0.055719
GRK2,0.079355
GRK3,0.12232
GRK4,0.091231
GRK5,0.10179
GRK6,0.08963
GRK7,0.079409
GRM1,0.013448
GRM2,0.026792
GRM3,-0.0053655
GRM4,0.058737
GRM5,0.072503
GRM6,0.0074688
GRM7,-0.17667
GRM8,-0.20715
GRN,0.2509
GRP,0.048284
GRPEL1,0.0012792
GRPEL2,0.26194
GRPR,0.14512
GRSF1,0.28348
GRTP1,-0.1662
GRWD1,0.05661
GRXCR1,-0.22772
GRXCR2,0.0017392
GSAP,-0.034842
GSC,0.17112
GSC2,0.21518
GSDMA,-0.028094
GSDMB,-0.010672
GSDMC,0.16814
GSDMD,-0.013343
GSE1,0.038426
GSG1,-0.012509
GSG1L,-0.035347
GSG2,0.21399
GSK3A,0.070889
GSK3B,-0.070169
GSKIP,-0.097918
GSN,0.032856
GSPT1,-0.15325
GSPT2,-0.19303
GSR,0.39033
GSS,-0.082661
GSTA1,0.080793
GSTA2,0.045268
GSTA3,-0.085523
GSTA4,0.12105
GSTA5,-0.021901
GSTCD,-0.034979
GSTK1,0.014157
GSTM1,-0.028468
GSTM2,0.053542
GSTM3,0.10598
GSTM4,-0.049668
GSTM5,-0.079908
GSTO1,0.084934
GSTO2,0.052741
GSTP1,0.056606
GSTT2,-0.22642
GSTT2B,-0.095706
GSTZ1,0.09206
GSX1,0.000378
GSX2,-0.198
GTDC1,-0.041734
GTF2A1,-0.11844
GTF2A1L,0.19913
GTF2A2,-0.040038
GTF2B,-0.092627
GTF2E1,-0.0472
GTF2E2,0.11596
GTF2F1,-0.0019781
GTF2F2,-0.0081868
GTF2H1,-0.040148
GTF2H2,-0.10914
GTF2H2C,0.11409
GTF2H3,-0.11926
GTF2H4,0.031705
GTF2H5,0.1182
GTF2I,-0.18882
GTF2IRD1,-0.10837
GTF2IRD2,0.10601
GTF2IRD2B,-0.021486
GTF3A,-0.03372
GTF3C1,-0.1013
GTF3C2,-0.30493
GTF3C3,0.089824
GTF3C4,0.31044
GTF3C5,0.033044
GTF3C6,0.10564
GTPBP1,-0.14088
GTPBP10,-0.1126
GTPBP2,-0.081685
GTPBP3,-0.1225
GTPBP4,0.12199
GTPBP6,-0.053136
GTPBP8,-0.12005
GTSCR1,0.015804
GTSE1,0.10788
GTSF1,0.057832
GTSF1L,0.083734
GUCA1A,-0.024262
GUCA1B,-0.02483
GUCA1C,-0.06989
GUCA2A,-0.021995
GUCA2B,0.15834
GUCD1,0.10199
GUCY1A2,0.065824
GUCY1A3,-0.069426
GUCY1B3,0.048693
GUCY2C,0.051317
GUCY2D,-0.084905
GUCY2F,0.026109
GUF1,-0.036293
GUK1,0.18588
GULP1,-0.090672
GUSB,-0.041048
GVQW1,-0.15187
GVQW2,-0.029576
GXYLT1,-0.16183
GXYLT2,-0.1403
GYG1,0.057663
GYG2,-0.12111
GYPA,-0.029686
GYPB,-0.037897
GYPC,0.083573
GYPE,-0.0059186
GYS1,0.054807
GYS2,-0.046581
GZF1,0.18508
GZMA,-0.20673
GZMB,0.069599
GZMH,0.087179
GZMK,-0.072568
GZMM,0.041097
H1F0,0.040916
H1FNT,-0.18674
H1FOO,0.028932
H1FX,0.065503
H2AFB2,-0.020967
H2AFB3,0.22352
H2AFJ,-0.034311
H2AFV,0.11157
H2AFX,-0.1309
H2AFY,-0.067805
H2AFY2,-0.083486
H2AFZ,0.25095
H2BFM,-0.21935
H2BFWT,0.045418
H3F3A,0.13361
H3F3B,-0.14085
H3F3C,-0.025275
H6PD,-0.0045558
HAAO,-0.15645
HABP2,-0.16578
HABP4,-0.17563
HACD1,-0.099291
HACD2,0.12038
HACD3,0.1045
HACD4,-0.078665
HACE1,-0.20651
HACL1,0.035147
HADH,0.079414
HADHA,0.016404
HADHB,0.0013643
HAGH,0.25877
HAGHL,-0.04672
HAL,-0.12896
HAMP,0.12518
HAND1,-0.031112
HAND2,0.073533
HAO1,-0.043524
HAO2,-0.24425
HAP1,-0.18194
HAPLN1,0.092069
HAPLN2,0.062652
HAPLN3,-0.0062324
HARBI1,-0.052742
HARS,0.085318
HARS2,0.15363
HAS1,0.095235
HAS2,-0.019915
HAS3,0.087738
HAT1,0.11949
HAUS1,-0.016363
HAUS2,0.16595
HAUS3,0.37935
HAUS4,0.31646
HAUS5,0.25107
HAUS6,0.018216
HAUS8,0.052806
HAVCR1,0.10483
HAVCR2,0.20292
HAX1,-0.0067398
HBA1,-0.10994
HBB,-0.033673
HBD,-0.11022
HBE1,-0.25555
HBEGF,0.14176
HBG1,-0.052733
HBM,-0.21645
HBP1,0.015421
HBQ1,0.17019
HBS1L,-0.21631
HBZ,-0.13697
HCAR1,0.020427
HCAR2,-0.068226
HCAR3,-0.16762
HCCS,0.24989
HCFC1,0.059032
HCFC1R1,0.14374
HCFC2,-0.29534
HCK,0.024754
HCLS1,0.032051
HCN1,-0.20169
HCN2,0.15962
HCN3,-0.0019312
HCN4,-0.040479
HCRT,-0.12836
HCRTR1,-0.029549
HCRTR2,-0.15843
HCST,-0.11516
HDAC1,-0.13408
HDAC10,-0.079202
HDAC11,0.16701
HDAC2,0.27268
HDAC3,-0.40084
HDAC4,0.028745
HDAC5,-0.12996
HDAC6,-0.10148
HDAC7,-0.36456
HDAC8,0.30404
HDAC9,-0.062309
HDC,0.020165
HDDC2,0.11384
HDDC3,-0.00061741
HDGF,-0.12034
HDGFL1,-0.27412
HDGFRP2,0.15896
HDGFRP3,0.026447
HDHD2,0.15307
HDHD3,-0.050848
HDHD5,-0.022832
HDLBP,0.12811
HDX,-0.1995
HEATR1,0.061119
HEATR3,-0.11139
HEATR4,0.021031
HEATR5A,0.095295
HEATR5B,-0.18467
HEATR6,-0.088621
HEATR9,-0.11612
HEBP1,0.12173
HEBP2,-0.16663
HECA,-0.042918
HECTD1,-0.14528
HECTD2,0.0060853
HECTD3,-0.11428
HECTD4,-0.0093947
HECW1,-0.080436
HECW2,0.14657
HEG1,0.19834
HELB,-0.033828
HELLS,-0.060476
HELQ,-0.094074
HELT,0.071412
HELZ,-0.069768
HELZ2,0.096883
HEMGN,-0.063907
HEMK1,-0.15779
HENMT1,0.086441
HEPACAM,0.12587
HEPACAM2,0.19002
HEPH,0.011088
HEPHL1,0.083083
HEPN1,0.032625
HERC1,0.070307
HERC2,0.010656
HERC3,-0.15675
HERC4,0.059392
HERC5,-0.008449
HERC6,0.046894
HERPUD1,-0.021286
HERPUD2,-0.18003
HES1,-0.17974
HES2,0.099477
HES3,0.20599
HES4,-0.054337
HES5,0.10494
HES6,0.20548
HES7,-0.13493
HESX1,0.027254
HEXA,-0.025028
HEXB,-0.10596
HEXDC,0.11858
HEXIM1,0.10747
HEXIM2,0.074417
HEY1,0.20222
HEY2,0.060132
HEYL,0.059895
HFE,0.20546
HFE2,0.021262
HFM1,0.23099
HGC6.3,-0.050607
HGD,-0.14702
HGF,-0.071935
HGFAC,-0.16885
HGH1,0.070235
HGS,1.0998
HGSNAT,0.082221
HHAT,-0.065105
HHATL,0.076215
HHEX,0.25997
HHIP,-0.10726
HHIPL1,0.13082
HHIPL2,-0.10817
HHLA1,-0.17892
HHLA2,-0.08986
HHLA3,-0.024932
HIBADH,0.0095528
HIBCH,0.031999
HIC1,-0.084492
HIC2,0.097697
HID1,0.071364
HIF1A,-0.16866
HIF1AN,0.48575
HIF3A,0.021341
HIGD1A,0.092899
HIGD1B,-0.058602
HIGD1C,-0.049262
HIGD2A,-0.04324
HIKESHI,-0.014214
HILPDA,-0.04125
HINFP,0.20404
HINT1,-0.21327
HINT2,-0.051096
HINT3,-0.098043
HIP1,0.15921
HIP1R,-0.079059
HIPK1,-0.13896
HIPK2,0.068896
HIPK3,0.04917
HIPK4,0.048123
HIRA,0.023391
HIRIP3,-0.14601
HIST1H1A,0.01476
HIST1H1B,-0.20214
HIST1H1C,-0.084633
HIST1H1D,0.066697
HIST1H1E,-0.1054
HIST1H1T,-0.006635
HIST1H2AA,0.041918
HIST1H2AB,-0.14129
HIST1H2AC,0.013531
HIST1H2AD,0.043119
HIST1H2AE,-0.10883
HIST1H2AG,-0.11127
HIST1H2AH,-0.022361
HIST1H2AI,-0.093945
HIST1H2AJ,-0.0203
HIST1H2AK,-0.1034
HIST1H2AL,0.029487
HIST1H2AM,0.086173
HIST1H2BA,-0.24238
HIST1H2BB,-0.10733
HIST1H2BC,-0.232
HIST1H2BD,-0.10485
HIST1H2BE,0.11253
HIST1H2BF,-0.02044
HIST1H2BG,-0.041655
HIST1H2BH,-0.019034
HIST1H2BI,-0.17121
HIST1H2BJ,0.054275
HIST1H2BK,-0.15383
HIST1H2BL,0.012675
HIST1H2BM,-0.079197
HIST1H2BN,-0.02947
HIST1H2BO,-0.081236
HIST1H3A,0.062169
HIST1H3C,-0.03746
HIST1H3D,0.19629
HIST1H3E,-0.011475
HIST1H3F,0.26862
HIST1H3G,-0.024675
HIST1H3H,-0.11652
HIST1H3I,-0.096047
HIST1H3J,0.0059306
HIST1H4A,-0.094968
HIST1H4B,-0.11676
HIST1H4C,-0.21326
HIST1H4D,-0.021925
HIST1H4E,0.011942
HIST1H4F,-0.020847
HIST1H4G,0.0050188
HIST1H4H,-0.032698
HIST1H4I,-0.039487
HIST1H4J,0.082858
HIST1H4K,-0.10641
HIST1H4L,0.14993
HIST2H2AA3,-0.082478
HIST2H2AB,-0.1265
HIST2H2AC,0.0049729
HIST2H2BE,0.070961
HIST2H2BF,-0.084157
HIST2H3C,0.14337
HIST2H3D,-0.024493
HIST2H4A,-0.086183
HIST3H2A,-0.10431
HIST3H2BB,0.11889
HIST3H3,0.038801
HIST4H4,-0.17575
HIVEP1,-0.053838
HIVEP2,0.15766
HIVEP3,0.015032
HJURP,0.1891
HK1,0.096683
HK2,-0.0020835
HK3,-0.1471
HKDC1,0.087301
HKR1,0.087409
HLA-A,0.03841
HLA-B,-0.0211
HLA-C,-0.10544
HLA-DMA,-0.10256
HLA-DMB,-0.00016251
HLA-DOA,-0.0080477
HLA-DOB,-0.049771
HLA-DPA1,-0.07867
HLA-DPB1,-0.08977
HLA-DQA1,0.062367
HLA-DQA2,-0.15777
HLA-DQB1,0.083377
HLA-DQB2,0.059445
HLA-DRA,-0.3686
HLA-DRB1,-0.098288
HLA-DRB3,0.017132
HLA-DRB5,0.15887
HLA-E,0.10845
HLA-F,-0.24257
HLA-G,-0.21876
HLCS,-0.16994
HLF,-0.018832
HLTF,-0.26648
HLX,-0.079183
HM13,0.049677
HMBOX1,-0.17199
HMBS,-0.059684
HMCES,0.047577
HMCN1,-0.015079
HMCN2,-0.095334
HMG20A,0.20185
HMG20B,0.13482
HMGA1,-0.060956
HMGA2,-0.13968
HMGB1,-0.11803
HMGB2,-0.12911
HMGB3,-0.13435
HMGB4,-0.091835
HMGCL,-0.041912
HMGCLL1,0.0023337
HMGCR,0.088593
HMGCS1,-0.03073
HMGCS2,-0.0098106
HMGN1,0.051476
HMGN2,-0.14656
HMGN3,-0.080637
HMGN4,-0.088664
HMGN5,-0.017567
HMGXB3,-0.12808
HMGXB4,-0.027126
HMHB1,0.14385
HMMR,-0.078765
HMOX1,0.026369
HMOX2,0.15205
HMP19,0.081712
HMSD,0.12441
HMX1,0.21978
HMX2,0.050664
HMX3,0.10609
HNF1A,0.073397
HNF1B,-0.045186
HNF4A,-0.33649
HNF4G,0.14992
HNMT,0.20634
HNRNPA0,-0.032926
HNRNPA1,-0.20661
HNRNPA1L2,0.0036389
HNRNPA2B1,-0.25893
HNRNPA3,-0.23649
HNRNPAB,0.064998
HNRNPC,0.2282
HNRNPCL1,-0.1827
HNRNPCL2,0.038776
HNRNPCL3,-0.09741
HNRNPCL4,-0.23862
HNRNPD,-0.24775
HNRNPDL,-0.1562
HNRNPF,-0.13981
HNRNPH1,0.036175
HNRNPH2,0.026519
HNRNPH3,-0.10998
HNRNPK,-0.042345
HNRNPL,-0.2773
HNRNPLL,0.04149
HNRNPM,0.23661
HNRNPR,0.21083
HNRNPU,0.27507
HNRNPUL1,-0.11199
HNRNPUL2,0.06424
HOGA1,-0.0067461
HOMER1,-0.15351
HOMER2,0.045472
HOMER3,0.22804
HOMEZ,-0.20808
HOOK1,-0.16235
HOOK2,0.10068
HOOK3,-0.070548
HOPX,0.055252
HORMAD1,-0.14944
HORMAD2,-0.027832
HOXA1,0.038823
HOXA10,-0.038755
HOXA11,0.053384
HOXA13,-0.028923
HOXA2,0.096302
HOXA3,0.14496
HOXA4,0.11905
HOXA5,-0.10843
HOXA6,0.043267
HOXA7,-0.032572
HOXA9,0.19182
HOXB1,-0.091915
HOXB13,0.10661
HOXB2,-0.02503
HOXB3,0.28592
HOXB4,-0.045338
HOXB5,-0.0097826
HOXB6,-0.17588
HOXB7,0.086387
HOXB8,-0.02167
HOXB9,-0.10598
HOXC10,0.01428
HOXC11,-0.13589
HOXC12,0.040052
HOXC13,-0.26807
HOXC4,-0.12667
HOXC8,-0.0049833
HOXC9,0.035233
HOXD1,-0.15425
HOXD10,-0.088178
HOXD11,0.0048591
HOXD12,0.034563
HOXD13,0.14961
HOXD3,-0.018511
HOXD4,-0.092092
HOXD8,0.070587
HOXD9,0.16429
HP,-0.062785
HP1BP3,0.16971
HPCA,-0.078735
HPCAL1,0.048978
HPCAL4,-0.062744
HPD,0.072515
HPDL,-0.01673
HPF1,-0.049294
HPGD,-0.23718
HPGDS,-0.026878
HPN,0.17725
HPR,0.080134
HPRT1,-0.06477
HPS1,-0.070449
HPS3,0.087186
HPS4,0.027359
HPS5,-0.061002
HPS6,0.04663
HPSE,0.033193
HPSE2,-0.15104
HPX,-0.21481
HR,0.061845
HRAS,0.27236
HRASLS,0.18587
HRASLS2,-0.094974
HRASLS5,0.22594
HRC,-0.10797
HRCT1,-0.12814
HRG,-0.27464
HRH1,-0.030958
HRH2,0.2833
HRH3,-0.15477
HRH4,-0.15942
HRK,-0.062687
HRNR,-0.1446
HS1BP3,-0.035763
HS2ST1,-0.057894
HS3ST1,-0.043283
HS3ST2,0.072484
HS3ST3A1,-0.084672
HS3ST3B1,-0.017348
HS3ST4,-0.029593
HS3ST5,-0.10499
HS3ST6,0.0087909
HS6ST1,-0.14306
HS6ST2,-0.053349
HS6ST3,-0.073012
HSBP1,0.13534
HSBP1L1,0.036333
HSCB,0.1118
HSD11B1,-0.16513
HSD11B1L,-0.25506
HSD11B2,0.18857
HSD17B1,-0.10418
HSD17B10,-0.19738
HSD17B11,-0.11898
HSD17B12,-0.053877
HSD17B13,-0.09812
HSD17B14,-0.17714
HSD17B2,0.040565
HSD17B3,-0.08046
HSD17B4,0.10486
HSD17B6,0.24723
HSD17B7,0.18675
HSD17B8,0.0084248
HSD3B1,0.0060268
HSD3B2,-0.074083
HSD3B7,-0.1837
HSDL1,-0.08225
HSDL2,-0.024129
HSF1,0.11914
HSF2,0.069327
HSF2BP,0.26728
HSF4,0.10526
HSF5,-0.16832
HSFX1,0.10417
HSFX2,-0.0042307
HSFY1,-0.064825
HSFY2,0.10062
HSH2D,-0.052348
HSP90AA1,-0.084709
HSP90AB1,0.15547
HSP90B1,0.05699
HSPA12A,-0.13467
HSPA12B,-0.095606
HSPA13,0.23288
HSPA14,0.076721
HSPA1A,0.20828
HSPA1B,0.1845
HSPA1L,-0.17425
HSPA2,-0.085663
HSPA4,-0.084175
HSPA4L,0.091522
HSPA5,-0.03825
HSPA6,-0.048331
HSPA8,-0.025136
HSPA9,-0.03406
HSPB1,-0.060108
HSPB11,0.085722
HSPB2,-0.13952
HSPB3,-0.079541
HSPB6,-0.050234
HSPB7,-0.021399
HSPB8,-0.053626
HSPB9,-0.18673
HSPBAP1,0.0014642
HSPBP1,-0.12399
HSPD1,-0.017164
HSPE1,-0.028076
HSPE1-MOB4,0.077024
HSPG2,0.13717
HSPH1,0.042352
HTATIP2,-0.043537
HTATSF1,0.021177
HTN1,-0.15528
HTN3,0.011072
HTR1A,-0.1161
HTR1B,0.01757
HTR1D,0.021828
HTR1E,0.21659
HTR1F,-0.080373
HTR2A,-0.007
HTR2B,-0.091344
HTR2C,-0.053434
HTR3A,-0.051061
HTR3B,-0.15558
HTR3C,0.056329
HTR3D,-0.036448
HTR3E,0.13277
HTR4,-0.049646
HTR5A,0.17437
HTR6,-0.10681
HTR7,-0.12247
HTRA1,0.030273
HTRA2,-0.010697
HTRA3,-0.026395
HTRA4,0.19691
HTT,-0.0090518
HUNK,-0.20318
HUS1,-0.02929
HUS1B,0.034229
HUWE1,0.039807
HVCN1,-0.033387
HYAL1,-0.083437
HYAL2,0.20457
HYAL3,0.17286
HYAL4,0.069365
HYDIN,-0.020962
HYI,-0.11179
HYKK,0.0033014
HYLS1,0.060913
HYOU1,-0.17571
HYPK,0.3038
HYPM,-0.013735
IAH1,-0.10167
IAPP,-0.03785
IARS,0.21769
IARS2,-0.053533
IBA57,0.067833
IBSP,0.051309
IBTK,0.044012
ICA1,-0.060886
ICA1L,-0.12634
ICAM1,0.0045861
ICAM2,0.2347
ICAM3,0.018777
ICAM4,0.074977
ICAM5,-0.161
ICE1,0.29183
ICE2,0.077544
ICK,0.1145
ICMT,0.14553
ICOS,-0.040072
ICOSLG,0.13367
ID1,0.11616
ID2,0.014952
ID3,-0.34349
ID4,0.092136
IDE,-0.069796
IDH1,-0.10034
IDH2,0.26294
IDH3A,0.059071
IDH3B,-0.057376
IDH3G,0.16073
IDI1,0.044909
IDI2,-0.081506
IDNK,0.18985
IDO1,-0.071442
IDO2,-0.063373
IDS,-0.24724
IDUA,-0.076055
IER2,-0.081251
IER3,0.0004908
IER3IP1,-0.016534
IER5,-0.23856
IER5L,0.18654
IFFO1,0.12853
IFFO2,-0.0027944
IFI16,0.23991
IFI27,0.083302
IFI27L1,-0.0099518
IFI27L2,-0.11997
IFI30,0.049381
IFI35,-0.24439
IFI44,0.059788
IFI44L,0.0044914
IFI6,0.072909
IFIH1,-0.0094146
IFIT1,-0.014505
IFIT1B,-0.014617
IFIT2,-0.024188
IFIT3,0.10282
IFIT5,-0.0029634
IFITM1,0.29196
IFITM10,-0.11974
IFITM2,0.11283
IFITM3,0.0028595
IFITM5,-0.031297
IFNA1,0.11998
IFNA10,-0.17962
IFNA13,0.12161
IFNA14,0.055208
IFNA16,-0.13333
IFNA17,0.023292
IFNA2,-0.21252
IFNA21,-0.14163
IFNA4,-0.030261
IFNA5,-0.1697
IFNA6,-0.10278
IFNA7,-0.076763
IFNA8,-0.010711
IFNAR1,0.0028374
IFNAR2,-0.28369
IFNB1,-0.13324
IFNE,-0.038053
IFNG,-0.017544
IFNGR1,-0.27195
IFNGR2,-0.81108
IFNK,-0.12282
IFNL1,-0.088555
IFNL2,-0.15254
IFNL3,-0.097718
IFNL4,-0.094237
IFNLR1,-0.040008
IFNW1,-0.017162
IFRD1,-0.28558
IFRD2,-0.31822
IFT122,-0.1022
IFT140,-0.026783
IFT172,0.15362
IFT20,0.0060612
IFT22,0.0036903
IFT27,0.049569
IFT43,0.027353
IFT46,-0.16061
IFT52,0.13566
IFT57,0.19312
IFT74,-0.042373
IFT80,-0.11629
IFT81,-0.14301
IFT88,-0.0075244
IGBP1,0.069706
IGDCC3,-0.15193
IGDCC4,-0.060554
IGF1,-0.18004
IGF1R,-0.06285
IGF2,0.27313
IGF2BP1,0.025935
IGF2BP2,0.048055
IGF2BP3,-0.032208
IGF2R,0.20332
IGFALS,0.14332
IGFBP1,-0.077887
IGFBP2,-0.02928
IGFBP3,0.027057
IGFBP4,-0.055416
IGFBP5,-0.00073156
IGFBP6,-0.099423
IGFBP7,0.10286
IGFBPL1,-0.085036
IGFL1,0.06286
IGFL2,0.059653
IGFL3,0.087613
IGFL4,-0.18012
IGFLR1,-0.072995
IGFN1,-0.054182
IGH,-0.14336
IGHMBP2,0.20583
IGIP,0.18071
IGK,0.061319
IGLL1,-0.055664
IGLL5,-0.0996
IGLON5,0.0032396
IGSF1,-0.23952
IGSF10,0.18218
IGSF11,-0.065556
IGSF21,-0.021929
IGSF22,-0.097452
IGSF23,-0.00065232
IGSF3,0.043252
IGSF5,-0.11739
IGSF6,-0.052899
IGSF8,-0.14367
IGSF9,-0.10254
IGSF9B,-0.066669
IHH,0.082972
IK,0.055655
IKBIP,0.09828
IKBKAP,0.22677
IKBKB,0.25582
IKBKE,0.17774
IKBKG,-0.21637
IKZF1,-0.0033802
IKZF2,-0.10719
IKZF3,0.044012
IKZF4,-0.05112
IKZF5,0.017095
IL10,0.019451
IL10RA,-0.016831
IL10RB,-0.078514
IL11,0.092624
IL11RA,0.069974
IL12A,-0.037198
IL12B,-0.14181
IL12RB1,-0.062969
IL12RB2,-0.034375
IL13,-0.0016694
IL13RA1,-0.11485
IL13RA2,0.0012466
IL15,0.10029
IL15RA,0.028715
IL16,-0.11945
IL17A,-0.2022
IL17B,0.024242
IL17C,-0.053068
IL17D,0.17807
IL17F,-0.023976
IL17RA,0.077826
IL17RB,0.040306
IL17RC,-0.16575
IL17RD,-0.075486
IL17RE,0.13721
IL17REL,0.29861
IL18,-0.040898
IL18BP,-0.15653
IL18R1,0.081402
IL18RAP,-0.1764
IL19,-0.018803
IL1A,0.14972
IL1B,-0.0592
IL1F10,-0.02574
IL1R1,-0.018561
IL1R2,-0.015483
IL1RAP,0.075481
IL1RAPL1,0.19262
IL1RAPL2,-0.023411
IL1RL1,-0.15888
IL1RL2,-0.073195
IL1RN,-0.072438
IL2,-2.6101
IL20,0.1381
IL20RA,-0.10406
IL20RB,-0.21676
IL21,0.012741
IL21R,0.0289
IL22,-0.12167
IL22RA1,-0.037828
IL22RA2,-0.17134
IL23A,0.063174
IL23R,0.068182
IL24,0.021516
IL25,0.039119
IL26,0.086796
IL27,-0.10263
IL27RA,0.27082
IL2RA,0.57251
IL2RB,1.1223
IL2RG,1.057
IL3,-0.081305
IL31,0.17724
IL31RA,-0.23697
IL32,-0.044325
IL33,0.0011541
IL34,-0.080713
IL36A,-0.069362
IL36B,-0.085508
IL36G,0.15955
IL36RN,0.029219
IL37,-0.13746
IL3RA,0.012295
IL4,0.1038
IL4R,0.030523
IL5,-0.083221
IL5RA,-0.10702
IL6,0.012405
IL6R,0.074151
IL6ST,0.080155
IL7,-0.050735
IL7R,-0.15276
IL9,-0.077812
IL9R,-0.19149
ILDR1,0.098912
ILDR2,-0.08611
ILF2,0.42121
ILF3,0.1337
ILK,0.20612
ILKAP,0.01106
ILVBL,0.01938
IMMP1L,-0.058363
IMMP2L,0.079888
IMMT,0.18175
IMP3,0.42437
IMP4,0.15595
IMPA1,-0.18373
IMPA2,-0.16392
IMPACT,0.12846
IMPAD1,-0.057601
IMPDH1,-0.030615
IMPDH2,0.097422
IMPG1,-0.24287
IMPG2,-0.048543
INA,0.0023454
INAFM1,-0.096737
INAFM2,0.05142
INCA1,0.095535
INCENP,0.17468
INF2,0.12163
ING1,0.094395
ING2,-0.1701
ING3,0.16212
ING4,0.22777
ING5,-0.45674
INHA,0.013974
INHBA,-0.054055
INHBB,0.17081
INHBC,0.035461
INHBE,0.15905
INIP,0.13178
INMT,-0.014423
INO80,0.0033744
INO80B,0.13868
INO80C,-0.13954
INO80D,0.065056
INO80E,0.13916
INPP1,0.17646
INPP4A,-0.013109
INPP4B,-0.16873
INPP5A,-0.19783
INPP5B,-0.0079103
INPP5D,-0.022466
INPP5E,-0.035896
INPP5F,0.035307
INPP5J,-0.16057
INPP5K,0.17575
INPPL1,0.093412
INS,-0.079412
INSC,-0.17764
INSIG1,-0.03679
INSIG2,-0.31965
INSL3,-0.18565
INSL4,0.010893
INSL5,0.011276
INSL6,-0.14052
INSM1,0.07967
INSM2,-0.055297
INSR,0.036654
INSRR,-0.2722
INTS1,0.011794
INTS10,0.19791
INTS11,0.25957
INTS12,-0.13594
INTS13,0.055882
INTS14,0.042882
INTS2,0.25465
INTS3,0.53081
INTS4,0.027515
INTS5,0.10367
INTS6,-0.046054
INTS7,0.45043
INTS8,0.151
INTS9,0.007435
INTU,0.077917
INVS,-0.061696
IP6K1,0.065169
IP6K2,-0.071176
IP6K3,0.092945
IPCEF1,0.074328
IPMK,0.10149
IPO11,-0.013897
IPO13,0.091992
IPO4,0.082749
IPO5,-0.1312
IPO7,-0.046665
IPO8,-0.03072
IPO9,0.040466
IPP,0.091163
IPPK,-0.089202
IQCA1,0.0045136
IQCA1L,-0.061277
IQCB1,0.22455
IQCC,-0.11786
IQCD,0.12785
IQCE,-0.0076034
IQCF1,0.040724
IQCF2,-0.32564
IQCF3,0.021593
IQCF5,0.1114
IQCF6,-0.03658
IQCG,-0.10601
IQCH,-0.0030174
IQCJ,0.12775
IQCJ-SCHIP1,0.032239
IQCK,-0.062227
IQGAP1,-0.16048
IQGAP2,0.075415
IQGAP3,0.04578
IQSEC1,0.0040335
IQSEC2,0.13286
IQSEC3,-0.043212
IQUB,-0.011536
IRAK1,0.048022
IRAK1BP1,0.13741
IRAK2,-0.11006
IRAK3,0.044242
IRAK4,0.0032812
IREB2,0.1874
IRF1,-0.15719
IRF2,-0.032315
IRF2BP1,-0.04561
IRF2BP2,0.19284
IRF2BPL,0.055179
IRF3,-0.05274
IRF4,0.121
IRF5,0.042046
IRF6,-0.033106
IRF7,0.0073602
IRF8,0.049331
IRF9,0.025395
IRGC,-0.0078297
IRGM,-0.094969
IRGQ,-0.15898
IRS1,-0.20396
IRS2,0.19007
IRS4,-0.097978
IRX1,-0.095924
IRX2,-0.050237
IRX3,0.11454
IRX4,0.12443
IRX5,0.027612
IRX6,-0.0078054
ISCA1,0.039374
ISCA2,-0.025983
ISCU,-0.012697
ISG15,-0.22754
ISG20,0.026464
ISG20L2,0.22307
ISL1,0.03016
ISL2,0.089062
ISLR,0.032945
ISLR2,0.13044
ISM1,0.31959
ISM2,-0.049724
ISOC1,-0.036725
ISOC2,-0.081119
ISPD,0.032868
IST1,0.16081
ISX,-0.075547
ISY1,-0.21369
ISYNA1,0.11136
ITCH,0.03956
ITFG1,-0.18625
ITFG2,-0.078365
ITGA1,0.041043
ITGA10,0.028865
ITGA11,-0.11829
ITGA2,-0.13334
ITGA2B,-0.058738
ITGA3,-0.101
ITGA4,0.13843
ITGA5,0.11327
ITGA6,0.028711
ITGA7,0.0052415
ITGA8,-0.016555
ITGA9,-0.073326
ITGAD,0.13259
ITGAE,0.1065
ITGAL,-0.19376
ITGAM,0.018703
ITGAV,0.043022
ITGAX,0.04653
ITGB1,0.10177
ITGB1BP1,0.06921
ITGB1BP2,-0.072643
ITGB2,-0.2273
ITGB3,0.15945
ITGB3BP,0.039884
ITGB4,-0.057858
ITGB5,0.0058896
ITGB6,0.043216
ITGB7,-0.01396
ITGB8,-0.07477
ITGBL1,-0.12624
ITIH1,-0.012208
ITIH2,-0.0099097
ITIH3,-0.059734
ITIH4,-0.085141
ITIH5,0.065108
ITIH6,0.009727
ITK,-1.4513
ITLN1,0.088803
ITLN2,0.028589
ITM2A,-0.17626
ITM2B,0.14173
ITM2C,-0.025974
ITPA,0.079876
ITPK1,0.17141
ITPKA,0.012629
ITPKB,0.1276
ITPKC,0.074797
ITPR1,0.04116
ITPR2,-0.06183
ITPR3,0.13758
ITPRIP,0.073783
ITPRIPL1,-0.10705
ITPRIPL2,-0.052524
ITSN1,0.032483
ITSN2,0.42273
IVD,0.082015
IVL,0.10868
IVNS1ABP,0.1184
IWS1,-0.17362
IYD,-0.27241
IZUMO1,0.031122
IZUMO1R,-0.016468
IZUMO2,0.089033
IZUMO3,-0.10881
IZUMO4,0.056365
JADE1,0.17988
JADE2,-0.15723
JADE3,-0.091684
JAG1,0.07846
JAG2,-0.19036
JAGN1,0.029467
JAK1,-0.053599
JAK2,0.10276
JAK3,1.0762
JAKMIP1,0.23978
JAKMIP2,0.0083538
JAKMIP3,0.083044
JAM2,0.092155
JAM3,-0.049751
JARID2,-0.079904
JAZF1,-0.11151
JCHAIN,-0.24852
JDP2,-0.13658
JKAMP,-0.14465
JMJD1C,0.046887
JMJD4,-0.20725
JMJD6,0.22651
JMJD7-PLA2G4B,-0.12954
JMJD8,0.014463
JMY,0.14821
JOSD1,0.16826
JOSD2,-0.25152
JPH1,0.37048
JPH2,0.11475
JPH3,0.10707
JPH4,-0.19287
JPT1,0.098767
JPT2,-0.092545
JRK,0.01299
JRKL,-0.11693
JSRP1,-0.027094
JTB,0.20814
JUN,-0.37464
JUNB,-0.15266
JUND,0.066725
JUP,-0.069913
KAAG1,-0.10817
KALRN,-0.27192
KANK1,0.032409
KANK2,-0.095386
KANK3,0.11788
KANK4,-0.16748
KANSL1,0.014478
KANSL1L,0.074457
KANSL2,0.37172
KANSL3,0.6966
KARS,0.11366
KAT14,0.39836
KAT2A,0.062029
KAT2B,-0.13628
KAT5,0.38976
KAT6A,0.0065223
KAT6B,-0.010833
KAT7,-0.67819
KAT8,0.46678
KATNA1,0.12116
KATNAL1,-0.069116
KATNAL2,0.032799
KATNB1,0.0927
KATNBL1,0.15557
KAZALD1,0.075546
KAZN,0.14613
KBTBD11,0.037302
KBTBD12,0.15513
KBTBD13,-0.042135
KBTBD2,0.23421
KBTBD3,-0.10865
KBTBD4,0.029692
KBTBD6,0.0011357
KBTBD7,0.11878
KBTBD8,0.078077
KCMF1,-0.067237
KCNA1,-0.18647
KCNA10,0.099482
KCNA2,-0.33535
KCNA3,0.16857
KCNA4,-0.037066
KCNA5,-0.0060087
KCNA6,0.15673
KCNA7,-0.079356
KCNAB1,-0.21627
KCNAB2,-0.0099158
KCNAB3,-0.11593
KCNB1,0.16748
KCNB2,0.018055
KCNC1,-0.041776
KCNC2,0.090301
KCNC3,0.14068
KCNC4,-0.49077
KCND1,0.028268
KCND2,-0.039075
KCND3,-0.070087
KCNE1,0.028501
KCNE2,-0.024122
KCNE3,-0.2454
KCNE4,-0.20235
KCNE5,-0.18897
KCNF1,0.064254
KCNG1,-0.14012
KCNG2,0.080198
KCNG3,-0.14375
KCNG4,-0.17184
KCNH1,-0.013277
KCNH2,0.086821
KCNH3,-0.16247
KCNH4,-0.1441
KCNH5,-0.18145
KCNH6,0.13306
KCNH7,-0.15977
KCNH8,0.11886
KCNIP1,-0.043658
KCNIP2,-0.063531
KCNIP3,-0.036008
KCNIP4,0.10536
KCNJ1,0.035485
KCNJ10,0.080762
KCNJ11,-0.00077844
KCNJ12,-0.071947
KCNJ13,0.0028961
KCNJ14,0.17494
KCNJ15,-0.099743
KCNJ16,0.12844
KCNJ18,0.033368
KCNJ2,0.09198
KCNJ3,-0.21586
KCNJ4,0.038729
KCNJ5,-0.2002
KCNJ6,0.024953
KCNJ8,-0.16294
KCNJ9,-0.053706
KCNK1,-0.0096926
KCNK10,0.053011
KCNK12,-0.26745
KCNK13,0.14153
KCNK15,0.08258
KCNK16,4.8295e-05
KCNK17,-0.020844
KCNK18,-0.22119
KCNK2,-0.082967
KCNK3,-0.066833
KCNK4,-0.11353
KCNK5,0.019966
KCNK6,-0.093122
KCNK7,0.075272
KCNK9,-0.18779
KCNMA1,0.092672
KCNMB1,0.14972
KCNMB2,-0.20584
KCNMB3,0.11608
KCNMB4,0.082913
KCNN1,0.010604
KCNN2,0.20747
KCNN3,-0.078583
KCNN4,-0.236
KCNQ1,0.0053955
KCNQ2,0.10527
KCNQ3,-0.004255
KCNQ4,-0.16847
KCNQ5,-0.1742
KCNRG,-0.083193
KCNS1,-0.0069124
KCNS2,-0.035384
KCNS3,0.1427
KCNT1,0.20894
KCNT2,-0.15899
KCNU1,0.068737
KCNV1,0.10227
KCNV2,-0.1547
KCP,0.0032468
KCTD1,0.016467
KCTD10,-0.082088
KCTD11,0.020934
KCTD12,-0.087456
KCTD13,-0.049842
KCTD14,-0.019323
KCTD15,-0.11019
KCTD16,-0.053259
KCTD17,-0.092811
KCTD18,0.22193
KCTD19,-0.026305
KCTD2,-0.046573
KCTD20,0.09581
KCTD21,-0.11178
KCTD3,-0.12288
KCTD4,-0.085755
KCTD5,0.0031137
KCTD6,0.022511
KCTD7,0.11236
KCTD8,-0.039585
KCTD9,-0.01429
KDELC1,0.070904
KDELC2,0.0081099
KDELR1,-0.068933
KDELR2,-0.17228
KDELR3,-0.024196
KDF1,0.025439
KDM1A,0.56362
KDM1B,0.0060343
KDM2A,-0.14395
KDM2B,0.15584
KDM3A,-0.15531
KDM3B,-0.047963
KDM4A,0.12391
KDM4B,0.20971
KDM4C,0.16849
KDM4D,0.16906
KDM4E,0.13817
KDM5A,0.16439
KDM5B,-0.090866
KDM5C,0.061627
KDM5D,-0.31894
KDM6A,0.096438
KDM6B,-0.095585
KDM7A,0.15861
KDM8,0.036958
KDR,0.23696
KDSR,0.0015939
KEAP1,-0.090582
KEL,-0.19093
KERA,-0.084971
KHDC1,-0.11173
KHDC1L,-0.10917
KHDC3L,0.014937
KHDRBS1,0.20475
KHDRBS2,0.17337
KHDRBS3,0.026576
KHK,0.031809
KHNYN,0.41006
KHSRP,-0.0064151
KIAA0040,-0.14092
KIAA0100,-0.118
KIAA0141,0.013183
KIAA0232,0.19718
KIAA0319,0.012694
KIAA0319L,-0.10615
KIAA0355,0.090117
KIAA0368,-0.019825
KIAA0391,0.070417
KIAA0408,0.076408
KIAA0513,-0.018315
KIAA0556,0.13558
KIAA0586,0.060399
KIAA0753,-0.18446
KIAA0754,-0.17078
KIAA0825,-0.1521
KIAA0895,-0.086702
KIAA0895L,0.031789
KIAA0907,-0.039472
KIAA0922,0.11954
KIAA0930,-0.2114
KIAA1024,0.036026
KIAA1024L,-0.1204
KIAA1107,0.031898
KIAA1109,-0.38221
KIAA1143,0.021015
KIAA1147,-0.0010952
KIAA1161,0.18718
KIAA1191,0.091828
KIAA1210,0.18835
KIAA1211,-0.02828
KIAA1211L,-0.026602
KIAA1217,-0.14184
KIAA1257,-0.21126
KIAA1324,0.11813
KIAA1324L,-0.015808
KIAA1328,0.15094
KIAA1429,0.18408
KIAA1456,0.092914
KIAA1462,-0.08671
KIAA1468,-0.098467
KIAA1522,-0.031335
KIAA1524,-0.042832
KIAA1549,0.10833
KIAA1549L,0.12751
KIAA1551,-0.16282
KIAA1586,0.042074
KIAA1614,-0.12491
KIAA1644,-0.028142
KIAA1671,0.014535
KIAA1683,0.0058653
KIAA1755,-0.044091
KIAA1841,-0.14195
KIAA1958,-0.0040369
KIAA2012,-0.0050354
KIAA2013,-0.063464
KIAA2022,-0.09851
KIAA2026,0.18493
KIDINS220,-0.88006
KIF11,0.36433
KIF12,-0.0099449
KIF13A,-0.038948
KIF13B,-0.0066648
KIF14,0.15214
KIF15,-0.10404
KIF16B,0.058331
KIF17,0.012513
KIF18A,0.066748
KIF18B,-0.00052616
KIF19,-0.14727
KIF1A,0.0098857
KIF1B,0.10562
KIF1BP,-0.035175
KIF1C,0.066319
KIF20A,0.092288
KIF20B,-0.068175
KIF21A,-0.013673
KIF21B,0.12695
KIF22,-0.12488
KIF23,0.25644
KIF24,0.053637
KIF25,0.04275
KIF26A,0.11448
KIF26B,-0.01027
KIF27,-0.08894
KIF2A,-0.17193
KIF2B,-0.047986
KIF2C,-0.13151
KIF3A,0.10114
KIF3B,0.15648
KIF3C,0.005683
KIF4A,0.075207
KIF4B,-0.078835
KIF5A,0.095874
KIF5B,0.067627
KIF5C,-0.065751
KIF6,-0.12734
KIF7,-0.10942
KIF9,-0.089158
KIFAP3,-0.11698
KIFC1,-0.062161
KIFC2,-0.20012
KIFC3,0.024423
KIN,0.20753
KIR2DL1,0.12474
KIR2DL2,-0.044675
KIR2DL4,-0.087169
KIR3DL1,-0.1186
KIR3DL2,-0.04751
KIR3DL3,-0.032271
KIRREL,-0.030905
KIRREL2,-0.111
KIRREL3,-0.017749
KISS1,0.012804
KISS1R,0.19936
KIT,-0.11711
KITLG,-0.0044422
KIZ,0.15142
KL,0.044052
KLB,-0.019925
KLC1,-0.18859
KLC2,-0.050477
KLC3,0.022576
KLC4,0.037983
KLF1,-0.15431
KLF10,0.0037885
KLF11,-0.05667
KLF12,-0.18176
KLF13,0.1597
KLF14,-0.04383
KLF15,0.21171
KLF16,0.054684
KLF17,0.082795
KLF2,0.44934
KLF3,-0.10916
KLF4,-0.1534
KLF5,0.016502
KLF6,-0.022206
KLF7,0.0076591
KLF8,0.06608
KLF9,-0.080813
KLHDC1,0.014238
KLHDC10,0.022334
KLHDC2,0.061851
KLHDC3,-0.014945
KLHDC4,0.087037
KLHDC7A,0.021983
KLHDC7B,-0.017738
KLHDC8A,0.037294
KLHDC8B,0.063323
KLHDC9,0.033502
KLHL1,-0.17093
KLHL10,-0.08564
KLHL11,0.0096366
KLHL12,-0.069511
KLHL13,-0.0036684
KLHL14,0.10895
KLHL15,-0.13444
KLHL17,0.052699
KLHL18,-0.19166
KLHL2,0.086991
KLHL20,-0.3338
KLHL21,0.0044207
KLHL22,0.083686
KLHL23,0.043478
KLHL24,0.03349
KLHL25,-0.12263
KLHL26,-0.095833
KLHL28,-0.12643
KLHL29,-0.16034
KLHL3,-0.14458
KLHL30,0.18801
KLHL31,-0.083264
KLHL32,-0.026153
KLHL33,0.051533
KLHL34,0.16942
KLHL35,0.17235
KLHL36,-0.065494
KLHL38,-0.0014004
KLHL4,-0.040302
KLHL40,-0.019569
KLHL41,0.053647
KLHL42,0.036198
KLHL5,0.099508
KLHL6,-0.20514
KLHL7,0.02289
KLHL8,-0.069156
KLHL9,0.067489
KLK1,-0.13823
KLK10,0.0060356
KLK11,-0.082933
KLK12,0.10429
KLK13,-0.064138
KLK14,0.091598
KLK15,-0.04289
KLK2,0.095886
KLK3,0.12358
KLK4,-0.3077
KLK5,-0.12358
KLK6,-0.033724
KLK7,0.028708
KLK8,-0.013226
KLK9,-0.19662
KLKB1,-0.027645
KLLN,0.083534
KLRB1,-0.061179
KLRC1,-0.16521
KLRC2,0.1373
KLRC3,-0.026323
KLRC4,-0.077032
KLRC4-KLRK1,0.16903
KLRD1,0.021527
KLRF1,0.1601
KLRF2,-0.035413
KLRG1,-0.26143
KLRG2,-0.033681
KLRK1,0.0094814
KMO,-0.016131
KMT2A,-0.21443
KMT2B,-0.11968
KMT2C,0.19483
KMT2D,0.010863
KMT2E,0.16793
KNCN,0.021235
KNDC1,0.11623
KNG1,0.016414
KNL1,0.081941
KNOP1,0.010476
KNSTRN,-0.081816
KNTC1,-0.10167
KPNA1,0.054208
KPNA2,-0.075847
KPNA3,0.061001
KPNA4,-0.017945
KPNA5,0.03506
KPNA6,-0.010986
KPNA7,-0.03514
KPNB1,0.14065
KPRP,0.012375
KPTN,0.066672
KRAS,-0.097276
KRBA1,0.055825
KRBA2,0.026441
KRBOX1,-0.069441
KRBOX4,0.04735
KRCC1,0.097152
KREMEN1,0.066589
KREMEN2,-0.08067
KRI1,0.21796
KRIT1,0.12537
KRR1,0.11311
KRT1,-0.15652
KRT10,0.017227
KRT12,-0.045857
KRT13,0.17112
KRT14,-0.23643
KRT15,-0.077898
KRT16,-0.062081
KRT17,-0.032255
KRT18,-0.0035126
KRT19,-0.1
KRT2,-0.1241
KRT20,-0.029105
KRT222,-0.020348
KRT23,-0.19922
KRT24,0.097118
KRT25,-0.098806
KRT26,0.11498
KRT27,0.056568
KRT28,-0.093199
KRT3,-0.090108
KRT31,-0.0091707
KRT32,0.12884
KRT33A,-0.067905
KRT33B,-0.115
KRT34,0.03412
KRT35,-0.039135
KRT36,-0.11183
KRT37,-0.080771
KRT38,0.15231
KRT39,-0.045145
KRT4,-0.0014832
KRT40,0.043444
KRT5,-0.031758
KRT6A,-0.20256
KRT6B,-0.13162
KRT6C,0.077547
KRT7,-0.099414
KRT71,0.12077
KRT72,0.033732
KRT73,-0.095031
KRT74,-0.17193
KRT75,-0.011815
KRT76,0.13533
KRT77,-0.10957
KRT78,0.10042
KRT79,-0.040309
KRT8,-0.10457
KRT80,0.044037
KRT81,-0.084557
KRT82,-0.16794
KRT83,0.047301
KRT84,-0.017439
KRT85,0.058178
KRT86,-0.098084
KRT9,-0.091113
KRTAP1-1,-0.25036
KRTAP1-3,-0.11906
KRTAP1-4,0.020825
KRTAP1-5,-0.13131
KRTAP10-1,-0.13763
KRTAP10-10,0.058809
KRTAP10-11,0.06368
KRTAP10-12,-0.20971
KRTAP10-2,0.068545
KRTAP10-3,0.13649
KRTAP10-4,0.037356
KRTAP10-5,0.11267
KRTAP10-6,0.012279
KRTAP10-7,0.017684
KRTAP10-8,-0.097151
KRTAP10-9,-0.015156
KRTAP11-1,0.063352
KRTAP12-1,0.12803
KRTAP12-2,0.043865
KRTAP12-3,0.02619
KRTAP12-4,-0.028985
KRTAP13-1,-0.10368
KRTAP13-2,-0.056815
KRTAP13-3,-0.20822
KRTAP13-4,-0.095818
KRTAP15-1,-0.10801
KRTAP16-1,-0.095241
KRTAP17-1,-0.073452
KRTAP19-1,-0.20703
KRTAP19-2,-0.057272
KRTAP19-3,-0.048491
KRTAP19-4,-0.17141
KRTAP19-5,0.073363
KRTAP19-6,-0.020976
KRTAP19-7,0.037682
KRTAP19-8,-0.087858
KRTAP2-1,-0.14159
KRTAP2-2,-0.0088127
KRTAP2-3,-0.094519
KRTAP2-4,-0.036846
KRTAP20-1,-0.15545
KRTAP20-2,0.10942
KRTAP20-3,-0.066646
KRTAP21-1,0.01898
KRTAP21-2,-0.003427
KRTAP21-3,0.029791
KRTAP22-1,-0.069832
KRTAP22-2,-0.024004
KRTAP23-1,0.06299
KRTAP24-1,-0.086202
KRTAP25-1,-0.21596
KRTAP26-1,-0.07913
KRTAP27-1,-0.016822
KRTAP29-1,0.074571
KRTAP3-1,-0.11259
KRTAP3-2,0.081452
KRTAP3-3,0.028886
KRTAP4-1,-0.10492
KRTAP4-11,-0.090128
KRTAP4-12,0.10297
KRTAP4-2,-0.055269
KRTAP4-3,0.081807
KRTAP4-4,-0.21543
KRTAP4-5,-0.027246
KRTAP4-6,0.076867
KRTAP4-7,0.035892
KRTAP4-8,-0.073854
KRTAP4-9,-0.030885
KRTAP5-1,-0.017752
KRTAP5-10,-0.03643
KRTAP5-11,0.26007
KRTAP5-2,-0.057058
KRTAP5-3,-0.1122
KRTAP5-4,0.0094945
KRTAP5-5,-0.1925
KRTAP5-6,0.19794
KRTAP5-7,0.13202
KRTAP5-8,0.17635
KRTAP5-9,-0.098554
KRTAP6-1,-0.058704
KRTAP6-2,0.15127
KRTAP6-3,0.12155
KRTAP7-1,-0.063622
KRTAP8-1,-0.09147
KRTAP9-1,-0.015025
KRTAP9-2,-0.13363
KRTAP9-3,0.07846
KRTAP9-4,0.022467
KRTAP9-6,0.18833
KRTAP9-7,-0.29719
KRTAP9-8,-0.10334
KRTAP9-9,-0.14052
KRTCAP2,0.03888
KRTCAP3,0.029053
KRTDAP,-0.0037992
KSR1,-0.062086
KSR2,-0.14888
KTI12,0.14549
KTN1,0.13069
KXD1,0.056045
KY,0.051754
KYAT1,0.11005
KYAT3,-0.01043
KYNU,0.16016
L1CAM,-0.18182
L1TD1,-0.03957
L2HGDH,-0.10882
L3HYPDH,-0.015045
L3MBTL1,0.090977
L3MBTL2,0.26927
L3MBTL3,-0.087619
L3MBTL4,-0.053893
LACC1,-0.17812
LACRT,-0.013355
LACTB,0.17208
LACTB2,-0.12432
LACTBL1,0.031272
LAD1,-0.0947
LAG3,-0.11973
LAGE3,0.050637
LAIR1,0.084134
LAIR2,0.016959
LALBA,-0.20988
LAMA1,-0.13943
LAMA2,-0.047443
LAMA3,0.058372
LAMA4,-0.013101
LAMA5,0.036925
LAMB1,-0.12066
LAMB2,-0.035953
LAMB3,-0.20863
LAMB4,0.15228
LAMC1,-0.093192
LAMC2,0.00054376
LAMC3,0.027448
LAMP1,0.10136
LAMP2,0.002371
LAMP3,-0.18418
LAMP5,0.10587
LAMTOR1,0.09492
LAMTOR2,0.25167
LAMTOR3,0.25345
LAMTOR4,0.027597
LAMTOR5,0.056021
LANCL1,0.097392
LANCL2,-0.34733
LANCL3,0.036201
LAP3,-0.20354
LAPTM4A,-0.19748
LAPTM4B,-0.084053
LAPTM5,-0.016659
LARGE1,-0.014873
LARGE2,0.45291
LARP1,0.19104
LARP1B,-0.010184
LARP4,-0.12261
LARP4B,0.17033
LARP6,0.16095
LARP7,-0.13997
LARS,0.067664
LARS2,0.09608
LAS1L,0.083434
LASP1,0.21233
LAT,-0.89413
LAT2,0.22011
LATS1,-0.024107
LATS2,-0.16534
LAX1,0.23007
LAYN,0.018019
LBH,0.11623
LBHD1,-0.017985
LBP,0.1237
LBR,-0.13107
LBX1,-0.073241
LBX2,0.099748
LCA5,-0.16506
LCA5L,-0.027718
LCAT,-0.11863
LCE1A,-0.047304
LCE1B,0.02625
LCE1C,-0.15174
LCE1D,-0.027869
LCE1E,-0.090423
LCE1F,-0.16223
LCE2A,-0.01588
LCE2B,-0.12138
LCE2C,-0.14424
LCE2D,-0.073677
LCE3A,-0.06245
LCE3B,-0.029614
LCE3C,-0.19558
LCE3D,-0.18341
LCE3E,-0.18007
LCE4A,-0.018727
LCE5A,0.014338
LCE6A,-0.036421
LCK,0.13259
LCLAT1,-0.18553
LCMT1,-0.024512
LCMT2,0.0595
LCN1,-0.19149
LCN10,0.083978
LCN12,0.15649
LCN15,0.0021251
LCN2,0.075154
LCN6,0.021646
LCN8,-0.084012
LCN9,0.11541
LCNL1,-0.19125
LCOR,-0.18143
LCORL,-0.086808
LCP1,-0.22656
LCP2,-1.8811
LCT,-0.057808
LCTL,-0.0070107
LDAH,-0.055339
LDB1,-0.021653
LDB2,0.033558
LDB3,-0.19722
LDHA,-0.053931
LDHAL6A,0.16991
LDHAL6B,0.10949
LDHB,0.017234
LDHC,-0.15088
LDHD,0.068494
LDLR,0.051342
LDLRAD1,-0.13375
LDLRAD2,-0.030488
LDLRAD3,-0.028504
LDLRAD4,0.32311
LDLRAP1,0.145
LDOC1,0.20686
LEAP2,0.043055
LECT2,-0.0219
LEF1,0.13159
LEFTY1,0.014962
LEFTY2,0.066577
LEKR1,-0.094337
LELP1,-0.0020866
LEMD1,-0.13622
LEMD2,-0.10747
LEMD3,-0.045419
LENEP,-0.063173
LENG1,0.18607
LENG8,0.11475
LENG9,0.17847
LEO1,0.24431
LEP,-0.13011
LEPR,-0.013065
LEPROTL1,-0.053734
LETM1,0.11838
LETM2,-0.082149
LETMD1,-0.035671
LEUTX,-0.030944
LEXM,-0.027306
LFNG,0.0055982
LGALS1,0.072412
LGALS12,0.024525
LGALS13,-0.14996
LGALS14,-0.079296
LGALS16,-0.13154
LGALS2,0.041
LGALS3,-0.094378
LGALS3BP,0.1649
LGALS4,0.14345
LGALS7,-0.068909
LGALS7B,-0.14006
LGALS8,0.040631
LGALS9,0.15305
LGALS9B,-0.22016
LGALS9C,-0.017051
LGALSL,-0.016651
LGI1,0.18671
LGI2,-0.36755
LGI3,0.050855
LGI4,-0.064299
LGMN,0.029587
LGR4,-0.05853
LGR5,0.11558
LGR6,-0.082389
LGSN,-0.24197
LHB,0.086577
LHCGR,0.080133
LHFP,-0.24716
LHFPL1,-0.10939
LHFPL2,-0.30266
LHFPL3,-0.030676
LHFPL4,0.10204
LHFPL5,-0.071995
LHPP,-0.21651
LHX1,-0.17974
LHX2,0.03808
LHX3,-0.1044
LHX4,-0.076612
LHX5,0.17887
LHX6,0.06258
LHX8,0.27052
LHX9,-0.19743
LIAS,0.11671
LIF,0.26322
LIFR,-0.35459
LIG1,0.13563
LIG3,-0.13764
LIG4,0.025197
LILRA1,-0.063629
LILRA2,-0.038413
LILRA4,-0.13403
LILRA5,0.037358
LILRA6,-0.10879
LILRB1,0.034457
LILRB2,0.25344
LILRB3,0.16862
LILRB4,-0.05105
LILRB5,-0.18204
LIM2,-0.019469
LIMA1,-0.11308
LIMCH1,-0.032751
LIMD1,-0.031404
LIMD2,-0.026979
LIME1,0.38661
LIMK1,0.0021661
LIMK2,-0.1139
LIMS1,0.010901
LIMS2,-0.16184
LIMS3,0.17784
LIN28A,0.14161
LIN28B,-0.034168
LIN37,-0.38505
LIN52,0.19712
LIN54,-0.11681
LIN7A,-0.27533
LIN7B,-0.12754
LIN7C,0.12213
LIN9,0.091007
LINC00452,-0.07998
LINC01750,-0.15283
LINC01835,-0.14981
LINC01862,-0.047191
LINC02210-CRHR1,0.037519
LINC02312,-0.069287
LINGO1,0.12916
LINGO2,0.1008
LINGO3,-0.33036
LINGO4,0.17735
LIPA,0.016826
LIPC,0.0011676
LIPE,-0.012532
LIPF,0.0045673
LIPG,0.12499
LIPH,0.066023
LIPI,-0.049351
LIPJ,0.1259
LIPK,-0.090705
LIPM,-0.23092
LIPN,0.041256
LIPT1,0.23226
LIPT2,-0.060757
LITAF,0.13384
LIX1,-0.19217
LIX1L,0.05522
LKAAEAR1,0.053669
LLGL1,0.091085
LLGL2,-0.10561
LLPH,0.016922
LMAN1,-0.13069
LMAN1L,-0.031903
LMAN2,0.13047
LMAN2L,-0.094121
LMBR1,0.071041
LMBR1L,0.072043
LMBRD1,-0.12853
LMBRD2,0.057191
LMCD1,0.17544
LMF1,0.079252
LMF2,-0.018297
LMLN,0.0028117
LMNA,-0.063806
LMNB1,0.1581
LMNB2,-0.0096653
LMNTD1,-0.055232
LMNTD2,0.035699
LMO1,0.2209
LMO2,0.027336
LMO3,-0.10749
LMO4,-0.052283
LMO7,0.030785
LMO7DN,0.052767
LMOD1,0.17738
LMOD2,0.081725
LMOD3,-0.014012
LMTK2,0.074038
LMTK3,-0.014511
LMX1A,-0.014293
LMX1B,0.10042
LNP1,-0.21848
LNPEP,0.08648
LNPK,0.13619
LNX1,-0.0016584
LNX2,-0.142
LOC100128429,0.077304
LOC100128988,-0.013452
LOC100129083,0.066653
LOC100129112,0.11535
LOC100129216,-0.029678
LOC100129697,-0.14902
LOC100129721,0.089559
LOC100129940,-0.072675
LOC100130357,0.070256
LOC100130370,0.12508
LOC100130442,-0.17885
LOC100130451,-0.041184
LOC100130597,0.080394
LOC100130705,-0.2275
LOC100130880,0.12274
LOC100131150,0.13867
LOC100131303,-0.12432
LOC100132813,-0.13287
LOC100134391,-0.063033
LOC100144595,0.11794
LOC100287036,0.18961
LOC100287290,-0.014734
LOC100289561,-0.10737
LOC100505549,0.044373
LOC100505841,-0.16371
LOC100506127,0.17407
LOC100506388,0.0034245
LOC100506422,-0.030967
LOC100506514,-0.095896
LOC100996634,-0.016104
LOC100996693,0.2549
LOC101927322,-0.64741
LOC101927572,-0.039871
LOC101927844,-0.046388
LOC101928093,0.17849
LOC101928436,-0.14255
LOC101928841,0.054689
LOC101929372,-0.080663
LOC101929726,-0.03782
LOC101929747,0.016105
LOC101929926,-0.081445
LOC102724265,0.010938
LOC102724957,-0.06355
LOC105377134,0.035698
LOC149373,-0.22563
LOC157562,-0.074786
LOC157860,0.15009
LOC283357,-0.25347
LOC283454,-0.046397
LOC283485,-0.24427
LOC283710,-0.073903
LOC283713,0.014975
LOC284108,0.10971
LOC284513,0.017069
LOC284570,0.039219
LOC284898,0.0091898
LOC285423,0.025795
LOC285500,0.083568
LOC285556,0.12178
LOC286068,-0.0070073
LOC286238,-0.035231
LOC286254,0.011298
LOC339862,-0.018256
LOC340178,0.0982
LOC388282,-0.083591
LOC388780,-0.26341
LOC388813,0.20748
LOC389602,-0.058805
LOC389895,-0.17653
LOC400927-CSNK1E,0.21334
LOC401052,0.49669
LOC403312,-0.17347
LOC441155,0.071732
LOC643802,-0.26123
LOC643936,-0.092911
LOC646588,-0.032515
LOC650293,-0.19993
LOC653602,0.22491
LOC728392,0.008911
LOC728485,0.06564
LOC729159,0.015227
LOC730098,0.030346
LOC730159,0.0097635
LOC730183,-0.021519
LOC79999,-0.021423
LONP1,0.02768
LONP2,-0.17889
LONRF1,-0.069335
LONRF2,0.033429
LONRF3,0.1046
LOR,-0.10106
LOX,0.096003
LOXHD1,0.058954
LOXL1,-0.30944
LOXL2,0.10561
LOXL3,-0.09827
LOXL4,0.05368
LPA,0.10039
LPAR1,0.013981
LPAR2,0.070276
LPAR3,-0.18981
LPAR4,0.10787
LPAR5,0.093592
LPAR6,-0.019247
LPCAT1,0.19914
LPCAT2,-0.095502
LPCAT3,0.11927
LPCAT4,-0.032157
LPGAT1,-0.13166
LPIN1,0.040094
LPIN2,-0.013269
LPIN3,0.17215
LPL,0.053492
LPO,-0.076952
LPP,0.052705
LPXN,-0.053863
LRAT,-0.05088
LRBA,-0.14092
LRCH1,0.070121
LRCH2,0.066869
LRCH3,0.056025
LRCH4,0.071975
LRCOL1,-0.057653
LRFN1,0.19935
LRFN2,-0.17609
LRFN3,0.10555
LRFN4,-0.15421
LRFN5,-0.082256
LRG1,-0.094189
LRGUK,0.046146
LRIF1,0.037877
LRIG1,-0.027485
LRIG2,-0.024438
LRIG3,0.045452
LRIT1,0.030961
LRIT2,0.0030449
LRIT3,-0.068367
LRMDA,-0.049809
LRMP,-0.18057
LRP1,0.027595
LRP10,0.032345
LRP11,0.0046503
LRP12,-0.092165
LRP1B,0.051153
LRP2,-0.026028
LRP2BP,-0.013919
LRP3,0.10442
LRP4,0.041176
LRP5,0.10787
LRP5L,0.047391
LRP6,-0.013141
LRP8,-0.080594
LRPAP1,0.083337
LRPPRC,0.17284
LRR1,-0.030532
LRRC1,0.082744
LRRC10,-0.018553
LRRC10B,-0.02763
LRRC14,0.14535
LRRC14B,-0.10285
LRRC15,-0.26537
LRRC17,0.11574
LRRC18,0.044867
LRRC19,0.090732
LRRC2,0.017216
LRRC20,0.082693
LRRC23,-0.085145
LRRC24,0.089011
LRRC25,-0.12965
LRRC26,0.0018357
LRRC27,-0.090772
LRRC28,-0.068646
LRRC29,0.11393
LRRC3,-0.17156
LRRC30,0.061657
LRRC31,-0.07696
LRRC32,0.10583
LRRC34,0.1479
LRRC36,-0.044128
LRRC37A,-0.044079
LRRC37A2,0.056619
LRRC37A3,-0.11279
LRRC37B,-0.053399
LRRC38,0.037465
LRRC39,-0.13391
LRRC3B,-0.033951
LRRC3C,0.054182
LRRC4,0.0091324
LRRC40,-0.0072133
LRRC41,0.08133
LRRC42,-0.055289
LRRC43,0.10774
LRRC45,0.13012
LRRC46,-0.1381
LRRC47,-0.058953
LRRC49,-0.16313
LRRC4B,-0.14722
LRRC4C,-0.016983
LRRC52,-0.089858
LRRC53,-0.15623
LRRC55,0.16846
LRRC56,-0.018417
LRRC57,-0.005927
LRRC58,-0.016238
LRRC59,0.093529
LRRC6,0.09308
LRRC61,0.26474
LRRC63,0.11154
LRRC66,-0.057177
LRRC69,0.0099446
LRRC7,-0.090801
LRRC70,-0.12954
LRRC71,0.0086651
LRRC72,0.050126
LRRC73,-0.083472
LRRC74A,-0.044513
LRRC74B,-0.10148
LRRC75A,0.26744
LRRC75B,0.014682
LRRC8A,-0.15261
LRRC8B,-0.061674
LRRC8C,0.13382
LRRC8D,-0.25561
LRRC8E,0.15649
LRRCC1,0.078977
LRRD1,-0.034713
LRRFIP1,0.079239
LRRFIP2,0.080063
LRRIQ1,0.069078
LRRIQ3,-0.12423
LRRIQ4,-0.14953
LRRK1,0.36223
LRRK2,0.083504
LRRN1,-0.16792
LRRN2,-0.036935
LRRN3,-0.026988
LRRN4,-0.12911
LRRN4CL,-0.093085
LRRTM1,-0.08146
LRRTM2,-0.12754
LRRTM3,-0.10974
LRRTM4,-0.079503
LRSAM1,0.08325
LRTM1,-0.076563
LRTM2,-0.018448
LRTOMT,-0.17716
LRWD1,0.15397
LSAMP,0.0026613
LSG1,-0.06961
LSM1,-0.12672
LSM10,0.21154
LSM11,0.12754
LSM12,-0.088995
LSM14A,0.079388
LSM14B,0.11878
LSM2,-0.1772
LSM3,0.045628
LSM4,0.37938
LSM5,0.17436
LSM6,0.37079
LSM7,0.092019
LSM8,0.16211
LSMEM1,-0.028732
LSMEM2,-0.13499
LSP1,-0.27757
LSR,0.040466
LSS,0.018683
LST1,-0.18572
LTA,0.073964
LTA4H,-0.065083
LTB,-0.052923
LTB4R,0.081781
LTB4R2,0.095896
LTBP1,0.070798
LTBP2,-0.036835
LTBP3,0.11637
LTBP4,-0.15502
LTBR,0.010222
LTC4S,0.028065
LTF,-0.06461
LTK,-0.13266
LTN1,0.014732
LTV1,0.15312
LUC7L,0.02102
LUC7L2,0.11448
LUC7L3,0.12211
LUM,0.17201
LURAP1,0.013934
LURAP1L,-0.053518
LUZP1,-0.043338
LUZP2,-0.061929
LUZP4,-0.1669
LUZP6,-0.04966
LVRN,0.012744
LXN,-0.0031189
LY6D,0.06867
LY6E,-0.059632
LY6G5B,0.066654
LY6G5C,-0.077105
LY6G6C,-0.0805
LY6G6D,-0.19087
LY6G6F,0.16784
LY6H,0.080758
LY6K,-0.11348
LY6L,-0.23067
LY75,0.16818
LY86,-0.0023085
LY9,-0.087739
LY96,0.011271
LYAR,-0.056772
LYG1,0.0022085
LYG2,0.11402
LYL1,0.082962
LYN,0.099557
LYNX1,-0.11708
LYPD1,-0.27145
LYPD2,0.13688
LYPD3,0.048378
LYPD4,0.081707
LYPD5,-0.06602
LYPD6,-0.00166
LYPD6B,0.021049
LYPD8,-0.051802
LYPLA1,0.018148
LYPLA2,0.12622
LYPLAL1,0.0010624
LYRM1,0.16211
LYRM2,-0.10511
LYRM4,-0.023341
LYRM7,0.077378
LYRM9,-0.13641
LYSMD1,0.17419
LYSMD2,0.016555
LYSMD3,0.059176
LYSMD4,-0.12682
LYST,-0.095611
LYVE1,-0.11404
LYZ,0.022974
LYZL1,-0.026279
LYZL2,0.12514
LYZL4,-0.33949
LYZL6,-0.053862
LZIC,-0.039267
LZTFL1,-0.016594
LZTR1,0.44513
LZTS1,0.078609
LZTS2,-0.29999
LZTS3,-0.073119
M1AP,-0.1747
M6PR,-0.057975
MAATS1,-0.068959
MAB21L1,-0.029521
MAB21L2,0.18477
MAB21L3,-0.049964
MACC1,-0.0020485
MACF1,-0.11163
MACROD1,-0.0022894
MACROD2,0.2584
MAD1L1,0.1699
MAD2L1,0.20439
MAD2L1BP,0.36688
MAD2L2,0.2248
MADCAM1,-0.090265
MADD,0.071836
MAEA,0.2672
MAEL,-0.064416
MAF,-0.030286
MAF1,0.25531
MAFA,0.22378
MAFB,-0.10637
MAFF,-0.037238
MAFG,-0.028441
MAFK,0.11327
MAG,0.048347
MAGEA1,-0.09363
MAGEA10,0.084205
MAGEA10-MAGEA5,-0.16901
MAGEA11,-0.092027
MAGEA12,-0.24327
MAGEA2,-0.11926
MAGEA2B,-0.015283
MAGEA3,0.057475
MAGEA4,0.12365
MAGEA5,0.038463
MAGEA6,-0.047069
MAGEA8,0.2476
MAGEA9,0.12488
MAGEA9B,0.073398
MAGEB1,-0.11079
MAGEB10,-0.20583
MAGEB16,0.019628
MAGEB17,0.043046
MAGEB18,-0.050741
MAGEB2,-0.13874
MAGEB3,0.045824
MAGEB4,-0.038061
MAGEB5,0.069455
MAGEB6,-0.2497
MAGEC1,-0.085332
MAGEC2,-0.043845
MAGEC3,0.32036
MAGED1,-0.10692
MAGED2,-0.033671
MAGED4,-0.1872
MAGED4B,0.11562
MAGEE1,-0.01338
MAGEE2,0.021799
MAGEF1,0.057675
MAGEH1,-0.044216
MAGEL2,-0.15748
MAGI1,-0.14272
MAGI2,0.10336
MAGI3,-0.044615
MAGIX,0.023027
MAGOH,0.39095
MAGOHB,-0.077367
MAGT1,-0.36708
MAIP1,0.21577
MAJIN,0.23658
MAK,0.070952
MAK16,1.1528
MAL,-0.029713
MAL2,0.0078686
MALL,0.054395
MALRD1,-0.16909
MALSU1,0.13561
MALT1,-0.30019
MAMDC2,-0.10216
MAMDC4,0.088457
MAML1,0.014736
MAML2,-0.089851
MAML3,0.093993
MAMLD1,-0.13644
MAMSTR,-0.057421
MAN1A1,0.080758
MAN1A2,-0.11496
MAN1B1,0.12744
MAN1C1,-0.078941
MAN2A1,0.16911
MAN2A2,-0.085462
MAN2B1,0.20209
MAN2B2,0.047393
MAN2C1,0.013377
MANBA,0.002141
MANBAL,-0.028337
MANEA,-0.00034059
MANEAL,-7.3622e-05
MANF,-0.1328
MANSC1,-0.04581
MANSC4,-0.1393
MAOA,0.087926
MAOB,0.062133
MAP10,-0.033831
MAP1A,0.010713
MAP1B,-0.0627
MAP1LC3A,-0.017573
MAP1LC3B,0.53399
MAP1LC3B2,-0.0073963
MAP1LC3C,0.043462
MAP1S,0.061905
MAP2,0.23906
MAP2K1,-0.034449
MAP2K2,-0.31801
MAP2K3,-0.053746
MAP2K4,0.18003
MAP2K5,-0.10372
MAP2K6,-0.02884
MAP2K7,-0.027346
MAP3K1,0.076361
MAP3K10,-0.048459
MAP3K11,-0.14147
MAP3K12,0.020317
MAP3K13,0.042708
MAP3K14,0.17542
MAP3K15,-0.0065667
MAP3K19,-0.010608
MAP3K2,0.12419
MAP3K20,-0.069249
MAP3K21,-0.082989
MAP3K3,-0.08821
MAP3K4,0.34826
MAP3K5,0.10282
MAP3K6,0.13142
MAP3K7,-0.19219
MAP3K7CL,-0.060578
MAP3K8,0.14645
MAP3K9,0.10354
MAP4,0.089129
MAP4K1,0.95836
MAP4K2,0.070835
MAP4K3,0.023967
MAP4K4,0.050451
MAP4K5,-0.030289
MAP6,-0.15958
MAP6D1,0.096233
MAP7,-0.23834
MAP7D1,0.12435
MAP7D2,0.11239
MAP7D3,-0.10309
MAP9,0.12728
MAPK1,-0.14821
MAPK10,-0.17425
MAPK11,0.087539
MAPK12,0.19743
MAPK13,0.14251
MAPK14,-0.02364
MAPK15,-0.04471
MAPK1IP1L,-0.055474
MAPK3,-0.33118
MAPK4,0.33645
MAPK6,-0.13755
MAPK7,0.070522
MAPK8,0.089889
MAPK8IP1,0.13104
MAPK8IP2,0.041429
MAPK8IP3,0.034695
MAPK9,0.10418
MAPKAP1,-0.0071095
MAPKAPK2,0.19245
MAPKAPK3,0.15034
MAPKAPK5,-0.069709
MAPKBP1,0.10184
MAPRE1,-0.029966
MAPRE2,0.16422
MAPRE3,0.054906
MAPT,-0.073543
MARC1,0.00028253
MARC2,-0.055518
MARCH1,-0.0055854
MARCH10,0.18034
MARCH11,-0.038691
MARCH2,0.27373
MARCH3,0.202
MARCH4,-0.094114
MARCH5,0.20046
MARCH6,-0.051369
MARCH7,-0.0076097
MARCH8,-0.13199
MARCH9,0.16792
MARCKS,-0.040297
MARCKSL1,-0.01789
MARCO,-0.0097855
MARF1,-0.18179
MARK1,0.03034
MARK2,0.070128
MARK3,0.024067
MARK4,-0.085894
MARS,-0.02187
MARS2,0.046518
MARVELD1,-0.10652
MARVELD2,0.19862
MARVELD3,-0.028198
MAS1,-0.029943
MAS1L,-0.14183
MASP1,-0.035208
MASP2,-0.008059
MAST1,0.1483
MAST2,0.060054
MAST3,0.0087291
MAST4,0.01036
MASTL,0.17139
MAT1A,0.087051
MAT2A,0.24044
MAT2B,-0.0055612
MATK,0.10236
MATN1,0.17835
MATN2,-0.19667
MATN3,0.031931
MATN4,0.093111
MATR3,0.18098
MAU2,0.31147
MAVS,0.25278
MAX,0.19092
MAZ,-0.029087
MB,0.093685
MB21D1,0.057895
MB21D2,-0.18568
MBD1,-0.043842
MBD2,-0.40736
MBD3,0.10547
MBD3L1,0.088351
MBD3L2,-0.10342
MBD3L3,-0.071388
MBD3L4,-0.20169
MBD3L5,0.03617
MBD4,-0.082639
MBD5,0.017531
MBD6,0.073353
MBIP,0.0056331
MBL2,0.17476
MBLAC1,-0.067438
MBLAC2,0.16505
MBNL1,-0.06458
MBNL2,-0.15406
MBNL3,0.044588
MBOAT1,-0.0092449
MBOAT2,0.023366
MBOAT4,0.3058
MBOAT7,-0.025064
MBP,0.0069125
MBTD1,0.24219
MBTPS1,0.14605
MBTPS2,0.324
MC1R,0.010976
MC2R,0.1459
MC3R,-0.098263
MC4R,0.030502
MC5R,0.12218
MCAM,-0.14429
MCAT,-0.054014
MCC,0.060221
MCCC1,0.058691
MCCC2,0.0068725
MCCD1,-0.12247
MCEE,0.15771
MCEMP1,-0.073092
MCF2,-0.023478
MCF2L,0.011133
MCF2L2,0.13049
MCFD2,-0.1098
MCHR1,0.027685
MCHR2,-0.03575
MCIDAS,-0.34723
MCL1,-0.11476
MCM10,0.38364
MCM2,1.0533
MCM3,0.24941
MCM3AP,1.0307
MCM4,0.01386
MCM5,0.4335
MCM6,0.32802
MCM7,0.0087354
MCM8,0.065144
MCM9,0.14337
MCMBP,0.061614
MCMDC2,-0.083816
MCOLN1,0.064964
MCOLN2,-0.1124
MCOLN3,-0.063629
MCPH1,0.43597
MCRIP1,-0.0049916
MCRIP2,-0.085581
MCRS1,0.32922
MCTP1,-0.059401
MCTP2,-0.29347
MCTS1,0.088396
MCU,0.0071616
MCUB,-0.12979
MCUR1,0.069176
MDC1,0.053008
MDFI,-0.04445
MDFIC,-0.036809
MDGA1,-0.033772
MDGA2,-0.11828
MDH1,0.12699
MDH1B,0.11385
MDH2,0.039974
MDK,-0.067563
MDM1,0.075102
MDM2,0.014912
MDM4,0.39249
MDN1,0.3243
MDP1,-0.08611
ME1,0.05873
ME2,0.0042164
ME3,-0.17626
MEA1,-0.12642
MEAF6,-0.20444
MECOM,-0.16097
MECP2,-0.093155
MECR,0.12686
MED1,-0.08746
MED10,0.15487
MED11,0.045219
MED12,0.23069
MED12L,0.09245
MED13,-0.01881
MED13L,0.067397
MED14,-0.26142
MED14OS,0.0063286
MED15,0.344
MED16,-0.309
MED17,0.12554
MED18,0.06392
MED19,-0.018738
MED20,-0.14612
MED21,0.13359
MED22,0.050735
MED23,-0.50573
MED24,-0.26577
MED25,0.13119
MED26,-0.035062
MED27,0.1955
MED28,0.24383
MED29,0.099758
MED30,0.2578
MED31,0.19738
MED4,0.20602
MED6,-0.164
MED7,-0.0043336
MED8,0.1525
MED9,-0.062284
MEDAG,-0.065242
MEF2A,0.071455
MEF2B,-0.14103
MEF2C,-0.012953
MEF2D,-0.0078445
MEFV,-0.081295
MEGF10,-0.18508
MEGF11,0.077542
MEGF6,0.10066
MEGF8,-0.070451
MEGF9,-0.18709
MEI1,-0.013055
MEI4,-0.01445
MEIG1,0.07482
MEIKIN,0.15432
MEIOB,-0.057722
MEIS1,-0.057409
MEIS2,-0.13891
MEIS3,-0.075671
MELK,0.19657
MEMO1,0.73471
MEN1,-0.27405
MEOX1,-0.07343
MEOX2,0.038318
MEP1A,0.1412
MEP1B,-0.060353
MEPCE,0.09364
MEPE,-0.0050295
MERTK,0.021984
MESDC1,0.34766
MESDC2,0.05847
MESP1,0.24472
MESP2,-0.13158
MEST,0.083009
MET,-0.061386
METAP1,0.19261
METAP1D,-0.13393
METAP2,0.75942
METRN,-0.039189
METRNL,0.17101
METTL1,-0.25375
METTL11B,-0.15408
METTL12,-0.0413
METTL13,0.073084
METTL14,0.13741
METTL15,0.08049
METTL16,-0.026772
METTL17,0.063085
METTL18,-0.11573
METTL21A,0.13782
METTL21C,0.10445
METTL22,0.15627
METTL23,0.036511
METTL24,0.34956
METTL25,0.040926
METTL26,-0.27095
METTL27,0.08886
METTL2A,-0.064855
METTL2B,-0.20608
METTL3,0.20145
METTL4,0.24764
METTL5,0.11273
METTL6,0.074589
METTL7A,-0.0047229
METTL7B,0.0087988
METTL8,0.021821
METTL9,-0.039948
MEX3A,-0.076001
MEX3B,-0.11345
MEX3C,-0.091851
MEX3D,-0.0066888
MFAP1,0.42193
MFAP2,0.32225
MFAP3,0.13307
MFAP3L,0.16223
MFAP4,-0.09681
MFAP5,-0.15327
MFF,0.040787
MFGE8,-0.0035795
MFHAS1,-0.35215
MFN1,0.27208
MFN2,-0.033236
MFNG,-0.13295
MFRP,-0.064268
MFSD1,0.049276
MFSD10,0.094956
MFSD11,0.0084229
MFSD12,-0.0043233
MFSD2A,-0.012017
MFSD2B,0.16352
MFSD3,0.080117
MFSD5,0.094109
MFSD6,-0.063881
MFSD6L,0.061016
MFSD7,-0.11252
MFSD8,-0.15928
MFSD9,0.12413
MGA,-0.017336
MGAM,0.093377
MGAM2,0.0224
MGARP,-0.16756
MGAT1,0.097608
MGAT2,0.22065
MGAT3,0.07798
MGAT4A,-0.18468
MGAT4B,-0.19044
MGAT4C,-0.26501
MGAT4D,0.12753
MGAT5,0.046173
MGAT5B,-0.070898
MGEA5,0.029205
MGLL,0.047854
MGME1,-0.17036
MGMT,-0.11412
MGP,0.036711
MGRN1,0.086819
MGST1,-0.083221
MGST2,-0.087527
MGST3,-0.11535
MIA,0.035613
MIA2,0.054728
MIA3,-0.00058499
MIB1,0.17319
MIB2,-0.2038
MICA,0.056161
MICAL1,0.088561
MICAL2,0.068074
MICAL3,0.055569
MICALCL,-0.0041728
MICALL1,-0.024121
MICALL2,-0.015114
MICB,0.024311
MICU1,-0.23827
MICU2,-0.19749
MICU3,-0.11216
MID1,-0.25289
MID1IP1,0.153
MID2,-0.19294
MIDN,0.033386
MIEF1,-0.091702
MIEF2,0.16097
MIEN1,0.39283
MIER1,0.12413
MIER2,-0.036352
MIER3,-0.081764
MIF,0.042533
MIF4GD,0.040175
MIGA1,0.1852
MIGA2,-0.084672
MIIP,-0.045538
MILR1,0.0070069
MINDY1,-0.17286
MINDY2,-0.09007
MINDY3,-0.082521
MINDY4,-0.012572
MINK1,-0.056533
MINOS1,0.3163
MINPP1,-0.11538
MIOS,0.34104
MIOX,-0.147
MIP,0.021908
MIPEP,0.058
MIPOL1,-0.032709
MIR1-1HG,-0.054651
MIR205HG,-0.14579
MIS12,0.26871
MIS18A,-0.0075161
MIS18BP1,0.023579
MISP,-0.026202
MISP3,0.084455
MITD1,-0.26873
MITF,0.13087
MIXL1,0.087199
MKI67,-0.14632
MKKS,0.026236
MKL1,-0.15916
MKL2,-0.13031
MKLN1,0.14853
MKNK1,-0.0036473
MKNK2,-0.031075
MKRN1,0.20913
MKRN2,0.0099408
MKRN2OS,-0.065068
MKRN3,-0.2168
MKS1,-0.065675
MKX,-0.029312
MLANA,0.027279
MLC1,-0.048247
MLEC,-0.023589
MLF1,0.063456
MLF2,-0.027234
MLH1,0.096737
MLH3,-0.020917
MLIP,-0.12134
MLKL,-0.1226
MLLT1,-0.04504
MLLT10,-0.099668
MLLT11,-0.16625
MLLT3,-0.34495
MLLT6,-0.074905
MLN,0.087058
MLNR,0.18465
MLPH,-0.056973
MLST8,-0.15324
MLX,0.020329
MLXIP,-0.024584
MLXIPL,-0.0062118
MLYCD,0.15557
MMAA,-0.10858
MMAB,-0.044388
MMACHC,-0.089447
MMADHC,-0.038077
MMD,-0.10987
MMD2,0.35453
MME,-0.061591
MMEL1,-0.055327
MMGT1,-0.17179
MMP1,0.086909
MMP10,-0.10761
MMP11,0.37139
MMP12,0.030724
MMP13,0.09537
MMP14,-0.13132
MMP15,-0.02375
MMP16,-0.13735
MMP17,0.058
MMP19,0.040398
MMP2,0.15538
MMP20,0.017259
MMP21,-0.046955
MMP23B,0.11828
MMP24,-0.15105
MMP25,0.10267
MMP26,-0.0094254
MMP27,0.0019016
MMP28,-0.10962
MMP3,-0.12337
MMP7,0.19298
MMP8,-0.067952
MMP9,0.072683
MMRN1,-0.014993
MMRN2,-0.11177
MMS19,-0.064472
MMS22L,0.25748
MN1,0.17288
MNAT1,0.074892
MND1,0.10037
MNDA,-0.099895
MNS1,0.14149
MNT,0.12858
MNX1,0.068883
MOAP1,-0.13626
MOB1A,-0.01396
MOB1B,0.11958
MOB2,0.056231
MOB3A,0.074121
MOB3B,0.039726
MOB3C,0.048034
MOB4,-0.44916
MOBP,-0.06982
MOCOS,0.21699
MOCS1,-0.093635
MOCS2,0.046001
MOCS3,0.18299
MOG,-0.0048204
MOGAT1,-0.057578
MOGAT2,0.037576
MOGAT3,-0.069619
MOGS,0.10066
MOK,-0.049551
MON1A,0.036701
MON1B,-0.27197
MON2,-0.28653
MORC1,-0.067116
MORC2,0.16185
MORC3,-0.07936
MORC4,-0.065172
MORF4L1,0.28191
MORF4L2,-0.037073
MORN1,0.2844
MORN2,0.14645
MORN3,0.019397
MORN4,0.16514
MORN5,0.043171
MOS,0.025939
MOSPD1,0.07728
MOSPD2,-0.02108
MOSPD3,0.03361
MOV10,-0.1376
MOV10L1,-0.056153
MOXD1,0.11707
MPC1,0.10288
MPC1L,0.011164
MPC2,-0.011436
MPDU1,-0.15467
MPDZ,0.24484
MPEG1,-0.032211
MPG,0.031165
MPHOSPH10,0.46522
MPHOSPH6,-0.018402
MPHOSPH8,-0.038049
MPHOSPH9,0.11854
MPI,-0.02709
MPIG6B,0.020172
MPL,-0.091521
MPLKIP,-0.028356
MPND,-0.061756
MPO,-0.10446
MPP1,-0.17567
MPP2,0.053116
MPP3,-0.091568
MPP4,-0.088785
MPP5,0.073181
MPP6,0.08228
MPP7,0.08501
MPPE1,-0.05778
MPPED1,0.041895
MPPED2,0.015816
MPRIP,0.058911
MPST,0.063213
MPV17,-0.14143
MPV17L,-0.045159
MPV17L2,0.060911
MPZ,-0.0062079
MPZL1,-0.037797
MPZL2,-0.19005
MPZL3,-4.2936e-05
MR1,-0.14073
MRAP,-0.20086
MRAP2,-0.18008
MRAS,0.045586
MRC1,-0.014455
MRC2,-0.18438
MRE11,0.083022
MREG,-0.11771
MRFAP1,-0.059295
MRFAP1L1,-0.10852
MRGBP,-0.041512
MRGPRD,-0.088102
MRGPRE,0.069416
MRGPRF,-0.056935
MRGPRG,-0.0043067
MRGPRX1,-0.10155
MRGPRX2,-0.10954
MRGPRX3,0.040753
MRGPRX4,0.085356
MRI1,-0.12702
MRLN,-0.14566
MRM1,-0.025094
MRM2,0.23292
MRM3,-0.25424
MRNIP,-0.013457
MRO,0.24437
MROH1,-0.0012307
MROH2A,-0.16045
MROH2B,-0.18787
MROH5,-0.11653
MROH6,-0.13653
MROH7,0.036246
MROH8,0.063471
MROH9,-0.25474
MRPL1,0.020112
MRPL10,-0.095428
MRPL11,0.20809
MRPL12,0.065565
MRPL13,0.087146
MRPL14,0.078848
MRPL15,0.063799
MRPL16,-0.013504
MRPL17,0.16015
MRPL18,0.1293
MRPL19,-0.14014
MRPL2,-0.021389
MRPL20,-0.19691
MRPL21,-0.041634
MRPL22,0.36793
MRPL23,0.24066
MRPL24,-0.17216
MRPL27,0.082977
MRPL28,-0.051569
MRPL3,0.16331
MRPL30,0.2856
MRPL32,-0.022789
MRPL33,0.24698
MRPL34,0.26492
MRPL35,0.097258
MRPL36,0.024026
MRPL37,0.14272
MRPL38,0.20809
MRPL39,0.33297
MRPL4,0.026753
MRPL40,-0.013046
MRPL41,0.37768
MRPL42,-0.040474
MRPL43,-0.1787
MRPL44,-0.081678
MRPL45,-0.036223
MRPL46,0.031541
MRPL47,0.21685
MRPL48,0.13842
MRPL49,-0.014251
MRPL50,0.037797
MRPL51,-0.10214
MRPL52,-0.051019
MRPL53,-0.073567
MRPL54,-0.16075
MRPL55,0.12334
MRPL57,0.19446
MRPL58,0.44531
MRPL9,-0.0054653
MRPS10,0.14602
MRPS11,-0.055613
MRPS12,0.055076
MRPS14,0.025707
MRPS15,0.14946
MRPS16,0.19963
MRPS17,0.034779
MRPS18A,0.13511
MRPS18B,0.058855
MRPS18C,0.16272
MRPS2,0.14026
MRPS21,-0.0091795
MRPS22,-0.019649
MRPS23,0.30109
MRPS24,0.21941
MRPS25,0.20074
MRPS26,0.21292
MRPS27,0.11619
MRPS28,0.17342
MRPS30,0.091087
MRPS31,-0.10438
MRPS33,-0.05034
MRPS34,0.030727
MRPS35,0.1268
MRPS36,0.032558
MRPS5,0.051216
MRPS7,-0.039488
MRPS9,-0.12979
MRRF,-0.17109
MRS2,-0.22707
MRTO4,-0.057524
MRVI1,-0.13317
MS4A1,0.056189
MS4A10,0.052807
MS4A12,0.082791
MS4A13,0.038887
MS4A15,-0.049008
MS4A18,-0.011659
MS4A2,-0.020931
MS4A3,0.0020317
MS4A4A,0.14225
MS4A4E,-0.094991
MS4A5,0.0072275
MS4A6A,-0.18282
MS4A6E,-0.023305
MS4A7,-0.010499
MS4A8,-0.053394
MSANTD1,0.055002
MSANTD2,0.092558
MSANTD3,0.036027
MSANTD3-TMEFF1,-0.026323
MSANTD4,0.090499
MSC,-0.11785
MSGN1,-0.18072
MSH2,0.057085
MSH3,0.1342
MSH4,-0.0021066
MSH5,0.12046
MSH6,-0.072536
MSI1,0.0062171
MSI2,0.045019
MSL1,-0.24575
MSL2,-0.14286
MSL3,-0.13533
MSLN,0.0051625
MSMB,-0.080962
MSMO1,0.094338
MSMP,0.10875
MSN,-0.1111
MSR1,-0.17385
MSRA,-0.042328
MSRB1,-0.17678
MSRB2,-0.057731
MSRB3,0.031806
MSS51,-0.10469
MST1,0.098233
MST1L,-0.025927
MST1R,-0.067366
MSTN,0.047354
MSTO1,0.016285
MSX1,0.0083355
MSX2,-0.036965
MT1A,-0.10688
MT1B,-0.27799
MT1E,-0.074178
MT1F,-0.034143
MT1G,-0.19278
MT1H,-0.1053
MT1HL1,-0.16731
MT1M,-0.057575
MT1X,-0.046083
MT2A,-0.14821
MT3,-0.022065
MT4,0.047005
MTA1,0.0082445
MTA2,0.13092
MTA3,-0.13607
MTAP,-0.064424
MTBP,0.57118
MTCH1,0.050968
MTCH2,-0.014063
MTCL1,0.05666
MTCP1,0.027485
MTDH,-0.071866
MTERF1,0.083944
MTERF2,-0.038234
MTERF3,-0.10272
MTERF4,-0.17344
MTF1,0.3975
MTF2,0.1185
MTFMT,-0.32855
MTFP1,-0.020043
MTFR1,-0.21366
MTFR1L,0.0873
MTFR2,0.049793
MTG1,0.062649
MTG2,0.074207
MTHFD1,0.17953
MTHFD1L,0.066641
MTHFD2,0.14483
MTHFD2L,0.067372
MTHFR,0.113
MTHFS,-0.072944
MTHFSD,0.10708
MTIF2,-0.025251
MTIF3,-0.2543
MTM1,0.0075249
MTMR1,-0.16928
MTMR10,0.045944
MTMR11,-0.097582
MTMR12,-0.18473
MTMR14,0.024344
MTMR2,-0.023169
MTMR3,-0.10977
MTMR4,-0.11582
MTMR6,-0.05842
MTMR7,0.041902
MTMR8,0.019492
MTMR9,0.093807
MTNR1A,0.059479
MTNR1B,-0.037737
MTO1,0.063506
MTOR,-0.009602
MTPAP,0.0062154
MTPN,0.037762
MTR,-0.062411
MTRF1,-0.034922
MTRF1L,-0.273
MTRNR2L1,-0.034782
MTRNR2L10,-0.016902
MTRNR2L2,-0.012161
MTRNR2L3,-0.27287
MTRNR2L4,-0.11885
MTRNR2L5,-0.060609
MTRNR2L6,0.016017
MTRNR2L7,-0.0094948
MTRNR2L8,-0.18623
MTRNR2L9,-0.19293
MTRR,-0.097967
MTSS1,0.13863
MTSS1L,-0.032626
MTTP,0.13816
MTURN,0.044038
MTUS1,-0.082244
MTUS2,-0.053097
MTX1,-0.048314
MTX2,0.23691
MTX3,-0.041594
MUC1,-0.044989
MUC12,-0.064141
MUC13,0.0023184
MUC15,-0.037211
MUC16,0.19345
MUC17,-0.13225
MUC19,-0.11404
MUC2,-0.11194
MUC20,-0.03444
MUC21,-0.094877
MUC22,-0.0813
MUC3A,0.25018
MUC3B,-0.15545
MUC4,-0.021578
MUC5AC,0.0052029
MUC5B,0.026924
MUC6,0.083483
MUC7,-0.031339
MUC8,-0.058753
MUCL1,0.072513
MUL1,-0.020457
MUM1,-0.071712
MUM1L1,-0.20434
MUS81,0.0066575
MUSK,-0.070925
MUSTN1,0.020703
MUT,-0.079363
MUTYH,-0.08387
MVB12A,0.16076
MVB12B,0.18831
MVD,0.15912
MVK,0.099202
MVP,0.019967
MX1,0.077603
MX2,0.061187
MXD1,0.044475
MXD3,0.22051
MXD4,0.06025
MXI1,0.057118
MXRA5,0.086798
MXRA7,0.10713
MXRA8,0.0097046
MYADM,-0.11024
MYADML2,-0.024998
MYB,0.32108
MYBBP1A,-0.061113
MYBL1,0.090814
MYBL2,0.50613
MYBPC1,0.10349
MYBPC2,-0.039613
MYBPC3,-0.10023
MYBPH,-0.07774
MYBPHL,0.024385
MYC,0.4133
MYCBP,-0.017905
MYCBP2,0.41972
MYCBPAP,-0.083105
MYCL,0.29812
MYCN,0.022754
MYCT1,-0.16338
MYD88,-0.064112
MYDGF,0.33871
MYEF2,0.032623
MYEOV,-0.026297
MYF5,-0.23222
MYF6,0.05616
MYH1,0.1794
MYH10,-0.15196
MYH11,-0.14308
MYH13,0.082847
MYH14,-0.03001
MYH15,-0.094634
MYH2,-0.040991
MYH3,-0.18553
MYH4,-0.009241
MYH6,0.0061678
MYH7,0.11039
MYH7B,-0.088969
MYH8,-0.18163
MYH9,-0.064127
MYL1,-0.11379
MYL10,-0.11044
MYL12A,-0.1911
MYL12B,-0.060787
MYL2,-0.059393
MYL3,-0.0016051
MYL4,-0.068805
MYL5,-0.051633
MYL6,0.016372
MYL6B,-0.090291
MYL7,-0.17559
MYL9,-0.048928
MYLIP,-0.10185
MYLK,0.046966
MYLK2,-0.061036
MYLK3,-0.010707
MYLK4,-0.034604
MYLPF,0.059901
MYNN,-0.17755
MYO10,-0.18635
MYO15A,-0.11248
MYO15B,0.17555
MYO16,-0.16851
MYO18A,-0.0070106
MYO18B,-0.14228
MYO19,0.018273
MYO1A,-0.00033802
MYO1B,0.018963
MYO1C,0.065995
MYO1D,0.081058
MYO1E,-0.028628
MYO1F,-0.12746
MYO1G,-0.17628
MYO1H,-0.085314
MYO3A,-0.13321
MYO3B,0.048476
MYO5A,0.047855
MYO5B,-0.051659
MYO5C,0.051525
MYO6,-0.030813
MYO7A,-0.0044557
MYO7B,-0.048704
MYO9A,0.013381
MYO9B,-0.057963
MYOC,-0.15967
MYOCD,0.051552
MYOD1,0.061779
MYOF,-0.14089
MYOG,-0.0094253
MYOM1,-0.12463
MYOM2,0.048418
MYOM3,0.086031
MYOT,0.073457
MYOZ1,0.050612
MYOZ2,0.039108
MYOZ3,-0.079236
MYPN,-0.11284
MYPOP,0.0066494
MYRF,0.10452
MYRFL,-0.072681
MYRIP,0.23433
MYSM1,0.12364
MYT1,-0.021907
MYT1L,-0.0097231
MZB1,-0.19884
MZF1,-0.0067737
MZT1,0.13169
MZT2A,0.074228
MZT2B,0.048336
N4BP1,0.16134
N4BP2,-0.13466
N4BP2L1,0.056822
N4BP2L2,-0.056331
N4BP3,-0.00052706
N6AMT1,0.22581
NAA11,-0.16252
NAA15,0.0073375
NAA16,-0.081798
NAA20,-0.19569
NAA25,-0.099091
NAA30,0.047819
NAA35,-0.027154
NAA38,-0.054791
NAA40,0.12083
NAA50,-0.038837
NAA60,0.10056
NAAA,0.11762
NAALAD2,-0.058451
NAALADL1,-0.17972
NAALADL2,-0.23138
NAB1,0.010565
NAB2,0.010566
NABP1,0.089099
NABP2,0.2099
NACA,0.043067
NACA2,0.13742
NACAD,-0.099245
NACC1,-0.043732
NACC2,0.13871
NADK,0.32621
NADK2,-0.015394
NADSYN1,-0.00089936
NAE1,-0.057824
NAF1,-0.033556
NAGA,0.033912
NAGK,0.044905
NAGLU,-0.032042
NAGPA,-0.069095
NAGS,-0.049917
NAIF1,0.10031
NAIP,0.058582
NALCN,-0.02988
NAMPT,-0.11147
NANOG,-0.045793
NANOGNB,0.044154
NANOS1,-0.095105
NANOS2,-0.19956
NANOS3,0.029588
NANP,0.22948
NANS,-0.23371
NAP1L1,-0.2132
NAP1L2,0.14412
NAP1L3,0.10322
NAP1L4,-0.097591
NAP1L5,-0.086475
NAPA,-0.030536
NAPB,-0.14639
NAPEPLD,-0.053715
NAPG,-0.1038
NAPRT,-0.048772
NAPSA,0.15764
NARF,-0.11094
NARFL,0.55599
NARR,0.013846
NARS,0.044536
NARS2,0.014231
NASP,0.2853
NAT1,-0.031077
NAT10,0.28755
NAT14,0.028052
NAT16,0.43041
NAT2,-0.062056
NAT6,0.23399
NAT8,-0.0031757
NAT8B,-0.052386
NAT8L,0.15041
NAT9,-0.08629
NATD1,-0.014703
NAV1,0.13917
NAV2,0.12373
NAV3,-0.057512
NAXD,-0.15623
NAXE,0.16373
NBAS,0.069901
NBEA,-0.12648
NBEAL1,-0.017069
NBEAL2,0.057707
NBL1,0.12419
NBN,-0.20332
NBPF1,-0.10067
NBPF12,0.06888
NBPF14,0.031344
NBPF15,-0.0492
NBPF19,-0.23488
NBPF20,-0.092087
NBPF26,-0.057371
NBPF3,0.044354
NBPF4,0.11427
NBPF6,-0.085228
NBPF7,0.048453
NBPF9,-0.24838
NBR1,0.035269
NCALD,0.04024
NCAM1,0.19509
NCAM2,0.15438
NCAN,0.024646
NCAPD2,0.43568
NCAPD3,-0.19187
NCAPG,0.17098
NCAPG2,0.070312
NCAPH,0.27986
NCAPH2,-0.084154
NCBP1,0.22746
NCBP2,0.0048773
NCCRP1,-0.204
NCDN,0.0805
NCEH1,-0.10346
NCF1,-0.052811
NCF2,-0.12808
NCF4,-0.088531
NCK1,-0.23906
NCK2,0.010794
NCKAP1,-0.1397
NCKAP1L,0.24065
NCKAP5,0.083823
NCKAP5L,0.16899
NCKIPSD,0.026594
NCL,0.51324
NCLN,-0.11369
NCMAP,0.058349
NCOA1,-0.016358
NCOA2,0.0055122
NCOA3,0.014155
NCOA4,-0.15992
NCOA5,-0.28983
NCOA6,-0.089691
NCOA7,-0.093941
NCOR1,-0.51992
NCOR2,0.0057691
NCR1,0.013744
NCR2,0.0025519
NCR3,0.13511
NCR3LG1,0.051725
NCS1,0.087767
NCSTN,-0.16485
NDC1,-0.068716
NDC80,0.049238
NDE1,0.16263
NDEL1,-0.020356
NDFIP1,-0.22447
NDFIP2,-0.039486
NDN,0.033578
NDNF,0.041348
NDOR1,0.074181
NDP,0.12243
NDRG1,-0.097591
NDRG2,-0.002214
NDRG3,0.13418
NDRG4,-0.13789
NDST1,-0.021115
NDST2,0.24709
NDST3,-0.10916
NDST4,0.0041071
NDUFA1,-0.12897
NDUFA10,0.17107
NDUFA11,0.15333
NDUFA12,0.0045403
NDUFA13,0.014495
NDUFA2,0.16352
NDUFA3,0.11623
NDUFA4,0.040071
NDUFA4L2,-0.15782
NDUFA5,0.079436
NDUFA6,0.0080414
NDUFA7,-0.045555
NDUFA8,0.20423
NDUFA9,0.1311
NDUFAB1,0.13775
NDUFAF1,-0.15931
NDUFAF2,0.086323
NDUFAF3,0.15105
NDUFAF4,-0.20957
NDUFAF5,0.0057718
NDUFAF6,0.074838
NDUFAF7,0.048255
NDUFAF8,0.018966
NDUFB1,-0.10868
NDUFB10,0.27002
NDUFB11,-0.052298
NDUFB2,0.17508
NDUFB3,0.17058
NDUFB4,0.062262
NDUFB5,-0.21866
NDUFB6,0.29511
NDUFB7,0.15957
NDUFB8,0.047579
NDUFB9,0.17265
NDUFC1,0.26567
NDUFC2,-0.064525
NDUFS1,0.055895
NDUFS2,0.2105
NDUFS3,-0.021855
NDUFS4,0.066929
NDUFS5,0.012482
NDUFS6,0.01867
NDUFS7,0.10671
NDUFS8,0.0054676
NDUFV1,0.007738
NDUFV2,-0.16005
NDUFV3,-0.0095891
NEB,0.1108
NEBL,-0.089185
NECAB1,-0.11014
NECAB2,-0.16551
NECAB3,-0.0085483
NECAP1,0.074092
NECAP2,-0.025346
NEDD1,0.315
NEDD4,0.04178
NEDD4L,-0.024211
NEDD8,0.089736
NEDD9,0.02447
NEFH,0.068924
NEFL,0.30757
NEFM,-0.17357
NEGR1,-0.013543
NEIL1,0.054941
NEIL2,-0.14676
NEIL3,0.097257
NEK1,-0.077402
NEK10,0.026646
NEK11,-0.047953
NEK2,0.072456
NEK3,-0.046688
NEK4,-0.11655
NEK5,-0.042486
NEK6,0.04306
NEK7,-0.1186
NEK8,0.032975
NEK9,-0.057703
NELFA,0.0045424
NELFB,-0.19657
NELFCD,0.034832
NELFE,0.057966
NELL1,0.031538
NELL2,0.25248
NEMF,0.14501
NEMP1,0.068917
NEMP2,0.12893
NENF,-0.07007
NEO1,0.15284
NEPRO,0.39826
NES,-0.034819
NET1,-0.091153
NETO1,-0.13642
NETO2,-0.070071
NEU1,0.081545
NEU2,0.015282
NEU3,0.15333
NEU4,0.040065
NEURL1,0.073652
NEURL1B,-0.054325
NEURL2,0.089433
NEURL3,0.095183
NEURL4,0.037856
NEUROD1,0.13245
NEUROD2,-0.012808
NEUROD4,-0.0017449
NEUROD6,0.039863
NEUROG1,0.0087209
NEUROG2,-0.096492
NEUROG3,-0.10644
NEXN,-0.21008
NF1,-0.0859
NF2,0.037492
NFAM1,0.05848
NFASC,0.015573
NFAT5,-0.065358
NFATC1,0.09958
NFATC2,-0.28019
NFATC2IP,0.2452
NFATC3,-0.016831
NFATC4,-0.073927
NFE2,-0.039238
NFE2L1,-0.033899
NFE2L2,-0.012155
NFE2L3,-0.20665
NFE4,0.13769
NFIA,-0.051539
NFIB,-0.12335
NFIC,-0.36398
NFIL3,0.15553
NFIX,-0.0075808
NFKB1,-0.11502
NFKB2,0.60741
NFKBIA,0.14574
NFKBIB,0.13701
NFKBID,0.080955
NFKBIE,0.25079
NFKBIL1,-0.072165
NFKBIZ,0.18597
NFRKB,0.026653
NFS1,0.15295
NFU1,-0.20764
NFX1,0.12379
NFXL1,-0.011678
NFYA,0.14098
NFYB,0.15229
NFYC,0.46327
NGB,0.20888
NGDN,0.30132
NGEF,0.0015064
NGF,-0.074935
NGFR,-0.25684
NGLY1,0.08522
NGRN,0.012941
NHEJ1,0.13589
NHLH1,-0.039117
NHLH2,-0.017335
NHLRC1,-0.07476
NHLRC2,-0.14058
NHLRC3,-0.11621
NHLRC4,0.004058
NHP2,0.012564
NHS,-0.104
NHSL1,0.16606
NHSL2,-0.053729
NICN1,0.0593
NID1,0.088753
NID2,0.1366
NIF3L1,-0.071117
NIFK,0.26479
NIM1K,0.18883
NIN,0.0202
NINJ1,0.070232
NINJ2,-0.03767
NINL,0.096768
NIP7,0.21907
NIPA1,0.031943
NIPA2,0.1087
NIPAL1,0.12316
NIPAL2,0.059639
NIPAL3,-0.19046
NIPAL4,-0.010282
NIPBL,0.21983
NIPSNAP1,0.17017
NIPSNAP2,0.37274
NIPSNAP3A,0.12525
NIPSNAP3B,-0.0035187
NISCH,0.095073
NIT1,0.1384
NIT2,-0.00063276
NKAIN1,0.11623
NKAIN2,-0.17404
NKAIN3,-0.082096
NKAIN4,-0.055398
NKAP,0.26689
NKAPL,0.13047
NKD1,0.11511
NKD2,0.29236
NKG7,0.024334
NKIRAS1,-0.013504
NKIRAS2,0.089963
NKPD1,0.17462
NKRF,-0.19102
NKTR,-0.1749
NKX1-1,-0.090038
NKX1-2,-0.17013
NKX2-1,-0.0021911
NKX2-2,0.052531
NKX2-3,0.076292
NKX2-4,0.19144
NKX2-5,-0.026379
NKX2-6,-0.11695
NKX2-8,0.063299
NKX3-1,0.18755
NKX3-2,-0.12874
NKX6-1,-0.0089643
NKX6-2,-0.089478
NKX6-3,0.010108
NLE1,0.091965
NLGN1,0.053172
NLGN2,-0.13874
NLGN3,0.066158
NLGN4X,-0.036171
NLGN4Y,-0.096431
NLK,0.13098
NLN,-0.0046481
NLRC3,-0.26446
NLRC4,0.0093387
NLRC5,-0.17893
NLRP1,0.11159
NLRP10,-0.13249
NLRP11,0.0977
NLRP12,-0.093728
NLRP13,-0.080423
NLRP14,0.046124
NLRP2,-0.067631
NLRP2B,-0.091089
NLRP3,0.20612
NLRP4,-0.075433
NLRP5,0.16879
NLRP6,0.0053325
NLRP7,0.05071
NLRP8,0.0080017
NLRP9,-0.17065
NLRX1,-0.24699
NMB,0.15284
NMBR,0.083129
NMD3,0.33378
NME1,-0.22149
NME2,0.030247
NME3,-0.018079
NME4,0.099368
NME5,-0.024366
NME6,0.17214
NME7,-0.066739
NME8,0.027648
NME9,-0.19897
NMI,0.02276
NMNAT1,0.0063793
NMNAT2,0.21662
NMNAT3,0.11893
NMRAL1,0.1962
NMRK1,-0.096921
NMRK2,-0.0076569
NMS,0.014219
NMT1,0.46835
NMT2,0.20416
NMU,0.0044692
NMUR1,0.16865
NMUR2,-0.0081559
NNAT,0.0094153
NNMT,-0.058343
NNT,0.12216
NOA1,0.12133
NOB1,0.37803
NOBOX,-0.12963
NOC2L,0.27295
NOC3L,0.34361
NOC4L,0.10582
NOD1,-0.039731
NOD2,-0.073722
NODAL,-0.048536
NOG,-0.030832
NOL10,0.054098
NOL11,0.11364
NOL12,-0.062201
NOL3,0.14526
NOL4,0.20829
NOL4L,-0.0075554
NOL6,0.52455
NOL7,0.12842
NOL8,0.19896
NOL9,0.11239
NOLC1,0.024053
NOM1,-0.066991
NOMO1,-0.0093454
NOMO2,-0.14486
NOMO3,0.13877
NONO,0.067896
NOP10,-0.042066
NOP14,0.3325
NOP16,0.17432
NOP2,0.54848
NOP53,-0.12523
NOP56,-0.080728
NOP58,0.22033
NOP9,0.027347
NOS1,-0.089192
NOS1AP,-0.021334
NOS2,-0.10526
NOS3,-0.049524
NOSIP,-0.042221
NOSTRIN,0.0057237
NOTCH1,0.075975
NOTCH2,0.040313
NOTCH2NL,0.056957
NOTCH3,0.16625
NOTCH4,-0.10072
NOTO,0.17638
NOTUM,0.10129
NOV,0.0013326
NOVA1,-0.0017863
NOVA2,-0.20257
NOX1,-0.21504
NOX3,0.051359
NOX4,0.12726
NOX5,0.028273
NOXA1,0.12963
NOXO1,-0.10478
NOXRED1,-0.2908
NPAP1,0.069887
NPAS1,-0.042982
NPAS2,0.2603
NPAS3,-0.0051889
NPAS4,0.15796
NPAT,-0.082275
NPB,-0.020113
NPBWR1,-0.084224
NPBWR2,-0.08914
NPC1,0.11474
NPC1L1,0.035165
NPC2,0.071884
NPDC1,-0.13296
NPEPL1,-0.13874
NPEPPS,-0.17755
NPFF,0.091678
NPFFR1,0.12651
NPFFR2,-0.15683
NPHP1,0.13725
NPHP3,0.0135
NPHP4,0.31904
NPHS1,-0.22115
NPHS2,0.20228
NPIPA1,-0.11125
NPIPA5,-0.2986
NPIPA7,0.029369
NPIPB15,0.1155
NPIPB3,-0.041477
NPIPB4,0.15275
NPIPB5,0.0024344
NPIPB6,-0.14642
NPIPB8,0.016613
NPIPB9,0.012263
NPL,-0.14953
NPLOC4,0.17937
NPM1,0.18733
NPM2,0.18783
NPM3,-0.069659
NPNT,0.0054176
NPPA,0.1241
NPPB,0.24853
NPPC,0.086668
NPR1,0.040491
NPR2,0.2267
NPR3,-0.071492
NPRL2,0.02286
NPRL3,0.049966
NPS,0.17526
NPSR1,0.067118
NPTN,0.024628
NPTX1,-0.072311
NPTX2,0.054652
NPTXR,0.022139
NPVF,-0.069607
NPW,0.06971
NPY,-0.042779
NPY1R,0.091254
NPY2R,0.020643
NPY4R,0.090455
NPY5R,-0.031313
NQO1,0.22732
NQO2,0.32092
NR0B1,0.14363
NR0B2,0.15861
NR1D1,0.15255
NR1D2,-0.093799
NR1H2,0.048429
NR1H3,-0.049614
NR1H4,0.089194
NR1I2,-0.084577
NR1I3,-0.066268
NR2C1,-0.068306
NR2C2,0.12503
NR2C2AP,-0.089387
NR2E1,-0.10327
NR2E3,-0.050775
NR2F1,-0.17677
NR2F2,-0.20029
NR2F6,0.11949
NR3C1,-0.11569
NR3C2,0.31909
NR4A1,0.13791
NR4A2,0.16041
NR4A3,-0.018651
NR5A1,-0.2842
NR5A2,-0.28872
NR6A1,0.14646
NRAP,0.076341
NRARP,0.085364
NRAS,0.086663
NRBF2,0.16746
NRBP1,0.36928
NRBP2,0.26194
NRCAM,0.045308
NRDE2,0.66222
NREP,0.16275
NRF1,1.0635
NRG1,0.079904
NRG2,0.12534
NRG3,-0.2728
NRG4,-0.0096318
NRGN,-0.0056431
NRIP1,-0.11731
NRIP2,0.13117
NRIP3,0.12881
NRK,-0.032431
NRL,0.013376
NRM,-0.030658
NRN1,0.05283
NRN1L,0.061927
NRP1,-0.13643
NRP2,0.13003
NRROS,-0.051785
NRSN1,0.1054
NRSN2,0.11226
NRTN,-0.059722
NRXN1,0.031648
NRXN2,-0.22406
NRXN3,0.36387
NSA2,0.11643
NSD1,0.32224
NSD2,-0.15009
NSD3,0.068137
NSDHL,0.16445
NSF,-0.050319
NSFL1C,-0.025144
NSG1,-0.026011
NSL1,0.16991
NSMAF,0.049168
NSMCE1,0.10446
NSMCE2,-0.31578
NSMCE4A,0.24467
NSMF,0.17226
NSRP1,0.1813
NSUN2,0.054867
NSUN3,0.22099
NSUN4,-0.072201
NSUN5,-0.06618
NSUN6,-0.020788
NSUN7,-0.014566
NT5C,-0.086679
NT5C1A,0.094331
NT5C1B,0.11319
NT5C2,0.082942
NT5C3A,0.014108
NT5C3B,0.11957
NT5DC1,0.005892
NT5DC2,-0.21186
NT5DC3,0.31969
NT5DC4,-0.061688
NT5E,0.30553
NT5M,0.038723
NTAN1,0.08681
NTF3,-0.089845
NTF4,-0.12982
NTHL1,0.14314
NTM,-0.050351
NTMT1,0.077032
NTN1,0.086353
NTN3,0.058091
NTN4,0.014947
NTN5,-0.0018177
NTNG1,-0.012816
NTNG2,-0.050139
NTPCR,0.078373
NTRK1,0.1804
NTRK2,-0.064327
NTRK3,0.0020804
NTS,-0.26639
NTSR1,-0.003803
NTSR2,-0.12968
NUAK1,0.20332
NUAK2,0.014272
NUB1,-0.062341
NUBP1,0.011227
NUBP2,0.15731
NUBPL,0.11864
NUCB1,-0.14142
NUCB2,-0.05708
NUCKS1,-0.0066839
NUDC,0.75578
NUDCD1,-0.048927
NUDCD2,-0.047892
NUDCD3,0.060826
NUDT1,0.042639
NUDT10,0.077474
NUDT11,0.11892
NUDT12,0.15785
NUDT13,0.12651
NUDT14,0.059462
NUDT15,0.12363
NUDT16,-0.10804
NUDT16L1,-0.083921
NUDT17,-0.045807
NUDT18,-0.072806
NUDT19,0.032716
NUDT2,-0.010155
NUDT21,0.16965
NUDT22,-0.0025314
NUDT3,-0.057532
NUDT4,0.15505
NUDT5,0.035646
NUDT6,0.11215
NUDT7,-0.035561
NUDT8,-0.13594
NUDT9,-3.6359e-05
NUF2,0.18963
NUFIP1,-0.037857
NUFIP2,-0.13605
NUGGC,0.16825
NUMA1,-0.045818
NUMB,-0.11915
NUMBL,0.15786
NUP107,-0.10528
NUP133,0.48955
NUP153,-0.15484
NUP155,0.054314
NUP160,0.18444
NUP188,-0.15507
NUP205,-0.17013
NUP210,0.085275
NUP210L,-0.10562
NUP214,0.16475
NUP35,-0.035117
NUP37,-0.46375
NUP43,-0.056786
NUP50,0.097468
NUP54,0.32416
NUP62,0.49388
NUP62CL,0.015915
NUP85,-0.10742
NUP88,0.36889
NUP93,0.3469
NUP98,0.35485
NUPL2,-0.13012
NUPR1,0.080033
NUS1,-0.040819
NUSAP1,0.019616
NUTF2,0.4542
NUTM1,-0.13712
NUTM2A,0.12983
NUTM2F,-0.095474
NVL,0.23166
NWD1,0.13264
NWD2,-0.071389
NXF1,0.5373
NXF2,0.091704
NXF3,0.013183
NXF5,-0.034698
NXN,0.31686
NXNL1,-0.14479
NXNL2,-0.01668
NXPE1,-0.061962
NXPE2,0.13504
NXPE3,0.40122
NXPE4,-0.22186
NXPH1,-0.011662
NXPH2,0.085636
NXPH3,-0.076547
NXPH4,0.12572
NXT1,0.18537
NXT2,-0.076851
NYAP1,-0.36529
NYAP2,0.037732
NYNRIN,-0.10765
NYX,-0.20754
OAF,-0.014361
OARD1,-0.13446
OAS1,-0.2157
OAS2,0.013789
OAS3,0.1494
OASL,-0.065347
OAT,-0.096051
OAZ1,-0.2093
OAZ2,-0.051759
OAZ3,-0.17115
OBP2A,0.039208
OBP2B,-0.06702
OBSCN,-0.086704
OBSL1,-0.13364
OC90,-0.12052
OCA2,-0.16047
OCEL1,0.014512
OCIAD1,-0.025822
OCIAD2,-0.053446
OCLM,-0.034917
OCLN,-0.039387
OCM,0.11073
OCM2,0.17979
OCRL,0.16045
OCSTAMP,-0.094057
ODAM,-0.036639
ODC1,0.073605
ODF1,0.05663
ODF2,0.036488
ODF2L,-0.038789
ODF3,-0.02965
ODF3B,-0.047367
ODF3L1,-0.071808
ODF3L2,-0.1927
ODF4,-0.10017
OFCC1,-0.27534
OFD1,-0.1997
OGDH,0.27775
OGDHL,-0.030512
OGFOD1,0.068433
OGFOD2,0.17355
OGFOD3,0.10435
OGFR,0.0022409
OGFRL1,-0.085821
OGG1,0.15489
OGN,0.26433
OGT,0.016585
OIP5,0.10534
OIT3,-0.016482
OLA1,0.053856
OLAH,-0.30178
OLFM1,-0.20868
OLFM2,-0.10381
OLFM3,-0.17135
OLFM4,-0.23955
OLFML1,-0.10868
OLFML2A,0.11127
OLFML2B,-0.073824
OLFML3,0.041731
OLIG1,-0.017988
OLIG2,-0.019135
OLIG3,-0.2376
OLR1,-0.11353
OMD,0.11117
OMG,0.010728
OMP,-0.027569
ONECUT1,0.12218
ONECUT2,0.0048245
ONECUT3,0.1484
OOEP,0.08448
OOSP2,0.018029
OPA1,-0.014329
OPA3,0.080317
OPALIN,-0.10398
OPCML,0.0088237
OPHN1,-0.13968
OPLAH,0.097456
OPN1LW,-0.011026
OPN1MW,0.047561
OPN1SW,-0.19577
OPN3,0.22899
OPN4,-0.02694
OPN5,-0.093783
OPRD1,-0.066296
OPRK1,0.15484
OPRL1,-0.054543
OPRM1,-0.05962
OPRPN,-0.11644
OPTC,0.13977
OPTN,0.16739
OR10A2,0.10935
OR10A3,-0.05493
OR10A4,0.00058975
OR10A5,0.078424
OR10A6,0.21281
OR10A7,0.024052
OR10AD1,-0.031
OR10AG1,-0.097639
OR10C1,-0.033318
OR10G2,-0.11123
OR10G3,-0.17561
OR10G4,-0.23147
OR10G7,-0.10097
OR10G8,-0.089464
OR10G9,0.077455
OR10H1,-0.0392
OR10H2,-0.086059
OR10H3,-0.18276
OR10H4,0.11119
OR10H5,0.05833
OR10J1,0.012205
OR10J3,0.0025299
OR10J5,-0.031939
OR10K1,0.027097
OR10K2,0.20924
OR10P1,-0.13288
OR10Q1,-0.069393
OR10R2,-0.086564
OR10S1,-0.1051
OR10T2,0.047342
OR10V1,-0.24932
OR10W1,-0.014867
OR10X1,-0.091986
OR10Z1,0.072007
OR11A1,0.033828
OR11G2,0.089969
OR11H1,-0.04313
OR11H12,0.11236
OR11H2,0.04746
OR11H4,0.039738
OR11H6,-0.14663
OR11L1,-0.13471
OR12D2,-0.11684
OR12D3,0.049036
OR13A1,-0.067498
OR13C2,-0.39504
OR13C3,-0.2764
OR13C4,0.05521
OR13C5,-0.1105
OR13C8,-0.11738
OR13C9,-0.10283
OR13D1,-0.0085437
OR13F1,-0.020842
OR13G1,-0.10236
OR13H1,-0.010191
OR13J1,-0.064619
OR14A16,-0.12285
OR14C36,-0.034716
OR14I1,-0.15075
OR14J1,-0.27017
OR1A1,-0.18611
OR1A2,0.10724
OR1B1,-0.29015
OR1C1,0.17316
OR1D2,0.0026789
OR1D5,0.090208
OR1E1,-0.18833
OR1E2,0.073075
OR1F1,-0.015297
OR1G1,-0.03666
OR1I1,-0.066006
OR1J1,-0.18122
OR1J2,-0.010495
OR1J4,0.15956
OR1K1,-0.19557
OR1L1,0.20421
OR1L3,0.20957
OR1L4,-0.064991
OR1L6,-0.10332
OR1L8,-0.080376
OR1M1,0.0021288
OR1N1,-0.093399
OR1N2,-0.19574
OR1Q1,-0.15433
OR1S1,-0.035825
OR1S2,-0.21514
OR2A1,0.15317
OR2A12,-0.067461
OR2A14,-0.095014
OR2A2,-0.12949
OR2A25,0.01859
OR2A4,-0.097733
OR2A5,0.14379
OR2A7,-0.068724
OR2AE1,-0.038128
OR2AG1,-0.082724
OR2AG2,-0.069533
OR2AK2,-0.16243
OR2AP1,-0.14339
OR2AT4,0.036351
OR2B11,-0.01888
OR2B2,-0.21998
OR2B3,0.070087
OR2B6,0.063341
OR2C1,0.019062
OR2C3,-0.097461
OR2D2,-0.068392
OR2D3,-0.1179
OR2F1,-0.21177
OR2F2,-0.035877
OR2G2,-0.16727
OR2G3,-0.31983
OR2G6,-0.16294
OR2H1,0.012687
OR2H2,0.024128
OR2J2,0.024885
OR2J3,-0.055757
OR2K2,-0.34319
OR2L13,0.26854
OR2L2,0.082425
OR2L3,0.020266
OR2L5,0.050324
OR2L8,-0.16515
OR2M2,0.13175
OR2M3,-0.23497
OR2M4,-0.077741
OR2M5,-0.01081
OR2M7,-0.14509
OR2S2,0.089638
OR2T1,-0.20199
OR2T10,0.13694
OR2T11,0.066524
OR2T12,-0.11313
OR2T2,-0.058571
OR2T27,-0.096019
OR2T29,-0.13445
OR2T3,-0.21937
OR2T33,-0.16426
OR2T34,-0.032772
OR2T35,0.002382
OR2T4,0.056779
OR2T5,0.034507
OR2T6,-0.017568
OR2T8,0.014228
OR2V1,-0.033976
OR2V2,0.19415
OR2W1,-0.086482
OR2W3,-0.17391
OR2W5,0.097785
OR2Y1,0.13271
OR2Z1,0.25632
OR3A1,0.023223
OR3A2,-0.12534
OR3A3,0.13259
OR4A15,0.11721
OR4A16,-0.027437
OR4A47,0.045052
OR4A5,-0.10651
OR4B1,-0.17329
OR4C11,0.033417
OR4C12,-0.19202
OR4C13,-0.10323
OR4C15,-0.033312
OR4C16,-0.21556
OR4C3,0.069984
OR4C45,0.029131
OR4C46,-0.15106
OR4C6,0.12194
OR4D1,-0.043038
OR4D10,0.23777
OR4D11,0.07569
OR4D2,0.22436
OR4D5,0.083479
OR4D6,-0.046144
OR4D9,0.34143
OR4E2,0.1341
OR4F15,-0.068392
OR4F17,-0.13955
OR4F21,-0.20458
OR4F3,-0.05555
OR4F4,-0.11349
OR4F6,-0.19216
OR4K1,0.15523
OR4K13,0.2187
OR4K14,-0.15461
OR4K15,-0.17949
OR4K17,0.046941
OR4K2,-0.0050964
OR4K5,-0.025604
OR4L1,-0.17802
OR4M1,0.086448
OR4M2,0.061212
OR4N2,-0.045601
OR4N4,0.10058
OR4N5,0.08765
OR4P4,-0.011995
OR4Q3,-0.061191
OR4S1,-0.2618
OR4S2,-0.21196
OR4X1,-0.19094
OR4X2,-0.12693
OR51A4,0.10608
OR51A7,0.1195
OR51B2,-0.25823
OR51B4,-0.083362
OR51B5,-0.036616
OR51B6,0.21294
OR51D1,-0.2641
OR51E1,-0.054263
OR51E2,-0.021803
OR51F1,-0.057603
OR51F2,0.018371
OR51G1,0.050161
OR51G2,-0.077815
OR51I1,-0.094081
OR51I2,-0.07086
OR51L1,-0.17081
OR51M1,0.01491
OR51Q1,-0.26283
OR51S1,-0.25545
OR51T1,-0.16261
OR51V1,-0.012028
OR52A1,0.12201
OR52A5,-0.010455
OR52B2,0.10751
OR52B4,-0.014374
OR52B6,0.19708
OR52D1,-0.28613
OR52E2,0.13445
OR52E4,0.045412
OR52E6,0.059881
OR52E8,-0.1094
OR52H1,-0.023666
OR52I1,0.14963
OR52I2,-0.068566
OR52J3,-0.040716
OR52K1,0.05473
OR52K2,0.058329
OR52L1,0.054894
OR52M1,-0.043045
OR52N1,-0.14735
OR52N2,-0.11302
OR52N4,-0.017603
OR52N5,-0.047729
OR52R1,0.13445
OR52W1,-0.13553
OR56A1,-0.10759
OR56A3,-0.20515
OR56A4,-0.27432
OR56A5,0.22626
OR56B1,0.021452
OR56B4,-0.22244
OR5A1,-0.064774
OR5A2,0.00027204
OR5AC2,-0.17656
OR5AK2,-0.099443
OR5AN1,-0.079092
OR5AP2,-0.056022
OR5AR1,-0.053527
OR5AS1,-0.17729
OR5AU1,-0.040333
OR5B12,-0.34068
OR5B17,-0.2097
OR5B2,-0.019146
OR5B21,0.29633
OR5B3,-0.028954
OR5C1,-0.07846
OR5D13,0.14876
OR5D14,-0.17922
OR5D16,-0.19437
OR5D18,-0.13332
OR5F1,-0.13184
OR5H1,-0.081329
OR5H14,-0.037378
OR5H15,-0.036841
OR5H2,-0.14168
OR5H6,0.13905
OR5I1,-0.11676
OR5J2,-0.1312
OR5K1,-0.13786
OR5K3,-0.05606
OR5K4,-0.023056
OR5L1,-0.086299
OR5L2,-0.13991
OR5M1,-0.086945
OR5M10,-0.079095
OR5M11,-0.31241
OR5M3,-0.057844
OR5M8,0.026248
OR5M9,0.22588
OR5P2,-0.015232
OR5P3,-0.14963
OR5R1,-0.18452
OR5T1,-0.057914
OR5T2,-0.0094303
OR5T3,-0.047102
OR5V1,-0.1463
OR5W2,-0.18511
OR6A2,0.11193
OR6B1,0.10764
OR6B2,0.020094
OR6B3,-0.12723
OR6C1,-0.10585
OR6C2,-0.13619
OR6C3,0.17542
OR6C4,0.1363
OR6C6,-0.079644
OR6C65,-0.03485
OR6C68,0.018171
OR6C70,-0.067333
OR6C74,0.01385
OR6C75,-0.042966
OR6C76,0.11148
OR6F1,-0.22635
OR6K2,-0.19266
OR6K3,0.12661
OR6K6,-0.01789
OR6M1,0.035145
OR6N1,-0.12892
OR6N2,-0.025923
OR6P1,0.022623
OR6Q1,-0.066002
OR6S1,-0.21835
OR6T1,-0.021849
OR6V1,-0.13595
OR6X1,-0.087803
OR6Y1,-0.037927
OR7A10,0.051414
OR7A17,-0.0082446
OR7A5,0.066599
OR7C1,0.084699
OR7C2,-0.083211
OR7D2,-0.20249
OR7D4,-0.045289
OR7E24,-0.10321
OR7G1,0.054087
OR7G2,0.16541
OR7G3,-0.091846
OR8A1,-0.067789
OR8B12,-0.12373
OR8B2,-0.2599
OR8B3,0.033203
OR8B4,-0.082925
OR8B8,-0.09867
OR8D1,0.032868
OR8D2,0.12731
OR8D4,-0.039839
OR8G1,-0.017113
OR8G2P,0.022717
OR8G5,-0.0286
OR8H1,-0.1203
OR8H2,0.031117
OR8H3,0.034619
OR8I2,0.099973
OR8J1,-0.17012
OR8J3,-0.23178
OR8K1,-0.05648
OR8K3,0.12204
OR8K5,-0.081959
OR8S1,-0.030594
OR8U1,0.042724
OR9A2,-0.013263
OR9A4,0.1292
OR9G1,0.0128
OR9G4,-0.017437
OR9I1,-0.028243
OR9K2,-0.15503
OR9Q1,-0.038538
OR9Q2,-0.16907
ORAI1,0.24027
ORAI2,0.29397
ORAI3,-0.16914
ORAOV1,0.037819
ORC1,-0.11196
ORC2,0.088333
ORC3,0.13972
ORC4,0.13764
ORC5,0.23287
ORC6,0.15602
ORM1,-0.038827
ORM2,-0.022797
ORMDL1,0.11448
ORMDL2,-0.21019
ORMDL3,0.047492
OS9,-0.059142
OSBP,-0.34316
OSBP2,-0.023178
OSBPL10,0.26579
OSBPL11,-0.25291
OSBPL1A,-0.059548
OSBPL2,-0.024514
OSBPL3,0.3268
OSBPL5,-0.046226
OSBPL6,-0.0031174
OSBPL7,-0.11264
OSBPL8,0.27432
OSBPL9,0.013819
OSCAR,-0.14605
OSCP1,0.012562
OSER1,-0.2443
OSGEP,0.098885
OSGEPL1,-0.00016692
OSGIN1,0.030242
OSGIN2,0.015805
OSM,0.23835
OSMR,-0.20053
OSR1,0.08002
OSR2,-0.046471
OST4,-0.080419
OSTC,0.045606
OSTF1,0.10334
OSTM1,0.027825
OSTN,-0.15638
OTC,0.065529
OTOA,-0.078091
OTOF,0.057514
OTOG,0.0109
OTOGL,-0.19187
OTOL1,-0.029066
OTOP1,0.013069
OTOP2,-0.034037
OTOP3,-0.0048388
OTOR,0.075903
OTOS,-0.041541
OTP,0.072447
OTUB1,0.48549
OTUB2,-0.11638
OTUD1,0.2167
OTUD3,0.098627
OTUD4,-0.16918
OTUD5,-0.013876
OTUD6A,0.003641
OTUD6B,-0.12455
OTUD7A,-0.19554
OTUD7B,-0.28501
OTULIN,-0.069263
OTX1,-0.012418
OTX2,0.042345
OVCA2,0.21121
OVCH1,-0.019738
OVCH2,0.18876
OVGP1,0.071168
OVOL1,0.063874
OVOL2,0.038121
OVOL3,-0.013645
OVOS2,-0.022255
OXA1L,0.081177
OXCT1,-0.17405
OXCT2,0.036238
OXER1,-0.10017
OXGR1,0.11652
OXLD1,0.037096
OXNAD1,-0.011531
OXR1,-0.022768
OXSM,0.12867
OXSR1,0.010735
OXT,-0.092173
OXTR,-0.013977
P2RX1,-0.072772
P2RX2,-0.081321
P2RX3,-0.053552
P2RX4,0.051698
P2RX5,-0.037599
P2RX6,-0.035069
P2RX7,-0.08187
P2RY1,0.03022
P2RY10,-0.13603
P2RY11,-0.048039
P2RY12,-0.14529
P2RY13,0.043516
P2RY14,-0.1555
P2RY2,0.055723
P2RY4,-0.14224
P2RY6,0.23285
P2RY8,-0.057689
P3H1,-0.1897
P3H2,0.26806
P3H3,0.099599
P3H4,-0.13838
P4HA1,0.012269
P4HA2,-0.20929
P4HA3,0.07664
P4HB,0.077904
P4HTM,-0.20259
PA2G4,-0.089142
PAAF1,-0.03221
PABPC1,0.14596
PABPC1L,-0.1307
PABPC1L2A,0.15123
PABPC1L2B,0.031491
PABPC3,-0.024848
PABPC4,-0.16244
PABPC4L,0.01338
PABPC5,-0.12012
PABPN1,-0.11723
PABPN1L,0.16851
PACRG,0.02081
PACRGL,0.0069713
PACS1,-0.097247
PACS2,-0.010017
PACSIN1,0.12919
PACSIN2,0.20357
PACSIN3,-0.0071787
PADI1,0.13933
PADI2,0.16357
PADI3,0.0042451
PADI4,0.03344
PADI6,-0.054854
PAEP,0.11998
PAF1,0.30253
PAFAH1B1,-0.2581
PAFAH1B2,0.11716
PAFAH1B3,0.1546
PAFAH2,0.14837
PAG1,0.098566
PAGE1,-0.043605
PAGE2,0.18064
PAGE2B,-0.0032307
PAGE3,-0.013389
PAGE4,-0.091862
PAGE5,-0.12672
PAGR1,0.26715
PAH,-0.090055
PAICS,0.25028
PAIP1,0.079354
PAIP2,0.12514
PAIP2B,0.041295
PAK1,0.14637
PAK1IP1,0.21859
PAK2,-0.11916
PAK3,-0.10771
PAK4,0.073492
PAK5,0.022004
PAK6,-0.082252
PALB2,0.18546
PALD1,-0.0014462
PALLD,0.11954
PALM,0.1641
PALM2,0.1241
PALM3,0.032335
PALMD,-0.056177
PAM,0.11529
PAM16,0.19394
PAMR1,0.21934
PAN2,-0.25378
PAN3,-0.090327
PANK1,-0.0045178
PANK2,-0.057006
PANK3,-0.055306
PANK4,0.037458
PANO1,-0.15059
PANX1,0.19437
PANX2,0.24349
PANX3,0.10517
PAOX,0.21551
PAPD4,0.053859
PAPD5,0.091954
PAPD7,0.16202
PAPLN,-0.10216
PAPOLA,0.031826
PAPOLB,0.080265
PAPOLG,-0.076895
PAPPA,-0.16274
PAPPA2,-0.12353
PAPSS1,0.16303
PAPSS2,-0.049739
PAQR3,-0.031382
PAQR4,0.093537
PAQR5,0.00054151
PAQR6,0.048987
PAQR7,-0.0032053
PAQR8,0.023812
PAQR9,0.2125
PARD3,0.061334
PARD3B,0.067416
PARD6A,-0.12224
PARD6B,-0.047607
PARD6G,0.0010235
PARG,-0.12596
PARK7,-0.026389
PARL,-0.030368
PARM1,-0.098186
PARN,0.072918
PARP1,0.064739
PARP10,0.061546
PARP11,-0.018488
PARP12,0.018472
PARP14,0.12062
PARP15,-0.19194
PARP16,-0.093887
PARP2,-0.14296
PARP3,0.027623
PARP4,-0.054529
PARP6,-0.16366
PARP8,-0.023695
PARP9,0.15841
PARPBP,-0.11
PARS2,0.10446
PARVA,0.12099
PARVB,0.083296
PARVG,-0.011037
PASD1,0.10194
PASK,0.22071
PATE1,-0.015025
PATE2,0.082
PATE3,-0.036623
PATE4,-0.085887
PATL1,-0.2159
PATL2,0.10742
PATZ1,-0.25165
PAWR,-0.10815
PAX1,0.16865
PAX2,0.049774
PAX3,0.06228
PAX4,0.063767
PAX5,-0.29648
PAX6,-0.01028
PAX7,0.03445
PAX8,0.095432
PAX9,0.024729
PAXBP1,-0.032343
PAXIP1,-0.097501
PBDC1,-0.13902
PBK,-0.048099
PBLD,0.046188
PBOV1,-0.093008
PBRM1,0.32026
PBX1,0.01955
PBX2,-0.46826
PBX3,0.034759
PBX4,0.091019
PBXIP1,-0.090536
PC,0.041659
PCBD1,-0.061226
PCBD2,-0.023317
PCBP1,0.72546
PCBP2,0.66526
PCBP3,0.0014431
PCBP4,-0.11817
PCCA,-0.079209
PCCB,-0.089623
PCDH1,-0.067691
PCDH10,0.012308
PCDH11X,0.011887
PCDH11Y,-0.077986
PCDH12,-0.017491
PCDH15,-0.16463
PCDH17,0.031232
PCDH18,-0.10714
PCDH19,0.053298
PCDH20,-0.16315
PCDH7,-0.11931
PCDH8,-0.11617
PCDH9,0.11525
PCDHA1,0.11493
PCDHA10,0.22205
PCDHA11,-0.16783
PCDHA12,-0.08624
PCDHA13,-0.056944
PCDHA2,0.06033
PCDHA3,-0.0037228
PCDHA4,-0.051601
PCDHA5,-0.05594
PCDHA6,-0.077985
PCDHA7,0.17019
PCDHA8,0.04233
PCDHA9,0.018452
PCDHAC1,0.16225
PCDHAC2,0.082502
PCDHB1,-0.00529
PCDHB10,0.012901
PCDHB11,-0.05019
PCDHB12,-0.14649
PCDHB13,0.080914
PCDHB14,-0.079045
PCDHB15,-0.17465
PCDHB16,-0.21398
PCDHB2,0.082387
PCDHB3,-0.024849
PCDHB4,0.18605
PCDHB5,-0.017741
PCDHB6,0.11954
PCDHB7,-0.42604
PCDHB8,-0.032519
PCDHB9,-0.14558
PCDHGA1,-0.081978
PCDHGA10,0.088911
PCDHGA11,-0.072763
PCDHGA12,-0.0071976
PCDHGA2,-0.03869
PCDHGA3,0.13868
PCDHGA4,0.0051701
PCDHGA5,-0.13815
PCDHGA6,-0.0022795
PCDHGA7,0.13576
PCDHGA8,0.24498
PCDHGA9,-0.093197
PCDHGB1,0.027014
PCDHGB2,-0.034897
PCDHGB3,0.0055062
PCDHGB4,-0.16643
PCDHGB5,-0.12383
PCDHGB6,0.105
PCDHGB7,0.019482
PCDHGC3,0.0332
PCDHGC4,-0.069823
PCDHGC5,-0.11229
PCED1A,-0.027962
PCED1B,0.051397
PCF11,0.18898
PCGF1,0.14486
PCGF2,0.03357
PCGF3,0.12116
PCGF5,-0.18621
PCGF6,0.15039
PCID2,0.13588
PCIF1,0.17126
PCK1,0.11805
PCK2,-0.1776
PCLAF,-0.14074
PCLO,0.089802
PCM1,-0.14485
PCMT1,-0.17954
PCMTD1,-0.090457
PCMTD2,0.0085448
PCNA,0.19575
PCNP,-0.09332
PCNT,0.27061
PCOLCE,0.15073
PCOLCE2,0.088892
PCOTH,-0.12722
PCP2,-0.18274
PCP4,0.012296
PCP4L1,-0.1178
PCSK1,-0.089
PCSK1N,8.2285e-05
PCSK2,0.030707
PCSK4,0.033727
PCSK5,-0.099741
PCSK6,-0.21879
PCSK7,0.01012
PCSK9,0.062702
PCTP,0.089832
PCYOX1,-0.055446
PCYOX1L,-0.16433
PCYT1A,-0.31065
PCYT1B,0.027387
PCYT2,-0.32403
PDAP1,0.11901
PDC,0.025384
PDCD1,-0.23117
PDCD10,0.20599
PDCD11,0.43068
PDCD1LG2,-0.23304
PDCD2,0.097339
PDCD2L,-0.020329
PDCD4,0.16944
PDCD5,-0.027929
PDCD6,0.096773
PDCD6IP,0.17801
PDCD7,0.077331
PDCL,0.1642
PDCL2,-0.20081
PDCL3,-0.022371
PDE10A,-0.039285
PDE11A,-0.085602
PDE12,-0.044716
PDE1A,0.13695
PDE1B,-0.25485
PDE1C,-0.1201
PDE2A,0.025206
PDE3A,0.013
PDE3B,0.19358
PDE4A,0.13064
PDE4B,-0.045941
PDE4C,-0.046543
PDE4D,-0.055009
PDE4DIP,-0.1836
PDE5A,-0.24619
PDE6A,-0.12733
PDE6B,0.17899
PDE6C,-0.084805
PDE6D,-0.16904
PDE6G,-0.085856
PDE6H,-0.022643
PDE7A,-0.021718
PDE7B,0.011548
PDE8A,0.17892
PDE8B,0.049945
PDE9A,-0.10876
PDF,-0.12361
PDGFA,-0.049015
PDGFB,-0.18992
PDGFC,-0.029444
PDGFD,-0.084913
PDGFRA,1.4627
PDGFRB,0.023962
PDGFRL,0.016202
PDHA1,-0.1487
PDHA2,-0.084284
PDHB,-0.029053
PDHX,0.095668
PDIA3,0.096204
PDIA4,-0.074126
PDIA5,0.093036
PDIA6,-0.037998
PDIK1L,-0.0028968
PDILT,-0.034192
PDK1,0.19258
PDK2,-0.12025
PDK3,-0.29079
PDK4,0.12186
PDLIM1,0.077417
PDLIM2,0.16687
PDLIM3,0.049204
PDLIM4,0.30441
PDLIM5,0.0068141
PDLIM7,-0.134
PDP1,0.096725
PDP2,0.026832
PDPK1,0.22309
PDPN,-0.22394
PDPR,0.040268
PDRG1,-0.15973
PDS5A,0.010658
PDS5B,-0.096688
PDSS1,0.17322
PDSS2,0.27187
PDX1,-0.050742
PDXDC1,-0.12947
PDXK,-0.017301
PDXP,0.0015808
PDYN,0.18094
PDZD11,0.028858
PDZD2,-0.020633
PDZD3,0.1539
PDZD4,0.098757
PDZD7,-0.050958
PDZD8,-0.17946
PDZD9,-0.19536
PDZK1,-0.16021
PDZK1IP1,-0.0087759
PDZRN3,-0.078392
PDZRN4,0.030132
PEA15,-0.13527
PEAK1,-0.042665
PEAR1,-0.072894
PEBP1,0.012204
PEBP4,-0.0016751
PECAM1,0.03359
PECR,0.086462
PEF1,0.082836
PEG10,0.017302
PEG3,-0.05676
PELI1,0.024793
PELI2,0.11184
PELI3,-0.03983
PELO,-0.047633
PELP1,0.19325
PEMT,0.10726
PENK,0.021903
PEPD,0.36636
PER1,0.077016
PER2,-0.060223
PER3,-0.075142
PERM1,0.0018924
PERP,0.10466
PES1,0.28012
PET100,0.00072236
PET117,0.093614
PEX1,0.0043797
PEX10,0.09494
PEX11A,0.0039212
PEX11B,-0.035429
PEX11G,-0.077395
PEX12,-0.23633
PEX13,-0.13945
PEX14,0.0013298
PEX16,-0.18537
PEX19,0.16584
PEX2,0.19507
PEX26,0.055436
PEX3,0.016479
PEX5,-0.29105
PEX5L,0.0086309
PEX6,-0.24127
PEX7,-0.00035617
PF4,-0.019198
PF4V1,0.12722
PFAS,0.49311
PFDN1,0.14434
PFDN2,0.058578
PFDN4,0.16009
PFDN5,-0.15017
PFDN6,-0.2059
PFKFB1,-0.040114
PFKFB2,-0.061162
PFKFB3,0.090595
PFKFB4,0.033601
PFKL,0.18531
PFKM,0.11723
PFKP,-0.15198
PFN1,-0.017848
PFN2,-0.24877
PFN3,-0.096284
PFN4,0.084181
PGA3,-0.03698
PGA5,0.027722
PGAM1,-0.057871
PGAM2,0.10011
PGAM4,0.26272
PGAM5,0.17435
PGAP1,0.18134
PGAP2,0.11085
PGAP3,-0.065443
PGBD1,-0.10972
PGBD2,0.036439
PGBD3,-0.011997
PGBD4,0.080592
PGBD5,-0.16411
PGC,0.080074
PGD,0.4134
PGF,-0.063266
PGGHG,-0.12503
PGGT1B,-0.17298
PGK1,-0.15864
PGK2,-0.17022
PGLS,-0.035653
PGLYRP1,-0.17612
PGLYRP2,0.035983
PGLYRP3,0.027622
PGLYRP4,-0.087075
PGM1,0.010235
PGM2,0.20021
PGM2L1,0.016566
PGM3,-0.035387
PGM5,-0.096993
PGP,0.15874
PGPEP1,-0.14566
PGPEP1L,-0.074728
PGR,-0.064463
PGRMC1,0.079825
PGRMC2,-0.21714
PGS1,-0.14612
PHACTR1,0.08157
PHACTR2,-0.017087
PHACTR3,0.041277
PHACTR4,0.36297
PHAX,-0.045017
PHB,0.34475
PHB2,0.13601
PHC1,-0.13944
PHC2,-0.038284
PHC3,0.11058
PHEX,-0.0074957
PHF1,0.13189
PHF10,-0.13626
PHF11,0.038745
PHF12,-0.11448
PHF13,0.23485
PHF14,0.11566
PHF19,-0.031463
PHF2,0.14565
PHF20,0.054546
PHF20L1,0.30257
PHF21A,0.050321
PHF21B,0.024995
PHF23,-0.068046
PHF24,0.12523
PHF3,0.18411
PHF5A,0.3353
PHF6,-0.30246
PHF7,0.16747
PHF8,-0.060245
PHGDH,0.060027
PHGR1,0.098541
PHIP,-0.12178
PHKA1,-0.17503
PHKA2,0.18929
PHKB,-0.11781
PHKG1,-0.14376
PHKG2,-0.098902
PHLDA1,0.39389
PHLDA2,0.036627
PHLDA3,0.01006
PHLDB1,0.0097357
PHLDB2,-0.034412
PHLDB3,-0.00092102
PHLPP1,0.20365
PHLPP2,0.28612
PHOSPHO1,-0.15782
PHOSPHO2-KLHL23,0.16502
PHOX2A,0.00633
PHOX2B,-0.18966
PHPT1,0.053748
PHRF1,-0.04161
PHTF1,0.028628
PHTF2,0.019287
PHYH,0.18245
PHYHD1,-0.070713
PHYHIP,0.062825
PHYHIPL,0.2393
PHYKPL,0.045783
PI15,-0.028295
PI16,0.21874
PI3,-0.16583
PI4K2A,0.23051
PI4K2B,0.16878
PI4KA,0.1347
PI4KB,-0.70488
PIANP,0.053832
PIAS1,0.31545
PIAS2,-0.082833
PIAS3,0.10943
PIAS4,-0.032262
PIBF1,-0.11685
PICALM,0.22076
PICK1,0.010582
PID1,0.063147
PIDD1,0.095517
PIEZO1,0.14507
PIEZO2,-0.039103
PIF1,-0.14693
PIFO,0.087454
PIGA,0.21635
PIGB,0.10764
PIGBOS1,0.062682
PIGC,-0.15485
PIGF,0.095559
PIGG,-0.10354
PIGH,-0.012534
PIGK,-0.2489
PIGL,-0.15404
PIGM,-0.15843
PIGN,0.012349
PIGO,0.081705
PIGP,-0.1299
PIGQ,0.022111
PIGR,-0.15003
PIGS,-0.15678
PIGT,0.014857
PIGU,-0.076359
PIGV,-0.15794
PIGW,0.14789
PIGX,-0.05255
PIGY,-0.035339
PIGZ,0.2716
PIH1D1,-0.022663
PIH1D2,0.0094564
PIH1D3,0.047937
PIK3AP1,-0.019858
PIK3C2A,-0.022495
PIK3C2B,-0.16755
PIK3C2G,-0.014363
PIK3C3,0.061501
PIK3CA,-0.027041
PIK3CB,-0.1363
PIK3CD,-0.023301
PIK3CG,-0.045868
PIK3IP1,-0.12008
PIK3R1,-0.062783
PIK3R2,0.082463
PIK3R3,-0.18264
PIK3R4,0.21676
PIK3R5,0.21519
PIK3R6,-0.043325
PIKFYVE,0.12405
PILRA,0.01414
PILRB,0.1817
PIM1,-0.18069
PIM2,0.051152
PIM3,-0.24612
PIMREG,0.018267
PIN1,0.10801
PIN4,0.047271
PINK1,-0.10363
PINLYP,-0.19187
PINX1,-0.072609
PIP,-0.1899
PIP4K2A,-0.21077
PIP4K2B,0.18488
PIP4K2C,0.21116
PIP5K1A,0.42933
PIP5K1B,0.042787
PIP5K1C,0.064177
PIP5KL1,-0.061116
PIPOX,-0.069738
PIR,0.097485
PIRT,-0.10451
PISD,-0.070178
PITHD1,0.071148
PITPNA,-0.17168
PITPNB,0.51505
PITPNC1,-0.0099147
PITPNM1,0.11425
PITPNM2,-0.071928
PITPNM3,0.14944
PITRM1,-0.017249
PITX1,0.034035
PITX2,0.027592
PITX3,0.12872
PIWIL1,0.02841
PIWIL2,0.06663
PIWIL3,-0.038018
PIWIL4,-0.091694
PJA1,-0.19563
PJA2,-0.275
PKD1,0.053515
PKD1L1,-0.12774
PKD1L2,-0.10601
PKD1L3,-0.053167
PKD2,0.29211
PKD2L1,-0.10893
PKD2L2,0.062911
PKDCC,-0.059766
PKDREJ,0.086933
PKHD1,-0.072411
PKHD1L1,-0.073728
PKIA,0.068192
PKIB,0.029051
PKIG,-0.023299
PKLR,-0.012436
PKM,-0.15233
PKMYT1,0.45712
PKN1,0.29752
PKN2,-0.11337
PKN3,-0.020179
PKNOX1,-0.37161
PKNOX2,0.017454
PKP1,0.074681
PKP2,-0.22354
PKP3,-0.069478
PKP4,0.027746
PLA1A,-0.019829
PLA2G10,-0.086698
PLA2G12A,-0.034699
PLA2G12B,0.12923
PLA2G15,0.15987
PLA2G16,-0.21437
PLA2G1B,-0.056384
PLA2G2A,0.10666
PLA2G2C,0.15158
PLA2G2D,-0.077742
PLA2G2E,0.17962
PLA2G2F,-0.086583
PLA2G3,-0.12109
PLA2G4A,0.050574
PLA2G4C,-0.015842
PLA2G4D,0.066472
PLA2G4E,0.12171
PLA2G4F,0.044459
PLA2G5,-0.19457
PLA2G6,0.14744
PLA2G7,0.16378
PLA2R1,-0.027244
PLAA,0.21557
PLAC1,0.083476
PLAC4,-0.21312
PLAC8,0.06907
PLAC8L1,-0.10045
PLAC9,0.12425
PLAG1,-0.0014965
PLAGL1,-0.18375
PLAGL2,-0.17988
PLAT,-0.25057
PLAU,0.086858
PLAUR,-0.13278
PLB1,-0.012786
PLBD1,-0.072799
PLBD2,-0.33847
PLCB1,-0.06598
PLCB2,0.0082448
PLCB3,0.11842
PLCB4,0.30681
PLCD1,-0.19757
PLCD3,-0.12048
PLCD4,0.19692
PLCE1,-0.071706
PLCG1,-1.0269
PLCG2,0.042606
PLCH1,0.013967
PLCH2,0.20272
PLCL1,-0.033501
PLCL2,0.1618
PLCXD1,-0.061827
PLCXD2,-0.026864
PLCXD3,-0.20858
PLCZ1,-0.014376
PLD1,0.13278
PLD2,0.073377
PLD3,-0.1953
PLD4,-0.032626
PLD5,-0.074614
PLEC,0.13684
PLEK,-0.041173
PLEK2,-0.17068
PLEKHA1,0.040381
PLEKHA2,-0.056423
PLEKHA3,0.095395
PLEKHA4,0.085302
PLEKHA5,0.043034
PLEKHA6,0.15729
PLEKHA7,0.082349
PLEKHA8,-0.068896
PLEKHB1,-0.26995
PLEKHB2,-0.02581
PLEKHD1,0.17569
PLEKHF1,-0.05256
PLEKHF2,-0.073286
PLEKHG1,-0.12716
PLEKHG2,-0.17246
PLEKHG3,0.09695
PLEKHG4,0.015827
PLEKHG4B,-0.052979
PLEKHG5,0.35779
PLEKHG6,0.02241
PLEKHG7,0.14147
PLEKHH1,0.044226
PLEKHH2,0.12592
PLEKHH3,0.038379
PLEKHJ1,-0.004421
PLEKHM1,0.0070737
PLEKHM2,0.10466
PLEKHM3,-0.059684
PLEKHN1,0.00019355
PLEKHO1,-0.025409
PLEKHO2,0.06921
PLEKHS1,-0.13991
PLET1,-0.26192
PLG,0.099748
PLGLB2,-0.15546
PLGRKT,0.09722
PLIN1,0.071536
PLIN2,0.22492
PLIN3,0.11347
PLIN4,-0.0040154
PLIN5,-0.051574
PLK1,0.33065
PLK2,-0.097264
PLK3,0.15079
PLK4,0.1049
PLK5,-0.0090381
PLLP,0.21565
PLN,-0.0086078
PLOD1,-0.068074
PLOD2,-0.083879
PLOD3,0.0054119
PLP1,0.0028773
PLP2,-0.16261
PLPBP,-0.20081
PLRG1,0.6028
PLS1,-0.00026366
PLS3,-0.22535
PLSCR1,-0.082014
PLSCR2,-0.10628
PLSCR3,-0.082222
PLSCR4,0.056347
PLSCR5,-0.032954
PLTP,0.003574
PLVAP,-0.00022972
PLXDC1,0.064309
PLXDC2,0.0022121
PLXNA1,0.15449
PLXNA2,-0.10033
PLXNA3,0.067676
PLXNA4,0.093989
PLXNB1,0.050247
PLXNB2,0.02628
PLXNB3,0.014066
PLXNC1,-0.10588
PLXND1,0.062962
PM20D1,-0.049491
PM20D2,0.015208
PMAIP1,0.078113
PMCH,-0.14089
PMEL,-0.10611
PMEPA1,-0.079207
PMF1,0.43751
PMFBP1,-0.091894
PML,-0.028392
PMM1,-0.0145
PMM2,-0.098749
PMP2,0.0915
PMP22,0.063587
PMPCA,0.045637
PMPCB,0.061257
PMS1,0.08675
PMS2,0.047942
PMVK,-0.0093976
PNCK,0.031932
PNISR,0.89497
PNKD,-0.20023
PNKP,0.078528
PNLDC1,0.12771
PNLIP,-0.090094
PNLIPRP1,-0.12378
PNLIPRP2,0.036097
PNLIPRP3,0.057033
PNMA1,-0.17664
PNMA2,-0.019135
PNMA3,-0.076961
PNMA5,0.02046
PNMA6A,-0.12489
PNMA8A,0.14491
PNMA8B,0.092244
PNMT,-0.22529
PNN,0.028179
PNO1,0.42466
PNOC,-0.028999
PNP,-0.1029
PNPLA1,-0.21606
PNPLA2,-0.25697
PNPLA3,-0.029388
PNPLA4,0.14114
PNPLA5,-0.080184
PNPLA6,-0.044598
PNPLA7,0.087892
PNPLA8,-0.038108
PNPO,-0.029249
PNPT1,-0.027916
PNRC1,0.045798
PNRC2,0.069287
POC1A,0.012638
POC1B,0.11681
POC1B-GALNT4,-0.089915
POC5,0.057578
PODN,-0.18911
PODNL1,0.014045
PODXL,-0.0057276
PODXL2,0.05492
POF1B,-0.025423
POFUT1,-0.063382
POFUT2,-0.24447
POGK,-0.11134
POGLUT1,0.0496
POGZ,0.05245
POLA1,0.24326
POLA2,0.42222
POLB,0.042584
POLD1,0.30433
POLD2,0.24276
POLD3,0.52072
POLD4,-0.1507
POLDIP2,0.0072799
POLDIP3,-0.064509
POLE,0.56658
POLE2,0.093466
POLE3,0.08504
POLE4,0.079011
POLG,0.039665
POLG2,0.2274
POLH,-0.20395
POLI,-0.21139
POLK,0.040162
POLL,0.13959
POLM,-0.020458
POLQ,0.079753
POLR1A,0.46875
POLR1B,0.35535
POLR1C,0.40756
POLR1D,0.24192
POLR1E,-0.037284
POLR2A,0.11154
POLR2B,0.2668
POLR2C,0.35633
POLR2D,0.56226
POLR2E,0.1559
POLR2F,0.13854
POLR2G,0.40972
POLR2H,0.33639
POLR2I,0.38523
POLR2J,0.19886
POLR2J2,-0.21976
POLR2J3,0.038151
POLR2K,0.097576
POLR2L,-0.026749
POLR2M,0.050697
POLR3A,0.079949
POLR3B,-0.15925
POLR3C,0.061637
POLR3D,0.034221
POLR3E,-0.058787
POLR3F,0.074737
POLR3G,-0.013557
POLR3GL,0.056855
POLR3H,-0.15385
POLR3K,0.0080313
POLRMT,0.053744
POM121,0.093437
POM121C,0.17923
POM121L12,0.21004
POM121L2,0.030674
POMC,0.10918
POMGNT1,-0.13873
POMGNT2,-0.058051
POMK,0.077071
POMP,0.47385
POMT1,-0.11092
POMT2,0.024979
POMZP3,-0.14502
PON1,-0.062879
PON2,0.14476
POP1,0.11744
POP4,0.26711
POP5,0.20184
POP7,0.083546
POPDC2,-0.13986
POPDC3,0.07592
POR,0.02351
PORCN,0.059765
POSTN,0.059954
POT1,0.32358
POTEA,-0.22516
POTEB2,0.072326
POTEB3,-0.12903
POTEC,-0.1351
POTED,-0.11993
POTEE,-0.085269
POTEF,-0.084139
POTEG,-0.16334
POTEH,0.037266
POTEI,0.12706
POTEM,-0.19003
POU1F1,0.0093848
POU2AF1,0.10719
POU2F1,0.12687
POU2F2,-0.11643
POU2F3,0.041846
POU3F1,-0.06838
POU3F2,0.1309
POU3F3,0.18901
POU3F4,-0.13485
POU4F1,0.067455
POU4F2,0.0042374
POU4F3,-0.033234
POU5F1,-0.062434
POU5F1B,0.025675
POU5F2,-0.13242
POU6F1,-0.20612
POU6F2,0.042633
PP2D1,-0.12068
PPA1,0.12786
PPA2,0.14306
PPAN,0.89113
PPAN-P2RY11,0.084741
PPARA,-0.35418
PPARD,0.069745
PPARG,0.0238
PPARGC1A,0.06574
PPARGC1B,0.08441
PPAT,0.44249
PPBP,-0.12889
PPCDC,-0.13556
PPCS,-0.30742
PPDPF,-0.048732
PPEF1,-0.0036685
PPEF2,0.019761
PPFIA1,0.011903
PPFIA2,-0.0034958
PPFIA3,0.0030846
PPFIA4,0.036313
PPFIBP1,0.089496
PPFIBP2,-0.11755
PPHLN1,0.19952
PPIA,0.017924
PPIAL4A,-0.11219
PPIAL4C,-0.20433
PPIAL4D,-0.091065
PPIB,-0.027865
PPIC,0.069674
PPID,0.021422
PPIE,0.30303
PPIF,-0.049559
PPIG,-0.071678
PPIH,0.51507
PPIL1,0.51173
PPIL2,0.32927
PPIL3,-0.007803
PPIL4,0.17797
PPIL6,0.078974
PPIP5K1,0.010388
PPIP5K2,0.043615
PPL,0.043967
PPM1A,0.021451
PPM1B,0.19186
PPM1D,0.28278
PPM1E,-0.017531
PPM1F,0.037468
PPM1G,0.047411
PPM1H,0.21024
PPM1J,-0.060692
PPM1K,0.015034
PPM1L,0.097688
PPM1M,0.066489
PPM1N,-0.020886
PPME1,-0.14606
PPOX,0.055274
PPP1CA,-0.24935
PPP1CB,0.22333
PPP1CC,-0.012276
PPP1R10,-0.13152
PPP1R11,-0.16819
PPP1R12A,0.12327
PPP1R12B,0.003716
PPP1R12C,0.17973
PPP1R13B,0.017612
PPP1R13L,-0.11964
PPP1R14A,0.087183
PPP1R14B,0.059793
PPP1R14C,0.053089
PPP1R14D,-0.19032
PPP1R15A,0.085701
PPP1R15B,0.041215
PPP1R16A,0.17627
PPP1R16B,-0.033271
PPP1R17,-0.11426
PPP1R18,-0.088718
PPP1R1A,-0.26012
PPP1R1B,-0.12599
PPP1R1C,-0.059086
PPP1R2,-0.045659
PPP1R21,0.14537
PPP1R26,-0.088338
PPP1R27,-0.019607
PPP1R32,0.05137
PPP1R35,-0.033395
PPP1R36,-0.060087
PPP1R37,0.0026466
PPP1R3A,-0.18745
PPP1R3B,0.02402
PPP1R3C,0.092731
PPP1R3D,0.070004
PPP1R3E,-0.0064042
PPP1R3F,0.10452
PPP1R3G,-0.067026
PPP1R42,-0.036464
PPP1R7,0.17105
PPP1R8,0.61514
PPP1R9A,0.080864
PPP1R9B,0.15869
PPP2CA,0.036223
PPP2CB,0.09389
PPP2R1A,-0.21676
PPP2R1B,0.13709
PPP2R2A,-0.11607
PPP2R2B,-0.044531
PPP2R2C,-0.056391
PPP2R2D,-0.22534
PPP2R3A,0.21129
PPP2R3B,-0.039906
PPP2R3C,-0.18817
PPP2R5A,0.042625
PPP2R5B,0.046696
PPP2R5C,-0.024252
PPP2R5D,-0.083822
PPP2R5E,-0.22745
PPP3CA,-0.0047614
PPP3CB,-0.30279
PPP3CC,-0.021667
PPP3R1,-0.26078
PPP3R2,-0.023431
PPP4C,0.2219
PPP4R1,0.1457
PPP4R2,0.070843
PPP4R4,-0.10975
PPP5C,0.21488
PPP5D1,0.24956
PPP6C,0.15598
PPP6R1,0.19679
PPP6R2,0.1019
PPP6R3,0.091692
PPRC1,0.042725
PPT1,0.1908
PPT2,0.12403
PPTC7,-0.023453
PPWD1,0.29332
PPY,-0.14098
PQBP1,-0.11834
PQLC1,-0.074012
PQLC2,-0.069592
PQLC2L,-0.04925
PQLC3,-0.12179
PRAC1,0.17592
PRAC2,-0.17619
PRADC1,0.064794
PRAF2,-0.10593
PRAG1,0.073263
PRAM1,-0.10777
PRAME,0.020135
PRAMEF1,-0.071091
PRAMEF10,-0.0030768
PRAMEF11,-0.24383
PRAMEF12,0.060321
PRAMEF13,0.068115
PRAMEF14,-0.099496
PRAMEF15,-0.25442
PRAMEF17,0.16472
PRAMEF18,-0.10571
PRAMEF19,0.11252
PRAMEF2,-0.25444
PRAMEF20,0.00056963
PRAMEF25,-0.026332
PRAMEF26,-0.15916
PRAMEF27,0.046024
PRAMEF33,0.18559
PRAMEF4,-0.1188
PRAMEF5,-0.19183
PRAMEF7,-0.47289
PRAMEF8,-0.12655
PRAMEF9,-0.055961
PRAP1,0.028971
PRB1,-0.050686
PRB2,-0.043541
PRB3,0.030951
PRB4,0.039892
PRC1,0.37505
PRCC,0.0034675
PRCD,0.010934
PRCP,-0.1077
PRDM1,-0.018561
PRDM10,0.36939
PRDM11,-0.047132
PRDM12,0.18909
PRDM13,0.20829
PRDM14,0.2786
PRDM15,-0.20095
PRDM16,0.020201
PRDM2,0.086405
PRDM4,0.1943
PRDM5,0.097022
PRDM6,-0.035577
PRDM7,0.003759
PRDM8,-0.15358
PRDM9,0.097116
PRDX1,0.091741
PRDX2,0.12706
PRDX3,0.022966
PRDX4,0.073194
PRDX5,0.034774
PRDX6,-0.10728
PREB,0.13469
PRELID1,0.22382
PRELID2,-0.053394
PRELP,0.11903
PREP,-0.19052
PREPL,0.03358
PREX1,-0.095804
PREX2,0.035971
PRF1,-0.088773
PRG2,-0.047724
PRG3,0.0093945
PRG4,0.11835
PRH1,-0.037526
PRH2,-0.088644
PRICKLE1,-0.075415
PRICKLE2,-0.0065268
PRICKLE3,-0.1562
PRICKLE4,0.047272
PRIM1,0.10731
PRIM2,0.78178
PRIMA1,0.18666
PRIMPOL,-0.16816
PRKAA1,0.069565
PRKAA2,0.32118
PRKAB1,0.022901
PRKAB2,0.055692
PRKACA,-0.0045085
PRKACB,-0.017989
PRKACG,-0.24613
PRKAG1,0.013409
PRKAG2,0.14529
PRKAG3,-0.053408
PRKAR1A,-0.42524
PRKAR1B,-0.019881
PRKAR2A,0.032217
PRKAR2B,-0.036907
PRKCA,0.0027947
PRKCB,-0.12529
PRKCD,-0.093508
PRKCE,-0.0068501
PRKCG,0.30187
PRKCH,0.48419
PRKCI,0.0056293
PRKCQ,-0.27695
PRKCSH,-0.095636
PRKCZ,0.0079983
PRKD1,0.26977
PRKD2,-0.55872
PRKD3,0.11031
PRKDC,-0.195
PRKG1,0.17342
PRKG2,0.15252
PRKN,0.093661
PRKRA,-0.097336
PRKRIP1,0.20028
PRKX,-0.044332
PRL,-0.080659
PRLH,0.043084
PRLHR,0.032153
PRLR,0.16127
PRM1,0.020023
PRM2,-0.092587
PRM3,0.081065
PRMT1,0.89754
PRMT2,-0.27007
PRMT3,-0.1831
PRMT5,0.28089
PRMT6,-0.041017
PRMT7,-0.05855
PRMT8,-0.044211
PRMT9,0.10644
PRND,0.026122
PRNP,-0.01942
PROB1,0.17555
PROC,0.28959
PROCA1,0.032917
PROCR,-0.15111
PRODH,-0.0054168
PRODH2,-0.0054294
PROK1,0.25729
PROK2,0.017285
PROKR1,-0.075679
PROKR2,0.063317
PROM1,-0.09056
PROM2,0.043447
PROP1,-0.28425
PRORY,0.039079
PROS1,-0.063213
PROSER1,0.083664
PROSER2,-0.10266
PROSER3,-0.1244
PROX1,-0.11452
PROX2,-0.13696
PROZ,0.27439
PRPF18,0.33707
PRPF19,0.38417
PRPF3,0.20532
PRPF31,0.491
PRPF38A,0.14771
PRPF38B,0.058442
PRPF39,0.06332
PRPF4,0.64776
PRPF40A,0.26387
PRPF40B,-0.015063
PRPF4B,0.51551
PRPF6,0.45058
PRPF8,0.44952
PRPH,-0.04481
PRPH2,0.001732
PRPS1,0.06495
PRPS1L1,-0.18802
PRPS2,0.10485
PRPSAP1,0.011555
PRPSAP2,-0.021199
PRR11,-0.18902
PRR12,0.39792
PRR13,-0.18896
PRR14,-0.038689
PRR14L,-0.052746
PRR15,-0.029931
PRR15L,-0.0793
PRR16,-0.20415
PRR18,0.053362
PRR19,-0.071505
PRR20A,0.17281
PRR21,-0.045793
PRR22,-0.0063368
PRR23A,0.096946
PRR23B,0.088533
PRR23C,-0.097833
PRR23D1,-0.097806
PRR25,-0.075468
PRR27,-0.13365
PRR29,0.037198
PRR3,-0.16676
PRR30,-0.28461
PRR32,0.16682
PRR33,-0.11863
PRR34,0.020016
PRR35,0.20587
PRR36,0.029487
PRR4,0.16368
PRR5,-0.18957
PRR5L,-0.038647
PRR7,0.14384
PRR9,-0.20238
PRRC1,-0.17447
PRRC2A,0.050356
PRRC2B,-0.34536
PRRC2C,0.087378
PRRG1,0.028617
PRRG2,0.015781
PRRG3,0.082616
PRRG4,0.25342
PRRT1,0.068144
PRRT2,0.19509
PRRT3,-0.040041
PRRT4,0.20236
PRRX1,-0.065811
PRRX2,-0.025672
PRSS1,-0.087153
PRSS12,0.031654
PRSS16,-0.068398
PRSS21,-0.021839
PRSS22,0.0049497
PRSS23,0.14802
PRSS27,-0.030844
PRSS3,0.091354
PRSS33,-0.07597
PRSS35,-0.12143
PRSS36,-0.16248
PRSS37,-0.17801
PRSS38,0.20717
PRSS41,-0.033941
PRSS42,0.057466
PRSS45,0.032828
PRSS46,0.035109
PRSS48,0.035163
PRSS50,0.011501
PRSS53,-0.13301
PRSS54,-0.02725
PRSS55,0.12999
PRSS56,-0.27269
PRSS57,-0.048744
PRSS58,-0.16508
PRSS8,-0.0088604
PRTFDC1,-0.046145
PRTG,0.19341
PRTN3,-0.13656
PRUNE1,-0.14021
PRUNE2,-0.018634
PRX,0.09998
PRY,0.16843
PSAP,-0.20319
PSAPL1,-0.21658
PSAT1,0.1011
PSCA,-0.13154
PSD,-0.15769
PSD2,0.16093
PSD3,0.23349
PSD4,-0.093194
PSEN1,-0.14842
PSEN2,-0.075909
PSENEN,-0.28183
PSG1,0.16185
PSG11,-0.094577
PSG2,0.042814
PSG3,0.0097429
PSG4,0.12631
PSG5,0.026114
PSG6,-0.1112
PSG7,0.026839
PSG8,0.0017315
PSG9,0.02673
PSIP1,0.021862
PSKH1,-0.12431
PSKH2,-0.059037
PSMA1,0.38757
PSMA2,0.29018
PSMA3,0.047754
PSMA4,0.22661
PSMA5,0.33729
PSMA6,0.34373
PSMA7,-0.0031551
PSMA8,-0.12489
PSMB1,0.079603
PSMB10,-0.11496
PSMB11,0.016945
PSMB2,0.17036
PSMB3,-0.0053719
PSMB4,0.13663
PSMB5,0.10309
PSMB6,-0.058974
PSMB7,-0.083183
PSMB8,-0.20634
PSMB9,0.025062
PSMC1,0.1389
PSMC2,0.21128
PSMC3,0.42005
PSMC3IP,0.17368
PSMC4,0.50006
PSMC5,0.34163
PSMC6,0.26777
PSMD1,0.31818
PSMD10,-0.047816
PSMD11,0.10809
PSMD12,0.011425
PSMD13,0.15295
PSMD14,0.21094
PSMD2,0.76766
PSMD3,0.26707
PSMD4,0.23123
PSMD5,0.029557
PSMD6,0.42751
PSMD7,0.57379
PSMD8,0.30824
PSMD9,-0.021006
PSME1,-0.05938
PSME2,-0.009543
PSME3,-0.0026347
PSME4,0.097176
PSMF1,0.083873
PSMG1,-0.14773
PSMG2,-0.048208
PSMG3,0.13584
PSMG4,-0.16034
PSORS1C1,-0.21165
PSORS1C2,-0.021917
PSPC1,0.049449
PSPH,-0.054252
PSPN,-0.065303
PSRC1,-0.093031
PSTK,0.077823
PSTPIP1,0.11612
PSTPIP2,-0.098074
PTAFR,0.051848
PTAR1,-0.17691
PTBP1,-0.11442
PTBP2,-0.070338
PTBP3,-0.10533
PTCD2,0.039049
PTCD3,0.062184
PTCH1,0.016277
PTCH2,0.25645
PTCHD1,0.012239
PTCHD3,-0.072974
PTCHD4,0.033904
PTCRA,-0.092348
PTDSS1,-0.038945
PTDSS2,-0.08284
PTEN,0.0065957
PTER,0.039495
PTF1A,0.23894
PTGDR,0.043976
PTGDR2,-0.12547
PTGDS,-0.091721
PTGER1,0.16209
PTGER2,-0.083564
PTGER3,0.18948
PTGER4,-0.066507
PTGES,0.0032031
PTGES2,-0.051043
PTGES3,-0.12035
PTGES3L,0.066605
PTGFR,-0.24057
PTGFRN,0.017683
PTGIR,0.15416
PTGIS,-0.0023288
PTGR1,-0.023564
PTGR2,0.011699
PTGS1,-0.047414
PTGS2,-0.094933
PTH,0.053331
PTH1R,0.058507
PTH2,-0.06859
PTH2R,0.023866
PTHLH,-0.14364
PTK2,-0.09846
PTK2B,0.012752
PTK6,-0.046922
PTK7,0.030993
PTMA,0.3416
PTMS,-0.034787
PTN,0.025982
PTOV1,0.052592
PTP4A1,0.068882
PTP4A2,0.10037
PTP4A3,-0.045913
PTPA,0.10477
PTPDC1,-0.075434
PTPMT1,-0.010009
PTPN1,-0.10579
PTPN11,-0.074597
PTPN12,-0.11504
PTPN13,0.0083862
PTPN14,-0.086113
PTPN18,0.015706
PTPN2,-0.18786
PTPN20,0.037735
PTPN21,0.039541
PTPN22,0.35386
PTPN23,0.86963
PTPN3,0.0039845
PTPN4,-0.019725
PTPN5,-0.052544
PTPN6,0.18256
PTPN7,0.29382
PTPN9,0.05727
PTPRA,-0.007867
PTPRB,0.078528
PTPRC,-0.86005
PTPRCAP,-0.17189
PTPRD,-0.0030791
PTPRE,0.014886
PTPRF,-0.013963
PTPRG,0.0034591
PTPRH,0.057317
PTPRJ,-0.038396
PTPRK,0.14711
PTPRM,0.016691
PTPRN,-0.18672
PTPRN2,0.15105
PTPRO,-0.024631
PTPRQ,-0.12849
PTPRR,-0.060934
PTPRS,0.32732
PTPRT,-0.026606
PTPRU,0.2008
PTPRZ1,0.025006
PTRH1,-0.13323
PTRH2,-0.20475
PTRHD1,0.015221
PTS,-0.034892
PTTG1,0.5232
PTTG1IP,-0.073896
PTTG2,-0.0016693
PTX3,-0.081316
PTX4,-0.17179
PUF60,-0.070177
PUM1,0.27548
PUM2,0.051568
PURA,-0.018326
PURB,0.080051
PURG,-0.19061
PUS1,-0.0034951
PUS10,-0.0209
PUS3,0.014007
PUS7,-0.13594
PUS7L,0.10221
PUSL1,0.02223
PVALB,0.12967
PVR,-0.14745
PVRIG,-0.12761
PWP1,0.22282
PWP2,0.015295
PWWP2A,0.013443
PWWP2B,0.040442
PXDC1,0.15209
PXDN,0.19555
PXDNL,-0.14751
PXK,0.044114
PXMP2,0.23878
PXMP4,0.033642
PXN,-0.16973
PXT1,-0.19601
PXYLP1,0.093728
PYCARD,-0.029568
PYCR1,0.06193
PYCR2,0.053993
PYCR3,-0.023067
PYDC1,-0.15219
PYDC2,0.07139
PYGB,-0.11735
PYGL,0.040245
PYGM,-0.17975
PYGO1,-0.035138
PYGO2,0.063519
PYHIN1,-0.04228
PYROXD1,-0.04339
PYROXD2,-0.21574
PYY,0.10062
PZP,0.079704
QARS,-0.13171
QDPR,0.089388
QKI,0.0073178
QPCT,0.015803
QPCTL,0.11277
QPRT,0.0077847
QRFP,0.0047238
QRFPR,0.13719
QRICH1,-0.071897
QRICH2,0.010249
QRSL1,0.046992
QSER1,0.041725
QSOX1,0.18772
QSOX2,0.10397
QTRT1,-0.012866
R3HCC1,-0.15916
R3HCC1L,0.21984
R3HDM1,-0.062992
R3HDM2,-0.19346
R3HDM4,0.23332
R3HDML,0.11373
RAB10,-0.29118
RAB11A,-0.27344
RAB11B,0.088343
RAB11FIP1,-0.12353
RAB11FIP2,-0.092987
RAB11FIP3,0.02031
RAB11FIP4,-0.17052
RAB11FIP5,0.19561
RAB12,-0.065162
RAB13,-0.032381
RAB14,-0.076031
RAB15,0.031644
RAB17,-0.069084
RAB18,-0.064396
RAB19,-0.15622
RAB1A,-0.035648
RAB1B,0.34005
RAB20,0.21683
RAB21,-0.10964
RAB22A,0.05441
RAB23,0.23292
RAB24,0.10919
RAB25,0.055788
RAB26,-0.027268
RAB27A,-0.21019
RAB27B,0.14057
RAB28,0.049314
RAB29,-0.041899
RAB2A,-0.11829
RAB2B,0.028064
RAB30,-0.0088457
RAB31,0.014969
RAB32,0.049586
RAB33A,-0.021411
RAB33B,-0.12996
RAB34,-0.086705
RAB35,0.057584
RAB36,-0.13647
RAB37,0.038222
RAB38,0.2742
RAB39A,0.10014
RAB39B,0.17937
RAB3A,-0.074092
RAB3B,-0.058254
RAB3C,0.0014442
RAB3D,-0.063264
RAB3GAP1,0.15273
RAB3GAP2,-0.06664
RAB3IL1,0.098396
RAB3IP,0.059329
RAB40A,0.065662
RAB40AL,-0.058056
RAB40B,-0.053315
RAB40C,-0.13568
RAB41,-0.067621
RAB42,-0.16203
RAB43,0.021177
RAB44,0.11335
RAB4A,-0.076688
RAB4B,-0.096703
RAB5A,-0.038861
RAB5B,-0.13252
RAB5C,0.332
RAB6A,0.10592
RAB6B,0.026229
RAB6C,-0.081794
RAB7A,-0.16064
RAB7B,-0.043105
RAB8A,-0.01581
RAB8B,-0.065347
RAB9A,-0.14619
RAB9B,0.18271
RABAC1,-0.077494
RABEP1,0.24554
RABEP2,0.12613
RABEPK,-0.072986
RABGAP1,-0.41328
RABGAP1L,-0.0085408
RABGEF1,0.29601
RABGGTA,0.24749
RABGGTB,-0.065013
RABIF,-0.0055483
RABL2A,0.061191
RABL2B,0.039448
RABL3,0.058694
RABL6,-0.071797
RAC1,0.017158
RAC2,-1.1531
RAC3,-0.035259
RACGAP1,0.25204
RAD1,-0.076984
RAD17,-0.096802
RAD18,0.041987
RAD21,0.080238
RAD21L1,0.026925
RAD23A,-0.025897
RAD23B,-0.091927
RAD50,-0.052087
RAD51,0.27451
RAD51AP1,0.022266
RAD51AP2,-0.055269
RAD51B,0.0045992
RAD51C,0.59307
RAD51D,0.27094
RAD52,-0.045991
RAD54B,-0.093026
RAD54L,-0.063429
RAD54L2,-0.11613
RAD9A,0.023975
RAD9B,-0.30626
RADIL,-0.035179
RAE1,0.4234
RAET1E,-0.074144
RAET1G,-0.13277
RAET1L,0.024197
RAF1,0.22884
RAG1,-0.040163
RAG2,-0.11231
RAI1,0.12328
RAI14,0.039218
RAI2,0.096937
RALA,-0.14144
RALB,0.13521
RALBP1,0.057437
RALGAPA1,0.059793
RALGAPA2,-0.12151
RALGAPB,0.32782
RALGDS,-0.00795
RALGPS1,-0.012507
RALGPS2,0.01128
RALY,0.17953
RALYL,0.15437
RAMP1,-0.054047
RAMP2,-0.16268
RAMP3,0.059702
RAN,0.12271
RANBP1,0.12719
RANBP10,0.24939
RANBP17,0.12307
RANBP2,0.20842
RANBP3,-0.12722
RANBP3L,0.15488
RANBP6,-0.038381
RANBP9,-0.016859
RANGAP1,-0.018446
RANGRF,0.026406
RAP1A,0.38127
RAP1B,0.26331
RAP1GAP,-0.14485
RAP1GAP2,0.071895
RAP1GDS1,-0.22004
RAP2A,0.082251
RAP2B,-0.070982
RAP2C,0.033836
RAPGEF1,0.18621
RAPGEF2,-0.14702
RAPGEF3,-0.008567
RAPGEF4,0.083954
RAPGEF5,-0.10948
RAPGEF6,-0.41656
RAPGEFL1,0.0082594
RAPH1,-0.21098
RAPSN,-0.024165
RARA,0.17696
RARB,-0.080601
RARG,-0.0010116
RARRES1,-0.058356
RARRES2,-0.17326
RARRES3,-0.021695
RARS,-0.036584
RARS2,0.028205
RASA1,0.12375
RASA2,0.85893
RASA3,-0.056615
RASA4,-0.047133
RASA4B,0.21132
RASAL1,0.10761
RASAL2,-0.011824
RASAL3,-0.069881
RASD1,-0.095703
RASD2,0.23304
RASEF,0.023631
RASGEF1A,0.16461
RASGEF1B,0.013618
RASGEF1C,-0.090198
RASGRF1,-0.099683
RASGRF2,0.01391
RASGRP1,0.19941
RASGRP2,-0.2011
RASGRP3,0.0020292
RASGRP4,0.039352
RASIP1,0.18268
RASL10A,-0.012653
RASL10B,-0.0010368
RASL11A,-0.020673
RASL11B,-0.031165
RASL12,0.018521
RASSF1,-0.12806
RASSF10,0.13332
RASSF2,0.038087
RASSF3,-0.064967
RASSF4,0.16673
RASSF5,-0.17744
RASSF6,-0.19333
RASSF7,-0.082359
RASSF8,0.0082943
RASSF9,-0.12464
RAVER1,0.24853
RAVER2,-0.16928
RAX,-0.242
RAX2,-0.25634
RB1,0.02006
RB1CC1,0.28631
RBAK,-0.2127
RBBP4,0.097163
RBBP5,-0.059382
RBBP6,-0.014966
RBBP7,-0.0092625
RBBP8,-0.049867
RBBP8NL,0.10293
RBBP9,-0.050629
RBCK1,-0.25497
RBFA,-0.11572
RBFOX1,-0.076119
RBFOX2,-0.086388
RBFOX3,-0.064838
RBKS,0.062284
RBL1,0.18617
RBL2,0.038938
RBM10,0.073474
RBM11,0.1164
RBM12B,0.11236
RBM14,0.61639
RBM15,-0.10609
RBM15B,-0.062608
RBM17,0.0039998
RBM18,0.18782
RBM19,0.14128
RBM20,-0.018056
RBM22,0.61349
RBM23,-0.091065
RBM24,-0.074923
RBM25,0.46968
RBM26,-0.14599
RBM27,-0.21652
RBM28,0.31673
RBM3,0.024422
RBM33,-0.04361
RBM34,0.21666
RBM38,0.24494
RBM39,0.32944
RBM4,-0.077037
RBM41,-0.029793
RBM42,0.65238
RBM43,0.1637
RBM44,0.16184
RBM45,0.14739
RBM46,0.17865
RBM47,-0.12206
RBM48,0.26252
RBM4B,0.15521
RBM5,0.28401
RBM6,-0.088713
RBM7,-0.017385
RBM8A,0.32923
RBMS1,-0.13017
RBMS2,0.0071573
RBMS3,0.022566
RBMX,0.29884
RBMX2,-0.18652
RBMXL1,-0.058029
RBMXL2,-0.28211
RBMXL3,-0.0093906
RBMY1A1,-0.15521
RBMY1F,-0.2312
RBMY1J,-0.093072
RBP1,-0.085729
RBP2,0.025268
RBP3,0.016709
RBP4,0.085934
RBP5,0.037458
RBP7,0.0097104
RBPJ,-0.024087
RBPJL,-0.063209
RBPMS,0.054409
RBPMS2,0.035137
RBSN,0.68304
RBX1,0.037977
RC3H1,0.034594
RC3H2,0.071859
RCAN1,-0.15156
RCAN2,0.049366
RCAN3,0.049416
RCBTB1,0.047575
RCBTB2,0.097016
RCC1,-0.05505
RCC1L,-0.10876
RCC2,-0.08389
RCCD1,-0.10596
RCE1,-0.15015
RCHY1,0.2453
RCL1,0.62763
RCN1,0.18624
RCN2,0.024658
RCN3,-0.21284
RCOR1,0.13906
RCOR2,-0.040661
RCOR3,0.20812
RCSD1,0.16423
RCVRN,-0.062667
RD3,0.22431
RD3L,0.024274
RDH10,-0.17384
RDH11,-0.013049
RDH12,0.12323
RDH13,-0.11161
RDH14,0.0050598
RDH16,-0.14686
RDH5,-0.17866
RDH8,0.09554
RDM1,0.00097264
RDX,-0.0084911
REC114,0.0166
REC8,0.0067938
RECK,0.36968
RECQL,0.015221
RECQL4,0.30584
RECQL5,-0.025018
REEP1,0.19329
REEP2,0.05926
REEP3,0.020414
REEP4,-0.16274
REEP5,-0.051522
REEP6,-0.053506
REG1A,0.049866
REG1B,-0.17565
REG3A,-0.12351
REG3G,-0.019614
REG4,0.07279
REL,-0.27319
RELA,-0.27981
RELB,-0.0057364
RELL1,0.0076507
RELL2,0.097758
RELN,0.29185
RELT,-0.14479
REM1,0.02414
REM2,0.0073763
REN,-0.021851
RENBP,-0.089113
REP15,-0.050651
REPIN1,-0.2217
REPS1,-0.050704
REPS2,0.028416
RER1,0.15613
RERE,-0.31732
RERG,-0.11668
RERGL,-0.13304
RESP18,-0.14602
REST,0.06455
RET,0.23981
RETN,0.15033
RETNLB,-0.078799
RETREG1,-0.13305
RETREG2,-0.13573
RETREG3,-0.18574
RETSAT,-0.043752
REV1,0.17706
REV3L,0.17006
REXO1,-0.27053
REXO2,0.032352
REXO4,-0.29464
REXO5,0.018536
RFC1,0.46215
RFC2,0.30456
RFC3,0.49916
RFC4,0.40663
RFC5,0.44367
RFESD,-0.046224
RFFL,-0.18736
RFK,0.0075131
RFLNA,0.33383
RFLNB,0.17278
RFNG,0.059244
RFPL1,0.11432
RFPL2,-0.019354
RFPL3,-0.030517
RFPL4A,0.10802
RFPL4AL1,-0.12501
RFPL4B,-0.14808
RFT1,0.030159
RFTN1,0.13449
RFTN2,0.0032195
RFWD2,0.017287
RFWD3,-0.0011699
RFX1,0.33226
RFX2,0.019035
RFX3,-0.10402
RFX4,-0.034817
RFX5,-0.0042944
RFX6,0.02269
RFX7,0.034551
RFX8,-0.032546
RFXANK,-0.14589
RFXAP,-0.10647
RGCC,-0.043035
RGL1,0.066217
RGL2,-0.040574
RGL3,-0.11805
RGL4,0.21619
RGMA,0.025992
RGMB,0.023842
RGN,-0.026956
RGP1,-0.012911
RGPD1,0.017477
RGPD2,-0.15599
RGPD3,-0.24335
RGPD4,0.08214
RGPD5,-0.030774
RGPD6,0.083009
RGPD8,-0.0056427
RGR,-0.059275
RGS1,-0.086708
RGS10,0.17255
RGS11,0.047336
RGS12,0.094566
RGS13,0.034018
RGS14,-0.09607
RGS16,0.16613
RGS17,0.048774
RGS18,-0.37622
RGS19,-0.013176
RGS2,-0.072931
RGS20,-0.17676
RGS21,0.030091
RGS22,-0.038075
RGS3,-0.047199
RGS4,0.053562
RGS5,0.0083258
RGS6,-0.15267
RGS7,0.10937
RGS7BP,-0.07117
RGS8,0.13391
RGS9,0.027075
RGS9BP,0.045606
RGSL1,-0.13618
RHAG,-0.36975
RHBDD1,0.024897
RHBDD2,-0.069597
RHBDD3,0.082529
RHBDF1,0.033669
RHBDF2,0.13592
RHBDL1,-0.030375
RHBDL2,0.22587
RHBDL3,-0.0010661
RHBG,0.18444
RHCE,-0.072609
RHCG,0.069382
RHD,-0.046905
RHEB,0.032306
RHEBL1,0.040658
RHO,0.0021433
RHOA,-0.27356
RHOB,-0.055498
RHOBTB1,0.0038046
RHOBTB2,0.016642
RHOBTB3,0.093754
RHOC,-0.15264
RHOD,-0.047714
RHOF,0.077237
RHOG,-0.57695
RHOH,-0.21886
RHOJ,-0.078928
RHOQ,0.021322
RHOT1,-0.032496
RHOT2,0.039141
RHOU,-0.11532
RHOV,0.0030667
RHOXF1,0.0031134
RHOXF2,-0.17818
RHPN1,-0.068518
RHPN2,-0.082696
RIBC1,0.042922
RIBC2,-0.085919
RIC1,0.33978
RIC3,-0.21743
RIC8A,-0.035423
RIC8B,0.135
RICTOR,-0.06426
RIF1,0.087184
RIIAD1,-0.057417
RILP,0.044374
RILPL1,0.18055
RILPL2,-0.14329
RIMBP2,-0.077441
RIMBP3,0.097848
RIMBP3B,0.0824
RIMKLA,-0.059322
RIMKLB,0.009802
RIMS1,-0.081538
RIMS2,-0.10775
RIMS3,-0.2019
RIMS4,0.0075662
RIN1,-0.095407
RIN2,-0.04983
RIN3,0.079924
RING1,0.009872
RINL,-0.11251
RINT1,0.0015367
RIOK1,0.037582
RIOK2,0.42436
RIOK3,-0.10664
RIOX1,-0.082456
RIOX2,-0.11266
RIPK1,0.28549
RIPK2,-0.16859
RIPK3,-0.13572
RIPK4,0.026799
RIPOR1,0.18958
RIPOR2,-0.5006
RIPOR3,-0.1447
RIPPLY1,-0.096505
RIPPLY2,-0.11819
RIPPLY3,-0.00032897
RIT1,0.098699
RIT2,0.071726
RITA1,-0.020745
RLBP1,0.051189
RLF,-0.093382
RLIM,-0.14558
RLN1,0.058561
RLN2,-0.030349
RLN3,0.062535
RMDN1,0.05343
RMDN2,0.13582
RMDN3,-0.070035
RMI1,0.10226
RMI2,0.0037004
RMND1,0.073738
RMND5A,0.461
RMND5B,-0.26554
RNASE1,0.15752
RNASE10,-0.032502
RNASE11,0.091801
RNASE12,-0.1271
RNASE13,-0.18386
RNASE2,0.028597
RNASE3,0.17466
RNASE6,0.040693
RNASE7,-0.1516
RNASE8,-0.10048
RNASE9,-0.064052
RNASEH1,-0.040593
RNASEH2A,-0.11324
RNASEH2B,0.12558
RNASEH2C,-0.096424
RNASEK,-0.030891
RNASEL,-0.075241
RNASET2,-0.11233
RND1,-0.086209
RND2,0.16991
RND3,-0.070553
RNF10,-0.068276
RNF103,-0.029561
RNF103-CHMP3,0.067836
RNF11,-0.13504
RNF111,-0.089762
RNF112,-0.046263
RNF113A,0.27802
RNF113B,0.030157
RNF114,0.17546
RNF115,-0.020553
RNF121,-0.068098
RNF122,-0.06069
RNF123,-0.0249
RNF125,-0.11349
RNF126,-0.10758
RNF128,0.080432
RNF13,0.077966
RNF130,-0.14976
RNF133,-0.092652
RNF135,-0.1811
RNF138,0.066069
RNF139,-0.11484
RNF14,-0.037103
RNF141,0.016388
RNF144A,-0.11588
RNF144B,0.073733
RNF145,0.23987
RNF146,-0.33644
RNF148,-0.011506
RNF149,0.13508
RNF150,0.070201
RNF151,0.067021
RNF152,-0.061829
RNF157,0.24921
RNF165,-0.27068
RNF166,0.067846
RNF167,-0.048201
RNF168,0.16348
RNF169,-0.075985
RNF17,-0.13859
RNF170,0.10659
RNF175,-0.18876
RNF180,0.050369
RNF181,0.16526
RNF182,0.19995
RNF183,-0.14129
RNF185,-0.13523
RNF186,0.08157
RNF187,0.073072
RNF19A,0.14672
RNF19B,-0.079242
RNF2,0.28722
RNF20,0.9507
RNF207,-0.041521
RNF208,0.062049
RNF212,0.13388
RNF212B,0.033208
RNF213,-0.14794
RNF214,0.3102
RNF215,0.22043
RNF216,-0.16482
RNF217,-0.033267
RNF219,0.036709
RNF220,-0.10547
RNF222,0.038415
RNF223,0.15469
RNF224,-0.034748
RNF225,0.00055823
RNF24,0.0055801
RNF25,0.27469
RNF26,0.15634
RNF31,0.071806
RNF32,-0.27541
RNF34,-0.024506
RNF38,0.04891
RNF39,-0.080683
RNF4,0.083875
RNF40,1.032
RNF41,0.25088
RNF43,-0.14966
RNF44,-0.019413
RNF5,-0.11414
RNF6,0.1522
RNF7,0.033169
RNF8,0.067535
RNFT1,0.093268
RNFT2,-0.0057353
RNGTT,0.027304
RNH1,0.12792
RNLS,-0.011996
RNMT,-0.085072
RNPC3,-0.017785
RNPEP,0.098054
RNPEPL1,0.01311
RNPS1,0.023663
ROBO1,0.017549
ROBO2,0.011287
ROBO3,-0.15318
ROBO4,-0.18391
ROCK1,0.10529
ROCK2,-0.074814
ROGDI,-0.028745
ROM1,-0.19968
ROMO1,0.15049
ROPN1,-0.05283
ROPN1B,0.074491
ROPN1L,-0.024308
ROR1,-0.31728
ROR2,-0.099465
RORA,0.10465
RORB,-0.26813
RORC,0.017731
ROS1,0.0019805
RP1,-0.048279
RP1L1,-0.075592
RP2,-0.12881
RP9,-0.056154
RPA1,0.22904
RPA2,0.20762
RPA3,-0.018712
RPA4,-0.091339
RPAIN,-0.038092
RPAP1,-0.0058243
RPAP2,-0.18803
RPAP3,0.070767
RPE,0.021476
RPE65,-0.15941
RPEL1,-0.11294
RPF1,0.42714
RPF2,0.44494
RPGR,-0.061612
RPGRIP1,-0.090757
RPGRIP1L,0.15077
RPH3A,-0.008758
RPH3AL,0.24043
RPIA,0.20507
RPL10,0.71376
RPL10A,0.86359
RPL10L,-0.16434
RPL11,0.046221
RPL12,0.33573
RPL13,0.64954
RPL13A,0.68174
RPL14,0.60828
RPL15,0.92308
RPL17,0.48554
RPL17-C18orf32,-0.18911
RPL18,0.77455
RPL18A,0.31208
RPL19,1.2056
RPL21,0.33179
RPL22,-0.2338
RPL22L1,0.13608
RPL23,0.087251
RPL23A,0.7911
RPL24,0.77733
RPL26,0.99306
RPL26L1,-0.13882
RPL27,0.87409
RPL27A,0.2734
RPL28,0.33858
RPL29,0.029717
RPL3,0.42418
RPL30,0.72454
RPL31,0.39774
RPL32,0.67605
RPL34,0.67099
RPL35,0.98263
RPL35A,0.28537
RPL36,0.71602
RPL36A,0.013716
RPL36A-HNRNPH2,0.074497
RPL36AL,0.055109
RPL37,0.68446
RPL37A,0.7314
RPL38,1.0863
RPL39,0.41035
RPL39L,-0.036532
RPL3L,-0.040703
RPL4,0.34618
RPL41,-0.31928
RPL5,0.098458
RPL6,0.61968
RPL7,0.31451
RPL7A,0.60798
RPL7L1,0.04238
RPL8,0.81099
RPL9,0.4431
RPLP0,0.25585
RPLP1,0.66193
RPLP2,0.51805
RPN1,-0.018131
RPN2,-0.47427
RPP14,0.10457
RPP21,-0.1641
RPP25,-0.035353
RPP25L,-0.1845
RPP30,0.24023
RPP38,-0.021111
RPP40,0.17914
RPRD1A,0.0011411
RPRD1B,0.32658
RPRD2,0.14321
RPRM,-0.029522
RPRML,0.15305
RPS10,0.66913
RPS10-NUDT3,0.17809
RPS11,0.63731
RPS12,0.17717
RPS13,0.92491
RPS14,0.59932
RPS15,0.2758
RPS15A,0.20883
RPS16,0.37759
RPS17,0.82364
RPS18,0.45801
RPS19,0.22907
RPS19BP1,0.33448
RPS2,0.33243
RPS20,0.43328
RPS21,0.41547
RPS23,0.43396
RPS24,0.82772
RPS25,0.49069
RPS26,0.010248
RPS27,0.12923
RPS27A,0.47663
RPS27L,0.04028
RPS28,-0.16369
RPS29,0.2279
RPS3,0.54166
RPS3A,0.38784
RPS4X,0.7002
RPS4Y1,0.068913
RPS4Y2,0.18033
RPS5,0.90348
RPS6,0.47048
RPS6KA1,-0.073823
RPS6KA2,-0.031454
RPS6KA3,0.014936
RPS6KA4,-0.079934
RPS6KA5,-0.067687
RPS6KA6,0.1194
RPS6KB1,0.13356
RPS6KB2,-0.01298
RPS6KC1,0.11618
RPS6KL1,0.18726
RPS7,1.0216
RPS8,0.68948
RPS9,0.12483
RPSA,0.28251
RPTN,-0.011976
RPTOR,0.029012
RPUSD1,-0.017412
RPUSD2,0.13745
RPUSD3,-0.039124
RPUSD4,-0.074031
RRAD,0.10672
RRAGA,0.091091
RRAGB,-0.061885
RRAGC,0.28669
RRAGD,-0.096088
RRAS,0.097199
RRAS2,-0.28301
RRBP1,0.05055
RREB1,0.080469
RRH,-0.13546
RRM1,0.32315
RRM2,0.49593
RRM2B,0.1313
RRN3,0.35156
RRNAD1,0.14874
RRP1,0.36217
RRP12,0.16499
RRP15,0.23955
RRP1B,0.025606
RRP36,0.22858
RRP7A,0.38129
RRP8,0.076756
RRP9,0.40172
RRS1,0.20351
RS1,-0.10004
RSAD1,-0.13365
RSAD2,-0.11268
RSBN1,0.087552
RSBN1L,0.030471
RSC1A1,0.056646
RSF1,-0.058931
RSG1,0.033412
RSL1D1,0.27677
RSL24D1,0.11422
RSPH1,0.026766
RSPH10B,0.0028414
RSPH10B2,0.16408
RSPH14,0.028512
RSPH3,-0.23884
RSPH4A,0.018677
RSPH6A,0.037122
RSPH9,-0.092257
RSPO1,-0.18734
RSPO2,0.19856
RSPO3,-0.018662
RSPO4,-0.055891
RSPRY1,-0.032891
RSRC1,0.0087086
RSRC2,0.099552
RSRP1,-0.11505
RSU1,0.12229
RTBDN,-0.21358
RTCA,-0.018042
RTCB,0.0060227
RTEL1,0.44838
RTF1,0.036232
RTFDC1,0.44155
RTKN,-0.12626
RTKN2,-0.11402
RTL1,0.0037313
RTL3,0.11604
RTL4,0.185
RTL5,0.042029
RTL6,0.23747
RTL8A,-0.058284
RTL8B,-0.15655
RTL8C,-0.049629
RTL9,-0.084014
RTN1,-0.038279
RTN2,-0.11677
RTN3,0.12127
RTN4,-0.16248
RTN4IP1,-0.019823
RTN4R,-0.14959
RTN4RL1,-0.14929
RTN4RL2,-0.086432
RTP1,-0.015152
RTP2,-0.051273
RTP3,-0.089599
RTP4,-0.0023574
RTP5,0.045865
RTTN,0.022108
RUBCNL,0.007492
RUFY1,0.067418
RUFY2,-0.024918
RUFY3,-0.078022
RUFY4,-0.2841
RUNDC1,-0.12683
RUNDC3A,0.11622
RUNDC3B,-0.12932
RUNX1,0.24192
RUNX1T1,-0.084438
RUNX2,0.061934
RUNX3,-0.15339
RUSC1,0.0053676
RUSC1-AS1,-0.016848
RUSC2,-0.080449
RUVBL1,0.55881
RUVBL2,0.58122
RWDD1,-0.13558
RWDD2A,0.0086937
RWDD2B,0.093253
RWDD3,-0.081186
RWDD4,0.11229
RXFP1,-0.040397
RXFP2,0.044182
RXFP3,0.051211
RXFP4,-0.16757
RXRA,0.18034
RXRB,0.12898
RXRG,0.018602
RYBP,0.10729
RYK,-0.2176
RYR1,-0.12949
RYR2,0.18301
RYR3,-0.007853
S100A1,0.1368
S100A10,-0.075576
S100A11,-0.0026806
S100A12,0.0062985
S100A13,-0.15488
S100A14,0.095616
S100A16,-0.13478
S100A2,-0.09511
S100A3,-0.046985
S100A4,-0.066266
S100A5,-0.050604
S100A6,0.041494
S100A7,0.080001
S100A7A,-0.013986
S100A7L2,-0.094437
S100A8,0.0054611
S100A9,-0.21523
S100B,0.10281
S100G,0.033895
S100P,-0.0016037
S100PBP,0.14228
S100Z,-0.015428
S1PR1,0.12939
S1PR2,-0.16958
S1PR3,-0.092835
S1PR4,0.080903
S1PR5,-0.14849
SAA1,-0.073758
SAA2,-0.18548
SAA4,0.051185
SAAL1,0.017062
SAC3D1,0.061415
SACM1L,-0.097747
SACS,-0.040727
SAE1,-0.031555
SAFB,0.19949
SAFB2,0.020429
SAG,-0.091801
SAGE1,-0.0039078
SALL1,-0.11301
SALL2,0.025542
SALL3,0.086473
SALL4,-0.092336
SAMD1,-0.091175
SAMD10,-0.047539
SAMD11,-0.031659
SAMD12,0.15446
SAMD13,-0.14906
SAMD14,-0.035233
SAMD15,-0.052232
SAMD3,-0.1543
SAMD4A,-0.091046
SAMD4B,0.10458
SAMD5,0.012345
SAMD7,0.020812
SAMD8,0.22405
SAMD9,-0.08133
SAMD9L,0.01449
SAMHD1,-0.022671
SAMM50,0.37899
SAMSN1,-0.16636
SAP130,0.13845
SAP18,0.14005
SAP25,-0.046915
SAP30,0.1922
SAP30BP,0.25966
SAP30L,0.18748
SAPCD1,-0.14019
SAPCD2,0.032095
SAR1A,0.003928
SAR1B,-0.15829
SARAF,0.11133
SARDH,-0.088775
SARM1,0.049349
SARNP,0.0015404
SARS,0.20553
SARS2,-0.075418
SART1,0.63492
SART3,0.26696
SASH1,-0.038336
SASH3,0.067067
SASS6,-0.075031
SAT1,0.13652
SAT2,-0.10952
SATB1,-0.054869
SATB2,-0.032515
SATL1,-0.082536
SAV1,0.048007
SAXO1,-0.30879
SAXO2,0.015106
SAYSD1,-0.054222
SBDS,0.19261
SBF1,0.094451
SBF2,0.15056
SBK1,0.045287
SBK2,-0.11385
SBK3,-0.28427
SBNO1,-0.028977
SBNO2,0.15914
SBSN,-0.19046
SBSPON,0.050187
SC5D,-0.10906
SCAF1,0.068812
SCAF11,-0.067434
SCAF4,-0.036224
SCAF8,0.13117
SCAI,0.034234
SCAMP1,-0.10467
SCAMP2,-0.12008
SCAMP3,0.060981
SCAMP4,0.097496
SCAMP5,0.071681
SCAND1,0.22963
SCAP,0.1235
SCAPER,0.13266
SCARA3,-0.050388
SCARA5,0.023956
SCARB1,0.068351
SCARB2,-0.049708
SCARF1,-0.014863
SCARF2,-0.046342
SCCPDH,-0.25497
SCD,0.2683
SCD5,0.076818
SCEL,0.036215
SCFD1,0.46014
SCFD2,-0.014986
SCG2,0.11605
SCG3,-0.027952
SCG5,-0.039288
SCGB1A1,-0.064613
SCGB1C1,-0.14901
SCGB1C2,0.076245
SCGB1D1,0.12841
SCGB1D2,-0.034224
SCGB1D4,-0.11472
SCGB2A1,-0.030402
SCGB2A2,-0.097955
SCGB2B2,-0.082924
SCGB3A1,0.078122
SCGB3A2,0.0025416
SCGN,0.054024
SCHIP1,-0.091259
SCIMP,-0.15471
SCIN,-0.17446
SCLT1,0.20356
SCLY,0.022289
SCMH1,0.014165
SCML1,-0.038873
SCML2,-0.068677
SCML4,0.00178
SCN10A,0.12147
SCN11A,-0.22155
SCN1A,-0.14162
SCN1B,0.18789
SCN2A,0.20159
SCN2B,-0.0066838
SCN3A,-0.085677
SCN3B,-0.13622
SCN4A,-0.20042
SCN4B,-0.081113
SCN5A,0.18078
SCN7A,-0.070291
SCN8A,-0.079167
SCN9A,0.084438
SCNM1,-0.1413
SCNN1A,-0.19133
SCNN1B,-0.06481
SCNN1D,-0.064717
SCNN1G,-0.014264
SCO1,0.091456
SCO2,0.091935
SCOC,0.050945
SCP2,0.021042
SCP2D1,-0.062985
SCPEP1,-0.0080858
SCRG1,-0.12137
SCRIB,-0.69826
SCRN1,0.053856
SCRN2,-0.059411
SCRN3,0.14207
SCRT1,-0.02086
SCRT2,0.0046918
SCT,-0.045238
SCTR,-0.013584
SCUBE1,0.047358
SCUBE2,0.036747
SCUBE3,0.18107
SCX,0.31122
SCYL1,0.034752
SCYL2,0.080577
SCYL3,-0.08944
SDAD1,0.64364
SDC1,0.0050923
SDC2,-0.023134
SDC3,-0.049249
SDC4,-0.1048
SDCBP,0.13294
SDCBP2,0.01882
SDCCAG3,0.073052
SDCCAG8,0.1229
SDE2,0.30934
SDF2,-0.1078
SDF2L1,-0.031931
SDF4,-0.31451
SDHA,-0.017286
SDHAF1,0.071587
SDHAF2,0.1714
SDHAF3,-0.13896
SDHAF4,-0.2072
SDHB,0.21683
SDHC,0.38028
SDHD,0.19894
SDK1,0.041275
SDK2,0.060386
SDR16C5,0.00151
SDR39U1,-0.049585
SDR42E1,-0.23008
SDR42E2,-0.16098
SDR9C7,0.021051
SDS,-0.092917
SDSL,-0.089561
SEBOX,-0.13121
SEC11A,-0.10027
SEC11C,0.058191
SEC13,0.18842
SEC14L1,0.025076
SEC14L2,0.19375
SEC14L3,-0.090951
SEC14L4,0.01704
SEC14L5,0.092612
SEC14L6,0.1267
SEC16A,-0.034638
SEC16B,0.044217
SEC22A,0.017532
SEC22B,0.049865
SEC22C,0.080886
SEC23A,0.27016
SEC23B,0.075106
SEC23IP,0.071798
SEC24A,0.027123
SEC24B,0.013702
SEC24C,0.0033201
SEC24D,0.22719
SEC31A,0.09317
SEC31B,0.085402
SEC61A1,-0.17194
SEC61A2,-0.015952
SEC61B,-0.36612
SEC61G,-0.13451
SEC62,-0.12583
SEC63,0.25928
SECISBP2,0.055356
SECISBP2L,0.22117
SECTM1,-0.011807
SEH1L,-0.29384
SEL1L,-0.055163
SEL1L2,0.0057888
SEL1L3,-0.057609
SELE,0.029529
SELENBP1,-0.10742
SELENOF,-0.015144
SELENOH,0.046999
SELENOI,-0.21129
SELENOK,0.10357
SELENOM,0.01238
SELENON,-0.013896
SELENOO,-0.18567
SELENOP,-0.05305
SELENOS,0.10824
SELENOT,-0.025608
SELENOV,0.10287
SELENOW,0.045376
SELL,0.12327
SELP,-0.29108
SELPLG,-0.1048
SEM1,0.35038
SEMA3A,0.050273
SEMA3B,-0.0068845
SEMA3C,0.041424
SEMA3D,-0.13002
SEMA3E,-0.12934
SEMA3F,0.26283
SEMA3G,-0.081049
SEMA4A,-0.015664
SEMA4B,-0.16051
SEMA4C,-0.08113
SEMA4D,0.22898
SEMA4F,-0.31447
SEMA4G,0.14422
SEMA5A,0.21836
SEMA5B,-0.1096
SEMA6A,0.20946
SEMA6B,0.086328
SEMA6C,0.0090792
SEMA6D,-0.073631
SEMA7A,0.046052
SEMG1,-0.090069
SEMG2,-0.14914
SENP1,0.06458
SENP2,-0.1239
SENP3,-0.01007
SENP5,-0.14317
SENP6,-0.066683
SENP7,-0.11327
SENP8,-0.36792
SEPHS1,0.28938
SEPHS2,0.041095
SEPSECS,0.18041
SEPT1,0.024612
SEPT10,0.011973
SEPT11,0.23886
SEPT12,0.035819
SEPT14,-0.084346
SEPT2,0.18469
SEPT3,-0.036794
SEPT4,0.25092
SEPT5,-0.084974
SEPT6,0.068465
SEPT7,0.074859
SEPT8,-0.021146
SEPT9,0.10668
SERAC1,-0.27993
SERBP1,0.33158
SERF1A,0.0082133
SERF2,0.078247
SERGEF,-0.024679
SERHL2,0.23282
SERINC1,0.010965
SERINC2,0.10436
SERINC3,0.031455
SERINC4,-0.12633
SERINC5,0.29513
SERP1,-0.12813
SERP2,0.014386
SERPINA1,-0.08823
SERPINA10,-0.30268
SERPINA11,0.17385
SERPINA12,-0.03849
SERPINA2,0.040486
SERPINA3,-0.12345
SERPINA4,0.11721
SERPINA5,-0.01588
SERPINA6,-0.11644
SERPINA7,-0.035849
SERPINA9,-0.05309
SERPINB1,0.070242
SERPINB10,-0.097718
SERPINB11,-0.023671
SERPINB12,0.099814
SERPINB13,-0.13222
SERPINB2,-0.20978
SERPINB3,-0.069517
SERPINB4,0.11278
SERPINB5,-0.15891
SERPINB6,0.17472
SERPINB7,-0.12188
SERPINB8,-0.040105
SERPINB9,0.092321
SERPINC1,-0.015579
SERPIND1,-0.14473
SERPINE1,-0.10106
SERPINE2,0.093711
SERPINE3,0.089275
SERPINF1,-0.031383
SERPINF2,-0.348
SERPING1,0.029176
SERPINH1,-0.0075347
SERPINI1,0.0804
SERPINI2,0.068519
SERTAD1,0.066554
SERTAD2,0.13846
SERTAD3,-0.07807
SERTAD4,0.015718
SERTM1,-0.029601
SESN1,-0.074506
SESN2,0.032203
SESN3,-0.13647
SESTD1,-0.10466
SET,-0.12247
SETBP1,0.078511
SETD1A,0.2782
SETD1B,-0.10968
SETD2,0.07474
SETD3,-0.086507
SETD4,-0.063115
SETD5,-0.16908
SETD6,-0.18678
SETD7,-0.0049899
SETD9,0.07477
SETDB1,0.082614
SETDB2,0.14944
SETMAR,-0.041679
SETSIP,-0.023507
SETX,0.21526
SEZ6,-0.037831
SEZ6L,0.20953
SEZ6L2,-0.016141
SF1,0.068643
SF3A1,0.16884
SF3A2,0.64724
SF3A3,0.33665
SF3B1,0.30481
SF3B2,0.28804
SF3B3,0.36213
SF3B4,0.18031
SF3B5,0.26283
SF3B6,0.087842
SFI1,0.19791
SFMBT1,-0.14599
SFMBT2,0.050263
SFN,0.19005
SFPQ,-0.10643
SFR1,-0.055212
SFRP1,-0.095812
SFRP2,-0.11155
SFRP4,0.057375
SFRP5,0.066316
SFSWAP,0.021052
SFT2D1,-0.25687
SFT2D3,0.077527
SFTA2,0.00060443
SFTA3,0.11118
SFTPA1,0.05223
SFTPA2,0.064198
SFTPB,0.11195
SFTPC,-0.069772
SFTPD,0.051771
SFXN1,0.034574
SFXN2,-0.074451
SFXN3,-0.16559
SFXN4,-0.11067
SFXN5,0.024008
SGCA,0.00042332
SGCB,0.28047
SGCD,0.13908
SGCE,-0.010804
SGCG,-0.14599
SGCZ,0.1403
SGIP1,-0.065172
SGK1,-0.0013337
SGK2,-0.15007
SGK3,0.37259
SGK494,-0.18012
SGMS1,-0.068433
SGMS2,0.071282
SGO1,0.36201
SGO2,-0.048337
SGPL1,-0.083262
SGPP1,-0.1033
SGPP2,-0.083876
SGSH,0.12971
SGSM1,-0.062899
SGSM2,-0.086535
SGSM3,-0.068329
SGTA,-0.012257
SGTB,0.024504
SH2B1,-0.029015
SH2B2,-0.14561
SH2B3,0.033967
SH2D1A,-0.33865
SH2D1B,0.1809
SH2D2A,0.2481
SH2D3A,-0.23417
SH2D3C,0.026992
SH2D4A,-0.0058831
SH2D4B,0.22551
SH2D5,-0.13082
SH2D6,-0.11215
SH2D7,-0.0091088
SH3BGR,0.15603
SH3BGRL,0.031914
SH3BGRL2,0.090229
SH3BGRL3,-0.034747
SH3BP1,0.072673
SH3BP2,-0.11788
SH3BP4,0.05628
SH3BP5,0.17998
SH3BP5L,-0.13238
SH3D19,-0.19952
SH3D21,0.087429
SH3GL1,0.047221
SH3GL2,-0.24685
SH3GL3,0.12171
SH3GLB1,0.0052918
SH3GLB2,-0.071007
SH3KBP1,0.081113
SH3PXD2A,-0.065719
SH3PXD2B,0.011343
SH3RF1,-0.054137
SH3RF2,0.052436
SH3RF3,-0.14988
SH3TC1,0.19243
SH3TC2,-0.0012454
SH3YL1,-0.01473
SHANK1,-0.089651
SHANK2,0.1585
SHANK3,0.092604
SHARPIN,-0.079011
SHB,-0.011329
SHBG,0.11538
SHC1,0.11829
SHC2,0.17764
SHC3,-0.123
SHC4,-0.0064081
SHCBP1,-0.16674
SHCBP1L,-0.1624
SHD,0.11656
SHE,0.058618
SHF,0.093353
SHH,0.13141
SHISA2,-0.012354
SHISA3,0.020689
SHISA4,-0.028274
SHISA5,-0.0055286
SHISA6,0.0047918
SHISA7,-0.074763
SHISA8,-0.0020738
SHISA9,-0.068533
SHKBP1,0.061531
SHMT1,0.13849
SHMT2,0.17869
SHOC2,-0.76584
SHOX,0.05685
SHOX2,0.029928
SHPRH,-0.029566
SHQ1,0.0075939
SHROOM1,-0.090787
SHROOM2,0.1359
SHROOM3,-0.14375
SHROOM4,0.14669
SHTN1,0.13711
SI,-0.051974
SIAE,-0.034262
SIAH1,0.014858
SIAH2,0.028943
SIAH3,0.11412
SIDT1,-0.18747
SIDT2,-0.039494
SIGIRR,-0.17493
SIGLEC1,0.14616
SIGLEC10,0.0039676
SIGLEC11,-0.17947
SIGLEC12,0.087348
SIGLEC14,-0.036235
SIGLEC15,-0.028975
SIGLEC5,-0.05735
SIGLEC6,-0.045845
SIGLEC7,-0.047244
SIGLEC8,-0.053211
SIGLEC9,0.067502
SIGLECL1,-0.08876
SIGMAR1,-0.025118
SIK1,-0.13641
SIK2,-0.1426
SIK3,-0.16367
SIKE1,0.051118
SIL1,-0.054693
SIM1,-0.132
SIM2,0.051259
SIMC1,-0.064746
SIN3A,0.049536
SIN3B,-0.41614
SIPA1,-0.017142
SIPA1L1,-0.068581
SIPA1L2,-0.047584
SIPA1L3,0.23765
SIRPA,0.25003
SIRPB1,0.074837
SIRPB2,-0.22351
SIRPD,-0.16849
SIRPG,-0.15692
SIRT1,-0.016595
SIRT2,0.16038
SIRT3,-0.11486
SIRT4,0.14454
SIRT5,-0.093104
SIRT6,-0.11461
SIRT7,0.1138
SIT1,0.15296
SIVA1,0.047673
SIX1,-0.083799
SIX2,-0.012482
SIX3,-0.15646
SIX4,0.096121
SIX5,-0.083163
SIX6,0.18868
SKA1,0.097212
SKA2,0.15461
SKA3,0.16105
SKAP1,-0.20245
SKAP2,-0.098957
SKI,0.074861
SKIDA1,-0.064918
SKIL,0.07137
SKIV2L,-0.16773
SKIV2L2,0.054711
SKOR1,0.075521
SKOR2,0.059741
SKP1,0.075718
SKP2,0.37196
SLA,0.027294
SLA2,0.27974
SLAIN1,-0.060382
SLAIN2,0.087703
SLAMF1,0.18027
SLAMF6,0.94307
SLAMF7,-0.097069
SLAMF8,-0.19809
SLAMF9,-0.018129
SLBP,0.34641
SLC10A1,0.21745
SLC10A2,-0.054025
SLC10A3,-0.12648
SLC10A4,0.14315
SLC10A5,-0.066325
SLC10A6,-0.076784
SLC10A7,0.062884
SLC11A1,0.1124
SLC11A2,-0.059296
SLC12A1,-0.08696
SLC12A2,-0.062166
SLC12A3,0.022562
SLC12A4,-0.10657
SLC12A5,0.27074
SLC12A6,0.12652
SLC12A7,-0.10031
SLC12A8,-0.14968
SLC12A9,-0.081028
SLC13A1,-0.18204
SLC13A2,-0.10981
SLC13A3,0.068428
SLC13A4,-0.053596
SLC13A5,-0.075785
SLC14A1,0.14273
SLC14A2,-0.21606
SLC15A1,-0.33204
SLC15A2,-0.18475
SLC15A3,-0.032334
SLC15A4,0.10172
SLC15A5,-0.24752
SLC16A1,0.21049
SLC16A10,-0.19162
SLC16A11,-0.17413
SLC16A12,0.013367
SLC16A13,-0.022473
SLC16A14,0.047219
SLC16A2,0.2216
SLC16A3,0.035913
SLC16A4,0.036231
SLC16A5,-0.12592
SLC16A6,-0.13121
SLC16A7,0.095497
SLC16A8,-0.18427
SLC16A9,0.21257
SLC17A1,0.20513
SLC17A2,-0.19844
SLC17A3,-0.12322
SLC17A4,0.156
SLC17A5,0.050257
SLC17A6,-0.11356
SLC17A7,0.14782
SLC17A8,0.0078966
SLC17A9,-0.049295
SLC18A1,0.14976
SLC18A2,-0.020722
SLC18A3,0.22842
SLC18B1,0.22269
SLC19A1,0.0044986
SLC19A2,-0.26168
SLC19A3,-0.081111
SLC1A1,0.12489
SLC1A2,0.02222
SLC1A3,0.033487
SLC1A4,-0.057244
SLC1A5,-0.028272
SLC1A6,-0.13613
SLC1A7,-0.05757
SLC20A1,0.072979
SLC20A2,-0.0070896
SLC22A1,-0.14354
SLC22A10,-0.25381
SLC22A11,0.0089681
SLC22A12,0.015641
SLC22A13,0.048397
SLC22A14,0.0091287
SLC22A15,-0.17837
SLC22A16,-0.097296
SLC22A17,0.016191
SLC22A18,-0.13691
SLC22A18AS,-0.065799
SLC22A2,0.18324
SLC22A20,-0.024429
SLC22A23,-0.0056779
SLC22A24,-0.11132
SLC22A25,-0.028099
SLC22A3,-0.073259
SLC22A31,0.054131
SLC22A4,-0.15622
SLC22A5,-0.13932
SLC22A6,-0.093208
SLC22A7,0.04197
SLC22A8,0.11353
SLC22A9,-0.0036057
SLC23A1,0.32116
SLC23A2,-0.057362
SLC23A3,-0.093634
SLC24A1,-0.071418
SLC24A2,-0.117
SLC24A3,0.1016
SLC24A4,-0.11267
SLC24A5,0.062797
SLC25A1,-0.046797
SLC25A10,0.12989
SLC25A11,-0.015893
SLC25A12,0.15618
SLC25A13,-0.26355
SLC25A14,0.078423
SLC25A15,0.20932
SLC25A16,0.24117
SLC25A17,-0.066546
SLC25A18,0.11899
SLC25A19,0.13111
SLC25A2,0.060208
SLC25A20,-0.085102
SLC25A21,0.098423
SLC25A22,0.022449
SLC25A23,0.075193
SLC25A24,-0.045783
SLC25A25,-0.15973
SLC25A26,-0.050976
SLC25A27,0.072202
SLC25A28,0.053692
SLC25A29,-0.079329
SLC25A3,-0.035757
SLC25A30,-0.006072
SLC25A31,-0.08876
SLC25A32,0.028743
SLC25A33,-0.2616
SLC25A34,-0.043333
SLC25A35,0.10218
SLC25A36,0.056852
SLC25A37,0.15702
SLC25A38,0.0032429
SLC25A39,0.015052
SLC25A4,-0.105
SLC25A40,0.068711
SLC25A41,-0.11936
SLC25A42,-0.029619
SLC25A43,0.089148
SLC25A44,-0.11356
SLC25A45,-0.091017
SLC25A46,0.13359
SLC25A47,-0.0082453
SLC25A48,-0.18503
SLC25A5,0.095431
SLC25A51,-0.029683
SLC25A52,0.066216
SLC25A53,-0.043129
SLC25A6,-0.24621
SLC26A1,-0.15137
SLC26A10,0.04926
SLC26A11,-0.095656
SLC26A2,0.085464
SLC26A3,-0.043928
SLC26A4,0.093733
SLC26A5,-0.19195
SLC26A6,-0.12185
SLC26A7,-0.16028
SLC26A8,-0.076108
SLC26A9,-0.15711
SLC27A1,0.01281
SLC27A2,0.17777
SLC27A3,0.014209
SLC27A4,0.18879
SLC27A5,0.084292
SLC27A6,0.0060702
SLC28A1,0.086706
SLC28A2,0.017022
SLC28A3,0.010687
SLC29A1,0.034371
SLC29A2,-0.052834
SLC29A3,-0.02937
SLC29A4,0.086205
SLC2A1,0.04635
SLC2A10,0.081593
SLC2A11,-0.088246
SLC2A12,0.1097
SLC2A13,-0.066617
SLC2A14,-0.043754
SLC2A2,0.10629
SLC2A3,-0.20912
SLC2A4,-0.034427
SLC2A4RG,0.15195
SLC2A5,-0.12924
SLC2A6,-0.12084
SLC2A7,0.1391
SLC2A8,-0.18816
SLC2A9,0.081581
SLC30A1,-0.02475
SLC30A10,-0.076363
SLC30A2,0.069193
SLC30A3,-0.063142
SLC30A4,-0.024536
SLC30A5,0.12478
SLC30A6,0.082221
SLC30A7,0.12541
SLC30A8,-0.015758
SLC30A9,-0.10005
SLC31A1,0.069056
SLC31A2,-0.17626
SLC32A1,0.041072
SLC33A1,-0.044097
SLC34A1,-0.16751
SLC34A2,0.088944
SLC34A3,-0.054789
SLC35A1,-0.094333
SLC35A2,-0.20907
SLC35A3,0.089404
SLC35A4,0.13548
SLC35A5,0.043874
SLC35B1,0.053153
SLC35B2,-0.048314
SLC35B3,-0.25199
SLC35B4,0.0041306
SLC35C1,0.08007
SLC35C2,0.098774
SLC35D1,-0.023565
SLC35D2,0.020286
SLC35D3,-0.097004
SLC35E1,0.01861
SLC35E2,-0.16523
SLC35E2B,-0.070412
SLC35E3,0.079559
SLC35E4,0.17221
SLC35F1,-0.0027554
SLC35F2,0.13674
SLC35F3,0.032281
SLC35F4,0.12196
SLC35F5,0.056302
SLC35G1,0.10571
SLC35G2,-0.0089019
SLC35G3,0.041049
SLC35G4,-0.069008
SLC35G5,0.11256
SLC35G6,-0.20079
SLC36A1,-0.23322
SLC36A2,0.036745
SLC36A3,-0.024091
SLC36A4,0.16084
SLC37A1,-0.056009
SLC37A2,0.0485
SLC37A3,0.096812
SLC37A4,-0.077801
SLC38A1,-0.15108
SLC38A10,-0.15134
SLC38A11,-0.05827
SLC38A2,0.22096
SLC38A3,0.052613
SLC38A4,-0.31136
SLC38A5,-0.14356
SLC38A6,-0.039969
SLC38A7,-0.068822
SLC38A8,-0.20004
SLC38A9,-0.11961
SLC39A1,0.11587
SLC39A10,0.24552
SLC39A11,-0.026687
SLC39A12,-0.019105
SLC39A13,-0.00056968
SLC39A14,-0.096197
SLC39A2,0.12401
SLC39A3,0.15979
SLC39A4,0.066586
SLC39A5,0.084492
SLC39A6,-0.09882
SLC39A7,0.12036
SLC39A8,-0.068017
SLC39A9,-0.019225
SLC3A1,-0.19214
SLC3A2,0.012882
SLC40A1,-0.29835
SLC41A1,-0.070674
SLC41A2,-0.068269
SLC41A3,0.15401
SLC43A1,-0.011508
SLC43A2,0.066526
SLC43A3,0.10866
SLC44A1,0.28251
SLC44A2,0.13943
SLC44A3,-0.011548
SLC44A4,-0.0014542
SLC44A5,-0.21153
SLC45A1,-0.0085321
SLC45A2,0.083974
SLC45A3,0.04063
SLC45A4,-0.050475
SLC46A1,0.17886
SLC46A2,0.014475
SLC46A3,0.072478
SLC47A1,0.151
SLC47A2,-0.049839
SLC48A1,0.010606
SLC4A1,-0.11165
SLC4A10,-0.20826
SLC4A11,-0.048918
SLC4A1AP,0.030277
SLC4A2,-0.044608
SLC4A3,-0.060075
SLC4A4,0.051596
SLC4A5,0.029513
SLC4A7,-0.028834
SLC4A8,0.032224
SLC4A9,0.041494
SLC50A1,0.04067
SLC51A,0.10035
SLC51B,-0.036889
SLC52A1,-0.073542
SLC52A2,0.076639
SLC52A3,-0.021429
SLC5A1,-0.1587
SLC5A10,-0.080302
SLC5A11,0.14123
SLC5A12,0.030576
SLC5A2,-0.12661
SLC5A3,0.32279
SLC5A4,0.038732
SLC5A5,0.030102
SLC5A6,-0.02445
SLC5A7,0.055499
SLC5A8,0.064878
SLC5A9,0.12972
SLC6A1,0.10896
SLC6A11,0.082598
SLC6A12,-0.11906
SLC6A13,0.076024
SLC6A14,-0.22702
SLC6A15,-0.027083
SLC6A16,-0.024523
SLC6A17,-0.021673
SLC6A18,-0.20739
SLC6A19,0.23918
SLC6A2,0.088765
SLC6A20,0.21604
SLC6A3,0.028419
SLC6A4,-0.10189
SLC6A5,0.02098
SLC6A6,0.023294
SLC6A7,-0.070892
SLC6A8,-0.1746
SLC6A9,-0.027473
SLC7A1,-0.080827
SLC7A10,0.070729
SLC7A11,0.16293
SLC7A13,0.19495
SLC7A14,-0.039041
SLC7A2,0.052945
SLC7A3,-0.10663
SLC7A4,-0.070549
SLC7A5,0.16668
SLC7A6,0.030116
SLC7A6OS,0.21128
SLC7A7,-0.0024193
SLC7A8,0.052014
SLC7A9,0.13004
SLC8A1,-0.093489
SLC8A2,0.054737
SLC8A3,0.11443
SLC8B1,0.013785
SLC9A1,0.00082533
SLC9A2,0.070714
SLC9A3,-0.064756
SLC9A3R1,0.064077
SLC9A3R2,0.13219
SLC9A4,-0.091932
SLC9A5,-0.031512
SLC9A6,-0.13072
SLC9A7,-0.017426
SLC9A8,-0.1338
SLC9A9,0.27987
SLC9B1,0.08985
SLC9B2,-0.10442
SLC9C1,-0.047352
SLC9C2,0.031001
SLCO1A2,-0.087803
SLCO1B1,-0.29363
SLCO1B3,-0.007804
SLCO1B7,-0.098159
SLCO1C1,-0.27823
SLCO2A1,-0.17818
SLCO2B1,-0.16665
SLCO3A1,-0.090311
SLCO4A1,-0.011119
SLCO4C1,-0.05998
SLCO5A1,0.039728
SLCO6A1,-0.049887
SLFN11,-0.088801
SLFN12,0.10283
SLFN12L,-0.20976
SLFN13,-0.032153
SLFN14,0.066118
SLFN5,-0.21915
SLFNL1,0.010404
SLIRP,-0.30551
SLIT1,0.22935
SLIT2,0.066873
SLIT3,0.073492
SLITRK1,-0.019421
SLITRK2,-0.14469
SLITRK3,-0.029396
SLITRK4,0.11002
SLITRK5,-0.10061
SLITRK6,0.29294
SLK,0.0043078
SLMAP,-0.095463
SLN,-0.090257
SLPI,0.17342
SLTM,-0.15625
SLU7,0.13025
SLURP1,0.055015
SLX1B,-0.11822
SLX4,0.35028
SLX4IP,-0.093696
SMAD1,-0.12819
SMAD2,0.15162
SMAD3,-0.13872
SMAD4,0.012948
SMAD5,0.22076
SMAD6,-0.030296
SMAD7,0.0080079
SMAD9,-0.10273
SMAGP,-0.0094691
SMAP1,0.0016609
SMAP2,0.046642
SMARCA1,-0.17507
SMARCA2,0.0094632
SMARCA4,0.43431
SMARCA5,-0.083934
SMARCAD1,-0.13672
SMARCAL1,0.0054114
SMARCB1,0.15074
SMARCC1,0.29395
SMARCC2,0.1723
SMARCD1,0.082628
SMARCD2,-0.030327
SMARCD3,-0.14829
SMARCE1,0.63338
SMC1A,0.68087
SMC1B,-0.10677
SMC2,0.033762
SMC3,0.95558
SMC4,0.032648
SMC5,0.2419
SMC6,-0.10902
SMCHD1,0.048461
SMCO1,-0.05168
SMCO2,-0.056901
SMCO3,-0.093958
SMCO4,0.089457
SMCP,-0.084837
SMCR8,0.15755
SMDT1,-0.10852
SMG1,0.15249
SMG5,0.40496
SMG6,0.08071
SMG7,0.14148
SMG8,0.17174
SMG9,0.21821
SMIM1,-0.058082
SMIM10,0.037345
SMIM10L1,-0.10575
SMIM11B,0.012696
SMIM12,-0.055867
SMIM13,0.20985
SMIM14,-0.074436
SMIM15,0.012673
SMIM17,0.043336
SMIM18,-0.13785
SMIM19,0.091257
SMIM2,0.063288
SMIM20,-0.02105
SMIM21,-0.041752
SMIM22,0.019111
SMIM23,-0.08788
SMIM24,-0.037108
SMIM25,0.013264
SMIM29,0.099482
SMIM3,-0.038577
SMIM4,-0.052943
SMIM5,0.16453
SMIM6,0.032942
SMIM7,-0.1242
SMIM8,-0.0554
SMIM9,-0.10772
SMKR1,0.08722
SMLR1,-0.054039
SMN1,0.12037
SMNDC1,-0.086095
SMO,-0.086211
SMOC1,0.037115
SMOC2,-0.012787
SMOX,-0.18722
SMPD1,0.072687
SMPD2,0.11675
SMPD3,-0.12903
SMPD4,0.14963
SMPDL3A,0.0041379
SMPDL3B,0.029318
SMPX,0.04484
SMR3A,0.069037
SMR3B,0.029451
SMS,0.057064
SMTN,0.14117
SMTNL1,-0.11461
SMTNL2,-0.08088
SMU1,0.45338
SMUG1,-0.012646
SMURF1,0.046073
SMURF2,0.11178
SMYD1,-0.064629
SMYD2,-0.22396
SMYD3,-0.17373
SMYD4,0.51224
SMYD5,0.27268
SNAI1,-0.061154
SNAI2,-0.0076865
SNAI3,0.11315
SNAP23,0.18266
SNAP25,0.050979
SNAP29,0.0031701
SNAP47,0.094332
SNAP91,0.1561
SNAPC1,0.039073
SNAPC2,0.047467
SNAPC3,-0.22953
SNAPC4,0.084569
SNAPC5,0.0072025
SNAPIN,0.13904
SNCA,0.030199
SNCAIP,0.10054
SNCB,0.018216
SNCG,-0.13228
SND1,0.083099
SNED1,0.14986
SNF8,0.27228
SNIP1,-0.15751
SNN,0.0076213
SNPH,0.022132
SNRK,-0.04505
SNRNP200,0.77563
SNRNP25,0.010351
SNRNP27,0.6299
SNRNP35,-0.16279
SNRNP40,0.13659
SNRNP48,0.011519
SNRNP70,0.33315
SNRPA,0.2518
SNRPA1,0.056978
SNRPB,0.35521
SNRPB2,0.15941
SNRPC,1.248
SNRPD1,0.33868
SNRPD2,0.39007
SNRPD3,0.03772
SNRPE,0.23781
SNRPF,0.57494
SNRPG,0.30238
SNRPN,-0.0059037
SNTA1,-0.13319
SNTB1,0.1834
SNTB2,-0.11858
SNTG1,-0.089091
SNTG2,-0.069714
SNTN,-0.13719
SNUPN,0.10295
SNW1,0.27949
SNX1,0.024359
SNX10,0.15789
SNX11,0.21887
SNX12,-0.031984
SNX13,0.015549
SNX14,-0.20115
SNX15,0.26597
SNX16,0.073332
SNX17,0.13859
SNX18,-0.1358
SNX19,0.20192
SNX2,-0.033559
SNX20,-0.073634
SNX21,-0.0086108
SNX22,0.16939
SNX24,-0.18397
SNX25,-0.036041
SNX27,-0.19282
SNX29,-0.00035968
SNX3,-0.073037
SNX30,-0.030619
SNX31,0.022969
SNX32,0.083525
SNX33,-0.066692
SNX4,-0.019663
SNX5,0.035103
SNX6,0.072139
SNX7,-0.038556
SNX8,-0.067795
SNX9,-0.22856
SOAT1,-0.27782
SOAT2,-0.0036104
SOBP,-0.064707
SOCS1,-0.032417
SOCS2,-0.10808
SOCS3,0.030714
SOCS4,0.073544
SOCS5,0.035532
SOCS6,0.071473
SOCS7,0.046253
SOD1,0.066534
SOD2,-0.096423
SOD3,-0.035994
SOGA1,0.13141
SOGA3,-0.030703
SOHLH1,0.030327
SOHLH2,-0.0082285
SON,0.043297
SORBS1,-0.035114
SORBS2,-0.13668
SORBS3,-0.052011
SORCS1,-0.16456
SORCS2,-0.01841
SORCS3,-0.11432
SORD,-0.1267
SORL1,0.061462
SORT1,0.029522
SOS1,0.064632
SOS2,-0.053156
SOST,0.14584
SOSTDC1,-0.30771
SOWAHA,-0.033316
SOWAHB,-0.035681
SOWAHC,-0.0073281
SOWAHD,0.25262
SOX1,-0.087768
SOX10,0.012563
SOX11,0.062703
SOX12,0.19995
SOX13,0.03964
SOX14,0.23916
SOX15,-0.043597
SOX17,0.098468
SOX18,0.017552
SOX2,-0.11917
SOX21,0.056706
SOX3,0.04989
SOX30,-0.034098
SOX4,0.060731
SOX5,0.0081783
SOX6,-0.082708
SOX7,0.21587
SOX8,0.0099685
SOX9,-0.052562
SP1,0.39885
SP100,-0.053122
SP110,0.1221
SP140,-0.14813
SP140L,0.01861
SP2,-0.28023
SP3,-0.17675
SP4,0.32414
SP5,0.16321
SP6,0.012786
SP7,-0.20177
SP8,-0.053855
SP9,0.18503
SPA17,-0.10287
SPACA1,0.015738
SPACA3,0.011413
SPACA4,-0.17174
SPACA5,0.13951
SPACA5B,-0.0412
SPACA6,0.097742
SPACA7,-0.065985
SPACA9,0.090563
SPAG1,0.20556
SPAG11B,-0.015991
SPAG16,0.032336
SPAG17,0.019333
SPAG4,0.17994
SPAG5,0.27517
SPAG6,-0.19942
SPAG7,-0.080763
SPAG8,-0.0055268
SPAG9,-0.1407
SPAM1,0.31584
SPANXA1,-0.082138
SPANXB1,0.012135
SPANXD,0.23996
SPANXN1,-0.0057089
SPANXN2,-0.05951
SPANXN3,-0.080174
SPANXN4,-0.073432
SPANXN5,0.069873
SPARC,0.0059786
SPARCL1,0.11875
SPAST,-0.16101
SPATA12,-0.061292
SPATA13,0.0023082
SPATA16,-0.031359
SPATA17,0.22582
SPATA18,-0.16208
SPATA19,-0.09852
SPATA2,0.045171
SPATA20,0.095133
SPATA21,0.0077313
SPATA22,0.012515
SPATA24,0.0313
SPATA25,0.043861
SPATA2L,-0.16757
SPATA3,-0.19316
SPATA31A1,0.036334
SPATA31A6,0.19272
SPATA31A7,-0.1725
SPATA31C1,0.090445
SPATA31C2,-0.16972
SPATA31D1,0.4158
SPATA31D4,0.076815
SPATA31E1,0.044293
SPATA32,0.077807
SPATA33,-0.19101
SPATA4,-0.051133
SPATA45,0.036035
SPATA46,0.04301
SPATA5,0.037667
SPATA5L1,-0.091492
SPATA6,0.10719
SPATA6L,0.04885
SPATA7,-0.072141
SPATA8,-0.04625
SPATA9,-0.13898
SPATC1,-0.039499
SPATC1L,-0.053664
SPATS1,0.012314
SPATS2,-0.010243
SPATS2L,0.13213
SPC24,0.57943
SPC25,0.30707
SPCS1,-0.17446
SPCS2,-0.13653
SPCS3,-0.097781
SPDEF,-0.041495
SPDL1,0.46284
SPDYA,-0.010749
SPDYC,-0.16869
SPDYE1,-0.20437
SPDYE16,0.064194
SPDYE2,-0.19319
SPDYE3,0.11729
SPDYE4,-0.0036222
SPDYE5,-0.028034
SPDYE6,0.25263
SPECC1,-0.0091758
SPECC1L,-0.19507
SPEF1,0.1534
SPEF2,0.049895
SPEG,-0.16695
SPEM1,-0.13358
SPEN,-0.24173
SPERT,-0.070814
SPG11,-0.0087837
SPG20,0.0082375
SPG21,0.10389
SPG7,0.19552
SPHAR,-0.20619
SPHK1,-0.036054
SPHK2,-0.084419
SPHKAP,0.025134
SPI1,0.049017
SPIB,-0.1932
SPIC,-0.10587
SPICE1,-0.074087
SPIDR,0.15891
SPIN1,0.10233
SPIN2A,-0.02849
SPIN2B,0.022301
SPIN3,-0.072579
SPIN4,-0.043854
SPINK1,-0.060023
SPINK13,-0.02291
SPINK14,0.055572
SPINK2,0.28788
SPINK4,0.0068951
SPINK5,-0.031146
SPINK6,-0.19203
SPINK7,-0.038876
SPINK8,-0.043273
SPINK9,-0.075319
SPINT1,0.085851
SPINT2,-0.099951
SPINT3,-0.092487
SPINT4,-0.061696
SPIRE1,0.02328
SPIRE2,-0.16458
SPN,0.26023
SPNS1,0.1084
SPNS2,-0.013819
SPNS3,-0.041848
SPO11,0.12787
SPOCD1,-0.30129
SPOCK1,0.26172
SPOCK2,0.04224
SPOCK3,-0.067601
SPON1,-0.062992
SPON2,0.013327
SPOP,-0.0086914
SPOPL,0.16393
SPOUT1,0.37628
SPP1,-0.0065484
SPP2,-0.04408
SPPL2A,0.19455
SPPL2B,0.014706
SPPL2C,-0.17154
SPPL3,-0.042694
SPR,-0.066334
SPRED1,-0.10071
SPRED2,-0.082691
SPRED3,0.14747
SPRN,-0.28814
SPRR1A,0.046088
SPRR1B,-0.048385
SPRR2A,-0.051725
SPRR2B,-0.26471
SPRR2D,0.15283
SPRR2E,0.14418
SPRR2F,-0.027924
SPRR2G,-0.17441
SPRR3,-0.078289
SPRR4,0.063611
SPRTN,0.09104
SPRY1,0.073726
SPRY2,-0.096576
SPRY3,0.11008
SPRY4,-0.196
SPRYD3,-0.47902
SPRYD4,-0.16124
SPRYD7,0.1718
SPSB1,-0.032711
SPSB2,0.028562
SPSB3,-0.10978
SPSB4,0.20461
SPTA1,-0.21578
SPTAN1,0.019311
SPTB,0.22096
SPTBN1,0.15898
SPTBN2,-0.046037
SPTBN4,-0.02317
SPTBN5,-0.085397
SPTLC1,0.14628
SPTLC2,-0.69247
SPTLC3,0.066357
SPTSSA,-0.27538
SPTSSB,0.038805
SPTY2D1,-0.24267
SPX,0.0069407
SPZ1,-0.017099
SQLE,-0.030198
SQOR,-0.0075395
SQSTM1,0.099354
SRA1,0.11545
SRBD1,0.56221
SRC,0.068779
SRCAP,-0.11666
SRCIN1,0.045013
SRD5A1,-0.10707
SRD5A2,-0.059202
SRD5A3,0.0046255
SREBF1,0.258
SREBF2,0.046472
SREK1,0.17781
SREK1IP1,-0.099394
SRF,0.010861
SRFBP1,0.48094
SRGAP1,-0.1446
SRGAP2B,0.11855
SRGAP2C,0.01427
SRGAP3,-0.11818
SRGN,0.036162
SRI,0.1062
SRL,0.0076062
SRM,0.11957
SRMS,0.051707
SRP14,0.011354
SRP19,-0.61578
SRP54,-0.19208
SRP68,-0.70717
SRP72,-0.54843
SRP9,0.03164
SRPK1,-0.029563
SRPK2,-0.13353
SRPK3,0.052236
SRPRB,-0.21921
SRPX,0.12925
SRPX2,0.029736
SRR,-0.03026
SRRD,-0.024722
SRRM1,-0.016557
SRRM2,0.20495
SRRM3,-0.20455
SRRM4,-0.052149
SRRT,0.46644
SRSF1,0.63768
SRSF10,0.12774
SRSF11,0.049908
SRSF12,-0.14296
SRSF2,-0.24
SRSF3,0.0073651
SRSF4,0.049834
SRSF5,-0.076622
SRSF6,-0.069867
SRSF7,-0.23586
SRSF8,-0.048132
SRSF9,-0.021329
SRXN1,0.079043
SRY,0.11368
SS18,-0.12863
SS18L1,0.017374
SS18L2,0.10408
SSB,-0.11327
SSBP1,0.32334
SSBP2,0.0092768
SSBP3,-0.23246
SSBP4,0.2225
SSC4D,0.14499
SSC5D,-0.13812
SSFA2,0.14682
SSH1,-0.46795
SSH2,0.25161
SSH3,-0.068381
SSMEM1,0.0017459
SSNA1,0.15829
SSPN,-0.21384
SSPO,-0.095773
SSR1,0.14038
SSR2,-0.072193
SSR3,0.076758
SSR4,-0.052353
SSRP1,-0.039996
SSSCA1,-0.14271
SST,0.059769
SSTR1,0.25856
SSTR2,0.096392
SSTR3,-0.14856
SSTR4,0.097402
SSTR5,-0.19224
SSU72,0.13397
SSUH2,0.038782
SSX1,-0.024688
SSX2,-0.11744
SSX2IP,0.043962
SSX3,0.045186
SSX4,-0.17121
SSX4B,-0.27604
SSX5,-0.2542
SSX7,-0.06189
ST13,-0.04562
ST14,0.12743
ST18,-0.057739
ST20,0.11213
ST20-MTHFS,0.17659
ST3GAL1,-0.05943
ST3GAL2,-0.016575
ST3GAL3,0.28303
ST3GAL4,-0.10813
ST3GAL5,-0.011005
ST3GAL6,-0.079086
ST5,-0.072871
ST6GAL1,-0.011418
ST6GAL2,0.13453
ST6GALNAC1,0.15283
ST6GALNAC2,-0.027608
ST6GALNAC3,0.056314
ST6GALNAC4,0.091941
ST6GALNAC5,0.070685
ST6GALNAC6,-0.11213
ST7,0.050618
ST7L,0.095251
ST8SIA1,0.011538
ST8SIA2,-0.036891
ST8SIA3,-0.17023
ST8SIA4,-0.033013
ST8SIA5,-0.2009
ST8SIA6,0.06803
STAB1,-0.045136
STAB2,-0.089325
STAC,-0.1486
STAC2,0.03658
STAC3,-0.18585
STAG1,0.17718
STAG2,0.13228
STAG3,0.018097
STAM,-0.016007
STAM2,0.13401
STAMBP,0.15552
STAMBPL1,-0.059311
STAP1,0.02683
STAP2,-0.045731
STAR,0.105
STARD10,-0.18501
STARD13,0.23423
STARD3,-0.12372
STARD3NL,0.10795
STARD4,0.053657
STARD5,-0.053075
STARD6,0.021753
STARD7,0.13229
STARD8,-0.054712
STARD9,0.041662
STAT1,0.012047
STAT2,-0.14309
STAT3,-0.27857
STAT4,-0.28519
STAT5A,0.0041392
STAT5B,0.66825
STAT6,-0.12244
STATH,-0.054488
STAU1,-0.058453
STAU2,0.18304
STBD1,-0.081643
STC1,0.067941
STC2,-0.051248
STEAP1,-0.093113
STEAP1B,0.025551
STEAP2,0.14713
STEAP3,-0.065836
STEAP4,-0.03302
STH,-0.10026
STIL,0.25916
STIM1,-0.12446
STIM2,-0.071806
STIP1,0.12059
STK10,-0.32161
STK11,0.17752
STK11IP,0.26988
STK16,-0.0044776
STK17A,0.16161
STK17B,0.17187
STK19,0.041367
STK24,-0.0063028
STK25,-0.071719
STK26,0.021369
STK3,-0.0067065
STK31,0.0056403
STK32A,-0.0004252
STK32B,-0.10896
STK32C,-0.04956
STK33,-0.089202
STK35,-0.0017192
STK36,-0.026173
STK38,0.053407
STK38L,-0.12164
STK39,0.0016822
STK4,-0.19224
STK40,0.26371
STKLD1,0.038414
STMN1,-0.16892
STMN2,0.063373
STMN3,-0.023495
STMN4,-0.074631
STMND1,-0.029543
STN1,0.013516
STOM,0.10663
STOML1,0.19562
STOML2,-0.047076
STOML3,-0.092822
STON1,0.030297
STON1-GTF2A1L,-0.091827
STON2,0.06966
STOX1,0.14581
STOX2,-0.072717
STPG1,0.013685
STPG2,0.055525
STPG3,-0.065729
STPG4,-0.10379
STRA6,0.0019476
STRA8,-0.14638
STRADA,0.027059
STRADB,0.026587
STRAP,-0.099762
STRBP,0.05923
STRC,-0.091408
STRIP1,-0.019402
STRIP2,-0.15898
STRN,-0.28373
STRN3,-0.024782
STRN4,0.029549
STS,-0.22421
STT3A,0.11675
STT3B,0.03242
STUB1,-0.067023
STUM,-0.095572
STX10,-0.17461
STX11,-0.22154
STX12,0.03735
STX16,-0.045654
STX17,0.068659
STX18,0.24324
STX19,-0.29439
STX1A,-0.056289
STX1B,0.062625
STX2,0.18135
STX3,-0.011611
STX4,0.05838
STX5,0.07467
STX6,0.004692
STX7,-0.066326
STX8,0.023866
STXBP1,0.12852
STXBP2,0.12393
STXBP3,-0.11807
STXBP4,-0.30153
STXBP5,0.086866
STXBP5L,-0.1608
STXBP6,0.20216
STYK1,0.13487
STYX,0.20114
STYXL1,-0.10282
SUB1,0.10361
SUCLA2,-0.021514
SUCLG1,0.053815
SUCLG2,-0.0023949
SUCNR1,-0.027043
SUCO,0.015283
SUDS3,0.14593
SUFU,-0.08387
SUGCT,0.1954
SUGP1,-0.10537
SUGP2,-0.013203
SUGT1,-0.089415
SULF1,-0.094962
SULF2,-0.088731
SULT1A1,-0.063201
SULT1A2,0.053262
SULT1A3,-0.067059
SULT1B1,-0.19371
SULT1C2,-0.034285
SULT1C3,-0.22728
SULT1C4,0.14262
SULT1E1,-0.019898
SULT2A1,-0.045504
SULT2B1,-0.44473
SULT4A1,0.23474
SULT6B1,-0.16089
SUMF1,0.1852
SUMF2,-0.041506
SUMO1,0.027002
SUMO2,-0.18858
SUMO3,0.042344
SUMO4,-0.039458
SUN1,-7.2471e-05
SUN2,0.091062
SUN3,0.04183
SUN5,0.077284
SUOX,-0.13791
SUPT16H,-0.11126
SUPT20H,0.043857
SUPT20HL1,-0.0015317
SUPT20HL2,-0.097136
SUPT3H,-0.1243
SUPT4H1,-0.09085
SUPT5H,-0.58234
SUPT6H,-0.35785
SUPT7L,0.30107
SUPV3L1,-0.1614
SURF1,0.043774
SURF2,0.087635
SURF4,-0.016802
SURF6,0.66472
SUSD1,-0.071686
SUSD2,-0.00027705
SUSD3,-0.0077663
SUSD4,0.14272
SUSD5,0.070365
SUSD6,0.14478
SUV39H1,-0.018781
SUV39H2,0.17075
SUZ12,0.17135
SV2A,0.067736
SV2B,-0.13811
SV2C,-0.022688
SVEP1,-0.032719
SVIL,-0.0512
SVIP,0.25393
SVOP,0.18507
SVOPL,-0.006426
SWAP70,0.12609
SWI5,0.19302
SWSAP1,0.023099
SWT1,0.0078115
SYAP1,-0.093481
SYBU,0.055904
SYCE1,-0.1883
SYCE1L,-0.091465
SYCE2,-0.064947
SYCE3,0.16712
SYCN,-0.034357
SYCP1,0.094206
SYCP2,-0.084767
SYCP2L,0.058219
SYCP3,-0.09545
SYDE1,0.14745
SYDE2,-0.12034
SYF2,0.31022
SYK,-0.2695
SYMPK,0.6782
SYN1,-0.058641
SYN2,-0.12792
SYN3,-0.16045
SYNC,-0.054531
SYNCRIP,-0.11266
SYNDIG1,0.17438
SYNDIG1L,0.075901
SYNE1,-0.12223
SYNE2,0.11503
SYNE3,-0.16163
SYNE4,-0.078657
SYNGAP1,-0.12757
SYNGR1,-0.18742
SYNGR2,0.34461
SYNGR3,0.12471
SYNGR4,0.025289
SYNJ1,-0.026466
SYNJ2,-0.15449
SYNJ2BP,-0.18642
SYNM,0.12195
SYNPO,0.2228
SYNPO2,-0.032347
SYNPO2L,-0.032125
SYNPR,0.026513
SYNRG,-0.039999
SYP,0.011562
SYPL1,0.11005
SYPL2,-0.15927
SYS1,-0.088894
SYT1,0.024305
SYT10,0.24876
SYT11,0.013124
SYT12,-0.060344
SYT13,-0.085024
SYT14,0.012264
SYT15,-0.31488
SYT16,-0.095156
SYT17,0.040779
SYT2,0.14355
SYT3,-0.14452
SYT4,0.010174
SYT5,0.10133
SYT6,0.019102
SYT7,0.092394
SYT8,-0.10392
SYT9,0.29796
SYTL1,-0.051268
SYTL2,-0.031988
SYTL3,-0.20443
SYTL4,-0.1934
SYTL5,0.028134
SYVN1,-0.045621
SZRD1,-0.25871
SZT2,0.16221
T,-0.075917
TAAR1,-0.10753
TAAR2,-0.024181
TAAR5,0.095268
TAAR6,0.085987
TAAR8,-0.058115
TAAR9,0.061115
TAB2,-0.165
TAB3,0.14037
TAC1,0.094075
TAC3,-0.030691
TAC4,0.047934
TACC1,-0.12501
TACC2,0.11511
TACC3,0.07424
TACO1,0.067567
TACR1,-0.0897
TACR2,0.18888
TACR3,0.076217
TACSTD2,-0.12425
TADA1,-0.11665
TADA2A,-0.0025176
TADA2B,0.076601
TADA3,0.0086263
TAF1,-0.15073
TAF10,-0.22601
TAF11,-0.44789
TAF12,0.060065
TAF13,-0.86301
TAF15,-0.23394
TAF1A,0.37663
TAF1B,0.18049
TAF1C,0.1878
TAF1D,0.1616
TAF1L,0.20809
TAF2,-0.60729
TAF3,-0.1561
TAF4,-0.85363
TAF4B,0.11369
TAF5,-0.37649
TAF5L,0.24842
TAF6,-0.1379
TAF6L,-0.08855
TAF7,-0.36679
TAF7L,-0.042342
TAF8,-0.7202
TAF9,-0.063067
TAF9B,-0.028017
TAGAP,-0.26067
TAGLN,-0.057604
TAGLN2,0.092895
TAGLN3,0.16371
TAL2,-0.097364
TALDO1,0.15402
TAMM41,0.018492
TANC1,-0.072018
TANC2,-0.0051848
TANGO2,-0.1053
TANGO6,0.096793
TANK,0.0043317
TAOK1,-0.0038115
TAOK2,0.08395
TAOK3,-0.1743
TAP1,0.11524
TAP2,0.14504
TAPBP,0.081602
TAPBPL,-0.028528
TAPT1,-0.063801
TARBP1,-0.087827
TARBP2,0.19238
TARDBP,-0.45886
TARM1,-0.23165
TARP,-0.073941
TARS,-0.12576
TARS2,-0.036044
TARSL2,-0.072208
TAS1R1,-0.089877
TAS1R2,-0.081752
TAS1R3,0.00014343
TAS2R1,-0.022411
TAS2R10,0.091691
TAS2R13,-0.074542
TAS2R14,-0.0080354
TAS2R16,-0.11682
TAS2R19,-0.26931
TAS2R20,-0.14473
TAS2R3,-0.21831
TAS2R30,-0.15238
TAS2R31,-0.037027
TAS2R38,-0.096041
TAS2R39,0.12557
TAS2R4,0.018593
TAS2R40,-0.00054326
TAS2R41,0.026954
TAS2R42,-0.056317
TAS2R43,0.026937
TAS2R46,0.011128
TAS2R5,0.25635
TAS2R50,0.0552
TAS2R60,-0.060274
TAS2R7,-0.027738
TAS2R8,0.043782
TAS2R9,0.011847
TASP1,-0.093065
TAT,-0.031149
TATDN1,0.15516
TATDN2,-0.24081
TATDN3,-0.34075
TAX1BP1,-0.13804
TAX1BP3,0.14366
TAZ,-0.061779
TBATA,0.02453
TBC1D1,0.08389
TBC1D10A,-0.081684
TBC1D10B,0.17243
TBC1D10C,0.015511
TBC1D12,0.33118
TBC1D13,0.20763
TBC1D14,-0.070354
TBC1D15,-0.17949
TBC1D16,0.17059
TBC1D17,-0.099085
TBC1D19,0.031818
TBC1D2,-0.0064106
TBC1D20,-0.07318
TBC1D21,0.033497
TBC1D22A,0.028761
TBC1D22B,-0.09514
TBC1D23,-0.070654
TBC1D24,0.078573
TBC1D25,0.038063
TBC1D26,0.13008
TBC1D28,-0.030454
TBC1D29,-0.073106
TBC1D2B,-0.30311
TBC1D30,-0.039179
TBC1D31,0.052628
TBC1D32,-0.12177
TBC1D3B,0.12835
TBC1D3F,0.1422
TBC1D3L,0.1623
TBC1D4,-0.099028
TBC1D5,0.0094205
TBC1D7,0.29372
TBC1D8,0.17197
TBC1D8B,-0.094511
TBC1D9,0.08311
TBC1D9B,0.10154
TBCA,-0.11693
TBCB,0.095017
TBCC,0.10386
TBCCD1,-0.065028
TBCD,0.19745
TBCE,0.11891
TBCEL,-0.047155
TBCK,-0.11587
TBK1,0.065229
TBKBP1,0.1021
TBL1X,-0.0015187
TBL1XR1,-0.03266
TBL1Y,0.081199
TBL2,-0.084683
TBL3,0.12564
TBP,0.081131
TBPL1,-0.080498
TBPL2,0.11457
TBR1,-0.003711
TBRG1,-0.049723
TBRG4,0.045338
TBX1,0.097547
TBX10,0.034947
TBX15,-0.02281
TBX18,-0.073721
TBX19,-0.27287
TBX2,0.042468
TBX20,-0.062723
TBX21,-0.061745
TBX22,-0.0056946
TBX3,-0.051234
TBX4,-0.029397
TBX5,0.039225
TBX6,0.058444
TBXA2R,0.18
TBXAS1,0.10804
TC2N,0.025077
TCAF1,0.013311
TCAF2,0.10348
TCAIM,-0.010848
TCAP,-0.16018
TCEA1,-0.31732
TCEA2,0.021799
TCEA3,-0.0855
TCEAL1,0.016052
TCEAL2,0.13389
TCEAL3,0.13545
TCEAL4,-0.10018
TCEAL5,-0.035255
TCEAL6,0.236
TCEAL7,0.056191
TCEAL8,0.15704
TCEANC,-0.066683
TCEANC2,-0.094866
TCEB3C,0.005191
TCERG1,0.21656
TCERG1L,0.19562
TCF12,-0.084968
TCF15,-0.02643
TCF19,0.099116
TCF20,0.03911
TCF21,0.061762
TCF23,-0.032584
TCF24,0.28586
TCF25,-0.089373
TCF3,-0.20794
TCF4,0.049774
TCF7,0.11432
TCF7L1,-0.011209
TCF7L2,-0.23975
TCFL5,0.054169
TCHH,-0.056614
TCHHL1,-0.09125
TCHP,0.13817
TCIRG1,-0.041304
TCL1A,0.052533
TCL1B,0.032202
TCN1,-0.12643
TCN2,0.10737
TCOF1,0.17979
TCP1,0.018146
TCP10,0.0027374
TCP10L,0.067481
TCP10L2,0.19728
TCP11,0.11951
TCP11L1,-0.19162
TCP11L2,0.12635
TCP11X2,-0.044521
TCTA,-0.22851
TCTE1,-0.14374
TCTE3,-0.11
TCTEX1D1,-0.083242
TCTEX1D2,-0.12601
TCTEX1D4,0.11718
TCTN1,0.070738
TCTN2,-0.16682
TCTN3,0.068065
TDG,-0.16691
TDGF1,0.11121
TDO2,0.012877
TDP1,0.026079
TDP2,-0.083138
TDRD1,0.073934
TDRD10,0.053129
TDRD12,-0.14973
TDRD15,-0.071753
TDRD3,-0.1144
TDRD5,0.10844
TDRD6,0.10612
TDRD7,0.25893
TDRD9,-0.042986
TDRKH,0.052625
TDRP,0.06461
TEAD1,0.10202
TEAD2,0.19923
TEAD3,0.24232
TEAD4,0.010245
TEC,0.095446
TECPR1,0.040161
TECPR2,0.17221
TECR,-0.20284
TECRL,0.065078
TECTA,-0.13628
TECTB,0.024518
TEDDM1,-0.031927
TEF,-0.032606
TEFM,0.09445
TEK,0.0003329
TEKT1,0.01041
TEKT2,0.056908
TEKT3,0.12692
TEKT4,-0.092504
TEKT5,-0.013665
TELO2,0.10991
TEN1,0.12737
TENM1,-0.053693
TENM2,-0.1694
TENM3,0.096226
TENM4,0.18966
TEP1,0.017532
TEPP,0.092249
TEPSIN,0.0018466
TERB1,0.36557
TERB2,-0.032175
TERF1,0.12929
TERF2,-0.24335
TERF2IP,0.013355
TERT,-0.095471
TES,0.24452
TESC,0.016884
TESK1,-0.056031
TESK2,-0.056013
TESMIN,-0.096293
TESPA1,0.33105
TET1,-0.070394
TET2,0.15252
TET3,-0.17048
TEX10,0.49291
TEX101,-0.038621
TEX11,-0.044056
TEX12,-0.096694
TEX13A,-0.053635
TEX13B,-0.33822
TEX13C,0.013536
TEX14,-0.069054
TEX15,0.058184
TEX19,0.026761
TEX2,0.043393
TEX22,-0.094599
TEX26,-0.11043
TEX261,-0.14434
TEX264,0.027156
TEX28,0.015212
TEX29,-0.053225
TEX30,-0.057595
TEX33,-0.17647
TEX35,-0.040965
TEX36,0.038262
TEX37,0.25014
TEX38,0.040935
TEX43,0.10919
TEX44,0.041401
TEX45,-0.079815
TEX46,-0.062339
TEX47,0.044316
TEX48,-0.32054
TEX9,-0.059802
TF,0.079552
TFAM,-0.029681
TFAP2A,-0.21745
TFAP2B,-0.12814
TFAP2C,0.12506
TFAP2D,0.016852
TFAP2E,0.15254
TFAP4,0.19391
TFB1M,-0.18067
TFB2M,0.20813
TFCP2,0.032739
TFCP2L1,0.012435
TFDP1,0.63852
TFDP2,0.12293
TFDP3,0.085123
TFE3,-0.0037141
TFEB,0.045457
TFEC,-0.030958
TFF1,0.055798
TFF2,0.10979
TFF3,-0.22188
TFG,0.17139
TFIP11,0.19417
TFPI,0.055423
TFPI2,0.035663
TFPT,0.015253
TFR2,-0.09126
TFRC,0.30401
TG,-0.18867
TGDS,0.066163
TGFA,-0.12101
TGFB1,-0.081333
TGFB1I1,-0.082394
TGFB2,0.0076835
TGFB3,0.032081
TGFBI,-0.13484
TGFBR1,0.05742
TGFBR2,-0.26896
TGFBR3,0.01072
TGFBR3L,0.095918
TGFBRAP1,0.10176
TGIF1,0.085348
TGIF2,0.25369
TGIF2-C20orf24,0.14962
TGIF2LX,0.018705
TGIF2LY,0.086853
TGM1,-0.15872
TGM2,-0.11473
TGM3,0.018975
TGM4,-0.11748
TGM5,0.14471
TGM6,0.080068
TGM7,0.083188
TGOLN2,-0.019438
TGS1,-0.018872
TH,-0.046692
THADA,-0.17621
THAP1,0.35038
THAP10,0.075814
THAP11,0.012742
THAP2,-0.1506
THAP3,-0.11627
THAP4,0.13943
THAP5,0.13792
THAP6,-0.0014185
THAP7,-0.0030793
THAP8,-0.16965
THAP9,0.12035
THBD,-0.23221
THBS1,-0.16834
THBS2,0.086397
THBS3,-0.057282
THBS4,0.10613
THEG,-0.057146
THEG5,-0.03942
THEGL,0.039437
THEM4,0.21495
THEM5,-0.16891
THEM6,0.13634
THEMIS,-0.42409
THEMIS2,-0.15015
THG1L,-0.045796
THNSL1,-0.11322
THNSL2,-0.070623
THOC1,0.43221
THOC2,0.24104
THOC3,0.53639
THOC5,0.39682
THOC6,0.066794
THOC7,0.17317
THOP1,-0.14205
THPO,-0.16302
THRA,-0.093811
THRAP3,0.083676
THRB,0.014408
THRSP,-0.23209
THSD1,0.079685
THSD4,-0.042479
THSD7A,-0.093506
THSD7B,0.033286
THTPA,-0.051704
THUMPD1,4.9905e-06
THUMPD2,0.097883
THUMPD3,-0.039179
THY1,0.0073684
THYN1,-0.1396
TIA1,0.114
TIAF1,0.28024
TIAL1,-0.10631
TIAM1,-0.037853
TIAM2,-0.098428
TICAM1,0.095167
TICAM2,0.089807
TICRR,0.44333
TIE1,-0.11165
TIFA,-0.036472
TIFAB,-0.037887
TIGAR,0.038537
TIGD1,-0.05209
TIGD2,-0.11517
TIGD3,-0.091913
TIGD4,-0.075129
TIGD5,-0.042352
TIGD6,-0.26441
TIGD7,-0.015986
TIGIT,0.047751
TIMD4,-0.28264
TIMELESS,0.10878
TIMM10,-0.12341
TIMM10B,-0.28268
TIMM13,0.017761
TIMM17A,-0.040067
TIMM17B,0.010223
TIMM21,-0.19921
TIMM22,-0.037434
TIMM23,-0.24437
TIMM23B,0.10982
TIMM29,-0.022564
TIMM44,0.044551
TIMM50,0.10857
TIMM8A,0.15084
TIMM8B,0.036164
TIMM9,0.073735
TIMMDC1,-0.061161
TIMP1,0.024587
TIMP2,-0.035731
TIMP3,-0.00029193
TIMP4,-0.049743
TINAG,-0.0696
TINAGL1,-0.049135
TINF2,0.070629
TIPARP,0.13781
TIPIN,0.16027
TIPRL,0.077791
TIRAP,0.20313
TJAP1,0.10088
TJP1,0.3089
TJP2,-0.19099
TJP3,0.063089
TK1,0.12217
TK2,-0.037066
TKFC,0.14953
TKT,-0.15001
TKTL1,-0.11213
TKTL2,0.11711
TLCD1,0.030672
TLCD2,-0.10724
TLDC1,0.022226
TLDC2,-0.12092
TLE1,0.0069124
TLE2,-0.082699
TLE3,-0.032966
TLE4,-0.023205
TLE6,0.044256
TLK1,-0.016957
TLK2,-0.075821
TLL1,-0.0272
TLL2,0.0056935
TLN1,-0.49084
TLN2,0.02568
TLR1,-0.099435
TLR10,0.20487
TLR2,0.008906
TLR3,-0.11686
TLR4,-0.1243
TLR5,0.19648
TLR6,0.039862
TLR7,-0.068058
TLR8,-0.0046256
TLR9,-0.16659
TLX1,0.056512
TLX2,0.0036726
TLX3,0.046482
TM2D1,-0.28579
TM2D2,-0.12678
TM2D3,0.092879
TM4SF1,-0.097294
TM4SF18,-0.20508
TM4SF19,0.011822
TM4SF20,0.0093005
TM4SF4,-0.14814
TM4SF5,-0.27104
TM6SF1,-0.016349
TM6SF2,0.063666
TM7SF2,-0.096638
TM7SF3,0.041837
TM9SF1,0.023465
TM9SF2,0.014486
TM9SF3,-0.0007258
TM9SF4,-0.042603
TMA16,-0.10171
TMA7,-0.058947
TMBIM1,-0.008378
TMBIM4,0.092215
TMBIM6,0.0092374
TMC1,-0.043449
TMC2,-0.0014524
TMC3,0.040073
TMC4,-0.075993
TMC5,0.019056
TMC6,-0.12148
TMC7,0.027112
TMC8,0.027889
TMCC1,-0.22045
TMCC2,-0.0077972
TMCC3,-0.13974
TMCO1,-0.24537
TMCO2,0.016943
TMCO3,-0.06488
TMCO4,0.12936
TMCO5A,0.12823
TMCO6,-0.045595
TMED1,-0.10532
TMED10,0.18823
TMED2,-0.14887
TMED3,0.027677
TMED4,-0.112
TMED5,0.17691
TMED6,0.077446
TMED7,-0.27279
TMED8,-0.25399
TMED9,0.086002
TMEFF1,0.053635
TMEFF2,-0.093596
TMEM100,-0.10579
TMEM101,-0.14292
TMEM102,-0.0913
TMEM104,0.025177
TMEM105,-0.032298
TMEM106A,-0.15057
TMEM106B,0.18522
TMEM106C,0.074541
TMEM107,-0.085255
TMEM108,0.013814
TMEM109,-0.089658
TMEM11,-0.050819
TMEM110,0.046907
TMEM114,-0.10748
TMEM115,-0.17059
TMEM116,-0.047
TMEM117,0.21879
TMEM119,0.10252
TMEM120A,0.066948
TMEM120B,0.16537
TMEM121,0.0084647
TMEM123,-0.014658
TMEM125,-0.0043215
TMEM126A,-0.14184
TMEM126B,-0.037786
TMEM127,-0.0041462
TMEM128,0.055205
TMEM129,-0.16903
TMEM130,-0.037871
TMEM131,-0.027503
TMEM132A,-0.13241
TMEM132B,-0.077462
TMEM132C,-0.046413
TMEM132D,0.23327
TMEM132E,-0.096441
TMEM133,-0.22721
TMEM134,-0.089285
TMEM135,-0.15723
TMEM136,-0.058556
TMEM138,-0.099041
TMEM139,-0.12916
TMEM140,0.035343
TMEM141,-0.075818
TMEM143,-0.050766
TMEM144,-0.23855
TMEM145,0.027507
TMEM147,0.092579
TMEM14A,-0.18046
TMEM14B,-0.04459
TMEM14C,0.11924
TMEM150A,0.081205
TMEM150B,0.022639
TMEM150C,-0.12428
TMEM151A,-0.12945
TMEM151B,0.0098285
TMEM154,-0.12558
TMEM155,0.0092073
TMEM156,-0.14565
TMEM158,0.016782
TMEM159,0.06737
TMEM160,-0.012849
TMEM161A,-0.23954
TMEM161B,0.078257
TMEM163,0.10109
TMEM164,-0.22433
TMEM165,-0.004527
TMEM167A,0.0032798
TMEM167B,0.086091
TMEM168,0.14296
TMEM169,-0.06161
TMEM17,0.089329
TMEM170A,-0.024887
TMEM170B,0.13399
TMEM171,0.097329
TMEM173,-0.15409
TMEM174,-0.046183
TMEM175,0.11053
TMEM176A,0.11865
TMEM176B,0.03133
TMEM177,0.14877
TMEM178A,-0.12432
TMEM178B,0.09613
TMEM179,0.089204
TMEM179B,-0.038515
TMEM18,-0.17618
TMEM181,0.029497
TMEM182,0.12124
TMEM183A,0.21584
TMEM184A,0.067313
TMEM184B,0.15976
TMEM184C,0.080942
TMEM185A,-0.11014
TMEM185B,-0.12445
TMEM186,0.0051963
TMEM187,-0.045373
TMEM189,0.027307
TMEM189-UBE2V1,0.034026
TMEM19,0.12343
TMEM190,0.14165
TMEM191B,-0.12651
TMEM191C,-0.1811
TMEM192,-0.15019
TMEM196,-0.095953
TMEM198,0.30533
TMEM2,-0.17164
TMEM200A,0.097313
TMEM200B,0.22009
TMEM200C,0.068266
TMEM201,0.10646
TMEM202,-0.057544
TMEM203,-0.097824
TMEM204,0.1026
TMEM205,0.040791
TMEM206,-0.11967
TMEM207,0.17708
TMEM208,0.048108
TMEM209,0.14181
TMEM210,0.10687
TMEM211,0.026542
TMEM212,-0.060774
TMEM213,0.17132
TMEM214,0.093288
TMEM215,-0.058752
TMEM216,-0.14034
TMEM217,-0.11444
TMEM218,-0.010597
TMEM219,0.13717
TMEM220,0.063148
TMEM221,0.18519
TMEM222,0.024256
TMEM223,0.088747
TMEM225,-0.1491
TMEM225B,0.033022
TMEM229A,-0.063936
TMEM229B,-0.11726
TMEM230,-0.077763
TMEM231,-0.0085554
TMEM232,-0.25783
TMEM233,0.0056418
TMEM234,-0.097457
TMEM235,-0.24437
TMEM236,-0.032633
TMEM237,-0.15911
TMEM238,-0.013873
TMEM240,-0.10111
TMEM241,-0.041831
TMEM242,0.053454
TMEM243,-0.14307
TMEM244,-0.11932
TMEM245,0.094025
TMEM246,-0.0044228
TMEM247,-0.0029412
TMEM248,0.1077
TMEM249,-0.24957
TMEM25,0.15232
TMEM250,-0.019821
TMEM251,-0.075784
TMEM252,-0.11984
TMEM253,-0.10082
TMEM254,0.034783
TMEM255A,0.048443
TMEM255B,0.11244
TMEM256,-0.076582
TMEM257,-0.029459
TMEM258,-0.14237
TMEM259,-0.071274
TMEM26,0.17172
TMEM260,0.015501
TMEM261,-0.016901
TMEM262,0.034602
TMEM263,0.035479
TMEM265,0.11357
TMEM267,-0.064142
TMEM268,0.0085949
TMEM269,0.28607
TMEM27,-0.16309
TMEM30A,-0.06073
TMEM30B,-0.060757
TMEM31,-0.0021782
TMEM33,-0.067319
TMEM35A,0.094761
TMEM35B,0.11931
TMEM37,0.096618
TMEM38A,0.19129
TMEM38B,0.016355
TMEM39A,0.091561
TMEM39B,0.081835
TMEM40,0.11291
TMEM41A,0.0048604
TMEM41B,0.085085
TMEM42,0.064759
TMEM43,-0.02497
TMEM44,-0.078673
TMEM45A,-0.20948
TMEM45B,0.0033246
TMEM47,0.01461
TMEM5,0.0173
TMEM50A,0.098959
TMEM50B,-0.007928
TMEM51,0.041837
TMEM52,0.0088776
TMEM52B,0.030794
TMEM53,-0.098286
TMEM54,0.13927
TMEM55A,-0.48343
TMEM55B,-0.13432
TMEM56,0.083723
TMEM56-RWDD3,0.055532
TMEM57,0.13254
TMEM59,-0.10895
TMEM59L,-0.00017635
TMEM60,-0.44919
TMEM61,-0.060504
TMEM62,0.10737
TMEM63A,0.0084897
TMEM63B,-0.013656
TMEM63C,0.073414
TMEM64,-0.1197
TMEM65,0.010122
TMEM67,0.11788
TMEM68,0.22701
TMEM69,0.0060432
TMEM70,0.071319
TMEM71,-0.12985
TMEM72,0.0056114
TMEM74,-0.12545
TMEM74B,-0.019056
TMEM79,0.039419
TMEM80,0.15834
TMEM81,0.12921
TMEM82,-0.080469
TMEM86A,0.24313
TMEM86B,-0.16725
TMEM87A,-0.09782
TMEM87B,-0.14991
TMEM88,-0.092297
TMEM88B,-0.10589
TMEM89,0.024728
TMEM8A,-0.071965
TMEM8B,-0.033027
TMEM8C,-0.1574
TMEM9,0.04728
TMEM91,-0.067795
TMEM92,-0.13056
TMEM95,-0.041908
TMEM97,-0.086832
TMEM98,-0.0051039
TMEM99,0.020613
TMEM9B,-0.18602
TMF1,-0.16337
TMIE,-0.0058234
TMIGD1,-0.11219
TMIGD2,-0.032068
TMIGD3,0.029917
TMLHE,0.16033
TMOD1,0.012281
TMOD2,-0.024778
TMOD3,-0.18635
TMOD4,-0.029474
TMPO,0.0018292
TMPPE,-0.24321
TMPRSS11A,-0.044478
TMPRSS11B,0.026637
TMPRSS11D,-0.22532
TMPRSS11E,-0.046781
TMPRSS11F,0.24022
TMPRSS12,-0.034477
TMPRSS13,0.065678
TMPRSS15,-0.015471
TMPRSS2,-0.076907
TMPRSS3,-0.075836
TMPRSS4,-0.021471
TMPRSS5,-0.13349
TMPRSS6,-0.028607
TMPRSS7,-0.17356
TMPRSS9,-0.16804
TMSB10,0.0052595
TMSB15A,0.059982
TMSB4X,0.13174
TMSB4Y,0.14372
TMTC1,0.05548
TMTC2,0.06484
TMTC3,0.075281
TMTC4,-0.24707
TMUB1,-0.19945
TMUB2,0.025274
TMX1,-0.38186
TMX2,0.0074174
TMX3,-0.12394
TMX4,0.020801
TNC,0.10504
TNF,0.093364
TNFAIP1,-0.018015
TNFAIP2,0.016873
TNFAIP3,-0.063688
TNFAIP6,0.17305
TNFAIP8,-0.064202
TNFAIP8L1,-0.095269
TNFAIP8L2,0.16471
TNFAIP8L2-SCNM1,0.11082
TNFAIP8L3,0.037276
TNFRSF10A,-0.11876
TNFRSF10B,0.20065
TNFRSF10C,0.079498
TNFRSF10D,-0.20299
TNFRSF11A,0.0031739
TNFRSF11B,-0.044209
TNFRSF12A,0.043674
TNFRSF13B,0.006874
TNFRSF13C,0.066717
TNFRSF14,0.061156
TNFRSF17,-0.044094
TNFRSF18,-0.062263
TNFRSF19,-0.15542
TNFRSF1A,-0.19628
TNFRSF1B,-0.14033
TNFRSF21,0.11183
TNFRSF25,0.11199
TNFRSF4,0.045562
TNFRSF6B,-0.026624
TNFRSF8,-0.023348
TNFRSF9,-0.07951
TNFSF10,0.014507
TNFSF11,-0.25904
TNFSF12,0.033938
TNFSF13,0.077673
TNFSF13B,0.069205
TNFSF14,-0.039603
TNFSF15,0.041825
TNFSF18,-0.14001
TNFSF4,-0.16503
TNFSF8,-0.055516
TNFSF9,-0.012994
TNIK,-0.062733
TNIP1,-0.0012452
TNIP2,-0.20663
TNIP3,-0.074302
TNK1,-0.063398
TNK2,-0.0097132
TNKS,-0.15722
TNKS1BP1,0.077878
TNKS2,0.14474
TNMD,0.090971
TNN,0.032634
TNNC1,0.13453
TNNC2,0.14607
TNNI1,0.18761
TNNI2,-0.10605
TNNI3,0.028936
TNNI3K,-0.0021953
TNNT1,-0.022545
TNNT2,-0.15515
TNNT3,0.023657
TNP1,0.015902
TNP2,-0.02041
TNPO1,0.23936
TNPO2,-0.11242
TNPO3,0.43569
TNR,0.16679
TNRC18,0.058382
TNRC6A,-0.08605
TNRC6B,-0.030652
TNRC6C,0.23767
TNS1,-0.033946
TNS2,0.11183
TNS3,-0.12553
TNS4,0.015988
TNXB,-0.29356
TOB1,-0.046718
TOB2,0.060301
TOE1,-0.091492
TOGARAM1,0.018273
TOGARAM2,-0.14458
TOLLIP,0.11142
TOM1,0.13302
TOM1L1,0.081715
TOM1L2,0.15253
TOMM20,-0.070855
TOMM20L,0.020202
TOMM22,-0.050375
TOMM34,0.084995
TOMM40,-0.055184
TOMM40L,-0.075349
TOMM5,0.1175
TOMM6,-0.19866
TOMM7,-0.075009
TOMM70,0.04043
TONSL,0.61436
TOP1,0.29893
TOP1MT,-0.089871
TOP2A,0.13454
TOP2B,-0.022167
TOP3A,-0.0742
TOP3B,0.091541
TOPAZ1,-0.057804
TOPBP1,0.080538
TOPORS,-0.060971
TOR1A,-0.038687
TOR1AIP1,-0.0077063
TOR1AIP2,-0.076348
TOR1B,0.051775
TOR2A,0.14143
TOR3A,0.085113
TOR4A,0.011713
TOX,0.029981
TOX2,0.099979
TOX3,-0.12371
TOX4,0.03477
TP53,-0.050266
TP53AIP1,0.0066796
TP53BP1,-0.036783
TP53BP2,-0.030342
TP53I11,0.15628
TP53I13,0.076794
TP53I3,0.036151
TP53INP1,0.26345
TP53INP2,-0.033235
TP53RK,0.2005
TP53TG3,-0.10138
TP53TG3E,-0.011404
TP53TG5,-0.0032023
TP63,-0.26222
TP73,0.059749
TPBG,0.27876
TPBGL,-0.11637
TPCN1,-0.26942
TPCN2,-0.049751
TPD52,-0.036984
TPD52L1,-0.032628
TPD52L2,0.2003
TPD52L3,-0.055321
TPGS1,-0.20305
TPGS2,0.052947
TPH1,0.20343
TPH2,0.015473
TPI1,-0.20977
TPK1,0.083049
TPM1,-0.047245
TPM2,0.02041
TPM3,-0.082273
TPM4,0.061525
TPMT,-0.34236
TPO,-0.15022
TPP1,-0.010468
TPP2,0.2953
TPPP,-0.063456
TPPP2,0.078389
TPPP3,0.11076
TPR,0.24594
TPRA1,-0.1542
TPRG1,-0.039704
TPRG1L,0.10028
TPRKB,-0.073989
TPRN,0.071691
TPRX1,-0.061642
TPSAB1,0.15694
TPSB2,-0.011965
TPSD1,-0.11131
TPSG1,-0.052089
TPST1,0.041057
TPST2,0.10422
TPT1,0.40567
TPTE,-0.08167
TPTE2,-0.17609
TPX2,0.12927
TRA2A,0.11747
TRA2B,0.06171
TRABD,0.19602
TRABD2A,-0.13798
TRABD2B,0.13706
TRADD,-0.037312
TRAF1,0.0047729
TRAF2,0.31992
TRAF3,0.17468
TRAF3IP1,-0.22875
TRAF3IP2,-0.12359
TRAF3IP3,0.14967
TRAF4,0.056861
TRAF5,-0.02217
TRAF6,-0.73739
TRAF7,0.13359
TRAFD1,-0.068556
TRAIP,0.79663
TRAK1,0.017949
TRAK2,-0.12371
TRAM1,-0.16597
TRAM1L1,0.14549
TRAM2,0.28974
TRANK1,-0.046504
TRAP1,-0.16718
TRAPPC1,0.1526
TRAPPC10,-0.002337
TRAPPC11,0.0055574
TRAPPC12,-0.011139
TRAPPC13,0.18021
TRAPPC2,-0.18664
TRAPPC2L,0.23229
TRAPPC3,0.074061
TRAPPC3L,0.10042
TRAPPC4,0.1118
TRAPPC5,0.37955
TRAPPC6A,0.032913
TRAPPC6B,-0.063724
TRAPPC8,0.039654
TRAPPC9,-0.060097
TRAT1,-0.22494
TRDMT1,-0.047579
TRDN,-0.099959
TREH,-0.072416
TREM1,0.03708
TREM2,0.1982
TREML1,0.10902
TREML2,-0.14949
TREML4,0.040236
TRERF1,-0.018949
TREX1,-8.1492e-05
TREX2,0.33715
TRH,-0.30113
TRHDE,-0.092813
TRHR,0.21554
TRIAP1,0.040108
TRIB1,0.20457
TRIB2,-0.21337
TRIB3,0.13184
TRIL,-0.059627
TRIM10,-0.11194
TRIM11,-0.076016
TRIM13,-0.20769
TRIM14,0.18648
TRIM15,0.051187
TRIM16,-0.1518
TRIM16L,-0.069459
TRIM17,0.0649
TRIM2,-0.13227
TRIM21,-0.79531
TRIM22,-0.12274
TRIM23,0.020667
TRIM24,-0.14124
TRIM25,0.033865
TRIM26,-0.25821
TRIM27,-0.11057
TRIM28,-0.037627
TRIM29,-0.098836
TRIM3,0.050172
TRIM31,0.054297
TRIM32,0.069103
TRIM33,-0.12477
TRIM34,0.062544
TRIM35,-0.13571
TRIM36,-0.1222
TRIM37,0.07034
TRIM38,-0.11455
TRIM39,0.03159
TRIM39-RPP21,0.033903
TRIM4,-0.020529
TRIM40,-0.041835
TRIM41,0.13394
TRIM42,-0.088538
TRIM43,-0.19494
TRIM43B,-0.023441
TRIM44,-0.033397
TRIM45,0.15466
TRIM46,-0.09281
TRIM47,-0.01274
TRIM48,-0.31555
TRIM49,0.16044
TRIM49B,-0.16323
TRIM49C,0.36497
TRIM49D1,-0.095432
TRIM49D2,0.027266
TRIM5,-0.018879
TRIM50,0.11076
TRIM51,-0.24654
TRIM52,0.094094
TRIM54,-0.037461
TRIM55,-0.036699
TRIM56,-0.091999
TRIM58,0.027766
TRIM59,-0.2049
TRIM6,0.020299
TRIM60,0.10319
TRIM61,0.087361
TRIM62,0.18753
TRIM63,0.058341
TRIM64,0.15432
TRIM64B,0.030539
TRIM64C,0.12984
TRIM65,-0.10304
TRIM66,0.098031
TRIM67,0.054648
TRIM68,0.16708
TRIM69,0.15656
TRIM7,0.021868
TRIM71,0.11847
TRIM72,-0.078341
TRIM73,-0.030906
TRIM77,-0.0034028
TRIM8,0.02661
TRIM9,-0.050737
TRIML1,-0.044335
TRIML2,-0.061084
TRIO,0.29635
TRIOBP,-0.2064
TRIP10,0.11838
TRIP11,-0.11146
TRIP12,0.31313
TRIP13,0.17361
TRIP4,0.00682
TRIP6,-0.049776
TRIQK,-0.10083
TRIT1,0.043709
TRMT1,0.1338
TRMT10A,-0.21943
TRMT10B,0.10518
TRMT10C,0.1683
TRMT11,-0.068515
TRMT112,0.073398
TRMT12,0.068415
TRMT13,0.13395
TRMT1L,-0.029809
TRMT2A,0.183
TRMT2B,-0.19056
TRMT44,-0.021968
TRMT5,-0.19976
TRMT6,0.20515
TRMT61A,-0.020413
TRMT61B,-0.013966
TRMU,-0.063995
TRNAU1AP,-0.16214
TRNP1,-0.078241
TRNT1,0.087529
TRO,-0.20109
TROAP,-0.055859
TROVE2,0.01825
TRPA1,-0.0062248
TRPC1,0.12543
TRPC3,-0.11823
TRPC4,0.067669
TRPC4AP,-0.15718
TRPC5,0.051089
TRPC5OS,0.045248
TRPC6,0.080502
TRPC7,-0.052633
TRPM1,-0.18431
TRPM2,0.030841
TRPM3,-0.028834
TRPM4,0.060897
TRPM5,0.24935
TRPM6,-0.015112
TRPM7,0.092359
TRPM8,-0.10564
TRPS1,0.020943
TRPT1,0.0057125
TRPV1,-0.059433
TRPV2,-0.046123
TRPV3,-0.10969
TRPV4,0.057343
TRPV5,0.0779
TRPV6,0.046579
TRRAP,0.068852
TRUB1,0.14232
TRUB2,0.064532
TSACC,0.012913
TSC1,0.80855
TSC2,0.37433
TSC22D1,0.036668
TSC22D2,-0.13623
TSC22D3,-0.088393
TSC22D4,-0.024339
TSEN15,-0.11317
TSEN2,-0.095517
TSEN34,0.188
TSEN54,0.21318
TSFM,-0.14711
TSG101,0.88005
TSGA10,-0.14067
TSGA10IP,-0.103
TSGA13,0.023504
TSHB,-0.047102
TSHR,-0.14801
TSHZ1,-0.086497
TSHZ2,-0.011115
TSHZ3,-0.12248
TSKS,-0.090791
TSKU,-0.28888
TSLP,-0.23492
TSN,0.044407
TSNARE1,-0.26675
TSNAX,-0.031728
TSNAXIP1,-0.060519
TSPAN1,-0.17805
TSPAN10,-0.15023
TSPAN11,-0.080683
TSPAN12,0.090853
TSPAN13,-0.035646
TSPAN14,-0.12433
TSPAN15,-0.18763
TSPAN16,-0.016593
TSPAN17,0.32379
TSPAN18,-0.1482
TSPAN19,0.10151
TSPAN2,-0.014339
TSPAN3,0.01053
TSPAN31,0.059239
TSPAN32,0.080485
TSPAN33,0.076373
TSPAN4,0.010347
TSPAN5,-0.11012
TSPAN6,-0.11654
TSPAN7,0.13723
TSPAN8,-0.108
TSPAN9,-0.08481
TSPEAR,0.15858
TSPO,-0.094768
TSPO2,-0.067249
TSPOAP1,-0.023655
TSPY1,0.12784
TSPY2,-0.2255
TSPY3,0.14541
TSPY4,-0.15698
TSPY8,-0.14041
TSPYL1,0.1238
TSPYL2,-0.13143
TSPYL4,-0.17291
TSPYL5,0.040363
TSPYL6,0.018346
TSR1,0.22836
TSR2,0.18577
TSR3,0.21785
TSSC1,-0.19172
TSSC4,-0.11866
TSSK1B,0.002464
TSSK2,-0.12457
TSSK3,-0.1179
TSSK4,-0.07146
TSSK6,0.063155
TST,-0.08564
TSTA3,0.017188
TSTD1,-0.023737
TSTD2,-0.073432
TSTD3,0.063763
TTBK1,-0.16949
TTBK2,-0.10719
TTC1,0.0082584
TTC12,0.0089758
TTC13,-0.12377
TTC14,-0.16121
TTC16,-0.14161
TTC17,0.097982
TTC19,-0.22505
TTC21A,0.18656
TTC21B,-0.14346
TTC22,-0.047104
TTC23,-0.15088
TTC23L,-0.026472
TTC24,-0.14146
TTC25,-0.017743
TTC26,-0.096012
TTC27,0.23842
TTC28,-0.18897
TTC29,-0.071056
TTC3,-0.043244
TTC30A,0.067196
TTC30B,0.027896
TTC31,-0.24004
TTC32,-0.064272
TTC33,0.14574
TTC34,0.15054
TTC36,-0.11565
TTC37,0.10864
TTC38,0.057315
TTC39A,0.058597
TTC39B,-0.047559
TTC39C,-0.057939
TTC4,-0.12176
TTC5,0.039749
TTC6,0.25986
TTC7A,0.24074
TTC7B,0.14533
TTC8,-0.0014133
TTC9,-0.13155
TTC9B,-0.023845
TTC9C,-0.15161
TTF1,0.10332
TTF2,0.28412
TTI1,0.00072189
TTI2,0.17368
TTK,0.23901
TTL,-0.017094
TTLL1,-0.061815
TTLL10,0.13159
TTLL11,-0.14108
TTLL12,-0.10416
TTLL2,0.14404
TTLL3,-0.081044
TTLL4,-0.18865
TTLL5,0.031771
TTLL6,-0.053714
TTLL7,0.044873
TTLL8,-0.015539
TTLL9,-0.028386
TTN,-0.0031031
TTPA,-0.22233
TTPAL,0.1789
TTR,-0.028727
TTYH1,0.027069
TTYH2,-0.079133
TTYH3,-0.093229
TUB,-0.086224
TUBA1A,0.027006
TUBA1B,0.21796
TUBA1C,-0.10361
TUBA3C,-0.013331
TUBA3D,0.086277
TUBA3E,0.0050601
TUBA4A,-0.044261
TUBA8,-0.024126
TUBAL3,-0.1229
TUBB,-0.037743
TUBB1,-0.045229
TUBB2A,-0.15009
TUBB2B,-0.040201
TUBB3,0.2487
TUBB4A,0.22192
TUBB4B,0.24619
TUBB6,-0.14528
TUBB8,0.033282
TUBD1,0.065491
TUBE1,-0.11455
TUBG1,0.5222
TUBG2,-0.0089885
TUBGCP2,0.58513
TUBGCP3,0.41857
TUBGCP4,0.27092
TUBGCP5,0.66783
TUBGCP6,0.32145
TUFM,0.039922
TUFT1,-0.041219
TULP1,0.04077
TULP2,0.036306
TULP3,-0.023598
TULP4,0.027336
TUSC1,0.036615
TUSC2,0.12639
TUSC3,0.16572
TUSC5,-0.31166
TUT1,0.20017
TVP23A,-0.12195
TVP23B,0.11198
TVP23C,-0.087587
TWF1,0.025465
TWF2,-0.030769
TWIST1,-0.26496
TWIST2,0.059244
TWISTNB,0.46776
TWNK,0.028112
TWSG1,-0.087832
TXK,-0.21949
TXLNA,0.21798
TXLNB,-0.1321
TXLNG,0.031729
TXN,0.18232
TXN2,-0.077512
TXNDC11,-0.23308
TXNDC12,-0.053112
TXNDC15,-0.072586
TXNDC16,0.1073
TXNDC17,0.20645
TXNDC2,0.021862
TXNDC5,0.090971
TXNDC8,-0.018096
TXNDC9,0.058734
TXNIP,-0.19952
TXNL1,0.16663
TXNL4A,-0.25048
TXNL4B,0.067974
TXNRD1,-0.10019
TXNRD2,-0.046036
TXNRD3,0.14621
TXNRD3NB,-0.19518
TYK2,0.006013
TYMP,-0.0041634
TYMS,0.97912
TYMSOS,0.30393
TYR,-0.033136
TYRO3,0.13129
TYROBP,-0.19582
TYRP1,-0.13746
TYSND1,-0.17155
TYW1,0.16676
TYW1B,-0.039324
TYW3,0.0063663
TYW5,-0.22286
U2AF1,0.78164
U2AF1L4,0.0030012
U2AF1L5,0.027401
U2AF2,0.64932
U2SURP,0.097896
UACA,0.22641
UAP1,0.029129
UAP1L1,0.0099773
UBA1,0.21104
UBA2,-0.17367
UBA3,-0.34319
UBA5,0.10814
UBA52,0.3583
UBA6,-0.057997
UBA7,-0.13141
UBAC1,0.088615
UBAC2,0.11891
UBALD1,-0.051002
UBALD2,-0.088302
UBAP1,0.26599
UBAP1L,0.12012
UBAP2,0.096061
UBAP2L,0.050685
UBASH3A,0.54363
UBASH3B,0.40653
UBB,0.11361
UBC,0.0558
UBD,0.020308
UBE2A,0.063798
UBE2B,0.026908
UBE2C,0.14614
UBE2D1,0.071168
UBE2D2,0.0097015
UBE2D3,0.17858
UBE2D4,-0.17586
UBE2E1,0.34445
UBE2E2,-0.091099
UBE2E3,0.18509
UBE2F,-0.046161
UBE2G1,-0.11838
UBE2G2,0.069195
UBE2H,0.44355
UBE2I,-0.069508
UBE2J1,-0.0060992
UBE2J2,-0.047596
UBE2K,-0.065908
UBE2L3,-0.085047
UBE2L6,-0.075092
UBE2M,-0.25676
UBE2N,-0.076033
UBE2NL,-0.32208
UBE2O,-0.10725
UBE2Q1,0.2453
UBE2Q2,-0.092629
UBE2Q2L,0.11947
UBE2QL1,0.19624
UBE2R2,-0.10643
UBE2S,0.01739
UBE2T,0.28522
UBE2U,-0.00042471
UBE2V1,0.022336
UBE2V2,0.20051
UBE2W,-0.071261
UBE2Z,0.063108
UBE3A,-0.11282
UBE3B,0.12835
UBE3C,0.12281
UBE3D,0.12594
UBE4A,-0.03831
UBE4B,-0.0065883
UBFD1,0.022391
UBIAD1,0.10492
UBL3,0.23478
UBL4A,0.042462
UBL4B,-0.23086
UBL5,-0.00166
UBL7,-0.11885
UBLCP1,0.015427
UBN1,-0.043538
UBN2,-0.073064
UBOX5,0.057448
UBP1,-0.0020757
UBQLN1,0.18635
UBQLN2,-0.24001
UBQLN3,-0.047714
UBQLN4,0.28637
UBQLNL,-0.049608
UBR1,-0.073589
UBR2,0.054882
UBR3,-0.24405
UBR4,-0.13676
UBR5,-0.087753
UBR7,-0.058444
UBTD1,0.34718
UBTD2,0.10083
UBTF,0.019746
UBTFL1,-0.13247
UBXN1,0.096047
UBXN10,0.17378
UBXN11,0.025495
UBXN2A,0.054153
UBXN2B,0.077049
UBXN4,0.1434
UBXN6,0.14479
UBXN7,-0.013921
UBXN8,0.099184
UCHL1,0.085697
UCHL3,-0.053082
UCHL5,-0.057061
UCK1,-0.012424
UCK2,-0.06364
UCKL1,0.095784
UCMA,0.10713
UCN,0.090082
UCN2,0.025307
UCN3,-0.067807
UCP1,-0.05296
UCP2,0.15318
UCP3,-0.13103
UEVLD,0.064603
UFC1,0.072443
UFD1,0.20602
UFL1,0.14196
UFM1,0.027297
UFSP1,0.085667
UFSP2,-0.26526
UGCG,0.037373
UGDH,-0.065499
UGGT1,-0.045091
UGGT2,-0.09196
UGP2,0.062458
UGT1A1,0.1165
UGT1A10,-0.059253
UGT1A3,0.071068
UGT1A4,-0.082837
UGT1A5,-0.077264
UGT1A6,0.075683
UGT1A7,-0.11887
UGT1A8,0.023453
UGT1A9,0.1596
UGT2A1,-0.16857
UGT2A2,0.10206
UGT2A3,-0.15842
UGT2B10,0.067397
UGT2B11,-0.12865
UGT2B15,-0.022845
UGT2B17,-0.010372
UGT2B28,-0.0014225
UGT2B4,-0.060098
UGT2B7,-0.16259
UGT3A1,0.045915
UGT3A2,0.043376
UGT8,-0.2008
UHMK1,-0.059949
UHRF1,0.042304
UHRF1BP1,0.092693
UHRF1BP1L,-0.0584
UHRF2,0.079995
UIMC1,0.11112
ULBP1,-0.12889
ULBP2,0.018697
ULBP3,-0.008336
ULK1,0.21877
ULK2,-0.015332
ULK3,-0.065814
ULK4,0.14712
UMAD1,-0.083547
UMOD,-0.086489
UMODL1,-0.042092
UMPS,0.59238
UNC119,-0.1326
UNC119B,0.12191
UNC13A,-0.091588
UNC13B,0.186
UNC13C,-0.092682
UNC13D,0.025384
UNC45A,-0.17697
UNC45B,-0.0095058
UNC50,-0.18481
UNC5A,0.030866
UNC5B,-0.087435
UNC5C,0.11117
UNC5CL,-0.12494
UNC5D,-0.030139
UNC79,-0.12484
UNC80,-0.010001
UNC93A,-0.1821
UNC93B1,0.1316
UNCX,0.010346
UNG,-0.28657
UNK,0.14934
UNKL,-0.0991
UPB1,0.083817
UPF1,0.70601
UPF2,0.040385
UPF3A,-0.080921
UPF3B,-0.23638
UPK1A,-0.22882
UPK1B,-0.10873
UPK2,0.0056572
UPK3A,-0.29187
UPK3B,0.0059207
UPK3BL,0.0084322
UPP1,0.026207
UPP2,-0.060559
UPRT,-0.044587
UQCC1,0.026659
UQCC2,0.0074845
UQCC3,0.095546
UQCR10,0.076353
UQCR11,0.053164
UQCRB,0.22634
UQCRC1,0.017931
UQCRC2,0.043777
UQCRFS1,0.14432
UQCRH,-0.086033
UQCRHL,-0.22843
UQCRQ,0.0621
URAD,-0.033262
URB1,0.038456
URB2,0.16891
URGCP,-0.15318
URI1,0.092842
URM1,-0.034879
UROC1,-0.10433
UROD,-0.23651
UROS,0.05797
USB1,0.046754
USE1,0.25037
USF1,-0.098935
USF2,0.019525
USH1C,-0.12929
USH1G,0.06636
USH2A,0.10823
USHBP1,0.015097
USMG5,-0.023547
USO1,0.063504
USP1,-0.010929
USP10,-0.017263
USP11,-0.22238
USP12,0.32551
USP13,-0.22222
USP14,0.03691
USP15,-0.1844
USP16,-0.036804
USP17L1,0.15845
USP17L10,0.25585
USP17L11,0.01473
USP17L12,-0.092414
USP17L13,-0.043054
USP17L18,-0.19344
USP17L2,-0.083183
USP17L20,-0.039773
USP17L24,0.061582
USP17L26,0.20561
USP17L3,0.066546
USP17L7,-0.17503
USP17L8,0.041198
USP18,-0.16278
USP19,-0.046145
USP2,0.033829
USP20,0.050466
USP21,-0.077694
USP22,0.13004
USP24,-0.25081
USP25,-0.15213
USP26,-0.039071
USP27X,-0.27887
USP28,-0.13142
USP29,-0.032645
USP3,0.11499
USP30,-0.097075
USP31,0.063319
USP32,-0.09557
USP33,-0.016064
USP34,0.086908
USP35,0.03355
USP36,-0.034363
USP37,0.2559
USP38,0.12409
USP39,0.17834
USP4,-0.068738
USP40,-0.040021
USP41,-0.05362
USP42,-0.019717
USP43,-0.10551
USP44,0.064555
USP45,-0.12173
USP46,0.0081557
USP47,0.070525
USP48,-0.072511
USP49,-0.080428
USP5,0.3419
USP50,-0.063051
USP51,-0.11125
USP53,-0.011887
USP54,-0.10693
USP6,0.10419
USP6NL,-0.01982
USP7,0.13261
USP8,0.28409
USP9X,-0.037994
USP9Y,-0.12584
USPL1,0.2108
UST,-0.026068
UTF1,0.0061852
UTP11,0.39774
UTP14A,0.47196
UTP14C,-0.030361
UTP15,0.58644
UTP18,0.016732
UTP20,0.3299
UTP23,-0.19932
UTP3,0.28674
UTP6,0.36799
UTRN,-0.026133
UTS2,0.19014
UTS2B,-0.089242
UTS2R,-0.063343
UTY,0.10313
UVRAG,0.20643
UVSSA,0.20029
UXS1,0.0085207
UXT,0.027198
VAC14,-0.03232
VAMP1,0.049521
VAMP2,-0.052548
VAMP3,0.2272
VAMP4,0.075828
VAMP5,-0.13031
VAMP7,0.27934
VAMP8,-0.065587
VANGL1,-0.090354
VANGL2,-0.065487
VAPA,-0.089104
VAPB,0.037345
VARS,0.087842
VARS2,0.040625
VASH1,-0.12053
VASH2,-0.0096727
VASN,-0.0027436
VASP,-0.01817
VAT1,-0.0061187
VAT1L,-0.0024331
VAV1,-2.916
VAV2,0.076403
VAV3,-0.25189
VAX1,0.087746
VAX2,-0.14308
VBP1,-0.078284
VCAM1,-0.015362
VCAN,-0.030723
VCL,-0.020592
VCP,0.6611
VCPIP1,-0.093745
VCPKMT,-0.054322
VCX,0.13875
VCX2,0.038499
VCX3A,0.050156
VCY,0.0020921
VCY1B,0.051952
VDAC1,0.028779
VDAC2,0.25026
VDAC3,0.16626
VDR,0.12392
VEGFA,0.11969
VEGFB,0.11615
VEGFC,-0.17729
VEGFD,0.043823
VENTX,0.2161
VEPH1,-0.071657
VEZF1,0.038121
VEZT,-0.031408
VGF,-0.057154
VGLL1,-0.051637
VGLL2,0.04461
VGLL3,-0.046636
VGLL4,-0.03382
VHL,0.19239
VHLL,0.024668
VIL1,-0.22583
VILL,-0.11041
VIM,-0.11014
VIP,-0.1036
VIPAS39,0.069196
VIPR1,0.027018
VIPR2,-0.034649
VIT,-0.082026
VKORC1,0.030136
VKORC1L1,0.18758
VLDLR,-0.039526
VMA21,0.28594
VMAC,-0.10086
VMO1,-0.011169
VMP1,-0.022692
VN1R1,-0.12205
VN1R2,-0.20031
VN1R4,-0.062053
VN1R5,0.031065
VNN1,0.091777
VNN2,-0.17002
VNN3,-0.15295
VOPP1,-0.094928
VPREB1,-0.10254
VPREB3,-0.018675
VPS11,0.12978
VPS13A,-0.063094
VPS13B,-0.056354
VPS13C,-0.05688
VPS13D,0.17029
VPS16,0.20036
VPS18,0.30161
VPS25,-0.077257
VPS26A,-0.29911
VPS26B,0.10969
VPS28,0.77447
VPS29,-0.75477
VPS33A,0.084537
VPS33B,0.0025671
VPS35,-0.66985
VPS36,0.065563
VPS37A,-0.0068394
VPS37B,0.14346
VPS37C,-0.13273
VPS37D,0.025866
VPS39,-0.0040157
VPS41,-0.06353
VPS45,0.17669
VPS4A,0.20295
VPS4B,-0.018241
VPS51,0.17543
VPS52,-0.18354
VPS53,0.032786
VPS54,0.0025772
VPS72,0.22189
VPS8,0.2984
VPS9D1,0.0068237
VRK1,0.25253
VRK2,0.12692
VRK3,0.056841
VRTN,0.11305
VSIG1,0.0037856
VSIG10,-0.09044
VSIG10L,-0.12325
VSIG10L2,0.038939
VSIG2,-0.019683
VSIG4,-0.073333
VSIG8,0.018013
VSIR,0.13407
VSNL1,-0.20303
VSTM1,0.065468
VSTM2A,0.065186
VSTM2B,-0.14312
VSTM2L,0.24683
VSTM4,-0.054877
VSTM5,0.0032374
VSX1,-0.066756
VSX2,0.15549
VTA1,-0.051178
VTCN1,-0.071743
VTI1A,0.11803
VTI1B,-0.036043
VTN,0.090618
VWA1,0.093404
VWA2,-0.078404
VWA3A,-0.048619
VWA3B,0.052679
VWA5A,-0.29319
VWA5B1,-0.25886
VWA5B2,-0.10613
VWA7,0.15924
VWA8,0.25923
VWC2,0.2069
VWC2L,0.095926
VWCE,-0.0083659
VWDE,0.10894
VWF,0.21343
WAC,-0.23276
WARS,-0.028572
WARS2,0.095034
WAS,-0.98659
WASF1,0.099507
WASF2,0.19559
WASF3,-0.1282
WASHC1,-0.026239
WASHC2A,-0.050926
WASHC2C,0.0435
WASHC3,0.12546
WASHC4,0.023871
WASHC5,-0.037861
WASL,0.095842
WBP1,0.01007
WBP11,0.13133
WBP1L,-0.090349
WBP2,-0.072371
WBP2NL,-0.1961
WBP4,-0.016825
WBSCR17,0.0050215
WBSCR28,0.14902
WDCP,-0.1865
WDFY1,0.04565
WDFY2,0.0369
WDFY3,0.11699
WDFY4,0.012799
WDHD1,0.32099
WDPCP,0.11132
WDR1,-0.21346
WDR11,-0.24311
WDR12,0.42737
WDR13,0.047574
WDR17,-0.15673
WDR18,0.068852
WDR19,-0.025021
WDR20,-0.03795
WDR24,0.10522
WDR25,0.31825
WDR26,-0.12274
WDR27,0.011098
WDR3,0.33659
WDR31,0.048179
WDR33,0.12417
WDR34,-0.03534
WDR35,-0.061252
WDR36,0.36754
WDR37,-0.12082
WDR38,-0.16769
WDR4,0.044169
WDR41,0.13018
WDR43,0.24109
WDR44,-0.036969
WDR45,0.47088
WDR45B,0.18085
WDR46,0.17839
WDR47,-0.07004
WDR48,0.076815
WDR49,0.021125
WDR5,0.81915
WDR53,0.147
WDR54,-0.10631
WDR55,0.11403
WDR59,-0.15153
WDR5B,-0.11844
WDR6,-0.095819
WDR60,0.29686
WDR61,0.3427
WDR62,-0.022155
WDR63,-0.0050147
WDR64,-0.046877
WDR66,0.04432
WDR7,0.042575
WDR70,0.12518
WDR72,-0.062414
WDR73,-0.088835
WDR74,0.33479
WDR75,0.31231
WDR76,-0.10894
WDR77,0.26508
WDR78,0.10392
WDR81,-0.033186
WDR82,0.12205
WDR83,-0.073938
WDR83OS,0.014417
WDR86,-0.06279
WDR87,0.025666
WDR88,-0.08229
WDR89,-0.18373
WDR90,-0.0024695
WDR91,-0.044492
WDR92,-0.037774
WDR93,-0.12462
WDSUB1,0.19555
WDTC1,-0.059965
WDYHV1,-0.039719
WEE1,-0.17798
WEE2,-0.12643
WFDC1,-0.029094
WFDC10A,0.023334
WFDC10B,0.086186
WFDC11,-0.063926
WFDC12,-0.12304
WFDC13,-0.094844
WFDC2,-0.034182
WFDC3,-0.056472
WFDC5,-0.060452
WFDC6,-0.0048887
WFDC8,-0.066989
WFDC9,0.093184
WFIKKN1,-0.04202
WFIKKN2,-0.11973
WFS1,0.18494
WHAMM,0.016669
WHRN,0.013502
WI2-2373I1.2,0.22178
WIF1,0.033561
WIPF1,-0.047424
WIPF2,-0.016892
WIPF3,-0.063718
WIPI1,-0.040036
WIPI2,0.25175
WISP1,-0.1135
WISP2,-0.098247
WISP3,0.13991
WIZ,0.38476
WLS,-0.051753
WNK1,-0.11798
WNK2,-0.091989
WNK3,0.04998
WNK4,-0.0089363
WNT1,0.0053591
WNT10A,0.10409
WNT10B,-0.091627
WNT11,-0.066327
WNT16,-0.15254
WNT2,-0.16829
WNT2B,0.18177
WNT3,-0.17826
WNT3A,0.19544
WNT4,0.39013
WNT5A,0.03889
WNT5B,0.12225
WNT6,-0.10665
WNT7A,-0.15859
WNT7B,0.04432
WNT8A,0.20219
WNT8B,-0.24231
WNT9A,0.055181
WNT9B,0.03726
WRAP53,0.01363
WRAP73,0.051669
WRB,-0.27775
WRN,0.0045182
WRNIP1,-0.19093
WSB1,0.042999
WSB2,-0.046608
WSCD1,-0.09545
WSCD2,0.095297
WT1,0.027875
WTAP,0.1185
WTH3DI,-0.018993
WTIP,0.077575
WWC1,-0.14886
WWC2,0.18248
WWC3,0.24698
WWOX,0.018948
WWP1,0.11734
WWP2,-0.0069479
WWTR1,-0.099967
XAB2,0.41351
XAF1,0.060864
XAGE1B,0.35686
XAGE1E,0.12956
XAGE2,0.037445
XAGE3,0.037867
XAGE5,0.030729
XBP1,-0.17879
XCL1,0.0072511
XCL2,-0.1396
XCR1,-0.17013
XDH,-0.086861
XG,0.045745
XIAP,-0.062923
XIRP1,-0.04947
XIRP2,-0.162
XK,0.10902
XKR3,0.071414
XKR4,0.019011
XKR5,-0.1591
XKR6,-0.14332
XKR7,0.042191
XKR8,0.17689
XKR9,-0.11943
XKRX,-0.041315
XKRY,-0.049355
XPA,0.1492
XPC,0.10705
XPNPEP1,-0.18864
XPNPEP2,-0.10047
XPNPEP3,-0.05955
XPO1,0.34959
XPO4,0.047778
XPO5,-0.16676
XPO6,-0.1452
XPO7,0.035701
XPOT,-0.23325
XPR1,-0.17208
XRCC1,0.27993
XRCC2,0.1795
XRCC3,0.36754
XRCC4,0.15338
XRCC5,-0.3674
XRCC6,-0.22206
XRN1,0.30279
XRN2,0.059773
XRRA1,-0.0025315
XXYLT1,-0.0094806
XYLB,-0.11917
XYLT1,0.27896
XYLT2,-0.0016836
YAE1D1,0.26361
YAF2,0.0023117
YAP1,-0.0863
YARS,-0.06168
YARS2,0.055216
YBEY,0.14487
YBX1,0.265
YBX2,0.10243
YBX3,0.080651
YDJC,-0.13881
YEATS2,0.0346
YEATS4,0.45838
YES1,-0.12901
YIF1A,-0.094146
YIF1B,0.11042
YIPF1,-0.063794
YIPF2,0.14497
YIPF3,0.20761
YIPF4,-0.1411
YIPF5,0.013207
YIPF6,0.16725
YIPF7,-0.27606
YJEFN3,-0.10517
YKT6,-0.039186
YLPM1,-0.029124
YME1L1,-0.10025
YOD1,-0.12022
YPEL1,-0.13667
YPEL2,0.10162
YPEL3,-0.14764
YPEL4,0.037823
YPEL5,0.014726
YRDC,0.088107
YTHDC1,0.014029
YTHDC2,-0.12749
YTHDF1,-0.011334
YTHDF2,0.28917
YTHDF3,0.10167
YWHAB,0.014427
YWHAE,0.14877
YWHAG,-0.16099
YWHAH,0.1981
YWHAQ,0.07504
YWHAZ,-0.052884
YY1,-0.12781
YY1AP1,-0.021352
YY2,-0.22262
ZACN,-0.17165
ZADH2,-0.040772
ZAN,-0.056291
ZAP70,-2.7808
ZAR1,0.35393
ZAR1L,0.060986
ZASP,0.11841
ZBBX,0.10294
ZBED1,-0.13894
ZBED2,-0.098075
ZBED3,-0.095264
ZBED4,0.029259
ZBED5,0.13866
ZBED6,-0.1333
ZBED6CL,-0.001556
ZBED8,0.029334
ZBED9,0.053269
ZBP1,0.0070346
ZBTB1,0.15634
ZBTB10,-0.31039
ZBTB11,0.023652
ZBTB12,-0.15083
ZBTB14,-0.029823
ZBTB16,0.029951
ZBTB17,-0.1694
ZBTB18,-0.1225
ZBTB2,0.057504
ZBTB20,-0.27773
ZBTB21,-0.22532
ZBTB22,0.04131
ZBTB24,0.33009
ZBTB25,0.01759
ZBTB26,-0.09666
ZBTB3,-0.0001947
ZBTB32,0.27324
ZBTB33,-0.095382
ZBTB34,0.10354
ZBTB37,-0.029043
ZBTB38,0.13471
ZBTB39,0.030568
ZBTB4,0.23452
ZBTB40,-0.082319
ZBTB41,0.037078
ZBTB42,0.0041952
ZBTB43,-0.0016064
ZBTB44,0.13224
ZBTB45,0.14594
ZBTB46,0.21506
ZBTB47,-0.17819
ZBTB48,-0.16754
ZBTB49,0.02022
ZBTB5,-0.15334
ZBTB6,-0.054151
ZBTB7A,-0.0031567
ZBTB7B,0.011754
ZBTB7C,0.10847
ZBTB8A,0.13495
ZBTB8B,0.0063284
ZBTB8OS,0.18581
ZBTB9,-0.13034
ZC2HC1A,0.07527
ZC2HC1B,-0.0051697
ZC2HC1C,-0.028983
ZC3H10,0.014466
ZC3H11A,-0.094436
ZC3H12A,0.38416
ZC3H12B,-0.03778
ZC3H12C,-0.02351
ZC3H12D,-0.006726
ZC3H13,0.15419
ZC3H14,0.30966
ZC3H15,0.021919
ZC3H18,0.28465
ZC3H3,0.26658
ZC3H4,-0.30501
ZC3H6,-0.13457
ZC3H7A,-0.042454
ZC3H7B,-0.14496
ZC3H8,0.19428
ZC3HAV1,-0.13931
ZC3HAV1L,-0.1482
ZC3HC1,0.18362
ZC4H2,-0.27564
ZCCHC10,0.082134
ZCCHC11,-0.05205
ZCCHC12,0.075668
ZCCHC13,-0.075761
ZCCHC14,0.039439
ZCCHC17,-0.18196
ZCCHC18,0.059908
ZCCHC2,-0.096988
ZCCHC24,0.055873
ZCCHC3,0.10477
ZCCHC4,0.069085
ZCCHC6,-0.02287
ZCCHC7,-0.10016
ZCCHC8,-0.063466
ZCCHC9,0.29878
ZCRB1,-0.034813
ZCWPW1,0.17371
ZCWPW2,0.24399
ZDBF2,0.079523
ZDHHC1,0.0071909
ZDHHC11,-0.033817
ZDHHC11B,0.055039
ZDHHC12,-0.14874
ZDHHC13,0.0064587
ZDHHC14,0.21138
ZDHHC15,-0.014961
ZDHHC16,0.0020541
ZDHHC17,-0.27345
ZDHHC18,0.19336
ZDHHC19,0.074638
ZDHHC2,0.21042
ZDHHC20,-0.25483
ZDHHC21,-0.067582
ZDHHC22,0.074777
ZDHHC23,0.15262
ZDHHC24,0.082536
ZDHHC3,-0.010898
ZDHHC4,0.14649
ZDHHC5,0.099721
ZDHHC6,0.1199
ZDHHC7,0.13379
ZDHHC8,0.067187
ZDHHC9,-0.13978
ZEB1,0.35088
ZEB2,0.15013
ZER1,-0.047794
ZFAND1,-0.085305
ZFAND2A,0.12476
ZFAND2B,0.18763
ZFAND3,-0.054395
ZFAND4,-0.070186
ZFAND5,-0.010647
ZFAND6,0.09961
ZFAT,-0.10355
ZFC3H1,-0.0034201
ZFHX2,-0.026712
ZFHX3,0.023377
ZFHX4,0.20648
ZFP1,0.28154
ZFP14,0.16725
ZFP2,0.017009
ZFP28,0.0079761
ZFP3,-0.13208
ZFP30,-0.059154
ZFP36,-0.017196
ZFP36L1,0.29647
ZFP36L2,0.011247
ZFP37,0.044455
ZFP41,-0.17688
ZFP42,0.1472
ZFP57,-0.035847
ZFP62,0.08181
ZFP64,-0.20732
ZFP69,0.12166
ZFP69B,-0.062836
ZFP82,-0.14087
ZFP90,0.093885
ZFP91,0.2541
ZFP92,-0.17531
ZFPL1,0.075113
ZFPM1,0.028562
ZFPM2,0.24372
ZFR,0.031373
ZFR2,0.11902
ZFX,0.15958
ZFY,-0.011794
ZFYVE1,0.21719
ZFYVE16,-0.0051672
ZFYVE19,-0.078387
ZFYVE21,0.29101
ZFYVE26,0.026178
ZFYVE27,0.14991
ZFYVE28,0.11593
ZFYVE9,0.21787
ZG16,-0.19057
ZG16B,0.075319
ZGLP1,-0.27036
ZGPAT,0.040493
ZGRF1,-0.10059
ZHX1,0.087502
ZHX1-C8orf76,-0.12265
ZHX2,-0.053088
ZHX3,0.33095
ZIC1,-0.12323
ZIC2,0.21378
ZIC3,0.095965
ZIC4,-0.16661
ZIC5,-0.083698
ZIK1,-0.21284
ZIM3,0.049688
ZKSCAN1,-0.062149
ZKSCAN2,0.050044
ZKSCAN3,-0.10049
ZKSCAN4,0.20447
ZKSCAN5,0.096504
ZKSCAN7,0.16168
ZKSCAN8,-0.034169
ZMAT1,0.033695
ZMAT2,0.45278
ZMAT3,0.016687
ZMAT4,0.00045335
ZMAT5,0.19
ZMIZ1,0.10522
ZMIZ2,0.2646
ZMPSTE24,0.17228
ZMYM1,-0.25419
ZMYM2,0.010125
ZMYM3,-0.1353
ZMYM4,0.13984
ZMYM5,-0.0015066
ZMYM6,-0.094664
ZMYND10,-0.19766
ZMYND11,-0.27676
ZMYND12,-0.10232
ZMYND15,0.083213
ZMYND19,-0.090801
ZMYND8,-0.28794
ZNF10,-0.035533
ZNF100,-0.26126
ZNF101,0.052658
ZNF106,-0.17629
ZNF107,0.1043
ZNF112,-0.118
ZNF114,-0.042308
ZNF117,-0.10071
ZNF12,-0.11089
ZNF121,-0.11161
ZNF124,-0.17885
ZNF131,0.13317
ZNF132,-0.089597
ZNF133,-0.014988
ZNF134,-0.04525
ZNF135,-0.14103
ZNF136,0.094942
ZNF138,0.081307
ZNF14,0.051217
ZNF140,-0.0090088
ZNF141,-0.17883
ZNF142,-0.018961
ZNF143,0.25551
ZNF146,0.12808
ZNF148,0.35097
ZNF154,0.12684
ZNF155,-0.033917
ZNF157,-0.11089
ZNF16,-0.09369
ZNF160,-0.023878
ZNF165,-0.075838
ZNF169,-0.033018
ZNF17,0.044312
ZNF174,-0.078421
ZNF175,-0.064889
ZNF177,0.04269
ZNF18,0.082749
ZNF180,-0.015058
ZNF181,0.0072636
ZNF182,0.007205
ZNF184,-0.0032935
ZNF185,0.034538
ZNF189,-0.064018
ZNF19,-0.19606
ZNF195,0.026256
ZNF197,-0.064
ZNF2,0.081209
ZNF20,0.069265
ZNF200,0.058391
ZNF202,0.067049
ZNF205,-0.0094473
ZNF207,0.083388
ZNF208,-0.15899
ZNF211,-0.10671
ZNF212,-0.075633
ZNF213,-0.07278
ZNF214,0.0098683
ZNF215,-0.088187
ZNF217,0.015504
ZNF219,-0.074645
ZNF22,-0.017518
ZNF221,-0.044153
ZNF222,-0.14116
ZNF223,0.064531
ZNF224,-0.016849
ZNF225,0.0098798
ZNF226,0.034265
ZNF227,0.044901
ZNF229,0.0094431
ZNF23,0.055744
ZNF230,0.21021
ZNF232,-0.01566
ZNF233,-0.14552
ZNF234,0.082936
ZNF235,0.11517
ZNF236,0.31056
ZNF239,-0.097474
ZNF24,-0.079186
ZNF248,-0.2133
ZNF25,-0.1683
ZNF251,0.12829
ZNF253,0.29442
ZNF254,0.086126
ZNF256,0.085195
ZNF257,-0.083805
ZNF26,-0.077877
ZNF260,0.032269
ZNF263,-0.084979
ZNF264,-0.086084
ZNF266,-0.019321
ZNF267,-0.11285
ZNF268,-0.19024
ZNF273,-0.032356
ZNF274,-0.047565
ZNF275,-0.0042307
ZNF276,0.096241
ZNF277,-0.11877
ZNF28,0.087716
ZNF280A,0.088792
ZNF280B,0.090824
ZNF280C,0.082582
ZNF280D,-0.085033
ZNF281,-0.17359
ZNF282,-0.013652
ZNF283,0.13561
ZNF285,-0.14334
ZNF286A,-0.058393
ZNF286B,-0.15775
ZNF287,0.13877
ZNF292,-0.15018
ZNF296,-0.0068272
ZNF3,0.013893
ZNF30,0.013888
ZNF300,0.093885
ZNF302,-0.13554
ZNF304,0.023639
ZNF311,-0.14306
ZNF316,-0.030777
ZNF317,-0.049098
ZNF318,-0.13332
ZNF319,0.15498
ZNF32,0.053014
ZNF320,-0.14948
ZNF322,-0.087661
ZNF324,0.12083
ZNF324B,0.051283
ZNF326,0.020687
ZNF329,0.03492
ZNF330,0.12166
ZNF331,-0.040601
ZNF333,-0.018932
ZNF334,-0.049592
ZNF335,0.12645
ZNF337,0.20103
ZNF33A,-0.048839
ZNF33B,0.04915
ZNF34,-0.13032
ZNF341,0.0011696
ZNF343,0.017234
ZNF345,0.076928
ZNF346,0.092131
ZNF347,-0.026567
ZNF35,0.020079
ZNF350,-0.030255
ZNF354A,-0.0031083
ZNF354B,-0.087287
ZNF354C,0.070193
ZNF358,0.07496
ZNF362,0.23524
ZNF365,0.072179
ZNF366,0.086443
ZNF367,-0.015556
ZNF37A,0.1983
ZNF382,0.12747
ZNF383,0.070234
ZNF384,0.23085
ZNF385A,-0.11075
ZNF385B,0.095877
ZNF385C,0.18014
ZNF385D,-0.31846
ZNF391,0.0073392
ZNF394,-0.14987
ZNF395,0.022064
ZNF396,0.0068699
ZNF397,-0.099688
ZNF398,-0.083172
ZNF404,0.15439
ZNF407,0.33071
ZNF408,-0.036681
ZNF41,-0.049461
ZNF410,-0.10611
ZNF414,-0.0063779
ZNF415,-0.090576
ZNF416,0.10785
ZNF417,-0.038882
ZNF418,-0.18932
ZNF419,0.18795
ZNF420,-0.21372
ZNF423,0.0041699
ZNF425,-0.13603
ZNF426,-0.042783
ZNF428,0.043573
ZNF429,0.082977
ZNF43,-0.092963
ZNF430,-0.18517
ZNF431,-0.13139
ZNF432,0.10571
ZNF433,-0.011185
ZNF436,-0.047704
ZNF438,-0.29469
ZNF439,0.096293
ZNF44,0.091784
ZNF440,-0.14195
ZNF441,0.099049
ZNF442,-0.084149
ZNF443,-0.17141
ZNF444,-0.15479
ZNF445,-0.18654
ZNF446,-0.10158
ZNF449,0.14866
ZNF45,0.083253
ZNF451,0.092744
ZNF454,-0.10422
ZNF460,0.0030716
ZNF461,0.044872
ZNF462,-0.050434
ZNF467,-0.1682
ZNF468,0.013611
ZNF469,0.0027188
ZNF470,0.12759
ZNF471,0.012025
ZNF473,-0.082066
ZNF474,-0.22223
ZNF479,-0.15808
ZNF48,-0.036908
ZNF480,-0.086296
ZNF483,-0.019689
ZNF484,-0.23984
ZNF485,0.05416
ZNF486,0.065612
ZNF488,0.10043
ZNF490,-0.15993
ZNF491,-0.17236
ZNF492,0.013778
ZNF493,-0.029959
ZNF496,0.23195
ZNF497,0.24892
ZNF500,-0.077326
ZNF501,-0.060813
ZNF502,0.11672
ZNF503,-0.18935
ZNF506,0.10387
ZNF507,0.066797
ZNF510,-0.093259
ZNF511,0.13157
ZNF511-PRAP1,0.02915
ZNF512,-0.089738
ZNF512B,0.23184
ZNF513,0.050747
ZNF514,0.05209
ZNF516,-0.11038
ZNF517,-0.007224
ZNF518A,-0.002473
ZNF518B,0.14968
ZNF519,0.056433
ZNF521,-0.12553
ZNF524,0.062186
ZNF526,-0.088942
ZNF527,0.31457
ZNF528,-0.19181
ZNF529,-0.057608
ZNF530,0.076717
ZNF532,0.05855
ZNF534,-0.0026248
ZNF536,-0.37609
ZNF540,-0.11874
ZNF541,0.048942
ZNF543,0.090194
ZNF544,-0.023407
ZNF546,-0.1891
ZNF547,0.078311
ZNF548,-0.11985
ZNF549,-0.013145
ZNF550,-0.0090469
ZNF551,-0.13704
ZNF552,0.13547
ZNF554,0.072375
ZNF555,-0.05992
ZNF556,0.1125
ZNF557,0.19492
ZNF558,0.16419
ZNF559,0.018057
ZNF560,-0.15864
ZNF561,0.079748
ZNF562,-0.070377
ZNF563,0.011678
ZNF564,-0.11606
ZNF565,-0.089195
ZNF566,0.12948
ZNF567,0.053627
ZNF568,-0.20196
ZNF569,-0.073162
ZNF57,-0.19188
ZNF570,-0.041193
ZNF571,-0.21742
ZNF572,-0.066552
ZNF573,-0.093735
ZNF574,0.18031
ZNF575,0.046232
ZNF576,-0.086617
ZNF577,0.11307
ZNF578,0.068484
ZNF579,-0.10891
ZNF580,0.10735
ZNF581,-0.015236
ZNF582,-0.12187
ZNF583,-0.049612
ZNF584,0.071154
ZNF585A,-0.13668
ZNF585B,-0.03369
ZNF586,-0.15846
ZNF587,-0.083811
ZNF589,-0.042389
ZNF592,0.17008
ZNF593,0.20362
ZNF594,0.026165
ZNF595,-0.060564
ZNF596,0.14044
ZNF597,-0.24302
ZNF598,0.24147
ZNF599,0.05189
ZNF600,0.080336
ZNF605,0.072371
ZNF606,-0.091599
ZNF607,0.027452
ZNF608,0.051423
ZNF609,-0.075794
ZNF610,-0.084458
ZNF611,0.026282
ZNF613,0.13579
ZNF614,0.078061
ZNF615,0.042101
ZNF616,0.11249
ZNF618,-0.069816
ZNF619,-0.02857
ZNF620,0.22844
ZNF621,-0.055404
ZNF622,0.073012
ZNF623,-0.0068339
ZNF624,0.054087
ZNF625,0.049814
ZNF626,0.11908
ZNF627,-0.16563
ZNF628,-0.10494
ZNF629,0.022387
ZNF630,0.04018
ZNF638,-0.25088
ZNF639,-0.074401
ZNF641,-0.06408
ZNF644,0.020486
ZNF645,-0.076371
ZNF646,0.07267
ZNF648,0.31113
ZNF649,0.059646
ZNF652,-0.071553
ZNF653,0.1237
ZNF654,0.093563
ZNF655,0.063632
ZNF658,0.092226
ZNF660,-0.095142
ZNF662,0.01761
ZNF664,0.1393
ZNF665,0.13305
ZNF667,-0.1269
ZNF668,0.032626
ZNF669,-0.13872
ZNF670,0.13169
ZNF671,-0.1549
ZNF672,0.15197
ZNF674,-0.029777
ZNF675,-0.050291
ZNF676,-0.039878
ZNF677,0.21318
ZNF678,-0.067056
ZNF679,0.12117
ZNF680,0.058482
ZNF681,-0.0083906
ZNF682,-0.066292
ZNF683,0.022659
ZNF684,-0.0049526
ZNF687,0.083421
ZNF688,-0.14463
ZNF689,0.022571
ZNF69,-0.24364
ZNF691,0.11659
ZNF692,-0.069166
ZNF695,0.36114
ZNF696,0.079382
ZNF697,-0.15948
ZNF699,-0.069019
ZNF7,-0.0001413
ZNF70,-0.12745
ZNF700,0.077295
ZNF701,0.012458
ZNF703,-0.1523
ZNF704,-0.0049898
ZNF705A,-0.067617
ZNF705B,0.195
ZNF705D,-0.11047
ZNF705E,-0.00016343
ZNF705G,-0.073994
ZNF706,-0.079038
ZNF707,-0.21328
ZNF708,-0.061487
ZNF709,-0.18519
ZNF71,-0.22042
ZNF710,-0.097449
ZNF711,0.13415
ZNF713,0.0030504
ZNF714,-0.0010812
ZNF716,0.088187
ZNF717,-0.14358
ZNF718,0.055045
ZNF720,0.010411
ZNF721,0.03394
ZNF726,0.0068063
ZNF727,0.0019781
ZNF728,0.10092
ZNF729,-0.099789
ZNF730,0.0090964
ZNF732,0.19957
ZNF735,-0.016163
ZNF736,0.081237
ZNF737,-0.18746
ZNF74,-0.079567
ZNF740,0.058713
ZNF746,-0.042
ZNF747,0.1018
ZNF749,-0.12525
ZNF750,-0.14556
ZNF75A,-0.02858
ZNF75D,-0.014063
ZNF76,-0.11281
ZNF761,-0.079377
ZNF764,-0.2506
ZNF765,-0.14031
ZNF766,0.072691
ZNF768,-0.26646
ZNF77,0.11235
ZNF770,0.18469
ZNF771,0.083861
ZNF772,0.06934
ZNF773,0.045895
ZNF774,0.065238
ZNF775,-0.13416
ZNF776,-0.03279
ZNF777,-0.018847
ZNF778,0.12796
ZNF780A,-0.087922
ZNF780B,-0.15447
ZNF781,-0.046271
ZNF782,0.12639
ZNF783,0.034786
ZNF784,0.074398
ZNF785,0.025405
ZNF786,-0.052915
ZNF787,0.17758
ZNF789,0.084257
ZNF79,0.09318
ZNF790,0.061222
ZNF791,-0.073644
ZNF792,0.2167
ZNF793,-0.0068647
ZNF799,-0.22937
ZNF8,-0.091335
ZNF80,-0.14783
ZNF800,0.10326
ZNF804A,-0.014597
ZNF804B,0.0028883
ZNF805,0.0029838
ZNF806,-0.13426
ZNF808,-0.12546
ZNF81,0.065091
ZNF813,-0.035673
ZNF814,-0.010243
ZNF816,-0.2149
ZNF821,-0.024428
ZNF823,-0.0016583
ZNF827,-0.015158
ZNF829,-0.0020973
ZNF83,0.078826
ZNF830,0.12813
ZNF831,-0.01749
ZNF835,0.30204
ZNF836,0.034076
ZNF837,0.40767
ZNF839,-0.021776
ZNF84,-0.087451
ZNF841,0.057737
ZNF843,-0.18743
ZNF844,-0.28793
ZNF845,-0.15916
ZNF846,0.024168
ZNF85,0.041162
ZNF850,0.04341
ZNF852,-0.033076
ZNF853,-0.092609
ZNF860,0.053296
ZNF862,0.073554
ZNF865,0.14204
ZNF878,0.16256
ZNF879,-0.089242
ZNF880,0.036727
ZNF883,0.22252
ZNF891,-0.070505
ZNF90,-0.08527
ZNF91,-0.070242
ZNF92,0.046611
ZNF93,-0.12481
ZNF98,0.018351
ZNF99,-0.06567
ZNFX1,0.12573
ZNHIT1,0.074409
ZNHIT2,0.19848
ZNHIT3,0.28207
ZNHIT6,0.1443
ZNRD1,0.2089
ZNRF1,0.23071
ZNRF2,-0.021275
ZNRF3,-0.19025
ZNRF4,-0.014482
ZP1,-0.085619
ZP2,-0.11091
ZP3,-0.12876
ZP4,-0.12818
ZPBP,0.084708
ZPBP2,-0.0089014
ZPLD1,-0.16875
ZPR1,0.15403
ZRANB1,0.16997
ZRANB2,0.092809
ZRANB3,-0.038046
ZRSR2,0.061656
ZSCAN1,0.18459
ZSCAN10,0.013216
ZSCAN12,0.011403
ZSCAN16,0.18599
ZSCAN18,0.0073248
ZSCAN2,0.10375
ZSCAN20,-0.19741
ZSCAN21,-0.014019
ZSCAN22,0.071977
ZSCAN23,-0.19003
ZSCAN25,-0.22531
ZSCAN26,0.074407
ZSCAN29,-0.032089
ZSCAN30,-0.10651
ZSCAN31,-0.010266
ZSCAN32,0.020813
ZSCAN4,-0.36816
ZSCAN5A,0.11216
ZSCAN5B,-0.021383
ZSCAN9,0.024518
ZSWIM1,0.047359
ZSWIM2,0.080723
ZSWIM3,-0.11102
ZSWIM4,0.18473
ZSWIM5,0.037911
ZSWIM6,0.1815
ZSWIM7,0.28846
ZSWIM8,-0.16823
ZUFSP,0.077827
ZW10,-0.0042735
ZWILCH,0.15664
ZWINT,0.17276
ZXDA,-0.15549
ZXDB,-0.22122
ZXDC,-0.047414
ZYG11A,-0.23638
ZYG11B,-0.0343
ZYX,0.090034
ZZEF1,-0.030672
ZZZ3,0.028795
