action_id,score
A1CF,-0.381705738850963
AAAS,0.0902599348681853
AAK1,-0.510394779975014
AATF,1.26164885164342
AATK,-0.0919287005241599
ABCB8,-0.339728875418328
ABCC1,-0.213538532772709
ABCF1,0.298553666703639
ABHD14B,0.166593998108669
ABI1,0.151094705104495
ABL1,0.950378126369081
ABL2,-0.0071416695982348
ABLIM2,-0.318779118358852
ABT1,0.683985601273095
ABTB1,-0.334466823931168
ACAD11,0.0291041259935356
ACAD9,0.276370923694397
ACAT2,-0.14696047922011
ACBD6,0.388523296209743
ACD,-0.0703132636716248
ACHE,0.0215032801324424
ACIN1,0.889724031047234
ACLY,1.04243837003448
ACO2,-0.0778735709949365
ACP1,-0.0334031622094857
ACRC,-0.165918523965644
ACSL6,0.0268487095720872
ACSS2,-0.553268930879715
ACTL6A,0.436153170549485
ACTL6B,-0.356734923873536
ACTL7A,-0.263680758118735
ACTN1,-0.283916131857277
ACTN4,-0.455285176885333
ACTR1A,-0.33368638523573
ACTR3,0.378221967102761
ACTR5,-0.0901887756610584
ACTR8,1.76965488189143
ACTRT3,0.0828526164817289
ACVR1,-0.165519742255969
ACVR1B,0.133226979606209
ACVR1C,-0.489179326722141
ACVR2A,-0.391110271145944
ACVR2B,-0.230141915588633
ACVRL1,-0.198425621371366
ADAD1,0.0628673416311808
ADAM10,-0.128645473039123
ADAM12,-0.294232728596855
ADAMTS5,0.0884336811426914
ADAP1,-0.27931294465238
ADAR,0.0664244359317892
ADARB1,-0.265629501772077
ADARB2,-0.208762929299105
ADCK1,-0.52162011540451
ADCK2,-0.0844841061200716
ADCK3,-0.474468539388044
ADCK4,-0.198434078239838
ADCK5,-0.213206701170411
ADCY1,0.179852531655265
ADD1,-0.13011306589894
ADD3,0.0126463179960509
ADH5,-0.240922911026236
ADH7,-0.162456844257816
ADI1,-0.209340266396723
ADIRF,0.205563961524292
ADK,-0.251141266254414
ADNP,-0.542991206211773
ADNP2,-0.393842127144101
ADPRHL2,0.0517431075885117
ADRA1A,0.114527234064844
ADRA1B,-0.0860578763844607
ADRB1,-0.228761563962962
ADRB2,-0.168493490660242
ADRB3,-0.354173286363674
ADRBK1,-0.492206494142385
ADRBK2,-0.281129612893951
ADRM1,0.160626187825173
AEBP1,-0.0110722961470777
AEBP2,-0.261418313435323
AEN,0.277383710123919
AES,-0.40323027303181
AFAP1L2,-0.186965161922165
AFF1,-0.363195527341038
AFF2,-0.601421420451869
AFF3,-0.150128349528162
AFF4,-0.443670410956661
AFMID,0.229259945190193
AFTPH,0.0079903061511583
AGAP2,0.185576732164843
AGAP3,-0.636554908158062
AGBL5,-0.0653654574104552
AGFG1,-0.0678206431307494
AGL,0.248155428118476
AGPAT3,0.386897819498785
AGPAT5,0.0115777061369476
AGTPBP1,-0.408691780907673
AHCTF1,0.292352396772542
AHCY,1.01067687407947
AHNAK,-0.425133282474746
AHNAK2,-0.527401943466873
AHR,0.223792591600423
AHRR,-0.276098761852743
AIF1,-0.071971798558386
AIFM1,0.956992647537059
AIFM3,0.0028685747179919
AIM2,-0.456696540283927
AIMP1,0.0832139983425245
AIMP2,0.106064866393264
AIP,0.440997408916484
AIPL1,-0.140341517037809
AIRE,-0.292978617902048
AJUBA,-0.189343584124172
AK1,-0.450615089394451
AKAP11,-0.321038561843755
AKAP13,-0.175998637139131
AKAP6,-0.245176459363692
AKAP8,0.0654884152715447
AKAP8L,0.097005073675794
AKIP1,-0.131850883885107
AKIRIN1,0.344240208217878
AKIRIN2,0.284614329622429
AKNA,-0.476957421509511
AKR1B1,-0.0998019541206893
AKR1C3,-0.437863174740615
AKT1,-0.485913979865401
AKT1S1,-0.352471662873736
AKT2,-0.463565884655064
AKT3,-0.409192341090742
ALAS1,0.386445113956597
ALDH1A2,-0.550658543122687
ALDH1B1,0.0154646953538461
ALDH6A1,-0.0924523282950429
ALDH7A1,-0.347699414395951
ALG2,0.890662479909047
ALK,-0.471402067771433
ALKBH2,-0.38006477114958
ALKBH3,-0.215380160424369
ALKBH4,0.269234756453007
ALKBH5,0.0490129302104882
ALKBH6,-0.220698382940744
ALKBH7,0.156660891859941
ALKBH8,-0.270599126127078
ALMS1,-0.20865069412206
ALOX15,-0.0154940962765072
ALOX5,0.22008860041674
ALOX5AP,0.17937279519998
ALPK1,-0.314035645359642
ALPK2,-0.280033778751773
ALPK3,-0.0910076279112411
ALS2CR8,-0.216923486019712
ALX1,-0.0563631111912069
ALX3,0.19383724849037
ALX4,-0.166946269679482
ALYREF,0.516420207180631
AMER1,-0.460527317146293
AMHR2,-0.0768794722611621
AMIGO2,0.18023930719261
AMOT,-0.0782341136288977
AMOTL1,-0.0792500798001535
ANAPC1,0.0861316715874952
ANAPC10,-0.0511534291145891
ANAPC11,1.73841032626423
ANAPC13,0.426531940828465
ANAPC15,1.54646596139319
ANAPC16,-0.511772966884145
ANAPC2,2.43982367907733
ANAPC4,3.33587149846592
ANAPC5,0.449311698850075
ANAPC7,1.64794730175469
ANG,0.120938211690962
ANGPT2,-0.0415351942674087
ANK3,-0.113150077193775
ANKHD1,0.0615643524641621
ANKK1,-0.477355870604228
ANKLE2,0.168075317353143
ANKRA2,0.180936833781844
ANKRD1,-0.373733879886433
ANKRD11,0.418724657575746
ANKRD12,-0.238560704321556
ANKRD17,0.734105527936574
ANKRD23,-0.343762817184171
ANKRD28,-0.145163472388897
ANKRD30A,-0.318027476630188
ANKRD32,-0.376446788931226
ANKRD34B,-0.263616662883295
ANKRD37,0.100687579469949
ANKRD42,0.182615780712785
ANKRD49,-0.0022206155946988
ANKRD54,0.0849278259267935
ANKRD6,-0.540470476551063
ANKRD7,-0.0644836508676597
ANKS1A,0.156174603697871
ANKS1B,-0.249374963125521
ANLN,1.1369118258493
ANO2,-0.380686105596507
ANO7,0.131598062741429
ANP32A,0.0729054996242375
ANP32B,0.193773454941934
ANP32E,-0.0964164697147531
ANXA1,-0.281370774824619
ANXA11,-0.212631123984062
ANXA7,-0.311251061094634
AP1AR,0.0611039070627992
AP3B2,0.809895807248634
AP5Z1,-0.15065496330443
APAF1,-0.324734808287814
APBA1,-0.0587688430199237
APBB1,-0.501215820356976
APBB2,-0.281820845762317
APC,-0.236963979943342
APEH,0.403235991445296
APEX1,0.347953261714147
APEX2,0.372972547254724
API5,0.055300625282023
APITD1,0.164348083594409
APLF,0.245595482423328
APLP2,-0.131728347161011
APOA1,-0.24273862497596
APOBEC1,0.147607538911396
APOBEC3A,0.100686020874032
APOBEC3B,0.0217820092767767
APOBEC3C,-0.366884141370323
APOBEC3F,-0.381873349823346
APOBEC3G,-0.0917254764960984
APOBEC3H,-0.34164642182211
APP,-0.451184025780558
APPBP2,-0.23483579311221
APPL1,-0.325684322627616
APPL2,-0.422493373847211
APRT,0.619418991764332
APTX,-0.0468039405686358
AQP1,-0.216191270371541
AQR,0.998290007198544
AR,-0.447877147197976
ARAF,-0.348841776221763
ARAP1,-0.298944124399428
ARFGAP1,0.088849734277993
ARFGAP2,-0.474255130250526
ARFGEF1,0.512852164077083
ARGFX,-0.87194063751214
ARGLU1,0.407511273867832
ARHGAP19,-0.48577033164549
ARHGAP22,0.203484394351392
ARHGAP35,-0.172249499911236
ARHGAP39,0.12720578133244
ARHGAP4,-0.265795320918503
ARHGEF10,-0.268465266888362
ARHGEF11,0.0069147378381645
ARHGEF2,0.0499578596414698
ARID1A,0.234859403921913
ARID1B,0.114559996117879
ARID2,0.24609577779695
ARID3A,-0.372876498076119
ARID3B,0.306147371684679
ARID3C,0.0957828599825457
ARID4A,-0.210936461870683
ARID4B,-0.282114020463737
ARID5A,-0.479884556574797
ARID5B,-0.146534662141287
ARL2,1.4489654261716
ARL2BP,-0.14376782037212
ARL3,0.102326161519671
ARL4C,-0.124711757542317
ARL4D,0.219923235338944
ARL6IP4,-0.236965450965071
ARL8A,-0.279978214980895
ARL8B,-0.192359281491051
ARNT,-0.329422452174731
ARNT2,-0.327159188181159
ARNTL,-0.448152503891773
ARNTL2,0.27883184615862
ARRB2,-0.386555915962948
ARVCF,-0.137764456582366
ARX,-0.370508919870073
ASB8,-0.164101333816616
ASB9,-0.0081905391815054
ASCC1,0.214531952981336
ASCC3,-0.194460298995165
ASCL1,-0.243939777905935
ASCL2,0.0663033483649426
ASCL3,-0.204672526449281
ASF1A,-0.255376599887301
ASF1B,0.0922296408766713
ASH1L,-0.110009800216994
ASH2L,1.60155370434107
ASNA1,0.85305544590488
ASPA,0.176351269213452
ASPM,0.778275865633019
ASRGL1,0.28255587948047
ASUN,0.94001917783556
ASXL1,0.201931909753483
ASXL2,-0.343747483973698
ASXL3,-0.0780255628946632
ASZ1,-0.245661545062393
ATAD2,-0.222131158850599
ATAD5,0.197128969769126
ATE1,-0.387450153293957
ATF1,-0.0860608431810328
ATF2,-0.181973547628288
ATF3,0.0217487076567122
ATF4,0.346266535227734
ATF5,-0.285507176342394
ATF6,-0.343414498683074
ATF6B,-0.253786158015914
ATF7,-0.259201212515317
ATF7IP,-0.266127452754071
ATF7IP2,-0.414190759686067
ATM,-0.281403363900934
ATMIN,0.987039052322308
ATN1,-0.123971502442928
ATOH8,0.0332686502694669
ATP1A3,0.255667188355493
ATP1B4,-0.280292489449843
ATP2A3,-0.60353579431096
ATP5A1,1.41341791755399
ATP6V0A1,0.207891704668065
ATPAF2,0.407172905820311
ATR,0.852258773322192
ATRAID,-0.0097702513254222
ATRIP,0.15290544309246
ATRX,-0.238394025051611
ATXN1,-0.132341516552997
ATXN1L,-0.76034557297257
ATXN2,-0.742882843117692
ATXN2L,0.0572893175320523
ATXN3,-0.155186096248812
ATXN7,-0.148901583394507
ATXN7L3,-0.0728281660874524
AUNIP,-0.293505779147431
AUP1,0.133493955578056
AURKA,0.0358910504367094
AURKAIP1,-0.0101921997738444
AURKB,0.547139073085416
AURKC,-0.241765278201647
AVPI1,-0.0987108577559046
AXIN1,-0.58882856099975
AXIN2,-0.04310130998261
AXL,-0.487671083763469
AZI1,0.21677176381069
B9D2,0.0180252693075682
BAALC,0.0028034207880412
BABAM1,0.0198138375407947
BACH1,-0.17064949316141
BACH2,0.184536720933896
BAG1,0.428801960941771
BAG4,-0.591350249647757
BAG6,0.87503614064665
BAHD1,0.316077009524834
BAIAP2,0.073547331947727
BAIAP2L1,-0.437995840048034
BANF2,-0.477433986832681
BANP,0.31130299194225
BAP1,1.27801400607734
BARD1,-0.213515268472267
BARHL1,-0.376309719084256
BARHL2,0.0897396765515975
BARX1,-0.266266654198978
BARX2,-0.0843674273046083
BASP1,-0.825199537069648
BATF,0.147165201932346
BATF2,0.232521314922212
BATF3,0.0561124997462623
BAX,-0.622001860407176
BAZ1A,0.49953916336513
BAZ1B,-0.26557136881814
BAZ2A,0.401691435396214
BAZ2B,0.0807166665351745
BBS9,-0.290704871033766
BBX,-0.643721868412215
BCAS2,0.711297229355405
BCAS3,-0.372503276248987
BCAT1,-0.185017694080743
BCCIP,-0.228572393571059
BCHE,-0.18360404383741
BCKDK,-0.21415393374567
BCL10,-0.209426789172172
BCL11A,0.13922847024991
BCL11B,-0.109713652567785
BCL2,2.05163070531847
BCL2L1,1.77092489959277
BCL2L10,-0.355241366549536
BCL2L13,-0.292583341610284
BCL3,0.0163989153730848
BCL6,-0.110082858321242
BCL6B,-0.110189731958344
BCL9,-0.287877363568378
BCL9L,-0.219715349806214
BCLAF1,0.235534900658071
BCOR,0.05542793415429
BCORL1,-0.268282644577066
BCR,2.95691727995294
BDH1,-0.471192790804278
BDP1,0.47485728757088
BECN1,-0.169742276035865
BET1L,-0.0684204090632356
BEX1,-0.48102053506413
BEX2,-0.340846932160517
BEX4,-0.406549330887305
BHLHA15,0.272812807850499
BHLHB9,-0.384732337487796
BHLHE23,-0.294398785961335
BHLHE40,-0.525395356831563
BHLHE41,-0.187342889335589
BIN1,-0.47714860394034
BIN3,0.269129651728549
BIRC2,0.0940854301819469
BIRC3,-0.107777564101484
BIRC5,0.20109889548805
BIRC6,0.359353234511071
BIRC7,-0.152022357619825
BIVM,-0.259177504018411
BLCAP,-0.038428336604543
BLK,-0.0550046542442248
BLM,-0.36588752562685
BLMH,0.0560463364765841
BLOC1S2,0.101887746569184
BLVRB,-0.283243963761687
BLZF1,-0.0905894900854341
BMI1,-0.134911553533851
BMP2K,-0.521663461323298
BMPR1A,-0.295771777271438
BMPR1B,-0.519475778487209
BMPR2,0.0564874134078517
BMS1,0.615741355614494
BMX,-0.533045174178083
BNC1,-0.0299304542747436
BNC2,-0.370168813438779
BNIP1,0.24126567693311
BNIP2,-0.163614719879498
BNIP3,-0.519916643466166
BNIP3L,0.0778384370811997
BNIPL,0.105040750965955
BOD1,-0.199322686221202
BOK,-0.176251947229364
BOLL,-0.102344380889157
BOP1,0.240292680537708
BORA,-0.321013833287696
BPTF,0.479133747448174
BRAF,0.146536812217032
BRAP,0.120876254375866
BRAT1,0.242417183793977
BRCA1,0.0130939329974135
BRCA2,0.167944975492338
BRCC3,-0.140478685324889
BRD1,0.104775259131416
BRD2,-0.238874663846761
BRD3,-0.1975993058332
BRD4,0.185396335932221
BRD7,0.178947073378156
BRD8,2.0003231954875
BRDT,-0.573019884756455
BRE,-0.574328173740313
BRF1,0.902616098805831
BRF2,0.877078613463581
BRIP1,1.00492721221828
BRIX1,0.43414864999187
BRMS1,0.0732190870549858
BRMS1L,-0.0748421499156968
BRPF1,0.344141657959653
BRPF3,-0.126042599140591
BRSK1,-0.0349234960143604
BRSK2,-0.382664442442656
BRWD1,0.355758807009635
BSN,-0.354310880489627
BSPRY,-0.178622063083553
BTBD8,-0.520279988573724
BTD,0.0763388851516431
BTF3,0.0181614964244038
BTG4,0.0926435186598376
BTK,-0.359545157741638
BTRC,-0.392807609972832
BUB1,-0.135546378595563
BUB1B,-0.0223937325614842
BUB3,2.43704616974069
BUD13,1.04277257611555
BUD31,2.00871137055441
BYSL,0.906193605264662
C10orf10,0.127170307737453
C10orf107,0.36500458482804
C10orf11,-0.394953316115527
C10orf111,-0.180098458525517
C10orf113,-0.630805055901166
C10orf114,-0.0691467283007875
C10orf118,-0.494410383346709
C10orf12,-0.212044268344664
C10orf120,-0.381635453634808
C10orf128,0.106201741445974
C10orf137,-0.370302493853296
C10orf2,-0.0034522701495491
C10orf25,-0.0800633722131961
C10orf32,0.61597513160535
C10orf35,0.13426097319036
C10orf54,0.0519853878143869
C10orf67,-0.357097860518788
C10orf68,-0.121143457376721
C10orf76,0.366666811178726
C10orf82,-0.274274831187263
C10orf88,0.527108724128547
C10orf90,-0.314641462523442
C10orf95,-0.118858679394939
C10orf99,0.0167589657624093
C11orf1,-0.310934412026112
C11orf21,0.10723225812704
C11orf24,0.202610927046778
C11orf30,-0.334295237358954
C11orf31,0.110851279045042
C11orf35,-0.221849456314728
C11orf42,-0.202529401123965
C11orf45,-0.40198892836643
C11orf48,0.265347216051818
C11orf49,-0.0452590704023748
C11orf52,-0.352686838008337
C11orf53,-0.35913434939892
C11orf54,-0.0055020397017499
C11orf57,-0.228138531817236
C11orf58,-0.145165070894895
C11orf63,-0.64331519105392
C11orf65,0.0459159633692348
C11orf68,0.151838206608343
C11orf70,-0.399481405333427
C11orf71,-0.274590821540259
C11orf74,-0.265403174113872
C11orf80,-0.40932835605131
C11orf82,-0.0607550425943442
C11orf83,0.664372198405406
C11orf84,0.232555317548293
C11orf85,-0.183578504592706
C11orf86,-0.1236558275602
C11orf88,0.0350521930147181
C11orf91,0.0015658897849252
C11orf93,-0.407001507865603
C11orf95,0.188081935587531
C11orf96,-0.282319736717559
C12orf10,0.0627072386383292
C12orf23,0.114267349810831
C12orf29,-0.537905658323488
C12orf39,-0.247497961666177
C12orf4,0.24562742153978
C12orf42,-0.0762415818702214
C12orf43,-0.0520963939221128
C12orf44,1.08952077348131
C12orf45,0.360736296805534
C12orf49,0.404248994563211
C12orf5,0.112250712580546
C12orf50,-0.290829284237409
C12orf52,-0.0819761802399426
C12orf54,-0.138651192984382
C12orf56,-0.0563469323436001
C12orf57,0.0577409519300756
C12orf60,-0.0147657574382595
C12orf65,0.160772442947872
C12orf66,-0.423266706508728
C12orf68,-0.691660438706742
C12orf73,-0.0995273982046801
C12orf75,-0.167418176710253
C12orf76,-0.0525745774051608
C13orf45,-0.37029898917188
C14orf1,0.0933406219168007
C14orf105,-0.380936197918538
C14orf119,0.202854737916176
C14orf132,-0.0140382579670538
C14orf142,-0.0653440823608897
C14orf159,0.154112685617537
C14orf166,0.0900628908024461
C14orf166B,-0.330226487582045
C14orf169,-0.228631330525071
C14orf180,-0.360648685611722
C14orf183,-0.244757769283372
C14orf2,-0.358374257641589
C14orf28,-0.0926988731070485
C14orf37,0.0976338276580865
C14orf79,-0.0971038001994899
C14orf80,1.66847437591107
C14orf93,0.205856196669432
C15orf26,-0.185201147677763
C15orf27,0.0652431546748525
C15orf38,-0.284645032066059
C15orf39,0.50053066094231
C15orf40,0.232739155520485
C15orf41,0.619351541913995
C15orf43,0.0122898349603368
C15orf48,-0.101823275529696
C15orf52,0.164522483701203
C15orf54,-0.249978564857056
C15orf56,-0.133341559226155
C15orf57,-0.276814742760881
C15orf60,0.0998363860986717
C15orf61,0.0519524981059006
C16orf11,-0.273918168754495
C16orf13,-0.15154417766331
C16orf45,-0.151408467406886
C16orf52,-0.164907239954142
C16orf54,-0.0260354541417169
C16orf55,0.057499433904728
C16orf58,0.079448588651707
C16orf59,1.48103138773448
C16orf62,0.102855159572707
C16orf70,-0.442987620685922
C16orf71,-0.272341103786472
C16orf72,0.0893687671593049
C16orf74,-0.293773045690073
C16orf78,-0.387489850262514
C16orf80,1.8931284973688
C16orf86,-0.275664726695966
C16orf87,0.0170405810455529
C16orf89,0.11249827739022
C16orf91,-0.73575593848476
C16orf92,0.285772502043937
C16orf93,0.254327343871405
C16orf95,-0.181277170280511
C16orf96,-0.370405722159747
C16orf97,0.117617847785904
C17orf103,0.0387907620021228
C17orf104,0.388507293647006
C17orf107,0.0166128969641025
C17orf47,-0.246954140433621
C17orf49,-0.145173360138323
C17orf50,0.461259702761665
C17orf51,0.475289235613674
C17orf53,0.0455979923647092
C17orf58,0.129324888486297
C17orf59,-0.201285392409939
C17orf62,-0.124508984346936
C17orf64,-0.192111444803918
C17orf66,0.414143213398507
C17orf67,-0.042578207481842
C17orf70,0.689300467733688
C17orf72,-0.229031689614291
C17orf74,-0.216664114132936
C17orf75,0.259738572079962
C17orf80,-0.377370803004918
C17orf82,0.182693351826524
C17orf85,0.21718794022621
C17orf89,0.290630194701896
C17orf96,0.328211037676387
C17orf97,-0.297986669308137
C18orf21,0.0287033977859261
C18orf25,-0.0424568394831719
C18orf54,-0.113080280783127
C18orf56,-0.222611115118048
C18orf8,-0.244378191589158
C19orf10,-0.170582479674053
C19orf12,0.0802986000475821
C19orf18,-0.44004806537537
C19orf21,0.0132512662096942
C19orf24,-0.191069936918276
C19orf25,0.212025113654033
C19orf26,-0.0802635720249422
C19orf33,-0.0783395601746567
C19orf35,0.0126671678661997
C19orf38,0.0476661658819534
C19orf40,0.231133253222063
C19orf43,0.329662759110977
C19orf44,-0.333221112580494
C19orf45,0.0508303667342567
C19orf47,-0.148117166040901
C19orf48,0.0352622663331013
C19orf52,0.709716161136649
C19orf53,0.0844004654926432
C19orf54,0.102531847090483
C19orf55,-0.193622341905591
C19orf57,-0.117338113335271
C19orf59,0.125269356948299
C19orf60,0.0919272587732802
C19orf66,0.0732171146813797
C19orf67,-0.289981513734494
C19orf70,1.27089119935017
C19orf71,0.15994283294933
C19orf77,0.243319178060415
C19orf80,0.0603174493524584
C19orf81,-0.397449615388731
C1QBP,0.727502284336445
C1orf100,-0.356910756501262
C1orf101,-0.135298779228787
C1orf105,-0.0823062567106162
C1orf106,0.207954327276462
C1orf109,3.29462566389534
C1orf111,-0.58763540776557
C1orf112,0.320604870152158
C1orf115,-0.216143830933909
C1orf116,-0.484372279405828
C1orf122,-0.427716943300263
C1orf123,0.0508387899757976
C1orf127,0.467751619297095
C1orf131,0.110367449098976
C1orf141,-0.187151967184276
C1orf158,0.0672086151800513
C1orf159,-0.354317719841069
C1orf162,0.0566135457033316
C1orf168,-0.216862308725941
C1orf172,0.174657582458423
C1orf173,-0.0799163558801591
C1orf174,-0.306514712639255
C1orf177,0.0491493438156838
C1orf185,-0.128905337941752
C1orf186,0.0451231390127879
C1orf189,0.185478886148285
C1orf192,-0.0009405029960557
C1orf198,-0.27381161303667
C1orf21,-0.0236029814598976
C1orf210,-0.282197449780213
C1orf216,-0.0496582948643748
C1orf226,-0.451675667493082
C1orf227,-0.424409733736494
C1orf228,-0.367906116466056
C1orf233,-0.0284512539474644
C1orf27,0.109446688090309
C1orf35,0.513335080701283
C1orf43,-0.196258854214118
C1orf50,-0.580917872264651
C1orf51,0.441173071097122
C1orf52,0.0604479357008199
C1orf53,-0.201479107476189
C1orf54,-0.0238912430453922
C1orf56,0.079294894597613
C1orf61,0.294541481988627
C1orf63,-0.582685516694869
C1orf64,-0.429256375906343
C1orf74,-0.0049763531573415
C1orf85,-0.0037030247985042
C1orf86,0.0403109503059017
C1orf87,0.0193879719150226
C1orf94,-0.328389391350797
C1orf95,-0.316582853539629
C20orf111,0.20859661290295
C20orf112,0.229556239221087
C20orf194,0.0174756451203993
C20orf195,-0.254751846365621
C20orf196,-0.282067894935762
C20orf197,-0.0516661273424392
C20orf201,-0.04143463785242
C20orf24,0.625651511985109
C20orf27,-0.311610429881746
C20orf78,-0.439528837045206
C20orf85,-0.201274154709091
C20orf96,-0.129949171767784
C21orf2,0.727917502028238
C21orf33,-0.0391577407032188
C21orf58,0.163128065919114
C21orf59,2.71873763599242
C21orf91,-0.0965579969887377
C22orf15,-0.251246767789202
C22orf23,-0.578508373347596
C22orf26,0.109996838193545
C22orf28,0.295051204829186
C22orf29,-0.323484355448609
C22orf31,-0.175677053727166
C22orf39,0.135901894074012
C22orf43,-0.119830144180164
C22orf46,0.0403186172711842
C2CD2,-0.371458930866072
C2CD4B,-0.276409954620382
C2orf15,-0.14775166040314
C2orf40,-0.409660007112453
C2orf42,-0.223429732112983
C2orf43,-0.181595636772712
C2orf44,-0.334530850692874
C2orf47,-0.104582558179637
C2orf48,-0.155788472441492
C2orf49,0.471904432219842
C2orf50,-0.224249174421526
C2orf53,0.0553173370151592
C2orf54,-0.256007922742616
C2orf57,-0.0412419744182578
C2orf62,-0.0264848109224117
C2orf68,0.33798034197197
C2orf69,0.186017521565888
C2orf70,-0.0905671453545727
C2orf72,0.0568717293240474
C2orf73,-0.0757081220958635
C2orf74,-0.201065478863135
C2orf76,-0.39333059248762
C2orf78,-0.0293388523188765
C2orf80,-0.193590556440987
C2orf81,0.0339752048289693
C2orf82,-0.099681931582354
C2orf88,-0.32879222823874
C3orf17,1.84689208545431
C3orf18,-0.263801542061262
C3orf20,0.0094073518777876
C3orf22,0.21173105375638
C3orf30,0.0605996359903746
C3orf33,-0.15542586633513
C3orf37,0.604101473510002
C3orf38,0.0434192513637568
C3orf52,-0.0821127120667879
C3orf55,-0.441519853553113
C3orf58,0.173640899021972
C3orf62,0.0186473102781841
C3orf67,-0.107181798620101
C3orf70,0.325019817560977
C3orf72,-0.395818967340932
C3orf80,0.196177208412631
C4orf17,-0.406855813808503
C4orf19,-0.208879475373975
C4orf21,0.269524510612454
C4orf22,0.0236059220857524
C4orf27,0.0916860139794455
C4orf29,-0.206447430053182
C4orf3,0.404732235687894
C4orf32,-0.366572170097082
C4orf33,-0.048640395353336
C4orf36,-0.115033670598964
C4orf45,-0.360328162548961
C4orf48,-0.27650761101346
C4orf6,-0.311439035348404
C5orf15,0.254753760890465
C5orf22,-0.0875291533944182
C5orf24,-0.227875784637044
C5orf28,-0.0819133752079022
C5orf30,0.165811660545465
C5orf34,-0.272916883442186
C5orf38,-0.297283516877336
C5orf42,-0.317713461511364
C5orf45,-0.405796335171134
C5orf46,-0.239808843887728
C5orf47,-0.45566543804906
C5orf48,-0.472823225945297
C5orf51,-0.273501205716439
C5orf52,-0.578047123213026
C5orf54,-0.229741253943763
C5orf55,0.0338324634256799
C5orf63,-0.245503099058647
C6orf1,-0.0086796932778925
C6orf10,-0.20536838506965
C6orf106,-0.0137163637378141
C6orf118,-0.134149769182478
C6orf120,0.121833824942657
C6orf132,-0.14993807525211
C6orf136,0.461045519873192
C6orf141,0.116987123250707
C6orf15,0.221662659785652
C6orf163,0.0873759853907746
C6orf165,0.179627539261298
C6orf195,-0.31593441034803
C6orf201,-0.34586594961644
C6orf203,-0.0348170303868995
C6orf211,-0.12256225528656
C6orf223,0.153445385064299
C6orf226,0.223717380245441
C6orf47,-0.719114789021453
C6orf48,0.288869404162471
C6orf52,-0.27842223363608
C6orf57,1.15096910879446
C6orf62,-0.156861182505323
C6orf70,-0.306894345966617
C6orf89,-0.198932932755122
C6orf99,-0.0806140803591932
C7orf10,-0.0712781221194864
C7orf25,-0.224349406027467
C7orf26,3.229179655438
C7orf29,-0.0735978869036181
C7orf31,-0.0199886433984171
C7orf34,-0.419930524516575
C7orf41,-0.118415732770894
C7orf43,0.0449765798665091
C7orf49,0.0875877247880504
C7orf50,-0.306992237307025
C7orf55,-0.0428020416961039
C7orf60,-0.465309997091858
C7orf61,0.0331522739367591
C7orf62,0.0809405786519737
C8orf22,0.460895280163914
C8orf31,-0.0087859218970624
C8orf33,1.39777509425479
C8orf34,-0.0528634051976257
C8orf37,0.195194518916482
C8orf4,-0.0067129197187049
C8orf42,-0.0857775495081054
C8orf44,-0.248609571142616
C8orf46,0.219735167205633
C8orf47,-0.124298350195324
C8orf58,-0.0492945624982151
C8orf74,-0.300911948424656
C8orf76,0.260309790078317
C8orf82,0.36659155896105
C9orf106,0.0915023209970478
C9orf114,1.33254222363887
C9orf116,0.254023230344282
C9orf117,-0.0970036900746586
C9orf123,0.0701013224986974
C9orf129,-0.318423660955053
C9orf135,-0.0612563157992883
C9orf139,-0.20174041325224
C9orf142,-0.176039064921409
C9orf153,-0.41077436403052
C9orf156,-0.150671802236985
C9orf16,-0.156319204435266
C9orf163,-0.152008870907624
C9orf169,-0.225817771674507
C9orf171,0.0830359326918799
C9orf173,0.251124108391594
C9orf24,-0.291495233855269
C9orf3,-0.241220691899888
C9orf37,-0.0183661909344215
C9orf40,-0.422222977561461
C9orf41,1.62036233426843
C9orf43,0.0837804680432325
C9orf50,0.14555321360578
C9orf57,-0.472638592520723
C9orf64,-0.146137706248934
C9orf66,-0.40038049354445
C9orf69,-0.663815111095732
C9orf72,-0.0349441183443367
C9orf78,1.19185639979723
C9orf89,-0.442951649886585
C9orf9,-0.120617557469889
C9orf91,-0.714562437843705
C9orf96,-0.291397260260761
CA9,0.0665203207684628
CAB39,-0.0694115482473395
CAB39L,-0.0264251184558549
CABIN1,-0.252307667875964
CABLES1,-0.265726845134871
CABLES2,0.278214706948107
CABP1,-0.265337334575502
CABYR,0.0142267669777453
CACNA1A,0.173746186071286
CACTIN,0.741083590008997
CACUL1,0.120541412290553
CAD,1.42909022755724
CALB1,-0.0744601432178022
CALCA,-0.23576000302187
CALCOCO1,-0.120662367083934
CALCOCO2,-0.142461369671979
CALM1,-0.38450025915001
CALML6,0.116923441112057
CALR,-0.0497494732269929
CAMK1,-0.350420027118386
CAMK1D,-0.387033216844396
CAMK1G,-0.213670011532408
CAMK2A,-0.65857902599457
CAMK2B,-0.102905447157629
CAMK2D,-0.498547028939785
CAMK2G,-0.0118078929261346
CAMK2N2,-0.116848362478287
CAMK4,-0.404526843250693
CAMKK1,-0.268335925742962
CAMKK2,-0.172811684621547
CAMKV,-0.309532571856904
CAMTA1,0.120415638769794
CAMTA2,-0.0559081395204565
CAND1,0.269589690669116
CAND2,0.0106574515647045
CAPG,-0.189966629378948
CAPN3,0.011535824276778
CAPN7,-0.255143662676033
CAPS,-0.541743104300447
CARD8,-0.0519147963571403
CARM1,0.439737809229053
CASC3,0.960581074691161
CASC5,0.229084612774658
CASK,-0.538114362114377
CASP14,-0.370874695274337
CASP2,-0.5057265069848
CASP3,-0.178172094695005
CASP6,-0.223941425458806
CASP7,-0.248157345116948
CASP8,-1.05584368443835
CASP8AP2,0.166532198049965
CASP9,-0.0020652955902387
CASZ1,-0.340009164269091
CAV2,0.0129568964012642
CBFA2T2,-0.0951131859241209
CBFA2T3,0.0747593501349319
CBFB,1.43747794799406
CBL,0.158258718980829
CBLB,0.0559397111428668
CBLC,-0.25485887041433
CBR3,0.0158565344226616
CBS,-0.139947883173196
CBX2,-0.0255770381936176
CBX4,0.244344901388846
CBX5,0.144425604540185
CBX6,0.172207620214723
CBX7,-0.0631497740163847
CBX8,-0.435165675856573
CBY1,-0.314418257722115
CC2D1A,-0.366887973317464
CC2D1B,0.106956580171924
CCAR1,1.45231898629615
CCBL1,-0.0993264200369908
CCDC101,0.322510385573147
CCDC102A,-0.103357389562158
CCDC102B,-0.0981550629019417
CCDC103,-0.162449680207778
CCDC104,0.386174987993825
CCDC105,-0.270657433031944
CCDC106,-0.102979910578567
CCDC107,0.119403102364022
CCDC108,-0.0593497063071169
CCDC109B,-0.046678489779213
CCDC11,-0.345999957233682
CCDC110,-0.213357099604803
CCDC111,0.152100663838654
CCDC112,0.0579049735795385
CCDC113,0.125786417835058
CCDC114,0.256650717933496
CCDC115,1.81228830475212
CCDC116,-0.173337061095838
CCDC117,-0.255490284232316
CCDC12,0.175890603176838
CCDC120,-0.486033202425517
CCDC122,-0.446279126576218
CCDC124,-0.0995565915455433
CCDC125,0.0848389451804721
CCDC126,-0.521753389804888
CCDC127,-0.10473762343367
CCDC130,0.429367404987182
CCDC132,-0.0142274436918518
CCDC134,0.101944433362737
CCDC135,0.201653018637111
CCDC136,-0.201165144258202
CCDC137,0.0431242663556234
CCDC138,-0.101443477618475
CCDC14,-0.288193608179733
CCDC141,-0.238323305368871
CCDC142,-0.0849528010228979
CCDC146,-0.0282935961173635
CCDC147,-0.0990885936667176
CCDC148,-0.391760542814981
CCDC149,-0.0851220232875387
CCDC15,-0.125212360278068
CCDC150,0.152492218115058
CCDC151,-0.421878664035893
CCDC152,-0.0079310060612778
CCDC154,-0.485271814725858
CCDC155,-0.106481689697645
CCDC157,-0.099811620308467
CCDC159,-0.342938309289266
CCDC167,-0.360043306292548
CCDC169,0.0568758083591699
CCDC17,0.0771311645912634
CCDC170,-0.126613999095817
CCDC171,-0.399252701232635
CCDC172,-0.298203637340768
CCDC173,-0.436775653714336
CCDC174,1.18889555498432
CCDC175,0.423688853609804
CCDC178,0.0516237439167048
CCDC18,-0.100438715164968
CCDC180,-0.0442606085029397
CCDC181,-0.197587098273884
CCDC19,0.0136328105815876
CCDC22,0.544849535014973
CCDC24,0.111253086059317
CCDC25,0.063053294300289
CCDC27,-0.546241414142986
CCDC28A,-0.150391172355575
CCDC28B,0.33961131210556
CCDC3,0.281450764723942
CCDC30,-0.0781220846588863
CCDC33,-0.254984514134695
CCDC34,0.132268105661226
CCDC36,-0.0103213617653468
CCDC37,0.113644331964665
CCDC38,-0.138030913548845
CCDC40,0.0255835177929431
CCDC41,-0.0181425753106875
CCDC42,0.0880608886085229
CCDC42B,0.004502000230826
CCDC43,0.0518841658581437
CCDC47,0.799975124529603
CCDC50,-0.287775351572032
CCDC51,0.267930723511438
CCDC53,0.402152416941063
CCDC54,-0.137160017874071
CCDC57,0.338355255592022
CCDC59,1.09383357051901
CCDC6,0.112444061763329
CCDC60,-0.151773727624367
CCDC61,0.327248688040069
CCDC62,-0.0885995470649578
CCDC63,-0.350200695298903
CCDC64,-0.0900262548447986
CCDC64B,0.233438184846377
CCDC65,0.0244253707138763
CCDC66,-0.333552536635365
CCDC67,-0.237340066401472
CCDC69,-0.0138472325052929
CCDC7,-0.0828316953995645
CCDC70,0.255419425199441
CCDC71,0.433442136774914
CCDC71L,0.820160733226514
CCDC74B,0.0094095657551141
CCDC77,-0.325600950163786
CCDC78,-0.234176632412311
CCDC8,-0.0023039964614559
CCDC80,0.0461364632677537
CCDC81,0.14790337716439
CCDC82,0.121376680567995
CCDC83,-0.207273136020397
CCDC84,2.56190500514751
CCDC85A,0.132397684439263
CCDC85B,0.252057765716221
CCDC85C,0.309829737223603
CCDC86,0.508155314359358
CCDC87,0.15347231611157
CCDC88A,0.18684060514155
CCDC88B,-0.238147829898319
CCDC88C,-0.270336800095742
CCDC89,0.15914007040653
CCDC9,-0.0236434263350284
CCDC90B,-0.454583193587066
CCDC91,-0.238715747078592
CCDC92,-0.286669822883993
CCDC93,0.21290828654609
CCDC94,1.53887168446225
CCDC96,-0.103874539890381
CCDC97,0.149273204113203
CCHCR1,-0.373303790343585
CCNA1,-0.317544040244848
CCNA2,0.204631427924106
CCNB1,0.205339746962079
CCNB1IP1,0.134034029679011
CCNB2,-0.0595009205106858
CCNB3,-0.218774922552919
CCNC,-0.111198835606263
CCND1,-0.125670548828231
CCND2,-0.199730084188886
CCND3,0.986677733551307
CCNDBP1,0.0615194868110992
CCNE1,-0.0706391184511102
CCNE2,-0.192564285072557
CCNF,0.207602789790505
CCNG1,-0.125104601229323
CCNH,0.637788272360171
CCNJ,-0.358294253498888
CCNJL,-0.181398983495071
CCNK,1.02070972195604
CCNL1,0.289555241018557
CCNL2,0.30178105524748
CCNO,-0.0363649448523782
CCNT1,0.587458051835427
CCNT2,0.215329027794213
CCNY,-0.190282135139061
CCP110,0.573939485452721
CCPG1,-0.361819038069291
CCS,0.0435021876072565
CCT2,2.15161245384984
CCT4,2.24635237304525
CCT5,1.37758821056952
CD2AP,-0.180332346823968
CD2BP2,0.383394108341478
CD38,-0.442382094693305
CD3EAP,0.164393674536832
CD79B,-0.137852164242702
CDAN1,3.11985625078789
CDC123,2.81699463079959
CDC14A,0.316063419677263
CDC14B,-0.481031678241947
CDC16,3.21819264104426
CDC20,0.839280018626416
CDC23,0.578501214010817
CDC25A,-0.020381917313738
CDC25B,-0.0321766542559783
CDC25C,0.318666621456786
CDC27,2.22680412551974
CDC34,-0.134867804956897
CDC40,0.698066880562346
CDC42BPA,-0.640295150884095
CDC42BPB,-0.212506435407129
CDC42BPG,-0.0951875795853497
CDC42SE2,-0.331323606166759
CDC45,1.14235609076314
CDC5L,1.91447993315334
CDC6,0.268818451063278
CDC7,1.29651935302844
CDC73,1.71048801197079
CDCA2,0.130655824876623
CDCA4,-0.253014139956959
CDCA5,1.25364283495104
CDCA7,0.192515733214033
CDCA7L,-0.362908125255894
CDCA8,0.457697337363262
CDH6,0.090448021264222
CDIP1,0.135833088743351
CDK1,-0.0752027187511317
CDK10,0.717314617006866
CDK11A,0.314466757759227
CDK12,0.6986253926493
CDK13,1.23818291442354
CDK14,-0.5481060606266
CDK15,-0.235905109455956
CDK16,-0.149968168920884
CDK17,-0.609140695536042
CDK18,-0.518719641537612
CDK19,0.259548644777597
CDK2,0.658242969318367
CDK20,-0.126418466012245
CDK2AP1,-0.328450671559318
CDK3,-0.31517918735025
CDK4,0.0629592116821442
CDK5,-0.381226640873762
CDK5R1,0.0510576258664787
CDK5R2,-0.115420409451975
CDK5RAP2,0.354319991605286
CDK6,0.224839487553446
CDK7,0.0230175903658763
CDK8,-0.309286291169336
CDK9,1.93758059889792
CDKL1,-0.482412024440185
CDKL2,-0.460893598559051
CDKL3,-0.185682813549767
CDKL4,-0.405067669902047
CDKL5,-0.350687507392141
CDKN1A,-0.127817445471265
CDKN1B,0.123605928828661
CDKN1C,0.0661181870704381
CDKN2A,-0.0335653932796668
CDKN2AIP,0.63998258074018
CDKN2B,-0.054485782184157
CDKN2C,0.0092259318145282
CDKN2D,-0.253696761513687
CDKN3,-0.340059641448017
CDR2,0.0769053057015192
CDT1,0.786901353215388
CDV3,0.071791016066271
CDX2,0.392178873531893
CDYL,-0.295364015659132
CDYL2,-0.347148527921232
CEBPA,0.158257901356037
CEBPB,-0.204260354062636
CEBPD,0.57133551873963
CEBPE,0.0511993354929846
CEBPG,-0.598329880419467
CEBPZ,0.559467873549233
CECR2,-0.0003184940238645
CELF1,-0.180414732494786
CELF2,-0.605914123945113
CELF3,-0.140346792515362
CELF4,-0.321869948473891
CELF5,0.0541415987960607
CELF6,0.321871102062536
CENPA,0.947164494577409
CENPB,0.302522488015668
CENPBD1,0.0642342552232009
CENPE,1.0398354278615
CENPF,-0.296675099296906
CENPH,-0.0647849080548968
CENPI,-0.194093092950987
CENPJ,-0.416433025629269
CENPK,0.604739483338686
CENPL,0.603133175003225
CENPM,1.32244492094715
CENPN,1.22730247270703
CENPO,-0.150926479574
CENPP,0.241201187050816
CENPQ,-0.23675684263693
CENPV,-0.114100177346853
CENPW,0.916410251741536
CEP120,0.732783091419337
CEP135,-0.182487586420685
CEP152,0.337205935208997
CEP164,-0.419983141062314
CEP250,0.297691586826767
CEP290,-0.0861423783495267
CEP350,0.0453677745285497
CEP41,-0.482577268207234
CEP55,0.600926590572114
CEP57,0.367430738401501
CEP63,0.140242497680198
CEP70,-0.19739104629314
CEP72,-0.156611417229344
CEP76,-0.739815018535168
CEP78,-0.105657713604296
CEP85,1.18188550945068
CEP97,0.185704229530681
CEPT1,0.33422412636859
CERK,-0.375893615846936
CERKL,0.0674854979053485
CERS2,0.078054248599508
CERS3,-0.35994505297623
CERS4,-0.32937196317843
CERS5,-0.256743862577259
CERS6,-0.211857586743743
CETN2,0.131543185134833
CETN3,-0.334783054091292
CFL1,1.65191928540156
CFL2,-0.208197853531858
CGGBP1,-0.221081966824673
CGREF1,0.0228470721475894
CGRRF1,-0.423975310620363
CHAF1A,-0.0675748186686536
CHAF1B,2.93442551786812
CHAMP1,0.0722418535100286
CHAT,-0.42098433639565
CHCHD1,0.96135517835392
CHCHD3,0.30100726785456
CHD1L,-0.0805129113586133
CHD2,-0.345173189138071
CHD3,-0.476924360436479
CHD4,-0.0334610286766149
CHD5,-0.0288405170358903
CHD6,0.102387524891609
CHD7,-0.172823914847163
CHD8,1.33023746691571
CHD9,-0.0313586066724325
CHEK1,2.53273966051276
CHEK2,-0.775237989112269
CHFR,-0.0812803467039875
CHMP1A,0.649779867835218
CHMP1B,-0.0869223705971349
CHMP2B,-0.320160198650957
CHMP3,0.744025365926881
CHMP5,0.717109174024613
CHP1,0.175663880756126
CHP2,-0.159388724304339
CHRAC1,0.1046564018353
CHTF18,0.34510668176584
CHTF8,-0.117595937029555
CHTOP,0.233527183433106
CHUK,-0.17407369521599
CIAPIN1,0.499082040446305
CIB1,-0.107743140071472
CIC,-0.274796989976611
CIDEA,-0.257147213171844
CIDEC,-0.232818010927446
CINP,-0.0990624993253143
CIR1,-0.0051714844876064
CIRH1A,1.280924142431
CIT,-0.260185849181348
CITED1,-0.161715145318403
CITED2,0.629302540739051
CITED4,-0.0892297925490963
CIZ1,-0.148179236677741
CKAP2,0.0045016748415902
CKAP5,1.67877338445148
CLASP1,-0.0731189185217161
CLASP2,0.0263246591506587
CLASRP,1.17653692262542
CLCC1,0.170519775210152
CLDN19,-0.407308897111304
CLEC3B,-0.230198253544345
CLGN,-0.226236883394807
CLIC1,-0.437824041343254
CLIC2,-0.0477763342872205
CLIC3,0.0528783472147318
CLIC4,-0.0746534148815711
CLIP1,-0.292683902494229
CLK1,-0.349380367968103
CLK2,-0.104703866862082
CLK3,-0.0098913280198218
CLK4,-0.545449384675658
CLN3,0.188718777562669
CLNS1A,1.83392170471857
CLOCK,-0.32830915939428
CLP1,0.083514786798562
CLPX,0.381189604240219
CLSPN,-0.327337039643818
CLSTN1,-0.385678171096932
CLTC,1.8618352557253
CLTCL1,-0.165550686900395
CLU,-0.0275927383243483
CLUAP1,-0.485772233628945
CMAS,0.164853336903903
CMIP,0.499435102671449
CMPK1,-0.0033631255815378
CMPK2,-0.157168590517781
CMTM2,0.215313283249021
CMTM8,-0.0219152825594945
CNBP,-0.12498201142041
CNEP1R1,0.117055313639715
CNOT2,0.145986603044777
CNOT3,0.494603330552659
CNOT4,0.141565331230811
CNOT6,-0.0633861214668564
CNOT6L,-0.0806183507075029
CNOT7,-0.0080208401984536
CNOT8,-0.363660577402451
CNTRL,-0.237102803901942
CNTROB,0.414762257075063
COASY,2.08458154611314
COG3,0.542260631137485
COG5,-0.0179065351147584
COIL,-0.214024181793015
COL4A3BP,0.450908798493021
COMMD1,-0.190224245620364
COMMD5,0.896409225505748
COMMD6,0.170551237079376
COPG1,0.956084925205773
COPRS,-0.13577091896543
COPS2,0.658883866145266
COPS3,0.485685159730609
COPS4,1.51142358256164
COPS5,0.568237411963001
COPS6,1.53750575899108
COPS7A,0.0392927217466975
COPS7B,-0.0691035938913775
COPS8,0.0100283397344044
COQ7,-0.0025203080348717
CORO1A,-0.199900412822835
CORO2A,-0.478808725113047
COTL1,-0.301162679622239
COX4I1,0.406055640118569
CPE,-0.173927236644077
CPM,-0.302719168960823
CPNE1,0.0769731121608444
CPS1,0.0351649980084484
CPSF1,1.8532477340582
CPSF2,1.20495596732051
CPSF3,-0.0144223089276843
CPSF3L,1.0864112154521
CPSF4,1.40981604094316
CPSF6,1.65046213065051
CPSF7,0.905236308372459
CPT2,-0.321447771041586
CRABP2,-0.290489856396815
CRADD,-0.237131175001299
CRBN,0.57273550091175
CRCP,2.49005889206664
CREB1,-0.223695142029003
CREB3,-0.345504956354702
CREB3L1,0.171013175333949
CREB3L2,0.0398213882742429
CREB3L3,-0.012533535051912
CREB3L4,-0.0053642804025657
CREB5,-0.337392839002244
CREBBP,0.247938518305045
CREBL2,-0.419178596985264
CREBRF,-0.264480808705725
CREBZF,-0.135725395376121
CREG1,-0.253469523446852
CREM,-0.434821276967144
CRHBP,-0.204357856126116
CRK,0.167710285992339
CRNKL1,0.393888796177246
CROCC,-0.109022374782764
CRTC1,0.134571956206776
CRTC2,-0.238186633262167
CRTC3,-0.337671899165656
CRX,-0.153933392611709
CRY1,-0.389510206415259
CRY2,0.221617669462275
CRYAA,-0.195117317961303
CRYAB,0.272852111878676
CRYBA1,-0.0385939453238674
CRYGB,0.119077377953082
CRYGC,-0.185853174513102
CRYGD,-0.039709137509159
CRYM,-0.408950773252335
CSDC2,-0.363337852873207
CSE1L,0.268398471346177
CSF1R,-0.271450925805104
CSK,-0.154822364047889
CSNK1A1,0.671554337514734
CSNK1A1L,-0.0471501964992487
CSNK1D,0.0285125043170435
CSNK1E,-0.0878527850967422
CSNK1G1,-0.138037227104365
CSNK1G2,-0.463766715272297
CSNK1G3,-0.592012824844354
CSNK2A1,0.0364480064652111
CSNK2A2,-0.0409975489274151
CSNK2B,0.342433872402033
CSRNP1,0.31939910821826
CSRNP2,0.1724453926003
CSRNP3,-0.328955043026613
CSRP1,-0.66190484813988
CSRP2,-0.0660320690758383
CSRP2BP,-0.162996634942748
CST11,0.100901542083491
CST3,0.104693794205551
CSTB,0.1114225525535
CSTF1,2.20809329942787
CSTF2,0.599550612018621
CSTF2T,-0.411872507543027
CSTF3,0.476373733709979
CTBP1,-0.0256638928670432
CTBP2,-0.250814309892263
CTC1,0.570822248621504
CTCF,1.81015145599758
CTCFL,-0.1749233479776
CTDNEP1,-0.202749144994292
CTDP1,0.196531861897987
CTDSP1,0.738490543810414
CTDSP2,0.346315993661557
CTDSPL,-0.0839794836673749
CTH,0.0523404005425474
CTNNB1,0.0227467133666614
CTNNBIP1,0.477186083334572
CTNNBL1,1.33624017604994
CTNND1,-0.308052001208223
CTNND2,-0.387769977407745
CTR9,0.246120998814822
CTSA,-0.20581704340025
CTSB,-0.535477930768481
CTSL1,-0.0810211469054618
CUEDC2,0.0620035005977497
CUL1,0.720627016285339
CUL2,1.01037241890217
CUL3,0.156624897501431
CUL4A,-0.171631290726746
CUL4B,-0.140990335286569
CUL5,-0.207606553148449
CUL7,-0.116372282628458
CUTC,-0.299639057610284
CUX1,-0.617451703567803
CUX2,-0.21695188757917
CUZD1,-0.531833723379155
CWC15,0.262807370318116
CWC22,-0.0222178592989383
CWC27,0.794578064067785
CXADR,-0.0846032814567026
CXXC1,0.710041621928719
CXXC5,0.248873392756274
CXorf21,-0.0364589471792579
CXorf23,-0.487808860094841
CXorf27,-0.400737168466386
CXorf36,-0.421322097598981
CXorf38,-0.371277671422508
CXorf48,-0.100604276810953
CXorf56,-0.0778971035342194
CXorf57,-0.180076120124544
CXorf58,-0.508984014837877
CXorf61,-0.48260472034658
CXorf65,-0.518585633320799
CXorf66,-0.190647589531952
CYHR1,0.122498857501663
CYLD,-0.158937556698378
CYP26B1,-0.174555441785967
DAB2,-0.195393560718026
DACH1,-0.141495173627245
DACH2,-0.158119438296849
DACT1,0.0941892449169242
DAG1,0.128166974340035
DAP3,0.484006881275036
DAPK1,-0.372752343527792
DAPK2,-0.110990441209714
DAPK3,-0.497230766676796
DAXX,0.39164505244143
DAZAP1,-0.260739635784747
DAZAP2,0.0512361284957766
DAZL,-0.261713257353045
DBC1,-0.278126430832983
DBF4,0.576096418287822
DBF4B,0.176782294973073
DBP,-0.176862394372429
DBR1,4.56444972340114
DBX2,-0.114727932989486
DCAF13,0.0583843472346883
DCAF17,-0.19694924095745
DCAF6,-0.494269672974533
DCAF7,1.7566416719697
DCLK1,-0.186107260402116
DCLK2,-0.119139968843011
DCLK3,-0.393841244915947
DCLRE1A,-0.540026469982528
DCLRE1B,-0.0466001161104843
DCLRE1C,0.146694627603671
DCP1A,0.220098413492144
DCP1B,0.088356230936168
DCP2,0.604417351180433
DCPS,0.600585271829738
DCTN1,0.379656875165416
DCTN2,0.368447063504836
DCTN3,2.63877913266226
DCTN4,1.08835548571507
DDB1,0.6445253499254
DDB2,0.0962483781936015
DDN,0.290745614209957
DDR1,-0.38211700384185
DDR2,-0.227933741922801
DDX1,1.67085937312276
DDX11,0.935267213559645
DDX17,-0.199854356310386
DDX18,-0.0181085795798657
DDX19A,1.0277356114521
DDX19B,-0.387761054648526
DDX21,1.08833046154078
DDX23,0.862400059008668
DDX24,0.310698930534102
DDX25,-0.158340886597657
DDX27,0.713917980013508
DDX28,0.0547359779251431
DDX31,-0.00764973945783
DDX39A,0.0697513479216653
DDX39B,1.60734852390932
DDX3X,-0.372795457167074
DDX3Y,-0.470675853806202
DDX4,-0.2207707702715
DDX41,0.758491733173279
DDX42,0.0872514250441194
DDX46,0.196838090498297
DDX47,1.22379636809645
DDX5,-0.135231379094493
DDX50,-0.201550444187484
DDX51,0.221481315099533
DDX54,1.40643109352723
DDX56,1.6608716838269
DEAF1,0.187228275477625
DECR1,0.386315414024703
DEDD,-0.0432438120057954
DEDD2,-0.0903030133315838
DEF6,-0.126972519632732
DEK,0.10256818863267
DENND4A,0.431406805762086
DEPDC1,-0.0387269674902982
DESI1,-0.0517664350616749
DET1,-0.377457752033114
DFFA,-0.120388353787956
DFFB,-0.10344505716843
DGCR14,0.521381916059936
DGCR6,-0.0720808385334478
DGCR6L,-0.0107074043689244
DGCR8,0.600689491732293
DGKH,0.050276435484675
DGKI,-0.605742345037471
DGKZ,0.143795246771506
DHCR24,-0.56274407511834
DHCR7,-0.247282116059132
DHH,-0.162015783261081
DHRS2,0.0905109602061234
DHRS4,-0.375306908196571
DHX15,1.12064519640978
DHX16,0.847445828061203
DHX32,-0.17285642243429
DHX33,1.12517366578483
DHX35,0.275872676430502
DHX36,0.276069215884933
DHX38,0.707724380675024
DHX8,1.12593943005294
DIAPH2,-0.0758635911224069
DICER1,0.40642559508634
DIDO1,-0.239934078022405
DIEXF,0.238428316533245
DIMT1,1.64914944817345
DIP2A,0.291437027983802
DIP2C,-0.208201020672726
DIS3,1.75047373032293
DIS3L2,-0.39935917113136
DKC1,0.683839650014398
DLC1,-0.119044495137123
DLD,0.440788843359766
DLG1,-0.345963253630454
DLGAP5,0.362132945634491
DLST,1.43873337091305
DLX1,-0.172579562617302
DLX2,-0.140543139946252
DLX3,-0.0016660442862237
DLX4,-0.282994402536495
DLX5,-0.358205857762333
DLX6,-0.174458139568529
DMAP1,0.200150640171629
DMBX1,-0.224350302390273
DMC1,-0.185496827377594
DMD,-0.306896238480776
DMPK,0.120073228014567
DMRT1,-0.414838889010063
DMRT2,-0.147553823872397
DMRT3,0.143150569793133
DMRTA1,0.390616777963293
DMRTB1,-0.0755852047993789
DMRTC2,-0.312177520276932
DMTF1,-0.131571169974708
DNA2,1.0933737106112
DNAAF1,-0.127762529934582
DNAJA3,1.24903087468183
DNAJB11,0.405111673884114
DNAJB4,0.204168010118977
DNAJB6,-0.461042316174255
DNAJB9,-0.558712136885376
DNAJC1,-0.226773048176375
DNAJC14,-0.118407639504512
DNAJC2,1.22680190115212
DNAJC7,-0.0328799924817326
DNAJC8,0.9559215540142
DNASE1,0.145696935413234
DNASE1L3,0.639790823842543
DND1,-0.0041542542430716
DNM2,1.34671170566831
DNMT1,-0.0014569449266442
DNMT3A,0.0449753669509741
DNMT3B,0.489144254032105
DNMT3L,0.0401130747902829
DNPH1,0.0891418801722764
DNTT,-0.159125585691881
DNTTIP1,1.55368174926188
DNTTIP2,0.0634771857529863
DOCK7,-0.192192338525841
DONSON,1.11657166793279
DOT1L,0.831302869794433
DPEP3,-0.289984037261161
DPF1,0.142476380628086
DPF2,0.247307125697106
DPF3,0.0681479985905647
DPH3,0.577478857487095
DPP3,0.39941895836674
DPP8,0.05121878570627
DPPA2,-0.199364467582327
DPPA4,-0.252332596096213
DPRX,0.0708618364931121
DQX1,-0.286329893619856
DR1,1.87656887413816
DRAP1,3.43963132394534
DRD1,0.0153204327507559
DRG1,-0.165344214894194
DRGX,-0.137543865996558
DROSHA,-0.248248863862085
DSCC1,2.12022463303285
DSCR3,0.0086540624339623
DSCR6,-0.488374069953098
DSN1,1.56343571071999
DST,-0.670388284953886
DSTYK,-0.0700606447986115
DTD1,-0.206832225918117
DTL,0.722502268554218
DTNBP1,-0.0022144684892854
DTX1,-0.282241483688735
DTX2,-0.0486176795582934
DTX3L,0.0016396932099304
DUSP10,0.0563199563249882
DUSP11,-0.339332831740753
DUSP12,0.403365725661345
DUSP13,-0.221226618516051
DUSP16,-0.179302638991911
DUSP18,-0.493614443875763
DUSP2,0.0239205197917622
DUSP21,-0.320462353496497
DUSP22,0.204207347165552
DUSP23,-0.269452876015996
DUSP26,-0.291788605990125
DUSP3,0.249243734460773
DUSP4,0.772865860971154
DUSP5,-0.0614207909991636
DUSP6,-0.422453873637204
DUSP7,-0.202731600018164
DUSP8,0.0257443553318425
DUT,1.4454723284846
DUXA,-0.449170528894018
DVL2,-0.0235028786247693
DYM,-0.250509677548687
DYNC1H1,1.22659370687971
DYNC1I2,0.0240251385871808
DYNC1LI1,1.45484732015756
DYNLT1,-0.147186084616167
DYNLT3,-0.0679074864628785
DYRK1A,-0.229600801127258
DYRK1B,-0.0441444612785902
DYRK2,-0.568086149476202
DYRK3,-0.137553879507094
DYRK4,-0.221015208220928
DYX1C1,-0.125816201192384
DZIP1,-0.326577340037803
E2F2,-0.401751689483162
E2F3,0.975911886692245
E2F4,0.510805416369462
E2F5,-0.135384362709165
E2F6,0.0258291991796047
E2F7,-0.295638751014738
E2F8,-0.150190397317729
E4F1,0.936723513407877
EAF1,0.0677699334925762
EAF2,0.0722880197524337
EAPP,1.49823729591795
EBF1,-0.0705728483647264
EBF3,0.0327150888336666
EBF4,-0.0799770602816535
EBNA1BP2,0.193325955700931
ECD,0.199485960781427
ECSIT,0.419090444180705
ECT2,0.0541151164770811
EDC4,0.437906651184029
EDF1,-0.0810613479802223
EDNRA,-0.389991925671737
EDNRB,-0.250562724390795
EED,0.0834718336281889
EEF1A2,-0.205252165946018
EEF1D,0.261576986982172
EEF1E1,-0.187300231894055
EEF2K,-0.425181828968057
EEFSEC,1.27024731515065
EFCAB13,-0.343205839024598
EFCAB4B,-0.385024647627134
EFCAB6,-0.251428228268233
EFNB1,-0.5153668269281
EFTUD2,0.906495713061398
EGFL6,-0.109524178208981
EGFR,-0.357789592900426
EGLN1,-0.246037421314753
EGLN2,-0.0500326112393313
EGLN3,-0.165668885603578
EGR1,-0.21271959181813
EGR2,-0.3247659055614
EGR3,0.27669846644943
EHD2,0.253682365281134
EHD3,-0.496848587326343
EHF,-0.33891581375529
EHHADH,0.61868149057662
EHMT1,-0.259141347488066
EHMT2,0.294496135459798
EI24,0.264217586696202
EID1,0.0433522839676016
EID2,0.162076504521026
EID2B,0.349290547277338
EID3,-0.10472413998803
EIF1AD,2.56069411320211
EIF2AK1,-0.772360549957645
EIF2AK2,-0.325793227279159
EIF2AK3,-0.0335309751544836
EIF2AK4,0.340803969886748
EIF2B5,1.40006251548916
EIF2S1,0.1478036268671
EIF3A,2.59467674290651
EIF3E,-0.219899292858437
EIF3G,0.751467064636724
EIF3K,0.430021002921069
EIF4A3,1.91104232048539
EIF4E,0.701242701458321
EIF4EBP1,-0.0255793984124883
EIF4ENIF1,0.362990147888659
EIF4G2,0.0803697666845572
EIF4G3,-0.374213770524177
EIF5A2,0.134921537789821
EIF6,2.90157997241895
ELAC1,0.0335928321036091
ELAC2,0.480137726622837
ELAVL1,-0.6521623353085
ELF1,-0.225757285006225
ELF2,0.781970609507593
ELF3,-0.14608523782549
ELF4,-0.344615321795212
ELF5,-0.344627281812628
ELK1,-0.378122634937774
ELK3,-0.172735534557208
ELK4,-0.310662143633532
ELL,1.22149543208427
ELL2,-0.194562022275033
ELL3,0.225973340649606
ELMOD1,-0.214941912087422
ELMSAN1,0.185508152426225
ELOF1,0.723644249240862
ELP2,0.804177262302965
ELP3,0.169778357259762
ELP4,1.09814347412802
ELP5,0.568077653176254
EMC2,1.44771567287285
EMC8,0.123831693358357
EMD,-0.164903818983999
EME1,-0.140560563080932
EME2,0.0901321408819921
EMG1,1.0789811817931
EML4,-0.252001312150428
EMX1,-0.0740041756438854
EMX2,-0.353685510152979
EN1,-0.184249674837825
EN2,-0.495103057705329
ENC1,-0.0528277910725923
ENG,-0.122419643097337
ENO1,0.849954146408632
ENOPH1,-0.0935262045017031
ENSA,-0.135089805474346
EOMES,-0.279884556271414
EP300,0.979743601065446
EP400,0.0799839037624757
EPAS1,-0.42724704934666
EPB41,0.0387340268751748
EPB41L2,0.181493047028057
EPB49,-0.343469602660548
EPC1,-0.265035685308947
EPC2,-0.006023717587227
EPHA1,-0.351909145152311
EPHA10,-0.243507446260033
EPHA2,-0.348274936518837
EPHA3,-0.305917051423652
EPHA4,-0.563056328098992
EPHA5,-0.277753270701295
EPHA6,-0.565123551917666
EPHA7,-0.337979606768712
EPHA8,-0.409653273739508
EPHB1,-0.744055649763773
EPHB2,-0.596401872405332
EPHB3,-0.169849723032957
EPHB4,-0.47755863889685
EPHB6,-0.393172435757611
EPHX2,-0.269818370439261
EPM2A,-0.623251824023924
EPN1,-0.0615074060901428
EPN3,-0.150499192647379
EPS15L1,-0.260967958039898
EQTN,-0.310155544373427
ERBB2,0.0401503746644617
ERBB2IP,0.026000786499905
ERBB3,-0.380092662780453
ERBB4,-0.411226382253894
ERCC1,0.119272168225351
ERCC2,2.89851976838715
ERCC3,0.742703105608106
ERCC4,0.923428057261767
ERCC5,-0.235673339237357
ERCC6,-0.0957107513166306
ERCC6L,-0.280183520378523
ERCC8,-0.0887495384121028
EREG,0.146789144193417
ERF,-0.293899084339554
ERG,1.77190183687567
ERH,-0.0944588967548794
ERI1,0.0742407004534223
ERN1,-0.596763354434949
ERN2,-0.0835873458345436
ESCO1,-0.222943422926295
ESCO2,0.141028348000689
ESD,-0.679036422761951
ESF1,0.76922205614284
ESPL1,1.02102610740682
ESR1,-0.025843717289475
ESR2,-0.565797379698571
ESRP1,-0.36819950604744
ESRP2,-0.443026395057472
ESRRA,0.20574711505153
ESRRB,-0.198707043040141
ESRRG,-0.420858877486591
ESX1,-0.115768646378781
ETAA1,0.42985284859884
ETHE1,-0.0827758182289576
ETS1,-0.393582660207612
ETS2,0.0773283923359502
ETV1,-0.453072979993567
ETV2,0.224771745319056
ETV3,-0.0273518214733478
ETV4,-0.293261081621486
ETV5,-0.100609647642261
ETV6,1.07974919529578
ETV7,0.131349124157375
EVC2,-0.259105705396582
EVI5,-0.0474858129440568
EVX1,-0.240630950973632
EVX2,-0.575169377023437
EWSR1,1.14171957331458
EXO1,-0.32996328274413
EXO5,-0.173807020451129
EXOC8,1.02923787510908
EXOSC1,1.18874479048812
EXOSC10,0.287402546116669
EXOSC2,1.15688057344054
EXOSC3,0.881159494632674
EXOSC4,2.81980586097396
EXOSC5,0.511631655041083
EXOSC6,0.671985763979441
EXOSC8,1.82127076889817
EXOSC9,-0.0450037854339105
EYA1,-0.183469294367937
EYA2,-0.267855774670448
EYA3,-0.590511582828612
EYA4,-0.739758764997143
EZH1,-0.0132181201610453
EZH2,0.794477648068323
EZR,-0.267125180748053
FABP6,-0.674644633887474
FABP7,0.285704737583962
FADS1,-0.115327914436157
FAF1,-0.396542909236182
FAM101A,0.047245358591272
FAM101B,-0.310817619097184
FAM102A,-0.127624465387807
FAM102B,0.0817855596754122
FAM104A,0.174632169449245
FAM104B,-0.191129334869521
FAM105A,-0.460354330124002
FAM105B,-0.348207930011956
FAM107A,-0.133739461907355
FAM107B,-0.206085756049121
FAM109A,-0.175794797907508
FAM109B,-0.190450014028817
FAM110A,-0.154818809687574
FAM110B,0.15229969769407
FAM110C,0.321919368344194
FAM110D,-0.0423209239732224
FAM111A,0.0488635504991417
FAM111B,-0.232687573153545
FAM114A1,-0.128933848821504
FAM114A2,-0.30612097240185
FAM115A,-0.279938144450027
FAM117A,-0.00184548157755
FAM117B,-0.0914364344783134
FAM118A,-0.358441008097474
FAM118B,-0.408009053225573
FAM120A,-0.0867390233063993
FAM120AOS,0.0318825232073023
FAM120B,-0.206201254648214
FAM120C,0.106739681404427
FAM122A,1.00366742774372
FAM122B,0.045972388648512
FAM122C,-0.177800810197784
FAM124A,-0.15023895837109
FAM124B,-0.161415182998377
FAM126A,-0.575001340885046
FAM126B,-0.378523990763268
FAM127A,-0.49216407058437
FAM127B,-0.213666398805084
FAM129A,-0.205029624622185
FAM129B,-0.613132053277309
FAM129C,-0.0482031931726089
FAM131A,-0.169875910767561
FAM131B,-0.0766890942700361
FAM131C,0.421906027262695
FAM132A,-0.199086441072097
FAM134A,-0.384667608041505
FAM134B,0.0602658111138627
FAM134C,0.198874041893071
FAM135A,-0.208324826492966
FAM135B,-0.184109217648899
FAM136A,0.221736580282642
FAM13A,-0.408569330616663
FAM13B,-0.356102826315303
FAM13C,-0.0074018195298791
FAM149A,-0.303815361191044
FAM149B1,-0.0287278284121447
FAM150B,-0.272244671876866
FAM151A,0.0242382194261154
FAM154A,-0.283372610298289
FAM154B,-0.229103247452095
FAM155A,-0.261082709738772
FAM155B,0.0168322551051984
FAM159A,-0.0392415413444753
FAM160A1,-0.227263635568122
FAM160A2,-0.12621863643275
FAM160B1,-0.141237157835217
FAM160B2,0.108557632053308
FAM161A,0.475435278982019
FAM161B,-0.264854076832611
FAM162A,0.0656542740413814
FAM162B,-0.0998490184272236
FAM163A,0.129941983938558
FAM163B,-0.280443005063697
FAM166A,-0.278656546347851
FAM167A,-0.160546878529645
FAM168A,-0.357186549880716
FAM168B,0.0790183690198122
FAM169A,-0.244565518595515
FAM171A1,0.287066224634848
FAM171A2,0.0912209825021966
FAM171B,0.165691176375584
FAM172A,-0.199840251870825
FAM173A,0.185251388335889
FAM173B,-0.122369565282497
FAM174A,0.237754216409692
FAM174B,-0.364736025196913
FAM175A,0.502699245197242
FAM175B,0.051460668822622
FAM177A1,-0.0622587665085918
FAM177B,-0.104001590392094
FAM178A,-0.0353054433072257
FAM178B,-0.234132970515955
FAM179B,0.0876202872386692
FAM180A,-0.349676551133983
FAM180B,0.319353445448906
FAM181A,-0.47038877207758
FAM181B,-0.0247011743554838
FAM183A,0.277676621524444
FAM184A,-0.18973019307836
FAM184B,-0.459195726968391
FAM185A,-0.230671156081962
FAM186B,0.28118697336584
FAM188A,0.143877708346159
FAM188B,-0.320152009492894
FAM189A1,0.147230212980726
FAM189A2,-0.323386697204245
FAM189B,0.553549987400577
FAM192A,-0.36110536036786
FAM193A,0.622135633819166
FAM193B,0.168851212883504
FAM194A,0.204189491169814
FAM194B,0.0166553865745107
FAM195A,0.243467080562077
FAM195B,-0.0707411275445848
FAM196A,-0.495258894979508
FAM196B,-0.224121051055576
FAM198A,-0.0575382132409423
FAM198B,-0.0684475575971393
FAM199X,-0.244521092549989
FAM19A1,-0.148700803404487
FAM19A2,-0.287011903113783
FAM19A3,-0.355675296287886
FAM19A4,-0.212712049789994
FAM19A5,-0.153022463814284
FAM200A,-0.105513408754841
FAM200B,-0.175608582383288
FAM204A,0.255849125457524
FAM205A,7.96720347187446e-05
FAM206A,-0.240074531737445
FAM207A,-0.135604483882935
FAM208A,0.219406569213081
FAM208B,-0.315260921842871
FAM209A,-0.420072015557522
FAM209B,-0.225596392855131
FAM20A,-0.0880958048260477
FAM20B,-0.2500500600464
FAM20C,-0.169097512737512
FAM210A,0.567012352503366
FAM210B,-0.251207680716275
FAM211A,0.656681997789904
FAM211B,-0.287928604295994
FAM212A,-0.185793234983911
FAM212B,0.170585133868892
FAM213A,-0.139798495202685
FAM213B,-0.376932268990503
FAM214A,-0.257293131997087
FAM214B,-0.262237118565688
FAM216A,-0.214853604910573
FAM217A,-0.102681443717491
FAM217B,-0.233426835119476
FAM219A,-0.309378174182517
FAM219B,0.307634715380461
FAM220A,-0.195666566006818
FAM221A,-0.0385492517164799
FAM221B,-0.0663446949634654
FAM222A,0.135205358494068
FAM222B,0.103410940822181
FAM227A,0.0275722649032771
FAM227B,-0.376418601084585
FAM228A,-0.185756658545541
FAM228B,0.0615664314397159
FAM229A,-0.0424160063496838
FAM229B,-0.367741724604101
FAM24A,-0.307370975106115
FAM24B,-0.154930980887148
FAM32A,0.350606814086472
FAM35A,-0.277744495591108
FAM3A,0.087710806471202
FAM3B,-0.154837890174054
FAM3D,-0.123654894024517
FAM43A,-0.159278973108769
FAM43B,-0.171049878491996
FAM45A,0.0179463291497104
FAM46A,0.0147444683619197
FAM46B,0.101783797991779
FAM46C,-0.0059716810757633
FAM47C,-0.403513807260285
FAM47E,-0.143480689922527
FAM49A,-0.28801061714398
FAM49B,-0.517865777143783
FAM50A,1.63340946252205
FAM53A,-0.443255574805192
FAM53B,-0.509947300892103
FAM53C,0.0104061547679384
FAM57A,0.101129571165574
FAM57B,0.3827991408633
FAM58A,0.0623510320551109
FAM5B,-0.145591234722987
FAM5C,0.138065397463165
FAM63A,-0.0768828414254863
FAM63B,-0.0182240273836662
FAM64A,0.0250110826866465
FAM65A,0.637455618807271
FAM65B,-0.388460030813942
FAM65C,-0.151064438767275
FAM69A,-0.0923253372970399
FAM69B,-0.231770766271378
FAM69C,-0.221442459747054
FAM71A,-0.283893641513624
FAM71B,-0.417451987824983
FAM71C,-0.198354490170463
FAM71D,-0.469761365611656
FAM71E1,0.140762771216513
FAM71E2,-0.007011953013017
FAM71F1,0.0032233265940207
FAM71F2,-0.154771951975895
FAM73A,-0.100253417372844
FAM73B,-0.242551501358096
FAM76A,0.366252282899075
FAM76B,0.630875529917793
FAM78A,-0.082569857357549
FAM81A,-0.062983124424015
FAM81B,-0.150092993886313
FAM83A,-0.0258532816475327
FAM83B,-0.188427198207138
FAM83D,-0.157223830545342
FAM83E,0.456904922793068
FAM83F,-0.354284992139946
FAM83G,0.227652082916896
FAM83H,-0.376735886983124
FAM84B,-0.25306720978476
FAM86A,-0.120400499861355
FAM89A,-0.269331482967779
FAM89B,0.231728245088867
FAM8A1,0.0062908398563819
FAM90A1,0.12907118890212
FAM91A1,-0.396919494149625
FAM92B,0.214360322804365
FAM96A,0.13797058372445
FAM96B,1.48152084782011
FAM98A,-0.0260791384992614
FAM98B,1.33237716870302
FAM98C,0.0107037548076396
FAM9A,-0.362812021907435
FAM9B,-0.151063878449711
FAN1,-0.128645912575358
FANCA,0.455442133790947
FANCB,-0.41035163381966
FANCC,-0.426747774610133
FANCD2,0.703754141541572
FANCE,0.41709999965188
FANCG,0.912939054095724
FANCI,-0.190224652990725
FANCL,0.510746615390575
FANCM,0.680925795940959
FANK1,-0.29791467658121
FAS,-0.130546133099748
FASLG,0.17271229900463
FASTK,-0.428875835308242
FAT1,0.0998283609728343
FBL,0.529925161730291
FBXL15,-0.207006247563817
FBXL3,-0.728112290205506
FBXL4,-0.393628515771523
FBXL7,-0.163113901118249
FBXO11,-0.164731426010422
FBXO18,-0.250875511166697
FBXO22,0.549531403957358
FBXO25,-0.130081981755458
FBXO3,-0.265876025017994
FBXO31,-0.141201443205105
FBXO32,-0.0778477670595446
FBXO38,-0.207695920898594
FBXO40,0.067073366865838
FBXO43,-0.131915076238406
FBXO5,0.226879595647808
FBXO6,-0.468250731154875
FBXO7,-0.2135373893031
FBXW11,0.425858833326399
FBXW5,0.0487229861229966
FBXW7,0.625337139402661
FCF1,1.3238145512869
FDPS,1.26497505108104
FEM1B,0.144801522096549
FEN1,2.66452430910836
FER,-0.539983424255791
FERMT2,0.141027427862313
FES,-0.307256190295152
FEV,-0.077529897146301
FEZF1,-0.349722067718185
FEZF2,-0.100111174509496
FGD1,-0.356820434140345
FGD2,-0.0622472332965472
FGF1,-0.157027290341898
FGF10,0.289782545204935
FGF12,-0.271370910752414
FGF13,-0.0642434057928384
FGF14,-0.0594171280019655
FGF18,-0.220541350758667
FGF2,-0.28535447712194
FGF22,0.23201595184787
FGF4,-0.361307278213754
FGFR1,-0.167243057538586
FGFR1OP,1.84052703728838
FGFR2,-0.633246455451295
FGFR3,-0.265974104844172
FGFR4,-0.353263780849102
FGR,-0.211811424906962
FHL1,-0.310914365994461
FHL2,-0.15539489374611
FHL3,-0.349775904595011
FHL5,-0.440957733258185
FHOD1,0.236058231779203
FHOD3,-0.078625919152097
FIBP,0.0848870369206044
FIGLA,0.250620922684312
FIGN,-0.616107589292228
FIGNL1,0.449475787918287
FILIP1L,-0.0499147918930407
FIP1L1,1.37520006390909
FIZ1,-0.464965354038563
FKBP3,-0.184621738153011
FKBP4,-0.338595566089687
FKBP5,-0.265538315875705
FKBP6,-0.0842264081934484
FKBPL,-0.032351479202985
FKTN,-0.210163038339898
FLCN,0.237476158298419
FLI1,-0.303509411161834
FLII,0.833297401266642
FLT1,-0.181335924970437
FLT3,-0.553887095762916
FLT4,-0.414260721748216
FLYWCH1,-0.372123518798421
FMN1,0.188311278140866
FMR1,-0.211732969569012
FMR1NB,-0.312740872077218
FNBP4,-0.229436838263329
FNIP2,-0.0046684048495248
FOLH1,-0.225504837580076
FOPNL,-0.35549940399243
FOS,0.171772403482074
FOSB,-0.254477139288134
FOSL1,-0.135229037163248
FOSL2,-0.0268636609588266
FOXA1,-0.242133617502897
FOXA2,-0.821911732607769
FOXA3,0.0519466191505722
FOXB1,-0.295537419119686
FOXB2,-0.28087247433395
FOXC1,-0.656636703853426
FOXC2,-0.107476450724296
FOXD1,-0.0384197989712005
FOXD2,-0.371919983760915
FOXD3,-0.263448101248578
FOXE1,0.0446499305456292
FOXE3,-0.111772792327882
FOXF1,-0.175000055962238
FOXF2,0.0318981062703721
FOXG1,0.0760062418189964
FOXH1,-0.268543275994468
FOXI1,-0.256569391265497
FOXI2,-0.433425228606242
FOXI3,-0.507936360050102
FOXJ1,-0.203991842421765
FOXJ2,-0.306085764615102
FOXJ3,-0.561297327841533
FOXK1,0.890856188710278
FOXK2,0.263010183098792
FOXL1,-0.297849524163279
FOXL2,-0.413737160314219
FOXM1,-0.114514866193883
FOXN1,0.187587513429261
FOXN2,0.280417440684925
FOXN3,-0.190201199787252
FOXN4,-0.211140559755276
FOXO1,0.0802123091659781
FOXO3,-0.250428802679004
FOXO4,-0.182614841372664
FOXP1,0.325364015874884
FOXP2,-0.221995314881967
FOXP3,-0.0583211522331524
FOXP4,0.0815704069138919
FOXQ1,-0.22736937020647
FOXR1,0.0916954731358269
FOXR2,-0.40822931554194
FRA10AC1,-0.123295992673503
FRG1,-0.0056175029867416
FRK,-0.31347764309848
FSD1,-0.0345139377579379
FST,-0.284869545236936
FSTL3,-0.0772755740063525
FTSJ2,0.383910086596903
FTSJ3,1.86132103922724
FTSJD2,0.35831770029613
FUBP1,0.959378185285416
FUBP3,-0.198739400309815
FUS,0.482578158546209
FXR1,-0.0397041131922645
FYB,-0.314111205123054
FYN,-0.340427230269024
FYTTD1,0.029982752113593
FZR1,0.565961839855319
G2E3,-0.2909401602138
G3BP1,-0.500730819813276
G6PD,0.546282403290593
GABPA,0.936099323508318
GABPB1,0.559714532442673
GABPB2,-0.0089625803979011
GABRB1,-0.536987843472045
GADD45A,-0.37708283581131
GADD45B,0.0546979148728708
GADD45G,-0.375681580628568
GADD45GIP1,1.12616364823293
GAK,0.319198519101642
GALNT3,-0.190520159461915
GAPDH,0.815451227410043
GAR1,0.0487783077101535
GAS1,0.199333688589873
GAS2,-0.23330690472954
GAS2L1,-0.0297656245157378
GAS2L2,0.179705163328713
GAS2L3,-0.0492288972392962
GAS6,0.130426355755555
GAS7,-0.347578990403541
GATA1,-0.299129442085445
GATA2,1.01247697150212
GATA3,-0.0255612026159947
GATA4,-0.0708881839006348
GATA5,-0.030081883381791
GATA6,-0.471784748078146
GATAD1,-0.314582988098878
GATAD2A,0.455290953807289
GATAD2B,0.0382864240658326
GBP4,-0.482059637943572
GBX2,0.0287644264566207
GCAT,-0.0298207536871691
GCC2,-0.353295959792293
GCFC2,-0.199161347877165
GCH1,0.0033910519582113
GCHFR,0.242026295634706
GCK,-0.336726952052301
GCKR,-0.0665405334990748
GCM1,-0.221249863106141
GCM2,-0.640740427847022
GEM,0.154960984061648
GEMIN2,1.03666975594636
GEMIN6,0.517934129055682
GEMIN7,-0.104610751341249
GEMIN8,0.330673215485348
GEN1,0.3142294898228
GFI1,0.37925847609095
GFI1B,-0.273239406542578
GGN,-0.172236495428985
GGNBP2,0.618030283085918
GHDC,-0.202589030551828
GHR,-0.217824695262217
GHRHR,-0.318064342609172
GID8,0.254667050622778
GIGYF2,-0.117186586661197
GIMAP4,0.127196358159113
GIMAP8,-0.195317042467926
GINS1,0.400042257429208
GINS2,0.573702891658496
GINS3,2.06362040589827
GINS4,0.209761414875817
GIT2,-0.0508303248928588
GLE1,1.0229050782781
GLI1,-0.420708180039917
GLI2,-0.0150228178013772
GLI3,-0.113050412500226
GLI4,-0.135957447795564
GLIS1,0.201396589837398
GLIS2,-0.207731639991659
GLIS3,-0.584168856853868
GLRX2,-0.137594445917636
GLRX5,1.68581467800621
GLTSCR2,1.29389587082443
GLYR1,-0.231781015441841
GM2A,-0.530242951095467
GMCL1,-0.151228172942718
GMEB1,0.425547463564396
GMEB2,0.712183613641017
GML,-0.34306293505255
GMNC,-0.332670312772598
GMNN,0.128441963642151
GNAI1,-0.190860083081217
GNAQ,-0.280631051939606
GNB5,0.242902329162028
GNL2,0.412102437232283
GNL3,1.0523881889479
GNL3L,0.0151926875262802
GNPTAB,-0.363425651296181
GOLGA2,0.316908036184965
GOLGA3,0.0831544980378013
GOLIM4,-0.043598710264909
GOLPH3,-0.484079242370142
GON4L,-0.469166967116739
GORAB,0.0683995323353068
GORASP1,-0.366441739824686
GORASP2,-0.0586671303233091
GPATCH1,0.910525468179152
GPBP1,0.0981675372963588
GPBP1L1,-0.078559363301016
GPI,0.689012206392244
GPKOW,0.336407435463378
GPR110,-0.278180829448354
GPR132,-0.310989686019215
GPRC5B,-0.107328957296914
GPS1,1.07391717110904
GPS2,0.408030045969572
GPSM1,-0.0171305346740765
GPSM2,-0.368305206726549
GPX2,-0.204517487808039
GRAP2,-0.377646513395063
GRB2,0.0929246051048381
GRHL1,-0.318678791378283
GRHL2,-0.388197400283964
GRHL3,-0.323974453280443
GRK1,-0.01331360763778
GRK4,-0.0580939988996651
GRK5,-0.280349921845207
GRK6,-0.598058805401263
GRK7,-0.122081452114346
GRWD1,0.0520967931097474
GSC,-0.400316380836544
GSC2,-0.193132889080225
GSG2,-0.33304462104043
GSK3A,-0.430105781586691
GSK3B,0.0566487591604026
GSPT1,1.395829066884
GSPT2,-0.264568919386672
GSTP1,0.187118667569086
GSX2,-0.152703670837757
GTF2A1,0.604823705530323
GTF2A1L,-0.286475786906439
GTF2A2,2.01968461556915
GTF2B,3.59486999233096
GTF2E1,0.403116602259532
GTF2E2,0.583854717985612
GTF2F1,0.0521536771509056
GTF2F2,0.0472207633483778
GTF2H1,1.11092136202749
GTF2H3,0.288879093028712
GTF2H4,0.170291104841952
GTF2I,0.0435611960421055
GTF2IRD1,-0.340404363307824
GTF3A,1.24901363733597
GTF3C1,1.53876554279947
GTF3C2,-0.223235794215116
GTF3C3,0.235882927118465
GTF3C4,0.155089862947304
GTF3C5,0.341930767723178
GTF3C6,0.004750572768725
GTPBP10,1.10571877706441
GTPBP3,0.139835964539216
GTPBP4,1.62707410383238
GTPBP8,0.739514323699493
GTSE1,-0.0152741704616384
GUCY2C,-0.642134866414095
GUCY2D,-0.255850205186686
GZF1,-0.49276223464519
GZMA,-0.490510250648924
GZMB,0.0781195200992185
H1F0,-0.0361756205986666
H1FNT,-0.0306223015424592
H1FOO,-0.220668843367608
H1FX,-0.192235956403659
H2AFJ,-0.118126170888629
H2AFV,0.385026031914369
H2AFX,1.29658749479886
H2AFY,-0.0512500372841172
H2AFY2,-0.130469981017028
HABP4,-0.0962007421765718
HACE1,-0.265795379569223
HADH,0.0519831154457399
HADHA,-0.356405397812393
HAND1,0.1918698973082
HAND2,0.0078565996570212
HARBI1,0.118304337283292
HAT1,0.406687768762002
HAUS1,0.816189251779306
HAUS2,0.112333490669515
HAUS3,1.61428796478898
HAUS4,0.748389536408294
HAUS5,0.959767592504939
HAUS6,-0.246040350044146
HAUS7,0.580651738920561
HAUS8,1.43515846844409
HAX1,-0.13499545267665
HBP1,-0.553097496030091
HCFC1,0.944700650654479
HCFC1R1,-0.443953657092654
HCFC2,-0.190757726851256
HCK,-0.0817322857497937
HCLS1,-0.199124076124488
HDAC1,0.121430636977479
HDAC10,0.0326228964839042
HDAC11,-0.354058173131328
HDAC2,-0.0278537007107807
HDAC3,1.69756750081825
HDAC4,-0.385441336731439
HDAC5,-0.0296044182191541
HDAC6,0.227567642148551
HDAC7,-0.22983657195989
HDAC8,0.274705169102453
HDAC9,-0.156472937783411
HDGF,0.0743292749723921
HDGFRP2,-0.113228310696106
HDGFRP3,0.196184979528203
HDLBP,0.0577446942757917
HDX,-0.292330474199485
HEATR1,2.01569902733739
HECTD1,1.10422934990952
HECTD2,-0.798920718456818
HECW1,-0.415235814795765
HECW2,-0.274622766167035
HELB,-0.107059244527237
HELLS,-0.330805148768948
HELQ,0.919424380665432
HELT,0.146576802500478
HELZ2,-0.122449293712773
HEMGN,-0.117656809076943
HEPACAM,0.0086170694395798
HEPACAM2,-0.276451305021457
HERC2,-0.44250785352256
HERC3,0.109703555928047
HERC4,-0.0352205753599398
HERC5,-0.485562821084842
HERC6,0.0629609754587238
HES1,-0.0810720147605437
HES2,-0.892185780024437
HES3,-0.416015864165124
HES4,0.158528774499681
HES5,-0.256678172461727
HES6,0.0326945622601262
HES7,-0.218886916800266
HESX1,0.0626561100520593
HEXDC,-0.0151463770433939
HEXIM1,-0.0789161347394258
HEXIM2,-0.126825021808311
HEY1,-0.22338196348825
HEY2,-0.0181460522975093
HEYL,-0.469219155215758
HGF,-0.190926792753966
HHEX,-0.380616940492142
HIC1,-0.0216166734835127
HIC2,0.365501051068943
HIF1A,-0.704332598500478
HIF1AN,0.332121514401804
HIF3A,-0.208370008815936
HINFP,-0.076221767479915
HINT1,-0.138227974983714
HINT3,-0.0051415255104609
HIP1,-0.192697929233518
HIPK1,0.0015588540778709
HIPK2,-0.568261456808534
HIPK3,-0.52209369453013
HIPK4,-0.162865998589004
HIRA,0.998926113863465
HIRIP3,-0.128263406656825
HIST1H1A,-0.0290097144483956
HIST1H1B,-0.111938855808061
HIST1H1C,0.491654986783831
HIST1H1D,0.0579189464247011
HIST1H1E,0.295519120054851
HIST1H2AA,-0.30109372115786
HIST1H2AB,-0.301162606967909
HIST1H2AC,0.525256650489433
HIST1H2AD,0.0467335103591713
HIST1H2AG,-0.592932474753436
HIST1H2AH,0.0567721075028835
HIST1H2AK,0.0929845780464396
HIST1H2BA,-0.125271067714275
HIST1H2BB,0.417185994744323
HIST1H2BJ,0.261910652006282
HIST1H2BM,-0.598261891296666
HIST1H2BO,-0.298731579925461
HIST1H3A,-0.184949767579509
HIST1H4A,0.0935366584404102
HIST2H2AB,0.621127910092221
HIST3H2A,-0.207603161940724
HIST3H2BB,-0.265043000694098
HIST3H3,-0.131752846030344
HIVEP1,-0.905173218743355
HIVEP2,-0.496746213913995
HIVEP3,0.0571832291606119
HJURP,0.635241771353818
HK1,-0.480126966888159
HKDC1,-0.11025223736047
HKR1,-0.200909437577131
HLCS,-0.156703792251564
HLF,-0.646297342995227
HLTF,-0.246647577730877
HLX,-0.0344224327596737
HMBOX1,-0.408654649129962
HMG20A,-0.253584477475077
HMG20B,-0.140557749876063
HMGA2,-0.0771972500066913
HMGB2,-0.232768565527723
HMGCS1,1.07780468988867
HMGN3,-0.02948449249818
HMGN4,-0.455563418070016
HMGN5,-0.0572530989168899
HMGXB3,-0.199612200694522
HMOX1,-0.399026550202788
HMX1,0.195282242621824
HMX2,0.116020598084296
HMX3,0.0080298814509268
HN1,0.0890128577697212
HN1L,-0.123798870036351
HNF1A,-0.185089254287564
HNF1B,0.0687485845738211
HNF4A,-0.207663859111258
HNF4G,-0.152853245422437
HNMT,0.0949043868901454
HNRNPA0,-0.280240086608819
HNRNPA1,0.455518207657016
HNRNPA2B1,1.20491227742778
HNRNPAB,0.0868996997662123
HNRNPD,0.808910557027814
HNRNPF,0.283615345377073
HNRNPH1,1.7282576860565
HNRNPH2,-0.148082341530608
HNRNPH3,0.489992696564211
HNRNPK,2.17616511912195
HNRNPL,0.522248600986089
HNRNPM,1.05925991829308
HNRNPR,0.022793815704295
HNRNPU,1.37586819922685
HNRNPUL1,0.311061096907566
HNRNPUL2,0.185467890164244
HNRPDL,-0.095351902876445
HNRPLL,0.12911588733367
HOMEZ,0.181105370879723
HOPX,-0.106814916717967
HORMAD1,-0.169745235012857
HORMAD2,-0.235415258444194
HOXA1,-0.611279566056699
HOXA10,-0.265367436839019
HOXA11,-0.0769389465248824
HOXA13,-0.0734543857781101
HOXA2,-0.0230469664937556
HOXA3,-0.488215129496361
HOXA4,0.0521357321979919
HOXA5,-0.0148351975104537
HOXA6,-0.0225661655978656
HOXA7,0.246986146289788
HOXA9,0.0081242060941552
HOXB1,-0.149240650996795
HOXB13,-0.317848523589435
HOXB2,0.178292105816709
HOXB3,0.0099375386957808
HOXB4,0.119996397432738
HOXB5,0.37254466202321
HOXB6,-0.172320326170891
HOXB7,-0.461122862157737
HOXB8,-0.214084094854317
HOXB9,-0.240538523278707
HOXC10,0.37892190601706
HOXC11,-0.0696741184764066
HOXC12,-0.320411008156146
HOXC13,-0.107729932295346
HOXC4,-0.57908671382214
HOXC5,-0.352962709184642
HOXC6,-0.580968858846312
HOXC8,0.461454559100416
HOXC9,-0.531421485663377
HOXD1,-0.319090259840925
HOXD10,-0.479198623463952
HOXD11,-0.122338340715727
HOXD13,-0.150480704923251
HOXD3,-0.565949568807074
HOXD4,-0.297324726534878
HOXD8,-0.385913381533815
HOXD9,0.323826546013732
HP1BP3,-0.234071253688698
HPGD,-0.467811911553681
HPGDS,-0.0104051564945591
HPN,0.454968606336286
HPSE,-0.345052873832774
HR,0.45641404287981
HRAS,-0.121998976491336
HRH1,-0.556510954645513
HRSP12,-0.232384699264996
HSF1,0.870282010939276
HSF2,-0.0996361453638535
HSF4,-0.468808273622702
HSF5,-0.102878674589247
HSH2D,-0.293422528967594
HSP90AA1,-0.15983766106371
HSP90AB1,0.416706712896391
HSPA1L,-0.37482651237437
HSPA2,-0.257612034765134
HSPA4,0.59831555953026
HSPA4L,-0.101907709141374
HSPA5,2.52763635292417
HSPA6,0.0896538368302017
HSPA9,2.899519430302
HSPB1,-0.211005591753077
HSPB3,-0.177642613380663
HSPB6,0.0627526232298547
HSPB7,-0.157987187869922
HSPB8,-0.483775205414892
HSPH1,-0.108119362521653
HTATIP2,-0.40905562169806
HTATSF1,0.648033362693591
HTRA2,-0.349357430518655
HTT,0.255165510456771
HUNK,-0.436562001954693
HUS1,1.56568113775121
HUS1B,-0.448683795750614
HUWE1,0.874895515912139
HYLS1,-0.175315196636271
HYPK,0.769743253742638
IARS,3.16536278402031
IBTK,-0.296896959357068
ICA1,-0.301353458104567
ICK,-0.461401004463063
ID1,0.0770485678933734
ID2,-0.212750701477951
ID3,-0.213518474070947
ID4,-0.322502269018949
IDE,-0.0050917478510164
IDH3G,0.053296197354039
IER3,0.0351272767785596
IFI16,-0.0765475080422269
IFI35,0.0853329414628096
IFIH1,-0.276745295253001
IFLTD1,-0.713577283806415
IFNG,-0.470130021583598
IFRD1,-0.27159159972906
IFT46,-0.0557616969046827
IFT74,-0.194268966991465
IGF1R,-0.623227690267046
IGF2BP1,-0.0493579741534759
IGF2BP2,-0.0078159530392095
IGF2BP3,0.124394152914536
IGF2R,-0.224665975169263
IGFALS,-0.0730312118444804
IGFBP3,-0.404502101403105
IGFN1,-0.308086323769608
IGHMBP2,0.200438965485084
IK,0.899259241244992
IKBKB,-0.174983655163237
IKBKE,-0.322187865898058
IKBKG,0.268417094044993
IKZF1,-0.0176873177815672
IKZF2,1.5381268666433
IKZF3,0.163496873614085
IKZF4,-0.227431683913773
IKZF5,0.0922403827414849
IL12A,-0.492282903018437
IL15,0.0924290682582423
IL15RA,-0.195423917875391
IL16,0.100695514376083
IL1RN,-0.161034391598065
IL33,-0.42181528914112
IL37,-0.339352388793174
IL4I1,-0.109058771108318
IL8,-0.314768709135461
ILF2,0.707242228410755
ILF3,0.906096300001602
ILK,-0.397013251836059
IMMP2L,0.274869881520189
IMP3,0.620951519913313
IMPA1,-0.129419805907397
IMPDH1,-0.121476674140399
IMPDH2,1.77641639806622
INCA1,-0.138875893450258
INCENP,0.258610318564547
INF2,-0.0979050704810255
ING1,-0.532739576469384
ING2,0.385465033392922
ING3,1.10109155783955
ING4,-0.339741716531564
ING5,1.38442115524478
INHA,0.0905389047787806
INHBA,-0.0874811782833146
INO80,1.12090993570685
INO80B,0.941763350232652
INO80C,-0.040558520416501
INO80D,-0.259268032811585
INO80E,0.647473222985523
INPP5K,-0.213983466839781
INSC,-0.140724455735787
INSM1,0.101603574679771
INSR,-0.473984389422689
INSRR,-0.164785868500992
INTS1,0.0092695831161023
INTS10,1.91247619248247
INTS12,0.136485359278615
INTS2,0.847040440540114
INTS3,-0.0617559392023194
INTS4,0.954390953580032
INTS5,0.462724697183098
INTS6,0.142949644010625
INTS7,0.170485828861741
INTS8,1.0669571614519
INTS9,0.151858985854699
INVS,-0.274394831516478
IP6K1,-0.173103641924589
IP6K2,-0.215561645382439
IP6K3,-0.0901323212017669
IPMK,1.09901789757155
IPO11,1.29688233438952
IPO13,2.69363176890867
IPO5,-0.234333722186112
IPO7,2.43442238578401
IPO8,0.084457299020373
IPO9,0.179456023329748
IPPK,-0.0990495801476837
IQGAP1,-0.260961405921601
IQGAP3,0.17407396770159
IQSEC1,-0.101390709245127
IQSEC2,0.12847126929366
IQSEC3,-0.232513802314353
IRAK1,-0.463125903775904
IRAK1BP1,-0.26434162204489
IRAK2,-0.245779228681094
IRAK3,-0.282452582387325
IRAK4,-0.202133316073762
IRF2,0.494041413373509
IRF2BP1,0.584297145189238
IRF2BP2,1.92902777445391
IRF2BPL,-0.186731921718325
IRF3,-0.518790295969485
IRF4,-0.278681274496859
IRF5,-0.214738733511913
IRF6,0.088100031161188
IRF7,-0.272433630342195
IRF8,-0.0883501388233987
IRF9,-0.203986752113924
IRS1,-0.289533886899425
IRX1,-0.615348726147227
IRX2,-0.104359751151283
IRX3,-0.314217877642976
IRX4,-0.426030444899727
IRX5,-0.0836658770967574
IRX6,-0.370807750760415
ISCU,2.3846863426416
ISG20,0.0451436132828411
ISG20L2,0.414968016958349
ISL1,-0.437109915713135
ISL2,-0.0963365305000381
ISM2,0.412732059609333
ISOC2,0.102806739426391
IST1,0.25443223251136
ISX,-0.169131176884478
ISY1,0.682069167039373
ITCH,-0.167263946195255
ITGAM,-0.0620991102384053
ITGAV,-0.367439343686073
ITGB1,0.252489734619504
ITGB1BP1,-0.205302895862818
ITGB3,0.0010167223869667
ITK,-0.440002377044594
ITM2B,-0.489505185328294
ITPKC,0.0192201691891714
ITPR3,0.005413261674335
IVNS1ABP,-0.309340316592379
IWS1,0.611196776082315
JAG2,-0.13358309133235
JAK1,-0.395932822385655
JAK2,-0.405948321536321
JAK3,-0.265365280787327
JARID2,-0.284912448656838
JAZF1,0.220861172149947
JDP2,0.0264657719096216
JHDM1D,-0.39631273470183
JMJD1C,-0.323476515988373
JMJD6,0.978440815438727
JMY,0.0040673714388116
JRKL,-0.280711716239387
JTB,0.288386853382156
JUN,-0.116712722274874
JUNB,-0.541324610339284
JUND,0.102569437119779
JUP,0.0665425325740954
KALRN,-0.0824266876267545
KANK1,0.149531419595366
KANSL1,0.0756337406084399
KANSL1L,-0.324317275007636
KANSL2,0.835146646535371
KANSL3,0.878448025452049
KARS,0.267266662214666
KAT2A,0.376283018748323
KAT2B,-0.19797928883322
KAT5,2.80400369797045
KAT6A,0.991439208546895
KAT6B,0.365864803131999
KAT7,1.75850559542547
KAT8,1.03611738042341
KATNA1,-0.251363343671251
KATNB1,-0.012710905180249
KAZN,-0.178365591907423
KCNH1,-0.138425892064359
KCNH2,-0.342953751315777
KCNIP3,-0.101870286859683
KCTD1,-0.427656035316555
KCTD10,0.0835537756267985
KCTD11,-0.225961581546364
KCTD13,0.226363907828518
KCTD5,0.975501052774211
KDM1A,0.214839469119911
KDM1B,-0.468289805583663
KDM2A,0.277112583880318
KDM2B,-0.114885305484345
KDM3A,0.168312041447046
KDM3B,-0.0254284472446649
KDM4A,-0.34066369755128
KDM4B,0.111815948593125
KDM4C,-0.411216781156923
KDM4D,-0.338736955102766
KDM5A,-0.326996415070579
KDM5B,0.278310619536446
KDM5C,0.048695550500545
KDM5D,-0.561079175897903
KDM6B,-0.409121160826
KDM8,0.432805656430303
KDR,-0.286906673753373
KEAP1,0.0995399696656798
KHDC3L,0.202906423172655
KHDRBS1,-0.249538199097493
KHDRBS2,-0.322704155669571
KHDRBS3,0.333231541231503
KHSRP,0.627776556907936
KIAA0020,0.3766441024175
KIAA0040,-0.106179266151103
KIAA0100,0.919912066321368
KIAA0101,0.019575775303933
KIAA0141,-0.0754578497768369
KIAA0146,0.340392570064831
KIAA0195,-0.0333989686011846
KIAA0196,0.14657072556912
KIAA0226,0.259555383066834
KIAA0226L,-0.105860731939541
KIAA0232,-0.21452892759328
KIAA0247,-0.171701887486371
KIAA0319,-0.0665310825553614
KIAA0319L,-0.147727943412454
KIAA0355,0.147171839266656
KIAA0368,-0.235970006011632
KIAA0391,-0.0627259252165326
KIAA0408,-0.510540800543308
KIAA0430,-0.0381686355045692
KIAA0513,-0.17980068067672
KIAA0556,0.0814946936874158
KIAA0586,0.0114998951245168
KIAA0753,-0.027129015903398
KIAA0754,0.0364198770119854
KIAA0825,-0.386215465836388
KIAA0895,-0.151256154653611
KIAA0895L,-0.138652999522765
KIAA0907,0.261124953313813
KIAA0922,-0.105206611921097
KIAA0930,-0.199710864052225
KIAA0947,0.340386902259718
KIAA1009,0.0993739856326392
KIAA1024,-0.271548245795172
KIAA1033,0.18582376629885
KIAA1045,-0.220444540215388
KIAA1107,-0.249495483292999
KIAA1109,-0.160534642068401
KIAA1147,0.314390213049731
KIAA1161,0.183975655538447
KIAA1191,-0.208983958369675
KIAA1199,0.0749376089196677
KIAA1211,0.0545406722414574
KIAA1211L,-0.0706017553487762
KIAA1217,-0.164362817155325
KIAA1239,-0.311890947803233
KIAA1257,-0.0388288651854758
KIAA1279,0.292881541404339
KIAA1324,0.460782243102635
KIAA1324L,0.059987807700248
KIAA1328,-0.394061765662493
KIAA1377,0.0971387378302716
KIAA1407,0.115416782421421
KIAA1429,0.259521687634347
KIAA1430,-0.089853519747842
KIAA1432,-0.146960955580516
KIAA1462,-0.130669780222046
KIAA1467,0.422453423248287
KIAA1468,-0.0418906314265356
KIAA1522,0.125824310311529
KIAA1524,0.510491892068808
KIAA1549,-0.198438391745101
KIAA1549L,-0.114825738062782
KIAA1551,-0.14364973261525
KIAA1586,0.174588627410503
KIAA1598,-0.134013474779387
KIAA1614,-0.138489901528357
KIAA1644,-0.39283335106602
KIAA1671,-0.354007679943843
KIAA1704,0.124411747599086
KIAA1715,0.221276291408599
KIAA1731,0.936812182597638
KIAA1737,0.0400182094713996
KIAA1755,0.157237528574452
KIAA1804,-0.307630831050423
KIAA1841,-0.39860767695966
KIAA1919,-0.110988535299852
KIAA1958,0.136559972482622
KIAA1967,-0.0143181677091192
KIAA1984,0.174727513961524
KIAA2013,-0.390594646857138
KIAA2018,0.268886764019494
KIAA2022,-0.493109488765934
KIAA2026,-0.28770054801947
KIF11,0.787569569116317
KIF13A,-0.336019896978818
KIF14,-0.053334043490082
KIF15,1.11902079398414
KIF18A,0.73674282051083
KIF18B,0.0444248598209903
KIF1A,-0.205682006383189
KIF20A,0.58268793450996
KIF20B,0.0504217452789541
KIF22,-0.11585703837865
KIF23,0.695807404947118
KIF25,-0.484324522343593
KIF2A,-0.0668388169557486
KIF2C,-0.0709638723021478
KIF3B,-0.0328462212877878
KIF4B,-0.454975353788266
KIFAP3,0.0178535849805957
KIFC1,-0.411135183161063
KIT,-0.36698446187737
KLF1,-0.190211470825829
KLF10,-0.143027438103145
KLF11,-0.215333382199948
KLF12,-0.0208660806187309
KLF13,-0.259941096884188
KLF15,-0.583019615686993
KLF16,0.451262953590728
KLF17,-0.0675927677264715
KLF3,-0.340324559715124
KLF4,-0.389428617407651
KLF5,-0.07191547134903
KLF6,0.187877518926668
KLF7,-0.331721150626052
KLF8,-0.0077963478781139
KLF9,-0.114918830213618
KLHDC2,-0.0041688551882104
KLHDC3,-0.0308689069080216
KLHL13,-0.342621254450752
KLHL20,0.0301283199299887
KLHL21,0.178006307412718
KLHL22,-0.230252649126631
KLHL4,-0.409128106867183
KLHL41,-0.307038797167133
KLHL42,0.139906605451669
KLHL7,-0.21251717655787
KLK1,-0.321407702561385
KLK10,0.326486780852085
KLK6,-0.272764932776597
KLLN,-0.237317432565058
KNSTRN,0.292245155578536
KNTC1,0.140040282411517
KPNA1,-0.225912115301041
KPNA2,0.181883564961447
KPNA3,-0.382777922077646
KPNA4,0.421980955393145
KPNA5,-0.364524797860641
KPNA6,0.20180553013691
KPNA7,0.181950152314026
KPNB1,0.979105222692758
KPTN,-0.161808036959729
KRR1,0.549903887360392
KRT14,-0.173141715655329
KRT18,-0.472868375443945
KRT7,-0.321054279950634
KRT8,0.180157141626312
KSR1,-0.505997535988285
KSR2,-0.375652689436909
KYNU,-0.0978876397135244
L3MBTL1,-0.450514689440804
L3MBTL2,-0.0824447556971789
L3MBTL3,0.004486330705007
L3MBTL4,-0.713685558791702
LANCL1,-0.125633662000796
LANCL2,0.0371901330039444
LAP3,-0.173082529958006
LARP6,-0.349756574340105
LARP7,-0.307258520946527
LAS1L,0.671254115891075
LAT,-0.0208842168773126
LATS1,-0.623617193350952
LATS2,-0.144337220902425
LBH,-0.0829050918689086
LBR,-0.178444496588143
LBX1,-0.139552815518015
LBX2,-0.130044157510135
LCK,-0.133397536132711
LCOR,-0.2351455488983
LCORL,0.115097763520443
LDB1,-0.27082838125117
LDB2,-0.42005186315653
LDOC1,-0.184571587526855
LEF1,0.0680449893357377
LEMD2,-0.205488315889209
LEMD3,0.0037844580290032
LEO1,0.630872245549679
LEPRE1,0.389110494909161
LEPREL4,0.240185088050322
LFNG,-0.314485650473081
LGALS1,-0.308685270190554
LGALS12,-0.0273973090523516
LGALS3,-0.354111069923604
LHPP,-0.146095350756458
LHX1,-0.280256201761795
LHX2,-0.231568454675456
LHX3,-0.479387520295479
LHX4,-0.103087764613323
LHX5,-0.104942458966529
LHX6,0.147423527511307
LHX8,0.0717557870474325
LHX9,-0.217407324561359
LIG1,-0.0242720140125634
LIG3,0.250211971097856
LIG4,-0.0719003422646624
LIMD1,-0.0633201706708937
LIMK1,0.082162019228784
LIMK2,-0.171999657735218
LIMS2,-0.249651151615402
LIN28A,-0.0245010392727564
LIN28B,-0.109349311074712
LIN37,0.0791221838842517
LIN54,0.0761324643061706
LIN9,-0.0970776323165324
LLGL2,-0.183796514558811
LMCD1,-0.374908530006323
LMNA,-0.148570779472886
LMNB1,-0.151147933879482
LMNB2,-0.144296710215269
LMO1,-0.297763037439894
LMO2,0.96309963856089
LMO4,-0.0455180477250173
LMO7,-0.297494254638196
LMTK2,-0.497996187535916
LMTK3,-0.204034267419672
LMX1A,-0.435949958533526
LMX1B,-0.649974496970295
LOC100127983,-0.0890242570691507
LOC100129361,0.0190577248565903
LOC100130370,0.168489835328237
LOC100505549,-0.225494138568699
LOC100652824,-0.151867356868047
LOC100862671,0.382738339643502
LOC100996485,0.185006808129229
LOC100996634,-0.27707199459213
LOC152586,-0.0144858196560796
LOC284385,-0.4929148193489
LOC730183,0.363735594828924
LOC81691,0.292397223631806
LONP2,-0.320791119335432
LOX,-0.33829373497204
LOXL2,-0.0918997093071074
LOXL3,-0.208622749502955
LPIN1,-0.666609881972141
LPIN2,-0.267636394513165
LPIN3,0.0917870140645524
LPP,-0.475453010416502
LPXN,0.133664031263908
LRCH4,-0.0801525785150728
LRIF1,-0.101773802881606
LRP1,-0.179197353194795
LRRC10,-0.0201624759611013
LRRC16A,-0.0918259921207472
LRRC59,-0.19194299316032
LRRC6,-0.355934528113711
LRRFIP1,-0.46428214738856
LRRK1,-0.38802795011454
LRRK2,-0.251921665896607
LRWD1,0.157421020135955
LSG1,0.805780709279321
LSM1,0.393745141682151
LSM10,0.82441734648349
LSM11,1.60711829793214
LSM2,0.665269789851389
LSM4,0.934440724326386
LSM5,0.188546725381479
LSM7,1.41437934100343
LSMD1,-0.186036853948892
LTA4H,0.0464849855781686
LTC4S,-0.144177870059332
LTF,-0.1341436805059
LTK,-0.107222831633001
LTV1,0.68576360457288
LUC7L,0.167751572235567
LUC7L2,0.432580831566268
LUC7L3,1.62621071149772
LUZP1,-0.34725191224132
LUZP4,-0.109622356719137
LY6K,-0.0042809264681744
LYAR,-0.0608922026985952
LYL1,0.105490256533428
LYN,0.329037877035261
LYRM1,-0.515496135619493
LYRM4,1.21040608962139
LZTS1,0.285444917539499
LZTS2,-0.263526611747469
M1AP,-0.149677825035627
MAB21L1,-0.122474047284333
MAB21L2,-0.13775860509001
MACC1,-0.0128467609125116
MACROD1,0.345582266259043
MACROD2,0.154154685038311
MAD1L1,0.196596585714233
MAD2L1,-0.226535952511337
MAD2L1BP,0.899868888583162
MAD2L2,0.991223963665209
MAEA,0.227034294433866
MAEL,0.0706056687019674
MAF,0.19008172599337
MAF1,0.422977877048365
MAFA,0.0892972916621222
MAFB,-0.291310278513343
MAFF,-0.303413067271028
MAFG,-0.0664986364645077
MAFK,-0.260881596439176
MAGEA1,-0.185372242673265
MAGEA10,-0.139604949347653
MAGEA11,-0.0333603308379389
MAGEC2,-0.119964930397999
MAGEE1,-0.337193712467779
MAGI2,-0.185447175076579
MAGI3,0.213523726087384
MAK,-0.634921096818919
MAK16,1.06723046288014
MALT1,-0.209613571581863
MAML1,0.325587511047911
MAML2,-0.0113394570158096
MAMLD1,-0.559508942944655
MAMSTR,-0.287812914176706
MAN1A2,0.0271449071141592
MAP10,-0.19732480993237
MAP1S,0.0150161562055487
MAP2,-0.272282039746392
MAP2K1,0.246836586187152
MAP2K2,-0.692078727428552
MAP2K3,-0.234481693870356
MAP2K4,-0.379898304802497
MAP2K5,-0.0104718061075862
MAP2K6,-0.434784105908494
MAP2K7,-0.391097435603163
MAP3K1,-0.2358903577733
MAP3K10,-0.433251583220252
MAP3K11,-0.0708895029710488
MAP3K12,-0.188383044580177
MAP3K13,-0.682824767269689
MAP3K14,0.0124997468883912
MAP3K15,-0.260183650630068
MAP3K19,-0.126800129531641
MAP3K2,-0.412967727300672
MAP3K3,0.0124742167574211
MAP3K4,-0.266366092122284
MAP3K5,0.0605727340278928
MAP3K6,-0.29103294161531
MAP3K7,-0.0937534285046077
MAP3K8,-0.608424676430099
MAP3K9,-0.200402330246402
MAP4,-0.199056957252854
MAP4K1,-0.319249717993117
MAP4K2,-0.0747510618115457
MAP4K3,-0.668406022166272
MAP4K4,-0.661158454209779
MAP4K5,-0.0124808571976738
MAP7D3,-0.228487175467929
MAP9,-0.105383286554181
MAPK1,0.996081975077248
MAPK10,-0.279441913052655
MAPK11,-0.0654078541769642
MAPK12,-0.109276711043901
MAPK13,-0.265095682575345
MAPK14,0.279719779817747
MAPK15,0.26121971555612
MAPK3,0.250452665097663
MAPK4,-0.47724569370108
MAPK6,-0.483742245571204
MAPK7,-0.331296150063144
MAPK8,-0.269953695253616
MAPK8IP1,-0.0144229835355304
MAPK9,-0.478730645184715
MAPKAP1,0.152416143940315
MAPKAPK2,-0.321319773885503
MAPKAPK3,-0.298589817303987
MAPKAPK5,-0.028013031189673
MAPRE1,0.782376282533189
MAPRE2,-0.207753706834117
MAPRE3,0.0036017246276824
MAPT,-0.134670901549017
MARCKS,-0.330190822918715
MARK1,-0.439913421321091
MARK2,-0.768591165027642
MARK3,-0.775577428858764
MARK4,-0.51814064037114
MARVELD1,-0.0172063873472924
MAST1,-0.372814692085128
MAST2,-0.326008921057476
MAST3,-0.426577838629178
MAST4,-0.287000023494229
MASTL,1.26117824377317
MAT2B,-0.521436196118953
MATK,-0.242139381683069
MATR3,0.0820295686245282
MAU2,2.03701940594647
MAX,0.65769809859174
MAZ,-0.561834265370482
MBD1,-0.0751088164793682
MBD2,0.586467892494399
MBD3,0.278251038692024
MBD3L1,-0.278197806646469
MBD4,-0.155386027486311
MBD5,-0.227538886647942
MBD6,-0.0718726506364051
MBIP,-0.182318927460692
MBNL1,0.24632635329616
MBNL2,-0.631549902127319
MBNL3,-0.176042405764375
MBTD1,-0.0310290058680111
MCC,-0.230062282716116
MCIDAS,-0.498195991741506
MCL1,1.99402748224466
MCM10,0.522076202551153
MCM2,0.973996824628822
MCM3,-0.0336646404695053
MCM3AP,0.291173826308723
MCM4,0.968955035847984
MCM5,0.907014876599349
MCM6,1.38028091184487
MCM7,2.06300388594407
MCM8,-0.168707721896764
MCM9,0.14958890522711
MCMBP,-0.0803541241416443
MCRS1,0.349310821137134
MCTS1,-0.40525586390456
MDFI,-0.0311498305048923
MDFIC,-0.0204526270146042
MDH2,0.146228352498181
MDK,0.071268864570391
MDM1,-0.0101493066454281
MDM2,-0.240089714776313
MDM4,-0.120205517051332
MDN1,1.04461700883398
MEAF6,1.41730735273185
MECOM,-0.102129794844706
MECP2,-0.302561547837804
MED1,1.08168481686752
MED10,0.450683490489632
MED11,1.65569797387298
MED12,0.535954536067148
MED12L,0.300462014458645
MED13,0.198144498741963
MED13L,0.0405627529247116
MED14,0.0234682899943811
MED15,-0.0302557990113564
MED16,-0.235156612246355
MED17,0.523292871187016
MED18,0.0984165980135712
MED19,1.60766855804911
MED20,1.04386476008557
MED21,1.39645544015809
MED22,-0.162897300885871
MED23,0.791372201684243
MED24,0.805857844097928
MED25,0.164217207989594
MED26,0.62767086318128
MED27,0.638784165068554
MED28,0.48430307528473
MED29,-0.128375071951455
MED30,2.24456949318575
MED31,0.0525325325581943
MED4,0.121897290145442
MED6,0.708404408299713
MED7,0.629931495848944
MED8,1.86877243996954
MED9,1.12625545851761
MEF2A,-0.438953904686592
MEF2B,-0.216219710238418
MEF2C,-0.0577846511913419
MEF2D,-0.123333270773514
MEFV,-0.150906561307816
MEI1,-0.300284459221068
MEIOB,0.364423798368309
MEIS1,-0.0361666002248897
MEIS2,-0.19994963375439
MEIS3,0.158087711489304
MELK,-0.329908333211358
MEN1,1.34390499107183
MEOX1,-0.0092303774947629
MEOX2,-0.190244871476327
MERTK,-0.417952138608464
MESP1,-0.19037517729883
MESP2,-0.47204250194846
MET,-0.464256083932384
METTL1,1.76221015206014
METTL14,0.808272288483755
METTL3,2.51267718470295
METTL8,-0.432553230278381
MEX3A,0.439944205675946
MEX3B,-0.150253318989626
MEX3C,-0.229216373960594
MEX3D,0.0883306083789319
MFN2,0.177484503679391
MFSD8,-0.107131480602619
MGA,-0.290164237259918
MGEA5,0.871082274686598
MGMT,-0.550483771985069
MGRN1,-0.0875392958124186
MGST1,0.116834349613236
MGST2,-0.238215372825891
MGST3,-0.537381561464832
MIB1,0.24512975153087
MID1IP1,-0.437916886207156
MIDN,-0.0645653497766191
MIER1,-0.250534920840755
MIER2,0.0663621449610359
MIER3,0.259710995623906
MIF4GD,-0.0938700775983158
MINA,-0.298675489085169
MINK1,-0.436723612571521
MIPOL1,-0.372378386806843
MIS12,-0.12748503739666
MIS18A,-0.282128476349464
MIS18BP1,1.34318466617464
MITD1,-0.0126123069090327
MITF,-0.648891696289539
MIXL1,-0.100391222336652
MKI67,0.607177287364688
MKI67IP,2.1426475733402
MKL1,-0.605999701453157
MKL2,-0.478512004888205
MKNK1,-0.102056849856668
MKNK2,-0.407565496265098
MKX,-0.509866065144728
MLF1,-0.13199496562961
MLF1IP,0.0595575040030479
MLH1,-0.0335169308964434
MLH3,-0.212246673248966
MLIP,-0.387599233975415
MLKL,-0.310163723262727
MLL,1.43832897498015
MLL2,0.102288858231077
MLL3,-0.0956721857463945
MLL4,0.750082518640119
MLL5,-0.41787642884702
MLLT1,0.481596877269385
MLLT10,0.101082149830514
MLLT3,-0.0509098744228425
MLLT4,-0.638605744293915
MLLT6,-0.0490606287497336
MLX,0.122624374648387
MLXIP,0.0076153561701193
MLXIPL,-0.343064363160773
MMP2,-0.404193342023332
MMS19,0.259825589625584
MMS22L,1.77016027813813
MNAT1,1.67677365718972
MND1,-0.413817189029251
MNDA,-0.0447760487059744
MNF1,0.683339234316652
MNS1,-0.1123686388511
MNT,0.403898270034016
MNX1,-0.0145312430364979
MOB1B,-0.0825854028726044
MOB2,-0.274435333938134
MOBP,-0.132525510737377
MOCS1,-0.339146103028659
MOCS2,-0.0754292830836628
MOK,-0.345379307972726
MORC1,-0.36980622974615
MORC2,-0.374213156812393
MORC4,-0.353164703304071
MORF4L1,0.508101074817414
MORF4L2,-0.0571109202426613
MOS,-0.171468308032517
MOSPD1,-0.532180589715933
MPHOSPH10,2.78700015561471
MPHOSPH6,0.446295354034563
MPHOSPH8,0.471122003853301
MPHOSPH9,-0.606685219307829
MPLKIP,-0.0639798316743334
MPO,-0.378770448514398
MRE11A,0.119597966278442
MRFAP1,0.0147896802152056
MRGBP,0.733201425833827
MRI1,0.0962742866885901
MRO,-0.295438477366518
MRPL19,0.521350358673964
MRPL40,0.599192977246933
MRPL41,1.78719972954009
MRPS14,0.364729439051679
MRPS15,0.917268202237254
MRPS23,0.524390141594348
MRTO4,-0.0722100787650273
MS4A1,-0.552133781503731
MSANTD4,0.182938978339915
MSC,0.231705931373464
MSH2,-0.0330362512889467
MSH3,0.325287634286337
MSH4,-0.202295223223144
MSH5,-0.0181671260910158
MSH6,-0.705409824968233
MSI1,0.380389532087411
MSL1,0.55194399007056
MSL2,0.34258092644532
MSL3,0.162024492247202
MSMB,0.265367233698549
MSN,-0.552757589081239
MSRA,-0.520243402356605
MSRB1,0.0433919725581966
MST1R,-0.133700822905175
MST4,-0.657523619215628
MSX1,-0.874720705901139
MSX2,-0.0823240512449592
MTA1,-0.35683054564964
MTA2,0.839662793488216
MTA3,0.110917457972749
MTAP,0.262735147211548
MTBP,0.514950145836919
MTDH,-0.169836696311613
MTF1,-0.212588801551656
MTF2,0.0453095140322474
MTG1,0.878146192289638
MTL5,0.224604179868892
MTMR2,-0.502142902635831
MTMR3,-0.197636704570425
MTMR6,0.0389436675447849
MTMR8,-0.277566005621779
MTOR,-0.129727597802096
MTPAP,1.1378277652061
MTPN,-0.197615422622634
MTRR,0.168627477291366
MTUS1,-0.190835464522314
MUC1,-0.076153982606663
MUL1,0.198264680246168
MUS81,0.428025347383463
MUSK,-0.347144296065675
MUSTN1,-0.516735131982417
MUTYH,0.27976439983116
MVB12A,-0.188445234172901
MVP,-0.0176231856196698
MX1,-0.257838659737818
MX2,-0.625796027305146
MXD1,-0.0076823279825861
MXD3,-0.418010686974565
MXD4,-0.023926288250151
MXI1,-0.244418986366856
MYB,1.18287995714549
MYBBP1A,0.665713879731411
MYBL1,-0.220752044233513
MYBL2,1.45227095745917
MYC,1.72115972735188
MYCBP,-0.262175720568999
MYCBP2,-0.306814294724715
MYCL1,0.0954127424818493
MYCN,-0.0195006392993751
MYCT1,-0.348453502958282
MYEF2,-0.409646638041975
MYF5,-0.162114976822275
MYF6,-0.489880018792883
MYH1,-0.519783695962163
MYH10,-0.0382249003479158
MYH6,0.0027834804172917
MYH7,-0.147961895977238
MYH8,-0.241151626467994
MYH9,-0.389906649867367
MYLK,-0.286857192862434
MYLK2,-0.329530192141085
MYLK3,-0.374030799676263
MYLK4,-0.464682353151975
MYNN,-0.132376054619949
MYO10,-0.130083478215758
MYO16,0.0167833534066892
MYO18B,-0.148556669011311
MYO1C,-0.156055822386135
MYO3A,-0.367209260116439
MYO3B,-0.46187992706507
MYO6,0.0359029572839004
MYOCD,0.0053676107920202
MYOD1,-0.0246735524709365
MYOF,-0.0836430903650752
MYOG,-0.354986260979178
MYOZ1,-0.129480589066965
MYPN,-0.249000932867101
MYPOP,0.17205544136456
MYRF,-0.107170768199313
MYSM1,-0.334255206131657
MYT1,-0.084510506603922
MYT1L,-0.392266884423619
MZF1,1.12000097477898
N4BP1,-0.0573075746312575
NAA10,2.32495838245865
NAA11,0.156258651909834
NAA16,-0.288373242436
NAA20,0.674644985013545
NAA35,-0.101648073063211
NAA38,1.0516062096706
NAB1,-0.147217431651343
NAB2,0.0917162242533142
NABP1,-0.22194137706581
NABP2,0.147234346448458
NACA,0.841952044246057
NACA2,0.310622333410383
NACAD,-0.0577842849920259
NACC1,-0.122856811821201
NACC2,-0.239757141846917
NAE1,0.654901131081072
NAF1,0.0897321426330313
NAIF1,-0.214102424670787
NANOS3,-0.0958533980336089
NAP1L1,-0.0783699452546328
NAP1L2,0.0585017622293409
NAP1L3,-0.775598109208034
NAP1L4,-0.0942883733258276
NAP1L5,0.345013425627798
NAPRT1,0.495842790133472
NARF,0.144548565682287
NARG2,-0.28171266254158
NASP,0.256806384933894
NAT10,1.2360292825237
NAT14,0.0776875967169492
NAV2,-0.0908031373660214
NAV3,-0.601236585124592
NBN,0.0180722809862307
NCAPD2,0.3795123795537
NCAPD3,0.240756326113658
NCAPG,0.668368480927528
NCAPG2,0.194954314738679
NCAPH,0.754176843452731
NCAPH2,0.611074376039756
NCBP1,1.25423460425881
NCBP2,2.23526184297666
NCDN,0.127766464578203
NCF2,-0.11197232193395
NCK1,0.0675610983847613
NCKIPSD,0.18903129534549
NCL,1.59689607615164
NCLN,0.75966931797162
NCOA1,0.0920582764854624
NCOA2,0.275697405056601
NCOA3,-0.0123104351344656
NCOA4,0.153629875266248
NCOA5,-0.2927926753118
NCOA6,-0.25036943898894
NCOA7,-0.64536149632916
NCOR1,0.433696774263726
NCOR2,0.978994076567325
NCR1,-0.0249064572214944
NDE1,0.0543498956813159
NDEL1,-0.268267382470116
NDN,-0.45503906193711
NDNL2,0.678282901652596
NDOR1,0.756524598523163
NDRG1,-0.549237339402161
NDRG2,-0.0763752490577672
NDUFA13,0.678143535916819
NDUFAF6,-0.0495999753887267
NDUFB6,1.36795175472864
NDUFV3,-0.177357456142802
NECAB1,0.0310032817742599
NECAB3,0.179633196411032
NEDD1,0.0370242965739557
NEDD4,-0.674644342482756
NEDD4L,-0.357012315936849
NEDD9,-0.445393274242934
NEIL1,0.309978346473161
NEIL2,0.0013766715933713
NEIL3,-0.0556193797505224
NEK1,0.280553829966075
NEK10,-0.752795616906247
NEK11,-0.40704103667446
NEK2,0.267215528488872
NEK3,-0.486937909462199
NEK4,-0.371284086305087
NEK5,-0.269704409944753
NEK6,-0.731396235018562
NEK7,-0.453765112395159
NEK8,-0.229263705999662
NEK9,-0.2379814203955
NELFA,0.831793414204151
NELFB,0.682030431165173
NELFE,0.86577800153445
NEMF,0.216178263793488
NET1,0.140006735444809
NEUROD1,0.0362051259269561
NEUROD6,-0.505266697507603
NEUROG2,-0.0827847348855318
NF1,-0.185148240158412
NF2,-0.169820275689609
NFAT5,0.0363768726145785
NFATC1,-0.23522422983164
NFATC2,-0.206598465175774
NFATC2IP,0.0879207420106867
NFATC3,-0.0627305809602065
NFATC4,-0.0885130570230508
NFE2,0.0118632757547793
NFE2L2,-0.236572651303248
NFE2L3,-0.350851325372049
NFIA,-0.079174328029046
NFIB,-0.273140747554623
NFIC,-0.425667547188595
NFIL3,0.122322334307478
NFIX,-0.191833584302711
NFKB1,-0.236124109155772
NFKB2,-0.277269587145691
NFKBIA,-0.249543177295144
NFKBIB,-0.458134635149963
NFKBID,-0.379048740969316
NFKBIL1,0.195520617964539
NFKBIZ,-0.146040603464947
NFRKB,0.903250403468804
NFU1,0.317733165297369
NFX1,0.315945851724058
NFXL1,0.214560488449716
NFYA,-0.229641669751751
NFYB,0.290988436586053
NFYC,0.916568999617286
NGDN,0.758394855722554
NGFR,-0.0892827918824384
NGFRAP1,-0.534348637336575
NGRN,-0.0198497738374236
NHEJ1,0.434746884443685
NHLH1,0.0508791205305321
NHLH2,0.0944486822934078
NHLRC1,-0.328682779812982
NHP2,0.312587895499848
NHP2L1,1.5712545553615
NHS,-0.984961461803263
NINL,-0.20249886590914
NIP7,2.55776049527354
NIPBL,0.426142697433123
NKAP,0.886053667439532
NKX1-2,-0.24874381475017
NKX2-1,0.245759129729826
NKX2-2,-0.338181516280244
NKX2-3,-0.616128637280984
NKX2-4,-0.109552901709642
NKX2-5,-0.473338431324386
NKX2-6,-0.53196605698252
NKX2-8,-0.320742642427938
NKX3-1,-0.211809300518147
NKX3-2,-0.0389690128472266
NKX6-1,-0.0298528815968343
NKX6-2,-0.323421603264405
NLE1,0.52980273625138
NLK,-0.0148635449775646
NLRC5,0.127159676557206
NLRP1,0.268009283974863
NLRP5,-0.149578798695512
NLRP6,-0.189266065046238
NMD3,1.23271478616093
NME1,0.166604365408356
NME2,-0.156930368659828
NMNAT1,0.422964515513906
NMNAT2,-0.624546280604474
NMRAL1,-0.169808848380527
NOB1,3.45760755777907
NOBOX,-0.29021619923671
NOC2L,0.52719655961851
NOC3L,0.681193564653689
NOC4L,1.352327198564
NOD2,-0.419232096959497
NOL10,1.05532795043821
NOL11,0.688756302894567
NOL12,0.509900127660702
NOL3,-0.104159835237717
NOL4,0.0536034231775674
NOL6,0.456689701159642
NOL7,0.148871201478238
NOL8,0.199208247382685
NOL9,0.0966601180836425
NOLC1,0.545981249607808
NOM1,0.0631368849896712
NONO,0.261200568885683
NOP14,0.78040033851207
NOP16,2.13481700721074
NOP2,1.09854674997299
NOP56,0.400212821763494
NOP58,0.678742445112497
NOS2,-0.0639633556594779
NOS3,-0.629206530601903
NOSIP,0.298569714506959
NOSTRIN,-0.177869705125133
NOTCH1,-0.0550966184162697
NOTCH3,0.0345283813524813
NOTCH4,-0.310044043779248
NOVA1,-0.199758935956209
NOVA2,-0.55647055808949
NOX4,-0.324863862945511
NOX5,0.132092295995486
NPAS1,-0.275881324552867
NPAS2,0.186943151015934
NPAS3,-0.470773075610074
NPAS4,-0.22259889205833
NPAT,0.966209081450443
NPC1,0.307924705281682
NPEPPS,0.19999940283681
NPLOC4,-0.0348148783720433
NPM2,0.0853328924942799
NPM3,0.225274042047231
NPPA,-0.30159949280837
NPPB,-0.196074704621947
NPR1,-0.118258967451824
NPR2,-0.278770828828967
NQO2,-0.0051580587547896
NR0B1,-0.313192144296145
NR0B2,-0.273931517385558
NR1D1,-0.160859777059399
NR1D2,-0.399447714886576
NR1H2,0.107785595654257
NR1H3,-0.0431178051626286
NR1H4,-0.319850135890105
NR1I2,-0.0356520555520677
NR1I3,-0.136508081818669
NR2C1,-0.525685253178711
NR2C2,-0.410461015854953
NR2C2AP,1.13993544306322
NR2E1,-0.37613554358533
NR2E3,0.320100354405937
NR2F1,-0.474730847300965
NR2F2,-0.468582137386046
NR2F6,-0.0717261343170632
NR3C1,-0.130427235746838
NR3C2,0.221672937712245
NR4A1,-0.482453320015161
NR4A2,-0.244311425673551
NR4A3,-0.319246905241752
NR5A1,-0.161801619241327
NR5A2,-0.356261015606309
NR6A1,0.0461789031117896
NRBP1,0.633258490773312
NRBP2,0.0547093013194784
NREP,-0.228364729991213
NRF1,0.332004401628261
NRG1,0.0819868170642565
NRIP1,0.212767487731829
NRIP2,-0.420386058556388
NRK,-0.409759568697449
NRL,0.0167424114104238
NRM,-0.27692248064477
NSD1,-0.0564168321592926
NSFL1C,0.10805412487704
NSL1,0.027635746606466
NSMCE1,0.468033165807206
NSMCE2,0.91273815139514
NSMCE4A,0.277184162788347
NSMF,0.510076843462399
NSRP1,0.185738719593143
NSUN2,-0.0632161873077278
NT5C,-0.266527075605148
NTAN1,-0.372317798113916
NTHL1,-0.106958846930099
NTMT1,-0.179865925185038
NTRK1,0.0485614224279209
NTRK2,-0.495629108600622
NTRK3,-0.117902877436748
NUAK1,-0.0146250718052823
NUAK2,-0.506714440590278
NUBP2,0.584843927287976
NUCB2,-0.10541772399967
NUCKS1,-0.275242829807686
NUDC,2.01653520087237
NUDCD1,0.396073074891922
NUDT1,-0.168818349233404
NUDT12,-0.404338610326238
NUDT16,-0.271025164858707
NUDT21,2.11718665502133
NUDT6,-0.112948223921261
NUF2,0.362764624319069
NUFIP1,0.307858443585706
NUFIP2,0.139104715790874
NUGGC,-0.133823329989546
NUMA1,0.717438897053897
NUMB,-0.230689883563104
NUP107,0.14373376482991
NUP133,0.617395280220106
NUP153,1.50955074034811
NUP155,1.34662802148121
NUP160,0.444953709428224
NUP188,1.44554753724634
NUP205,-0.385185516867125
NUP210,-0.229797421635785
NUP214,0.0139967089637608
NUP35,0.048899451368265
NUP37,-0.123420569483179
NUP43,-0.133063722628171
NUP50,0.269662749967323
NUP54,0.337215402427389
NUP62,-0.180717924834487
NUP62CL,-0.426044008904244
NUP85,-0.0130951833260522
NUP88,0.405026755786061
NUP93,0.880695304896332
NUP98,0.269344473183961
NUPL1,0.349322528113971
NUPL2,0.285634658366123
NUPR1,-0.186785613743368
NUSAP1,-0.114666520892415
NVL,1.74609411123886
NXF1,1.41920794093587
NXF3,-0.729148666952815
NXF5,-0.379617838280588
NXN,-0.280647916068729
NXNL1,0.0358645977157977
NXT1,0.0510026586147141
NXT2,0.101669106738311
OAS1,-0.103271701901996
OAS2,0.055935436034489
OAS3,0.0040824192086215
OAZ2,0.517254557777884
OAZ3,-0.345086685402986
OBFC1,0.338028938522926
OBSCN,-0.275929609070701
OCRL,-0.173607339209384
ODF2,-0.302349120229907
OGFOD1,0.0846921225246335
OGFR,-0.0457452848223402
OGG1,0.177694261952013
OGT,0.99585401351187
OIP5,1.25965080832366
OIT3,-0.051729081033239
OLA1,0.421859878309625
OLIG1,-0.223138113546956
OLIG2,-0.151052367525218
OMP,-0.248266972500527
ONECUT1,-0.13298756517254
ONECUT2,-0.357135543028602
OPTN,-0.497227423787437
ORC1,-0.111870024598341
ORC2,-0.0964766407896055
ORC3,0.10985374253733
ORC4,-0.130242289126336
ORC5,0.584968917232923
ORC6,3.08527026815709
OSBPL1A,-0.496262135418408
OSBPL3,-0.382647627461289
OSBPL6,-0.374311301976168
OSGIN2,-0.0545830059395221
OSR1,-0.223273896548272
OSR2,0.190732847261829
OTP,-0.239660721266593
OTUD7A,-0.264312716648274
OTUD7B,0.239101767077264
OTX1,-0.189302624366397
OTX2,-0.0841841346098883
OVOL1,-0.120788229397661
OVOL2,0.120757708381558
OVOL3,0.123949863493101
OXR1,-0.246727208390155
OXSR1,0.078672389054411
PA2G4,0.294353965013607
PABPC1,0.364328533279443
PABPC4,0.015605091903406
PABPN1,0.651851168234293
PADI3,-0.0448321142260732
PAF1,1.76275366710732
PAFAH1B1,2.74645738467181
PAFAH1B2,-0.136831462989685
PAGR1,-0.105307540737502
PAK1,-0.115400310170296
PAK1IP1,3.41948624379653
PAK2,0.211413445323372
PAK3,-0.726491036408149
PAK4,-0.652136934986934
PAK6,-0.281531989485284
PAK7,-0.691363163684389
PALB2,0.126837104299752
PALLD,-0.149146682014276
PAN2,-0.0138430581440087
PAPD4,-0.0532692545529744
PAPD5,-0.334214906262318
PAPD7,-0.337919456746235
PAPOLA,-0.629528612497668
PAPOLG,0.597755751903365
PARD3,-0.207847843929557
PARD3B,-0.1021087971916
PARD6A,-0.471557843987475
PARD6B,-0.203407264170505
PARD6G,0.0307961831162833
PARG,-0.0994387112356399
PARK2,-0.363803699290842
PARK7,-0.345132380998945
PARL,0.518176445870699
PARM1,0.302754578420786
PARP1,0.0013911897479958
PARP10,0.682140451822581
PARP12,-0.244024895098549
PARP15,-0.532798975984584
PARP16,0.513624887645523
PARP2,0.295707272945767
PARP3,0.00967839711116
PARP4,0.0284447093388134
PARP9,-0.100196014222319
PARPBP,-0.105249620764027
PASD1,-0.440787530498616
PASK,-0.156416619996726
PATL1,0.203739683285115
PATL2,0.134649053972817
PATZ1,0.36845589989558
PAWR,0.472560358036763
PAX1,-0.365345848265178
PAX2,-0.142043502890632
PAX3,-0.308976293934318
PAX4,-0.000127137451314
PAX5,0.0157916864269696
PAX6,-0.323148298085649
PAX7,-0.471869752627756
PAX8,0.308916898326737
PAX9,-0.281974112891945
PAXBP1,0.16063486105969
PAXIP1,0.950897468642526
PBK,-0.444877919220111
PBRM1,0.239563907986758
PBX1,-0.24351912761459
PBX2,0.0323692788085105
PBX3,-0.0705973201075033
PBX4,-0.252342974050687
PBXIP1,0.0960718065448192
PCBD1,-0.248438596261156
PCBD2,-0.208059199305497
PCBP1,1.81573139572682
PCBP2,1.35747636830637
PCBP3,-0.341437777405561
PCF11,3.24893838855763
PCGF1,-0.0407044284312738
PCGF2,0.0252935294364786
PCGF3,0.225680898733007
PCGF5,0.968329215941555
PCGF6,0.80259724275618
PCIF1,-0.0971858491444111
PCM1,-0.17074553613304
PCNA,3.53687183303958
PCNT,0.769178310817684
PDC,0.134330633499398
PDCD11,0.517402892819433
PDCD2,1.71792267505471
PDCD2L,-0.0501292281033317
PDCD4,-0.355068460172845
PDCD5,0.765983255330619
PDCD6,0.133117024627243
PDCD6IP,0.61597470601068
PDCD7,0.48124881621723
PDE1B,0.274582866556073
PDE2A,-0.286925014287158
PDE4B,-0.0116778929966418
PDE4DIP,1.5928369927836
PDGFC,-0.213460187545295
PDGFRA,-0.397968698870369
PDGFRB,-0.331275489868786
PDIK1L,-0.0714470500732646
PDK1,-0.324049883785247
PDK2,-0.0965727708914037
PDK3,-0.138741299085689
PDK4,-0.621920005254645
PDLIM1,-0.181215082741027
PDLIM2,0.0090744988908346
PDPK1,-0.004064779156581
PDPN,-0.513283447330787
PDS5A,1.09563448769836
PDS5B,-0.215178689398236
PDX1,-0.409423103022535
PDXK,1.47015974265261
PDZD2,-0.244361086278589
PDZD7,-0.283031576401068
PEAK1,-0.0635165231540306
PEG10,-0.230918664897915
PEG3,-0.380173670829229
PELI1,-0.140103206732281
PELO,0.987793056956339
PELP1,1.09077088118882
PER1,-0.21979148056548
PER2,-0.156884244155038
PER3,-0.333702007318481
PERP,-0.533653979302276
PES1,1.31120403987675
PEX1,0.242258960646998
PEX14,0.635050761939588
PEX19,0.477678962520585
PEX2,-0.175284386245049
PEX3,-0.550191775086288
PFDN5,1.46633887395659
PFN1,1.69578591358201
PFN3,-0.413869930202518
PGAM2,-0.0199403368600921
PGAP2,-0.298822850973671
PGBD1,-0.369707706599603
PGC,-0.252634489161226
PGR,-0.582153931103983
PGRMC1,-0.0737844399445921
PHACTR1,-0.321597024714872
PHACTR3,-0.566460476301213
PHAX,0.527215102197192
PHB,2.11751323004485
PHB2,2.91937247977888
PHC1,-0.307254359324627
PHC2,-0.252394462597328
PHC3,-0.124898929197714
PHF1,0.407296742274741
PHF10,-0.283307385014735
PHF11,-0.198661678813681
PHF12,0.0534154100022158
PHF13,-0.216988648532582
PHF15,-0.0324788629792873
PHF16,-0.152074184815103
PHF17,-0.160127639158926
PHF19,-0.686079082386447
PHF2,0.474519283210082
PHF20,0.215712874531632
PHF21A,-0.190705348328408
PHF3,-0.0147505382289722
PHF6,-0.222503855364708
PHF7,-0.291277441088125
PHF8,-0.129339628511698
PHGDH,0.0848371696145634
PHIP,-0.0851583602653811
PHKG1,0.0128918694697759
PHKG2,-0.327633812494059
PHLDA1,-0.163965543308059
PHLPP1,0.24379742532657
PHOX2A,-0.123461646451519
PHOX2B,-0.378500955749161
PHTF1,-0.0113827017555581
PHTF2,-0.201681990412087
PIAS1,1.04850307431596
PIAS2,-0.558477757622987
PIAS3,-0.0586890131221179
PIAS4,-0.0605183140069163
PICALM,0.0670489659911153
PID1,-0.232319851651054
PIDD,0.437408282951722
PIFO,-0.16862775944463
PIGH,-0.0585161905265585
PIK3C2A,-0.0979834147117598
PIK3C2B,-0.146822448483628
PIK3C3,1.02111239191167
PIK3CB,-0.0494086394317833
PIK3R4,0.355944766804376
PIK3R5,0.282780000111783
PIM1,0.256232969534484
PIM2,-0.0300181756590024
PIM3,-0.467720950431427
PIN1,0.335359682033205
PIN4,-0.323559588225709
PINK1,-0.391424152180138
PINX1,0.0222217571045747
PIP4K2A,-0.387367136100995
PIP4K2B,-0.136882031925211
PIP4K2C,-0.186224804311564
PIP5K1A,-0.124411967639871
PIP5K1C,-0.120906504102105
PIR,-0.363291585770856
PISD,0.777439701663848
PITRM1,0.104875647114935
PITX1,-0.286609828480338
PITX2,0.0498421936872432
PITX3,-0.0773620287840817
PIWIL1,-0.0568824009346366
PIWIL2,0.164711209432892
PIWIL3,-0.289262924150386
PIWIL4,-0.323120014873457
PKD1,0.211789230283582
PKD2,-0.217611029907529
PKDCC,-0.263843890057553
PKM,-0.114428847914824
PKMYT1,-0.294017661031488
PKN1,-0.168353171331449
PKN2,-0.63068248421096
PKN3,-0.417187488584813
PKNOX1,-0.121586153485522
PKNOX2,-0.377532855139524
PKP1,-0.0477644229848949
PKP2,-0.0987930079519088
PKP3,-0.147266996057771
PLAG1,-0.214638823934976
PLAGL1,-0.244598042560773
PLAGL2,0.293295509969143
PLCB1,-0.387152016024244
PLCB4,-0.432617201518578
PLCD4,-0.280639301447939
PLCG1,0.01594847033427
PLCH1,0.12156909185242
PLCZ1,-0.0098761960634827
PLD6,-0.009767697264925
PLEKHA1,-0.395675435954828
PLEKHA2,-0.157260189048481
PLEKHA7,0.0023808886869212
PLEKHF1,-0.133439192218943
PLEKHO1,-0.319747573408275
PLIN2,0.114364444111643
PLK1,1.62409383599254
PLK1S1,-0.110612625102013
PLK2,-0.26920416018103
PLK3,-0.0723567341533097
PLK4,0.49268245752084
PLK5,-0.290297342821902
PLRG1,0.247398093545276
PLSCR1,-0.41629768399388
PLXNA1,-0.1531469549676
PMCH,-0.5046692423165
PMF1,1.21789269167481
PML,-0.548485513022545
PMS1,-0.132757215721929
PMS2,-0.184629516240594
PNCK,-0.518418561848234
PNISR,-0.421397912813947
PNKD,0.565821433452268
PNKP,0.275784613991626
PNLDC1,-0.665548483649236
PNMA1,0.0266645983399218
PNMA2,0.205275456956566
PNMA3,0.250740174532242
PNN,-0.0608932848260711
PNO1,0.753286475770074
PNPLA7,-0.124058288433075
PNPT1,1.60201149795035
PNRC1,-0.0299431446233799
POC5,-0.542216231772627
POGK,-0.128049204731553
POGZ,0.147324121523035
POLA1,0.47358905767854
POLA2,2.15461940168839
POLB,-0.417511973431383
POLD1,0.359462358171881
POLD2,1.36432416246781
POLD3,1.50461617896281
POLD4,0.45904251431359
POLDIP2,0.102929726610328
POLDIP3,0.293675231885793
POLE,0.422564826656224
POLE2,1.94280502087122
POLE3,0.66358305241034
POLE4,0.496919843711833
POLH,0.0886561906721781
POLI,-0.10013543920124
POLK,-0.296964636265225
POLL,-0.0619337897063355
POLM,-0.430626470538193
POLN,-0.0360081292671437
POLQ,0.688911090249958
POLR1A,0.46258998059188
POLR1B,1.79504518790216
POLR1C,0.79755271288283
POLR1D,0.0914289919291018
POLR1E,1.11652018937764
POLR2A,2.67741241125566
POLR2B,1.22839921814637
POLR2C,1.94018023009281
POLR2D,1.43660465542187
POLR2E,2.95304655858672
POLR2F,-0.347319532186851
POLR2G,1.95493236976006
POLR2H,0.533184253104516
POLR2I,2.45670650609581
POLR2L,3.0075211818282
POLR3A,0.433956231550354
POLR3B,1.0861758911002
POLR3C,1.07603728553167
POLR3D,0.389214455811707
POLR3E,0.890684143210841
POLR3F,0.287955815158346
POLR3GL,0.069611911687688
POLR3H,2.47898812251595
POLR3K,1.83104406603375
POM121,-0.395604282141001
POM121C,-0.0303177453996833
POMP,0.112304468700425
PON2,-0.453225478724981
POP1,0.239450621258394
POP4,0.0826805031837058
POP5,2.16440639574895
POP7,-0.128860370017012
POT1,1.15883263159731
POU2AF1,-0.396949533267716
POU2F1,0.264127474416744
POU2F2,-0.312154640552123
POU2F3,-0.286985560805567
POU3F1,-0.124675495029992
POU3F2,-0.105396455707234
POU3F3,-0.0616362653455337
POU3F4,-0.390879052157892
POU4F1,0.0231548861374021
POU4F2,-0.139995256258625
POU5F1B,-0.287994104512568
POU5F2,-0.848516112921718
POU6F1,0.394470132738934
POU6F2,-0.231719021910995
PPAN,1.7134647253412
PPAPDC3,-0.316772736461671
PPARA,-0.284096824235018
PPARD,0.149916367083036
PPARG,-0.418226272823856
PPARGC1A,-0.113453771602301
PPARGC1B,-0.239580365557381
PPAT,0.71688344424488
PPHLN1,0.0587009038144975
PPID,-0.172189144839183
PPIE,0.129070070247873
PPIG,-0.0254412197914618
PPIL1,-0.0221212214470191
PPIL2,1.2636325271409
PPIL3,0.188425145750537
PPIL4,0.874961654031902
PPIP5K1,-0.227646532498656
PPL,-0.184970385584389
PPM1A,-0.412977002663106
PPM1E,0.155194378634946
PPM1G,-0.0511707348947422
PPM1M,-0.0628969993429484
PPP1CA,0.625212178938822
PPP1CB,2.11091183346116
PPP1CC,0.703560170822275
PPP1R10,-0.0283017484219061
PPP1R12A,0.0674083255534826
PPP1R12B,-0.273239946183659
PPP1R13B,-0.226942480633798
PPP1R13L,-0.0175623778929693
PPP1R15A,-0.076066168984568
PPP1R16B,-0.217349153271666
PPP1R1B,-0.009550768218687
PPP1R1C,-0.296353112689296
PPP1R26,-0.259460977553241
PPP1R7,-0.374345108127472
PPP1R8,0.631554380879819
PPP1R9B,0.0104245235951398
PPP2CB,0.297867867229648
PPP2R2A,0.436508631507691
PPP2R2D,-0.0242122747642768
PPP2R3C,0.830533502698488
PPP2R4,2.58208351408209
PPP2R5A,-0.483890779744749
PPP2R5C,-0.25837003346782
PPP2R5D,-0.562792118356178
PPP3CA,-0.18996756858731
PPP4C,1.14445143659289
PPP4R2,0.369611761671278
PPP5C,0.108062180125525
PPP6C,1.5967339106492
PPP6R1,0.215816002557516
PPP6R3,0.709386607478037
PPRC1,0.0722342940356057
PPT1,-0.022296658352534
PPWD1,0.795169089953219
PQBP1,-0.313953986726201
PRAC,-0.166484685695971
PRAME,0.144335841142935
PRC1,0.474811952432105
PRDM1,-0.371199324634384
PRDM10,0.356673880113253
PRDM12,-0.303039080783674
PRDM14,0.304707818699514
PRDM15,-0.0376596263966294
PRDM16,-0.0406664400240171
PRDM2,0.223981566629814
PRDM4,-0.0370930599922772
PRDM5,-0.03826440819475
PRDM6,0.0295453191463112
PRDM7,-0.373203908410703
PRDM8,-0.46139944169266
PRDM9,-0.161637658822634
PRDX1,-0.433922426944699
PRDX5,0.197817126580997
PREB,3.98175276141946
PRELID1,0.849260206806067
PREP,-0.455409193270085
PRICKLE1,0.29559362838206
PRICKLE2,-0.383399098395452
PRICKLE4,-0.21424920940708
PRIM1,2.17823914373379
PRIM2,1.60102863726421
PRKAA1,-0.237616020328911
PRKAA2,-0.488081121778744
PRKAB1,-0.479016983831535
PRKAB2,-0.160628838949599
PRKACA,-0.220837402424586
PRKACB,-0.174062544145216
PRKACG,-0.490199626128834
PRKAG1,-0.202909514506455
PRKAG2,-0.200918376087946
PRKAG3,0.231673292860828
PRKAR1A,-0.118080700760362
PRKAR2B,-0.377562111689849
PRKCA,-0.600314262460341
PRKCB,-0.230786030892279
PRKCD,-0.367016203025175
PRKCE,-0.225811026944525
PRKCG,-0.427197173410038
PRKCH,-0.193472830165756
PRKCI,-0.110320053659771
PRKCQ,-0.715023629400212
PRKCZ,-0.216342244032804
PRKD1,-0.0934160699558156
PRKD2,-0.766712863719734
PRKD3,-0.330516961343958
PRKDC,0.963471608732885
PRKG1,0.0127806483348025
PRKG2,0.136286773696557
PRKRIP1,0.824235657773815
PRKRIR,0.53390487059483
PRKX,-0.20864194288699
PRM1,-0.0285909006666712
PRM2,-0.350931350162014
PRM3,-0.40266789945815
PRMT1,0.82990900133107
PRMT2,0.554201556110063
PRMT5,2.45160285401244
PRMT6,0.102509304770636
PRMT7,-0.346340621973163
PRMT8,-0.324462501337365
PRNP,0.0373997540002607
PROP1,-0.0648016819506464
PROX1,-0.0575888053932673
PROX2,-0.186691347445447
PRPF18,0.709450389146263
PRPF19,1.91577456394179
PRPF3,1.0452632993481
PRPF31,0.889208973571286
PRPF38A,1.85236878707176
PRPF38B,0.991016718498933
PRPF39,0.0968148483031948
PRPF4,1.09139993053841
PRPF40B,-0.266085672682224
PRPF4B,-0.291177849420705
PRPF6,1.99934077985233
PRPF8,0.707088422685007
PRR5,-0.382643380646573
PRRC2A,-0.192333823821151
PRRX1,-0.108908882358151
PRRX2,-0.195015273666003
PRSS23,-0.272961661532155
PRUNE,0.0664606204080393
PRUNE2,-0.107995755162944
PRX,0.218945822984989
PSEN1,-0.0150505445944534
PSEN2,-0.32486381096003
PSIP1,-0.0115300156347094
PSKH1,-0.459435694753855
PSMA1,1.00744342284502
PSMA2,0.776659286320853
PSMA3,0.234500490786355
PSMA4,0.240910513655306
PSMA5,1.57373043772652
PSMA6,2.47131237654845
PSMA7,3.69475993206105
PSMA8,0.0304592462321998
PSMB1,0.470956676796291
PSMB10,-0.0331580810214991
PSMB2,1.47208726916669
PSMB3,1.06307843059062
PSMB4,0.853336779698906
PSMB5,0.866006901800951
PSMB6,0.926289433288913
PSMB7,1.4613487970033
PSMB8,-0.272090786607817
PSMB9,-0.107600316032844
PSMC2,0.549025923114893
PSMC3,1.75134076492803
PSMC3IP,0.116887371531314
PSMC4,0.513744721031908
PSMC5,0.894337622648474
PSMC6,1.46786689946753
PSMD1,0.567745747590541
PSMD10,-0.444403880999813
PSMD11,1.80249925280532
PSMD12,1.00998654633397
PSMD13,0.170657112485467
PSMD14,1.47915986049873
PSMD2,2.08478747137419
PSMD3,0.841660828699915
PSMD4,0.788186326479764
PSMD5,-0.466039882920488
PSMD6,2.01106696084589
PSMD7,0.910346284749439
PSMD8,-0.034812032062337
PSMD9,0.177226549528808
PSME1,-0.473620791600463
PSME3,-0.120234196592818
PSME4,0.192471179754694
PSMF1,1.37587286193344
PSMG2,0.948971847238692
PSRC1,0.395062075955319
PTAFR,-0.0653187951303183
PTBP1,0.3641772471426
PTBP2,-0.416798180971892
PTBP3,-0.100595511163349
PTCHD2,-0.308403969856109
PTF1A,-0.480608077274172
PTGDS,-0.361820292448914
PTGER3,0.213237862609252
PTGES,-0.153829503681766
PTGES2,-0.11806578466462
PTGIS,-0.488796260236859
PTGS1,-0.305983263129526
PTGS2,-0.388148317257206
PTH1R,-0.0242399906775983
PTHLH,-0.0506881597365978
PTK2,-0.39641727917356
PTK2B,-0.278125218113657
PTK6,-0.362973334582548
PTK7,-0.553630962502684
PTMS,0.174745447892048
PTOV1,-0.212340041877267
PTP4A1,0.880753276904432
PTPN11,1.26037130217673
PTPN13,-0.14727212299619
PTPN14,-0.579625738051501
PTPN18,-0.618553311088045
PTPN2,-0.256305472075016
PTPN22,-0.329667436862924
PTPN23,0.0777922357408753
PTPN6,-0.23922993059855
PTPRE,-0.0907328171884525
PTPRH,0.135138978628365
PTPRR,-0.190580664958506
PTRF,-0.355306066255734
PTTG1,2.17211588587903
PTTG1IP,0.204746499653668
PTTG2,-0.301473328721059
PUF60,0.967827207996095
PURA,-0.157702589782958
PURB,0.169714798755079
PURG,0.361738169114209
PUS1,0.536160845965538
PUS3,-0.667149302099298
PVR,-0.105641874623464
PWP1,0.542808029758961
PWP2,1.04008906986114
PXK,-0.143423814994544
PYCARD,-0.0695455779050907
PYDC1,-0.250128979019191
PYGO1,-0.214327170295264
PYGO2,0.218634468256388
PYHIN1,0.0299610112231722
QKI,-0.336095109678454
QSOX2,0.109407409770814
QTRT1,0.159691298183695
R3HDM2,0.192105867483255
R3HDM4,-0.0785350645681968
RAB11A,0.197210623953957
RAB11B,-0.508157012632096
RAB11FIP2,-0.102582139250545
RAB11FIP3,-0.143845380128273
RAB11FIP4,-0.146682761911682
RAB1A,-0.453549830739985
RAB2A,0.019417684331271
RAB34,-0.0343915694186553
RAB35,-0.0048153000323629
RAB3GAP1,0.362699420882021
RAB3IP,-0.31024036676396
RAB8A,-0.384252012065154
RABGAP1,-0.106320245561681
RABGAP1L,0.0863169950319178
RABL6,-0.101420896820774
RAC2,0.224993868090032
RACGAP1,0.762791673899171
RAD1,0.874915613684971
RAD17,0.505963863337113
RAD18,0.10104258307508
RAD21,1.15788266779169
RAD23A,0.0459986132291529
RAD23B,0.731111162887609
RAD50,0.135056719132224
RAD51,1.58067776828727
RAD51AP1,-0.265827428104029
RAD51B,-0.0780301742854163
RAD51C,0.633706947706642
RAD51D,3.27720758410549
RAD54B,-0.242182656488227
RAD54L,0.142469359310268
RAD9A,0.769519206830631
RAD9B,-0.100756622717432
RAE1,0.135139060177951
RAF1,0.369954429965365
RAG1,-0.0469344801768204
RAG2,0.0157523608860914
RAI1,-0.381539051582972
RAI14,-0.158611065907537
RALA,0.10603230088309
RALB,0.130963906389731
RALGAPA1,-0.219755747737971
RALGAPA2,-0.409508690590288
RALY,-0.373539703052246
RAN,2.29306531642124
RANBP10,0.355314099198682
RANBP17,-0.347565620287064
RANBP2,0.523868426454785
RANBP3,0.749230367939254
RANBP6,-0.36180402651848
RANBP9,0.576110300375695
RANGAP1,1.30202678183487
RANGRF,0.0404103740282771
RARA,0.431206415036414
RARB,-0.305344731743737
RARG,-0.0409046261831903
RARS,-0.509484084069639
RASA1,-0.412572659856115
RASD1,-0.634699284965682
RASGRP4,-0.106313993554334
RASL10A,0.123295854000594
RASL11A,0.111891918874091
RASSF1,0.26692362868266
RASSF2,-0.693729260466357
RASSF4,-0.0558145766532346
RASSF7,-0.2494376035081
RAVER2,-0.0240263961953416
RAX2,-0.175997689598249
RB1,-0.197208677929356
RB1CC1,0.847189109027607
RBAK,-0.175315029294929
RBBP4,0.973701960759186
RBBP5,0.485831938172316
RBBP6,2.01727052806571
RBBP7,-0.0213834271474138
RBBP8,0.142172340916975
RBBP9,-0.211086855036909
RBFOX1,-0.17668003306793
RBFOX2,-0.738740306507271
RBFOX3,-0.286338376519369
RBL1,0.288685926844899
RBL2,0.247446335837983
RBM10,0.755977377041468
RBM11,0.164876020600758
RBM12,0.709922812707272
RBM14,4.23687608815857
RBM15,-0.229256001346688
RBM15B,0.0226818879609672
RBM17,0.515674761051038
RBM19,-0.177292088324308
RBM20,0.0290456439575758
RBM22,1.33954675977255
RBM23,-0.0356347513018265
RBM24,-0.0884289247112023
RBM25,0.579198576366005
RBM27,0.546645057662242
RBM28,1.12725707154205
RBM3,0.152575468853353
RBM34,-0.106542008668986
RBM38,-0.0938612063699971
RBM39,1.54159408747786
RBM4,0.155545708907691
RBM42,0.413575922855072
RBM45,-0.124355751577341
RBM47,-0.379099572987129
RBM48,1.25792568004724
RBM4B,-0.0518876738774351
RBM5,0.521936543812283
RBM6,-0.155597644152499
RBM8A,0.889207880688628
RBMS1,-0.213149305796206
RBMS2,-0.0102814164687806
RBMX,0.178347948944164
RBMXL1,0.0708367320047579
RBPJ,-0.0016457768735108
RBPJL,-0.312215919014838
RBPMS,0.230993124235337
RBX1,1.24083019714253
RCAN1,-0.552692714800241
RCC1,1.56980964614022
RCC2,0.253887973832
RCHY1,-0.113992381594918
RCL1,1.46069857323867
RCOR1,-0.243254312625002
RCOR2,0.238195955048571
RCOR3,-0.458013514931903
RDH10,-0.0255725834822864
RDM1,0.238180258613202
REC8,-0.0440285091299633
RECQL,-0.494382633102493
RECQL4,0.470171037466512
RECQL5,-0.0626212625518187
REL,-0.274349619584646
RELA,-0.0169306415043523
RELB,0.30370711636633
REPIN1,-0.462701575704196
RERE,0.0398329803132198
RERG,-0.304961060521746
REST,0.333329988492394
RET,-0.2217141234459
RETN,0.034602422769553
RETSAT,0.43520759436591
REV1,-0.437199400907504
REV3L,0.333607409091131
REXO1,-0.581659310949295
REXO2,0.417969757645698
REXO4,0.0739612669991971
RFC1,0.029223656231149
RFC2,1.09286995345497
RFC3,2.45687854593491
RFC4,0.839217519757824
RFC5,2.16865519182647
RFWD2,-0.61842812277102
RFWD3,0.0319248558699109
RFX1,-0.533894784889129
RFX2,-0.314677205496755
RFX3,-0.442098856615423
RFX4,-0.449062206848166
RFX5,0.285545681448199
RFX6,-0.0234821165015158
RFX7,0.0203523461875392
RFX8,-0.475893245259896
RFXANK,0.430315127051864
RFXAP,-0.466316519294072
RGCC,-0.407564761640454
RGN,-0.170350449408488
RGS10,0.0293637565948516
RGS12,-0.58770109223103
RGS13,0.0523216842674628
RGS14,-0.0547071876174992
RGS17,-0.166364196822951
RGS2,-0.0071450220092421
RGS20,0.498625571184144
RGS3,0.0289696358066772
RGS7,-0.454943718256095
RGS7BP,-0.482841315501604
RGS9,-0.364741894274428
RHNO1,0.296331591441775
RHOA,1.2257122298921
RHOB,-0.117671468578082
RHOC,0.177831101864745
RHOU,-0.126293234518936
RHOXF1,-0.132899509173731
RIF1,0.731406253044641
RILPL1,0.152257164120533
RING1,0.0319858462142971
RINT1,0.375152452038479
RIOK1,0.374379462098628
RIOK2,0.15444394038702
RIOK3,-0.170703885892661
RIPK1,-0.396766532659277
RIPK2,0.213554923682527
RIPK3,-0.164187216238419
RIPK4,-0.334433382415018
RIPPLY2,-0.176148304917419
RIT2,-0.411170093801835
RLF,0.359489486282432
RLIM,0.0938054124823128
RMDN3,-0.176875331024784
RMI1,0.373179893682489
RMI2,0.246042965059259
RNASEH2A,0.859277955342346
RNASEH2B,0.843920549001093
RNASEH2C,1.79605307142576
RNASEL,-0.477888521408972
RNF10,-0.122836427309083
RNF11,0.0161755238102761
RNF111,-0.138132752992082
RNF112,0.0024487120359491
RNF13,-0.247804363192008
RNF130,-0.297203085592196
RNF14,-0.533176762544389
RNF146,-0.28456542340337
RNF151,0.125862772032483
RNF168,0.773511888332659
RNF169,-0.461404483865148
RNF180,-0.485370134398127
RNF187,-0.505983600031041
RNF2,-0.0886209407815592
RNF20,0.80954791714826
RNF212,-0.187693567898879
RNF216,-0.175536190466579
RNF25,0.138502704729029
RNF34,-0.407932532875752
RNF4,0.952410049387412
RNF40,0.46573044846744
RNF43,-0.329905264030325
RNF6,-0.155583882311849
RNF7,-0.283481383059752
RNF8,1.80455481225012
RNGTT,2.60730540063499
RNMT,0.403028137113859
RNPC3,3.57769613150494
RNPS1,0.463422377619586
ROCK1,-0.204127598122274
ROCK2,-0.072122656421828
ROGDI,0.061874345740936
ROPN1B,-0.0718971322803034
ROR1,-0.288510992360699
ROR2,-0.363647874805279
RORA,-0.0660244062568938
RORB,-0.231228811037101
RORC,-0.217541443224173
ROS1,-0.230841905254174
RP9,-0.173575832044574
RPA1,2.78947628047487
RPA2,0.370352925498232
RPA3,0.622132117342977
RPA4,-0.130451763373413
RPAIN,0.85472377305673
RPAP1,0.991075006208148
RPAP2,1.55490504356216
RPF1,-0.0723950112234248
RPF2,1.41286581811497
RPL10,1.81627498129568
RPL10A,1.11395201888058
RPL10L,-0.147755583332675
RPL11,2.25046013199397
RPL12,2.81397197053923
RPL13,1.89918641143687
RPL13A,2.36654655106561
RPL14,1.16827441679709
RPL15,2.08270834362041
RPL17,2.52629190005251
RPL18,1.55051685698011
RPL18A,2.24637118563146
RPL19,1.02003487379225
RPL21,2.72482023012661
RPL22,0.604789847906941
RPL22L1,-0.242518742629896
RPL23,2.02834235661475
RPL23A,2.9226945400492
RPL24,0.931438429846907
RPL26,1.14234562217789
RPL26L1,-0.040860472450177
RPL27,1.56806897339348
RPL27A,2.31510065776755
RPL28,0.264914548944645
RPL29,0.59218979110526
RPL3,2.25105268588548
RPL30,1.44362455539712
RPL31,1.56866643928451
RPL32,0.919840790731142
RPL34,2.64823900581179
RPL35,1.66763931174683
RPL35A,0.803919213027718
RPL36,2.37613317633595
RPL36A,0.874050947689387
RPL36AL,1.13636147240368
RPL37,2.24335001507274
RPL37A,2.40448369057878
RPL38,2.21891945471411
RPL39,1.15646202120483
RPL39L,-0.016097979309414
RPL3L,-0.210276739083015
RPL4,1.27153738338005
RPL41,0.608773719731306
RPL5,2.10350364924162
RPL6,1.76463371864801
RPL7,1.86737135284882
RPL7A,2.18590783210785
RPL7L1,1.79601973387873
RPL8,2.19597904257675
RPL9,3.94107604154741
RPN2,1.84500556472459
RPP14,0.764136900288198
RPP21,3.62435284928923
RPP25,-0.186188100289096
RPP25L,-0.165897566611411
RPP30,-0.0488650718452069
RPP38,1.29588664028126
RPP40,0.691667975186261
RPRD1A,0.780347245129777
RPRD1B,1.92465967348711
RPRD2,0.769104839760908
RPRM,-0.488707820733368
RPS10,2.63513855741035
RPS11,2.21972952668032
RPS12,1.10884640778544
RPS13,0.965790961373294
RPS14,1.68935279108445
RPS15,1.54106766429303
RPS15A,2.11715300535475
RPS16,1.29438274663774
RPS17,1.25484368025895
RPS18,2.51449301132928
RPS19,1.29902470003161
RPS19BP1,0.446504494467146
RPS2,2.65125046665827
RPS20,2.92840331221764
RPS21,0.998340038699194
RPS23,0.599656679691045
RPS24,0.0859540466743182
RPS25,0.756557384670946
RPS26,0.298009143829231
RPS27,2.94567758537635
RPS27A,1.64139019089911
RPS27L,0.476970578884666
RPS28,1.47131954362857
RPS29,1.04808034746444
RPS3,1.27690253057697
RPS3A,1.38051147473183
RPS4X,1.87839009143521
RPS4Y1,-0.484256503519779
RPS4Y2,-0.531967510179106
RPS5,2.14537904011178
RPS6,1.40152795374978
RPS6KA1,-0.109305033715508
RPS6KA2,-0.378430000846051
RPS6KA3,-0.68120834472546
RPS6KA4,0.0335649620645792
RPS6KA5,-0.196148203625567
RPS6KA6,-0.596194149174217
RPS6KB1,-0.427859678042846
RPS6KB2,-0.086842408671518
RPS6KC1,-0.195792937816518
RPS6KL1,-0.0200709007224526
RPS7,1.15234034526958
RPS8,1.81390604891724
RPS9,2.12281263001478
RQCD1,0.820829722479806
RRAGA,1.01812982441457
RRAGB,-0.111322826279308
RRAGC,0.0594453323381469
RRAGD,-0.164099295338357
RREB1,-0.261407989295403
RRM1,2.42466855294712
RRM2,1.02302201678841
RRM2B,0.0946394331060327
RRN3,0.290663870496496
RRP1,0.0998675717278319
RRP12,0.697867627172606
RRP15,0.742606412439619
RRP1B,-0.0179489924887936
RRP36,0.21019124365425
RRP8,0.0985394924554805
RRP9,0.414033383809719
RRS1,0.455558895427033
RSBN1,-0.671600410435404
RSBN1L,-0.338866722924206
RSC1A1,-0.238216379627576
RSF1,0.105823275341968
RSL1D1,0.307156750525378
RSPH1,0.0741553131731803
RSPH4A,-0.277677035255514
RSPO1,-0.257422677148824
RSRC1,0.248524491082174
RTCA,-0.278716837474874
RTEL1,0.495100288362905
RTF1,0.583928362027258
RTN4,0.0376902342838126
RUFY2,0.100624558386254
RUNX1,1.22459365470259
RUNX1T1,0.167617671480168
RUNX2,-0.251616010409612
RUNX3,0.186870898945773
RUSC1,0.10384865103807
RUVBL1,0.877879459455125
RUVBL2,0.760542882441371
RXRA,0.0048728603984242
RXRB,-0.111561286631931
RXRG,-0.170995300022286
RYBP,0.516578340451826
RYK,-0.38167915789048
S100A1,0.444727172101512
S100A12,-0.288407073786546
S100A13,-0.243203902194912
S100A16,0.107961009175276
S100A4,-0.123198430327295
S100A5,-0.334100978629346
S100A6,-0.0715329359100699
S100A9,0.0039158424201672
S100B,0.490813012334561
S100P,0.0846012240628355
S100PBP,0.834104138967953
SAC3D1,-0.36509724275752
SACS,-0.194955883410987
SAE1,1.44729344768093
SAFB,-0.1302175351836
SAFB2,-0.0207256269643351
SAGE1,-0.207040673012801
SALL1,-0.0343678237163177
SALL2,-0.225386544635895
SALL4,-0.20842734042838
SAMD11,-0.2288831222866
SAMD4B,1.14282183387302
SAMSN1,0.105311512593712
SAP130,0.326594743335529
SAP18,1.24779305065509
SAP25,-0.429445531668586
SAP30,0.552746950827847
SAP30BP,0.747884922596506
SAP30L,-0.0666356221525471
SAPCD2,-0.121619196528845
SARNP,0.51095044158988
SART1,1.18242271910084
SART3,0.52168138355053
SASH3,-0.125641123599363
SASS6,0.603594281736406
SATB1,-0.144744366121577
SATB2,-0.293088795533163
SAV1,-0.440141294292339
SBDS,0.672500211067822
SBF1,-0.35739969646733
SBK1,-0.139135744591005
SBK2,0.17180702472471
SCAF1,0.0875525344919191
SCAF11,-0.230706927856945
SCAF4,0.187600496008312
SCAI,-0.251902340601198
SCAMP2,0.402930117579217
SCAND1,0.360039691884195
SCAND3,-0.13991206119
SCAPER,0.106938412685368
SCGB1A1,0.0491402337083425
SCMH1,-0.161825663382249
SCML1,-0.119565882708553
SCML2,-0.485513334199038
SCML4,-0.0408729700208738
SCNM1,-0.289234039994407
SCP2,0.176776962068254
SCRN1,-0.213677901682088
SCRT1,-0.258835613606331
SCRT2,-0.146226265904578
SCYL1,0.0850811631779932
SCYL2,-0.451272843985669
SCYL3,-0.325012645141132
SDAD1,1.50629057545932
SDCBP,0.0969456423065106
SDCCAG8,-0.561269959241653
SDHAF2,0.378484880639449
SDR9C7,-0.142990175688773
SEBOX,0.0259624708820372
SEC13,0.595744440830641
SEC14L2,0.0513517703978217
SEC24C,-0.0885800567260028
SECISBP2,0.268747081271852
SEH1L,3.11161896284406
SELENBP1,-0.578479894538029
SELM,0.189767557510447
SELP,-0.45123999507061
SENP1,-0.336308668001661
SENP2,-0.178149602743018
SENP3,-0.180773794299867
SENP5,-0.604291411674652
SENP6,-0.201084348173687
SENP7,-0.167978764240695
SEPSECS,1.42403160906231
SEPT1,0.353015037049649
SEPT10,-0.239559340951967
SEPT11,-0.38339811638585
SEPT12,-0.204198089542584
SEPT14,-0.316943981454987
SEPT2,-0.32576639635314
SEPT3,-0.392065052416823
SEPT4,-0.0179788943220167
SEPT5,-0.0652376270170452
SEPT6,-0.358685748524115
SEPT8,-0.17437363470665
SEPT9,0.0075304524732612
SERF2,0.167723673783974
SERGEF,-0.227218613887102
SERPINA3,-0.576077408950105
SERPINB10,-0.262503358311485
SERPINB9,-0.108660544669579
SERTAD1,0.142599948089271
SERTAD2,0.171929630165357
SERTAD3,0.18983187702131
SESN1,-0.084011731536379
SESN2,-0.487003948418162
SESN3,-0.0994610712031479
SET,0.31262824644109
SETBP1,-0.319057031720616
SETD1A,1.66573357297125
SETD1B,0.503068628488479
SETD2,-0.18887804567621
SETD3,0.127966373005109
SETD6,-0.157530018978571
SETD7,0.739909472811029
SETD8,-0.152135447878712
SETDB1,-0.217078160776774
SETDB2,0.0649650059553275
SETMAR,-0.0429637932561726
SETX,0.138867837362353
SF1,0.620908940141673
SF3A1,1.01499639689457
SF3A2,1.94281503332429
SF3A3,2.89785191604299
SF3B2,1.9181891075086
SF3B3,3.47642808491132
SF3B5,0.863090244908006
SFI1,-0.206486159753289
SFMBT1,0.175094864710228
SFMBT2,-0.300738584003479
SFN,0.266156744909969
SFR1,0.179441867148351
SFRP4,-0.0425230835335393
SFSWAP,0.325643348323969
SGK1,-0.372243703780346
SGK196,0.0104158028633435
SGK2,-0.415785797280033
SGK223,-0.425230766286523
SGK3,-0.294095995656111
SGK494,-0.199226044084336
SGOL1,-0.0145751970188387
SGOL2,-0.103027340323625
SH2B1,-0.127154497634037
SH2D4A,-0.61253593566372
SH3BGRL2,-0.343159501504547
SH3BGRL3,-0.284924783732863
SH3BP4,-0.183768731473879
SH3D19,-0.120110504440198
SH3GLB2,-0.202295441583395
SHH,-0.215258438380197
SHISA5,-0.265646493101777
SHMT1,0.152127055437867
SHOC2,0.113154791088698
SHOX2,-0.0235338230879486
SHPRH,-0.105945903617059
SHQ1,1.58576475558873
SHROOM4,0.0776951503205874
SIAH1,0.902111423334117
SIAH2,0.308012225373225
SIGMAR1,0.0767853037443379
SIK1,-0.0834829296055477
SIK2,0.245290794421354
SIK3,0.157572721756662
SIM1,0.0287838689618473
SIM2,-0.182217172887669
SIN3A,0.585475784366347
SIN3B,-0.265672677755389
SIPA1,0.151759692380063
SIRT1,0.705147069061255
SIRT2,-0.405948507966415
SIRT6,-0.402759209690161
SIRT7,0.171287403024017
SIT1,0.307398789552931
SIVA1,-0.328218859568854
SIX1,0.0865484510702713
SIX2,-0.301760124781846
SIX3,-0.0697192208965799
SIX4,-0.164236288315895
SIX5,0.127413982411701
SIX6,-0.0108838838885164
SKA1,0.664719790267557
SKA2,-0.0291811575169266
SKA3,3.70224355374121
SKAP1,-0.373578300928649
SKI,-0.0958433491722115
SKIDA1,0.0182624809641304
SKIL,0.0699259356087836
SKIV2L,0.469178335722856
SKOR1,0.0996814079613014
SKP2,-0.542281140156134
SLBP,-0.125422312617009
SLC11A2,-0.0186731581363139
SLC16A3,-0.0988507389005339
SLC22A18,-0.392954161735373
SLC25A10,-0.0063410835088988
SLC25A22,-0.0676880998424282
SLC25A26,1.66255279898524
SLC26A8,0.14323479001523
SLC2A1,0.439563204129383
SLC2A4RG,-0.241023499883491
SLC2A8,-0.473396873807995
SLC2A9,-0.20202504338987
SLC30A5,0.092699053211011
SLC30A9,0.398465782008526
SLC35A2,0.651424607415922
SLC35F6,-0.473743853292643
SLC4A1AP,0.139058397265716
SLC50A1,0.0432802259318811
SLC5A5,0.115912583040468
SLC7A6OS,2.9442614512555
SLC9A3R1,-0.163640311668081
SLC9A3R2,0.045667479257547
SLFN11,-0.240877897337386
SLFN5,-0.238830778678628
SLIRP,0.031754893650736
SLK,-0.790859196967236
SLTM,0.606286170745316
SLU7,0.667382303636438
SLX4,-0.18920084760729
SMAD1,-0.679678462120423
SMAD2,0.344207129640414
SMAD3,0.085447639290311
SMAD4,0.594924219058627
SMAD5,-0.358500978459572
SMAD6,0.405816736199847
SMAD7,-0.122453029224772
SMAD9,0.0927019951110946
SMAGP,-0.146396157877939
SMAP2,-0.161626608619885
SMARCA1,-0.315394270712314
SMARCA2,-0.183556503587041
SMARCA4,-0.491028782765513
SMARCA5,0.249105235258895
SMARCAD1,-0.326263692726696
SMARCAL1,0.284315428808423
SMARCB1,1.55915131954573
SMARCC1,0.170550208255578
SMARCC2,0.530511761881496
SMARCD1,0.0844808000776698
SMARCD2,0.0085021406564788
SMARCD3,-0.550570340140224
SMARCE1,-0.156847912263459
SMC1A,2.32804102740487
SMC1B,-0.581592225848058
SMC2,1.57112510753975
SMC3,0.275569068605941
SMC4,0.559944297851214
SMC5,0.835407489894951
SMC6,0.226591891959397
SMCHD1,0.185343094958938
SMCR8,-0.135926778514259
SMEK1,0.47980475651302
SMEK2,0.19715336154891
SMG1,0.186007379125898
SMG5,1.11320638517044
SMG6,1.946336645701
SMG7,0.285537242874005
SMIM19,-0.3242773793312
SMNDC1,0.782069530268089
SMOX,0.330713100204239
SMPX,0.0307871616712059
SMUG1,-0.390550850850986
SMURF1,0.0204529809793286
SMYD1,0.228237689940453
SMYD2,-0.0856675176381575
SMYD3,-0.361346508366376
SNAI1,-0.0456993536148154
SNAI2,-0.14819927305287
SNAI3,0.087541100800477
SNAP23,0.420222988741798
SNAP29,0.390545401563631
SNAPC1,2.63246821267444
SNAPC2,1.04597881498022
SNAPC3,0.303174674562472
SNAPC4,0.750264876615569
SNAPC5,2.26073183964415
SNAPIN,-0.531807056387832
SNCA,-0.22358846310869
SNCAIP,-0.234843011898747
SNCB,-0.383992875342363
SND1,-0.155477357568458
SNF8,0.0843523602731523
SNIP1,0.942674230867398
SNRK,-0.714527862177098
SNRNP200,1.78706764609475
SNRNP25,1.51437600384931
SNRNP27,0.757352499626312
SNRNP35,0.984483423484314
SNRNP40,0.520720822611099
SNRNP48,0.633704851689834
SNRNP70,0.434431536999878
SNRPA,0.827212611376804
SNRPA1,1.31471923225386
SNRPB,0.876935164014829
SNRPB2,0.236551995351601
SNRPC,1.18972913717916
SNRPD2,1.63133153409994
SNRPD3,1.11251273134321
SNRPN,0.146569283505564
SNTG1,-0.371163162641781
SNUPN,0.863640767088317
SNURF,-0.122350029664343
SNW1,0.423539094246814
SNX15,0.132239448981141
SNX20,-0.029806333238251
SNX27,0.654939403861655
SNX6,-0.194236283854307
SOCS7,-0.218059731832966
SOD1,3.37027352835688
SOD3,-0.480858552520844
SOHLH1,0.0046617504394928
SOHLH2,-0.249789770341496
SON,2.16237857485084
SORBS1,-0.277116988523189
SORBS2,-0.668068431293872
SORBS3,-0.0312068965321866
SORT1,-0.105344901070887
SOX1,-0.382774860752789
SOX10,-0.112659098578813
SOX11,-0.228353354337394
SOX12,-0.1919688815536
SOX13,-0.402333735573624
SOX15,-0.157566935184156
SOX17,-0.151717688711642
SOX18,0.159624077269292
SOX2,-0.281519272213108
SOX21,-0.276458460125172
SOX3,-0.253779485567792
SOX30,-0.102617865220103
SOX4,-0.441696022800024
SOX5,-0.0492558866151784
SOX6,-0.241513352672334
SOX7,-0.321535843303221
SOX8,0.138080739125385
SOX9,-0.685559483511642
SP1,0.731358855923302
SP100,-0.0992570306691429
SP110,-0.405729183022037
SP140,-0.544450406893028
SP140L,-0.100496444248687
SP2,0.246010529503756
SP4,0.208710158003743
SP5,-0.315555930423376
SP7,-0.129025629128123
SP8,-0.0752488655859506
SP9,-0.213883029980479
SPAG17,-0.211673783112645
SPAG5,0.266383685138345
SPAG7,0.0695614424125528
SPAG8,0.0832873103240279
SPARC,-0.0593286136090007
SPAST,-0.176366268478246
SPATA13,-0.280157170623836
SPATA2,-0.107835651832259
SPATA24,0.109408969586787
SPATS2L,-0.369651899496214
SPC24,2.83403119872683
SPC25,1.00176870945219
SPDEF,-0.309644227878132
SPDL1,0.695142875281493
SPDYA,-0.311322758801546
SPDYC,-0.17207935451802
SPECC1,-0.0898095317551187
SPECC1L,0.25373103197745
SPEG,-0.406238223357712
SPEN,0.845608175990683
SPG11,0.157596497365469
SPG20,0.0853935672975137
SPG21,0.0071912424277214
SPHK1,-0.378912247890021
SPI1,0.738320535812339
SPIB,0.0006123252266811
SPIC,-0.35318875463511
SPICE1,-0.124516585114024
SPIN1,0.0667446679517884
SPIRE1,-0.184784773006316
SPIRE2,0.109647255975554
SPO11,0.0084009246061061
SPOP,-0.539855558154861
SPOPL,0.0482065307104334
SPR,0.497348256469537
SPRED1,-0.490033907439011
SPRTN,0.509744272848573
SPRYD4,-0.165552124548526
SPTBN1,-0.241677457722828
SPTBN4,-0.388227732260037
SQSTM1,-0.103115746198015
SRA1,-0.405104135285842
SRC,-0.379857129154659
SRCAP,-0.17409824052304
SREBF1,0.320192276676896
SREBF2,-0.161060280073182
SREK1,0.33929023453807
SRF,0.602844209646465
SRFBP1,1.38052439282544
SRMS,-0.26884022072563
SRP19,0.0978451790669762
SRP54,1.25470055602534
SRP68,-0.0261730647368493
SRP72,1.51523503320868
SRPK1,0.125200792295217
SRPK2,-0.472819368158843
SRPK3,-0.666943427437067
SRRM1,1.94293548917158
SRRM2,0.757991933290366
SRRM4,-0.0193613107844427
SRRT,1.43201030928068
SRSF1,2.88213078798837
SRSF10,0.844150237661664
SRSF11,1.38365814905828
SRSF12,-0.273709937493205
SRSF2,2.783766100262
SRSF3,2.5858259435163
SRSF4,-0.0999263340375691
SRSF5,0.470908210605973
SRSF6,1.45905267430049
SRSF7,1.97399643366037
SRSF8,-0.136626455359833
SRSF9,0.406209134464728
SRY,-0.254149239618479
SS18,-0.0666238881061803
SS18L1,0.0750365101833722
SSBP2,-0.0834026816174626
SSBP3,0.274744453579434
SSBP4,0.124114264432909
SSH3,-0.133237449206539
SSNA1,0.05963734396211
SSRP1,1.98780827916272
SSSCA1,0.411643304182112
SSU72,0.663139697579559
SSX2IP,0.212602641417907
SSX5,-0.0688710865208802
ST18,0.247379807271385
ST6GALNAC4,-0.451961340263518
STAG1,0.0492922164525183
STAG2,0.100268269141646
STAG3,-0.370668997149046
STAM2,-0.509362804103133
STAMBP,0.067802894507762
STAP1,-0.231374124423501
STAP2,-0.287784281603288
STARD9,-0.147262378316741
STAT1,-0.18871071664418
STAT2,0.725051785809861
STAT3,0.0307840832051699
STAT4,0.0953209755419866
STAT5A,-0.146232223949156
STAT5B,2.35426354141488
STAT6,-0.0083090511053819
STAU2,0.316041527469009
STEAP3,-0.0640835024872899
STIP1,0.10785039743178
STK10,-0.626468345475177
STK11,0.542927863587549
STK16,-0.388181370623879
STK17A,-0.345837374288013
STK17B,-0.486262206182543
STK19,0.0877010603716848
STK24,-0.558501418456234
STK25,-0.589994228014251
STK3,-0.459999861808986
STK31,-0.376749775222579
STK32A,-0.579963755350327
STK32B,-0.282257704614931
STK32C,-0.323702089218378
STK33,-0.699177605732831
STK35,-0.278112158230083
STK36,-0.552305035213049
STK38,-0.651591051963082
STK38L,-0.011277007593523
STK39,-0.294091768466496
STK4,-0.653448138792743
STK40,-0.461679789223356
STMN1,0.540424039582989
STOML2,0.0583985585516695
STON2,-0.313709826785341
STOX1,0.0657170531091914
STPG1,-0.228801760095475
STRA13,0.501191595916327
STRA8,-0.437229710329734
STRADA,-0.125377811889376
STRADB,-0.210469457180104
STRAP,1.69863410069471
STRBP,-0.209559877848762
STRIP1,0.859186563987783
STRN3,0.575389756752931
STUB1,0.45942477414562
STX16,-0.324822529562047
STX5,-0.17346324021354
STXBP3,-0.044896215915044
STXBP4,0.132874901106467
STYK1,-0.595619931349935
SUDS3,0.421145998289601
SUFU,0.0248469712576314
SUGP1,0.172319403386099
SUGP2,0.179169647555862
SUGT1,0.12112045134034
SULT1E1,-0.198125514304753
SULT2B1,-0.418834766028637
SUMO3,0.0330104259226876
SUN1,-0.420579917665659
SUN2,0.401910668318599
SUN3,0.103965028145197
SUPT16H,0.437034907942902
SUPT20H,0.153260839959374
SUPT3H,0.256141933662977
SUPT4H1,0.927222865961937
SUPT5H,-0.183755734856845
SUPT6H,0.475689172794334
SUPT7L,0.311620330491471
SUPV3L1,1.32536928511281
SURF6,0.473247544633519
SUV39H1,0.41770193055781
SUV39H2,-0.45830971788873
SUV420H1,0.52400674265648
SUV420H2,-0.530154886414329
SUZ12,0.211100621356762
SVIL,-0.440593445758301
SWAP70,-0.0151118963393414
SWI5,-0.0233513792680277
SWSAP1,-0.0211113396342698
SYAP1,-0.323134243411922
SYCE1,-0.675119621666764
SYCE1L,0.0184827594148552
SYCE2,0.0415806754749853
SYCE3,0.004603917023814
SYCP1,-0.309414289493059
SYCP2L,-0.189151116031598
SYCP3,-0.136058578157043
SYF2,0.895192119128688
SYK,-0.258213405252086
SYMPK,1.35382654137014
SYN1,-0.589199196608366
SYNCRIP,-0.195823955151674
SYNE1,-0.31961034898165
SYNE2,-0.414789775315667
SYNE3,0.0284508208795286
SYNE4,-0.447494614924995
SYNPO2,-0.210278685590949
SYTL2,-0.0930003557559114
SYTL4,-0.29693294282369
SYVN1,0.611915760648936
T,-0.33539882152372
TACC1,-0.557628859793848
TACC2,-0.21755746974529
TACC3,0.368040308947359
TACR3,-0.181781856681089
TADA1,1.42681722262198
TADA2A,-0.162534978424318
TADA2B,0.514400260911622
TADA3,1.26727036306826
TAF1,0.627767335284142
TAF10,1.37788266046643
TAF11,0.439735326508784
TAF12,0.347409385000286
TAF13,-0.218667610819888
TAF15,-0.386200672198592
TAF1A,0.788196616519045
TAF1B,0.887429977490587
TAF1C,-0.217744903391329
TAF1D,0.532101317685175
TAF1L,-0.255623875764345
TAF3,1.65782735892015
TAF4,-0.109996352286866
TAF4B,0.112277985751417
TAF5,0.660172035307772
TAF5L,0.947284456101467
TAF6,1.30557183631542
TAF6L,0.375290016099682
TAF7,0.353385380633554
TAF7L,-0.43575825966415
TAF8,1.22738664158509
TAF9,-0.137953043202018
TAF9B,-0.0512139172533089
TAGLN3,-0.311640968740919
TAL1,-0.0467863281699949
TAOK1,-0.0973440845691233
TAOK2,-0.402446564726737
TAOK3,-0.598243665190785
TAP2,-0.231481547874205
TARBP1,-0.477876819341528
TARBP2,-0.317593296701158
TARDBP,0.935136708168578
TATDN1,-0.619058844305132
TATDN2,0.196749732014362
TATDN3,-0.36368993623796
TAX1BP3,0.0041779221528038
TBC1D1,-0.127426208078564
TBC1D2,-0.637071019938294
TBCK,-0.388959886831868
TBK1,-0.0353808164836575
TBL1X,-0.224577108657815
TBL1XR1,0.163457454839769
TBL1Y,-0.308484378572958
TBL3,0.697566549690557
TBP,-0.0094346413199695
TBPL1,-0.0643183075897279
TBR1,-0.0907516000042082
TBRG1,-0.132907918728497
TBRG4,-0.376543841080204
TBX1,-0.199023710132358
TBX10,-0.301141219611482
TBX15,-0.40208977370618
TBX18,0.0639654989682247
TBX19,-0.134549142777057
TBX2,-0.243886903419807
TBX20,-0.217636122448433
TBX21,-0.172715088853058
TBX22,-0.39981067795474
TBX3,-0.0630626660497319
TBX4,-0.257321650332876
TBX5,-0.251532801278377
TBX6,0.19034431789121
TC2N,-0.488851164771183
TCEA2,0.0727913269170398
TCEA3,-0.132515667625816
TCEAL1,-0.220531606756862
TCEAL4,-0.246403467122974
TCEAL5,-0.0195357256208218
TCEAL7,-0.339921543839729
TCEAL8,-0.193276705872174
TCEANC,-0.428207496731236
TCEANC2,0.0793236190486466
TCEB2,2.56774735581582
TCEB3,0.0286303443833086
TCERG1,-0.431120024631686
TCF12,0.246182359284126
TCF15,-0.696607314296801
TCF19,0.0837576501540727
TCF20,-0.13344650095155
TCF21,-0.0229749281628976
TCF24,0.443082597105286
TCF25,0.169226088943981
TCF3,-0.205249888224851
TCF4,0.0619442920815516
TCF7,-0.0536162888100481
TCF7L1,0.127496273656224
TCF7L2,-0.475762320207734
TCFL5,0.322480361014309
TCL1A,-0.231918312276405
TCOF1,1.07751926128691
TCP1,1.94219158889942
TDG,-0.246321753871889
TDP1,-0.146789825835589
TDP2,-0.229495471767798
TDRD1,-0.17309519070823
TDRD3,-0.376095455083567
TDRD9,-0.432949067831934
TEAD1,-0.337345128246448
TEAD2,0.116767100348723
TEAD3,0.114808329360101
TEAD4,-0.280167779066114
TEC,-0.10464410445772
TEF,0.125172699048494
TEK,-0.379902614815197
TELO2,1.52653682020202
TEN1,1.07249003642013
TENM1,-0.453194388486488
TENM4,-0.170468567987427
TEP1,-0.54286448214836
TERF1,0.789790290564294
TERF2,0.356759143310463
TERF2IP,-0.0624809076452662
TERT,0.435567742682204
TESC,0.0674776445114916
TESK1,-0.0818461446938418
TESK2,-0.265855234872201
TESPA1,-0.156574475365775
TET1,-0.210012556233847
TET2,-0.239871078261093
TET3,-0.19787016686144
TEX10,1.00493500080662
TEX11,-0.329828990704519
TEX12,-0.991692341903706
TEX14,-0.366991874044637
TEX15,-0.447679921409084
TEX19,-0.190099678451629
TEX37,-0.371487327698587
TEX40,0.184854793531059
TFAP2A,-0.461979277678124
TFAP2B,0.0287971128200554
TFAP2C,-0.0622554132445964
TFAP2E,-0.0629239384362105
TFAP4,0.498900582607402
TFCP2,0.387220047377092
TFCP2L1,-0.289708746380529
TFDP1,0.298096429742811
TFDP2,-0.262869740321507
TFDP3,-0.431689030186707
TFE3,-0.0879434223004862
TFEB,0.0624951927738527
TFEC,-0.287730494684675
TFIP11,0.892274598404492
TFPT,0.592137564740832
TGFA,-0.156181567013806
TGFB1,0.452459259407831
TGFB1I1,-0.178901646710245
TGFB2,-0.333413850997113
TGFB3,-0.428286383523089
TGFBR1,-0.725599810509192
TGFBR2,-0.234126619812219
TGIF1,-0.545635936141588
TGIF2,0.171480396290875
TGOLN2,0.416487313900894
TGS1,0.168838238752138
TH,-0.48864613545284
THAP1,3.01155447143932
THAP11,2.6220438362738
THAP2,-0.090788036433803
THAP5,-0.510860178363855
THAP7,0.789097027657684
THBS1,-0.238259701329416
THEG,-0.368337939515559
THEMIS,0.052980970968727
THOC1,0.541922180443526
THOC2,0.399040726172184
THOC5,0.886884867735345
THOC6,0.190073021344708
THOC7,0.337172722712852
THRA,-0.163371630112122
THRAP3,0.428194100748806
THRB,-0.417376345243349
THRSP,-0.510655426460514
THTPA,-0.0924474593014221
THYN1,0.182263943180065
TIA1,-0.3905928607832
TIAF1,-0.3088895773459
TIAL1,-0.70553095435196
TICRR,1.76953212860649
TIE1,-0.725390994269829
TIGD1,-0.448400677344445
TIGD3,0.190678233321765
TIGD4,-0.0994924770389047
TIGD5,0.156978769113686
TIGD6,-0.0124695180541615
TIGD7,-0.195876148281634
TIMELESS,1.91435387517542
TIMM50,-0.0605803063717242
TINF2,2.40825280128507
TIPARP,-0.133459377044351
TIPIN,0.402522356712696
TIPRL,1.99275871995121
TJAP1,-0.259741025099367
TJP1,-0.119895750882286
TJP2,-0.248854942300184
TKT,1.75056967777911
TKTL1,-0.486848699724422
TLE1,-0.419844856008015
TLE2,-0.234724281011389
TLE3,0.456885928963405
TLE6,-0.27509192756554
TLK1,-0.367768248945739
TLK2,-0.184345148872115
TLX1,-0.0193116855935013
TLX2,0.378033076395625
TLX3,-0.356813122761963
TMBIM6,-0.252651438077907
TMCO6,0.110221728348153
TMEM100,0.209059883798073
TMEM101,0.0744352268774469
TMEM102,-0.126872081248946
TMEM104,0.074061171808907
TMEM105,0.0782251735772318
TMEM106A,0.236357497063153
TMEM106B,-0.392132916973141
TMEM106C,0.217965272804808
TMEM107,-0.0520904145118171
TMEM108,-0.268222278786957
TMEM109,0.589756820200543
TMEM11,0.126501401689849
TMEM110,0.063712970889507
TMEM115,0.0419233856265069
TMEM116,-0.440368916535454
TMEM117,-0.355822646970032
TMEM119,-0.2464273979616
TMEM120A,-0.190234816846185
TMEM120B,-0.169842588039109
TMEM121,0.237108387116086
TMEM123,-0.0122288484219119
TMEM125,-0.127503481851306
TMEM126A,-0.427126793450238
TMEM126B,-0.303589081877781
TMEM127,0.22628661287831
TMEM128,0.0426329987728233
TMEM129,0.151266709737044
TMEM130,0.416576858377065
TMEM131,0.258688214800467
TMEM132A,-0.0333796661575969
TMEM132B,-0.163594112395372
TMEM132C,-0.355598772944111
TMEM132D,-0.172717156070643
TMEM132E,0.138205858647216
TMEM133,-0.254903813839413
TMEM134,0.286468079954004
TMEM135,0.0340414751083964
TMEM136,0.24233155295403
TMEM138,0.526840509014774
TMEM139,-0.276232984680398
TMEM140,-0.0834586391977862
TMEM141,0.0786996493738811
TMEM143,-0.280946576163654
TMEM144,0.29552815401321
TMEM145,-0.0739870509708078
TMEM147,1.08907387327999
TMEM14A,-0.0313410801631287
TMEM14C,-0.0843903619957639
TMEM150A,0.349100509788878
TMEM150B,-0.136279893907826
TMEM150C,-0.244669635475963
TMEM151A,0.481394298702793
TMEM151B,0.0895393743225591
TMEM154,-0.31073306454624
TMEM155,-0.20505249463564
TMEM156,0.0127070053699139
TMEM158,-0.020128414533952
TMEM159,-0.219955455504906
TMEM160,0.158156662980996
TMEM161A,0.231435871715392
TMEM161B,-0.0624936448447053
TMEM163,0.2649798864639
TMEM164,-0.132416237507912
TMEM165,-0.156796885860566
TMEM167B,0.22332302072414
TMEM168,-0.15634406809762
TMEM169,0.0399773537079725
TMEM17,0.0101847735585179
TMEM170A,-0.175268935186533
TMEM170B,0.0925709240430624
TMEM171,-0.320356989390201
TMEM173,-0.143676993488543
TMEM175,-0.255593313619579
TMEM176A,-0.575678955039009
TMEM176B,-0.450095849845295
TMEM177,0.0849865926208661
TMEM178A,0.0819637464021095
TMEM179B,-0.212467309757436
TMEM18,0.0499881687087408
TMEM180,-0.195022553475911
TMEM181,-0.0467134450954746
TMEM182,-0.429588303092119
TMEM184A,-0.0767059530041307
TMEM184B,0.0498372233872514
TMEM184C,-0.127663040032106
TMEM185A,-0.34673463979
TMEM185B,-0.278450458398706
TMEM186,0.0887353033974547
TMEM187,-0.457014759042378
TMEM189,-0.38776593473014
TMEM19,-0.358994181556449
TMEM190,-0.480973412871753
TMEM192,0.0619413916024667
TMEM194A,-0.511359640662722
TMEM194B,0.0636630948065439
TMEM198,-0.0490047065137119
TMEM199,0.889742528210746
TMEM2,-0.317235892394581
TMEM200A,-0.28519089112917
TMEM200B,-0.462525961483478
TMEM200C,-0.572462503650196
TMEM201,-0.217099721962909
TMEM202,-0.0902837813484227
TMEM203,-0.154983936132084
TMEM204,-0.156249227795687
TMEM205,-0.159075954659484
TMEM206,0.188600439506755
TMEM208,-0.0606196336780002
TMEM209,0.0634737382341143
TMEM211,-0.146325573500164
TMEM214,0.121831347473704
TMEM216,0.051003853411585
TMEM217,0.18412383415917
TMEM218,0.0361331947401623
TMEM219,-0.160682901882888
TMEM220,-0.006478272812462
TMEM221,0.240452257561648
TMEM222,0.32418605819962
TMEM223,0.270116649209282
TMEM225,-0.22291849848374
TMEM231,0.0360332422448352
TMEM232,-0.436972865263923
TMEM233,-0.273957526969363
TMEM234,-0.0436084560074437
TMEM235,0.278351792847855
TMEM237,-0.156645724591812
TMEM240,-0.0552881817761489
TMEM241,0.168765215227148
TMEM242,0.370384238206332
TMEM243,-0.318673129702277
TMEM245,-0.269404373530216
TMEM246,-0.263922770330569
TMEM247,-0.189655170588284
TMEM248,-0.0844506863200698
TMEM249,0.267318565506007
TMEM25,-0.324211978725202
TMEM251,0.408369006851831
TMEM252,-0.613513412383266
TMEM254,0.224295277740119
TMEM255A,-0.327286517102144
TMEM255B,0.0162712713147343
TMEM256,0.374555649654226
TMEM258,0.910071417590688
TMEM259,0.69913384057291
TMEM26,-0.604369583841039
TMEM260,-0.408102847429112
TMEM27,-0.0006559772163418
TMEM30A,0.212123452850723
TMEM30B,-0.305751069980787
TMEM31,-0.482001406347904
TMEM33,-0.299075909414234
TMEM35,-0.0654080348645064
TMEM37,-0.350376464789046
TMEM38A,0.256945574077661
TMEM38B,-0.167678159852803
TMEM39A,-0.391290447472028
TMEM39B,-0.190932713377493
TMEM40,0.071938211320093
TMEM41A,-0.0057172606736025
TMEM41B,1.02024292380863
TMEM42,-0.448796331567275
TMEM43,-0.0611632294730478
TMEM44,0.0170353331617362
TMEM45A,-0.250551529826236
TMEM45B,-0.21976070780063
TMEM47,-0.225147628692458
TMEM48,0.0640516191969966
TMEM5,-0.141275131630031
TMEM50A,0.247122853313365
TMEM50B,0.29042605178336
TMEM51,-0.705220588845477
TMEM52,0.192825889310117
TMEM52B,-0.0926089840998665
TMEM53,0.116202896823067
TMEM54,0.144218591153836
TMEM55A,-0.25567643131847
TMEM55B,0.408786770533201
TMEM56,-0.164805692192
TMEM57,0.467914612471489
TMEM59,-0.383308375388266
TMEM59L,0.511160390285368
TMEM60,-0.240265603212894
TMEM61,-0.156313247320252
TMEM62,-0.118997229584084
TMEM63A,-0.168470753744375
TMEM63B,-0.103518006171286
TMEM63C,-0.079276028533299
TMEM64,0.0451057438630239
TMEM65,0.0950282025727822
TMEM66,0.175635017852977
TMEM67,-0.0518311035059458
TMEM68,0.213615939313686
TMEM69,-0.0533668311814834
TMEM70,0.21868541088419
TMEM71,-0.263236763094696
TMEM72,-0.040848185112131
TMEM74,-0.0391858061214535
TMEM74B,-0.0369267423898788
TMEM79,-0.0484867072558082
TMEM80,-0.247819608657028
TMEM81,-0.491645292076863
TMEM82,0.0208556412134311
TMEM86A,-0.173473805227972
TMEM86B,-0.289975247411547
TMEM87A,-0.108137224018756
TMEM87B,0.310145385609941
TMEM88,-0.0210983365004965
TMEM88B,-0.0181048085152833
TMEM8A,0.255626857831582
TMEM8B,-0.204095049979348
TMEM8C,0.301394280211689
TMEM9,-0.161899176929772
TMEM91,-0.324397891747387
TMEM92,-0.315292459153769
TMEM95,0.236251041826496
TMEM97,0.32866907560708
TMEM98,0.0460056010921052
TMEM99,0.016440848746158
TMEM9B,-0.0856380679986141
TMF1,-0.246166845208636
TMOD1,-0.309565542340641
TMPO,-0.136769418617485
TMPRSS11A,0.067603987757456
TMUB1,-0.29270796799694
TNFAIP1,0.107995684358875
TNFAIP3,-0.219290119020794
TNFRSF1A,0.151641780800651
TNFRSF1B,-0.0426509021983329
TNFSF13,0.0453104517986836
TNIK,-0.646237435041227
TNIP1,0.394503225318428
TNIP2,-0.255737482068129
TNK1,-0.178800888200261
TNK2,0.008985170056355
TNKS,0.0012317471342869
TNKS1BP1,0.0224094425872517
TNKS2,0.0277678801021385
TNNI2,-0.328879846297719
TNNI3K,-0.588637003671037
TNP2,-0.0931504164769852
TNPO1,1.26278299450272
TNPO2,0.0732034174459315
TNPO3,1.36607891156699
TOB2,-0.272544321710948
TOE1,0.491861314880213
TOLLIP,0.192324953982667
TONSL,1.29929096108865
TOP1,0.444710129700652
TOP1MT,0.162598338186669
TOP2A,1.63449881066408
TOP2B,-0.211684506720326
TOP3A,0.202323404992696
TOP3B,-0.0113816370587244
TOPBP1,0.128434716724962
TOPORS,-0.20657057100792
TOR1A,-0.0425569559335997
TOR1AIP1,0.296054559771921
TOR1AIP2,-0.0513070919191341
TOR1B,-0.0266074629107854
TOX,0.308645778645854
TOX2,-0.052572083009283
TOX3,-0.068404023318342
TOX4,0.140553514164086
TP53,-0.617819297134148
TP53BP1,-0.499852912701854
TP53BP2,-0.216952749753
TP53INP1,0.114209721303113
TP53INP2,0.161069863740951
TP53RK,1.01712008746118
TP53TG5,0.0180929962980737
TP63,-0.332283538759319
TP73,0.0859371385387079
TPD52L1,-0.619984133465473
TPP2,-0.290078741584354
TPPP,0.0509813508924886
TPRKB,0.674165560138239
TPRX1,-0.0928628642356116
TPT1,3.57022170270436
TPX2,0.70818720053713
TRA2A,-0.217251854815859
TRA2B,0.985622580542868
TRADD,0.274802563396272
TRAF4,-0.0713796591861355
TRAF6,0.0780693081811344
TRAK1,-0.390775148517669
TRAK2,0.984786627845064
TRDMT1,-0.550916422325423
TRERF1,0.13905604252145
TREX1,0.630159733166179
TREX2,-0.304283176528297
TRH,-0.170920820858682
TRIAP1,1.3737721027323
TRIB1,0.307789541261654
TRIB2,-0.405227045899465
TRIB3,-0.335306064175557
TRIM11,-0.386303577132474
TRIM16,-0.136498536040206
TRIM21,-0.13589438110731
TRIM23,-0.206255244157731
TRIM24,0.278173923194541
TRIM25,-0.202649650291835
TRIM27,-0.195729022115798
TRIM28,0.539481106022332
TRIM32,-0.51688521106443
TRIM33,0.382302095277212
TRIM35,0.166943017831859
TRIM41,0.0994020026213593
TRIM45,0.175331983476999
TRIM47,0.0883115715208638
TRIM5,-0.365982270463221
TRIM55,0.125775884634685
TRIM63,-0.0933598164887683
TRIM66,-0.265327924851525
TRIM68,-0.104009435913938
TRIM69,-0.521532359462858
TRIM7,0.0487926035710964
TRIM71,0.285396397118023
TRIM8,-0.0539142450173615
TRIO,-0.33403932126499
TRIOBP,-0.0811918096730861
TRIP11,0.174904240273696
TRIP12,-0.347489423421627
TRIP13,0.436476247764566
TRIP4,0.298979105761747
TRIP6,0.247339464495306
TRMT10C,0.0131272227612851
TRMT5,-0.0302145796191038
TRMT6,1.25540136998048
TRMT61A,1.12211101808282
TRNAU1AP,2.13790171309303
TRNP1,-0.204924632608088
TRO,0.0403059622563898
TROVE2,0.116157253360065
TRPC7,-0.216662860846242
TRPM6,-0.241282284067079
TRPM7,0.15860670612325
TRPS1,-0.379117211727423
TRRAP,-0.059763380570697
TSC1,-0.260324404352672
TSC2,-0.0054205695639652
TSC22D1,-0.104318633604149
TSC22D3,-0.232871103364089
TSC22D4,0.01848837627474
TSEN15,-0.0459732336277491
TSEN2,0.762841150878317
TSEN34,2.64362260452551
TSEN54,2.63605740491623
TSFM,0.456748291765318
TSG101,0.968982026464166
TSGA10,-0.0424146872510175
TSHZ2,-0.120713392731235
TSHZ3,0.293388466410086
TSN,-0.163754090898644
TSNAX,-0.227846328390952
TSPYL1,0.0296964866402248
TSPYL2,0.206469362889535
TSPYL4,-0.139901666251678
TSPYL5,-0.366231424136116
TSPYL6,-0.300343672503828
TSR1,0.705114543069649
TSSK3,-0.084186798548019
TSSK4,-0.184662191728713
TSSK6,0.336262265552984
TTBK1,-0.10353362723938
TTBK2,-0.223241782377884
TTC19,-0.177650733830402
TTC3,-0.195007856710153
TTC37,-0.152624612728366
TTC5,0.472596400087545
TTF1,0.508854180454207
TTF2,0.275679389206196
TTK,-0.394601945136279
TTLL10,-0.448935959679369
TTLL5,0.0070680420264466
TTN,-0.341435687518731
TTYH1,-0.183286721163859
TUB,-0.233847054290763
TUBA1A,0.161572510735475
TUBA4A,-0.14828594772315
TUBB,2.48341193304584
TUBB1,0.0468210415047979
TUBB3,-0.174650457159259
TUBB4A,-0.124082910261083
TUBB4B,0.426372920195904
TUBD1,0.934714094247698
TUBE1,1.35053277815989
TUBG1,2.26210222759156
TUBG2,0.278158177431419
TUBGCP2,0.197614941291199
TUBGCP3,1.73075274881353
TUBGCP4,1.90050647167401
TUBGCP5,1.02274293297788
TUBGCP6,0.170548983583821
TULP3,0.0862534647514965
TUSC2,-0.193689210945834
TUT1,0.0763230207321327
TWIST1,-0.542205636997199
TWIST2,-0.348587917317793
TWISTNB,1.08345937868874
TXK,-0.268836540970897
TXLNG,-0.301714059538192
TXN2,0.490172713038987
TXNDC2,-0.318062776905673
TXNIP,0.55068156979606
TXNL1,0.300258873551143
TXNL4A,2.37475711653867
TXNL4B,-0.109962485454185
TXNRD1,0.649256601434547
TXNRD3,-0.1200598761172
TYK2,-0.539206039573296
TYMS,0.943609331082647
TYRO3,0.0591256776187282
U2AF1,0.690562611541757
U2AF1L4,-0.0076892223508438
U2AF2,0.178732030521039
U2SURP,0.282853887941266
UACA,-0.384670175315003
UAP1,-0.473007340561451
UBA2,0.57664003556492
UBA3,0.987305212593727
UBA5,1.43965073621174
UBAP2L,-0.682639201517832
UBASH3A,0.229036731386551
UBASH3B,-0.463332332939245
UBD,-0.0688948613980698
UBE2A,-0.335873798933362
UBE2B,-0.296217629422397
UBE2C,-0.42130747634034
UBE2D1,-0.278948133410856
UBE2D2,0.281789332413803
UBE2D3,0.0332680629031819
UBE2E1,0.923472599628449
UBE2E3,-0.140480969982523
UBE2I,0.341735673869328
UBE2N,0.924865986468907
UBE2T,0.144540181976099
UBE2V2,-0.0962267786634614
UBE2W,0.121163706226013
UBE2Z,0.271515298652458
UBE3A,0.0547270124534935
UBE3B,-0.381804289063216
UBE3C,-0.208301037656444
UBE4B,-0.163963336235199
UBIAD1,-0.181974936389628
UBLCP1,-0.393972691788599
UBN1,-0.100478968064292
UBN2,-0.385024171294915
UBOX5,0.038744413491017
UBP1,-0.387675101915682
UBQLN1,-0.0149989892014498
UBQLN2,-0.330588590943706
UBQLN4,-0.089765036963052
UBR2,0.143092506675941
UBR4,1.64208657706902
UBR5,0.706347884909268
UBTD2,-0.197258924515414
UBTF,1.1109888304942
UBXN1,-0.012013543969054
UBXN2B,-0.0017267804853467
UBXN4,0.0539853033504846
UBXN6,0.146958554594015
UCHL1,0.104125287238266
UCHL3,-0.162749867094021
UCHL5,0.943590667765922
UCKL1,0.264238080756389
UFD1L,0.456192773905263
UFL1,0.614600726410343
UFSP2,-0.350643917275569
UHMK1,-0.374968139211278
UHRF1,2.39793739121722
UHRF2,-0.315700484408323
UIMC1,0.0536428253417591
ULK1,-0.284249302662516
ULK2,-0.0610674139373875
ULK3,0.100624672597495
ULK4,-0.288207675355606
UNC45A,-0.392516760739571
UNC50,0.0034003547935104
UNCX,-0.375250906643824
UNG,-0.114911705303807
UNKL,-0.320615800475228
UPF1,0.580741401296071
UPF2,0.0558036058909419
UPF3A,0.416594399574664
UPF3B,0.0859808017172405
URB1,0.288541653555111
URB2,-0.11340331274498
URGCP,-0.25954013461212
URI1,0.429586125300516
UROD,2.16320499737518
USB1,-0.121387556434121
USF1,-0.402021930773897
USF2,0.403276183167637
USH1C,-0.0468859610654235
USO1,0.177113277555083
USP1,0.0294125322806265
USP10,0.105692714045897
USP11,-0.343700900499666
USP15,0.0980426619376498
USP16,0.0253729754900022
USP18,0.0539896329546486
USP2,0.208450034740348
USP21,-0.0604718145980506
USP22,-0.413654909809299
USP25,-0.0847714183640268
USP28,-0.316845006330324
USP3,0.702545757740239
USP33,-0.157783376527602
USP36,0.660372242613994
USP37,0.488435167719355
USP39,0.955344869732495
USP4,0.438356085197302
USP44,0.048444354642751
USP48,0.319967353259669
USP49,-0.0133741358546607
USP8,0.479561185513128
UTF1,0.0019132644366565
UTP11L,-0.0870752749202577
UTP14A,0.551425392664087
UTP14C,0.0674866561793222
UTP15,1.15392570570324
UTP18,0.783198065499462
UTP20,0.105093536806434
UTP23,1.3127520462736
UTP3,0.576686915011874
UTP6,0.308782574540172
UTRN,-0.284159522469012
UTY,-0.814355720042144
UXT,0.7142480399209
VASH1,-0.0324757782290056
VAX1,-0.309645946003685
VAX2,0.353921817899685
VBP1,0.171793792432573
VCP,2.38410697895326
VCPIP1,0.356092732356678
VDR,-0.0970299206118608
VENTX,-0.377678441406816
VEZF1,-0.622679686991757
VEZT,0.402861586954606
VGLL1,-0.0006462282496607
VGLL2,-0.278901597227313
VGLL3,-0.118120876749876
VGLL4,-0.301321652875559
VHL,-0.132572204140129
VHLL,0.0938182418734311
VIPR1,-0.428983482953619
VPRBP,0.962429583668214
VPS25,2.48440433380384
VPS36,0.14619761521553
VPS37A,1.58664049637926
VPS37C,0.366995957664685
VPS4A,0.618859926089479
VPS4B,-0.0603698884506644
VPS72,0.0336062705160692
VPS9D1,-0.202808390925988
VRK1,-0.519932236756439
VRK2,-0.611682128442668
VRK3,-0.244860689100578
VSX1,-0.0034786947289568
VSX2,-0.320356750126478
VWA5A,-0.111339073715924
WAC,0.716164475754037
WAPAL,-0.389988281231735
WASL,-0.0885121786351609
WBP11,-0.136215159446783
WBP2NL,-0.552271489473683
WBP4,0.705954917528043
WBSCR22,0.891097880931231
WDFY1,-0.514259397429976
WDFY3,0.0604286481058309
WDHD1,0.901406463239989
WDR1,1.68714523179463
WDR11,0.0070735089985552
WDR12,2.01431634328538
WDR13,0.0381339407113372
WDR16,-0.15721611291005
WDR17,-0.152469738331945
WDR18,1.2744220842806
WDR19,-0.221113493317227
WDR20,-0.446267294582332
WDR24,1.67141217742309
WDR25,-0.124606126030108
WDR26,0.156593993048029
WDR27,-0.28050728895051
WDR3,0.534098318487677
WDR31,-0.37536010792564
WDR33,0.264108440102175
WDR34,0.275202845057684
WDR35,-0.056818066269446
WDR36,-0.141769675412154
WDR37,0.0985638709741829
WDR38,-0.0201341398379606
WDR4,0.466510755704426
WDR41,0.157885401055882
WDR43,1.82148176847019
WDR44,0.22432574375672
WDR45,-0.485972998707077
WDR45B,-0.248676053000764
WDR46,0.736015432578396
WDR47,0.61106103675405
WDR48,0.153589159481651
WDR5,0.762574698409466
WDR52,-0.589830484167738
WDR53,-0.0790537319898122
WDR54,0.183446881046744
WDR55,0.633221596204253
WDR59,0.6167198492707
WDR5B,0.23308264914705
WDR6,0.265819241462181
WDR60,-0.196661994316705
WDR61,0.941525700218979
WDR62,0.321133235044812
WDR63,-0.702898149397206
WDR66,0.0752490898930102
WDR67,-0.0338245191379664
WDR7,0.498521409850942
WDR70,0.0484776026553987
WDR72,-0.290924877129256
WDR73,0.268717027547438
WDR74,2.58033320817648
WDR75,1.67634944338369
WDR76,0.263521843640784
WDR77,1.07543705660418
WDR78,0.0110741834988206
WDR81,-0.405139511617878
WDR82,1.85449320679645
WDR83,0.625378144196429
WDR83OS,0.430653736819798
WDR85,0.587253495471455
WDR86,-0.375015442859338
WDR87,-0.235302012911861
WDR88,-0.0109440863998073
WDR89,-0.0030976780462003
WDR90,0.0601112248425219
WDR91,-0.304048579526636
WDR92,0.949545672956338
WDR93,-0.0697921451256215
WDR96,-0.0443662469311115
WDTC1,-0.321280178409025
WDYHV1,-0.275161736375883
WEE1,1.34139654522854
WHSC1,-0.0526776496464817
WHSC1L1,-0.262321110650886
WIBG,0.223891214484066
WIPF3,-0.140101919464489
WIPI2,-0.204031065725704
WIZ,-0.245785675622891
WNK1,0.164505317501166
WNK2,-0.266053046170248
WNK3,-0.528857788082452
WNK4,0.377434911249802
WNT10B,0.107636789293243
WNT9A,-0.497354844304351
WRAP53,1.14214343501611
WRB,1.04060870824157
WRNIP1,0.101856889587205
WT1,-0.131119069673267
WTAP,1.23437129353705
WTIP,-0.384254214658139
WWC1,-0.191030186341204
WWOX,0.0167464080573224
WWP1,-0.0814746727365104
WWP2,-0.195320468004694
WWTR1,-0.144418982078907
XAB2,0.444579294741447
XAF1,-0.200158604974332
XBP1,-0.105652594743579
XIAP,0.0374000635016016
XPA,-0.216212339132301
XPC,0.0390174079755891
XPO1,0.678742653209714
XPO4,0.222374771414312
XPO5,1.67540512822968
XPO6,0.356157131152844
XPO7,-0.145159430853059
XPOT,-0.463050390228938
XRCC1,0.0986610181908733
XRCC2,-0.0337575538521208
XRCC3,0.0516066127599304
XRCC4,0.22206616908684
XRCC5,-0.145400386296981
XRCC6,0.253490400278575
XRCC6BP1,0.43578556932098
XRN2,1.57504855947851
XRRA1,-0.166746777650765
YAF2,0.263842624219628
YARS,1.97926198907074
YBEY,0.880571323418057
YBX2,-0.398837211688085
YEATS2,0.0867686901248182
YEATS4,0.425488227598608
YES1,-0.311912773559648
YLPM1,0.191375509024134
YPEL1,0.380989689916467
YPEL2,-0.0137923865022452
YPEL3,0.17152530847292
YPEL4,-0.0818680329552267
YTHDC1,0.329701637910533
YWHAB,-0.441914199433144
YWHAG,-0.352787135743957
YY1,1.52502069270629
YY1AP1,0.237825684898641
YY2,-0.254454761107806
ZAK,-0.449776913922583
ZAP70,-0.513976333529665
ZBBX,-0.150660019978581
ZBED2,-0.196981688725222
ZBED3,0.0134443290206648
ZBED4,0.0272415085180351
ZBED5,-0.150597411275966
ZBED6,-0.211616338159105
ZBP1,-0.227259025273005
ZBTB1,-0.128471968297953
ZBTB10,0.559940491772159
ZBTB11,0.580848398024198
ZBTB12,-0.103732179350435
ZBTB14,-0.0788731012152853
ZBTB16,-0.355783046639563
ZBTB17,0.598428949522117
ZBTB18,-0.576380914792547
ZBTB2,0.143194337034298
ZBTB20,-0.0495105313440355
ZBTB21,-0.349049639132248
ZBTB22,-0.464109189094178
ZBTB24,-0.00160745587518
ZBTB25,-0.309946091314958
ZBTB26,0.068458321045312
ZBTB3,-0.111258285718678
ZBTB32,-0.123000184562146
ZBTB33,-0.616308021060168
ZBTB34,-0.0652555034463496
ZBTB37,-0.0354387647114443
ZBTB38,-0.17577111629
ZBTB39,-0.106107262537076
ZBTB4,0.0765281155315873
ZBTB40,-0.394669784791333
ZBTB41,-0.173474967988145
ZBTB42,-0.52102082383745
ZBTB43,-0.271461771510232
ZBTB44,-0.0049747336586474
ZBTB45,0.28953312074726
ZBTB46,-0.323424608882003
ZBTB47,-0.25418213167953
ZBTB48,0.361916727626482
ZBTB49,0.167120518302535
ZBTB5,-0.0364890088081552
ZBTB6,-0.563603053036011
ZBTB7A,1.41070806987888
ZBTB7B,-0.0350303406976793
ZBTB8A,0.0330446360273169
ZBTB8OS,1.16015585253418
ZBTB9,0.0470149104954649
ZC2HC1A,-0.310753933742721
ZC2HC1B,-0.379887270311243
ZC2HC1C,-0.0776851754506178
ZC3H10,0.0905546284081266
ZC3H11A,0.112071655324061
ZC3H12A,0.200912190069618
ZC3H12B,-0.191625889324308
ZC3H12C,-0.0388080107955752
ZC3H12D,-0.0362091694418558
ZC3H13,0.210022553817187
ZC3H14,-0.251958535250407
ZC3H15,-0.11434339528156
ZC3H18,0.638547984685764
ZC3H3,0.975545808746696
ZC3H4,0.0151398935501897
ZC3H6,0.156961888554993
ZC3H7A,-0.250853028897856
ZC3H7B,-0.226404368936136
ZC3H8,-0.423860171379162
ZC3HAV1,-0.257283543561352
ZC3HAV1L,-0.0307723950365119
ZC3HC1,-0.0298555324189329
ZC4H2,-0.247983378957144
ZCCHC11,-0.341942323829524
ZCCHC12,-0.0832524669880144
ZCCHC14,-0.707729765395279
ZCCHC17,-0.278511066496544
ZCCHC18,-0.164871848997768
ZCCHC2,0.121473250079776
ZCCHC24,-0.0088443661945253
ZCCHC3,-0.0664614431810341
ZCCHC4,0.23668105752662
ZCCHC6,-0.0425322446075073
ZCCHC7,-0.0397045378845646
ZCCHC8,0.0877486977147577
ZCCHC9,-0.0638060206855074
ZCRB1,0.212813040276068
ZCWPW1,-0.141430355405555
ZCWPW2,0.297222939360946
ZDBF2,-0.0911611862070019
ZDHHC1,-0.182231493922989
ZDHHC11,-0.451306204875692
ZDHHC12,-0.226709454621759
ZDHHC13,-0.232493511792056
ZDHHC14,-0.0298993680997095
ZDHHC15,-0.17916723606371
ZDHHC16,-0.0568907695516121
ZDHHC17,-0.266363351419469
ZDHHC18,-0.291293506363331
ZDHHC19,0.353648991579532
ZDHHC2,-0.273303615613248
ZDHHC20,-0.16893001055994
ZDHHC21,0.0043860478968367
ZDHHC22,0.0921159260279625
ZDHHC23,-0.191702086302202
ZDHHC24,0.0993845511571962
ZDHHC3,-0.29774430395636
ZDHHC4,-0.244540489382072
ZDHHC5,0.507054589988088
ZDHHC6,-0.230443544694764
ZDHHC7,-0.0152866026733236
ZDHHC8,0.556125464875681
ZDHHC9,-0.505618920710443
ZEB1,0.0424453568178899
ZEB2,0.294533200455262
ZFAND1,0.205105411995322
ZFAND2A,-0.149919887124414
ZFAND2B,0.188133810557087
ZFAND3,0.0106525594654293
ZFAND6,0.160904732620843
ZFAT,0.0526830069157531
ZFC3H1,0.752391051193055
ZFHX2,0.293733934795713
ZFHX3,-0.245154897768236
ZFHX4,-0.280494751705837
ZFP1,-0.464009559777635
ZFP14,-0.233350683553663
ZFP2,-0.40435110241317
ZFP28,-0.266824519032704
ZFP3,-0.162115492557006
ZFP30,0.0414823615612192
ZFP36,0.312849389213609
ZFP36L1,0.184540487141439
ZFP36L2,0.694908353827455
ZFP37,-0.0474555756199242
ZFP41,0.331547572397268
ZFP42,-0.367356690008202
ZFP62,-0.29839778195254
ZFP64,-0.164180637212153
ZFP69,-0.248712149200743
ZFP69B,-0.332337035007113
ZFP82,-0.213297504705755
ZFP90,-0.0264751009742008
ZFP91,0.428763544703295
ZFP92,-0.406641711472906
ZFPL1,0.102266509538247
ZFPM1,-0.37753423443356
ZFPM2,0.0564939889781275
ZFR,0.0055347323848317
ZFR2,-0.148865076394869
ZFX,-0.313011815753717
ZFY,-0.174110326483932
ZFYVE1,-0.159918692509088
ZFYVE16,-0.257479814569231
ZFYVE19,0.196047744765819
ZFYVE20,0.104397995688424
ZFYVE21,-0.466741054394019
ZFYVE26,0.338729535735374
ZFYVE27,-0.0306615820932448
ZFYVE28,0.0355400966552697
ZFYVE9,-0.196413312562664
ZGLP1,0.175733348025386
ZGPAT,0.145298752150412
ZHX1,-0.383791992760868
ZHX2,-0.0912162042303598
ZHX3,-0.349119270246567
ZIC1,-0.486514710020494
ZIC2,-0.420385070535266
ZIC3,0.0374028847035657
ZIC4,-0.0193955323365675
ZIC5,-0.215688898751226
ZIK1,-0.19083218265648
ZKSCAN1,-0.0116495523293146
ZKSCAN2,-0.191314121793454
ZKSCAN3,0.217700739297752
ZKSCAN4,0.200938281364185
ZKSCAN5,0.21884811853624
ZKSCAN7,-0.514117752378485
ZKSCAN8,-0.3332129106945
ZMAT1,-0.373826873672367
ZMAT2,1.64186659388794
ZMAT3,0.0937459994884729
ZMAT4,-0.0855614145971852
ZMAT5,1.0557634469186
ZMIZ1,0.511021439012516
ZMIZ2,-0.229452702522093
ZMYM1,-0.37266470864704
ZMYM2,0.445196127155643
ZMYM3,-0.326237415014656
ZMYM4,-0.0406665691695155
ZMYM5,0.175696268504732
ZMYM6,-0.210731478759036
ZMYND10,0.575281068546766
ZMYND11,-0.0023119188773732
ZMYND12,-0.351813938291917
ZMYND15,0.147080930692446
ZMYND19,-0.142249988144322
ZMYND8,0.435322271410187
ZNF10,-0.184702865026811
ZNF100,-0.0931610977470417
ZNF101,0.174905879548634
ZNF106,0.129189468432282
ZNF107,-0.362987830721064
ZNF114,-0.181984266578104
ZNF117,0.256282782083792
ZNF12,-0.155504990371592
ZNF121,-0.349094890336689
ZNF124,-0.145171068024716
ZNF131,1.09058857812615
ZNF133,-0.128799653196822
ZNF134,-0.190145908215801
ZNF135,-0.308563297099419
ZNF136,-0.0513367318787739
ZNF138,-0.204414818259038
ZNF14,-0.150555820377382
ZNF140,-0.0994376943261125
ZNF141,-0.418743034263429
ZNF142,-0.0244409455823515
ZNF143,-0.134147618176718
ZNF146,-0.248216387577008
ZNF148,-0.115856301238895
ZNF155,0.0031051480558587
ZNF157,-0.107119081510285
ZNF16,0.0408459085455458
ZNF160,-0.328545086481768
ZNF165,-0.20105649945895
ZNF169,-0.278715426174623
ZNF17,-0.417051344730041
ZNF174,0.33957193248993
ZNF175,-0.316190305690953
ZNF177,-0.230645592388632
ZNF18,-0.406525213770613
ZNF180,-0.0292513195491302
ZNF181,-0.150965297226868
ZNF182,-0.125949052310613
ZNF184,0.441841645431133
ZNF185,-0.139599160299615
ZNF189,-0.274123756805806
ZNF19,-0.228986237720856
ZNF195,-0.0963580477912389
ZNF197,0.0426767343452242
ZNF2,-0.290176402467909
ZNF20,0.0640913026284392
ZNF200,-0.0447568758212294
ZNF202,-0.434943707388615
ZNF205,0.314959975403425
ZNF207,0.816263489715642
ZNF211,-0.462505507609321
ZNF212,-0.242792176487571
ZNF213,-0.176550315851189
ZNF215,-0.0223329459588554
ZNF217,0.186103331183156
ZNF219,-0.294271275782145
ZNF22,0.180656518099098
ZNF221,-0.698253742662666
ZNF222,-0.512418006842974
ZNF223,0.153082023634712
ZNF224,-0.0335971094959966
ZNF225,0.0466315666612186
ZNF226,-0.042048054567193
ZNF227,-0.0747788463369116
ZNF229,-0.201828301310095
ZNF23,-0.217132583116294
ZNF230,-0.0837687679666685
ZNF232,-0.198791038659182
ZNF234,-0.21180498256103
ZNF235,-0.146822488861518
ZNF236,0.10480549177585
ZNF239,-0.141173595091905
ZNF24,-0.0759714569873788
ZNF248,0.173593370654208
ZNF25,-0.166160961776592
ZNF250,0.174251875748941
ZNF251,0.275381739918356
ZNF254,-0.236529191537541
ZNF256,0.102632322205694
ZNF259,0.461368010087082
ZNF26,-0.0768548625255763
ZNF260,-0.0843711982598118
ZNF263,-0.0089401890695616
ZNF264,-0.474074025311037
ZNF266,-0.0486276016335381
ZNF267,-0.23407249700404
ZNF268,-0.0373360507810465
ZNF273,-0.176229495842641
ZNF274,-0.459359003360033
ZNF275,-0.361093720641847
ZNF276,0.158139837753942
ZNF277,0.0184308003793742
ZNF28,-0.357349829846187
ZNF280A,-0.601496032894463
ZNF280B,-0.385400665059041
ZNF280C,-0.13738778180168
ZNF280D,-0.133230404655977
ZNF281,0.1654012977967
ZNF282,-0.408814437755319
ZNF283,-0.230331931516226
ZNF284,-0.0175351623250545
ZNF286A,-0.0398671094166296
ZNF287,-0.298569363599739
ZNF292,-0.377827465322949
ZNF296,-0.380203846781936
ZNF3,0.142840976350731
ZNF30,-0.490745250237381
ZNF300,0.0017097039830729
ZNF302,-0.213943344109913
ZNF304,-0.268731663135445
ZNF317,-0.184823355423117
ZNF318,0.182590291945117
ZNF319,0.117428972188115
ZNF32,-0.0678553941583949
ZNF324,-0.36745983960936
ZNF324B,-0.079596313799038
ZNF326,-0.171191058524306
ZNF329,-0.548369506215105
ZNF330,0.303339707239111
ZNF331,-0.236274140354116
ZNF333,-0.197736406252151
ZNF334,-0.265562653138397
ZNF335,0.371256541979886
ZNF337,0.0081696375598277
ZNF33A,-0.235095543287666
ZNF33B,-0.18483690214594
ZNF34,0.590850288824687
ZNF341,0.255654190380698
ZNF343,-0.0697841826363155
ZNF346,0.403699173463572
ZNF35,-0.359799214280718
ZNF350,-0.333649047953335
ZNF354A,-0.543357748078815
ZNF354B,-0.184923906408355
ZNF354C,-0.130393438986681
ZNF358,-0.157565827494655
ZNF362,-0.225385185132418
ZNF366,-0.328337047994746
ZNF367,0.219474431359929
ZNF37A,-0.279009377233929
ZNF382,-0.399638516048498
ZNF383,-0.0431221316652431
ZNF384,-0.599514711152327
ZNF385A,0.0679207981377759
ZNF385B,-0.447690475114776
ZNF385C,-0.419957357143821
ZNF385D,-0.227264879276287
ZNF391,-0.352791859361418
ZNF394,0.0909224332524526
ZNF395,-0.225498924078659
ZNF397,-0.136889928070735
ZNF398,-0.376412111357385
ZNF404,0.178468404506476
ZNF407,-0.386251327767455
ZNF408,-0.259171460953939
ZNF41,-0.21183262964134
ZNF410,-0.0221630075145381
ZNF414,-0.283313915455938
ZNF415,-0.0418000425604112
ZNF416,-0.119739645154585
ZNF418,-0.565206792812685
ZNF419,-0.0517293578586299
ZNF420,-0.308691051737106
ZNF423,-0.11078465555975
ZNF425,-0.698472229847351
ZNF426,0.0518219604537004
ZNF428,0.550374144156559
ZNF429,-0.180674087652593
ZNF430,-0.467502401442402
ZNF431,-0.514346438255118
ZNF432,-0.283446542666478
ZNF433,-0.206362524226641
ZNF436,-0.0285782326920848
ZNF438,-0.0110140197646321
ZNF439,-0.530169221120715
ZNF44,-0.0903385093764338
ZNF440,-0.248614161765503
ZNF441,-0.561797439988426
ZNF442,-0.0239984740002646
ZNF443,-0.280257742720969
ZNF444,-0.0847757609835164
ZNF445,-0.190174845644026
ZNF446,0.489854191487575
ZNF449,-0.461144332652886
ZNF45,0.0192454239118982
ZNF451,-0.226918906600278
ZNF454,-0.240027073129725
ZNF460,-0.0131829956593945
ZNF461,0.276746277518426
ZNF462,-0.0869477963099767
ZNF467,-0.0019019654298362
ZNF468,-0.430237703438954
ZNF470,-0.309333682290257
ZNF471,-0.0853371653091134
ZNF473,-0.0586417514109142
ZNF474,-0.0351567877548214
ZNF48,0.188462887612245
ZNF480,-0.63139346322017
ZNF483,-0.1777235794612
ZNF484,-0.3507678854158
ZNF485,-0.189666458332689
ZNF488,-0.0120736818770141
ZNF490,-0.0723947697105405
ZNF491,-0.250262298895925
ZNF493,-0.45846647154437
ZNF496,-0.265029544717307
ZNF500,-0.314252000883316
ZNF502,-0.13497260403109
ZNF503,0.236770202437839
ZNF506,-0.20321987820591
ZNF507,-0.179721118383117
ZNF510,-0.155859314250351
ZNF511,-0.129006399664368
ZNF512,-0.0365279907620193
ZNF512B,-0.423502075514631
ZNF513,0.0255405492659582
ZNF514,0.090877139081552
ZNF516,-0.0952140272877871
ZNF517,0.181709145544857
ZNF518A,-0.57724230523613
ZNF518B,-0.222253859172646
ZNF519,-0.532639356568981
ZNF521,0.25374499587013
ZNF524,-0.0621134810568451
ZNF526,0.143646411915482
ZNF527,-0.287384424648209
ZNF528,0.117675729077916
ZNF529,-0.254067235303028
ZNF530,-0.0446661531991465
ZNF532,-0.145497971788968
ZNF534,-0.524303488077705
ZNF536,-0.034373583950023
ZNF540,-0.435779759207789
ZNF541,-0.456894240170287
ZNF543,-0.2016030866719
ZNF544,-0.105185622915154
ZNF547,-0.0634070894077869
ZNF548,-0.455423769203755
ZNF549,0.0889779556845179
ZNF550,0.0156838683075591
ZNF551,-0.201987790342709
ZNF552,-0.416025830801836
ZNF554,-0.372984200382458
ZNF555,-0.463035111522572
ZNF556,-0.0374076393321998
ZNF557,-0.138621503295952
ZNF558,-0.157818262311797
ZNF559,-0.316941863665908
ZNF560,0.047671305093927
ZNF561,-0.347949846958622
ZNF562,-0.411922999571653
ZNF563,-0.256237022370708
ZNF564,0.188079082715149
ZNF565,0.106723653078073
ZNF566,0.0813268380110034
ZNF567,-0.130748946033359
ZNF568,-0.434687439827947
ZNF569,0.0800182015572707
ZNF57,-0.129345202378344
ZNF570,-0.137886568327564
ZNF572,0.151405699922579
ZNF573,-0.0935017524614505
ZNF574,0.0269654089378457
ZNF575,-0.0240521242727245
ZNF576,0.0344910304046499
ZNF577,-0.199818456180632
ZNF579,0.1177269273938
ZNF580,0.107035537864436
ZNF581,-0.0115760363650752
ZNF583,-0.434688117011949
ZNF584,-0.394666606906699
ZNF585A,-0.424860540374303
ZNF585B,-0.505744543385369
ZNF586,-0.413658949962001
ZNF587B,0.0335753936746368
ZNF589,-0.0323473192234209
ZNF592,-0.0175236398048596
ZNF593,-0.181859187207681
ZNF594,-0.265481635672415
ZNF596,0.421187143055387
ZNF597,-0.22433553409315
ZNF598,0.565506389976791
ZNF605,0.0271010010437004
ZNF606,-0.132526918804801
ZNF607,-0.163869485127487
ZNF608,-0.240718472830347
ZNF609,0.432560173505967
ZNF610,-0.206351513275998
ZNF611,-0.979623205233605
ZNF613,-0.378597801338044
ZNF614,-0.0773382457418663
ZNF615,-0.197775731040653
ZNF616,-0.335537724335166
ZNF618,-0.294885172244783
ZNF619,-0.328759379204411
ZNF620,-0.466051070975125
ZNF621,-0.216427787487503
ZNF622,0.413656735843529
ZNF623,0.0617364055436652
ZNF626,-0.36430054892614
ZNF627,-0.158500698714506
ZNF628,-0.224996003176634
ZNF629,0.109029319809089
ZNF638,0.856885209091341
ZNF639,-0.419997471757797
ZNF641,0.0941231732031765
ZNF644,-0.175224127570728
ZNF645,-0.246978509987837
ZNF646,0.15924646972964
ZNF649,-0.31087229599583
ZNF652,-0.387378002098426
ZNF653,0.492277458560757
ZNF654,-0.0434493704078225
ZNF655,0.0563297272219874
ZNF662,-0.281695463280469
ZNF664,-0.413234977643198
ZNF665,0.0990241014092003
ZNF668,-0.0308372970977803
ZNF669,-0.0894301228110292
ZNF670,-0.368677448471005
ZNF671,-0.219775685708316
ZNF672,0.115755238327922
ZNF674,-0.267751471451132
ZNF675,-0.402765990638234
ZNF677,-0.298989033743191
ZNF678,-0.298023010364462
ZNF680,0.086791532370796
ZNF681,-0.268542271492887
ZNF682,-0.413491661075255
ZNF683,-0.510953945937329
ZNF684,0.472732482447024
ZNF687,-0.0148979144018834
ZNF688,0.316932260199022
ZNF689,-0.168567159377094
ZNF691,-0.396772910604852
ZNF692,0.219852747029192
ZNF695,-0.190993179870522
ZNF696,-0.363656048497664
ZNF697,-0.23814907195723
ZNF7,0.12278760743685
ZNF70,-0.0325683954405127
ZNF700,-0.430578929978247
ZNF703,0.368953064136442
ZNF704,0.216654806931545
ZNF707,-0.29891011521894
ZNF708,-0.434216122850338
ZNF709,-0.220681104875943
ZNF71,-0.146934014694832
ZNF710,-0.332368784174153
ZNF711,-0.287832041427294
ZNF714,-0.292546491501287
ZNF717,-0.240372666982912
ZNF718,-0.126802272376777
ZNF720,0.351016270615522
ZNF721,-0.279226265663615
ZNF726,-0.225653602925782
ZNF730,-0.389589282387671
ZNF74,-0.0662322462985931
ZNF740,-0.16094727693108
ZNF746,-0.384471165188534
ZNF747,0.119069846318708
ZNF749,-0.607052810124422
ZNF750,-0.260710439879673
ZNF75A,-0.167282635081704
ZNF75D,0.0133653666514763
ZNF76,0.111729862980605
ZNF761,-0.104594703147004
ZNF763,-0.230841515355418
ZNF764,-0.130441192062788
ZNF765,-0.503788456887081
ZNF766,-0.13306270645373
ZNF768,-0.0357432701440153
ZNF77,-0.37648752520299
ZNF770,-0.0416766979721637
ZNF771,0.122970028284162
ZNF772,0.194422272583036
ZNF773,-0.508365123144106
ZNF774,-0.378726185978626
ZNF775,-0.296156190248904
ZNF776,-0.215009539766672
ZNF777,0.0220070794595546
ZNF778,-0.198292343719853
ZNF780A,-0.33644360215918
ZNF780B,-0.246280529326935
ZNF781,-0.292624474872319
ZNF782,-0.0875350967543626
ZNF783,-0.0112884664317357
ZNF784,0.695572832786499
ZNF786,0.0287794038466802
ZNF787,-0.208820627346289
ZNF789,-0.142575002757468
ZNF79,0.346810770068624
ZNF790,0.231831606120053
ZNF791,-0.1829707983505
ZNF792,-0.118727000398621
ZNF793,-0.236602685345656
ZNF799,-0.251370190719462
ZNF8,0.133048292502723
ZNF800,-0.652615786353636
ZNF804A,-0.237835355124231
ZNF805,-0.244503322427975
ZNF808,-0.0650101348019182
ZNF81,-0.475942788118306
ZNF813,-0.148955393358742
ZNF814,-0.0681869320046638
ZNF816,-0.273729091408531
ZNF821,-0.559792526981824
ZNF823,-0.101884309990684
ZNF827,0.14843511258005
ZNF829,0.151063795389877
ZNF83,-0.0623500956491295
ZNF830,0.942161720937778
ZNF831,0.1234014138091
ZNF837,-0.0252447817321711
ZNF839,0.0937357804625014
ZNF84,0.76324707224265
ZNF843,0.480767488670706
ZNF845,-0.434725202890502
ZNF85,-0.349448178263452
ZNF850,-0.291114854323233
ZNF853,-0.416112038417833
ZNF860,-0.146895123929725
ZNF862,-0.260658053283958
ZNF865,0.0949442360977527
ZNF880,-0.0515792357234743
ZNF90,0.0953023290592254
ZNF91,-0.187653171111204
ZNF92,-0.139572921164527
ZNF93,-0.495232221020845
ZNFX1,-0.140904218684139
ZNHIT1,0.142722461050277
ZNHIT2,1.72720545182109
ZNHIT3,1.03892332396832
ZNHIT6,0.507823197741015
ZNRD1,0.96437767435036
ZRANB1,-0.384244566288486
ZRANB2,0.489997310647573
ZRANB3,-0.256208100808419
ZRSR2,0.905334420402351
ZSCAN1,-0.333503494012514
ZSCAN10,0.0239815868702735
ZSCAN12,-0.306834932386941
ZSCAN16,-0.363413935315195
ZSCAN18,0.192123825085254
ZSCAN2,0.551753656199208
ZSCAN20,0.0589497289511937
ZSCAN21,-0.222529314901269
ZSCAN22,-0.206139108982807
ZSCAN25,-0.0240896006502122
ZSCAN26,-0.283212251486597
ZSCAN29,-0.0965472680655966
ZSCAN30,-0.091395338332068
ZSCAN32,-0.138143658134537
ZSCAN5A,-0.51956263557915
ZSCAN5B,-0.204327396091651
ZSCAN9,-0.555747296426122
ZSWIM1,-0.285273908925026
ZSWIM3,0.078476646231303
ZSWIM4,-0.0814675891807675
ZSWIM5,-0.407339553213297
ZSWIM6,-0.263737629637618
ZSWIM7,0.946802216695982
ZUFSP,-0.416858904739842
ZW10,-0.130735878957591
ZWILCH,-0.0110416413866571
ZWINT,0.991067833594883
ZXDA,-0.0895211519480227
ZXDB,0.0355903185966501
ZXDC,0.0124586556335555
ZYX,0.309126125309998
ZZEF1,0.0659537810804478
ZZZ3,-0.173707829103723
