action_id,score
43160,-0.0232611499999999
43161,0.022643
43162,0.068013
43163,0.016316
43164,-0.097162
43165,-0.14348
43166,-0.016474
43167,-0.11264
43168,0.22405
43169,-0.017819
43170,-0.18804
43344,0.12409
43345,0.0025352
43346,0.073009
43347,0.038272
43348,0.009936
43349,-0.11051
43350,0.061808
43351,-0.12692
43352,-0.07693
43353,0.05074
43354,-0.039198
43355,-0.091162
43357,-0.10145
43358,0.068315
43435,-0.048955
A1BG,-0.020608
A1CF,-0.069207
A2M,0.0058628
A2ML1,-0.11638
A3GALT2,-0.030756
A4GALT,-0.035724
A4GNT,-0.11858
AAAS,-0.072836
AACS,-0.18117
AADAC,0.061634
AADACL2,-0.081147
AADACL3,-0.043179
AADACL4,0.089886
AADAT,0.06716
AAED1,-0.095089
AAGAB,0.107
AAK1,-0.17193
AAMDC,-0.017805
AAMP,-0.046903
AANAT,-0.10797
AAR2,0.060971
AARD,0.080494
AARS,0.22565
AARS2,-0.02266
AARSD1,0.090452
AASDH,-0.002692
AASDHPPT,-0.056889
AASS,-0.074344
AATF,0.16063
AATK,-0.0029744
ABAT,-0.079222
ABCA1,0.020297
ABCA10,0.01516
ABCA12,-0.10869
ABCA13,0.013554
ABCA2,0.051064
ABCA3,0.029079
ABCA4,-0.14285
ABCA5,-0.07728
ABCA6,-0.21151
ABCA7,-0.06753
ABCA8,-0.026312
ABCA9,0.063708
ABCB1,-0.0074971
ABCB10,-0.18728
ABCB11,0.033793
ABCB4,0.054576
ABCB5,0.2032
ABCB6,-0.069068
ABCB7,0.45959
ABCB8,-0.066976
ABCB9,0.27064
ABCC1,0.0058536
ABCC10,-0.066189
ABCC11,0.12675
ABCC12,-0.015466
ABCC2,0.058304
ABCC3,-0.10648
ABCC4,-0.11915
ABCC5,0.065377
ABCC6,-0.063898
ABCC8,0.082509
ABCC9,0.0041982
ABCD1,-0.12418
ABCD2,0.022668
ABCD3,0.065247
ABCD4,-0.21675
ABCE1,0.12387
ABCF1,0.45481
ABCF2,0.017099
ABCF3,0.13963
ABCG1,0.055233
ABCG2,0.081677
ABCG4,-0.014107
ABCG5,0.13527
ABCG8,0.02982
ABHD1,0.039032
ABHD10,0.14077
ABHD11,-0.12867
ABHD12,-0.037224
ABHD12B,0.059415
ABHD13,0.0022151
ABHD14A,-0.029865
ABHD14B,-0.042853
ABHD15,0.063715
ABHD16A,0.047655
ABHD16B,0.066028
ABHD17A,0.085813
ABHD17B,0.045884
ABHD17C,-0.091192
ABHD2,-0.30546
ABHD3,0.017425
ABHD4,0.099547
ABHD5,0.12628
ABHD6,-0.090764
ABHD8,-0.024085
ABI1,-0.13216
ABI2,0.032342
ABI3,0.085518
ABI3BP,0.035538
ABL1,0.047826
ABL2,0.032826
ABLIM1,-0.031075
ABLIM2,-0.20024
ABLIM3,0.040959
ABO,-0.078782
ABR,-0.041173
ABRA,-0.068664
ABRACL,0.049214
ABT1,0.29546
ABTB1,0.11523
ABTB2,0.077973
ACAA1,-0.14373
ACAA2,-0.024724
ACACA,-0.29096
ACACB,0.0033459
ACAD10,-0.17084
ACAD11,-0.029297
ACAD8,-0.072092
ACAD9,-0.026122
ACADL,0.27418
ACADM,0.06475
ACADS,0.035382
ACADSB,0.084184
ACADVL,0.038502
ACAN,0.12524
ACAP1,0.20747
ACAP2,0.047083
ACAP3,-0.015156
ACAT1,0.18752
ACAT2,0.15839
ACBD3,0.051733
ACBD4,-0.11187
ACBD5,-0.069956
ACBD6,-0.031254
ACBD7,-0.079361
ACCS,0.030618
ACCSL,-0.080202
ACD,-0.077691
ACE,0.0091802
ACE2,0.11462
ACER1,0.14724
ACER2,-0.13235
ACER3,-0.21261
ACHE,-0.0028138
ACIN1,0.025438
ACKR1,-0.14415
ACKR2,-0.020752
ACKR3,0.12848
ACKR4,-0.084998
ACLY,0.053768
ACMSD,-0.1684
ACO1,-0.023732
ACO2,0.075825
ACOT1,-0.049288
ACOT11,-0.017791
ACOT12,-0.10399
ACOT13,-0.09448
ACOT2,-0.019873
ACOT4,0.01123
ACOT6,-0.069159
ACOT7,0.021271
ACOT8,-0.15366
ACOT9,-0.045775
ACOX1,0.25998
ACOX2,-0.047424
ACOX3,-0.06403
ACOXL,0.15604
ACP1,0.0098626
ACP2,-0.025943
ACP5,-0.019631
ACP6,0.087062
ACPP,-0.0081443
ACPT,-0.0080368
ACR,-0.028506
ACRBP,0.012562
ACRC,0.15092
ACRV1,0.037225
ACSBG1,0.10627
ACSBG2,0.085179
ACSF2,-0.086229
ACSF3,-0.073939
ACSL1,-0.057234
ACSL3,0.16184
ACSL4,-0.19078
ACSL5,0.021862
ACSL6,-0.0081626
ACSM1,-0.061928
ACSM2A,-0.095839
ACSM2B,-0.16232
ACSM3,-0.13898
ACSM4,0.007675
ACSM5,0.041949
ACSM6,-0.046831
ACSS1,0.13228
ACSS2,0.049007
ACSS3,-0.012119
ACTA1,0.11605
ACTA2,0.27812
ACTB,-0.02884
ACTBL2,0.061212
ACTC1,-0.028676
ACTG1,0.10297
ACTG2,0.0097596
ACTL10,0.04555
ACTL6A,-0.027738
ACTL6B,0.044404
ACTL7A,-0.047647
ACTL7B,-0.020159
ACTL8,0.0067042
ACTL9,-0.030018
ACTN1,0.033259
ACTN2,0.0017813
ACTN3,0.13711
ACTN4,0.043891
ACTR10,0.11035
ACTR1A,-0.1659
ACTR1B,-0.022442
ACTR2,-0.12322
ACTR3,-0.075924
ACTR3B,0.0026441
ACTR3C,-0.068939
ACTR5,0.012395
ACTR6,-0.1165
ACTR8,-0.14411
ACTRT1,-0.00067588
ACTRT2,-0.0064691
ACTRT3,-0.26098
ACVR1,-0.071689
ACVR1B,-0.00091512
ACVR1C,0.0028651
ACVR2A,-0.016171
ACVR2B,-0.15622
ACVRL1,0.0088366
ACY1,0.01452
ACY3,0.1294
ACYP1,-0.028143
ACYP2,-0.0099193
ADA,-0.013514
ADAD1,-0.07808
ADAD2,0.069859
ADAL,-0.017378
ADAM10,-0.058179
ADAM11,0.11793
ADAM12,-0.055059
ADAM15,-0.056903
ADAM17,-0.078928
ADAM18,-0.061302
ADAM19,0.041023
ADAM2,-0.047754
ADAM20,0.0031529
ADAM21,-0.032244
ADAM22,-0.072459
ADAM23,-0.044327
ADAM28,-0.12917
ADAM29,-0.011503
ADAM30,0.11175
ADAM32,-0.0057127
ADAM33,0.16495
ADAM7,0.026727
ADAM8,-0.0081345
ADAM9,0.032094
ADAMDEC1,-0.31188
ADAMTS1,-0.055226
ADAMTS10,0.11496
ADAMTS12,0.065428
ADAMTS13,-0.11694
ADAMTS14,0.022094
ADAMTS15,0.00032257
ADAMTS16,0.01135
ADAMTS17,0.042545
ADAMTS18,0.017886
ADAMTS19,-0.019848
ADAMTS2,-0.15802
ADAMTS20,-0.13892
ADAMTS3,0.0022767
ADAMTS4,-0.16876
ADAMTS5,0.0054468
ADAMTS6,0.031523
ADAMTS7,0.092967
ADAMTS8,0.0075383
ADAMTS9,0.080143
ADAMTSL1,-0.11255
ADAMTSL2,-0.15281
ADAMTSL3,0.022735
ADAMTSL4,0.012825
ADAMTSL5,0.0048431
ADAP1,0.0838
ADAP2,0.14473
ADAR,-0.22197
ADARB1,-0.1223
ADARB2,-0.066735
ADAT1,-0.13532
ADAT2,0.045161
ADAT3,-0.02283
ADCK1,-0.060855
ADCK2,-0.055168
ADCK3,-0.023486
ADCK4,-0.14319
ADCK5,0.0029438
ADCY1,-0.076448
ADCY10,-0.11968
ADCY2,-0.08688
ADCY3,-0.030974
ADCY4,-0.087627
ADCY5,-0.027718
ADCY6,-0.16549
ADCY7,-0.1471
ADCY8,-0.12894
ADCY9,0.11346
ADCYAP1,-0.079753
ADCYAP1R1,-0.040799
ADD1,0.019641
ADD2,-0.066059
ADD3,-0.13718
ADGB,-0.070785
ADGRA1,-0.062005
ADGRA2,-0.15206
ADGRA3,0.035697
ADGRB1,-0.024259
ADGRB2,-0.10386
ADGRB3,0.038066
ADGRD1,0.23559
ADGRE1,-0.21426
ADGRE2,-0.092523
ADGRE3,0.050932
ADGRE5,-0.11518
ADGRF1,-0.096717
ADGRF2,0.048544
ADGRF3,-0.053251
ADGRF4,-0.088745
ADGRF5,-0.079246
ADGRG1,0.0231
ADGRG2,-0.046407
ADGRG3,-0.0031899
ADGRG4,-0.0048806
ADGRG5,0.041745
ADGRG6,0.26299
ADGRG7,0.097608
ADGRL1,0.093916
ADGRL2,0.020258
ADGRL3,0.018789
ADGRL4,-0.085115
ADGRV1,0.014281
ADH1A,-0.05272
ADH1B,-0.12888
ADH1C,-0.059811
ADH4,-0.041723
ADH5,0.013302
ADH6,-0.049184
ADH7,-0.022156
ADHFE1,0.072448
ADI1,-0.22859
ADIG,0.086719
ADIPOQ,0.014429
ADIPOR1,-0.0080935
ADIPOR2,-0.094456
ADIRF,0.10289
ADK,0.00034583
ADM,-0.11487
ADM2,0.067712
ADM5,0.05146
ADNP,0.12034
ADNP2,-0.09292
ADO,0.027345
ADORA1,-0.041538
ADORA2A,0.071383
ADORA2B,0.090071
ADORA3,0.025328
ADPGK,0.039392
ADPRH,0.025991
ADPRHL1,-0.079238
ADPRHL2,-0.094467
ADPRM,0.022169
ADRA1A,-0.089544
ADRA1B,-0.066622
ADRA1D,-0.11197
ADRA2A,-0.12291
ADRA2B,0.066543
ADRA2C,-0.12151
ADRB1,0.089401
ADRB2,0.04277
ADRB3,-0.041411
ADRBK1,0.11199
ADRBK2,0.082605
ADRM1,0.039466
ADSL,0.19391
ADSS,0.045178
ADSSL1,0.0047588
ADTRP,-0.086323
AEBP1,0.1266
AEBP2,0.098079
AEN,-0.058809
AES,0.13178
AFAP1,0.24034
AFAP1L1,-0.019378
AFAP1L2,0.093158
AFF1,0.037462
AFF2,-0.14322
AFF3,0.010224
AFF4,-0.13927
AFG3L2,0.20245
AFM,-0.022322
AFMID,0.092513
AFP,-0.031441
AFTPH,-0.0030314
AGA,0.029206
AGAP1,-0.052324
AGAP11,0.15113
AGAP2,0.10546
AGAP3,-0.035186
AGAP4,0.30436
AGAP5,-0.010659
AGAP6,0.046015
AGAP9,-0.034591
AGBL1,0.017457
AGBL2,0.1439
AGBL3,-0.012284
AGBL4,-0.03488
AGBL5,0.16354
AGER,-0.064474
AGFG1,-0.058022
AGFG2,-0.12252
AGGF1,-0.038298
AGK,0.31786
AGL,-0.042876
AGMAT,0.028106
AGMO,0.015027
AGO1,-0.31732
AGO2,-0.098402
AGO3,-0.095289
AGO4,0.048184
AGPAT1,-0.098669
AGPAT2,-0.041336
AGPAT3,-0.038446
AGPAT4,0.022757
AGPAT5,0.11683
AGPAT6,0.058749
AGPAT9,-0.017868
AGPS,-0.090524
AGR2,0.10017
AGR3,-0.073313
AGRN,-0.083453
AGRP,0.050216
AGT,-0.029003
AGTPBP1,-0.049527
AGTR1,-0.049658
AGTR2,0.0044028
AGTRAP,0.16926
AGXT,-0.15306
AGXT2,-0.057704
AHCTF1,0.047126
AHCY,0.25108
AHCYL1,0.11055
AHCYL2,-0.027502
AHDC1,-0.11007
AHI1,-0.060597
AHNAK,0.036973
AHNAK2,-0.047965
AHR,-0.024615
AHRR,-0.034287
AHSA1,-0.066704
AHSA2,-0.042812
AHSG,-0.19247
AHSP,0.13343
AICDA,-0.056077
AIDA,-0.035738
AIF1,0.013206
AIF1L,0.085959
AIFM1,0.010935
AIFM2,-0.092614
AIFM3,-0.071839
AIG1,-0.099687
AIM1,-0.050249
AIM2,0.033529
AIMP1,-0.14541
AIMP2,-0.08011
AIP,0.080534
AIPL1,0.040898
AIRE,-0.080523
AJAP1,0.035396
AJUBA,-0.066918
AK1,0.099322
AK2,0.30723
AK3,-0.05792
AK4,0.02748
AK5,0.11705
AK6,0.24583
AK7,-0.0086201
AK8,-0.063735
AK9,-0.057409
AKAP1,-0.22529
AKAP10,0.012125
AKAP11,-0.10616
AKAP12,0.12141
AKAP13,-0.012135
AKAP14,-0.13539
AKAP17A,-0.13477
AKAP2,0.058664
AKAP3,0.0039032
AKAP4,-0.1344
AKAP5,-0.076558
AKAP6,0.098483
AKAP7,-0.028376
AKAP8,0.0055823
AKAP8L,-0.13496
AKAP9,0.17099
AKIP1,0.087688
AKIRIN1,-0.2542
AKIRIN2,-0.089355
AKNA,-0.17966
AKNAD1,-0.0079774
AKR1A1,-0.068487
AKR1B1,0.097221
AKR1B10,0.016883
AKR1B15,-0.014019
AKR1C1,0.067827
AKR1C2,-0.020973
AKR1C3,-0.058202
AKR1C4,0.019555
AKR1D1,0.11644
AKR1E2,0.014033
AKR7A2,-0.077572
AKR7A3,0.095187
AKT1,0.017323
AKT1S1,0.028139
AKT2,-0.097736
AKT3,0.04471
AKTIP,-0.019106
ALAD,0.067816
ALAS1,-0.17704
ALAS2,-0.088536
ALB,0.045873
ALCAM,0.032179
ALDH16A1,-0.096471
ALDH18A1,0.079476
ALDH1A1,-0.11781
ALDH1A2,-0.10638
ALDH1A3,-0.078761
ALDH1B1,0.11221
ALDH1L1,-0.023725
ALDH1L2,-0.049235
ALDH2,0.033441
ALDH3A1,0.03905
ALDH3A2,-0.047745
ALDH3B1,-0.077331
ALDH3B2,-0.17261
ALDH4A1,-0.14595
ALDH5A1,-0.075405
ALDH6A1,-0.035687
ALDH7A1,-0.031888
ALDH8A1,0.0062172
ALDH9A1,-0.12096
ALDOA,0.65005
ALDOB,0.0090754
ALDOC,-0.1142
ALG1,0.24608
ALG10,-0.025912
ALG10B,0.08659
ALG11,0.2217
ALG12,-0.069836
ALG13,0.4179
ALG14,0.072885
ALG1L,-0.094672
ALG1L2,0.11671
ALG2,1.1012
ALG3,0.070039
ALG5,0.19087
ALG6,-0.17673
ALG8,-0.054387
ALG9,0.071487
ALK,0.08367
ALKBH1,0.025354
ALKBH2,-0.043174
ALKBH3,0.073718
ALKBH4,-0.064734
ALKBH5,-0.015929
ALKBH6,-0.022236
ALKBH7,-0.12104
ALKBH8,0.080086
ALLC,-0.01298
ALMS1,-0.12672
ALOX12,0.024263
ALOX12B,-0.016753
ALOX15,0.015433
ALOX15B,-0.03302
ALOX5,-0.024948
ALOX5AP,-0.045835
ALOXE3,0.0048506
ALPI,-0.045605
ALPK1,-0.060435
ALPK2,-0.11069
ALPK3,-0.035587
ALPL,-0.011168
ALPP,-0.055795
ALPPL2,-0.035194
ALS2,-0.0016087
ALS2CL,-0.07432
ALS2CR11,0.029423
ALS2CR12,-0.11896
ALX1,0.019841
ALX3,-0.05812
ALX4,0.027045
ALYREF,-0.010212
AMACR,-0.055159
AMBN,0.023126
AMBP,0.043748
AMBRA1,-0.1358
AMD1,0.057091
AMDHD1,0.012751
AMDHD2,-0.096214
AMELX,-0.062507
AMELY,-0.11557
AMER1,0.12339
AMER2,-0.1337
AMER3,-0.081468
AMFR,-0.052675
AMH,-0.069172
AMHR2,-0.054821
AMICA1,0.04853
AMIGO1,-0.039196
AMIGO2,0.00939
AMIGO3,-0.0035263
AMMECR1,0.0768
AMMECR1L,0.045829
AMN,-0.079397
AMN1,-0.066219
AMOT,0.061979
AMOTL1,0.071377
AMOTL2,0.11417
AMPD1,0.1028
AMPD2,-0.22163
AMPD3,-0.18226
AMPH,-0.12934
AMT,-0.073331
AMTN,-0.0065241
AMY1A,0.054361
AMY1B,-0.078928
AMY1C,0.16283
AMY2A,-0.10899
AMY2B,-0.035358
AMZ1,-0.29272
AMZ2,-0.056218
ANAPC1,0.38484
ANAPC10,0.068369
ANAPC11,0.1145
ANAPC13,-0.18111
ANAPC15,-0.10477
ANAPC16,0.067787
ANAPC2,0.051645
ANAPC4,0.077604
ANAPC5,0.027325
ANAPC7,0.092312
ANG,-0.022582
ANGEL1,0.093988
ANGEL2,-0.020311
ANGPT1,-0.088481
ANGPT2,-0.033914
ANGPT4,-0.010763
ANGPTL1,-0.0026777
ANGPTL2,0.14099
ANGPTL3,0.0098975
ANGPTL4,-0.0013979
ANGPTL5,0.13075
ANGPTL6,-0.12768
ANGPTL7,-0.11591
ANHX,-0.075025
ANK1,-0.0629
ANK2,0.066646
ANK3,-0.12055
ANKAR,0.026643
ANKDD1A,-0.025551
ANKDD1B,0.07266
ANKEF1,0.12956
ANKFN1,0.084562
ANKFY1,-0.022304
ANKH,0.14403
ANKHD1,-0.10493
ANKHD1-EIF4EBP3,-0.16226
ANKIB1,0.028105
ANKK1,-0.011538
ANKLE1,-0.061357
ANKLE2,-0.061518
ANKMY1,0.10318
ANKMY2,-0.079718
ANKRA2,-0.035959
ANKRD1,-0.028053
ANKRD10,-0.11458
ANKRD11,-0.053102
ANKRD12,-0.014874
ANKRD13A,-0.19636
ANKRD13B,0.01166
ANKRD13C,-0.085527
ANKRD13D,0.19979
ANKRD16,0.088202
ANKRD17,-0.038116
ANKRD18A,0.044793
ANKRD18B,0.11249
ANKRD2,-0.060618
ANKRD20A1,-0.035858
ANKRD20A2,-0.061741
ANKRD20A3,0.11104
ANKRD20A4,-0.1158
ANKRD22,0.13565
ANKRD23,-0.012584
ANKRD24,-0.098686
ANKRD26,-0.09371
ANKRD27,0.027314
ANKRD28,-0.17106
ANKRD30A,0.10755
ANKRD30B,-0.085717
ANKRD31,-0.0085882
ANKRD32,-0.045413
ANKRD33,0.024732
ANKRD33B,-0.096001
ANKRD34A,0.10954
ANKRD34B,0.020342
ANKRD34C,0.042268
ANKRD35,-0.013986
ANKRD36,-0.017864
ANKRD36B,-0.0061693
ANKRD37,-0.0074145
ANKRD39,-0.065826
ANKRD40,0.037216
ANKRD42,0.1292
ANKRD44,0.05542
ANKRD45,0.0365
ANKRD46,0.17314
ANKRD49,-0.078044
ANKRD50,-0.14863
ANKRD52,-0.057558
ANKRD53,0.033093
ANKRD54,0.26355
ANKRD55,0.1212
ANKRD6,-0.094038
ANKRD60,-0.086117
ANKRD61,0.043455
ANKRD62,0.039643
ANKRD63,-0.23858
ANKRD65,0.03245
ANKRD66,0.073509
ANKRD7,-0.1213
ANKRD9,-0.0048969
ANKS1A,0.054356
ANKS1B,0.00093904
ANKS3,0.0087161
ANKS4B,0.030772
ANKS6,-0.093172
ANKUB1,0.05161
ANKZF1,-0.0442
ANLN,-0.060402
ANO1,0.039429
ANO10,-0.014579
ANO2,-0.02547
ANO3,0.026334
ANO4,-0.10086
ANO5,-0.06962
ANO6,0.053755
ANO7,-0.077971
ANO8,-0.15158
ANO9,-0.12042
ANOS1,-0.043815
ANP32A,-0.060934
ANP32B,-0.1748
ANP32C,-0.10714
ANP32D,-0.050356
ANP32E,-0.053817
ANPEP,-0.027901
ANTXR1,0.014997
ANTXR2,-0.14571
ANTXRL,-0.020269
ANXA1,-0.11179
ANXA10,0.030407
ANXA11,0.067712
ANXA13,-0.00039596
ANXA2,-0.036646
ANXA2R,0.17972
ANXA3,0.12785
ANXA4,-0.12238
ANXA5,-0.068781
ANXA6,0.16347
ANXA7,-0.043984
ANXA8,-0.056341
ANXA8L1,0.016041
ANXA9,0.12289
AOAH,-0.104
AOC1,-0.041487
AOC2,-0.097714
AOC3,0.27184
AOX1,-0.046172
AP1AR,0.025446
AP1B1,-0.096906
AP1G1,0.13795
AP1G2,-0.02553
AP1M1,-0.061596
AP1M2,-0.11641
AP1S1,-0.038688
AP1S2,-0.063866
AP1S3,0.18941
AP2A1,0.12678
AP2A2,0.089409
AP2B1,-0.066501
AP2M1,0.1643
AP2S1,-0.021642
AP3B1,0.17003
AP3B2,0.083379
AP3D1,-0.0059816
AP3M1,0.031281
AP3M2,-0.084092
AP3S1,0.10524
AP3S2,0.089055
AP4B1,0.094383
AP4E1,-0.12246
AP4M1,-0.1128
AP4S1,0.12362
AP5B1,0.059874
AP5M1,-0.036804
AP5S1,-0.012779
AP5Z1,0.036623
APAF1,0.043801
APBA1,-0.10058
APBA2,-0.060894
APBA3,0.032746
APBB1,-0.040227
APBB1IP,-0.097446
APBB2,-0.061807
APBB3,0.036797
APC,0.12289
APC2,-0.10249
APCDD1,-0.18989
APCDD1L,-0.049096
APCS,-0.039244
APEH,0.10066
APELA,0.12838
APEX1,-0.093447
APEX2,0.11501
APH1A,0.040648
APH1B,-0.0056265
API5,0.047178
APIP,-0.11238
APITD1,0.0080336
APITD1-CORT,-0.019427
APLF,0.075271
APLN,0.047792
APLNR,0.035
APLP1,-0.12785
APLP2,-0.02642
APMAP,0.042576
APOA1,-0.22156
APOA1BP,0.072253
APOA2,-0.078113
APOA4,0.031911
APOA5,-0.14643
APOB,0.027286
APOBEC1,0.033134
APOBEC2,0.035886
APOBEC3A,-0.17634
APOBEC3B,0.057564
APOBEC3C,-0.022128
APOBEC3D,0.033375
APOBEC3F,0.07302
APOBEC3G,0.050276
APOBEC3H,-0.012119
APOBEC4,-0.1718
APOBR,-0.049559
APOC1,0.075982
APOC2,-0.18943
APOC3,-0.088703
APOC4,0.018831
APOD,-0.035222
APOE,-0.017188
APOF,0.080452
APOH,0.023754
APOL1,-0.04872
APOL2,-0.087711
APOL3,-0.1177
APOL4,-0.047602
APOL5,-0.011482
APOL6,-0.11415
APOLD1,-0.036392
APOM,-0.019099
APOO,0.026808
APOOL,0.11455
APOPT1,0.027966
APP,-0.011083
APPBP2,-0.031408
APPL1,0.094946
APPL2,0.074944
APRT,-0.079281
APTX,0.14188
AQP1,-0.052818
AQP10,-0.13559
AQP11,0.069368
AQP12A,-0.11676
AQP12B,-0.0082121
AQP2,0.07486
AQP3,0.024132
AQP4,0.2431
AQP5,-0.0044041
AQP6,-0.0021404
AQP7,0.011498
AQP8,-0.038951
AQP9,0.016547
AQR,0.29796
AR,-0.15554
ARAF,0.054859
ARAP1,0.056121
ARAP2,0.046867
ARAP3,-0.042989
ARC,-0.013396
ARCN1,-0.018303
AREG,0.18378
AREL1,0.11852
ARF1,0.072946
ARF3,0.061825
ARF4,-0.083204
ARF5,0.090999
ARF6,0.31906
ARFGAP1,0.023464
ARFGAP2,-0.049068
ARFGAP3,-0.15378
ARFGEF1,-0.012668
ARFGEF2,0.030676
ARFGEF3,-0.037036
ARFIP1,-0.11781
ARFRP1,0.091478
ARG1,0.04506
ARG2,-0.045397
ARGFX,-0.14457
ARGLU1,-0.039237
ARHGAP1,-0.089801
ARHGAP10,-0.020819
ARHGAP11A,0.10485
ARHGAP11B,0.018878
ARHGAP12,0.045025
ARHGAP15,-0.22979
ARHGAP17,-0.012246
ARHGAP18,0.017019
ARHGAP19,-0.14302
ARHGAP20,-0.058344
ARHGAP21,0.0064249
ARHGAP22,-0.15054
ARHGAP23,-0.022329
ARHGAP24,0.10007
ARHGAP25,-0.1173
ARHGAP26,-0.073613
ARHGAP27,0.091141
ARHGAP28,0.037948
ARHGAP29,0.19047
ARHGAP30,-0.11541
ARHGAP31,-0.10813
ARHGAP32,-0.08217
ARHGAP33,-0.11585
ARHGAP35,0.076914
ARHGAP36,0.017662
ARHGAP4,0.052373
ARHGAP40,-0.13509
ARHGAP42,-0.14599
ARHGAP44,0.069021
ARHGAP5,0.019695
ARHGAP6,-0.0232
ARHGAP8,-0.092395
ARHGAP9,-0.091334
ARHGDIA,0.054246
ARHGDIB,0.08693
ARHGDIG,-0.14098
ARHGEF1,-0.21064
ARHGEF10,0.067557
ARHGEF10L,-0.075116
ARHGEF11,0.030104
ARHGEF12,0.0008767
ARHGEF15,-0.12482
ARHGEF16,-0.088074
ARHGEF17,0.023876
ARHGEF18,0.13725
ARHGEF19,-0.090973
ARHGEF2,-0.26104
ARHGEF25,0.088324
ARHGEF26,-0.11125
ARHGEF28,-0.0046713
ARHGEF3,-0.13845
ARHGEF33,-0.02591
ARHGEF35,0.10297
ARHGEF37,0.028551
ARHGEF38,-0.055899
ARHGEF39,-0.042771
ARHGEF4,-0.1244
ARHGEF40,0.020677
ARHGEF5,0.091552
ARHGEF6,-0.077968
ARHGEF7,-0.077884
ARHGEF9,-0.079137
ARID1A,-0.2947
ARID1B,-0.27991
ARID2,-0.064969
ARID3A,0.09162
ARID3B,0.1033
ARID3C,-0.17336
ARID4A,0.14038
ARID4B,-0.11978
ARID5A,0.17191
ARID5B,-0.081842
ARIH1,-0.16194
ARIH2,-0.36099
ARIH2OS,-0.078089
ARL1,0.060769
ARL10,-0.071761
ARL11,0.0104
ARL13A,-0.20643
ARL13B,0.0077349
ARL14,-0.047729
ARL14EP,0.13351
ARL14EPL,-0.013443
ARL15,0.032734
ARL16,-0.052565
ARL17A,0.011981
ARL17B,-0.11052
ARL2,0.16699
ARL2BP,0.11572
ARL3,0.14557
ARL4A,-0.10493
ARL4C,-0.068037
ARL4D,-0.0395
ARL5A,-0.042883
ARL5B,0.15383
ARL5C,0.0076191
ARL6,0.07951
ARL6IP1,-0.10794
ARL6IP4,-0.026816
ARL6IP5,-0.047989
ARL6IP6,-0.057959
ARL8A,-0.062579
ARL8B,-0.029186
ARL9,0.019461
ARMC1,-0.01125
ARMC10,-0.08956
ARMC12,-0.019015
ARMC2,-0.14279
ARMC3,-0.036205
ARMC4,0.19999
ARMC5,-0.14545
ARMC6,0.020426
ARMC7,0.78011
ARMC8,0.027832
ARMC9,-0.030097
ARMCX1,-0.16883
ARMCX2,-0.011566
ARMCX3,0.012266
ARMCX4,0.074414
ARMCX5,0.067762
ARMCX5-GPRASP2,-0.077878
ARMCX6,0.037563
ARMS2,0.087632
ARMT1,0.088922
ARNT,0.14861
ARNT2,-0.032572
ARNTL,0.054266
ARNTL2,0.041384
ARPC1A,0.03908
ARPC1B,0.0056444
ARPC2,0.00044991
ARPC3,0.11542
ARPC4,0.01365
ARPC4-TTLL3,0.066417
ARPC5,-0.13118
ARPC5L,-0.01947
ARPIN,-0.042327
ARPP19,-0.014833
ARPP21,-0.092527
ARR3,-0.009092
ARRB1,-0.074068
ARRB2,0.011335
ARRDC1,-0.1504
ARRDC2,-0.05849
ARRDC3,-0.10789
ARRDC4,0.068271
ARRDC5,-0.033426
ARSA,-0.028165
ARSB,-0.13156
ARSD,-0.14836
ARSE,-0.11449
ARSF,-0.020015
ARSG,-0.0058384
ARSH,0.015666
ARSI,-0.080645
ARSJ,-0.061184
ARSK,-0.032246
ART1,0.018126
ART3,0.090419
ART4,-0.010576
ART5,-0.12738
ARTN,-0.29428
ARV1,0.010906
ARVCF,0.030171
ARX,-0.10696
AS3MT,-0.007745
ASAH1,-0.092571
ASAH2,0.032951
ASAH2B,0.099837
ASAP1,0.024395
ASAP2,0.029829
ASAP3,0.27519
ASB1,-0.028592
ASB10,0.047238
ASB11,-0.0042388
ASB12,-0.071844
ASB13,-0.20025
ASB14,-0.033953
ASB15,-0.072508
ASB16,-0.041371
ASB17,-0.14704
ASB18,0.19317
ASB2,-0.015514
ASB3,0.01463
ASB4,-0.01775
ASB5,0.00999
ASB6,-0.063081
ASB7,-0.025379
ASB8,0.095119
ASB9,-0.0057253
ASCC1,-0.026254
ASCC2,-0.011768
ASCC3,0.011023
ASCL1,0.060632
ASCL2,-0.11763
ASCL3,0.11052
ASCL4,-0.13746
ASCL5,-0.014293
ASF1A,-0.023083
ASF1B,0.04479
ASGR1,0.076501
ASGR2,-0.008206
ASH1L,-0.046675
ASH2L,0.15563
ASIC1,0.036547
ASIC2,-0.0083119
ASIC3,-0.048685
ASIC4,-0.053231
ASIC5,-0.049254
ASIP,0.076188
ASL,-0.045708
ASMT,-0.033512
ASMTL,0.067106
ASNA1,0.1602
ASNS,-0.075984
ASNSD1,-0.059999
ASPA,-0.12583
ASPDH,-0.035554
ASPG,0.0092052
ASPH,-0.045651
ASPHD1,0.005866
ASPHD2,-0.038531
ASPM,0.13697
ASPN,0.092779
ASPRV1,-0.050745
ASPSCR1,0.029993
ASRGL1,-0.087663
ASS1,0.05288
ASTE1,-0.036399
ASTL,0.024136
ASTN1,0.00066542
ASTN2,-0.0058527
ASUN,0.16887
ASXL1,-0.018995
ASXL2,-0.15138
ASXL3,-0.014714
ASZ1,-0.065781
ATAD1,0.038988
ATAD2,0.098554
ATAD2B,-0.054786
ATAD3A,-0.21467
ATAD3B,0.10811
ATAD3C,0.012119
ATAD5,-0.12975
ATAT1,0.050171
ATCAY,-0.15438
ATE1,0.0082529
ATF1,-0.054803
ATF2,-0.11748
ATF3,0.066896
ATF4,-0.10707
ATF5,0.22241
ATF6,-0.093033
ATF6B,-0.07898
ATF7,0.010629
ATF7IP,-0.066601
ATF7IP2,-0.099096
ATG10,-0.052504
ATG101,0.030686
ATG12,0.22003
ATG13,0.16715
ATG14,-0.087191
ATG16L1,-0.098918
ATG16L2,0.08999
ATG2A,0.021186
ATG2B,-0.046698
ATG3,0.18034
ATG4A,-0.018389
ATG4B,-0.090396
ATG4C,-0.022894
ATG4D,0.10069
ATG5,-0.045704
ATG7,-0.037151
ATG9A,-0.054188
ATG9B,-0.096408
ATHL1,0.087688
ATIC,0.18611
ATL1,0.11779
ATL2,0.12167
ATL3,-0.13842
ATM,-0.0164
ATMIN,0.040269
ATN1,0.018774
ATOH1,-0.072352
ATOH7,-0.055548
ATOH8,-0.14519
ATOX1,0.15865
ATP10A,0.17538
ATP10B,0.050546
ATP10D,-0.064021
ATP11A,0.20653
ATP11AUN,-0.086562
ATP11B,0.04813
ATP11C,0.0063832
ATP12A,0.057226
ATP13A1,0.015902
ATP13A2,0.041943
ATP13A3,0.0087569
ATP13A4,-0.010693
ATP13A5,-0.088808
ATP1A1,0.12792
ATP1A2,-0.04128
ATP1A3,0.11366
ATP1A4,0.092115
ATP1B1,-0.10165
ATP1B2,0.02881
ATP1B3,0.30039
ATP1B4,-0.085448
ATP2A1,-0.023948
ATP2A2,0.16025
ATP2A3,-0.05305
ATP2B1,-0.11247
ATP2B2,0.069609
ATP2B3,0.065422
ATP2B4,0.11263
ATP2C1,-0.11528
ATP2C2,0.10223
ATP4A,-0.0092718
ATP4B,-0.060245
ATP5A1,-0.053054
ATP5B,-0.040215
ATP5C1,0.068195
ATP5D,-0.031803
ATP5E,0.16296
ATP5F1,0.084353
ATP5G1,-0.12847
ATP5G2,0.047016
ATP5G3,-0.14168
ATP5H,-0.053716
ATP5I,-0.084064
ATP5J,-0.0041931
ATP5J2,-0.012713
ATP5J2-PTCD1,0.022532
ATP5L,-0.022235
ATP5L2,0.07716
ATP5O,-0.10098
ATP5S,0.066106
ATP5SL,-0.02933
ATP6AP1,0.19113
ATP6AP1L,-0.042694
ATP6AP2,-0.10821
ATP6V0A1,0.054622
ATP6V0A2,0.073277
ATP6V0A4,0.17815
ATP6V0B,0.0459
ATP6V0C,0.11465
ATP6V0D1,0.076204
ATP6V0D2,-0.073174
ATP6V0E1,-0.039191
ATP6V0E2,0.023505
ATP6V1A,0.044247
ATP6V1B1,0.041054
ATP6V1B2,0.64587
ATP6V1C1,-0.10188
ATP6V1C2,-0.00069099
ATP6V1D,-0.088309
ATP6V1E1,-0.015375
ATP6V1E2,0.055079
ATP6V1F,0.34094
ATP6V1G1,0.044929
ATP6V1G2,-0.16035
ATP6V1G3,0.045826
ATP6V1H,0.11505
ATP7A,0.0095392
ATP7B,-0.09379
ATP8A1,-0.039041
ATP8A2,-0.055752
ATP8B1,0.013475
ATP8B2,0.19473
ATP8B3,-0.023742
ATP8B4,-0.18819
ATP9A,0.029295
ATP9B,0.26404
ATPAF1,-0.010659
ATPAF2,-0.012716
ATPIF1,0.14286
ATR,-0.15923
ATRAID,-0.047105
ATRIP,0.015005
ATRN,0.085781
ATRNL1,-0.088925
ATRX,-0.02593
ATXN1,-0.11996
ATXN10,0.20649
ATXN1L,-0.086847
ATXN2,0.24356
ATXN2L,0.44905
ATXN3,-0.23488
ATXN3L,0.11285
ATXN7,-0.071427
ATXN7L1,-0.039349
ATXN7L2,0.23246
ATXN7L3,-0.196
ATXN7L3B,0.1395
AUH,0.0069243
AUNIP,0.12022
AUP1,-0.062994
AURKA,0.26521
AURKAIP1,-0.19733
AURKB,-0.16818
AURKC,-0.078376
AUTS2,-0.20307
AVEN,0.24771
AVIL,-0.018384
AVL9,-0.046773
AVP,-0.031192
AVPI1,0.19668
AVPR1A,-0.016226
AVPR1B,-0.038914
AVPR2,-0.006225
AWAT1,0.0010055
AWAT2,0.0067035
AXDND1,-0.086807
AXIN1,-0.016034
AXIN2,-0.0075986
AXL,-0.069502
AZGP1,0.037007
AZI2,-0.20097
AZIN1,0.06482
AZIN2,-0.071947
AZU1,-0.028183
B2M,-0.020364
B3GALNT1,0.081661
B3GALNT2,-0.10889
B3GALT1,-0.18524
B3GALT2,0.019139
B3GALT4,0.054081
B3GALT5,-0.141
B3GALT6,-0.13213
B3GALTL,0.11371
B3GAT1,-0.11554
B3GAT2,-0.0020938
B3GAT3,-0.11665
B3GNT2,-0.19251
B3GNT3,-0.2452
B3GNT4,-0.13804
B3GNT5,-0.092805
B3GNT6,-0.023371
B3GNT7,-0.096561
B3GNT8,0.045496
B3GNT9,-0.086614
B3GNTL1,0.014242
B4GALNT1,0.25001
B4GALNT2,-0.067649
B4GALNT3,0.0094203
B4GALNT4,-0.15468
B4GALT1,0.075334
B4GALT2,0.03111
B4GALT3,-0.2385
B4GALT4,-0.0055743
B4GALT5,-0.1162
B4GALT6,0.039609
B4GALT7,0.0086807
B4GAT1,-0.15471
B9D1,0.033104
B9D2,0.076209
BAALC,-0.042844
BAAT,-0.028127
BABAM1,-0.17518
BACE1,0.068459
BACE2,-0.11494
BACH1,-0.0064761
BACH2,-0.10467
BAD,0.0083192
BAG1,-0.073525
BAG2,0.13709
BAG3,-0.02708
BAG4,-0.036188
BAG5,-0.10898
BAG6,-0.040249
BAGE2,0.058872
BAHCC1,-0.017667
BAHD1,0.10511
BAIAP2,0.00064168
BAIAP2L1,-0.055422
BAIAP2L2,0.064947
BAIAP3,-0.10096
BAK1,0.015368
BAMBI,-0.055016
BANF1,0.10675
BANF2,-0.16094
BANK1,0.030017
BANP,-0.031837
BAP1,0.031487
BARD1,-0.057352
BARHL1,-0.06219
BARHL2,-0.049128
BARX1,-0.052062
BARX2,0.06297
BASP1,0.052451
BATF,0.25215
BATF2,-0.072002
BATF3,0.039262
BAX,0.013043
BAZ1A,-0.037005
BAZ1B,0.17695
BAZ2A,-0.15762
BAZ2B,-0.040454
BBC3,-0.20844
BBIP1,0.079388
BBOX1,-0.11012
BBS1,-0.067894
BBS10,0.015696
BBS12,0.00013877
BBS2,-0.0046423
BBS4,0.15955
BBS5,0.13093
BBS7,-0.13589
BBS9,0.13543
BBX,0.047504
BCAM,0.033101
BCAN,0.013259
BCAP29,0.026756
BCAP31,-0.026651
BCAR1,-0.23163
BCAR3,-0.13033
BCAS1,-0.050161
BCAS2,-0.090984
BCAS3,-0.11541
BCAS4,-0.036218
BCAT1,0.027303
BCAT2,-0.20123
BCCIP,0.09843
BCDIN3D,-0.025859
BCHE,-0.04216
BCKDHA,-0.018823
BCKDHB,0.047052
BCKDK,-0.044549
BCL10,0.25861
BCL11A,0.072571
BCL11B,-0.073872
BCL2,-0.089743
BCL2A1,0.10787
BCL2L1,0.021976
BCL2L10,-0.068816
BCL2L11,-0.053428
BCL2L12,0.07467
BCL2L13,0.030854
BCL2L14,0.088013
BCL2L15,0.030069
BCL2L2,0.044341
BCL2L2-PABPN1,0.069026
BCL3,0.049975
BCL6,-0.25294
BCL6B,0.016563
BCL7A,-0.15479
BCL7B,-0.13411
BCL7C,-0.016568
BCL9,-0.068968
BCL9L,0.10534
BCLAF1,-0.11414
BCO1,-0.058265
BCO2,0.12179
BCOR,-0.2031
BCORL1,0.071014
BCR,0.13603
BCS1L,0.17097
BDH1,0.066609
BDH2,0.011088
BDKRB1,-0.070145
BDKRB2,-0.026936
BDP1,-0.087918
BEAN1,0.061986
BECN1,0.074548
BECN2,-0.021775
BEGAIN,0.13901
BEND2,0.026338
BEND3,-0.10569
BEND4,-3.7296e-05
BEND5,-0.050121
BEND6,0.064828
BEND7,-0.10256
BEST1,-0.097025
BEST2,0.097452
BEST3,0.005229
BEST4,-0.10434
BET1,0.043329
BET1L,-0.01433
BEX1,-0.036226
BEX2,-0.14835
BEX4,-0.04429
BEX5,0.032564
BFAR,-0.060354
BFSP1,-0.098597
BFSP2,-0.038884
BGLAP,-0.097792
BGN,-0.0084987
BHLHA15,-0.02247
BHLHA9,-0.17485
BHLHB9,0.10616
BHLHE22,-0.053102
BHLHE23,0.099276
BHLHE40,-0.23282
BHLHE41,0.083923
BHMT,-0.15343
BHMT2,-0.019396
BICC1,0.085917
BICD1,-0.061921
BICD2,-0.15048
BID,-0.074676
BIK,-0.028619
BIN1,0.061515
BIN2,0.089447
BIN3,0.1294
BIRC2,0.01557
BIRC3,0.033043
BIRC5,-0.080946
BIRC6,-0.36262
BIRC7,-0.058038
BIRC8,-0.00017423
BIVM,-0.042577
BIVM-ERCC5,-0.044826
BLCAP,0.045301
BLID,0.0084604
BLK,0.026786
BLM,-0.013869
BLMH,-0.011494
BLNK,0.074204
BLOC1S1,0.11531
BLOC1S2,-0.018286
BLOC1S3,0.070217
BLOC1S4,-0.011225
BLOC1S5,-0.0043719
BLOC1S6,0.069994
BLVRA,-0.076857
BLVRB,-0.066878
BLZF1,-0.16705
BMF,0.023781
BMI1,0.16245
BMP1,-0.087707
BMP10,-0.14339
BMP15,0.04253
BMP2,-0.037949
BMP2K,0.0015549
BMP3,-0.043153
BMP4,-0.084408
BMP5,-0.033718
BMP6,0.05122
BMP7,-0.0053988
BMP8A,-0.026783
BMP8B,-0.039436
BMPER,-0.034073
BMPR1A,0.025717
BMPR1B,-0.0020923
BMPR2,0.06923
BMS1,0.49669
BMX,-0.080018
BNC1,-0.048087
BNC2,0.11403
BNIP1,-0.095603
BNIP2,-0.018736
BNIP3,-0.036314
BNIP3L,0.12732
BNIPL,0.081498
BOC,-0.070132
BOD1,-0.036124
BOD1L1,-0.054439
BOD1L2,-0.11345
BOK,0.0058055
BOLA1,-0.07324
BOLA2,0.053377
BOLA2B,-0.007625
BOLA3,0.015849
BOLL,-0.013955
BOP1,0.37604
BORA,0.11927
BPGM,-0.04374
BPHL,-0.027791
BPI,-0.0055386
BPIFA1,-0.048511
BPIFA2,-0.038212
BPIFA3,0.095733
BPIFB1,0.051532
BPIFB2,-0.19199
BPIFB3,-0.065388
BPIFB4,0.016593
BPIFB6,-0.18074
BPIFC,-0.12664
BPNT1,0.0031979
BPTF,0.51963
BPY2,-0.022816
BPY2B,0.089345
BPY2C,0.021436
BRAF,-0.019407
BRAP,0.12669
BRAT1,0.015641
BRCA1,-0.027273
BRCA2,-0.014522
BRCC3,0.010222
BRD1,0.1152
BRD2,-0.021923
BRD3,-0.073888
BRD4,0.11079
BRD7,-0.020918
BRD8,-0.15745
BRD9,-0.14665
BRDT,-0.10237
BRE,-0.047594
BRF1,0.14739
BRF2,-0.27885
BRI3,0.038434
BRI3BP,-0.096193
BRICD5,-0.027067
BRINP1,0.14416
BRINP2,0.065941
BRINP3,-0.10893
BRIP1,0.016218
BRIX1,0.30452
BRK1,-0.14918
BRMS1,-0.046537
BRMS1L,0.14712
BROX,0.10085
BRPF1,0.16999
BRPF3,0.032608
BRS3,0.031344
BRSK1,0.095743
BRSK2,0.19411
BRWD1,-0.009539
BRWD3,-0.012771
BSCL2,0.11705
BSDC1,0.01201
BSG,0.10408
BSN,0.10698
BSND,-0.013395
BSPH1,0.10332
BSPRY,-0.032879
BST1,0.0096019
BST2,0.053155
BSX,-0.095951
BTAF1,-0.12257
BTBD1,-0.085146
BTBD10,-0.047355
BTBD11,-0.24198
BTBD16,-0.14033
BTBD17,-0.036497
BTBD18,0.0061386
BTBD19,-0.12234
BTBD2,-0.02995
BTBD3,-0.027345
BTBD6,-0.060994
BTBD7,0.15688
BTBD8,0.020175
BTBD9,-0.005648
BTC,-0.12131
BTD,-0.013177
BTF3,0.16623
BTF3L4,0.081946
BTG1,-0.11942
BTG2,-0.065733
BTG3,0.04496
BTG4,-0.08884
BTK,-0.17068
BTLA,-0.045511
BTN1A1,0.097656
BTN2A1,0.077195
BTN2A2,0.058641
BTN3A1,0.019035
BTN3A2,-0.025226
BTN3A3,0.059267
BTNL10,0.089681
BTNL2,-0.041742
BTNL3,-0.016515
BTNL8,0.050689
BTNL9,0.0094438
BTRC,0.13731
BUB1,0.17584
BUB1B,-0.040464
BUB3,0.18022
BUD13,0.14628
BUD31,0.20286
BVES,-0.037033
BYSL,0.3364
BZRAP1,0.12305
BZW1,-0.036462
BZW2,0.031786
C10orf10,-0.3003
C10orf105,-0.094062
C10orf107,-0.043428
C10orf111,-0.047685
C10orf113,0.07894
C10orf12,0.039471
C10orf120,-0.061527
C10orf126,0.05441
C10orf128,0.05643
C10orf131,-0.067118
C10orf142,0.047122
C10orf2,-0.03532
C10orf25,0.013008
C10orf32,-0.093537
C10orf35,-0.057541
C10orf53,-0.16724
C10orf54,0.047608
C10orf55,0.011121
C10orf62,-0.12596
C10orf67,0.12791
C10orf71,0.095097
C10orf76,-0.095413
C10orf82,-0.039102
C10orf88,0.060526
C10orf90,-0.12833
C10orf91,-0.051108
C10orf95,0.012
C10orf99,0.023273
C11orf1,-0.069662
C11orf16,-0.037492
C11orf21,0.0027681
C11orf24,0.1094
C11orf30,-0.1071
C11orf31,0.00063106
C11orf40,-0.12271
C11orf42,-0.13244
C11orf44,-0.08608
C11orf45,-0.01269
C11orf49,0.10117
C11orf52,0.057657
C11orf53,0.01754
C11orf54,-0.11994
C11orf57,0.12708
C11orf58,-0.12506
C11orf63,0.0087873
C11orf65,0.10224
C11orf68,-0.023714
C11orf70,0.043719
C11orf71,0.063525
C11orf73,-0.13623
C11orf74,0.10991
C11orf80,-0.06679
C11orf84,-0.13034
C11orf85,0.00027916
C11orf86,0.14221
C11orf87,0.021735
C11orf88,-0.01313
C11orf91,-0.084763
C11orf94,0.046631
C11orf95,0.047269
C11orf96,-0.024746
C11orf97,-0.0064353
C11orf98,0.052272
C12orf10,-0.091525
C12orf29,0.073128
C12orf4,0.16583
C12orf40,0.03469
C12orf42,0.061935
C12orf43,-0.010517
C12orf45,0.11452
C12orf49,0.073807
C12orf50,-0.00451
C12orf54,-0.12484
C12orf56,0.0026743
C12orf57,0.078109
C12orf60,0.15553
C12orf65,0.052761
C12orf66,-0.04941
C12orf71,-0.055149
C12orf73,-0.11135
C12orf74,-0.01509
C12orf75,-0.025037
C12orf76,-0.15516
C12orf77,-0.093549
C12orf79,-0.20329
C12orf80,-0.080444
C14orf1,0.14045
C14orf105,-0.08258
C14orf119,0.0075599
C14orf132,-0.097132
C14orf142,-0.012292
C14orf159,0.044025
C14orf166,0.080661
C14orf169,-0.02997
C14orf177,0.16061
C14orf178,0.027681
C14orf180,-0.01798
C14orf2,0.22538
C14orf28,0.083283
C14orf37,0.027246
C14orf39,-0.033424
C14orf79,-0.11646
C14orf80,0.26117
C14orf93,-0.12635
C15orf26,-0.11345
C15orf27,-0.015054
C15orf32,-0.034584
C15orf38-AP3S2,-0.090806
C15orf39,0.21657
C15orf40,0.059337
C15orf41,0.11867
C15orf43,-0.1011
C15orf48,0.12579
C15orf52,-0.1474
C15orf53,-0.14693
C15orf54,0.032585
C15orf56,-0.037121
C15orf57,-0.0090267
C15orf59,-0.014363
C15orf61,-0.18246
C15orf62,0.15534
C15orf65,0.15778
C16orf13,-0.043852
C16orf45,0.080059
C16orf46,-0.066493
C16orf47,-0.0043869
C16orf52,-0.028152
C16orf54,-0.15803
C16orf58,-0.00078068
C16orf59,0.028771
C16orf62,0.34726
C16orf70,0.14643
C16orf71,-0.20206
C16orf72,0.10744
C16orf74,-0.11409
C16orf78,-0.046677
C16orf82,0.086626
C16orf86,-0.0039414
C16orf87,0.11025
C16orf89,0.1079
C16orf90,0.015968
C16orf91,0.11186
C16orf92,-0.057775
C16orf93,0.025455
C16orf95,-0.010519
C16orf96,-0.019645
C16orf97,-0.039684
C17orf100,-0.22395
C17orf102,-0.008088
C17orf104,-0.089838
C17orf105,-0.049983
C17orf107,-0.12101
C17orf112,-0.13591
C17orf47,0.068444
C17orf49,-0.16402
C17orf50,-0.10494
C17orf51,-0.079393
C17orf53,-0.045109
C17orf58,0.017198
C17orf59,0.09341
C17orf62,0.036631
C17orf64,-0.020548
C17orf67,-0.042683
C17orf70,0.18684
C17orf74,-0.044864
C17orf75,0.18256
C17orf77,-0.0064638
C17orf78,0.0076313
C17orf80,0.036064
C17orf82,-0.01966
C17orf85,-0.02638
C17orf89,-0.10172
C17orf96,-0.027802
C17orf97,-0.17281
C17orf98,0.0049334
C17orf99,-0.00095523
C18orf21,0.029537
C18orf25,-0.077089
C18orf32,-0.071327
C18orf42,-0.067259
C18orf54,-0.084628
C18orf63,-0.18761
C18orf65,0.014303
C18orf8,0.017397
C19orf12,0.00083912
C19orf18,0.13311
C19orf24,-0.12095
C19orf25,-0.02143
C19orf26,0.083306
C19orf33,-0.12275
C19orf35,-0.13882
C19orf38,0.14825
C19orf40,-0.039285
C19orf43,0.28894
C19orf44,0.13171
C19orf45,0.09874
C19orf47,-0.015866
C19orf48,-0.12963
C19orf52,0.33399
C19orf53,0.053613
C19orf54,0.27123
C19orf57,0.14319
C19orf60,0.070792
C19orf66,-0.0045601
C19orf67,0.01407
C19orf68,-0.019826
C19orf70,-0.054847
C19orf71,-0.058548
C19orf73,0.1108
C19orf80,0.013034
C19orf81,-0.0083309
C19orf84,-0.049923
C1D,-0.036257
C1GALT1,0.030381
C1GALT1C1,0.18905
C1GALT1C1L,-0.028629
C1QA,-0.11106
C1QB,-0.019146
C1QBP,-0.13677
C1QC,0.04366
C1QL1,0.10282
C1QL2,-0.050036
C1QL3,-0.0019763
C1QL4,-0.020812
C1QTNF1,-0.0481
C1QTNF2,0.046343
C1QTNF3,0.117
C1QTNF4,0.017927
C1QTNF5,0.056148
C1QTNF6,0.19495
C1QTNF7,-0.27459
C1QTNF8,-0.17359
C1QTNF9,-0.22325
C1QTNF9B,-0.14722
C1QTNF9B-AS1,0.059616
C1RL,-0.11663
C1S,-0.0024641
C1orf100,-0.0021425
C1orf101,0.021611
C1orf105,-0.14832
C1orf106,0.12537
C1orf109,0.27916
C1orf110,-0.07291
C1orf111,0.023504
C1orf112,-0.064852
C1orf115,0.1034
C1orf116,0.0099344
C1orf122,0.078678
C1orf123,-0.065102
C1orf127,0.058874
C1orf131,0.12133
C1orf137,0.17209
C1orf141,0.096174
C1orf146,0.1261
C1orf158,-0.013198
C1orf159,0.012164
C1orf162,0.08423
C1orf167,0.087681
C1orf168,0.025754
C1orf174,0.12599
C1orf177,-0.092944
C1orf185,-0.091542
C1orf186,0.0060792
C1orf189,-0.039568
C1orf194,-0.041367
C1orf195,0.012975
C1orf198,0.079477
C1orf204,0.065147
C1orf21,-0.097181
C1orf210,-0.041477
C1orf216,0.095584
C1orf226,-0.02994
C1orf228,-0.068444
C1orf229,0.0087807
C1orf233,0.0096332
C1orf234,0.11229
C1orf27,0.15655
C1orf43,0.013624
C1orf50,0.16181
C1orf52,0.037565
C1orf53,0.018775
C1orf54,-0.034074
C1orf56,0.055899
C1orf61,-0.058799
C1orf64,0.056911
C1orf68,-0.14021
C1orf86,-0.0061283
C1orf87,-0.061666
C1orf94,-0.0051325
C1orf95,-0.13537
C2,0.039049
C20orf141,0.0026939
C20orf144,-0.059513
C20orf173,0.06858
C20orf194,0.058471
C20orf195,0.045335
C20orf196,0.075865
C20orf197,-0.096632
C20orf202,-0.090443
C20orf203,0.28272
C20orf24,0.081098
C20orf27,0.055817
C20orf62,0.11067
C20orf78,-0.066964
C20orf85,-0.039499
C20orf96,-0.18301
C21orf140,0.15797
C21orf2,0.019278
C21orf33,0.089472
C21orf58,0.060381
C21orf59,0.32541
C21orf62,-0.17524
C21orf91,-0.05175
C22orf15,-0.11916
C22orf23,0.14417
C22orf24,-0.067905
C22orf29,0.19686
C22orf31,-0.03725
C22orf34,0.088357
C22orf39,0.053578
C22orf42,-0.058631
C22orf46,-0.041197
C2CD2,-0.15291
C2CD2L,-0.030595
C2CD3,0.154
C2CD4A,-0.093807
C2CD4B,0.08326
C2CD4C,0.10139
C2CD4D,-0.12331
C2CD5,0.13628
C2orf15,-0.05436
C2orf16,0.21054
C2orf27A,0.26166
C2orf27B,0.09068
C2orf40,-0.020394
C2orf42,0.01975
C2orf44,0.1508
C2orf47,0.25986
C2orf48,-0.11612
C2orf49,-0.22764
C2orf50,0.0029013
C2orf54,-0.054712
C2orf57,-0.010142
C2orf61,-0.026704
C2orf66,-0.12329
C2orf68,-0.38176
C2orf69,0.15806
C2orf70,0.093809
C2orf71,0.071077
C2orf72,-0.23192
C2orf73,-0.083051
C2orf74,0.085662
C2orf76,-0.1167
C2orf78,-0.092119
C2orf80,0.040003
C2orf81,0.28188
C2orf82,-0.085104
C2orf83,-0.0035966
C2orf88,-0.027225
C2orf91,0.027134
C3,0.01672
C3AR1,-0.15532
C3orf14,-0.12453
C3orf17,0.45451
C3orf18,-0.21095
C3orf20,-0.14383
C3orf22,0.00071562
C3orf30,-0.0078663
C3orf33,-0.13972
C3orf35,0.0092235
C3orf36,-0.041192
C3orf38,0.042185
C3orf52,-0.11888
C3orf56,-0.013664
C3orf58,-0.068209
C3orf62,0.050702
C3orf67,-0.029987
C3orf70,0.049345
C3orf79,-0.10114
C3orf80,-0.11145
C3orf84,-0.016537
C4A,-0.016154
C4B,-0.12898
C4BPA,-0.0017056
C4BPB,-0.18622
C4orf17,0.012035
C4orf19,-0.065763
C4orf22,0.0021685
C4orf26,0.0049388
C4orf27,-0.054773
C4orf29,-0.11538
C4orf3,-0.10113
C4orf32,-0.11728
C4orf33,0.38203
C4orf36,-0.047254
C4orf45,0.046766
C4orf46,0.15064
C4orf47,0.072379
C4orf48,-0.27658
C4orf51,0.037363
C5,-0.18327
C5AR1,-0.066681
C5AR2,-0.097136
C5orf15,-0.048839
C5orf22,0.052083
C5orf24,-0.15255
C5orf28,-0.084439
C5orf30,0.032635
C5orf34,0.1311
C5orf38,-0.087613
C5orf42,-0.0003204
C5orf45,0.0082449
C5orf46,-0.051874
C5orf47,-0.09929
C5orf49,-0.01902
C5orf51,0.077946
C5orf52,-0.12354
C5orf63,-0.0687
C5orf64,0.060187
C5orf66,-0.054424
C5orf67,-0.01276
C6,-0.021074
C6orf1,0.070865
C6orf10,-0.058204
C6orf106,0.056144
C6orf118,-0.060639
C6orf120,-0.13695
C6orf132,-0.023485
C6orf136,-0.058539
C6orf141,0.11742
C6orf15,-0.072544
C6orf163,-0.0183
C6orf165,-0.023807
C6orf201,-0.008725
C6orf203,-0.0075507
C6orf222,0.064035
C6orf223,0.021421
C6orf226,-0.14646
C6orf229,-0.092692
C6orf25,-0.074483
C6orf47,0.076248
C6orf48,0.0079436
C6orf52,0.027297
C6orf58,-0.024287
C6orf62,-0.015079
C6orf7,0.012371
C6orf89,0.17977
C6orf99,-0.10838
C7,-0.11942
C7orf25,0.025776
C7orf26,0.27451
C7orf31,0.084085
C7orf33,0.040047
C7orf34,0.21023
C7orf43,-0.18705
C7orf49,-0.11648
C7orf50,-0.12276
C7orf55,-0.070097
C7orf55-LUC7L2,-0.099605
C7orf57,-0.016317
C7orf60,-0.14021
C7orf61,0.069609
C7orf62,-0.038861
C7orf65,-0.081861
C7orf66,-0.088322
C7orf69,0.091887
C7orf71,-0.10869
C7orf72,-0.061511
C7orf73,0.022489
C7orf76,-0.13298
C7orf77,0.0021145
C8A,-0.025921
C8B,-0.097665
C8G,-0.073433
C8orf22,-0.094236
C8orf31,0.042228
C8orf33,0.086377
C8orf34,-0.028667
C8orf37,-0.031561
C8orf4,-0.092117
C8orf44,0.02526
C8orf44-SGK3,0.12643
C8orf46,-0.1107
C8orf48,0.0063371
C8orf58,-0.086982
C8orf59,0.11635
C8orf74,-0.023839
C8orf76,-0.024383
C8orf82,0.13174
C8orf86,-0.10002
C8orf87,-0.088431
C8orf88,-0.10813
C8orf89,-0.11573
C9,-0.0044233
C9orf106,0.095237
C9orf114,0.081402
C9orf116,-0.13672
C9orf117,-0.04142
C9orf129,0.090877
C9orf131,-0.002687
C9orf135,-0.017059
C9orf139,0.058826
C9orf142,0.13287
C9orf152,0.011289
C9orf153,-0.043477
C9orf156,-0.060607
C9orf16,-0.0012801
C9orf163,-0.0092529
C9orf170,-0.030645
C9orf171,-0.056065
C9orf172,-0.079745
C9orf173,0.016096
C9orf24,0.11976
C9orf3,-0.12117
C9orf40,-0.020647
C9orf41,0.029466
C9orf43,-0.012643
C9orf47,-0.11632
C9orf50,0.054317
C9orf57,-0.025927
C9orf62,0.053474
C9orf64,-0.13378
C9orf66,-0.019146
C9orf69,-0.040926
C9orf72,0.12632
C9orf78,0.012248
C9orf84,0.15311
C9orf85,-0.1103
C9orf89,-0.00053631
C9orf9,-0.013238
C9orf91,0.043866
C9orf92,0.027656
CA1,0.11621
CA10,-0.0010417
CA11,-0.087628
CA12,-0.098058
CA13,-0.012528
CA14,-0.049842
CA2,0.14045
CA3,0.003744
CA4,-0.079711
CA5A,-0.052848
CA5B,-0.051617
CA6,-0.0064855
CA7,-0.079147
CA8,0.16354
CA9,-0.06217
CAAP1,0.1327
CAB39,0.071083
CAB39L,-0.043757
CABIN1,0.11158
CABLES1,-0.28397
CABLES2,-0.12085
CABP1,0.06411
CABP2,0.042117
CABP4,-0.10849
CABP5,0.048455
CABP7,-0.0010592
CABS1,0.1492
CABYR,-0.054365
CACFD1,-0.18713
CACHD1,0.04123
CACNA1A,-0.04021
CACNA1B,-0.054816
CACNA1C,-0.06318
CACNA1D,-0.031656
CACNA1E,0.026326
CACNA1F,-0.16747
CACNA1G,0.11361
CACNA1H,0.048633
CACNA1I,0.082851
CACNA1S,0.010379
CACNA2D1,0.0081889
CACNA2D2,-0.080916
CACNA2D3,-0.039928
CACNA2D4,-0.048925
CACNB1,0.044998
CACNB2,0.085584
CACNB3,-0.1331
CACNB4,0.087325
CACNG1,-0.034158
CACNG2,0.037407
CACNG3,0.023864
CACNG4,0.08839
CACNG5,-0.165
CACNG6,-0.075366
CACNG7,0.043254
CACNG8,0.027723
CACTIN,-0.058137
CACUL1,-0.070068
CACYBP,0.031894
CAD,0.24109
CADM1,-0.08475
CADM2,0.043427
CADM3,0.0073279
CADM4,0.045433
CADPS,-0.093352
CADPS2,-0.069261
CAGE1,0.02639
CALB1,-0.045021
CALB2,0.0034945
CALCA,0.10616
CALCB,0.14976
CALCOCO1,0.048777
CALCOCO2,-0.11995
CALCR,-0.0012435
CALCRL,0.076247
CALD1,0.028912
CALHM1,-0.084833
CALHM2,-0.090822
CALHM3,-0.025247
CALM1,0.0020796
CALM3,-0.10474
CALML3,0.0054319
CALML4,-0.054692
CALML5,0.13228
CALML6,0.22192
CALN1,-0.14841
CALR,-0.13626
CALR3,0.096397
CALU,-0.0037495
CALY,0.10003
CAMK1,-0.13093
CAMK1D,0.14883
CAMK1G,0.10397
CAMK2A,0.061813
CAMK2B,-0.031311
CAMK2D,0.052058
CAMK2G,0.16215
CAMK2N1,-0.074579
CAMK2N2,-0.063262
CAMK4,-0.22001
CAMKK1,0.085574
CAMKK2,0.045133
CAMKMT,-0.014404
CAMKV,-0.087893
CAMLG,0.21631
CAMP,0.0061322
CAMSAP1,0.027027
CAMSAP2,-0.1258
CAMSAP3,-0.037352
CAMTA1,0.24132
CAMTA2,0.13674
CAND1,-0.096638
CAND2,0.20526
CANT1,-0.10844
CANX,0.0025555
CAP1,-0.1809
CAP2,0.089778
CAPG,0.018331
CAPN1,-0.19179
CAPN10,-0.018718
CAPN11,0.02578
CAPN12,-0.068982
CAPN13,-0.094846
CAPN14,0.17264
CAPN15,0.03253
CAPN2,-0.10697
CAPN3,0.0017328
CAPN5,-0.21649
CAPN6,-0.060351
CAPN7,-0.098356
CAPN8,-0.16631
CAPN9,-0.05132
CAPNS1,-0.0078899
CAPNS2,0.082805
CAPRIN1,0.030944
CAPRIN2,0.030218
CAPS,0.032343
CAPS2,-0.024257
CAPSL,-0.047895
CAPZA1,0.040488
CAPZA2,-0.1563
CAPZA3,-0.015795
CAPZB,0.41913
CARD10,-0.016578
CARD11,0.48269
CARD14,0.090495
CARD16,-0.12207
CARD17,-0.18086
CARD18,0.02525
CARD6,0.064838
CARD8,-0.019199
CARD9,-0.057547
CARF,-0.044298
CARHSP1,-0.16149
CARKD,-0.0071637
CARM1,0.29471
CARNS1,-0.10201
CARS,0.042792
CARTPT,0.065683
CASC1,-0.0035403
CASC10,0.042548
CASC3,-0.050195
CASC4,0.049041
CASC5,0.059802
CASD1,-0.029572
CASK,0.025294
CASKIN1,0.064885
CASKIN2,-0.059567
CASP1,0.036528
CASP10,0.097487
CASP14,-0.11673
CASP2,0.048501
CASP3,0.09571
CASP4,-0.18891
CASP5,-0.086026
CASP6,0.079068
CASP7,0.10885
CASP8,0.20757
CASP9,0.10995
CASQ1,0.078928
CASQ2,-0.093734
CASR,-0.060518
CASS4,0.03042
CAST,0.049645
CASZ1,-0.028167
CAT,-0.01538
CATIP,-0.025506
CATSPER1,-0.036621
CATSPER2,0.034902
CATSPER3,-0.019502
CATSPER4,0.10001
CATSPERB,0.22773
CATSPERD,0.16131
CATSPERG,0.10591
CAV1,0.072452
CAV2,-0.020469
CAV3,-0.12356
CBFA2T2,-0.048864
CBFA2T3,-0.091119
CBFB,-0.22017
CBL,0.1814
CBLB,-1.1897
CBLC,0.039861
CBLL1,-0.12667
CBLN1,-0.019242
CBLN2,-0.00055958
CBLN3,-0.14072
CBLN4,0.05293
CBR1,-0.080788
CBR3,-0.14036
CBR4,-0.054143
CBS,-0.073781
CBWD1,0.076945
CBWD2,-0.16267
CBWD3,0.061802
CBWD5,-0.0083864
CBWD6,-0.0085111
CBX1,-0.019519
CBX2,0.027205
CBX3,-0.074041
CBX4,0.078868
CBX5,0.05009
CBX6,-0.087423
CBX7,-0.10748
CBX8,0.060531
CBY1,-0.014401
CBY3,0.093028
CC2D1A,-0.1242
CC2D1B,-0.066994
CC2D2A,0.01116
CC2D2B,-0.12688
CCAR1,0.38494
CCAR2,0.043196
CCBE1,-0.12164
CCBL1,0.10968
CCBL2,-0.02024
CCDC101,2.1477e-05
CCDC102A,0.011087
CCDC102B,0.15674
CCDC103,0.10592
CCDC105,-0.037144
CCDC106,-0.00074953
CCDC107,-0.053183
CCDC108,0.027822
CCDC109B,0.095936
CCDC110,0.0047117
CCDC112,0.001234
CCDC113,-0.022651
CCDC114,-0.11254
CCDC115,0.14532
CCDC116,-0.083716
CCDC117,-0.066972
CCDC12,0.12948
CCDC120,-0.04113
CCDC121,-0.091717
CCDC122,0.054497
CCDC124,-0.027708
CCDC125,0.14286
CCDC126,0.086889
CCDC127,-0.026202
CCDC129,-0.10508
CCDC13,-0.084953
CCDC130,-0.082641
CCDC132,0.0076281
CCDC134,-0.079519
CCDC136,-0.082268
CCDC137,0.10458
CCDC138,0.0091498
CCDC14,0.055429
CCDC140,-0.10165
CCDC141,0.2736
CCDC142,0.10513
CCDC144A,0.04022
CCDC144NL,0.12998
CCDC146,-0.044297
CCDC148,-0.085033
CCDC149,-0.059818
CCDC15,0.012651
CCDC150,0.02505
CCDC151,0.029868
CCDC152,-0.090306
CCDC153,0.022186
CCDC154,0.037479
CCDC155,0.040972
CCDC157,-0.0052573
CCDC158,-0.049541
CCDC159,-0.057022
CCDC160,-0.0062953
CCDC166,0.10154
CCDC167,-0.15425
CCDC168,0.027489
CCDC169,-0.044275
CCDC169-SOHLH2,0.083423
CCDC17,0.13763
CCDC170,0.059443
CCDC171,-0.0039278
CCDC172,-0.12197
CCDC173,0.12549
CCDC174,0.13027
CCDC175,-0.018286
CCDC176,-0.087036
CCDC177,-0.13856
CCDC178,0.041648
CCDC179,-0.064786
CCDC18,0.12814
CCDC180,-0.029834
CCDC181,-0.12074
CCDC182,0.0022095
CCDC183,-0.022338
CCDC184,-0.13453
CCDC185,-0.10357
CCDC186,0.018447
CCDC22,0.21321
CCDC23,0.1368
CCDC24,0.025303
CCDC25,0.093088
CCDC27,0.064334
CCDC28A,-0.017988
CCDC28B,0.02852
CCDC3,0.11575
CCDC30,-0.0078451
CCDC33,-0.0095248
CCDC34,-0.17266
CCDC36,-0.12298
CCDC37,0.04756
CCDC38,-0.0089298
CCDC39,0.012746
CCDC40,-0.016056
CCDC42,-0.1586
CCDC42B,-0.077722
CCDC43,-0.030186
CCDC47,0.14151
CCDC50,-0.0034384
CCDC51,-0.09452
CCDC53,0.11213
CCDC54,-0.075541
CCDC57,0.063868
CCDC58,-0.013574
CCDC59,0.2146
CCDC6,0.16749
CCDC60,-0.042284
CCDC61,-0.0015134
CCDC62,0.034691
CCDC63,0.030604
CCDC64,0.009702
CCDC64B,0.013837
CCDC65,0.15649
CCDC66,0.021157
CCDC67,-0.038806
CCDC68,-0.056583
CCDC69,0.073903
CCDC7,-0.0088732
CCDC70,0.018213
CCDC71,-0.10351
CCDC71L,0.13612
CCDC73,0.053255
CCDC74A,0.14006
CCDC74B,-0.0064533
CCDC77,-0.1318
CCDC78,-0.070252
CCDC79,-0.12032
CCDC8,-0.010077
CCDC80,-0.015562
CCDC81,0.10696
CCDC82,0.071802
CCDC83,-0.061369
CCDC84,0.23855
CCDC85A,0.10689
CCDC85B,0.073447
CCDC85C,-0.11027
CCDC86,0.27051
CCDC87,-0.11078
CCDC88A,-0.02943
CCDC88B,0.2224
CCDC88C,-0.10511
CCDC89,-0.078063
CCDC9,-0.17011
CCDC90B,-0.086477
CCDC91,-0.063329
CCDC92,-0.046921
CCDC93,0.045032
CCDC94,0.040647
CCDC96,-0.15724
CCDC97,-0.00055527
CCER1,0.23313
CCER2,0.055051
CCHCR1,0.23045
CCIN,-0.028528
CCK,0.00042374
CCKAR,0.055108
CCKBR,-0.18875
CCL1,-0.031181
CCL11,-0.091102
CCL13,0.039367
CCL14,-0.074037
CCL15,-0.025342
CCL16,-0.090019
CCL17,-0.12961
CCL18,0.058455
CCL19,-0.13603
CCL2,-0.0063857
CCL20,-0.018938
CCL21,-0.086828
CCL22,-0.067826
CCL23,-0.13237
CCL24,-0.041937
CCL25,-0.0035132
CCL26,0.0073565
CCL27,-0.046946
CCL28,-0.032736
CCL3,0.035075
CCL3L3,-0.15273
CCL4,0.065263
CCL4L2,0.12901
CCL5,0.068602
CCL7,0.12826
CCL8,0.026489
CCM2,-0.056588
CCM2L,-0.13586
CCNA1,-0.039549
CCNA2,0.034879
CCNB1,0.25375
CCNB1IP1,-0.047359
CCNB2,-0.15963
CCNB3,-0.0071909
CCNC,-0.17836
CCND1,-0.25325
CCND2,0.62086
CCND3,0.45112
CCNDBP1,-0.049863
CCNE1,0.13706
CCNE2,-0.02613
CCNF,0.089932
CCNG1,-0.046574
CCNG2,0.0012609
CCNH,0.63594
CCNI,0.064204
CCNI2,-0.19289
CCNJ,0.075363
CCNJL,0.015958
CCNK,-0.025955
CCNL1,0.075142
CCNL2,-0.06706
CCNO,0.054407
CCNT1,0.17886
CCNT2,0.070118
CCNY,-0.058314
CCNYL1,-0.23359
CCP110,-0.014143
CCPG1,-0.038813
CCR1,-0.040391
CCR10,-0.0051228
CCR2,-0.021169
CCR3,-0.064857
CCR4,-0.21979
CCR5,-0.075633
CCR6,0.090225
CCR7,0.013285
CCR8,0.10333
CCR9,-0.031629
CCRL2,0.031723
CCRN4L,-0.058902
CCS,0.050642
CCSAP,-0.052452
CCSER1,-0.1403
CCSER2,-0.01515
CCT2,0.17109
CCT3,0.14019
CCT4,0.22407
CCT5,0.14174
CCT6A,0.20503
CCT6B,-0.010355
CCT7,0.62681
CCT8,0.038082
CCT8L2,0.049399
CCZ1,0.038156
CCZ1B,0.17199
CD101,-0.10254
CD109,0.1229
CD14,-0.055497
CD151,0.015368
CD160,0.020692
CD163,0.055765
CD163L1,0.14948
CD164,0.028752
CD164L2,0.059923
CD177,0.069099
CD180,-0.06659
CD19,0.042919
CD1A,0.02218
CD1B,-0.11487
CD1C,-0.073796
CD1D,-0.17065
CD1E,-0.24999
CD2,0.11663
CD200,0.032893
CD200R1,-0.047596
CD200R1L,-0.20805
CD207,0.09159
CD209,0.16999
CD22,0.11834
CD226,0.0090196
CD24,-0.093331
CD244,0.054442
CD247,1.1377
CD248,0.067139
CD27,0.31479
CD274,0.039751
CD276,0.026689
CD28,0.37608
CD2AP,0.14038
CD2BP2,0.11084
CD300A,0.023547
CD300C,-0.046533
CD300E,-0.017713
CD300LB,-0.091115
CD300LD,0.1698
CD300LF,-0.020974
CD300LG,0.070038
CD302,0.02818
CD320,0.0051471
CD33,-0.0067119
CD34,-0.071224
CD36,0.19169
CD37,-0.12065
CD38,-0.008417
CD3D,0.90248
CD3E,0.44884
CD3EAP,0.49499
CD3G,0.054736
CD4,-0.03736
CD40,-0.11717
CD40LG,0.029072
CD44,-0.16511
CD46,0.047479
CD47,-0.01914
CD48,-0.017748
CD5,-0.43611
CD52,-0.23769
CD53,0.051323
CD55,0.0020856
CD58,-0.018033
CD59,0.021578
CD5L,-0.10171
CD6,0.13514
CD63,0.01469
CD68,0.13622
CD69,-0.043393
CD7,-0.14602
CD70,-0.056725
CD72,-0.022148
CD74,-0.028461
CD79A,0.0014091
CD79B,-0.054806
CD80,-0.086104
CD81,0.13321
CD82,0.055183
CD83,-0.055647
CD84,0.10495
CD86,-0.11315
CD8A,-0.58314
CD8B,-0.20425
CD9,-0.040981
CD93,-0.077285
CD96,0.06291
CD99,-0.036561
CD99L2,0.016517
CDA,-0.10467
CDADC1,0.14504
CDAN1,-0.18605
CDC123,0.15356
CDC14A,-0.16869
CDC14B,0.050429
CDC16,0.11882
CDC20,0.13862
CDC20B,-0.15214
CDC23,0.23821
CDC25A,-0.069933
CDC25B,0.0024152
CDC25C,0.061934
CDC26,0.098093
CDC27,-0.099607
CDC34,-0.028031
CDC37,0.41965
CDC37L1,0.022661
CDC40,0.019541
CDC42,0.0041063
CDC42BPA,-0.071582
CDC42BPB,-0.068626
CDC42BPG,-0.022495
CDC42EP1,-0.11542
CDC42EP2,-0.012218
CDC42EP3,0.17372
CDC42EP4,-0.095764
CDC42EP5,-0.028883
CDC42SE1,-0.11878
CDC42SE2,0.025363
CDC45,0.049605
CDC5L,0.093601
CDC6,-0.12823
CDC7,-0.0069511
CDC73,-0.042023
CDCA3,0.094212
CDCA4,-0.041385
CDCA5,0.12087
CDCA7,-0.05477
CDCA7L,0.083724
CDCA8,-0.02417
CDCP1,-0.071614
CDCP2,-0.018311
CDH1,0.020139
CDH10,-0.2814
CDH11,0.00094099
CDH12,0.08535
CDH13,-0.0066435
CDH15,-0.024973
CDH16,-0.053187
CDH17,-0.042827
CDH18,0.09458
CDH19,-0.0086258
CDH2,-0.022018
CDH20,-0.023758
CDH22,-0.030967
CDH23,-0.11249
CDH24,-0.050281
CDH26,0.12954
CDH3,-0.026156
CDH4,-0.13732
CDH5,-0.05396
CDH6,0.01694
CDH7,-0.037368
CDH8,0.0029193
CDH9,-0.027755
CDHR1,0.053249
CDHR2,-0.024891
CDHR3,0.12167
CDHR4,-0.13191
CDHR5,0.074242
CDIP1,0.073223
CDIPT,0.56846
CDK1,0.13434
CDK10,-0.20846
CDK11A,-0.00013977
CDK11B,0.03427
CDK12,-0.23316
CDK13,0.15382
CDK14,-0.052145
CDK15,-0.030727
CDK16,-0.14222
CDK17,-0.024031
CDK18,0.0086893
CDK19,0.015459
CDK2,-0.084418
CDK20,-0.19884
CDK2AP1,-0.10924
CDK2AP2,-0.058227
CDK3,-0.14715
CDK4,0.19698
CDK5,-0.0053121
CDK5R1,-0.26643
CDK5R2,-0.02357
CDK5RAP1,0.014485
CDK5RAP2,-0.073533
CDK5RAP3,-0.041117
CDK6,1.0857
CDK7,0.018815
CDK9,0.18947
CDKAL1,-0.038107
CDKL1,0.042175
CDKL2,-0.061668
CDKL3,0.016006
CDKL4,0.014907
CDKL5,0.052836
CDKN1A,-0.032333
CDKN1B,-0.83676
CDKN1C,-0.078926
CDKN2A,-0.087785
CDKN2AIP,-0.17369
CDKN2AIPNL,-0.050984
CDKN2B,0.10831
CDKN2C,-0.025197
CDKN2D,0.031275
CDKN3,0.10694
CDNF,0.19736
CDO1,-0.17739
CDON,0.086153
CDPF1,0.071201
CDR1,-0.031722
CDR2,0.10946
CDR2L,0.40166
CDRT1,-0.032157
CDRT15,0.040539
CDRT15L2,0.044191
CDRT4,-0.033512
CDS1,-0.0039408
CDS2,0.053313
CDSN,-0.044586
CDT1,0.24209
CDV3,0.036249
CDX1,0.034653
CDX2,-0.042075
CDX4,-0.04155
CDY1,0.074805
CDY1B,-0.044763
CDY2A,0.022194
CDY2B,0.046895
CDYL,-0.0044088
CDYL2,0.034253
CEACAM1,0.15304
CEACAM16,-0.01084
CEACAM18,-0.052095
CEACAM19,-0.044713
CEACAM20,0.079808
CEACAM21,0.017193
CEACAM3,-0.071565
CEACAM4,-0.10614
CEACAM5,0.006984
CEACAM6,-0.017189
CEACAM7,0.0039891
CEACAM8,-0.052723
CEBPA,-0.04295
CEBPB,0.011046
CEBPD,-0.055607
CEBPE,-0.090989
CEBPG,-0.084678
CEBPZ,0.38219
CECR1,0.033293
CECR2,-0.022817
CECR5,-0.026715
CECR6,-0.17153
CEL,-0.048221
CELA1,-0.09537
CELA2A,-0.089832
CELA2B,0.020643
CELA3A,0.11475
CELA3B,0.0017381
CELF1,-0.075474
CELF2,0.024347
CELF3,0.020962
CELF4,0.10569
CELF5,0.27342
CELF6,-0.047072
CELSR1,-0.012852
CELSR2,0.0012013
CELSR3,0.28781
CEMIP,0.056708
CEMP1,-0.090257
CEND1,0.024789
CENPA,0.21636
CENPB,0.016759
CENPBD1,0.11821
CENPC,0.13718
CENPE,-0.024359
CENPF,-0.16081
CENPH,-0.027726
CENPI,-0.051347
CENPJ,0.079012
CENPK,0.3112
CENPL,0.0079063
CENPM,0.3747
CENPN,-0.0080943
CENPO,-0.03366
CENPP,-0.051574
CENPQ,-0.064674
CENPT,0.10487
CENPU,0.19883
CENPV,-0.052049
CENPW,0.17551
CEP104,0.096499
CEP112,0.092715
CEP120,-0.035603
CEP126,-0.061167
CEP128,-0.052983
CEP131,0.066601
CEP135,-0.00017495
CEP152,-0.11735
CEP162,-0.12595
CEP164,-0.01691
CEP170,-0.055862
CEP170B,0.16392
CEP19,0.28699
CEP192,0.10653
CEP250,0.014356
CEP290,0.042832
CEP295,0.030794
CEP295NL,0.1125
CEP350,-0.084502
CEP41,0.036098
CEP44,0.0089959
CEP55,-0.015102
CEP57,-0.040577
CEP57L1,0.14515
CEP63,-0.16058
CEP68,-0.024114
CEP70,-0.12311
CEP72,-0.042157
CEP76,-0.034745
CEP78,0.046055
CEP83,0.063239
CEP85,0.17874
CEP85L,-0.036159
CEP89,0.21272
CEP95,-0.014463
CEP97,-0.01995
CEPT1,0.12452
CER1,0.058889
CERCAM,0.028166
CERK,-0.039096
CERKL,-0.036592
CERS1,0.1404
CERS2,-0.046711
CERS3,-0.12978
CERS4,0.15675
CERS5,0.01411
CERS6,-0.22791
CES1,-0.14947
CES2,-0.012812
CES3,-0.033464
CES4A,0.025902
CES5A,-0.13187
CETN1,0.074698
CETN2,0.016526
CETN3,0.093824
CETP,0.064894
CFAP126,0.043579
CFAP20,-0.06628
CFAP221,0.044145
CFAP36,0.030237
CFAP43,-0.085806
CFAP44,-0.040137
CFAP45,-0.039338
CFAP46,0.053985
CFAP47,-0.037317
CFAP52,-0.15245
CFAP53,0.036062
CFAP57,-0.052553
CFAP58,-0.11018
CFAP61,-0.11714
CFAP69,-0.014907
CFAP70,-0.084721
CFAP74,0.06225
CFAP97,-0.15082
CFAP99,-0.16384
CFB,0.072096
CFC1,0.10848
CFC1B,-0.027833
CFD,-0.11422
CFDP1,-0.08135
CFH,0.011007
CFHR1,0.14375
CFHR2,0.082897
CFHR3,0.016079
CFHR4,-0.10637
CFHR5,-0.0062583
CFI,0.015306
CFL1,-0.14116
CFL2,-0.068666
CFLAR,-0.28357
CFP,-0.027004
CFTR,-0.0028515
CGA,0.015716
CGB,0.18658
CGB1,-0.069888
CGB2,0.14901
CGB5,0.24012
CGB7,0.065164
CGB8,0.14407
CGGBP1,0.050934
CGN,-0.034243
CGNL1,-0.11149
CGREF1,-0.043946
CGRRF1,0.11334
CH17-360D5.1,-0.09539
CH25H,0.12448
CHAC1,-0.068581
CHAC2,-0.10779
CHAD,-0.15603
CHADL,-0.024771
CHAF1A,-0.023725
CHAF1B,-0.0069871
CHAMP1,-0.06696
CHAT,0.081826
CHCHD1,-0.099942
CHCHD10,-0.1356
CHCHD2,0.042131
CHCHD3,0.050135
CHCHD4,0.10964
CHCHD5,-0.085865
CHCHD6,-0.066006
CHCHD7,-0.052411
CHD1,-0.03222
CHD1L,0.086072
CHD2,0.030361
CHD3,-0.15643
CHD4,0.0018388
CHD5,-0.25781
CHD6,-0.11465
CHD7,0.095631
CHD8,0.24162
CHD9,0.049906
CHDH,-0.033308
CHEK1,0.23706
CHEK2,0.0417
CHERP,-0.0030308
CHFR,-0.092311
CHGA,-0.17202
CHGB,-0.091489
CHI3L1,-0.11006
CHI3L2,0.073937
CHIA,-0.02648
CHIC1,-0.026556
CHIC2,-0.19385
CHID1,-0.050383
CHIT1,0.056776
CHKA,-0.039713
CHKB,0.0036415
CHL1,-0.06346
CHM,-0.036183
CHML,-0.0056092
CHMP1A,0.052351
CHMP1B,-0.02745
CHMP2A,-0.30091
CHMP2B,-0.1276
CHMP3,-0.025979
CHMP4A,-0.05063
CHMP4B,-0.064101
CHMP4C,-0.11891
CHMP5,0.1408
CHMP6,-0.0067759
CHMP7,0.051731
CHN1,-0.041294
CHN2,0.1218
CHODL,-0.040552
CHORDC1,0.4893
CHP1,-0.035577
CHP2,-0.026027
CHPF,0.0073338
CHPF2,-0.039601
CHPT1,-0.054289
CHRAC1,0.099642
CHRD,0.025113
CHRDL1,-0.15024
CHRDL2,0.16174
CHRFAM7A,0.025788
CHRM1,-0.087853
CHRM2,-0.096792
CHRM3,-0.073404
CHRM4,-0.069793
CHRM5,-0.016891
CHRNA1,0.013761
CHRNA10,0.09226
CHRNA2,0.0061942
CHRNA3,-0.096743
CHRNA4,-0.018288
CHRNA5,-0.024639
CHRNA6,0.064611
CHRNA7,-0.091125
CHRNA9,0.023466
CHRNB1,0.040295
CHRNB2,-0.18967
CHRNB3,-0.063324
CHRNB4,-0.06247
CHRND,-0.015817
CHRNE,-0.065225
CHRNG,0.062264
CHST1,0.14173
CHST10,0.1195
CHST11,-0.024993
CHST12,0.02204
CHST13,-0.053664
CHST14,0.022979
CHST15,0.21291
CHST2,0.11069
CHST3,-0.032626
CHST4,-0.082652
CHST5,-0.10113
CHST6,-0.038961
CHST7,-0.048438
CHST8,0.020409
CHST9,0.058614
CHSY1,-0.01745
CHSY3,-0.11367
CHTF18,0.14269
CHTF8,-0.076746
CHTOP,-0.0089343
CHUK,0.13845
CHURC1,-0.035747
CHURC1-FNTB,0.39827
CIAO1,0.42479
CIAPIN1,-0.035446
CIART,-0.14736
CIB1,-0.19215
CIB2,0.1064
CIB3,-0.18103
CIB4,0.080949
CIC,0.011258
CIDEA,-0.089121
CIDEB,-0.11186
CIDEC,-0.12153
CIITA,-0.13733
CILP,0.017214
CILP2,-0.030604
CINP,0.17723
CIPC,-0.032036
CIR1,0.12429
CIRBP,0.029546
CIRH1A,0.11469
CISD1,-0.09938
CISD2,-0.080781
CISD3,-0.061826
CISH,-0.013038
CIT,-0.05676
CITED1,-0.093985
CITED2,-0.041019
CITED4,-0.063382
CIZ1,0.020322
CKAP2,0.057952
CKAP2L,0.035752
CKAP4,-0.025481
CKAP5,0.13174
CKB,-0.034761
CKLF,-0.076605
CKLF-CMTM1,0.069471
CKM,-0.073972
CKMT1A,-0.087831
CKMT1B,0.018152
CKMT2,0.13883
CKS1B,-0.049134
CKS2,-0.13051
CLASP1,0.00050343
CLASP2,-0.16341
CLASRP,0.24861
CLC,0.046931
CLCA1,-0.14581
CLCA2,0.012208
CLCA4,0.26083
CLCC1,-0.087321
CLCF1,-0.07711
CLCN1,-0.10865
CLCN2,-0.040008
CLCN3,0.10597
CLCN4,-0.15584
CLCN5,-0.14547
CLCN6,-0.030091
CLCN7,-0.011509
CLCNKA,0.054113
CLCNKB,-0.020849
CLDN1,-0.12214
CLDN10,0.10859
CLDN11,-0.14076
CLDN12,-0.039737
CLDN14,0.032755
CLDN15,-0.06963
CLDN16,0.028942
CLDN17,-0.016712
CLDN18,-0.030629
CLDN19,0.10091
CLDN2,-0.047296
CLDN20,0.045912
CLDN22,-0.1927
CLDN23,-0.061084
CLDN24,-0.10325
CLDN25,-0.15689
CLDN3,-0.11597
CLDN34,-0.011572
CLDN4,0.004178
CLDN5,0.028267
CLDN6,0.024535
CLDN7,-0.015537
CLDN8,0.02185
CLDN9,0.039827
CLDND1,-0.044155
CLDND2,-0.064198
CLEC10A,-0.041703
CLEC11A,-0.088001
CLEC12A,0.042255
CLEC12B,-0.24522
CLEC14A,0.068128
CLEC16A,-0.015957
CLEC17A,-0.080483
CLEC18A,0.15467
CLEC18B,-0.0035006
CLEC18C,0.14556
CLEC19A,-0.011913
CLEC1A,-0.19259
CLEC1B,-0.031818
CLEC2A,-0.056816
CLEC2B,0.010189
CLEC2D,-0.030369
CLEC2L,-0.081117
CLEC3A,-0.083399
CLEC3B,-0.071275
CLEC4A,-0.16907
CLEC4C,-0.045702
CLEC4D,-0.12152
CLEC4E,-0.018938
CLEC4F,0.1432
CLEC4G,0.007107
CLEC4M,0.12497
CLEC5A,-0.14496
CLEC6A,-0.23736
CLEC7A,-0.064581
CLEC9A,-0.16767
CLECL1,0.096976
CLGN,-0.11946
CLHC1,0.016918
CLIC1,-0.064203
CLIC2,0.091063
CLIC3,0.14972
CLIC4,0.056498
CLIC5,0.040584
CLIC6,-0.097022
CLINT1,0.072992
CLIP1,0.00030834
CLIP2,-0.20486
CLIP3,-0.034881
CLIP4,-0.045462
CLK1,0.036671
CLK2,-0.082252
CLK3,-0.0011532
CLK4,-0.013141
CLLU1,0.035685
CLLU1OS,0.01494
CLMN,0.057417
CLMP,-0.23576
CLN3,0.03012
CLN5,-0.058253
CLN6,0.067419
CLN8,-0.095636
CLNK,-0.095899
CLNS1A,0.29407
CLOCK,-0.058463
CLP1,0.1907
CLPB,-0.041858
CLPP,-0.075667
CLPS,0.094145
CLPSL1,-0.11451
CLPSL2,-0.18312
CLPTM1,0.015559
CLPTM1L,0.085035
CLPX,-0.026311
CLRN1,0.0048707
CLRN2,0.15696
CLRN3,0.013696
CLSPN,0.031393
CLSTN1,-0.043774
CLSTN2,0.011117
CLSTN3,-0.041559
CLTA,0.027162
CLTB,0.0012424
CLTC,0.082563
CLTCL1,-0.12862
CLU,0.062743
CLUAP1,0.025741
CLUH,-0.018457
CLUL1,0.01976
CLVS1,0.0083426
CLVS2,0.16277
CLYBL,0.2485
CMA1,-0.069104
CMAS,0.079582
CMBL,0.077845
CMC1,-0.077391
CMC2,0.038884
CMC4,-0.063628
CMIP,0.26565
CMKLR1,-0.041082
CMPK1,0.46524
CMPK2,-0.041129
CMSS1,0.046139
CMTM1,-0.12062
CMTM2,-0.012013
CMTM3,0.14802
CMTM4,-0.038037
CMTM5,0.05921
CMTM6,0.067636
CMTM7,0.15631
CMTM8,-0.15567
CMTR1,0.17485
CMTR2,0.04507
CMYA5,0.049128
CNBD1,0.13483
CNBD2,0.097063
CNBP,0.095314
CNDP1,-0.066552
CNDP2,0.088422
CNEP1R1,-0.12515
CNFN,0.037751
CNGA1,-0.061761
CNGA2,0.047606
CNGA3,0.10539
CNGA4,0.033218
CNGB1,0.067252
CNGB3,-0.015589
CNIH1,0.18734
CNIH2,-0.014948
CNIH3,-0.0042644
CNIH4,-0.035856
CNKSR1,0.097492
CNKSR2,0.12346
CNKSR3,0.022992
CNN1,-0.026007
CNN2,0.061612
CNN3,0.061283
CNNM1,-0.04752
CNNM2,-0.13277
CNNM3,-0.09806
CNNM4,-0.026573
CNOT1,-0.063337
CNOT10,0.12048
CNOT11,0.16828
CNOT2,-0.13221
CNOT3,-0.01242
CNOT4,0.18094
CNOT6,-0.0033639
CNOT6L,-0.053304
CNOT7,-0.11142
CNOT8,-0.071707
CNP,-0.10997
CNPPD1,0.2168
CNPY1,-0.010289
CNPY2,-0.056986
CNPY3,0.073102
CNPY4,0.15049
CNR1,0.013327
CNR2,-0.069679
CNRIP1,-0.024811
CNST,0.091855
CNTD1,0.018653
CNTD2,0.079132
CNTF,-0.15935
CNTFR,0.021402
CNTLN,-0.02905
CNTN1,-0.050504
CNTN2,0.17728
CNTN3,-0.015209
CNTN4,0.068988
CNTN5,0.013277
CNTN6,-0.16928
CNTNAP1,-0.19802
CNTNAP2,-0.0814
CNTNAP3,-0.15869
CNTNAP3B,0.11581
CNTNAP4,-0.024608
CNTNAP5,-0.018734
CNTRL,-0.0042141
CNTROB,-0.090979
COA1,0.099563
COA3,-0.032337
COA4,0.046252
COA5,0.086184
COA6,0.0065654
COA7,0.10098
COASY,0.23406
COBL,-0.091414
COBLL1,0.027645
COCH,-0.07972
COG1,0.08982
COG2,-0.050467
COG3,0.34443
COG4,0.23819
COG5,0.088364
COG6,0.091539
COG7,0.10197
COG8,0.35045
COIL,-0.19573
COL10A1,-0.11956
COL11A1,0.024258
COL11A2,0.041027
COL12A1,-0.15382
COL13A1,0.046976
COL14A1,0.15944
COL15A1,-0.16856
COL16A1,-0.21978
COL17A1,-0.095344
COL18A1,0.0020774
COL19A1,-0.072172
COL1A1,-0.19565
COL1A2,-0.093057
COL20A1,0.095128
COL21A1,-0.035923
COL22A1,-0.0469
COL23A1,-0.10717
COL24A1,0.043757
COL25A1,-0.088871
COL26A1,0.14587
COL27A1,0.034458
COL28A1,0.047868
COL2A1,-0.14668
COL3A1,0.096816
COL4A1,-0.067528
COL4A2,-0.10118
COL4A3,-0.077902
COL4A3BP,0.28096
COL4A4,-0.077558
COL4A5,-0.054391
COL4A6,-0.16478
COL5A1,-0.073999
COL5A2,0.0028268
COL5A3,0.049095
COL6A1,0.057735
COL6A2,-0.048746
COL6A3,-0.061768
COL6A5,-0.032966
COL6A6,-0.0026952
COL7A1,-0.049425
COL8A1,-0.080955
COL8A2,-0.16413
COL9A1,-0.037066
COL9A2,-0.14652
COL9A3,0.062327
COLCA1,0.0073944
COLCA2,-0.077026
COLEC10,-0.089198
COLEC11,-0.058967
COLEC12,0.06257
COLGALT1,-0.12848
COLGALT2,-0.084256
COLQ,0.070114
COMMD1,-0.036769
COMMD10,0.07029
COMMD2,0.12657
COMMD3,0.14816
COMMD3-BMI1,0.056914
COMMD4,-0.029667
COMMD5,0.022046
COMMD6,0.14684
COMMD7,0.2653
COMMD8,0.053308
COMMD9,0.0036836
COMP,-0.032275
COMT,-0.063344
COMTD1,-0.053425
COPA,0.077688
COPB1,0.1167
COPB2,-0.06302
COPE,0.016615
COPG1,0.034528
COPG2,-0.17393
COPRS,0.20654
COPS2,-0.15395
COPS3,0.051655
COPS4,-0.074337
COPS5,-0.073388
COPS6,0.12989
COPS7A,0.051434
COPS7B,-0.039376
COPS8,-0.12878
COPZ1,-0.1012
COPZ2,-0.047051
COQ10A,0.14489
COQ10B,-0.041982
COQ2,0.072061
COQ3,-0.049313
COQ5,-0.080511
COQ6,-0.12556
COQ7,-0.081897
COQ9,0.13671
CORIN,-0.091586
CORO1A,-0.19275
CORO1B,0.017795
CORO1C,-0.026314
CORO2A,-0.064085
CORO2B,-0.074491
CORO6,0.012696
CORO7,-0.051509
CORO7-PAM16,0.0024666
CORT,-0.14095
COTL1,0.10465
COX10,-0.15051
COX11,-0.06131
COX14,-0.0035379
COX15,-0.013509
COX16,-0.055339
COX17,0.041789
COX18,0.010618
COX19,0.040234
COX20,0.020857
COX4I1,-0.24269
COX4I2,-0.022076
COX5A,-0.048684
COX5B,-0.14146
COX6A1,0.030304
COX6A2,0.072645
COX6B1,-0.13806
COX6B2,-0.029263
COX6C,0.019316
COX7A1,-0.10649
COX7A2,0.0094693
COX7A2L,0.05604
COX7B,-0.085922
COX7B2,-0.11019
COX7C,-0.0926
COX8A,0.12088
COX8C,-0.1192
CP,-0.042206
CPA1,-0.08691
CPA2,0.035321
CPA3,0.11484
CPA4,-0.022458
CPA5,-0.0025843
CPA6,-0.014828
CPAMD8,-0.048342
CPB1,0.041757
CPB2,0.006596
CPD,0.038133
CPE,0.042375
CPEB1,-0.092537
CPEB2,-0.047884
CPEB3,-0.18363
CPEB4,0.092855
CPED1,-0.0076201
CPLX1,-0.11751
CPLX2,-0.094719
CPLX3,0.028945
CPLX4,-0.021236
CPM,-0.11368
CPN1,0.17451
CPN2,-0.041604
CPNE1,0.062504
CPNE2,0.044012
CPNE3,0.0027943
CPNE4,-0.044156
CPNE5,-0.03202
CPNE6,0.095267
CPNE7,0.00075871
CPNE8,-0.012024
CPNE9,0.0024119
CPO,-0.019836
CPOX,-0.081868
CPPED1,0.036443
CPQ,0.12056
CPS1,-0.1069
CPSF1,0.31066
CPSF2,0.060741
CPSF3,0.095404
CPSF3L,0.39399
CPSF4,-0.13181
CPSF4L,0.022997
CPSF6,0.061207
CPSF7,0.2341
CPT1A,0.016508
CPT1B,0.32369
CPT1C,0.072145
CPT2,-0.0012641
CPTP,0.013145
CPVL,-0.11524
CPXCR1,-0.078226
CPXM1,0.070173
CPXM2,-0.20275
CPZ,-0.064492
CR1,0.057515
CR1L,-0.14728
CR2,-0.18489
CRABP1,-0.012963
CRABP2,-0.13979
CRACR2A,0.10668
CRACR2B,-0.030824
CRADD,0.11926
CRAMP1L,-0.11035
CRAT,-0.023204
CRB1,0.052264
CRB2,-0.02131
CRB3,-0.10606
CRBN,0.057434
CRCP,0.30715
CRCT1,0.0089506
CREB1,0.20725
CREB3,0.028711
CREB3L1,-0.1486
CREB3L2,-0.058875
CREB3L3,-0.0039221
CREB3L4,0.037633
CREB5,-0.030901
CREBBP,0.35302
CREBL2,-0.05757
CREBRF,0.12349
CREBZF,-0.086597
CREG1,-0.13814
CREG2,-0.2445
CRELD1,0.20788
CRELD2,-0.087053
CREM,0.22862
CRH,0.15831
CRHBP,-0.11518
CRHR1,0.072331
CRHR2,0.0067346
CRIM1,-0.16995
CRIP1,0.020965
CRIP2,0.036271
CRIP3,-0.097302
CRIPAK,0.0043934
CRIPT,-0.16791
CRISP1,-0.12563
CRISP2,-0.083634
CRISP3,-0.083285
CRISPLD1,-0.073927
CRISPLD2,-0.10958
CRK,0.080862
CRKL,-0.1064
CRLF1,-0.08854
CRLF2,0.057985
CRLF3,-0.071499
CRLS1,-0.074774
CRMP1,-0.16043
CRNKL1,0.040161
CRNN,0.049822
CROCC,0.047985
CROT,0.033476
CRP,-0.0075584
CRTAC1,0.1686
CRTAM,0.0058731
CRTAP,0.023407
CRTC1,-0.049165
CRTC2,0.1548
CRTC3,-0.040863
CRX,0.094704
CRY1,0.032858
CRY2,-0.019731
CRYAA,0.12945
CRYAB,0.082187
CRYBA1,-0.0094063
CRYBA2,0.077893
CRYBA4,0.064281
CRYBB1,0.082188
CRYBB2,-0.11248
CRYBB3,0.038352
CRYBG3,-0.13349
CRYGA,-0.00895
CRYGB,-0.16989
CRYGC,-0.010561
CRYGD,0.17624
CRYGN,-0.057768
CRYGS,-0.064062
CRYL1,0.059224
CRYM,0.18592
CRYZ,-0.045513
CRYZL1,0.075933
CS,-0.025939
CSAD,-0.040152
CSAG1,-0.082493
CSAG3,-0.046982
CSDC2,-0.11044
CSDE1,-0.026026
CSE1L,0.089025
CSF1,0.0060581
CSF1R,0.046135
CSF2,-0.036775
CSF2RA,0.098601
CSF2RB,-0.0027188
CSF3,-0.0097179
CSF3R,-0.16577
CSGALNACT1,-0.0147
CSGALNACT2,0.01169
CSH1,-0.00071481
CSH2,-0.03193
CSHL1,0.1497
CSK,0.30299
CSMD1,-0.20087
CSMD2,-0.0016158
CSMD3,-0.032476
CSN1S1,0.055864
CSN2,0.075904
CSN3,-0.0048229
CSNK1A1,0.097112
CSNK1A1L,0.077303
CSNK1D,-0.13389
CSNK1E,-0.060069
CSNK1G1,0.061573
CSNK1G2,-0.054574
CSNK1G3,0.025193
CSNK2A1,-0.068456
CSNK2A2,0.037721
CSNK2A3,-0.073733
CSNK2B,0.14976
CSPG4,0.023534
CSPG5,0.018199
CSPP1,-0.047984
CSRNP1,0.05342
CSRNP2,0.075182
CSRNP3,0.032257
CSRP1,0.013701
CSRP2,-0.090745
CSRP2BP,0.084637
CSRP3,-0.038595
CST1,-0.029736
CST11,-0.10762
CST2,-0.11479
CST3,0.021798
CST4,0.15414
CST5,-0.089729
CST6,-0.062088
CST7,0.079171
CST8,-0.20862
CST9,-0.073196
CST9L,0.0025049
CSTA,0.0079526
CSTB,-0.17953
CSTF1,-0.12392
CSTF2,-0.020138
CSTF2T,-0.072157
CSTF3,0.10163
CSTL1,-0.028961
CT45A1,-0.014378
CT45A10,0.02844
CT45A2,0.056911
CT45A3,0.017661
CT45A5,0.018254
CT45A6,0.0042996
CT45A7,-0.0091834
CT45A9,0.083905
CT47A1,0.059365
CT47A10,0.042514
CT47A11,-0.1457
CT47A12,-0.0082081
CT47A2,0.068037
CT47A3,0.04098
CT47A4,-0.18583
CT47A5,-0.090292
CT47A6,-0.0028266
CT47A7,0.13168
CT47A8,0.088548
CT47A9,-0.12075
CT47B1,-0.044098
CT55,-0.11294
CT62,-0.12208
CT83,-0.044995
CTAG1A,0.077886
CTAG1B,-0.14806
CTAG2,-0.060958
CTAGE1,0.0042589
CTAGE15,0.18675
CTAGE4,-0.0023437
CTAGE5,-0.028709
CTAGE6,0.021315
CTAGE8,-0.089054
CTAGE9,0.23186
CTBP1,-0.13188
CTBP2,0.072876
CTBS,0.1087
CTC1,0.0079272
CTCF,0.069651
CTCFL,0.0015836
CTDNEP1,0.15094
CTDP1,0.29369
CTDSP1,-0.21687
CTDSP2,0.041508
CTDSPL,-0.024508
CTDSPL2,0.10656
CTF1,-0.026335
CTGF,0.039018
CTH,0.016907
CTHRC1,-0.046038
CTIF,0.085033
CTLA4,-0.077504
CTNNA1,-0.0037667
CTNNA2,0.063131
CTNNA3,0.078086
CTNNAL1,-0.092809
CTNNB1,-0.1297
CTNNBIP1,-0.051978
CTNNBL1,0.24489
CTNND1,0.039491
CTNND2,-0.11701
CTNS,0.037407
CTPS1,0.30625
CTPS2,-0.20662
CTR9,0.070337
CTRB1,0.0059691
CTRB2,-0.07818
CTRC,0.078058
CTRL,0.072172
CTSA,-0.021916
CTSB,-0.0063919
CTSC,0.085452
CTSD,-0.027595
CTSE,0.060615
CTSF,0.082695
CTSG,0.088975
CTSH,0.15483
CTSK,0.0076523
CTSL,-0.041887
CTSO,-0.10377
CTSS,0.081501
CTSV,0.056053
CTSW,0.22585
CTSZ,-0.040637
CTTN,-0.018182
CTTNBP2,-0.15072
CTTNBP2NL,-0.041327
CTU1,0.37787
CTU2,0.2146
CTXN1,-0.042372
CTXN2,0.029928
CTXN3,0.00056702
CUBN,-0.063104
CUEDC1,0.016256
CUEDC2,0.049752
CUL1,0.18226
CUL2,-0.15927
CUL3,-0.20971
CUL4A,-0.11986
CUL4B,0.018971
CUL5,-0.27535
CUL7,0.083213
CUL9,0.097671
CUTA,0.19212
CUTC,-0.13095
CUX1,-0.013493
CUX2,-0.069499
CUZD1,-0.10341
CWC15,0.16541
CWC22,0.13594
CWC25,-0.13104
CWC27,-0.17181
CWF19L1,0.14263
CWF19L2,0.29008
CWH43,0.047516
CX3CL1,0.028023
CX3CR1,-0.08465
CXADR,-0.18168
CXCL1,0.24298
CXCL10,0.0068811
CXCL11,-0.044081
CXCL12,-0.12575
CXCL13,0.01088
CXCL14,-0.080799
CXCL16,-0.01536
CXCL17,0.096823
CXCL2,-0.032883
CXCL3,0.021373
CXCL5,0.091829
CXCL6,-0.01917
CXCL8,-0.18903
CXCL9,0.11872
CXCR1,-0.04468
CXCR2,0.0027154
CXCR3,0.13409
CXCR4,0.07313
CXCR5,0.051038
CXCR6,-0.0022225
CXXC1,-0.088445
CXXC4,-0.15231
CXXC5,-0.014397
CXorf21,0.23087
CXorf23,-0.048197
CXorf36,0.047966
CXorf38,-0.11188
CXorf40A,0.037988
CXorf40B,-0.11878
CXorf49,0.070336
CXorf49B,0.094338
CXorf51A,-0.039488
CXorf51B,-0.13965
CXorf56,-2.5296e-05
CXorf57,-0.025669
CXorf58,0.024358
CXorf65,0.04749
CXorf66,-0.11339
CXorf67,-0.0079491
CYB561,-0.020914
CYB561A3,0.018672
CYB561D1,-0.013657
CYB561D2,0.0038296
CYB5A,-0.0057458
CYB5B,0.13404
CYB5D1,-0.10787
CYB5D2,-0.14088
CYB5R1,-0.029985
CYB5R2,0.059361
CYB5R3,-0.043542
CYB5R4,-0.10754
CYB5RL,-0.12473
CYBA,0.031369
CYBB,-0.077755
CYBRD1,-0.042497
CYC1,-0.25345
CYCS,-0.033221
CYFIP1,0.030866
CYFIP2,-0.052369
CYGB,-0.21731
CYHR1,-0.11452
CYLC1,-0.083357
CYLC2,-0.025767
CYLD,-0.075917
CYP11A1,0.086602
CYP11B1,0.0050126
CYP11B2,-0.19284
CYP17A1,0.084633
CYP19A1,0.029361
CYP1A1,0.10133
CYP1A2,0.079712
CYP1B1,0.10324
CYP20A1,-0.15548
CYP21A2,0.046149
CYP24A1,0.056422
CYP26A1,0.040716
CYP26B1,-0.049915
CYP26C1,0.085059
CYP27A1,-0.026819
CYP27B1,0.0017577
CYP27C1,0.0027225
CYP2A13,-0.082143
CYP2A6,-0.056222
CYP2A7,0.0012497
CYP2B6,-0.054183
CYP2C18,-0.061539
CYP2C19,-0.031941
CYP2C8,0.016737
CYP2C9,-0.050025
CYP2D6,0.026516
CYP2E1,0.083456
CYP2F1,-0.017343
CYP2J2,0.071224
CYP2R1,0.13174
CYP2S1,0.26654
CYP2U1,0.042084
CYP2W1,0.022163
CYP39A1,0.026437
CYP3A4,0.14654
CYP3A43,0.15391
CYP3A5,-0.050652
CYP3A7,0.044771
CYP3A7-CYP3A51P,-0.020606
CYP46A1,-0.012818
CYP4A11,0.004632
CYP4A22,-0.049568
CYP4B1,-0.048772
CYP4F11,-0.03481
CYP4F12,0.020448
CYP4F2,-0.077303
CYP4F22,-0.011676
CYP4F3,-0.12434
CYP4F8,0.049823
CYP4V2,-0.0059394
CYP4X1,-0.010594
CYP4Z1,0.051523
CYP51A1,0.032589
CYP7A1,-0.098405
CYP7B1,0.075057
CYP8B1,0.1206
CYR61,-0.067017
CYS1,0.10563
CYSLTR1,-0.022051
CYSLTR2,-0.10272
CYSRT1,0.035784
CYSTM1,-0.054306
CYTH1,0.24797
CYTH2,-0.05308
CYTH3,-0.15188
CYTH4,-0.078462
CYTIP,0.32149
CYTL1,-0.026451
CYYR1,0.050155
D2HGDH,0.047489
DAAM1,-0.024724
DAAM2,0.01317
DAB1,0.075703
DAB2,-0.00034008
DAB2IP,-0.11921
DACH1,-0.13274
DACH2,-0.034214
DACT1,-0.058268
DACT2,-0.027671
DACT3,0.018719
DAD1,1.3428
DAG1,-0.097263
DAGLA,-0.054455
DAGLB,0.0032043
DALRD3,0.20661
DAND5,0.16828
DAO,-0.00065754
DAOA,0.02214
DAP,-0.056005
DAP3,0.012074
DAPK1,-0.043562
DAPK2,-0.070023
DAPK3,-0.069554
DAPL1,-0.055961
DAPP1,-0.15721
DARS,0.10231
DARS2,-0.040042
DAW1,0.04197
DAXX,0.02185
DAZ1,0.033876
DAZ2,-0.20729
DAZ3,0.046655
DAZ4,-0.040758
DAZAP1,-0.012164
DAZAP2,0.073453
DAZL,0.14111
DBF4,0.16016
DBF4B,0.018828
DBH,-0.067154
DBI,-0.098139
DBN1,-0.0734
DBNDD1,0.13052
DBNDD2,-0.13915
DBNL,0.037875
DBP,0.049023
DBR1,0.065587
DBT,-0.045035
DBX1,-0.12534
DBX2,-0.027478
DCAF10,0.039641
DCAF11,0.062026
DCAF12,-0.12808
DCAF12L1,-0.15035
DCAF12L2,-0.15197
DCAF13,0.31112
DCAF15,-0.0058685
DCAF16,0.022292
DCAF17,0.10389
DCAF4,-0.022785
DCAF4L1,-0.077859
DCAF4L2,0.036376
DCAF5,-0.092066
DCAF6,0.037033
DCAF7,-0.018173
DCAF8,-0.054097
DCAF8L1,0.036942
DCAF8L2,0.01996
DCAKD,-0.023814
DCANP1,-0.055057
DCBLD1,-0.10631
DCBLD2,0.016135
DCC,0.14587
DCD,-0.13782
DCDC1,0.14157
DCDC2,-0.03815
DCDC2B,0.039425
DCDC2C,0.052261
DCDC5,-0.11379
DCHS1,0.10646
DCHS2,0.014688
DCK,-0.022037
DCLK1,-0.040298
DCLK2,0.06738
DCLK3,0.043644
DCLRE1A,0.0051488
DCLRE1B,0.053724
DCLRE1C,-0.016299
DCN,0.052887
DCP1A,-0.020388
DCP1B,0.23993
DCP2,-0.082273
DCPS,-0.028883
DCST1,-0.090248
DCST2,-0.15122
DCSTAMP,0.024297
DCT,-0.060245
DCTD,0.13494
DCTN1,-0.021822
DCTN2,0.21327
DCTN3,0.11161
DCTN4,-0.09185
DCTN5,0.18122
DCTN6,0.13569
DCTPP1,0.015712
DCUN1D1,0.20291
DCUN1D2,-0.092389
DCUN1D3,-0.17776
DCUN1D4,0.064453
DCUN1D5,0.12348
DCX,0.069877
DCXR,-0.0356
DDA1,-0.058859
DDAH1,0.19252
DDAH2,0.057536
DDB1,-0.063686
DDB2,0.014269
DDC,0.093941
DDHD1,-0.13262
DDHD2,-0.083939
DDI1,0.00021874
DDI2,0.0085261
DDIAS,0.094953
DDIT3,-0.042448
DDIT4,-0.058087
DDIT4L,-0.091048
DDN,0.074902
DDO,-0.097876
DDOST,0.10031
DDR1,-0.033141
DDR2,-0.001118
DDRGK1,0.030316
DDT,-0.011835
DDTL,0.2032
DDX1,-0.08739
DDX10,0.27128
DDX11,0.12424
DDX17,0.0010825
DDX18,0.12104
DDX19A,0.088757
DDX19B,0.10432
DDX20,0.12458
DDX21,0.16294
DDX23,0.062673
DDX24,0.12295
DDX25,0.046636
DDX26B,0.050888
DDX27,0.38684
DDX28,-0.20124
DDX31,-0.044316
DDX39A,0.15082
DDX39B,-0.082287
DDX3X,0.07744
DDX3Y,-0.20038
DDX4,-0.12415
DDX41,0.079543
DDX42,0.18148
DDX43,-0.16225
DDX46,0.065557
DDX47,-0.011481
DDX49,-0.079331
DDX5,-0.039007
DDX50,0.12816
DDX51,0.072182
DDX52,0.13412
DDX53,0.068293
DDX54,0.45099
DDX55,0.11433
DDX56,0.25725
DDX58,-0.08533
DDX59,0.10211
DDX6,0.24905
DDX60,0.19413
DDX60L,-0.066922
DEAF1,-0.063654
DECR1,-0.17096
DECR2,0.06934
DEDD,-0.037949
DEDD2,0.050151
DEF6,0.16441
DEF8,0.0095006
DEFA1,-0.05922
DEFA1B,-0.028212
DEFA3,0.010574
DEFA4,-0.066244
DEFA5,-0.014729
DEFA6,0.0072859
DEFB1,-0.14898
DEFB103A,0.050215
DEFB104B,0.12105
DEFB105A,-0.11957
DEFB105B,-0.022812
DEFB106A,-0.049386
DEFB106B,-0.040305
DEFB107A,0.10886
DEFB107B,0.107
DEFB108B,0.00051598
DEFB110,-0.13336
DEFB112,0.021529
DEFB113,0.096894
DEFB114,-0.0089152
DEFB115,0.019159
DEFB116,-0.050372
DEFB118,-0.12854
DEFB119,0.10199
DEFB121,-0.011806
DEFB123,-0.048409
DEFB124,-0.12181
DEFB125,-0.12057
DEFB126,0.079728
DEFB127,-0.086165
DEFB128,0.065352
DEFB129,-0.009535
DEFB130,-0.0056641
DEFB131,-0.053167
DEFB132,0.016872
DEFB133,0.11903
DEFB134,-0.035827
DEFB135,-0.058354
DEFB136,-0.090567
DEFB4A,-0.044075
DEFB4B,-0.042448
DEGS1,-0.088114
DEGS2,-0.1431
DEK,0.087776
DENND1A,-0.049839
DENND1B,-0.010602
DENND1C,0.18653
DENND2A,-0.010165
DENND2C,-0.14103
DENND2D,-0.004787
DENND3,-0.11216
DENND4A,-0.097379
DENND4B,-0.023545
DENND4C,0.054931
DENND5A,0.050246
DENND5B,-0.074153
DENND6A,0.085734
DENND6B,-0.0068907
DENR,0.097042
DEPDC1,-0.044025
DEPDC1B,0.0081439
DEPDC4,-0.21898
DEPDC5,-0.14545
DEPDC7,0.097263
DEPTOR,-0.15919
DERA,0.10263
DERL1,-0.072012
DERL2,-0.20779
DERL3,-0.01765
DES,0.054872
DESI1,0.15508
DESI2,-0.031411
DET1,-0.19805
DEXI,-0.048962
DFFA,-0.07746
DFFB,0.021214
DFNA5,0.056285
DFNB31,0.016555
DFNB59,0.066435
DGAT1,0.092232
DGAT2,0.013446
DGAT2L6,-0.011253
DGCR14,-0.032181
DGCR2,0.081937
DGCR6,0.0115
DGCR6L,-0.0060103
DGCR8,0.24656
DGKA,-0.60962
DGKD,-0.067725
DGKE,0.041369
DGKG,0.17931
DGKH,-0.061516
DGKI,-0.018301
DGKK,0.011635
DGKQ,0.093542
DGKZ,-0.56102
DGUOK,-0.05278
DHCR24,0.015489
DHCR7,-0.071251
DHDDS,0.10851
DHDH,-0.061941
DHFR,0.21012
DHFRL1,-0.013521
DHH,-0.0011258
DHODH,0.12601
DHPS,0.061027
DHRS1,-0.041143
DHRS11,0.062124
DHRS12,-0.03552
DHRS13,-0.2349
DHRS2,-0.1072
DHRS3,-0.079716
DHRS4,-0.022147
DHRS4L1,0.052857
DHRS4L2,-0.12936
DHRS7,0.24962
DHRS7B,-0.026647
DHRS7C,0.025117
DHRS9,-0.053596
DHRSX,0.0027082
DHTKD1,-0.22336
DHX15,0.38777
DHX16,-0.020838
DHX29,0.17816
DHX30,-0.097602
DHX32,-0.12897
DHX33,0.5379
DHX34,-0.073175
DHX35,0.097827
DHX36,0.0036312
DHX37,0.60704
DHX38,0.070366
DHX40,0.073709
DHX57,-0.007153
DHX58,0.20046
DHX8,0.28732
DHX9,0.27594
DIABLO,-0.029898
DIAPH1,-0.029215
DIAPH2,0.059844
DIAPH3,-0.027721
DICER1,0.046386
DIDO1,0.042904
DIEXF,0.22231
DIMT1,0.24894
DIO1,-0.10946
DIO2,-0.080457
DIO3,0.010491
DIP2A,-0.058742
DIP2B,0.01761
DIP2C,-0.16696
DIRAS1,-0.30938
DIRAS2,0.062633
DIRAS3,-0.10151
DIRC1,-0.039104
DIRC2,-0.030379
DIS3,0.39909
DIS3L,0.073811
DIS3L2,-0.095288
DISC1,-0.028729
DISP1,0.035128
DISP2,-0.0021198
DIXDC1,-0.068197
DKC1,0.43616
DKK1,-0.066986
DKK2,0.0051338
DKK3,-0.017745
DKK4,0.0027334
DKKL1,-0.037372
DLAT,0.049846
DLC1,0.13301
DLD,0.19688
DLEC1,-0.028468
DLEU7,0.014022
DLG1,-0.022755
DLG2,-0.052249
DLG3,-0.14998
DLG4,-0.014124
DLG5,-0.0101
DLGAP1,-0.011902
DLGAP2,-0.037415
DLGAP3,-0.0040697
DLGAP4,0.041257
DLGAP5,-0.015929
DLK1,-0.025842
DLK2,-0.068049
DLL1,-0.13363
DLL3,0.095276
DLL4,-0.092278
DLST,0.28911
DLX1,0.20803
DLX2,-0.051421
DLX3,-0.015361
DLX4,0.18781
DLX5,-0.062514
DLX6,0.034495
DMAP1,-0.040384
DMBT1,0.079896
DMBX1,-0.13724
DMC1,-0.052156
DMD,-0.051877
DMGDH,-0.06797
DMKN,0.019122
DMP1,-0.1288
DMPK,-0.14595
DMRT1,0.026467
DMRT2,-0.065424
DMRT3,0.0020824
DMRTA1,-0.10249
DMRTA2,-0.28317
DMRTB1,0.0030245
DMRTC1,0.22806
DMRTC1B,0.04668
DMRTC2,0.064643
DMTF1,0.023568
DMTN,-0.045883
DMWD,-0.15249
DMXL1,-0.045672
DMXL2,-0.046993
DNA2,0.15913
DNAAF1,-0.06455
DNAAF2,0.06682
DNAAF3,-0.012424
DNAAF5,-0.14431
DNAH1,0.047776
DNAH10,0.007836
DNAH11,-0.027647
DNAH12,-0.17445
DNAH14,-0.044246
DNAH17,-0.0010416
DNAH2,0.030725
DNAH3,0.048286
DNAH5,-0.15956
DNAH6,-0.095382
DNAH7,-0.008117
DNAH8,0.074024
DNAH9,0.014022
DNAI1,0.068046
DNAI2,-0.034314
DNAJA1,-0.15422
DNAJA2,0.033321
DNAJA3,-0.053966
DNAJA4,0.005274
DNAJB1,-0.10362
DNAJB11,0.010459
DNAJB12,0.00056845
DNAJB13,-0.046182
DNAJB14,0.11536
DNAJB2,-0.013813
DNAJB3,0.1375
DNAJB4,-0.057951
DNAJB5,-0.043403
DNAJB6,0.0092324
DNAJB7,-0.080026
DNAJB8,-0.039753
DNAJB9,-0.097708
DNAJC1,-0.096568
DNAJC10,0.023514
DNAJC11,0.099124
DNAJC12,0.079684
DNAJC13,-0.067337
DNAJC14,-0.17983
DNAJC15,-0.086214
DNAJC16,-0.0047784
DNAJC17,0.093717
DNAJC18,-0.0025921
DNAJC19,0.22113
DNAJC2,0.09347
DNAJC21,0.079388
DNAJC22,0.033805
DNAJC24,-0.054299
DNAJC25,0.058013
DNAJC25-GNG10,-0.026158
DNAJC27,-0.10229
DNAJC3,-0.084294
DNAJC30,-0.21472
DNAJC4,-0.021703
DNAJC5,-0.047865
DNAJC5B,0.035739
DNAJC5G,0.044924
DNAJC6,0.0014078
DNAJC7,0.048218
DNAJC8,0.085052
DNAJC9,0.29586
DNAL1,-0.12432
DNAL4,0.047876
DNALI1,-0.080531
DNASE1,0.19093
DNASE1L1,-0.034292
DNASE1L2,0.13401
DNASE1L3,-0.023483
DNASE2,-0.069337
DNASE2B,-0.059101
DND1,0.082482
DNER,0.06887
DNHD1,0.033536
DNLZ,0.17517
DNM1,-0.0023462
DNM1L,0.12824
DNM2,0.18964
DNM3,-0.0071895
DNMBP,-0.0034588
DNMT1,0.18875
DNMT3A,-0.17894
DNMT3B,-0.024259
DNMT3L,0.048415
DNPEP,-0.0053344
DNPH1,-0.017346
DNTT,0.11845
DNTTIP1,0.11089
DNTTIP2,0.12636
DOC2A,0.061698
DOC2B,-0.03348
DOCK1,-0.047763
DOCK10,0.11821
DOCK11,0.016684
DOCK2,0.30548
DOCK3,0.052338
DOCK4,0.078959
DOCK5,-0.094597
DOCK6,0.071503
DOCK7,0.12622
DOCK8,0.026767
DOCK9,-0.11676
DOHH,0.0070892
DOK1,-0.0044107
DOK2,-0.022428
DOK3,0.036419
DOK4,0.0072793
DOK5,0.18242
DOK6,-0.094473
DOK7,0.049446
DOLK,0.16588
DOLPP1,0.10785
DONSON,-0.00052773
DOPEY1,0.093853
DOPEY2,-0.062428
DOT1L,0.017857
DPAGT1,0.37666
DPCD,-0.042105
DPCR1,0.011205
DPEP1,-0.071107
DPEP2,-0.049551
DPEP3,-0.027932
DPF1,0.02991
DPF2,-0.18516
DPF3,-0.11818
DPH1,0.27782
DPH2,0.0081146
DPH3,0.47301
DPH3P1,-0.049538
DPH5,0.058873
DPH6,0.23712
DPH7,0.21931
DPM1,0.16127
DPM2,0.13592
DPM3,0.22747
DPP10,0.069452
DPP3,-0.071504
DPP4,0.15958
DPP6,-0.034825
DPP7,0.20469
DPP8,-0.10289
DPP9,0.0045361
DPP9-AS1,-0.081792
DPPA2,-0.051043
DPPA3,0.13215
DPPA4,-0.031766
DPPA5,0.11122
DPRX,-0.10471
DPT,0.038658
DPY19L1,-0.066212
DPY19L2,-0.059004
DPY19L3,-0.013536
DPY19L4,-0.017407
DPY30,0.075841
DPYD,-0.082243
DPYS,0.069643
DPYSL2,-0.082882
DPYSL3,-0.11418
DPYSL4,0.11388
DPYSL5,-0.076801
DQX1,0.060839
DR1,0.10279
DRAM1,-0.071874
DRAM2,0.10477
DRAP1,-0.17079
DRAXIN,-0.061961
DRC1,0.059905
DRC7,-0.016835
DRD1,-0.087336
DRD2,-0.0027133
DRD3,-0.097796
DRD4,0.093005
DRD5,-0.079333
DRG1,-0.042023
DRG2,0.064626
DRGX,-0.074217
DRICH1,0.12905
DROSHA,0.032651
DRP2,-0.05964
DSC1,-0.11331
DSC2,-0.0077247
DSC3,0.024495
DSCAM,-0.10928
DSCAML1,-0.030094
DSCC1,0.16391
DSCR3,0.036403
DSCR4,-0.012688
DSE,-0.054701
DSEL,-0.051024
DSG1,0.055119
DSG2,-0.08276
DSG3,0.12667
DSG4,-0.019527
DSN1,0.143
DSP,-0.12788
DSPP,-0.006164
DST,-0.06995
DSTN,-0.014694
DSTYK,-0.22281
DTD1,0.066518
DTD2,0.012075
DTHD1,-0.0086927
DTL,-0.0070702
DTNA,0.042531
DTNB,-0.026663
DTNBP1,0.056554
DTWD1,-0.02206
DTWD2,-0.098883
DTX1,-0.0074297
DTX2,-0.064055
DTX3,-0.34867
DTX3L,0.12649
DTX4,-0.1155
DTYMK,-0.030704
DUOX1,-0.10478
DUOX2,0.12809
DUOXA1,0.060591
DUOXA2,-0.11605
DUPD1,-0.013399
DUS1L,0.045203
DUS2,-0.059651
DUS3L,0.091852
DUS4L,0.091727
DUSP1,0.031953
DUSP10,0.16589
DUSP11,-0.051523
DUSP12,-0.080856
DUSP13,-0.020053
DUSP14,-0.024003
DUSP15,-0.021031
DUSP16,-0.010716
DUSP18,-0.061654
DUSP19,-0.27236
DUSP2,0.0072841
DUSP21,-0.039274
DUSP22,-0.070929
DUSP23,-0.024864
DUSP27,0.10143
DUSP28,-0.16243
DUSP3,-0.12979
DUSP4,-0.3577
DUSP5,-0.15378
DUSP6,0.11239
DUSP7,-0.10081
DUSP8,-0.16707
DUSP9,-0.035168
DUT,0.40089
DUX4,-0.12348
DUXA,0.083859
DVL1,-0.093705
DVL2,-0.07314
DVL3,-0.12771
DXO,0.051305
DYDC1,0.061741
DYDC2,-0.024865
DYM,0.016757
DYNAP,0.0059775
DYNC1H1,0.083296
DYNC1I1,-0.056535
DYNC1I2,0.033836
DYNC1LI1,-0.10554
DYNC1LI2,-0.087326
DYNC2H1,0.039638
DYNC2LI1,-0.031214
DYNLL1,0.037291
DYNLL2,0.15377
DYNLRB1,0.35518
DYNLRB2,0.0020343
DYNLT1,0.0079036
DYNLT3,0.014569
DYRK1A,-0.12405
DYRK1B,-0.10656
DYRK2,-0.11837
DYRK3,0.25502
DYRK4,0.014232
DYSF,0.00023994
DYTN,0.039455
DYX1C1,-0.1407
DZANK1,-0.090276
DZIP1,-0.064597
DZIP1L,-0.078531
DZIP3,0.044732
E2F1,0.13014
E2F2,-0.086235
E2F3,0.073897
E2F4,0.14661
E2F5,-0.11601
E2F6,0.048065
E2F7,-0.02082
E2F8,0.018515
E4F1,0.072139
EAF1,0.29632
EAF2,0.052035
EAPP,-0.063286
EARS2,0.15135
EBAG9,0.25598
EBF1,-0.20182
EBF2,-0.091638
EBF3,-0.18206
EBF4,0.005766
EBI3,-0.12083
EBLN1,-0.040219
EBLN2,-0.042932
EBNA1BP2,0.1589
EBP,0.084045
EBPL,-0.017195
ECD,-0.13422
ECE1,-0.0062292
ECE2,-0.19618
ECEL1,-0.13461
ECH1,0.045001
ECHDC1,0.0090842
ECHDC2,-0.063931
ECHDC3,-0.073571
ECHS1,0.055591
ECI1,0.060866
ECI2,0.026447
ECM1,-0.04722
ECM2,-0.14975
ECSCR,0.068133
ECSIT,0.0022048
ECT2,-0.059117
ECT2L,0.018829
EDA,0.087756
EDA2R,-0.013509
EDAR,-0.015911
EDARADD,0.028533
EDC3,-0.059913
EDC4,-0.11609
EDDM3A,0.065854
EDDM3B,-0.038151
EDEM1,-0.040404
EDEM2,0.044696
EDEM3,-0.04274
EDF1,0.026842
EDIL3,-0.0037992
EDN1,0.0068518
EDN2,-0.042749
EDN3,-0.19278
EDNRA,-0.077062
EDNRB,0.10358
EDRF1,-0.012081
EEA1,-0.070423
EED,0.095616
EEF1A1,0.3465
EEF1A2,-0.12053
EEF1B2,0.011065
EEF1D,0.034519
EEF1E1,0.10518
EEF1G,0.32859
EEF2,0.23347
EEF2K,-0.041311
EEF2KMT,-0.053584
EEFSEC,0.13013
EEPD1,-0.031471
EFCAB1,-0.08844
EFCAB11,-0.22949
EFCAB12,-0.046379
EFCAB13,0.011568
EFCAB14,0.12466
EFCAB2,0.037755
EFCAB3,-0.13222
EFCAB5,0.032894
EFCAB6,0.06733
EFCAB7,-0.03483
EFCAB9,-0.10317
EFCC1,-0.26569
EFEMP2,-0.11677
EFHB,-0.034048
EFHC1,-0.062835
EFHC2,0.040648
EFHD1,0.0026243
EFHD2,0.038116
EFNA1,0.048875
EFNA2,0.12368
EFNA3,0.060247
EFNA4,0.093989
EFNA5,0.013826
EFNB1,-0.0018255
EFNB2,0.20315
EFNB3,-0.076014
EFR3A,-0.0080446
EFR3B,-0.13278
EFS,-0.10086
EFTUD1,0.062418
EFTUD2,0.32479
EGF,0.075614
EGFL6,0.080062
EGFL7,0.0062625
EGFL8,-0.026682
EGFLAM,-0.10678
EGFR,0.059918
EGLN1,0.09523
EGLN2,-0.059884
EGLN3,0.021854
EGR1,-0.081592
EGR2,0.075565
EGR3,-0.0098853
EGR4,0.040143
EHBP1,0.039368
EHBP1L1,-0.20135
EHD1,0.094085
EHD2,0.12299
EHD3,-0.012108
EHD4,0.062243
EHF,-0.11398
EHHADH,-0.1136
EHMT1,-0.1223
EHMT2,-0.25879
EI24,-0.044549
EID1,-0.20179
EID2,0.50343
EID2B,-0.0025209
EID3,-0.31163
EIF1,0.065511
EIF1AD,0.20572
EIF1AX,0.19661
EIF1AY,0.086616
EIF1B,0.017452
EIF2A,0.085147
EIF2AK1,0.027015
EIF2AK2,0.017509
EIF2AK3,-0.13877
EIF2AK4,-0.013322
EIF2B1,0.081686
EIF2B2,0.27459
EIF2B3,0.55741
EIF2B4,0.63012
EIF2B5,0.5215
EIF2D,0.0087365
EIF2S1,0.1361
EIF2S2,0.33366
EIF2S3,0.64433
EIF3A,0.3216
EIF3B,0.60246
EIF3C,0.74975
EIF3CL,0.43105
EIF3D,0.27583
EIF3E,0.23188
EIF3F,0.20914
EIF3G,0.32903
EIF3H,0.49109
EIF3I,0.3517
EIF3J,0.41155
EIF3K,0.062712
EIF3L,0.12262
EIF3M,0.14235
EIF4A1,0.45199
EIF4A2,0.0041746
EIF4A3,0.42461
EIF4B,0.14132
EIF4E,0.41047
EIF4E1B,-0.04665
EIF4E2,-0.22415
EIF4E3,-0.016735
EIF4EBP1,0.081975
EIF4EBP2,0.12599
EIF4EBP3,0.041595
EIF4ENIF1,-0.056917
EIF4G1,0.59218
EIF4G2,0.034882
EIF4G3,0.013862
EIF4H,0.027837
EIF5,0.20159
EIF5A,0.13187
EIF5A2,0.018915
EIF5AL1,0.063056
EIF5B,0.11371
EIF6,0.82462
ELAC1,0.052284
ELAC2,0.11138
ELANE,0.068512
ELAVL1,-0.014685
ELAVL2,-0.094962
ELAVL3,-0.013784
ELAVL4,-0.22492
ELF1,-0.046016
ELF2,0.027919
ELF3,-0.17542
ELF4,0.030586
ELF5,0.041104
ELFN1,-0.03088
ELFN2,-0.042625
ELK1,0.22838
ELK3,0.080537
ELK4,-0.065015
ELL,0.19805
ELL2,0.016545
ELL3,0.021177
ELMO1,0.12276
ELMO2,-0.14375
ELMO3,-0.11433
ELMOD1,-0.061043
ELMOD2,0.012739
ELMOD3,0.13776
ELMSAN1,-0.12691
ELN,0.025874
ELOF1,0.10975
ELOVL1,0.15388
ELOVL2,-0.0021995
ELOVL3,-0.059458
ELOVL4,0.11957
ELOVL5,-0.07586
ELOVL6,0.027394
ELOVL7,0.14383
ELP2,0.17674
ELP3,0.063261
ELP4,0.25901
ELP5,0.25144
ELP6,-0.051057
ELSPBP1,-0.013338
EMB,-0.0058667
EMC1,0.13007
EMC10,-0.10047
EMC2,-0.024967
EMC3,-0.043611
EMC4,-0.12214
EMC6,-0.038174
EMC7,0.29969
EMC8,-0.005523
EMC9,0.036955
EMCN,-0.093112
EMD,-0.01182
EME1,0.038987
EME2,-0.00057646
EMG1,0.59465
EMID1,-0.1033
EMILIN1,-0.15232
EMILIN2,-0.097954
EMILIN3,0.078581
EML1,-0.24835
EML2,0.20115
EML3,-0.07144
EML4,-0.059604
EML5,-0.12209
EML6,-0.074612
EMP1,0.095106
EMP3,-0.035266
EMX1,-0.22775
EMX2,0.06491
EN1,-0.12861
EN2,0.10815
ENAH,-0.15092
ENAM,-0.02156
ENC1,-0.07722
ENDOD1,0.049032
ENDOG,-0.14772
ENDOU,-0.04524
ENDOV,-0.0018064
ENG,-0.038496
ENGASE,0.057737
ENHO,-0.093581
ENKD1,0.056829
ENKUR,0.021896
ENO1,0.22383
ENO2,-0.067999
ENO3,-0.060941
ENO4,-0.2342
ENOPH1,0.016117
ENOSF1,0.016258
ENOX1,-0.12439
ENOX2,0.029381
ENPEP,0.032019
ENPP1,0.12388
ENPP2,0.04179
ENPP3,0.093645
ENPP4,0.1013
ENPP5,0.011886
ENPP6,-0.068813
ENPP7,-0.066274
ENSA,0.17451
ENTHD1,0.076637
ENTHD2,-0.03145
ENTPD1,0.030295
ENTPD2,-0.069751
ENTPD3,-0.20137
ENTPD4,-0.14075
ENTPD5,-0.036451
ENTPD6,-0.047695
ENTPD7,0.00024
ENTPD8,0.29151
ENY2,-0.090242
EOGT,-0.022447
EOMES,-0.054878
EP300,0.20017
EP400,0.034
EPAS1,0.048538
EPB41,-0.033218
EPB41L1,0.0026319
EPB41L2,0.036737
EPB41L3,-0.072544
EPB41L4A,0.035144
EPB41L4B,-0.047178
EPB41L5,-0.053937
EPB42,-0.22441
EPC1,-0.11773
EPC2,-0.096257
EPCAM,0.053278
EPDR1,-0.077317
EPG5,-0.0024117
EPGN,0.13422
EPHA1,0.12276
EPHA10,-0.12863
EPHA2,-0.03063
EPHA3,-0.26704
EPHA4,0.08474
EPHA5,0.23095
EPHA6,-0.076982
EPHA7,-0.067965
EPHA8,-0.021786
EPHB1,-0.12241
EPHB2,-0.025272
EPHB3,0.2359
EPHB4,-0.019691
EPHB6,0.054986
EPHX1,-0.13681
EPHX2,0.15464
EPHX3,0.02379
EPHX4,0.017713
EPM2A,0.0057461
EPM2AIP1,-0.061197
EPN1,-0.074965
EPN2,0.014244
EPN3,0.06163
EPO,-0.12408
EPOR,-0.047821
EPPIN,0.065578
EPPIN-WFDC6,-0.11863
EPPK1,0.081646
EPRS,0.2322
EPS15,0.019626
EPS15L1,0.1364
EPS8,-0.021514
EPS8L1,0.044969
EPS8L2,-0.16764
EPS8L3,-0.086793
EPSTI1,0.084478
EPT1,0.16217
EPX,0.030004
EPYC,0.012959
EQTN,0.035431
ERAL1,-0.14647
ERAP1,0.075825
ERAP2,-0.034428
ERAS,0.026309
ERBB2,-0.078501
ERBB2IP,0.12533
ERBB3,-0.054691
ERBB4,-0.0011949
ERC1,-0.081481
ERC2,-0.17256
ERCC1,0.0049772
ERCC2,0.4765
ERCC3,0.23036
ERCC4,0.11596
ERCC5,0.12475
ERCC6,-0.12588
ERCC6-PGBD3,-0.1004
ERCC6L,0.068301
ERCC6L2,-0.048424
ERCC8,0.0088859
EREG,-0.049342
ERF,-0.021484
ERG,0.0052447
ERGIC1,-0.066395
ERGIC2,-0.048006
ERGIC3,-0.12408
ERH,0.057854
ERI1,-0.043026
ERI2,-0.074516
ERI3,-0.11218
ERICH1,-0.043715
ERICH2,-0.085097
ERICH3,0.08164
ERICH4,-0.15322
ERICH5,0.013813
ERICH6,-0.083826
ERICH6B,0.029337
ERLEC1,0.068569
ERLIN1,-0.088917
ERLIN2,-0.035796
ERMAP,-0.014166
ERMARD,-0.029036
ERMN,0.21116
ERMP1,-0.061406
ERN1,0.19842
ERN2,0.039649
ERO1L,-0.063916
ERO1LB,-0.078816
ERP27,0.17031
ERP29,-0.028059
ERP44,-0.047486
ERRFI1,0.048122
ERV3-1,0.060455
ERVFRD-1,0.13995
ERVMER34-1,0.073227
ERVV-1,-0.1957
ERVV-2,0.0082135
ERVW-1,-0.01058
ESAM,-0.019051
ESCO1,0.042475
ESCO2,-0.19073
ESD,0.01697
ESF1,0.16175
ESM1,0.0057124
ESPL1,0.10188
ESPN,0.0555
ESPNL,-0.041597
ESR1,-0.11711
ESR2,0.035202
ESRP1,-0.058362
ESRP2,-0.043247
ESRRA,0.0075495
ESRRB,0.041593
ESRRG,0.076149
ESX1,-0.025375
ESYT1,-0.025144
ESYT2,-0.0038173
ESYT3,-0.22126
ETAA1,-0.07057
ETF1,0.33363
ETFA,-0.20118
ETFB,-0.033076
ETFDH,-0.15991
ETHE1,0.01025
ETNK1,0.09167
ETNK2,-0.059354
ETNPPL,0.054313
ETS1,0.21876
ETS2,-0.12574
ETV1,-0.065524
ETV2,-0.022207
ETV3,0.0015749
ETV3L,0.010394
ETV4,-0.16804
ETV6,-0.023833
ETV7,-0.066827
EVA1A,-0.064274
EVA1B,-0.2489
EVA1C,0.12982
EVC,0.014328
EVC2,0.077876
EVI2A,-0.091618
EVI2B,0.061542
EVI5,-0.1267
EVI5L,0.03458
EVL,-0.032543
EVPL,0.045081
EVPLL,-0.043328
EVX1,-0.17841
EVX2,-0.069336
EWSR1,0.20637
EXD1,0.11815
EXD2,0.060913
EXD3,-0.010919
EXO1,0.045042
EXO5,-0.13478
EXOC1,0.060309
EXOC2,0.10052
EXOC3,0.15373
EXOC3L1,-0.12273
EXOC3L2,-0.16662
EXOC3L4,0.062412
EXOC4,0.1301
EXOC5,-0.074971
EXOC6,-0.021623
EXOC6B,0.1274
EXOC7,-0.0069063
EXOC8,0.065523
EXOG,-0.088903
EXOSC1,0.019963
EXOSC10,0.069966
EXOSC2,0.36429
EXOSC3,0.062813
EXOSC4,0.25749
EXOSC5,0.26423
EXOSC6,1.0413
EXOSC7,0.30467
EXOSC8,0.4963
EXOSC9,0.45827
EXPH5,0.0566
EXT1,-0.0026634
EXT2,-0.032053
EXTL1,-0.024336
EXTL2,0.13636
EXTL3,-0.08737
EYA1,0.092933
EYA2,-0.022074
EYA3,0.00027656
EYA4,-0.017932
EYS,-0.082926
EZH1,-0.0060588
EZH2,0.028224
EZR,-0.042402
F10,-0.093053
F11,-0.153
F11R,0.083312
F12,-0.082374
F13A1,-0.081873
F13B,-0.027637
F2,-0.0080945
F2R,-0.0083235
F2RL1,0.007884
F2RL2,-0.10529
F2RL3,0.070237
F3,-0.11111
F5,0.024894
F7,-0.090168
F8,-0.051589
F8A1,0.30859
F8A2,0.10536
F8A3,0.12548
F9,-0.14412
FA2H,-0.010394
FAAH,0.016688
FAAH2,-0.12247
FABP1,-0.15521
FABP12,0.030271
FABP2,0.15571
FABP3,0.050453
FABP4,-0.12169
FABP5,-0.28643
FABP6,-0.14268
FABP7,-0.092437
FABP9,0.032403
FADD,0.018382
FADS1,0.022692
FADS2,0.019441
FADS3,0.041203
FADS6,-0.022132
FAF1,-0.060024
FAF2,0.10332
FAH,0.0048215
FAHD1,-0.14334
FAHD2A,0.25163
FAHD2B,0.022152
FAIM,0.13867
FAIM2,0.014162
FAIM3,0.04473
FAM101A,-0.16982
FAM102A,-0.23139
FAM102B,-0.077414
FAM103A1,0.10299
FAM104A,0.088975
FAM104B,-0.053325
FAM105A,0.099958
FAM107A,-0.10983
FAM107B,-0.071921
FAM109A,0.00079114
FAM109B,-0.067559
FAM110A,0.12499
FAM110B,0.041606
FAM110C,-0.0044567
FAM110D,0.014866
FAM111A,0.076158
FAM111B,-0.086244
FAM114A1,0.0034383
FAM114A2,-0.036821
FAM117A,0.030916
FAM117B,0.15411
FAM118A,-0.025086
FAM118B,-0.0043685
FAM120A,0.20733
FAM120AOS,-0.053514
FAM120B,-0.064958
FAM120C,-0.090526
FAM122A,0.20717
FAM122B,-0.076333
FAM122C,-0.12687
FAM124A,0.11501
FAM124B,-0.060235
FAM126A,-0.22298
FAM126B,0.077204
FAM127A,-0.15996
FAM127B,-0.11161
FAM127C,-0.10055
FAM129A,0.011419
FAM129B,0.17827
FAM129C,0.14281
FAM131A,-0.11516
FAM131B,-0.12291
FAM131C,0.16316
FAM132A,0.1757
FAM132B,0.051397
FAM133A,0.0057793
FAM133B,0.164
FAM134A,0.13851
FAM134B,-0.11126
FAM134C,0.083139
FAM135A,0.01848
FAM135B,-0.039644
FAM136A,-0.0086277
FAM13A,-0.087856
FAM13B,0.057385
FAM13C,-0.032836
FAM149A,-0.099471
FAM149B1,0.15969
FAM150A,0.066688
FAM150B,-0.00028303
FAM151A,-0.084717
FAM151B,-0.16816
FAM153A,0.096721
FAM153B,-0.038231
FAM155A,-0.14079
FAM155B,-0.052384
FAM156A,0.11041
FAM156B,-0.076932
FAM157A,0.13774
FAM157B,0.018659
FAM159A,0.033238
FAM159B,-0.0084498
FAM160A1,0.050571
FAM160A2,0.078516
FAM160B1,0.088948
FAM160B2,0.052305
FAM161A,-0.039238
FAM161B,0.06137
FAM162A,0.016148
FAM162B,-0.029224
FAM163A,-0.021571
FAM163B,0.072979
FAM166A,-0.14517
FAM166B,0.0214
FAM167A,-0.096756
FAM167B,0.088058
FAM168A,-0.036347
FAM168B,-0.032066
FAM169A,0.0054338
FAM169B,-0.16654
FAM170A,-0.010374
FAM170B,0.078479
FAM171A1,-0.00023035
FAM171A2,-0.061509
FAM171B,-0.061752
FAM172A,0.16578
FAM173A,0.039411
FAM173B,0.10917
FAM174A,0.0701
FAM174B,-0.0084154
FAM175A,-0.08733
FAM175B,-0.05868
FAM177A1,-0.10335
FAM177B,0.0093889
FAM178A,0.047172
FAM178B,-0.096549
FAM179A,-0.014507
FAM179B,0.21681
FAM180A,0.033565
FAM180B,-0.18922
FAM181A,0.062765
FAM181B,-0.095543
FAM183A,0.014562
FAM184A,-0.0067517
FAM184B,-0.026966
FAM185A,0.20316
FAM186A,-0.20977
FAM186B,-0.055159
FAM187B,-0.095402
FAM188A,-0.00053367
FAM188B,-0.17218
FAM189A1,-0.015367
FAM189A2,-0.0011546
FAM189B,0.0082971
FAM192A,0.029732
FAM193A,0.1239
FAM193B,0.081522
FAM195A,0.06071
FAM195B,-0.13201
FAM196A,0.015009
FAM196B,-0.10969
FAM198A,0.04769
FAM198B,-0.070976
FAM199X,-0.0035598
FAM19A1,0.082097
FAM19A2,-0.058479
FAM19A3,-0.16948
FAM19A4,-0.0009803
FAM19A5,0.039757
FAM200A,0.13527
FAM200B,-0.080523
FAM204A,-0.022569
FAM205A,-0.10846
FAM206A,0.26856
FAM207A,-0.024424
FAM208A,-0.041748
FAM208B,0.048567
FAM209A,-0.19108
FAM209B,-0.034128
FAM20A,-0.075856
FAM20B,0.30498
FAM20C,-0.24216
FAM210A,0.15268
FAM210B,-0.08418
FAM212A,0.0029029
FAM212B,-0.051928
FAM213A,-0.053146
FAM213B,0.082288
FAM214A,0.058965
FAM214B,0.067091
FAM216A,0.056829
FAM216B,-0.085723
FAM217A,0.21065
FAM217B,-0.027576
FAM218A,-0.089176
FAM219A,-0.23514
FAM219B,-0.026026
FAM21A,0.15044
FAM21C,0.040003
FAM220A,-0.12766
FAM221A,-0.013106
FAM221B,-0.045915
FAM222A,-0.12264
FAM222B,0.023411
FAM227A,0.019757
FAM227B,-0.050273
FAM228A,-0.026979
FAM228B,-0.19874
FAM229A,-0.0937
FAM229B,0.0054854
FAM231A,0.11312
FAM24A,0.025642
FAM24B,0.092486
FAM25A,0.17871
FAM25C,0.28647
FAM25G,0.10868
FAM26D,0.099858
FAM26E,-0.077891
FAM26F,0.0036796
FAM32A,0.094962
FAM35A,-0.054975
FAM3A,0.044456
FAM3B,0.061634
FAM3C,-0.12103
FAM3D,-0.015264
FAM43A,0.0047575
FAM43B,-0.15553
FAM45A,-0.013615
FAM46A,0.14759
FAM46B,0.020181
FAM46C,0.0048946
FAM46D,-0.13325
FAM47A,-0.09662
FAM47B,-0.087228
FAM47C,-0.033767
FAM47E,0.022505
FAM47E-STBD1,-0.083298
FAM49A,-0.041959
FAM49B,-0.18165
FAM50A,0.052234
FAM50B,-0.066306
FAM53A,-0.096952
FAM53B,0.024834
FAM53C,0.075761
FAM57A,-0.15249
FAM57B,-0.042851
FAM58A,0.079503
FAM60A,0.045537
FAM63A,-0.082701
FAM63B,-0.019575
FAM64A,0.1405
FAM65A,-0.023376
FAM65B,-0.10278
FAM65C,-0.070481
FAM69A,0.09123
FAM69B,0.027997
FAM69C,0.065985
FAM71A,0.057925
FAM71B,-0.002988
FAM71C,0.035961
FAM71D,0.023145
FAM71E1,0.061525
FAM71E2,-0.099025
FAM71F1,0.038385
FAM71F2,0.089019
FAM72A,0.22258
FAM72B,0.0039541
FAM72C,0.090833
FAM72D,0.062899
FAM73A,0.13047
FAM73B,-0.0096246
FAM76A,-0.023326
FAM76B,-0.019733
FAM78A,0.12618
FAM78B,-0.077937
FAM81A,0.12194
FAM81B,0.11226
FAM83A,0.0033896
FAM83B,-0.012192
FAM83C,-0.053176
FAM83D,-0.10503
FAM83E,0.092323
FAM83F,0.1267
FAM83G,-0.053241
FAM83H,-0.247
FAM84A,0.1582
FAM84B,-0.031489
FAM86B1,0.093038
FAM86B2,-0.0010562
FAM86C1,0.029039
FAM89A,-0.0035933
FAM89B,0.013942
FAM8A1,-0.043275
FAM90A1,-0.013568
FAM91A1,0.21032
FAM92A1,-0.033758
FAM92B,0.035403
FAM96A,-0.031082
FAM96B,0.62904
FAM98A,0.1337
FAM98B,0.15714
FAM98C,0.22634
FAM9A,0.25225
FAM9B,0.070003
FAM9C,-0.039447
FAN1,-0.063138
FANCA,-0.013468
FANCB,0.015372
FANCC,-0.041712
FANCD2,0.11432
FANCD2OS,0.051383
FANCE,0.061123
FANCF,0.092665
FANCG,0.053098
FANCI,-0.04219
FANCL,-0.049489
FANCM,-0.058168
FANK1,-0.075226
FAP,0.040169
FAR1,-0.044202
FAR2,0.060779
FARP1,-0.0072848
FARP2,0.07708
FARS2,0.16506
FARSA,0.34182
FARSB,0.13748
FAS,-0.033286
FASLG,-0.03421
FASN,0.0063389
FASTK,-0.031685
FASTKD1,-0.078549
FASTKD2,-0.091099
FASTKD3,0.22732
FASTKD5,0.055736
FAT1,0.015767
FAT2,-0.016377
FAT3,-0.089094
FAT4,-0.15903
FATE1,-0.040199
FAU,0.42873
FAXC,-0.091406
FAXDC2,-0.12988
FBF1,-0.079812
FBL,0.40003
FBLIM1,0.055064
FBLN1,0.0016168
FBLN2,-0.035662
FBLN5,-0.040564
FBLN7,0.13474
FBN1,-0.10743
FBN2,-0.11474
FBN3,0.15118
FBP1,-0.058591
FBP2,-0.21451
FBRS,0.07195
FBRSL1,0.077942
FBXL12,-0.10779
FBXL13,0.013167
FBXL14,-0.069125
FBXL15,-0.081904
FBXL16,-0.052249
FBXL17,0.0064797
FBXL18,-0.1005
FBXL19,0.07011
FBXL2,-0.075199
FBXL20,0.21756
FBXL21,-0.052587
FBXL22,0.083435
FBXL3,-0.035598
FBXL4,0.026739
FBXL5,0.020667
FBXL6,-0.073492
FBXL7,-0.0024886
FBXL8,0.16248
FBXO10,-0.079915
FBXO11,0.12462
FBXO15,0.0016207
FBXO16,0.062459
FBXO17,-0.066436
FBXO18,-0.028328
FBXO2,0.073
FBXO21,-0.16163
FBXO22,-0.017175
FBXO24,-0.041332
FBXO25,-0.079494
FBXO27,0.038664
FBXO28,-0.060924
FBXO3,0.041145
FBXO30,-0.1472
FBXO31,0.2021
FBXO32,0.016376
FBXO33,-0.16554
FBXO34,-0.12625
FBXO36,-0.057902
FBXO38,-0.10766
FBXO39,-0.054674
FBXO4,-0.065653
FBXO40,-0.0067114
FBXO41,-0.1112
FBXO42,0.14275
FBXO43,-0.066512
FBXO44,-0.054096
FBXO45,-0.020929
FBXO46,-0.17011
FBXO47,0.10754
FBXO48,0.077831
FBXO5,0.18422
FBXO6,0.076953
FBXO7,-0.22552
FBXO8,-0.087378
FBXO9,0.098772
FBXW10,-0.050402
FBXW11,0.17702
FBXW12,0.051771
FBXW2,-0.0090016
FBXW4,0.0087622
FBXW5,-0.077279
FBXW7,0.15348
FBXW8,0.093001
FBXW9,-0.12535
FCAMR,-0.074377
FCAR,0.041454
FCER1A,0.11719
FCER1G,0.031503
FCER2,0.056915
FCF1,0.17065
FCGR1A,0.082579
FCGR1B,0.011644
FCGR2A,-0.0083481
FCGR2B,0.10698
FCGR3A,0.11405
FCGR3B,-0.10877
FCGRT,-0.11584
FCHO1,0.096504
FCHO2,-0.14856
FCHSD1,-0.15551
FCHSD2,-0.03322
FCN1,0.019951
FCN2,-0.06932
FCN3,-0.019566
FCRL1,0.10114
FCRL2,-0.038648
FCRL3,0.073412
FCRL4,-0.12707
FCRL5,0.026396
FCRL6,0.23853
FCRLA,-0.020254
FCRLB,-0.12421
FDCSP,-0.046451
FDFT1,-0.016794
FDPS,0.14892
FDX1,0.044177
FDX1L,0.48325
FDXACB1,-0.13225
FDXR,0.095303
FECH,0.024994
FEM1A,-0.12237
FEM1B,0.048139
FEM1C,-0.27298
FEN1,0.29396
FER,0.025327
FER1L5,-0.042926
FER1L6,-0.096214
FERD3L,-0.076879
FERMT1,0.044411
FERMT2,0.013496
FERMT3,-0.013347
FES,0.021369
FETUB,-0.088658
FEV,0.17774
FEZ1,-0.036264
FEZ2,-0.056632
FEZF1,0.0029599
FEZF2,0.040262
FFAR1,-0.12658
FFAR2,-0.14505
FFAR3,0.20789
FFAR4,0.033374
FGA,-0.16293
FGB,0.042646
FGD1,-0.093091
FGD2,0.10244
FGD3,-0.16251
FGD4,0.11957
FGD5,-0.00095897
FGD6,-0.07329
FGF1,0.087821
FGF10,-0.082784
FGF11,-0.074303
FGF12,-0.11278
FGF13,-0.23464
FGF14,-0.13187
FGF16,-0.27023
FGF17,0.032151
FGF18,0.058855
FGF2,0.17545
FGF20,-0.091384
FGF21,0.050236
FGF22,-0.05174
FGF23,-0.016987
FGF3,0.074599
FGF4,0.015853
FGF5,-0.11602
FGF6,-0.24795
FGF7,0.054831
FGF8,0.054037
FGF9,-0.087251
FGFBP1,-0.062149
FGFBP2,0.011214
FGFBP3,-0.024177
FGFR1,-0.095252
FGFR1OP,0.074483
FGFR1OP2,-0.054873
FGFR2,-0.05402
FGFR3,0.0072544
FGFR4,0.1577
FGFRL1,-0.021032
FGG,-0.012991
FGGY,0.064821
FGL1,0.17929
FGL2,-0.14829
FGR,-0.13486
FH,0.098812
FHAD1,0.24168
FHDC1,-0.036948
FHIT,-0.0054797
FHL1,-0.0099189
FHL2,-0.015368
FHL3,0.020746
FHL5,-0.10091
FHOD1,-0.13171
FHOD3,-0.044194
FIBCD1,0.16298
FIBIN,-0.032073
FIBP,-0.45876
FICD,-0.030985
FIG4,-0.090243
FIGF,0.079228
FIGLA,0.026501
FIGN,-0.2177
FIGNL1,0.094241
FIGNL2,0.032162
FILIP1,-0.15232
FILIP1L,-0.10735
FIP1L1,0.041348
FIS1,-0.012873
FITM1,-0.00050478
FITM2,-0.17019
FIZ1,-0.10534
FJX1,0.10346
FKBP10,-0.10394
FKBP11,-0.042861
FKBP14,0.084298
FKBP15,0.0101
FKBP1A,0.007401
FKBP1B,0.023314
FKBP2,0.10301
FKBP3,-0.014235
FKBP4,-0.12935
FKBP5,-0.039798
FKBP6,-0.035017
FKBP7,-0.15458
FKBP8,-0.078907
FKBP9,0.11935
FKBPL,-0.06347
FKRP,-0.10417
FKTN,-0.12387
FLAD1,0.036709
FLCN,0.14545
FLG,0.061419
FLG2,-0.025763
FLI1,-0.095425
FLII,-0.017341
FLJ44635,-0.087096
FLJ45513,-0.00093343
FLNA,0.037525
FLNB,-0.018066
FLNC,0.037702
FLOT1,0.0011525
FLOT2,-0.16412
FLRT1,0.011228
FLRT2,0.046468
FLRT3,-0.056669
FLT1,0.084057
FLT3,-0.042732
FLT3LG,0.12907
FLT4,-0.11047
FLVCR1,0.10412
FLVCR2,0.0071337
FLYWCH1,0.10093
FLYWCH2,0.048566
FMN1,-0.064252
FMN2,-0.062324
FMNL1,-0.051042
FMNL2,-0.058636
FMNL3,0.054491
FMO1,0.063042
FMO2,-0.072631
FMO3,0.066201
FMO4,-0.023759
FMO5,0.032681
FMOD,-0.10893
FMR1,0.11905
FMR1NB,-0.076061
FN1,0.073269
FN3K,0.04264
FN3KRP,-0.07205
FNBP1,-0.042101
FNBP1L,-0.052026
FNBP4,0.022486
FNDC1,0.014359
FNDC3A,0.1192
FNDC3B,-0.09708
FNDC4,-0.047651
FNDC5,-0.12618
FNDC7,0.042877
FNDC8,0.052258
FNDC9,0.024323
FNIP1,0.088656
FNIP2,0.020776
FNTA,0.16519
FNTB,0.27391
FOCAD,0.17285
FOLH1,-0.016361
FOLH1B,0.03477
FOLR1,-0.19865
FOLR2,-0.090905
FOLR3,0.11105
FOPNL,-0.015904
FOS,0.27209
FOSB,0.15083
FOSL1,0.13046
FOSL2,-0.085644
FOXA1,-0.11357
FOXA2,-0.060963
FOXA3,0.030292
FOXB1,0.055373
FOXB2,-0.059139
FOXC1,-0.021488
FOXC2,-0.082376
FOXD1,0.10045
FOXD2,-0.20261
FOXD3,-0.050486
FOXD4,0.079408
FOXD4L1,0.28503
FOXD4L3,0.30599
FOXD4L4,0.10772
FOXD4L5,0.10495
FOXD4L6,0.20788
FOXE1,-0.11609
FOXE3,-0.12476
FOXF1,-0.14149
FOXF2,-0.057486
FOXG1,-0.14521
FOXH1,0.2054
FOXI1,0.043267
FOXI2,-0.094703
FOXI3,-0.068747
FOXJ1,-0.015888
FOXJ2,-0.068157
FOXJ3,-0.026107
FOXK1,0.076613
FOXK2,-0.0065724
FOXL1,-0.089632
FOXL2,-0.043166
FOXL2NB,-0.25185
FOXM1,0.039349
FOXN1,0.084174
FOXN2,0.089308
FOXN3,0.094009
FOXN4,0.12168
FOXO1,0.3215
FOXO3,-0.13308
FOXO4,-0.11737
FOXO6,0.023281
FOXP1,0.14367
FOXP2,-0.0082396
FOXP3,0.025176
FOXP4,0.034294
FOXQ1,-0.16362
FOXR1,0.040896
FOXR2,0.066835
FOXRED1,0.031535
FOXRED2,-0.026032
FOXS1,0.053243
FPGS,0.28972
FPGT,-0.11594
FPGT-TNNI3K,0.0087255
FPR1,-0.13738
FPR2,0.039027
FPR3,-0.15845
FRA10AC1,0.044299
FRAS1,-0.11401
FRAT1,-0.11552
FRAT2,-0.14233
FREM1,-0.086701
FREM2,0.034656
FREM3,-0.08553
FRG1,0.049828
FRG2,-0.059143
FRG2B,0.22137
FRG2C,0.0046816
FRK,0.050405
FRMD1,0.066837
FRMD3,-0.10604
FRMD4A,-0.18364
FRMD4B,-0.068015
FRMD5,0.050404
FRMD6,-0.041204
FRMD7,-0.13097
FRMD8,0.038752
FRMPD1,0.026276
FRMPD2,-0.069466
FRMPD3,-0.010211
FRMPD4,-0.10114
FRRS1,-0.11425
FRRS1L,0.044028
FRS2,-0.025009
FRS3,0.028996
FRY,-0.071449
FRYL,-0.079094
FRZB,-0.14063
FSBP,0.043878
FSCB,0.16453
FSCN1,0.016086
FSCN2,0.050366
FSCN3,0.047521
FSD1,0.18425
FSD1L,-0.074656
FSD2,0.17365
FSHB,-0.11678
FSHR,0.030358
FSIP1,0.009112
FSIP2,0.14026
FST,-0.079782
FSTL1,0.10213
FSTL3,-0.035673
FSTL4,0.005618
FSTL5,-0.10119
FTCD,-0.071667
FTH1,0.0014857
FTH1P18,-0.097508
FTHL17,-0.018221
FTL,0.22558
FTMT,-0.067608
FTO,0.04295
FTSJ1,-0.048718
FTSJ2,0.018264
FTSJ3,0.10854
FUBP1,-0.27409
FUBP3,0.012676
FUCA1,-0.03492
FUCA2,-0.060807
FUK,0.092365
FUNDC1,0.016894
FUNDC2,-0.10748
FUOM,-0.021775
FURIN,0.01423
FUS,0.17836
FUT1,-0.010917
FUT10,0.052041
FUT11,-0.078532
FUT2,0.029709
FUT3,0.032092
FUT4,0.011177
FUT5,0.059898
FUT6,-0.018183
FUT7,0.12197
FUT8,0.15716
FUT9,-0.12364
FUZ,0.13435
FXN,0.012375
FXR1,-0.0076351
FXR2,0.036036
FXYD1,0.13881
FXYD2,0.11734
FXYD3,0.10672
FXYD4,0.034852
FXYD5,-0.13875
FXYD6,0.046343
FXYD6-FXYD2,-0.054171
FXYD7,-0.1124
FYB,0.10721
FYCO1,0.0022762
FYN,0.053118
FYTTD1,0.0050158
FZD1,-0.040643
FZD10,0.019082
FZD2,-0.045802
FZD3,-0.018794
FZD4,0.081281
FZD5,-0.12837
FZD6,-0.16564
FZD7,-0.20432
FZD8,-0.0048062
FZD9,-0.091869
FZR1,-0.0094994
G0S2,0.044864
G2E3,-0.014983
G3BP1,0.031815
G3BP2,0.10059
G6PC,0.12568
G6PC2,-0.058778
G6PC3,0.0060509
G6PD,0.060225
GAA,-0.084468
GAB1,-0.14042
GAB2,-0.07479
GAB3,-0.15895
GAB4,-0.025834
GABARAP,0.16687
GABARAPL1,0.013053
GABARAPL2,0.1959
GABBR1,0.19038
GABBR2,0.16593
GABPA,0.10583
GABPB1,-0.11273
GABPB2,0.017878
GABRA1,0.11795
GABRA2,-0.08073
GABRA3,0.034867
GABRA4,0.02166
GABRA5,0.0031454
GABRA6,-0.039845
GABRB1,-0.022254
GABRB2,0.027073
GABRB3,-0.17109
GABRD,0.020385
GABRE,0.069627
GABRG1,-0.10292
GABRG2,-0.06796
GABRG3,0.1034
GABRP,0.04941
GABRQ,0.020761
GABRR1,-0.024418
GABRR2,-0.23619
GABRR3,-0.079576
GAD1,0.066682
GAD2,-0.019111
GADD45A,-0.24531
GADD45B,-0.13894
GADD45G,-0.19326
GADD45GIP1,-0.17408
GADL1,-0.048347
GAGE1,0.036257
GAGE10,0.054125
GAGE12C,0.26256
GAGE12H,-0.039771
GAGE12I,0.15397
GAGE12J,-0.075472
GAGE2A,-0.054812
GAGE2B,0.044677
GAGE2D,0.0036195
GAK,-0.025052
GAL,-0.15058
GAL3ST1,-0.07555
GAL3ST2,-0.029634
GAL3ST3,-0.3318
GAL3ST4,-0.034666
GALC,-0.11508
GALE,-0.09528
GALK1,0.030136
GALK2,0.054589
GALM,0.048334
GALNS,-0.13163
GALNT1,0.10832
GALNT10,0.00503
GALNT11,0.091418
GALNT12,-0.0033282
GALNT13,-0.042279
GALNT14,0.00029058
GALNT15,-0.0039267
GALNT16,-0.071367
GALNT18,-0.024601
GALNT2,0.022064
GALNT3,0.055887
GALNT4,-0.056839
GALNT5,0.040907
GALNT6,-0.10607
GALNT7,-0.15364
GALNT8,-0.076294
GALNT9,-0.061638
GALNTL5,-0.0053736
GALNTL6,-0.027099
GALP,0.061826
GALR1,0.031041
GALR2,-0.0073548
GALR3,-0.27394
GALT,0.036282
GAMT,-0.024677
GAN,0.033862
GANAB,0.098082
GANC,-0.056477
GAP43,-0.14598
GAPDH,0.11675
GAPDHS,0.056096
GAPT,-0.064396
GAPVD1,-0.067297
GAR1,0.10622
GAREM,-0.0414
GAREML,0.0024854
GARNL3,0.12043
GARS,0.42628
GART,0.4733
GAS1,-0.18433
GAS2,-0.066654
GAS2L1,-0.085942
GAS2L2,-0.042982
GAS2L3,-0.10032
GAS6,0.035226
GAS7,0.066043
GAS8,-0.15912
GAST,0.081162
GATA1,-0.041814
GATA2,0.047279
GATA3,0.42886
GATA4,-0.0081616
GATA5,-0.0632
GATA6,-0.094829
GATAD1,-0.10977
GATAD2A,0.087302
GATAD2B,0.13692
GATB,-0.19369
GATC,-0.10265
GATM,-0.086717
GATS,-0.20277
GATSL2,0.033888
GATSL3,0.0037618
GBA,0.035841
GBA2,-0.083488
GBAS,-0.15724
GBE1,0.080373
GBF1,0.27106
GBGT1,-0.059038
GBP1,0.075352
GBP2,0.074878
GBP3,-0.10357
GBP4,-0.034296
GBP5,0.070386
GBP6,-0.08589
GBP7,-0.017656
GBX1,-0.13522
GBX2,-0.10815
GC,-0.05995
GCA,0.10856
GCAT,0.057701
GCC1,0.012029
GCC2,0.041353
GCDH,-0.058394
GCFC2,-0.16372
GCG,-0.030669
GCGR,-0.19405
GCH1,-0.013186
GCHFR,0.15698
GCK,0.08891
GCKR,0.086453
GCLC,0.31585
GCLM,0.32768
GCM1,-0.096695
GCM2,0.044157
GCN1L1,-0.11776
GCNT1,0.11061
GCNT2,0.15604
GCNT3,-0.073788
GCNT4,0.031708
GCNT7,0.095146
GCOM1,0.10803
GCSAM,0.010719
GCSAML,-0.12191
GCSH,0.19257
GDA,0.070715
GDAP1,0.19823
GDAP1L1,-0.045298
GDAP2,0.054218
GDE1,0.24199
GDF1,0.1102
GDF10,-0.031468
GDF11,0.018389
GDF15,-0.1437
GDF2,0.15678
GDF3,0.15505
GDF5,0.10125
GDF6,0.24755
GDF7,-0.026969
GDF9,0.051788
GDI1,0.024539
GDI2,0.15508
GDNF,-0.023821
GDNF-AS1,0.038126
GDPD1,-0.087728
GDPD2,0.1868
GDPD3,0.073095
GDPD4,-0.054085
GDPD5,0.046291
GDPGP1,-0.041998
GEM,-0.05268
GEMIN2,0.17979
GEMIN4,0.19162
GEMIN5,0.083628
GEMIN6,0.015324
GEMIN7,0.010435
GEMIN8,0.31596
GEN1,0.033684
GET4,-0.012386
GFAP,-0.011955
GFER,0.56824
GFI1,0.115
GFI1B,-0.065392
GFM1,-0.022602
GFM2,0.14164
GFOD1,-0.0264
GFOD2,0.06051
GFPT1,0.27449
GFPT2,-0.089376
GFRA1,0.049626
GFRA2,-0.0083491
GFRA3,-0.012544
GFRA4,-0.037791
GFRAL,0.039947
GFY,0.06538
GGA1,-0.11285
GGA2,0.23551
GGA3,0.24171
GGACT,-0.1619
GGCT,0.027785
GGCX,0.088521
GGH,0.043853
GGN,0.016315
GGNBP2,-0.0097313
GGPS1,0.049755
GGT1,0.049867
GGT5,-0.047209
GGT6,0.058774
GGT7,-0.080755
GGTLC1,0.11208
GGTLC2,0.19248
GH1,-0.024353
GH2,-0.11434
GHDC,0.19936
GHITM,0.015228
GHR,0.022237
GHRH,0.0074103
GHRHR,-0.0015165
GHRL,0.058832
GHSR,-0.23342
GID4,0.018709
GID8,0.16482
GIF,0.015661
GIGYF1,-0.064191
GIGYF2,-0.12882
GIMAP1,0.011269
GIMAP1-GIMAP5,-0.092032
GIMAP2,-0.072359
GIMAP4,-0.13244
GIMAP5,-0.04513
GIMAP6,0.12701
GIMAP7,-0.054265
GIMAP8,-0.11979
GIMD1,0.10207
GIN1,-0.083582
GINM1,-0.025989
GINS1,-0.07798
GINS2,0.12523
GINS3,0.13183
GINS4,0.065135
GIP,-0.11685
GIPC1,0.084323
GIPC2,0.0087961
GIPC3,-0.029209
GIPR,0.19844
GIT1,-0.059386
GIT2,0.067411
GJA1,0.052872
GJA10,-0.052004
GJA3,-0.059967
GJA4,0.031341
GJA5,0.056203
GJA8,-0.11792
GJA9,-0.072589
GJB1,0.0028373
GJB2,-0.098147
GJB3,-0.23913
GJB4,-0.043234
GJB5,-0.026542
GJB6,0.05045
GJB7,0.073733
GJC1,-0.097462
GJC2,-0.022971
GJC3,0.043188
GJD2,-0.099089
GJD3,-0.061959
GJD4,0.011267
GK,-0.083908
GK2,-0.0076461
GK5,-0.00071698
GKAP1,0.0026463
GKN1,0.024475
GKN2,0.031842
GLA,0.018601
GLB1,0.067969
GLB1L,-0.057196
GLB1L2,-0.34471
GLB1L3,-0.089873
GLCCI1,-0.091054
GLCE,-0.05284
GLDC,-0.091182
GLDN,0.02046
GLE1,0.19332
GLG1,0.073718
GLI1,0.0093034
GLI2,-0.0091046
GLI3,-0.099712
GLI4,-0.0055459
GLIPR1,-0.071326
GLIPR1L1,0.14246
GLIPR1L2,-0.11313
GLIPR2,0.0049564
GLIS1,0.020142
GLIS2,-0.043145
GLIS3,-0.098216
GLMN,-0.081536
GLMP,-0.068251
GLO1,-0.040132
GLOD4,0.071476
GLOD5,0.038421
GLP1R,0.02151
GLP2R,0.12243
GLRA1,-0.014436
GLRA2,-0.057526
GLRA3,-0.071599
GLRA4,-0.092022
GLRB,0.019013
GLRX,-0.29317
GLRX2,0.047449
GLRX3,-0.033125
GLRX5,0.0016573
GLS,0.17189
GLS2,0.030361
GLT1D1,-0.055126
GLT6D1,0.077458
GLT8D1,-0.1578
GLT8D2,-0.032817
GLTP,-0.017324
GLTPD2,-0.12488
GLTSCR1,0.1091
GLTSCR1L,0.085052
GLTSCR2,0.36645
GLUD1,0.050477
GLUD2,0.092584
GLUL,0.11048
GLYAT,0.00076474
GLYATL1,-0.086698
GLYATL2,-0.10622
GLYATL3,-0.1402
GLYCTK,0.0028052
GLYR1,-0.0089837
GM2A,-0.24263
GMCL1,-0.044066
GMDS,0.016216
GMEB1,0.07074
GMEB2,-0.14767
GMFB,0.030374
GMFG,0.088438
GMIP,-0.00043123
GML,-0.017832
GMNC,-0.078213
GMNN,0.22969
GMPPA,0.058321
GMPPB,0.6189
GMPR,-0.064677
GMPR2,-0.085811
GMPS,0.54173
GNA11,-0.15588
GNA12,-0.0037495
GNA13,-0.28858
GNA14,-0.0035838
GNA15,-0.01486
GNAI1,0.013788
GNAI2,-0.12123
GNAI3,-0.059546
GNAL,-0.16775
GNAO1,-0.067709
GNAQ,0.059919
GNAS,-0.14438
GNAT1,0.17584
GNAT2,-0.070267
GNAT3,-0.051019
GNAZ,-0.048563
GNB1,-0.11991
GNB1L,-0.0389
GNB2,-0.11994
GNB2L1,0.065691
GNB3,-0.068966
GNB4,0.0055105
GNB5,0.1478
GNE,0.038561
GNG10,-0.005376
GNG11,-0.01605
GNG12,-0.00043539
GNG2,-0.11522
GNG3,-0.035179
GNG4,-0.075074
GNG5,-0.15098
GNG7,-0.044319
GNG8,0.075228
GNGT1,-0.20139
GNGT2,-0.046695
GNL1,-0.06112
GNL2,0.13688
GNL3,0.44514
GNL3L,0.17767
GNLY,-0.061522
GNMT,-0.066499
GNPAT,-0.022885
GNPDA1,-0.087143
GNPDA2,0.090749
GNPNAT1,0.067855
GNPTAB,0.0095125
GNPTG,-0.14425
GNRH1,-0.033719
GNRH2,0.12146
GNRHR,-0.068223
GNS,0.036714
GOLGA1,-0.0863
GOLGA2,0.072992
GOLGA3,0.19325
GOLGA4,-0.06925
GOLGA5,0.09745
GOLGA6A,-0.038615
GOLGA6B,0.13398
GOLGA6C,0.18473
GOLGA6D,0.16451
GOLGA6L1,0.35246
GOLGA6L10,0.42934
GOLGA6L2,-0.21778
GOLGA6L4,0.0094476
GOLGA6L6,-0.00091939
GOLGA6L9,0.1881
GOLGA7,-0.14278
GOLGA7B,0.018515
GOLGA8A,0.051488
GOLGA8B,-0.063473
GOLGA8H,0.13822
GOLGA8J,0.20033
GOLGA8K,0.036696
GOLGA8M,0.089592
GOLGA8N,0.078764
GOLGA8O,0.13617
GOLGA8R,0.15408
GOLGB1,-0.025407
GOLIM4,-0.075699
GOLM1,-0.0030956
GOLPH3,-0.2587
GOLPH3L,-0.016793
GOLT1A,0.015504
GOLT1B,-0.012488
GON4L,0.10423
GOPC,-0.15596
GORAB,-0.021947
GORASP1,0.075979
GORASP2,-0.12107
GOSR1,0.11148
GOSR2,-0.034157
GOT1,-0.001728
GOT1L1,-0.073721
GOT2,-0.090345
GP1BA,-0.15202
GP1BB,0.0858
GP2,0.10327
GP5,-0.23611
GP6,-0.11873
GP9,-0.064847
GPA33,0.014027
GPAA1,0.00028639
GPALPP1,0.027293
GPAM,0.025416
GPANK1,-0.032927
GPAT2,-0.044789
GPATCH1,0.079861
GPATCH11,0.076674
GPATCH2,-0.047703
GPATCH2L,0.013522
GPATCH3,-0.026408
GPATCH4,-0.13671
GPATCH8,0.030127
GPBAR1,0.0060887
GPBP1,0.22708
GPBP1L1,-0.0047878
GPC1,-0.062221
GPC2,0.11926
GPC3,0.099564
GPC4,0.043327
GPC5,-0.0010824
GPC6,-0.11518
GPCPD1,0.086127
GPD1,-0.067146
GPD1L,-0.13772
GPD2,0.040688
GPER1,-0.087875
GPHA2,-0.034493
GPHB5,0.14993
GPHN,0.11754
GPI,-0.16762
GPIHBP1,-0.21592
GPKOW,0.15112
GPLD1,0.030005
GPM6A,-0.11651
GPM6B,-0.09299
GPN1,0.50061
GPN2,0.35898
GPN3,0.00010657
GPNMB,-0.048098
GPR1,-0.018604
GPR101,-0.12357
GPR107,0.041718
GPR108,-0.14111
GPR119,0.072647
GPR12,0.20445
GPR132,0.051407
GPR135,-0.05225
GPR137,0.041739
GPR137B,0.024353
GPR137C,0.058454
GPR139,0.11635
GPR141,-0.098147
GPR142,-0.041234
GPR143,-0.091973
GPR146,0.035324
GPR148,-0.10123
GPR149,0.06271
GPR15,-0.031106
GPR150,-0.078302
GPR151,-0.039311
GPR152,-0.023854
GPR153,0.013232
GPR155,0.0052909
GPR156,0.1105
GPR157,-0.048628
GPR158,-0.16868
GPR160,0.093383
GPR161,-0.050013
GPR162,0.17417
GPR17,-0.11007
GPR171,0.090328
GPR173,-0.15405
GPR174,-0.12318
GPR176,-0.021472
GPR179,-0.066024
GPR18,-0.022897
GPR180,0.052736
GPR182,-0.014339
GPR183,-0.040516
GPR19,0.058158
GPR20,0.098675
GPR21,-0.012264
GPR22,-0.085317
GPR25,-0.0026739
GPR26,-0.047511
GPR27,-0.052401
GPR3,-0.015629
GPR31,0.068928
GPR32,-0.084438
GPR33,0.077766
GPR34,0.13591
GPR35,-0.094951
GPR37,-0.11288
GPR37L1,-0.063853
GPR39,-0.10223
GPR4,0.17639
GPR45,0.021732
GPR50,0.17878
GPR52,0.0062323
GPR55,-0.12097
GPR6,0.020259
GPR61,-0.0054206
GPR62,0.22878
GPR63,-0.21827
GPR65,-0.14541
GPR68,0.056312
GPR75,0.031912
GPR75-ASB3,-0.092748
GPR78,-0.19939
GPR82,0.056485
GPR83,-0.05332
GPR84,-0.05853
GPR85,-0.10582
GPR87,0.065651
GPR88,-0.057769
GPR89A,-0.020587
GPR89B,0.076841
GPRASP1,0.039407
GPRASP2,0.075957
GPRC5A,-0.10298
GPRC5B,0.022603
GPRC5C,0.13725
GPRC5D,-0.033194
GPRC6A,-0.025694
GPRIN1,0.14149
GPRIN2,0.0090298
GPRIN3,-0.10063
GPS1,-0.091498
GPS2,-0.0071305
GPSM1,-0.12811
GPSM2,-0.0035903
GPSM3,-0.095845
GPT,0.1231
GPX1,0.07165
GPX2,0.04809
GPX3,-0.023038
GPX4,-0.045562
GPX5,-0.053753
GPX6,0.009624
GPX7,0.077629
GPX8,-0.074338
GRAMD1A,0.027615
GRAMD1B,-0.072295
GRAMD1C,0.20195
GRAMD2,0.087521
GRAMD3,0.055448
GRAMD4,-0.106
GRAP,-0.033183
GRAP2,0.48184
GRAPL,0.054224
GRASP,0.019068
GRB10,0.034476
GRB14,0.037067
GRB2,0.161
GRB7,0.034883
GREB1,0.053725
GREB1L,-0.038599
GREM1,-0.20547
GREM2,-0.085765
GRHL1,-0.16821
GRHL2,0.087526
GRHL3,0.018756
GRHPR,-0.12179
GRIA1,-0.13843
GRIA2,-0.020685
GRIA3,0.0025396
GRIA4,-0.14375
GRID1,-0.051342
GRID2,0.021059
GRID2IP,0.017524
GRIFIN,-0.17626
GRIK1,0.11759
GRIK2,-0.015109
GRIK3,-0.042408
GRIK4,0.15869
GRIK5,0.096062
GRIN1,0.093823
GRIN2A,-0.04156
GRIN2B,-0.13131
GRIN2C,0.019084
GRIN2D,0.096451
GRIN3A,-0.056269
GRIN3B,-0.036775
GRINA,0.041119
GRIP1,-0.048463
GRIP2,-0.079587
GRIPAP1,-0.017397
GRK4,-0.089111
GRK5,-0.028
GRK6,0.083902
GRK7,0.081876
GRM1,-0.045887
GRM2,-0.15678
GRM3,0.055652
GRM4,0.17373
GRM5,-0.097362
GRM6,0.087037
GRM7,0.047884
GRM8,-0.03504
GRN,-0.057015
GRP,-0.086695
GRPEL1,0.755
GRPEL2,0.086711
GRPR,0.042773
GRSF1,-0.096868
GRTP1,-0.054951
GRWD1,0.032761
GRXCR1,-0.066373
GRXCR2,0.034194
GS1-259H13.2,-0.082587
GSAP,-0.04145
GSC,0.033649
GSC2,0.068076
GSDMA,-0.067263
GSDMB,0.0069686
GSDMC,-0.07803
GSDMD,0.043665
GSE1,0.058045
GSG1,0.08858
GSG1L,-0.056121
GSG2,0.043342
GSK3A,0.15625
GSK3B,-0.10326
GSKIP,-0.012176
GSN,-0.088371
GSPT1,-0.10417
GSPT2,-0.10447
GSR,0.037275
GSS,0.015741
GSTA1,-0.076685
GSTA2,0.046563
GSTA3,-0.028221
GSTA4,0.049578
GSTA5,0.099263
GSTCD,-0.037225
GSTK1,-0.13518
GSTM1,-0.0049265
GSTM2,-0.042631
GSTM3,0.010721
GSTM4,-0.16366
GSTM5,-0.010048
GSTO1,-0.084904
GSTO2,0.080931
GSTP1,-0.042311
GSTT2B,-0.023473
GSTZ1,0.0073621
GSX1,-0.064125
GSX2,-0.012774
GTDC1,-0.11013
GTF2A1,0.1077
GTF2A1L,-0.083976
GTF2A2,0.15258
GTF2B,0.072203
GTF2E1,-0.014238
GTF2E2,0.035203
GTF2F1,0.056946
GTF2F2,-0.076943
GTF2H1,0.34711
GTF2H2,-0.054586
GTF2H2C,0.013858
GTF2H3,0.1032
GTF2H4,0.20057
GTF2H5,-0.099119
GTF2I,-0.086358
GTF2IRD1,-0.00060496
GTF2IRD2,0.12555
GTF2IRD2B,-0.073031
GTF3A,0.555
GTF3C1,0.2659
GTF3C2,0.069578
GTF3C3,0.15649
GTF3C4,0.098013
GTF3C5,0.099463
GTF3C6,0.045662
GTPBP1,-0.034776
GTPBP10,0.079881
GTPBP2,0.061772
GTPBP3,-0.078029
GTPBP4,0.37938
GTPBP6,-0.11747
GTPBP8,-0.15484
GTSCR1,0.028929
GTSE1,0.057111
GTSF1,-0.11589
GTSF1L,-0.020344
GUCA1A,0.044739
GUCA1B,0.15736
GUCA1C,0.1419
GUCA2A,-0.11314
GUCA2B,-0.022202
GUCD1,-0.010235
GUCY1A2,0.086631
GUCY1A3,0.084699
GUCY1B3,0.072914
GUCY2C,0.011182
GUCY2D,-0.0054106
GUCY2F,-0.062359
GUF1,0.001461
GUK1,0.22767
GULP1,0.029289
GUSB,-0.15554
GXYLT1,-0.12807
GXYLT2,-0.077826
GYG1,0.034959
GYG2,0.24908
GYLTL1B,-0.056383
GYPA,-0.061436
GYPB,-0.057464
GYPC,-0.058421
GYPE,0.094623
GYS1,-0.17707
GYS2,0.013881
GZF1,0.13687
GZMA,-0.043675
GZMB,-0.010462
GZMH,0.014786
GZMK,-0.071385
GZMM,-0.079603
H1F0,0.13133
H1FNT,-0.046496
H1FOO,-0.18621
H1FX,0.13206
H2AFB1,-0.019516
H2AFB2,0.041068
H2AFB3,0.019108
H2AFJ,-0.033953
H2AFV,-0.049293
H2AFX,0.2126
H2AFY,0.094088
H2AFY2,-0.096984
H2AFZ,-0.017175
H2BFM,-0.17709
H2BFWT,-0.12132
H3F3A,0.016996
H3F3B,0.14766
H3F3C,-0.046639
H6PD,0.079128
HAAO,0.16102
HABP2,-0.024955
HABP4,-0.040057
HACD1,0.010564
HACD2,-0.056179
HACD4,-0.04306
HACE1,-0.078558
HACL1,-0.11644
HADH,0.059088
HADHA,-0.038302
HADHB,-0.069709
HAGH,-0.16813
HAGHL,0.033806
HAL,-0.066158
HAMP,-0.01094
HAND1,-0.081804
HAND2,0.071036
HAO1,-0.029299
HAO2,-0.0065269
HAP1,-0.042716
HAPLN1,-0.089025
HAPLN2,-0.085717
HAPLN3,-0.14586
HAPLN4,0.09076
HARBI1,-0.094354
HARS,0.59211
HARS2,0.070001
HAS1,-0.089274
HAS2,0.059879
HAS3,-0.046238
HAT1,-0.012148
HAUS1,0.14793
HAUS2,0.14292
HAUS3,-0.05125
HAUS4,0.1231
HAUS5,0.050507
HAUS6,0.033402
HAUS7,0.3474
HAUS8,-0.010303
HAVCR1,0.1512
HAVCR2,-0.068862
HAX1,-0.051334
HBA1,-0.21846
HBA2,-0.079465
HBB,-0.058324
HBD,0.061284
HBE1,-0.076006
HBEGF,-0.020647
HBG2,-0.050447
HBM,-0.13287
HBP1,-0.087153
HBQ1,-0.083494
HBS1L,0.12241
HBZ,-0.080986
HCAR1,-0.032172
HCAR2,-0.013751
HCAR3,-0.11432
HCCS,-0.23275
HCFC1,0.15971
HCFC1R1,0.27483
HCFC2,-0.087869
HCK,-0.041693
HCLS1,-0.11788
HCN1,-0.24174
HCN2,-0.0098344
HCN3,0.040352
HCN4,-0.030126
HCRT,-0.073712
HCRTR1,0.020629
HCRTR2,0.00046805
HCST,-0.1633
HDAC1,0.10215
HDAC10,0.053758
HDAC11,-0.0063467
HDAC2,-0.016782
HDAC3,0.02149
HDAC4,0.11962
HDAC5,0.023276
HDAC6,-0.13062
HDAC7,0.2182
HDAC8,0.025673
HDAC9,0.049514
HDC,0.05586
HDDC2,0.12428
HDDC3,-0.1062
HDGF,0.010101
HDGFL1,0.061439
HDGFRP2,-0.14348
HDGFRP3,-0.018109
HDHD1,-0.002242
HDHD2,0.048359
HDHD3,0.0070044
HDLBP,0.11967
HDX,0.07214
HEATR1,0.081587
HEATR3,0.1093
HEATR4,0.17336
HEATR5A,0.066024
HEATR5B,-0.040009
HEATR6,-0.079011
HEATR9,0.031074
HEBP1,0.10601
HEBP2,-0.10769
HECA,-0.072613
HECTD1,-0.12882
HECTD2,-0.097278
HECTD3,0.12261
HECTD4,0.11121
HECW1,-0.10035
HECW2,0.0088469
HEG1,-0.03064
HELB,0.026164
HELLS,-0.035965
HELQ,0.11202
HELT,-0.025893
HELZ,0.062449
HELZ2,-0.088587
HEMGN,0.13445
HEMK1,-0.013375
HENMT1,-0.01226
HEPACAM,-0.13138
HEPACAM2,0.028161
HEPH,-0.078446
HEPHL1,0.10057
HEPN1,0.18811
HERC1,-0.084592
HERC2,-0.11039
HERC3,-0.016276
HERC4,-0.023093
HERC5,-0.074151
HERC6,-0.16739
HERPUD1,0.062873
HERPUD2,0.14113
HES1,-0.13408
HES2,0.021592
HES3,-0.02913
HES4,-0.029427
HES5,0.078643
HES6,0.0048542
HES7,0.0055191
HESX1,0.045468
HEXA,0.061104
HEXB,0.071926
HEXDC,-0.0050194
HEXIM1,-0.28449
HEXIM2,-0.012725
HEY1,0.15184
HEY2,-0.053711
HEYL,-0.092966
HFE,-0.073236
HFE2,-0.031342
HFM1,0.033869
HGC6.3,-0.30751
HGD,-0.13371
HGF,-0.13932
HGFAC,-0.10802
HGH1,0.079673
HGS,-0.068337
HGSNAT,0.022716
HHAT,-0.047812
HHATL,-0.21403
HHEX,-0.019733
HHIP,0.06719
HHIPL1,-0.028762
HHIPL2,-0.012637
HHLA1,-0.042465
HHLA2,-0.11808
HHLA3,0.030173
HIAT1,0.10968
HIATL1,0.14824
HIBADH,0.07217
HIBCH,0.11696
HIC1,-0.21183
HIC2,-0.012174
HID1,-0.20719
HIF1A,-0.025691
HIF1AN,0.089651
HIF3A,0.017945
HIGD1A,-0.18628
HIGD1B,0.15746
HIGD1C,0.22659
HIGD2A,-0.088639
HILPDA,-0.015193
HINFP,-0.01869
HINT1,-0.18822
HINT2,-0.022539
HINT3,-0.12351
HIP1,0.038189
HIP1R,-0.13958
HIPK1,0.095315
HIPK2,-0.06646
HIPK3,-0.19372
HIPK4,0.092664
HIRA,0.055813
HIRIP3,-0.13602
HIST1H1A,0.18582
HIST1H1B,-0.06183
HIST1H1C,0.10599
HIST1H1D,0.063908
HIST1H1E,0.037623
HIST1H1T,0.14291
HIST1H2AA,-0.13748
HIST1H2AB,-0.047766
HIST1H2AC,0.093347
HIST1H2AD,-0.071512
HIST1H2AE,0.063255
HIST1H2AG,-0.18908
HIST1H2AH,0.083286
HIST1H2AI,-0.18273
HIST1H2AJ,-0.052858
HIST1H2AK,0.020838
HIST1H2AL,0.048759
HIST1H2AM,0.024431
HIST1H2BA,0.19579
HIST1H2BB,-0.0047051
HIST1H2BC,-0.073491
HIST1H2BD,-0.08896
HIST1H2BE,-0.081965
HIST1H2BF,-0.039442
HIST1H2BG,0.019253
HIST1H2BH,-0.011497
HIST1H2BI,0.27899
HIST1H2BJ,0.27403
HIST1H2BK,-0.076005
HIST1H2BL,0.17758
HIST1H2BM,0.25062
HIST1H2BN,0.049173
HIST1H2BO,-0.085366
HIST1H3A,-0.26052
HIST1H3B,-0.0036369
HIST1H3C,0.077444
HIST1H3D,0.10585
HIST1H3E,-0.01522
HIST1H3F,0.20131
HIST1H3G,-0.052519
HIST1H3H,-0.079575
HIST1H3I,-0.13286
HIST1H3J,-0.13426
HIST1H4A,-0.11236
HIST1H4B,-0.091148
HIST1H4C,0.056645
HIST1H4D,-0.023705
HIST1H4E,-0.063238
HIST1H4F,-0.078761
HIST1H4G,-0.17245
HIST1H4H,-0.050581
HIST1H4I,0.11512
HIST1H4J,-0.12407
HIST1H4K,-0.064301
HIST1H4L,-0.022249
HIST2H2AA3,-0.050287
HIST2H2AA4,-0.14948
HIST2H2AB,-0.060448
HIST2H2AC,-0.017044
HIST2H2BE,0.0088433
HIST2H2BF,-0.0060159
HIST2H3A,-0.095906
HIST2H3C,-0.097165
HIST2H3D,-0.00072164
HIST2H4A,-0.022017
HIST2H4B,0.12716
HIST3H2A,-0.12423
HIST3H2BB,0.10779
HIST3H3,0.037067
HIST4H4,-0.085166
HIVEP1,0.011478
HIVEP2,-0.081086
HIVEP3,-0.22623
HJURP,0.047604
HK1,-0.15363
HK2,0.088012
HK3,0.12931
HKDC1,-0.07884
HKR1,0.049506
HLA-A,-0.058279
HLA-B,-0.14311
HLA-C,-0.1413
HLA-DMA,-0.16988
HLA-DMB,-0.12351
HLA-DOA,-0.020973
HLA-DOB,-0.08496
HLA-DPA1,-0.090499
HLA-DPB1,-0.042961
HLA-DQA1,0.14592
HLA-DQA2,-0.029338
HLA-DQB1,-0.048878
HLA-DQB2,0.14318
HLA-DRA,-0.3048
HLA-DRB1,0.048475
HLA-DRB5,0.10697
HLA-E,0.057288
HLA-F,-0.23143
HLA-G,-0.047082
HLCS,-0.0326
HLF,0.05652
HLTF,-0.10712
HLX,0.26215
HM13,0.020813
HMBOX1,0.0014667
HMBS,0.073711
HMCES,0.097713
HMCN1,-0.14182
HMCN2,0.073223
HMG20A,-0.01371
HMG20B,-0.033006
HMGA1,0.049864
HMGA2,-0.078487
HMGB1,-0.13644
HMGB2,-0.074165
HMGB3,-0.079252
HMGB4,0.025181
HMGCL,-0.020817
HMGCLL1,-0.15392
HMGCR,0.16541
HMGCS1,0.14066
HMGCS2,0.04113
HMGN1,-0.061087
HMGN2,-0.060553
HMGN3,-0.050037
HMGN4,-0.0043747
HMGN5,0.018084
HMGXB3,0.17343
HMGXB4,-0.072762
HMHA1,0.15618
HMHB1,0.045097
HMMR,0.085948
HMOX1,0.00088002
HMOX2,0.03886
HMP19,-0.041657
HMSD,0.075987
HMX1,-0.12159
HMX2,0.017248
HMX3,0.087307
HN1,0.069561
HN1L,0.035128
HNF1A,-0.0055785
HNF1B,0.033946
HNF4A,-0.06152
HNF4G,-0.074054
HNMT,-0.039637
HNRNPA0,0.24224
HNRNPA1,0.11946
HNRNPA1L2,-0.1721
HNRNPA2B1,0.082322
HNRNPA3,-0.061151
HNRNPAB,0.026305
HNRNPC,0.10768
HNRNPCL1,0.095262
HNRNPCL2,-0.078185
HNRNPCL3,-0.11687
HNRNPCL4,0.11109
HNRNPD,0.22337
HNRNPDL,-0.14214
HNRNPF,0.11231
HNRNPH1,0.012102
HNRNPH2,0.067823
HNRNPH3,-0.067406
HNRNPK,-0.15334
HNRNPL,-0.012365
HNRNPLL,0.031704
HNRNPM,0.0043141
HNRNPR,0.11395
HNRNPU,-0.049185
HNRNPUL1,0.090401
HNRNPUL2,0.030094
HOGA1,-0.085912
HOMER1,-0.032463
HOMER2,0.053321
HOMER3,-0.046613
HOMEZ,-0.074392
HOOK1,-0.04949
HOOK2,-0.072405
HOOK3,0.062244
HOPX,0.075792
HORMAD1,0.00768
HORMAD2,-0.16637
HOXA1,0.036211
HOXA10,-0.21651
HOXA11,0.063767
HOXA13,0.1492
HOXA2,0.074702
HOXA3,-0.096099
HOXA4,-0.051092
HOXA5,-0.11561
HOXA6,-0.085442
HOXA7,0.15452
HOXA9,-0.032028
HOXB1,-0.017037
HOXB13,-0.029333
HOXB2,-0.056128
HOXB3,-0.098178
HOXB4,-0.042331
HOXB5,0.071885
HOXB6,-0.0032228
HOXB7,0.058402
HOXB8,0.11249
HOXB9,0.14896
HOXC10,0.011091
HOXC11,0.0039479
HOXC12,-0.052352
HOXC13,0.12928
HOXC4,-0.16139
HOXC5,-0.071982
HOXC6,-0.071571
HOXC8,-0.0032373
HOXC9,-0.075655
HOXD1,-0.046488
HOXD10,-0.067306
HOXD11,-0.12567
HOXD12,-0.08826
HOXD13,-0.16698
HOXD3,-0.0033447
HOXD4,0.07809
HOXD8,-0.13103
HOXD9,0.028844
HP,0.15072
HP1BP3,0.020623
HPCA,0.00051708
HPCAL1,-0.099098
HPCAL4,0.026873
HPD,-0.0074825
HPDL,0.016849
HPGD,-0.021277
HPGDS,0.051506
HPN,0.12382
HPR,0.079499
HPRT1,-0.011631
HPS1,0.0055484
HPS3,-0.0041833
HPS4,-0.01616
HPS5,-0.010569
HPS6,0.097131
HPSE,0.13073
HPSE2,-0.017987
HPX,-0.044826
HR,-0.092445
HRAS,-0.018066
HRASLS,-0.11401
HRASLS2,0.0084227
HRASLS5,0.024504
HRC,0.074273
HRCT1,-0.24464
HRG,-0.096888
HRH1,0.05534
HRH2,-0.00057957
HRH3,-0.085959
HRH4,-0.024549
HRK,-0.082027
HRNR,-0.030903
HRSP12,0.013442
HS1BP3,-0.14709
HS2ST1,0.076691
HS3ST1,-0.02562
HS3ST2,-0.28109
HS3ST3A1,-0.22176
HS3ST3B1,0.18937
HS3ST4,0.14213
HS3ST5,0.011932
HS3ST6,0.030149
HS6ST1,0.069457
HS6ST2,-0.078892
HS6ST3,0.15506
HSBP1,-0.12158
HSBP1L1,-0.0099208
HSCB,0.27064
HSD11B1,0.024033
HSD11B1L,0.028116
HSD11B2,-0.059845
HSD17B1,-0.012531
HSD17B10,-0.21304
HSD17B11,0.16105
HSD17B12,-0.063326
HSD17B13,-0.017996
HSD17B14,-0.029814
HSD17B2,-0.065946
HSD17B3,-0.049104
HSD17B4,0.098095
HSD17B6,0.0077293
HSD17B7,-0.02985
HSD17B8,0.013649
HSD3B1,0.017296
HSD3B2,-0.088
HSD3B7,-0.01061
HSDL1,0.11456
HSDL2,-0.078948
HSF1,0.0051585
HSF2,-0.091194
HSF2BP,0.047479
HSF4,0.088881
HSF5,0.19699
HSFX1,-0.044309
HSFX2,0.066826
HSFY1,-0.064272
HSFY2,-0.19991
HSH2D,0.03154
HSP90AA1,-0.10521
HSP90AB1,-0.17266
HSP90B1,0.39185
HSPA12A,-0.022168
HSPA12B,-0.017889
HSPA13,0.10038
HSPA14,0.068293
HSPA1A,-0.37755
HSPA1B,0.02105
HSPA1L,0.15965
HSPA2,0.042294
HSPA4,-0.01997
HSPA4L,-0.11273
HSPA5,0.15151
HSPA6,0.090253
HSPA8,0.92036
HSPA9,0.066083
HSPB1,-0.139
HSPB11,0.044988
HSPB2,-0.053306
HSPB3,-0.11832
HSPB6,-0.076729
HSPB7,0.35843
HSPB8,-0.066585
HSPB9,0.03086
HSPBAP1,0.20592
HSPBP1,0.055565
HSPD1,0.37795
HSPE1,0.51915
HSPE1-MOB4,-0.058645
HSPG2,0.07016
HSPH1,-0.13867
HTATIP2,-0.029733
HTATSF1,0.0479
HTN1,0.0095233
HTN3,0.10098
HTR1A,-0.12045
HTR1B,0.11225
HTR1D,0.012137
HTR1E,0.047573
HTR1F,0.064064
HTR2A,-0.077895
HTR2B,0.0023563
HTR2C,0.026936
HTR3A,0.030388
HTR3B,-0.015823
HTR3C,0.079793
HTR3D,0.13728
HTR3E,-0.063349
HTR4,0.036885
HTR5A,-0.10196
HTR6,0.029265
HTR7,-0.056742
HTRA1,-0.0092705
HTRA2,-0.27119
HTRA3,-0.064603
HTRA4,-0.10862
HTT,-0.0042002
HUNK,-0.046929
HUS1,0.10364
HUS1B,0.10537
HUWE1,0.48467
HVCN1,0.0031723
HYAL1,0.036911
HYAL2,0.048266
HYAL3,0.070741
HYAL4,-0.1271
HYDIN,-0.0013245
HYI,-0.15487
HYKK,-0.007175
HYLS1,0.06897
HYOU1,0.37823
HYPK,0.1346
HYPM,-0.013845
IAH1,0.24897
IAPP,-0.11227
IARS,0.85366
IARS2,0.26522
IBA57,0.091997
IBSP,-0.027653
IBTK,0.040474
ICA1,-0.095696
ICA1L,0.028733
ICAM1,-0.27671
ICAM2,0.095999
ICAM3,-0.16104
ICAM4,-0.083294
ICAM5,-0.049562
ICE1,0.072271
ICE2,0.11324
ICK,-0.13119
ICMT,0.14879
ICOS,0.015852
ICOSLG,0.015989
ICT1,-0.016111
ID1,-0.0014558
ID2,0.14202
ID3,0.14554
ID4,-0.024291
IDE,-0.15556
IDH1,-0.046827
IDH2,-0.039604
IDH3A,0.19073
IDH3B,-0.093829
IDH3G,-0.11922
IDI1,0.27326
IDI2,0.046812
IDNK,0.071051
IDO1,-0.048151
IDO2,0.28955
IDS,-0.14943
IDUA,0.10185
IER2,-0.017204
IER3,-0.11786
IER3IP1,-0.017611
IER5,0.040589
IER5L,-0.07387
IFFO1,0.0049515
IFFO2,0.096017
IFI16,0.16203
IFI27,-0.041594
IFI27L1,0.083162
IFI27L2,0.0093457
IFI30,0.0093018
IFI35,0.14026
IFI44,-0.14803
IFI44L,0.033694
IFI6,0.001159
IFIH1,0.08853
IFIT1,-0.0022214
IFIT1B,-0.10128
IFIT2,-0.032677
IFIT3,0.085885
IFIT5,0.078417
IFITM1,0.016478
IFITM10,-0.07655
IFITM2,-0.062952
IFITM3,0.13912
IFITM5,-0.0029129
IFNA1,0.063348
IFNA10,0.040021
IFNA13,-0.0090884
IFNA14,0.083866
IFNA16,-0.073788
IFNA17,0.0016831
IFNA2,-0.028474
IFNA21,0.059831
IFNA4,0.073469
IFNA5,-0.05536
IFNA6,0.0026551
IFNA7,0.0339
IFNA8,-0.045351
IFNAR1,-0.042206
IFNAR2,-0.1066
IFNB1,0.1064
IFNE,-0.064325
IFNG,0.065558
IFNGR1,0.089243
IFNGR2,-0.087887
IFNK,-0.064404
IFNL1,-0.10847
IFNL2,-0.061591
IFNL3,-0.045655
IFNLR1,-0.13465
IFNW1,0.16437
IFRD1,-0.08878
IFRD2,0.027968
IFT122,0.16726
IFT140,-0.057004
IFT172,0.10617
IFT20,-0.098224
IFT22,0.010818
IFT27,0.044888
IFT43,0.04986
IFT46,0.089923
IFT52,-0.15047
IFT57,0.079934
IFT74,0.0067945
IFT80,-0.091786
IFT81,-0.19014
IFT88,0.033724
IGBP1,0.084244
IGDCC3,-0.029282
IGDCC4,0.061302
IGF1,-0.0026464
IGF1R,-0.002586
IGF2,-0.10272
IGF2BP1,0.09029
IGF2BP2,-0.011143
IGF2BP3,-0.0012283
IGF2R,0.10543
IGFALS,-0.10545
IGFBP1,0.010628
IGFBP2,0.094153
IGFBP3,-0.029425
IGFBP4,-0.051019
IGFBP5,-0.066956
IGFBP6,-0.23756
IGFBP7,-0.13922
IGFBPL1,-0.030612
IGFL1,-0.15276
IGFL2,0.028935
IGFL3,0.0025014
IGFL4,0.062928
IGFLR1,0.089641
IGFN1,0.13726
IGHMBP2,-0.083243
IGIP,-0.064555
IGLL1,-0.022931
IGLL5,0.027251
IGLON5,-0.18343
IGSF1,-0.052665
IGSF10,0.0030712
IGSF11,-0.066753
IGSF21,-0.030862
IGSF22,-0.18725
IGSF23,0.011851
IGSF3,0.0029327
IGSF5,0.045682
IGSF6,0.037912
IGSF8,0.16467
IGSF9,-0.13748
IGSF9B,-0.0098279
IHH,0.064706
IK,0.0020281
IKBIP,0.089388
IKBKAP,0.33334
IKBKB,0.13504
IKBKE,-0.27282
IKBKG,0.22977
IKZF1,-0.097859
IKZF2,0.0259
IKZF3,-0.33641
IKZF4,0.0092855
IKZF5,-0.035768
IL10,0.02576
IL10RA,-0.11977
IL10RB,-0.14364
IL11,0.050755
IL11RA,0.0084588
IL12A,-0.038525
IL12B,-0.095276
IL12RB1,-0.017555
IL12RB2,0.04336
IL13,0.084724
IL13RA1,-0.066207
IL13RA2,-0.14123
IL15,-0.037773
IL15RA,0.10258
IL16,-0.073293
IL17A,0.0039038
IL17B,-0.029107
IL17C,0.014605
IL17D,0.097144
IL17F,0.013938
IL17RA,0.051196
IL17RB,-0.087305
IL17RC,0.080558
IL17RD,-0.09263
IL17RE,-0.013099
IL17REL,0.040793
IL18,0.018087
IL18BP,0.11365
IL18R1,-0.11275
IL18RAP,-0.12965
IL19,-0.050872
IL1A,-0.04559
IL1B,-0.016475
IL1F10,0.047074
IL1R1,-0.16236
IL1R2,0.055572
IL1RAP,-0.0094502
IL1RAPL1,0.085974
IL1RAPL2,-0.0057279
IL1RL1,-0.058768
IL1RL2,-0.019298
IL1RN,0.071668
IL2,0.016441
IL20,0.12127
IL20RA,-0.008771
IL20RB,0.051447
IL21,0.10408
IL21R,0.17878
IL22,0.090287
IL22RA1,-0.16979
IL22RA2,-0.017657
IL23A,0.094071
IL23R,-0.090723
IL24,0.10462
IL25,0.037252
IL26,-0.0059739
IL27,-0.08369
IL27RA,-0.13359
IL2RA,-0.062702
IL2RB,0.10128
IL2RG,0.29864
IL3,-0.0014835
IL31,0.080984
IL31RA,-0.0033838
IL32,-0.15158
IL33,0.080219
IL34,0.049534
IL36A,-0.10561
IL36B,0.0075172
IL36G,0.079204
IL36RN,-0.09054
IL37,-0.047202
IL3RA,0.024734
IL4,-0.034541
IL4I1,-0.027327
IL4R,-0.16835
IL5,0.098091
IL5RA,0.11678
IL6,-0.001716
IL6R,-0.19269
IL6ST,-0.1477
IL7,-0.034718
IL7R,0.024377
IL9,0.033911
IL9R,-0.089499
ILDR1,-0.032377
ILDR2,0.037543
ILF2,0.18232
ILF3,0.28161
ILK,-0.063874
ILKAP,-0.0017634
ILVBL,-0.1285
IMMP1L,-0.034892
IMMP2L,0.15672
IMMT,0.13585
IMP3,0.55528
IMP4,0.37165
IMPA1,0.083823
IMPA2,-0.10952
IMPACT,0.029918
IMPAD1,0.043304
IMPDH1,0.040554
IMPDH2,0.30231
IMPG1,-0.06881
IMPG2,0.016771
INA,-0.077252
INADL,-0.024436
INAFM1,0.0043225
INAFM2,0.024744
INCA1,-0.1298
INCENP,0.23818
INF2,0.071014
ING1,-0.041761
ING2,-0.072978
ING3,-0.005235
ING4,-0.27727
ING5,0.1245
INHA,-0.15007
INHBA,-0.050739
INHBB,0.069651
INHBC,0.032292
INHBE,0.046514
INIP,0.021605
INMT,-0.11979
INO80,0.33786
INO80B,-0.073906
INO80C,-0.093688
INO80D,0.0907
INO80E,-0.045782
INPP1,-0.21132
INPP4A,0.0010185
INPP4B,-0.043198
INPP5A,0.038295
INPP5B,0.017849
INPP5D,0.020994
INPP5E,-0.048055
INPP5F,0.019671
INPP5J,0.04526
INPP5K,0.021106
INPPL1,0.0014119
INS,0.10966
INS-IGF2,-0.21053
INSC,0.020652
INSIG1,-0.04839
INSIG2,0.04543
INSL3,0.18958
INSL4,-0.027977
INSL5,-0.036194
INSL6,0.06918
INSM1,-0.080056
INSM2,0.10571
INSR,0.14241
INSRR,-0.12115
INTS1,0.1979
INTS10,0.25178
INTS12,0.047271
INTS2,-0.1526
INTS3,0.1341
INTS4,0.30142
INTS5,0.10624
INTS6,-0.054982
INTS7,-0.024982
INTS8,-0.034452
INTS9,0.13278
INTU,0.011486
INVS,-0.071897
IP6K1,0.088254
IP6K2,0.01181
IP6K3,-0.15722
IPCEF1,-0.08866
IPMK,0.12731
IPO11,0.17762
IPO13,0.027971
IPO4,0.097082
IPO5,0.025033
IPO7,-0.024012
IPO8,-0.14551
IPO9,0.0082085
IPP,-0.069216
IPPK,-0.053073
IQCA1,0.011643
IQCA1L,-0.07858
IQCB1,0.060685
IQCC,-0.0049179
IQCD,-0.17129
IQCE,-0.046257
IQCF1,-0.12935
IQCF2,0.067952
IQCF3,-0.13711
IQCF5,-0.096322
IQCF6,0.037779
IQCG,-0.14967
IQCH,-0.081386
IQCJ,-0.051938
IQCJ-SCHIP1,-0.082239
IQGAP1,-0.11003
IQGAP2,0.093543
IQGAP3,-0.036737
IQSEC1,-0.043953
IQSEC2,0.0044293
IQSEC3,0.024226
IQUB,0.066601
IRAK1,0.07283
IRAK1BP1,0.054153
IRAK2,-0.090987
IRAK3,-0.14631
IRAK4,0.12375
IREB2,0.18991
IRF1,-0.043553
IRF2,0.013786
IRF2BP1,0.14322
IRF2BP2,-0.37092
IRF2BPL,-0.061911
IRF3,0.03407
IRF4,0.56913
IRF5,0.069944
IRF6,0.13885
IRF7,0.07106
IRF8,0.039835
IRF9,0.027845
IRG1,0.027566
IRGC,-0.085019
IRGM,-0.15794
IRGQ,0.020816
IRS1,0.095288
IRS2,-0.046453
IRS4,0.011254
IRX1,0.081049
IRX2,-0.012974
IRX3,0.094762
IRX4,-0.01571
IRX5,-0.06237
IRX6,0.12914
ISCA1,0.060446
ISCA2,-0.2648
ISCU,-0.021651
ISG15,-0.023989
ISG20,0.12477
ISG20L2,0.50991
ISL1,-0.027379
ISL2,-0.078001
ISLR,0.048344
ISLR2,0.019908
ISM1,-0.13516
ISM2,0.063401
ISOC1,-0.063654
ISOC2,-0.049134
ISPD,-0.028159
IST1,-0.037981
ISX,-0.034434
ISY1,0.17826
ISY1-RAB43,-0.03906
ISYNA1,-0.046605
ITCH,-0.12438
ITFG1,0.13997
ITFG2,-0.011776
ITFG3,0.06645
ITGA1,0.062042
ITGA10,-0.029303
ITGA11,-0.075892
ITGA2,0.089707
ITGA2B,0.036183
ITGA3,-0.077436
ITGA4,-0.06716
ITGA5,0.035162
ITGA6,-0.18786
ITGA7,-0.10662
ITGA8,0.054521
ITGA9,-0.059799
ITGAD,-0.018141
ITGAE,0.079823
ITGAL,0.25702
ITGAM,0.053401
ITGAV,-0.081693
ITGAX,-0.074045
ITGB1,-0.084559
ITGB1BP1,-0.01167
ITGB1BP2,-0.0052924
ITGB2,0.20128
ITGB3,-0.071499
ITGB3BP,-0.059588
ITGB4,-0.032312
ITGB5,0.084241
ITGB6,-0.10776
ITGB7,0.031158
ITGB8,-0.065002
ITGBL1,-0.07186
ITIH1,-0.070632
ITIH2,0.03593
ITIH3,-0.05795
ITIH4,-0.0097233
ITIH5,-0.089889
ITIH6,0.002719
ITK,0.32817
ITLN1,-0.14315
ITLN2,-0.057666
ITM2A,-0.30974
ITM2B,-0.031009
ITM2C,-0.12908
ITPA,0.12019
ITPK1,-0.088598
ITPKA,0.025896
ITPKB,0.25616
ITPKC,0.011348
ITPR1,0.088152
ITPR2,0.037426
ITPR3,-0.043779
ITPRIP,-0.035304
ITPRIPL1,0.015377
ITPRIPL2,-0.030159
ITSN1,0.067621
ITSN2,0.21725
IVD,-0.042793
IVL,0.085252
IVNS1ABP,0.10778
IWS1,0.085222
IYD,0.10465
IZUMO1,-0.11167
IZUMO1R,-0.10925
IZUMO2,-0.056815
IZUMO3,-0.072473
IZUMO4,0.022357
JADE1,0.098044
JADE2,0.29362
JADE3,-0.027943
JAG1,-0.043515
JAG2,-0.052875
JAGN1,-0.04452
JAK1,-0.084343
JAK2,0.20675
JAK3,0.47308
JAKMIP1,-0.012993
JAKMIP2,0.018044
JAKMIP3,0.046511
JAM2,-0.081075
JAM3,-0.080928
JARID2,-0.047501
JAZF1,-0.18367
JCHAIN,-0.086713
JDP2,0.0071117
JKAMP,0.06944
JMJD1C,-0.081408
JMJD4,0.14957
JMJD6,0.081615
JMJD7,-0.061233
JMJD7-PLA2G4B,-0.16369
JMJD8,-0.02197
JMY,0.0069362
JOSD1,0.10739
JOSD2,0.13002
JPH1,0.0058156
JPH2,0.032944
JPH3,-0.076019
JPH4,-0.10204
JRK,0.025106
JRKL,0.016286
JSRP1,-0.1526
JTB,-0.011562
JUN,-0.22692
JUNB,0.53673
JUND,-0.094807
JUP,0.011938
KAAG1,-0.010954
KALRN,0.013809
KANK1,-0.17461
KANK2,0.1047
KANK3,0.018972
KANK4,0.06657
KANSL1,0.15087
KANSL1L,0.083952
KANSL2,0.028568
KANSL3,-0.050676
KARS,0.4236
KAT2A,0.16224
KAT2B,0.079216
KAT5,0.25779
KAT6B,0.080831
KAT7,0.37255
KAT8,0.085541
KATNA1,0.0072711
KATNAL1,-0.10622
KATNAL2,-0.011441
KATNB1,-0.057262
KATNBL1,0.13654
KAZALD1,-0.24199
KAZN,-0.1231
KBTBD11,0.0055869
KBTBD12,0.088066
KBTBD13,-0.07936
KBTBD2,-0.033499
KBTBD3,-0.10878
KBTBD4,-0.1418
KBTBD6,0.081861
KBTBD7,-0.16122
KBTBD8,0.066501
KCMF1,0.15286
KCNA1,0.1377
KCNA10,0.05898
KCNA2,-0.049459
KCNA3,0.058633
KCNA4,-0.0061123
KCNA5,0.074896
KCNA6,0.075129
KCNA7,-0.056565
KCNAB1,0.015446
KCNAB2,0.024841
KCNAB3,-0.028508
KCNB1,-0.083151
KCNB2,-0.015293
KCNC1,-0.044412
KCNC2,-0.047704
KCNC3,-0.013235
KCNC4,0.085948
KCND1,-0.086913
KCND2,-0.097781
KCND3,0.021282
KCNE1,0.019847
KCNE2,-0.036393
KCNE3,-0.052589
KCNE4,0.056641
KCNE5,-0.10623
KCNF1,0.044233
KCNG1,-0.044348
KCNG2,-0.0071273
KCNG3,-0.24641
KCNG4,0.013628
KCNH1,0.013343
KCNH2,-0.062183
KCNH3,-0.11795
KCNH4,-0.03738
KCNH5,-0.09835
KCNH6,-0.075254
KCNH7,-0.058636
KCNH8,-0.099427
KCNIP1,-0.14184
KCNIP2,0.031347
KCNIP3,0.0047341
KCNIP4,-0.12128
KCNJ1,-0.022528
KCNJ10,0.084444
KCNJ11,0.1229
KCNJ12,0.011433
KCNJ13,0.040172
KCNJ14,-0.083839
KCNJ15,0.0088105
KCNJ16,0.020508
KCNJ18,-0.11494
KCNJ2,0.052539
KCNJ3,-0.045811
KCNJ4,-0.079051
KCNJ5,0.063086
KCNJ8,0.058875
KCNJ9,0.013735
KCNK1,-0.050171
KCNK10,0.069296
KCNK12,-0.10552
KCNK13,-0.078408
KCNK15,-0.026706
KCNK16,0.007533
KCNK17,0.082043
KCNK18,-0.0497
KCNK2,-0.11719
KCNK3,-0.039115
KCNK4,0.031226
KCNK5,0.014756
KCNK7,-0.022928
KCNK9,-0.028055
KCNMA1,0.040733
KCNMB1,-0.18511
KCNMB2,0.040743
KCNMB3,0.044184
KCNMB4,-0.010129
KCNN1,0.063092
KCNN2,-0.16288
KCNN3,-0.035119
KCNN4,-0.019624
KCNQ1,0.028377
KCNQ2,-0.097534
KCNQ3,0.0094714
KCNQ4,-0.0051704
KCNQ5,-0.020729
KCNRG,-0.1276
KCNS1,0.018616
KCNS2,0.068595
KCNS3,0.039223
KCNT1,-0.049725
KCNT2,0.048764
KCNU1,-0.14366
KCNV1,-0.10086
KCNV2,-0.02364
KCP,-0.050882
KCTD1,-0.073528
KCTD10,-0.099659
KCTD11,-0.01218
KCTD12,-0.02964
KCTD13,-0.10951
KCTD14,-0.02256
KCTD15,0.058699
KCTD16,-0.0056745
KCTD17,0.01599
KCTD18,-0.052747
KCTD19,-0.035322
KCTD2,-0.037035
KCTD20,0.0748
KCTD21,-0.085782
KCTD3,-0.036557
KCTD4,-0.037816
KCTD5,-0.03181
KCTD6,-0.063723
KCTD7,-0.009785
KCTD8,-0.11342
KCTD9,-0.09721
KDELC1,0.011757
KDELC2,-0.096964
KDELR1,0.10465
KDELR2,0.11298
KDELR3,-0.047491
KDF1,-0.17284
KDM1A,0.023863
KDM1B,0.034642
KDM2A,0.038541
KDM2B,-0.15863
KDM3A,-0.011601
KDM3B,0.079511
KDM4A,0.033024
KDM4B,0.013059
KDM4C,0.0064206
KDM4D,0.047198
KDM4E,-0.063437
KDM5A,0.08741
KDM5B,-0.052907
KDM5C,-0.14569
KDM5D,0.022505
KDM6A,0.1045
KDM6B,-0.069753
KDM7A,-0.089495
KDM8,0.012005
KDR,-0.062044
KDSR,0.1207
KEAP1,-0.12839
KEL,0.0026505
KERA,0.05228
KHDC1,0.010589
KHDC1L,0.0025054
KHDC3L,-0.063051
KHDRBS1,0.029265
KHDRBS2,-0.018571
KHDRBS3,0.11189
KHK,0.0068197
KHNYN,-0.22378
KHSRP,-0.25798
KIAA0020,0.052027
KIAA0040,-0.0043267
KIAA0100,-0.022782
KIAA0101,-0.050157
KIAA0141,0.17948
KIAA0195,-0.12568
KIAA0196,0.1943
KIAA0226,-0.08459
KIAA0226L,0.098081
KIAA0232,-0.015745
KIAA0319,-0.01733
KIAA0319L,-0.1084
KIAA0355,-0.068442
KIAA0368,0.037327
KIAA0391,0.05969
KIAA0408,-0.019963
KIAA0430,-0.012713
KIAA0513,0.05098
KIAA0556,-0.080574
KIAA0586,-0.056273
KIAA0753,-0.059629
KIAA0754,0.03809
KIAA0825,-0.092689
KIAA0895,0.0066598
KIAA0895L,0.095745
KIAA0907,0.094632
KIAA0922,-0.14649
KIAA0930,-0.072752
KIAA1024,0.028061
KIAA1024L,0.074085
KIAA1033,0.049511
KIAA1045,-0.076579
KIAA1107,0.12493
KIAA1109,0.24686
KIAA1143,0.022314
KIAA1147,0.08315
KIAA1161,-0.054517
KIAA1191,-0.091637
KIAA1210,-0.025543
KIAA1211,-0.03796
KIAA1211L,-0.0015613
KIAA1217,0.079168
KIAA1257,-0.093394
KIAA1324,0.04091
KIAA1324L,0.052097
KIAA1328,-0.056084
KIAA1407,0.0028745
KIAA1429,0.028203
KIAA1456,0.019473
KIAA1462,-0.093153
KIAA1467,0.067382
KIAA1468,-0.018855
KIAA1522,0.13829
KIAA1524,-0.010041
KIAA1549L,-0.082936
KIAA1551,-0.067071
KIAA1586,-0.0061255
KIAA1598,-0.0059661
KIAA1614,-0.066473
KIAA1644,0.1829
KIAA1671,-0.025667
KIAA1683,-0.053193
KIAA1715,-0.019182
KIAA1755,0.020261
KIAA1804,0.027254
KIAA1841,0.04241
KIAA1919,0.016751
KIAA1958,-0.24302
KIAA2012,-0.0085614
KIAA2013,-0.039849
KIAA2018,-0.089338
KIAA2022,-0.09965
KIAA2026,0.055451
KIDINS220,-0.0061936
KIF11,0.03227
KIF12,-0.088704
KIF13A,0.16029
KIF13B,-0.076631
KIF14,-0.022965
KIF15,0.13247
KIF16B,0.056416
KIF17,0.010059
KIF18A,0.0038593
KIF18B,-0.05552
KIF19,-0.0080517
KIF1A,0.12993
KIF1B,0.034822
KIF1BP,0.20392
KIF1C,0.035203
KIF20A,-0.22409
KIF20B,-0.051191
KIF21A,-0.1045
KIF21B,-0.17354
KIF22,0.18566
KIF23,0.013144
KIF24,-0.00087313
KIF25,-0.056202
KIF26A,-0.051333
KIF26B,0.035986
KIF27,-0.23712
KIF2A,0.16094
KIF2B,-0.056636
KIF2C,-0.023538
KIF3A,-0.093622
KIF3B,-0.065907
KIF3C,0.10255
KIF4A,0.16452
KIF4B,-0.038124
KIF5A,-0.050512
KIF5B,0.1448
KIF5C,-0.046642
KIF6,-0.032298
KIF7,-0.058915
KIF9,-0.07134
KIFAP3,-0.050383
KIFC1,-0.02999
KIFC2,-0.037278
KIFC3,-0.08117
KIN,-0.055906
KIR2DL1,0.29519
KIR2DL3,-0.14175
KIR2DL4,0.043691
KIR2DS4,-0.076944
KIR3DL1,0.0070991
KIR3DL2,-0.12802
KIR3DL3,-0.060521
KIRREL,-0.15206
KIRREL2,0.0058618
KIRREL3,-0.050739
KISS1,0.071847
KISS1R,0.045593
KIT,-0.0083064
KITLG,-0.012181
KIZ,-0.0039438
KL,0.028094
KLB,-0.075892
KLC1,0.013637
KLC2,-0.040331
KLC3,0.12184
KLC4,-0.042055
KLF1,0.0020411
KLF10,-0.022815
KLF11,-0.061852
KLF12,0.10181
KLF13,-0.030479
KLF14,-0.053795
KLF15,-0.048392
KLF16,-0.083256
KLF17,-0.12643
KLF2,-0.014672
KLF3,-0.029663
KLF4,0.082487
KLF5,0.084823
KLF6,0.20042
KLF7,-0.069812
KLF8,-0.053862
KLF9,-0.0086851
KLHDC1,0.057634
KLHDC10,0.092941
KLHDC2,-0.033732
KLHDC3,-0.15161
KLHDC4,0.07974
KLHDC7A,0.014898
KLHDC7B,0.10546
KLHDC8A,0.13793
KLHDC8B,0.066226
KLHDC9,-0.035587
KLHL1,-0.056701
KLHL10,0.021493
KLHL11,0.059494
KLHL12,-0.088318
KLHL13,-0.037977
KLHL14,0.027764
KLHL15,0.12021
KLHL17,0.0036612
KLHL18,0.042935
KLHL2,0.13353
KLHL20,0.028145
KLHL21,-0.026489
KLHL22,0.14467
KLHL23,-0.01339
KLHL24,-0.029982
KLHL25,-0.11411
KLHL26,-0.16511
KLHL28,0.031099
KLHL29,-0.027697
KLHL3,0.059647
KLHL30,-0.082765
KLHL31,-0.1366
KLHL32,-0.078379
KLHL33,0.0012031
KLHL34,0.032193
KLHL35,0.005023
KLHL36,-0.062637
KLHL38,-0.24814
KLHL4,-0.0074226
KLHL40,0.0015335
KLHL41,-0.022434
KLHL42,0.0085887
KLHL5,-0.033527
KLHL6,-0.051011
KLHL7,0.01608
KLHL8,0.082153
KLHL9,0.079077
KLK1,0.077323
KLK10,-0.039138
KLK11,0.091074
KLK12,0.091651
KLK13,-0.053156
KLK14,0.064008
KLK15,-0.030472
KLK2,0.10097
KLK3,0.12401
KLK4,-0.081618
KLK5,-0.12523
KLK6,-0.023131
KLK7,0.098998
KLK8,-0.029711
KLK9,-0.0070391
KLKB1,0.091502
KLLN,-0.079608
KLRB1,0.021006
KLRC1,-0.041308
KLRC2,-0.0041867
KLRC3,0.0052421
KLRC4,-0.15979
KLRC4-KLRK1,0.079208
KLRD1,-0.024457
KLRF1,-0.027747
KLRF2,-0.067076
KLRG1,-0.017155
KLRG2,-0.026069
KLRK1,0.019474
KMO,-0.14158
KMT2A,0.097176
KMT2B,0.090829
KMT2C,0.033322
KMT2D,0.26754
KMT2E,0.051336
KNCN,0.027798
KNDC1,-0.090081
KNG1,-0.012427
KNOP1,0.054423
KNSTRN,-0.018172
KNTC1,0.040793
KPNA1,0.023397
KPNA2,-0.078405
KPNA3,-0.052361
KPNA4,-0.10077
KPNA5,0.051333
KPNA6,0.060098
KPNA7,-0.007472
KPNB1,0.21205
KPRP,0.064426
KPTN,0.18375
KRAS,0.079321
KRBA1,-0.0066474
KRBA2,-0.058451
KRBOX1,0.066561
KRBOX4,-0.057464
KRCC1,0.073425
KREMEN1,-0.27475
KREMEN2,0.15702
KRI1,0.22492
KRIT1,-0.259
KRR1,0.05347
KRT1,0.089317
KRT10,-0.16289
KRT12,-0.11021
KRT13,0.0033583
KRT14,-0.056522
KRT15,-0.05929
KRT16,0.11463
KRT17,0.16251
KRT18,-0.037485
KRT19,-0.036454
KRT2,0.035591
KRT20,0.082621
KRT222,-0.042732
KRT23,-0.043354
KRT24,0.014555
KRT25,0.082853
KRT26,0.011488
KRT27,-0.12681
KRT28,0.029698
KRT3,0.054913
KRT31,-0.057588
KRT32,0.011662
KRT33A,0.096927
KRT33B,-0.058855
KRT34,0.010086
KRT35,-0.14759
KRT36,0.008983
KRT37,0.045784
KRT38,-0.11767
KRT39,0.001016
KRT4,0.086261
KRT40,-0.00017764
KRT5,0.23118
KRT6A,-0.12801
KRT6B,0.058572
KRT6C,-0.0071152
KRT7,-0.068769
KRT71,0.055525
KRT72,-0.01438
KRT73,0.031321
KRT74,-0.13137
KRT75,0.052028
KRT76,-0.032185
KRT77,0.0626
KRT78,-0.067675
KRT79,-0.098913
KRT8,-0.0018369
KRT80,0.11165
KRT81,-0.065823
KRT82,-0.085881
KRT83,-0.027668
KRT84,-0.048181
KRT85,0.066291
KRT86,0.037912
KRT9,-0.03064
KRTAP1-1,-0.032564
KRTAP1-3,0.1127
KRTAP1-4,0.0050916
KRTAP1-5,-0.037384
KRTAP10-1,0.041761
KRTAP10-10,0.073806
KRTAP10-11,-0.047266
KRTAP10-12,0.30144
KRTAP10-2,-0.055936
KRTAP10-3,-0.016361
KRTAP10-4,0.2522
KRTAP10-5,-0.1093
KRTAP10-6,0.051542
KRTAP10-7,-0.0016557
KRTAP10-8,-0.17438
KRTAP10-9,0.043895
KRTAP11-1,0.042584
KRTAP12-1,-0.12493
KRTAP12-2,-0.19205
KRTAP12-3,-0.0098254
KRTAP12-4,-0.074387
KRTAP13-1,-0.068819
KRTAP13-2,-0.020263
KRTAP13-3,0.013753
KRTAP13-4,-0.10451
KRTAP15-1,-0.11702
KRTAP16-1,-0.17401
KRTAP17-1,-0.010302
KRTAP19-1,-0.017105
KRTAP19-2,-0.027916
KRTAP19-3,0.079562
KRTAP19-4,-0.072789
KRTAP19-5,-0.085085
KRTAP19-6,0.037073
KRTAP19-7,-0.11766
KRTAP19-8,-0.075431
KRTAP2-1,-0.0011883
KRTAP2-2,-0.049945
KRTAP2-3,-0.035906
KRTAP2-4,-0.11899
KRTAP20-1,0.0248
KRTAP20-2,-0.07031
KRTAP20-3,-0.015678
KRTAP21-1,-0.17177
KRTAP21-2,-0.079115
KRTAP21-3,0.0067247
KRTAP22-1,-0.036126
KRTAP22-2,0.045104
KRTAP23-1,-0.054494
KRTAP24-1,0.051044
KRTAP25-1,-0.14316
KRTAP26-1,-0.039664
KRTAP27-1,-0.14386
KRTAP29-1,-0.074258
KRTAP3-1,0.16436
KRTAP3-2,0.018702
KRTAP3-3,-0.050982
KRTAP4-11,-0.069499
KRTAP4-12,-0.044786
KRTAP4-2,0.0076059
KRTAP4-3,0.076104
KRTAP4-4,-0.046144
KRTAP4-5,0.19723
KRTAP4-6,-0.070914
KRTAP4-7,0.064936
KRTAP4-8,-0.030465
KRTAP4-9,0.0085806
KRTAP5-1,0.27392
KRTAP5-10,0.022799
KRTAP5-11,-0.070859
KRTAP5-2,-0.10092
KRTAP5-3,-0.039839
KRTAP5-5,0.052798
KRTAP5-6,0.048285
KRTAP5-7,0.16413
KRTAP5-8,-0.03602
KRTAP5-9,-0.060477
KRTAP6-1,0.037089
KRTAP6-2,-0.041936
KRTAP6-3,0.20214
KRTAP7-1,0.010584
KRTAP8-1,-0.0034236
KRTAP9-1,-0.057774
KRTAP9-2,-0.054083
KRTAP9-3,-0.039689
KRTAP9-4,-0.11499
KRTAP9-6,0.044331
KRTAP9-7,0.046015
KRTAP9-8,-0.12679
KRTAP9-9,-0.10253
KRTCAP2,-0.041639
KRTCAP3,-0.11698
KRTDAP,-0.15057
KSR1,0.14232
KSR2,-0.020676
KTI12,0.26304
KTN1,-0.13223
KXD1,-0.093069
KY,-0.15352
KYNU,-0.0088507
L1CAM,-0.07997
L1TD1,0.015245
L2HGDH,-0.23868
L3HYPDH,-0.051455
L3MBTL1,0.034869
L3MBTL2,0.26185
L3MBTL3,0.038426
L3MBTL4,-0.12052
LACC1,0.053602
LACE1,0.036051
LACRT,-0.15141
LACTB,-0.0028162
LACTB2,0.0080418
LACTBL1,0.04559
LAD1,-0.045289
LAG3,0.058963
LAGE3,0.11137
LAIR1,-0.10248
LAIR2,0.019735
LALBA,-0.089037
LAMA1,0.26799
LAMA2,-0.082463
LAMA3,-0.20696
LAMA4,0.17248
LAMA5,-0.1612
LAMB1,-0.059448
LAMB2,0.045348
LAMB3,-0.028533
LAMB4,-0.16061
LAMC1,-0.18831
LAMC2,0.020145
LAMC3,-0.0074456
LAMP1,0.031004
LAMP2,0.09613
LAMP3,0.094767
LAMP5,-0.11846
LAMTOR1,0.0015156
LAMTOR2,0.18547
LAMTOR3,0.16336
LAMTOR4,-0.017344
LAMTOR5,0.11902
LANCL1,-0.077951
LANCL2,0.018252
LANCL3,0.010656
LAP3,0.052455
LAPTM4A,-0.00016739
LAPTM4B,0.043448
LAPTM5,-0.10754
LARGE,-0.095097
LARP1,-0.23827
LARP1B,0.030817
LARP4,-0.1401
LARP4B,-0.005704
LARP6,0.072369
LARP7,-0.082882
LARS,0.26513
LARS2,-0.10869
LAS1L,0.3497
LASP1,-0.10427
LAT,1.1532
LAT2,0.20888
LATS1,-0.16816
LATS2,-0.13744
LAX1,-0.18815
LAYN,0.06506
LBH,0.24849
LBHD1,-0.10523
LBP,-0.026332
LBR,-0.1242
LBX1,-0.025972
LBX2,-0.15386
LCA5,-0.025711
LCA5L,-0.0064631
LCAT,0.076203
LCE1A,0.039044
LCE1B,-0.088239
LCE1C,0.14988
LCE1D,0.01464
LCE1E,0.10875
LCE1F,0.095688
LCE2A,0.082021
LCE2B,-0.076552
LCE2C,0.078887
LCE2D,0.0069104
LCE3A,0.073677
LCE3B,-0.14885
LCE3C,-0.055935
LCE3D,-0.22053
LCE3E,0.011587
LCE4A,-0.14735
LCE5A,0.05694
LCE6A,0.038488
LCK,0.55336
LCLAT1,-0.15586
LCMT1,0.031057
LCMT2,0.10906
LCN1,-0.022245
LCN10,0.08148
LCN12,0.086354
LCN15,-0.024219
LCN2,0.052608
LCN6,-0.0973
LCN8,-0.055481
LCN9,0.034738
LCNL1,0.063942
LCOR,0.051919
LCORL,0.10995
LCP1,-0.053549
LCP2,1.6633
LCT,-0.0081031
LCTL,0.049785
LDAH,0.025824
LDB1,0.1486
LDB2,0.059003
LDB3,-0.031267
LDHA,0.020054
LDHAL6A,-0.35342
LDHAL6B,0.11025
LDHB,-0.013527
LDHC,-0.033045
LDHD,-0.079312
LDLR,0.020468
LDLRAD1,0.03283
LDLRAD2,-0.050164
LDLRAD3,-0.14896
LDLRAD4,-0.18717
LDLRAP1,0.089459
LDOC1,-0.14333
LDOC1L,-0.011388
LEAP2,-0.032011
LECT1,-0.0073145
LECT2,0.15107
LEF1,-0.1165
LEFTY1,-0.068457
LEFTY2,-0.0064301
LEKR1,-0.091918
LELP1,0.009374
LEMD1,0.031556
LEMD2,-0.088938
LEMD3,-0.038152
LENEP,-0.089366
LENG1,0.1602
LENG8,0.042576
LENG9,-0.079189
LEO1,0.1546
LEP,0.045636
LEPR,0.053598
LEPROT,-0.0061462
LEPROTL1,-0.048231
LETM1,0.10666
LETM2,-0.080341
LETMD1,-0.014019
LEUTX,-0.0046496
LFNG,-0.1023
LGALS1,0.16378
LGALS12,0.02622
LGALS13,-0.025082
LGALS14,-0.016424
LGALS16,0.077817
LGALS2,0.072719
LGALS3,-0.16691
LGALS3BP,-0.14283
LGALS4,0.019937
LGALS7,0.057546
LGALS7B,0.014604
LGALS8,-0.12211
LGALS9,0.057849
LGALS9B,-0.1432
LGALS9C,0.090088
LGALSL,-0.12121
LGI1,-0.014317
LGI2,0.039229
LGI3,-0.092574
LGI4,-0.1119
LGMN,0.0096278
LGR4,-0.065249
LGR5,0.015207
LGR6,0.016109
LGSN,-0.031937
LHB,-0.13183
LHCGR,-0.078279
LHFP,0.034579
LHFPL1,-0.043277
LHFPL2,-0.057994
LHFPL3,-0.15518
LHFPL4,-0.014686
LHFPL5,0.0015111
LHPP,0.0023146
LHX1,0.021761
LHX2,-0.032972
LHX3,-0.072976
LHX4,0.24721
LHX5,-0.1507
LHX6,-0.01703
LHX8,-0.058617
LHX9,-0.091796
LIAS,0.30592
LIF,0.075523
LIFR,0.072945
LIG1,0.15519
LIG3,-0.090833
LIG4,0.040534
LILRA1,-0.093038
LILRA2,-0.07709
LILRA4,-0.10422
LILRA5,-0.029642
LILRA6,0.031775
LILRB1,-0.18917
LILRB2,-0.15421
LILRB3,0.047419
LILRB4,0.098555
LILRB5,-0.11426
LIM2,-0.14647
LIMA1,-0.037622
LIMCH1,0.082404
LIMD1,-0.066665
LIMD2,-0.16307
LIMK1,-0.12531
LIMK2,-0.00065848
LIMS1,-0.080075
LIMS2,-0.084586
LIMS3,-0.091037
LIMS3L,-0.078201
LIN28A,-0.16128
LIN28B,-0.0018796
LIN37,-0.072512
LIN52,0.14721
LIN54,-0.056932
LIN7A,0.17205
LIN7B,-0.025524
LIN7C,0.043954
LIN9,-0.0042563
LINC00452,-0.037809
LINC01272,-0.038087
LINGO1,0.030546
LINGO2,0.08179
LINGO3,0.023632
LINGO4,0.047011
LINS,-0.040512
LIPA,-0.12451
LIPC,0.022912
LIPE,-0.0091472
LIPF,0.088241
LIPG,0.036892
LIPH,-0.071339
LIPI,0.087804
LIPJ,-0.056259
LIPK,-0.22074
LIPM,0.021472
LIPN,0.017873
LIPT1,0.05946
LIPT2,0.033488
LITAF,-0.078055
LIX1,-0.072999
LIX1L,0.10943
LKAAEAR1,0.13931
LLGL1,0.0045718
LLGL2,0.012401
LLPH,-0.058542
LMAN1,-0.0015485
LMAN1L,-0.025808
LMAN2,0.26463
LMAN2L,0.028175
LMBR1,-0.030434
LMBR1L,-0.14374
LMBRD1,0.064613
LMBRD2,0.015654
LMCD1,-0.10771
LMF1,0.09559
LMF2,0.020619
LMLN,-0.18747
LMNA,0.18118
LMNB1,0.3101
LMNB2,0.048247
LMNTD1,0.0054567
LMNTD2,-0.018261
LMO1,0.079066
LMO2,-0.05206
LMO3,0.0027766
LMO4,0.054708
LMO7,-0.1468
LMO7DN,-0.15758
LMOD1,0.074806
LMOD2,-0.089604
LMOD3,-0.094901
LMTK2,-0.0084555
LMTK3,-0.19297
LMX1A,0.012167
LMX1B,0.1008
LNP1,-0.11561
LNPEP,0.022536
LNX1,0.061785
LNX2,0.14003
LOC100129083,-0.10531
LOC100129216,0.091329
LOC100129520,-0.13159
LOC100129697,0.018328
LOC100129924,-0.14858
LOC100129940,0.037521
LOC100130357,-0.085849
LOC100130370,0.0044186
LOC100130451,-0.027167
LOC100130705,0.028673
LOC100130880,-0.061674
LOC100131303,0.031095
LOC100132146,0.040844
LOC100133267,0.043859
LOC100134391,-0.070259
LOC100144595,-0.062245
LOC100287036,0.01985
LOC100289561,-0.072276
LOC100505478,-0.022724
LOC100505549,0.052402
LOC100505841,-0.066001
LOC100506388,-0.037107
LOC100506422,-0.014467
LOC100507462,-0.040786
LOC100652758,0.052498
LOC100996634,0.070038
LOC100996693,0.0033436
LOC101060321,0.024179
LOC101060389,0.40026
LOC101927322,0.088798
LOC101927572,-0.017043
LOC101927844,-0.16335
LOC101928093,0.060472
LOC101928436,-0.082648
LOC101928841,0.095914
LOC101929372,0.0054401
LOC101929983,0.14101
LOC102723859,0.05082
LOC102724279,-0.027894
LOC102724862,0.093118
LOC102724957,-0.049622
LOC113230,-0.16809
LOC149373,-0.003045
LOC158434,0.0055602
LOC200726,-0.0039236
LOC283710,-0.025958
LOC286238,0.016558
LOC339862,0.085552
LOC388282,-0.0083136
LOC388436,0.24274
LOC388780,0.14966
LOC388813,-0.0086309
LOC388849,-0.013044
LOC389602,0.015538
LOC389895,-0.073161
LOC391003,0.014873
LOC400736,-0.055116
LOC400863,-0.03777
LOC400927-CSNK1E,-0.011502
LOC401052,-0.047122
LOC403312,0.0056189
LOC441155,0.014938
LOC554223,0.16292
LOC643355,0.058479
LOC643802,0.072323
LOC645382,0.039454
LOC650293,-0.005677
LOC653602,-0.030116
LOC728392,-0.11431
LOC728485,0.069341
LOC729159,-0.12142
LOC730159,-0.0009377
LOC730183,-0.13923
LOC79999,0.16857
LOC81691,0.092233
LOH12CR1,-0.029374
LONP1,0.17008
LONP2,0.36327
LONRF1,0.017361
LONRF2,-0.055656
LONRF3,-0.11399
LOR,-0.17234
LOX,-0.0082768
LOXHD1,-0.0030344
LOXL1,0.19633
LOXL2,-0.014972
LOXL3,-0.093424
LOXL4,0.022103
LPA,-0.11681
LPAR2,-0.15671
LPAR3,-0.16657
LPAR4,-0.13766
LPAR5,-0.22004
LPAR6,-0.15709
LPCAT1,-0.21187
LPCAT2,-0.11067
LPCAT3,-0.091486
LPCAT4,0.11032
LPGAT1,0.14096
LPIN1,-0.015256
LPIN2,-0.0091252
LPIN3,0.025533
LPL,-0.16635
LPO,-0.13339
LPP,0.14366
LPPR1,-0.14616
LPPR2,0.10673
LPPR3,-0.22673
LPPR4,-0.016717
LPPR5,0.071441
LPXN,-0.18586
LRAT,0.048954
LRBA,0.086848
LRCH1,0.045763
LRCH2,0.021922
LRCH3,0.20318
LRCH4,0.053103
LRCOL1,0.086827
LRFN1,-0.048776
LRFN2,0.014613
LRFN3,-0.039551
LRFN4,-0.064159
LRFN5,-0.12176
LRG1,0.16317
LRGUK,0.071759
LRIF1,0.11744
LRIG1,-0.0631
LRIG2,-0.061025
LRIG3,-0.042296
LRIT1,-0.18008
LRIT2,-0.091009
LRIT3,0.10369
LRMP,-0.062746
LRP1,-0.10343
LRP10,0.43484
LRP11,-0.13483
LRP12,-0.026394
LRP1B,0.050407
LRP2,0.043148
LRP2BP,-0.10394
LRP3,-0.085356
LRP4,-0.02073
LRP5,-0.17624
LRP5L,-0.015977
LRP6,0.05837
LRP8,-0.179
LRPAP1,-0.14672
LRPPRC,0.10504
LRR1,0.11426
LRRC1,-0.075295
LRRC10,-0.095639
LRRC10B,0.12992
LRRC14,-0.01948
LRRC14B,0.076878
LRRC15,0.052452
LRRC16A,-0.048285
LRRC16B,0.1085
LRRC17,-0.17507
LRRC18,-0.033818
LRRC19,-0.18271
LRRC2,-0.13578
LRRC20,-0.030695
LRRC23,0.068438
LRRC24,-0.075339
LRRC25,0.15267
LRRC26,-0.26466
LRRC27,-0.071849
LRRC28,-0.061454
LRRC29,-0.021286
LRRC3,-0.12544
LRRC30,0.16615
LRRC31,-0.11061
LRRC32,-0.027029
LRRC34,-0.038355
LRRC36,-0.10738
LRRC37A,0.063182
LRRC37A2,-0.0094562
LRRC37A3,-0.043751
LRRC37B,0.14085
LRRC38,-0.015163
LRRC39,0.27215
LRRC3B,0.042871
LRRC3C,-0.079308
LRRC4,-0.0025396
LRRC40,-0.013415
LRRC41,-0.14322
LRRC42,-0.009764
LRRC43,0.11382
LRRC45,0.07924
LRRC46,0.058914
LRRC47,-0.052356
LRRC48,0.075776
LRRC49,-0.15258
LRRC4B,0.02699
LRRC4C,0.055749
LRRC52,-0.0032084
LRRC55,0.12748
LRRC56,-0.024823
LRRC57,0.043636
LRRC58,-0.047065
LRRC59,0.034858
LRRC6,-0.012163
LRRC61,-0.17389
LRRC63,-0.090818
LRRC66,0.060086
LRRC69,-0.088988
LRRC7,-0.099847
LRRC70,0.0092568
LRRC71,0.06538
LRRC72,0.052416
LRRC73,-0.013501
LRRC74A,0.043348
LRRC74B,-0.073439
LRRC75A,-0.093026
LRRC75B,0.11976
LRRC8A,0.082305
LRRC8B,0.12545
LRRC8C,-0.0086916
LRRC8D,0.13298
LRRC8E,-0.048377
LRRCC1,-0.068561
LRRD1,0.0069683
LRRFIP1,-0.015895
LRRFIP2,-0.08672
LRRIQ1,-0.022094
LRRIQ3,-0.078571
LRRIQ4,-0.050131
LRRK1,-0.0028029
LRRK2,-0.021215
LRRN1,0.027006
LRRN2,-0.037624
LRRN3,-0.083943
LRRN4,-0.020134
LRRN4CL,-0.056565
LRRTM1,0.044612
LRRTM2,-0.020578
LRRTM3,-0.10456
LRRTM4,-0.0044767
LRSAM1,-0.014918
LRTM1,0.21338
LRTM2,-0.055501
LRTOMT,0.041735
LRWD1,0.090333
LSAMP,0.070924
LSG1,-0.015878
LSM1,0.04838
LSM10,0.15419
LSM11,-0.052569
LSM12,0.25758
LSM14A,0.11632
LSM14B,0.069664
LSM2,0.27732
LSM3,-0.11582
LSM4,0.13907
LSM5,0.010782
LSM6,0.07895
LSM7,0.045946
LSM8,0.047201
LSMEM1,0.077252
LSMEM2,-0.036797
LSP1,0.04294
LSR,-0.018358
LSS,0.088643
LST1,0.048035
LTA,-0.038801
LTA4H,0.045753
LTB,-0.15348
LTB4R,-0.017978
LTB4R2,0.026466
LTBP1,-0.052337
LTBP2,0.038292
LTBP3,0.11955
LTBP4,0.025406
LTBR,0.35768
LTC4S,0.1733
LTF,-0.032936
LTK,0.0019762
LTN1,0.043721
LTV1,-0.16021
LUC7L,-0.04787
LUC7L2,-0.080036
LUC7L3,0.52166
LUM,-0.11465
LURAP1,-0.036419
LURAP1L,0.0005464
LUZP1,-0.13412
LUZP2,-0.037548
LUZP4,0.077702
LUZP6,0.003764
LVRN,-0.023886
LXN,0.020226
LY6D,-0.22714
LY6E,-0.031247
LY6G5B,0.079738
LY6G5C,0.057425
LY6G6C,-0.03464
LY6G6D,0.0084253
LY6G6F,0.03214
LY6H,0.13658
LY6K,-0.071424
LY75,0.079434
LY75-CD302,0.0052456
LY86,0.026459
LY9,-0.028306
LY96,0.044347
LYAR,-0.010566
LYG1,-0.13571
LYG2,0.01086
LYL1,0.081584
LYN,-0.0090167
LYNX1,-0.050891
LYPD1,0.026048
LYPD2,-0.14384
LYPD3,-0.055331
LYPD4,-0.042349
LYPD5,0.14827
LYPD6,-0.040901
LYPD6B,-0.013715
LYPD8,-0.093281
LYPLA1,-0.032783
LYPLA2,-0.16996
LYPLAL1,0.12275
LYRM1,-0.012234
LYRM2,-0.010992
LYRM4,0.17928
LYRM5,-0.029504
LYRM7,-0.072872
LYRM9,-0.11218
LYSMD1,0.028295
LYSMD2,-0.0651
LYSMD3,0.050297
LYSMD4,-0.028043
LYST,0.1275
LYVE1,0.024225
LYZ,-0.22164
LYZL1,0.012523
LYZL2,-0.11167
LYZL4,-0.0080966
LYZL6,-0.029065
LZIC,0.12155
LZTR1,-0.15917
LZTS1,-0.032686
LZTS2,-0.05493
LZTS3,0.047815
M1AP,-0.018604
M6PR,-0.026233
MAATS1,-0.027333
MAB21L1,-0.054616
MAB21L2,0.093664
MAB21L3,-0.12126
MACC1,0.06202
MACF1,0.09479
MACROD1,-0.017531
MACROD2,-0.011394
MAD1L1,-0.074031
MAD2L1,-0.10421
MAD2L1BP,0.036687
MAD2L2,0.38598
MADCAM1,0.03302
MADD,-0.052791
MAEA,0.047791
MAEL,-0.085474
MAF,-0.055199
MAF1,0.016034
MAFA,0.03212
MAFB,0.0014199
MAFF,-0.1888
MAFG,-0.029177
MAFK,0.085904
MAG,-0.072674
MAGEA1,0.11283
MAGEA10,-0.0065532
MAGEA10-MAGEA5,0.092943
MAGEA11,0.054068
MAGEA12,-0.40272
MAGEA2,-0.066693
MAGEA2B,0.05372
MAGEA3,0.031864
MAGEA4,-0.015652
MAGEA5,-0.11247
MAGEA6,0.034041
MAGEA8,-0.047133
MAGEA9,-0.023177
MAGEA9B,-0.093575
MAGEB1,0.0606
MAGEB10,-0.11601
MAGEB16,-0.052457
MAGEB17,-0.044651
MAGEB18,-0.049157
MAGEB2,-0.063061
MAGEB3,0.075943
MAGEB4,0.020142
MAGEB5,0.0040366
MAGEB6,0.040517
MAGEC1,0.062696
MAGEC2,0.085648
MAGEC3,0.069944
MAGED1,-0.066555
MAGED2,-0.066328
MAGED4,0.0048666
MAGED4B,-0.019549
MAGEE1,-0.11384
MAGEE2,0.086957
MAGEF1,-0.13112
MAGEH1,-0.01176
MAGEL2,-0.12321
MAGI1,0.098189
MAGI2,0.083357
MAGI3,-0.034852
MAGIX,0.020014
MAGOH,0.012049
MAGOHB,-0.043292
MAGT1,0.18885
MAK,-0.030707
MAK16,0.314
MAL,-0.11137
MAL2,-0.14
MALL,-0.12831
MALRD1,-0.0045449
MALSU1,-0.21464
MALT1,0.34359
MAMDC2,0.14921
MAMDC4,0.33014
MAML1,-0.048825
MAML2,0.082179
MAML3,-0.086319
MAMLD1,0.0066042
MAMSTR,-0.10997
MAN1A1,0.11065
MAN1A2,-0.17205
MAN1B1,-0.11008
MAN1C1,-0.023762
MAN2A1,0.021511
MAN2A2,0.072399
MAN2B1,0.095518
MAN2B2,0.081836
MAN2C1,-0.029813
MANBA,0.020034
MANBAL,0.087033
MANEA,0.037341
MANEAL,0.049853
MANF,0.11773
MANSC1,-0.01114
MANSC4,0.13036
MAOA,-0.061334
MAOB,-0.082003
MAP10,-0.040197
MAP1A,0.036699
MAP1B,0.052759
MAP1LC3A,-0.14529
MAP1LC3B,-0.095973
MAP1LC3B2,-0.11329
MAP1LC3C,0.18498
MAP1S,0.086623
MAP2,-0.18663
MAP2K1,0.19571
MAP2K2,-0.071737
MAP2K3,0.015197
MAP2K4,-0.07864
MAP2K5,-0.2531
MAP2K6,0.15117
MAP2K7,-0.019626
MAP3K1,-0.052515
MAP3K10,9.7924e-05
MAP3K11,0.042542
MAP3K12,-0.02456
MAP3K13,0.033149
MAP3K14,0.22717
MAP3K15,0.068445
MAP3K19,-0.0031079
MAP3K2,-0.093596
MAP3K3,0.036104
MAP3K4,0.035352
MAP3K5,-0.080242
MAP3K6,-0.026393
MAP3K7,0.10366
MAP3K7CL,0.041736
MAP3K8,-0.15518
MAP3K9,-0.10979
MAP4,0.12876
MAP4K1,-0.10441
MAP4K2,0.096809
MAP4K3,0.19272
MAP4K4,0.024077
MAP4K5,0.030336
MAP6,-0.046302
MAP6D1,-0.092686
MAP7,0.04116
MAP7D1,-0.087831
MAP7D2,0.05572
MAP7D3,-0.057077
MAP9,0.050574
MAPK1,0.19802
MAPK10,-0.090731
MAPK11,-0.080916
MAPK12,-0.057639
MAPK13,-0.043285
MAPK14,0.021961
MAPK15,-0.11229
MAPK1IP1L,-0.13226
MAPK3,0.097224
MAPK4,-0.06765
MAPK6,-0.051504
MAPK7,-0.083768
MAPK8,-0.076161
MAPK8IP1,-0.022097
MAPK8IP2,-0.071622
MAPK8IP3,-0.045915
MAPK9,-0.065294
MAPKAP1,0.057129
MAPKAPK2,-0.085685
MAPKAPK3,-0.090977
MAPKAPK5,-0.1287
MAPKBP1,-0.013472
MAPRE1,0.04494
MAPRE2,-0.055589
MAPRE3,0.27057
MAPT,-0.031464
MARC2,0.025557
MARCH1,-0.1416929999999999
MARCH11,-0.0532695
MARCH3,-0.1202
MARCH5,0.044212
MARCH6,-0.056012
MARCH8,0.0277329999999999
MARCH9,-0.0490894999999999
MARCKS,-0.024392
MARCKSL1,0.040969
MARCO,0.078131
MARK1,-0.20326
MARK2,0.10068
MARK3,-0.043624
MARK4,0.18263
MARS,1.0735
MARS2,0.011522
MARVELD1,0.024596
MARVELD2,0.0056215
MARVELD3,0.12694
MAS1,0.038531
MAS1L,0.056433
MASP1,0.10441
MASP2,0.018618
MAST1,-0.035655
MAST2,-0.061431
MAST3,-0.11555
MAST4,0.040774
MASTL,0.11209
MAT1A,0.067601
MAT2A,-0.054359
MAT2B,0.17464
MATK,-0.11572
MATN1,-0.16895
MATN2,-0.059483
MATN3,5.1577e-05
MATN4,-0.10597
MATR3,0.051017
MAU2,0.15288
MAVS,-0.076368
MAX,0.1405
MAZ,-0.022837
MB,0.050375
MB21D1,0.023734
MB21D2,-0.0092565
MBD1,-0.11077
MBD2,-0.21129
MBD3,0.032824
MBD3L1,-0.10397
MBD3L2,0.0545
MBD3L3,-0.032283
MBD3L4,-0.097188
MBD3L5,-0.20553
MBD4,-0.024544
MBD5,-0.06611
MBD6,0.083948
MBIP,0.054644
MBL2,0.075765
MBLAC1,-0.0079446
MBLAC2,-0.010928
MBNL1,0.014607
MBNL2,0.16947
MBNL3,-0.037316
MBOAT1,0.096813
MBOAT2,0.15422
MBOAT4,-0.10346
MBOAT7,-0.051259
MBP,-0.10461
MBTD1,0.033815
MBTPS1,-0.04661
MBTPS2,0.25414
MC2R,-0.1786
MC3R,0.09757
MC4R,-0.045282
MC5R,-0.092871
MCAM,-0.019766
MCAT,-0.0096312
MCC,0.13791
MCCC1,-0.062764
MCCC2,-0.12165
MCCD1,-0.061673
MCEE,-0.014686
MCEMP1,0.17373
MCF2,-0.080403
MCF2L,-0.1424
MCF2L2,0.11323
MCFD2,-0.065615
MCHR1,-0.052672
MCHR2,0.046793
MCIDAS,0.008301
MCL1,-0.090753
MCM10,-0.068855
MCM2,0.0046797
MCM3,0.12219
MCM3AP,0.080042
MCM4,0.038561
MCM5,0.32844
MCM6,0.1565
MCM7,0.10426
MCM8,0.038229
MCM9,0.083987
MCMBP,0.20152
MCMDC2,-0.011248
MCOLN1,0.063039
MCOLN2,-0.14988
MCOLN3,-0.07705
MCPH1,-0.011876
MCRS1,0.018222
MCTP1,0.07739
MCTP2,-0.029574
MCTS1,-0.094021
MCU,-0.16906
MCUR1,-0.1358
MDC1,-0.019545
MDFI,-0.13568
MDFIC,-0.009725
MDGA1,0.0004417
MDGA2,0.12958
MDH1,-0.0015158
MDH1B,-0.076838
MDH2,0.00092401
MDK,0.0020614
MDM1,-0.25878
MDM2,-0.045163
MDM4,-0.18159
MDN1,0.34462
MDP1,-0.10127
ME1,-0.075157
ME2,-0.073476
ME3,0.11909
MEA1,0.12011
MEAF6,0.07716
MECOM,0.034063
MECP2,-0.049134
MECR,-0.013517
MED1,0.015218
MED10,0.15392
MED11,0.56932
MED12,0.20596
MED12L,0.057338
MED13,-0.19602
MED13L,-0.10416
MED14,0.015513
MED14OS,-0.06976
MED15,-0.15621
MED16,-0.18764
MED17,0.099202
MED18,0.10099
MED19,0.53045
MED21,0.084858
MED22,-0.020286
MED23,0.052309
MED24,-0.060182
MED25,-0.07522
MED26,0.14054
MED27,0.063829
MED28,0.21978
MED29,-0.049265
MED30,-0.078624
MED31,-0.017707
MED4,0.010322
MED6,0.13107
MED7,-0.11589
MED8,0.20885
MED9,0.18263
MEDAG,-0.091573
MEF2A,0.052698
MEF2B,0.0069354
MEF2BNB,0.11132
MEF2BNB-MEF2B,-0.044154
MEF2C,-0.010846
MEF2D,-0.45135
MEFV,-0.22276
MEGF10,-0.029395
MEGF11,0.10195
MEGF6,-0.12871
MEGF8,-0.11158
MEGF9,-0.0086494
MEI1,-0.054982
MEI4,0.041185
MEIG1,0.10287
MEIKIN,0.020081
MEIOB,-0.024281
MEIS1,-0.079822
MEIS2,-0.020353
MEIS3,0.019607
MELK,-0.0069001
MEMO1,0.15543
MEN1,0.33901
MEOX1,0.15183
MEOX2,-0.091361
MEP1A,-0.0070608
MEP1B,0.19161
MEPCE,0.1285
MEPE,0.036836
MERTK,-0.17016
MESDC1,0.077554
MESDC2,-0.018147
MESP1,-0.0077826
MESP2,-0.078758
MEST,-0.12011
MET,0.020782
METAP1,0.20327
METAP1D,0.010617
METAP2,0.024619
METRN,0.053982
METRNL,-0.16186
METTL1,-0.074939
METTL10,0.12153
METTL11B,0.0073146
METTL12,-0.1222
METTL13,-0.0044637
METTL14,-0.023261
METTL15,-0.0089756
METTL16,-0.040355
METTL17,0.11576
METTL18,0.023173
METTL20,0.030765
METTL21A,-0.048089
METTL21B,0.0004093
METTL21C,-0.031263
METTL22,-0.0017341
METTL23,-0.057267
METTL24,-0.010954
METTL25,-0.045458
METTL2A,0.066133
METTL2B,0.12066
METTL3,0.089733
METTL4,-0.050569
METTL5,0.10695
METTL6,-0.098547
METTL7A,0.010746
METTL7B,-0.052848
METTL8,0.050387
METTL9,0.075593
MEX3A,0.088194
MEX3B,-0.027369
MEX3C,-0.010644
MEX3D,-0.10379
MFAP1,-0.20644
MFAP2,-0.1277
MFAP3,0.022969
MFAP3L,0.097267
MFAP4,-0.18719
MFAP5,-0.061314
MFF,-0.085508
MFGE8,-0.32375
MFHAS1,0.096742
MFI2,-0.12726
MFN1,0.037745
MFN2,0.12177
MFNG,0.13488
MFRP,-0.0944
MFSD1,0.044442
MFSD10,0.12335
MFSD11,-0.19545
MFSD12,0.0041484
MFSD2A,-0.051254
MFSD2B,0.069156
MFSD3,-0.14772
MFSD4,0.060348
MFSD5,-0.12109
MFSD6,-0.12612
MFSD6L,-0.062743
MFSD7,-0.031025
MFSD8,0.040393
MFSD9,-0.048069
MGA,0.11636
MGAM,0.039318
MGAM2,-0.2033
MGARP,-0.026942
MGAT1,0.019952
MGAT2,-0.11835
MGAT3,0.0060401
MGAT4A,0.042617
MGAT4B,-0.0082125
MGAT4C,0.019435
MGAT4D,-0.012528
MGAT5,-0.15073
MGAT5B,-0.0093275
MGC50722,-0.11341
MGC57346-CRHR1,0.11485
MGEA5,0.23899
MGLL,0.079862
MGME1,-0.1335
MGMT,-0.043865
MGP,-0.042536
MGRN1,0.024805
MGST1,-0.025514
MGST2,0.10279
MGST3,0.092406
MIA,0.0017567
MIA2,0.040398
MIA3,0.033416
MIB1,0.019281
MIB2,-0.022411
MICA,0.066176
MICAL1,0.070393
MICAL2,0.093463
MICAL3,-0.13116
MICALCL,0.31806
MICALL1,-0.15653
MICALL2,0.076546
MICB,-0.095644
MICU1,-0.0010556
MICU2,0.037363
MICU3,0.014685
MID1,-0.093442
MID1IP1,0.055045
MID2,0.0066622
MIDN,-0.22561
MIEF1,-0.0086619
MIEF2,0.012722
MIEN1,-0.16094
MIER1,0.076582
MIER2,-0.01703
MIER3,0.12733
MIF,-0.0061445
MIF4GD,-0.07609
MIIP,0.0011948
MILR1,-0.012331
MINA,0.071432
MINK1,0.032029
MINOS1,0.083117
MINOS1-NBL1,-0.078414
MINPP1,-0.043176
MIOS,0.14934
MIOX,-0.090855
MIP,-0.026289
MIPEP,-0.013492
MIPOL1,-0.15195
MIR1-1HG,0.071085
MIR205HG,-0.24454
MIS12,-0.030012
MIS18A,-0.11179
MIS18BP1,0.16876
MISP,0.071678
MITD1,-0.010055
MITF,0.012033
MIXL1,-0.038948
MKI67,-0.12293
MKKS,0.0038244
MKL1,0.069145
MKL2,-0.0069895
MKLN1,-0.015685
MKNK1,-0.19181
MKNK2,0.10889
MKRN1,-0.04075
MKRN2,-0.061178
MKRN2OS,0.10398
MKRN3,-0.075152
MKS1,0.021821
MKX,-0.037106
MLANA,0.079434
MLC1,0.13288
MLEC,0.055472
MLF1,0.091007
MLF2,-0.031253
MLH1,0.051721
MLH3,0.1605
MLIP,-0.0050586
MLKL,-0.065912
MLLT1,-0.17421
MLLT10,-0.16484
MLLT11,0.10123
MLLT3,-0.15363
MLLT4,-0.020871
MLLT6,0.22596
MLN,0.0033314
MLNR,0.076667
MLPH,0.0052928
MLST8,0.25212
MLX,0.090538
MLXIP,0.27209
MLXIPL,0.032491
MLYCD,-4.6477e-05
MMAA,0.082713
MMAB,-0.086255
MMACHC,0.049491
MMADHC,-0.067354
MMD,0.053088
MMD2,0.033548
MME,-0.10105
MMEL1,-0.14978
MMGT1,-0.12012
MMP1,-0.021034
MMP10,-0.092092
MMP11,0.10917
MMP12,-0.02316
MMP13,0.063861
MMP14,-0.015536
MMP15,-0.027262
MMP16,0.037498
MMP17,-0.063988
MMP19,-0.052815
MMP2,0.0059061
MMP20,0.033944
MMP21,0.32485
MMP23B,0.022796
MMP24,0.057961
MMP25,0.13832
MMP26,-0.1854
MMP27,-0.062202
MMP28,0.077557
MMP3,-0.067034
MMP7,0.03772
MMP8,-0.11435
MMP9,-0.1319
MMRN1,-0.024326
MMRN2,0.031291
MMS19,0.28232
MMS22L,0.15567
MN1,-0.032054
MNAT1,0.02908
MND1,-0.11839
MNDA,-0.085187
MNS1,-0.023323
MNT,-0.14808
MNX1,-0.12974
MOAP1,-0.074257
MOB1A,0.017395
MOB1B,0.03801
MOB2,0.19776
MOB3A,0.029309
MOB3B,-0.060508
MOB3C,0.066702
MOB4,0.19618
MOBP,0.065078
MOCOS,-0.16952
MOCS1,-0.12999
MOCS2,0.0042652
MOCS3,0.3471
MOG,-0.01501
MOGAT1,-0.013141
MOGAT2,-0.010348
MOGAT3,0.18689
MOGS,-0.14816
MOK,-0.12933
MON1A,-0.21562
MON1B,0.10952
MON2,0.16069
MORC1,0.049419
MORC2,-0.074555
MORC3,0.030564
MORC4,0.12387
MORF4L1,-0.18116
MORF4L2,0.019679
MORN1,-0.20994
MORN2,-0.068483
MORN3,0.043215
MORN4,0.020894
MORN5,0.042208
MOS,-0.039143
MOSPD1,-0.081947
MOSPD2,-0.068828
MOSPD3,0.10233
MOV10,-0.0011572
MOV10L1,0.025587
MOXD1,-0.18917
MPC1,-0.04005
MPC1L,-0.034719
MPC2,0.011045
MPDU1,0.13088
MPDZ,-0.095147
MPEG1,-0.13691
MPG,-0.099657
MPHOSPH10,0.05332
MPHOSPH6,-0.030007
MPHOSPH8,-0.077526
MPHOSPH9,0.030481
MPI,0.064452
MPL,0.072759
MPLKIP,0.19395
MPND,-0.016569
MPO,0.091056
MPP1,-0.090758
MPP2,-0.072345
MPP3,-0.093948
MPP4,-0.06223
MPP5,0.12278
MPP6,0.00028143
MPP7,0.12127
MPPE1,0.14367
MPPED1,-0.029632
MPPED2,-0.065964
MPRIP,0.21401
MPST,-0.084749
MPV17,0.14128
MPV17L,-0.089523
MPV17L2,-0.080748
MPZ,0.11669
MPZL1,0.0021866
MPZL2,0.11518
MPZL3,-0.017078
MR1,-0.046904
MRAP,0.048271
MRAP2,-0.14807
MRAS,-0.0089378
MRC1,-0.06285
MRC2,0.0051454
MRE11A,0.10588
MREG,-0.095241
MRFAP1,-0.025859
MRFAP1L1,-0.05302
MRGBP,-0.021491
MRGPRD,0.091015
MRGPRE,0.031279
MRGPRF,-0.14806
MRGPRG,0.038014
MRGPRX1,0.058357
MRGPRX2,0.0055844
MRGPRX3,0.013053
MRGPRX4,0.0052649
MRI1,-0.10306
MRLN,-0.015984
MRM1,0.050578
MRO,0.016016
MROH1,-0.065437
MROH2A,-0.024309
MROH2B,0.10443
MROH5,-0.0046143
MROH6,-0.15434
MROH7,-0.032607
MROH8,0.023756
MROH9,-0.17221
MRPL1,0.031684
MRPL10,-0.11637
MRPL11,-0.1544
MRPL12,-0.089149
MRPL13,-0.13598
MRPL14,0.0078119
MRPL15,-0.031109
MRPL16,-0.21785
MRPL17,-0.30278
MRPL18,-0.023243
MRPL19,-0.020509
MRPL2,0.18935
MRPL20,-0.074293
MRPL21,-0.15172
MRPL22,0.081611
MRPL23,0.041675
MRPL24,0.056981
MRPL27,-0.21314
MRPL28,-0.12224
MRPL3,-0.083807
MRPL30,0.0035665
MRPL32,-0.075285
MRPL33,-0.14336
MRPL34,0.0054727
MRPL35,-0.20087
MRPL36,-0.15503
MRPL37,-0.10897
MRPL38,0.0042618
MRPL39,-0.062789
MRPL4,-0.17175
MRPL40,-0.03566
MRPL41,-0.18225
MRPL42,0.0028193
MRPL43,0.14266
MRPL44,-0.26992
MRPL45,-0.070963
MRPL46,-0.062881
MRPL47,0.080188
MRPL48,-0.026842
MRPL49,-0.080219
MRPL50,0.078633
MRPL51,0.0058672
MRPL52,-0.12901
MRPL53,-0.1215
MRPL54,-0.033435
MRPL55,-0.17909
MRPL57,-0.11017
MRPL9,0.04083
MRPS10,-0.21056
MRPS11,-0.086849
MRPS12,-0.08105
MRPS14,-0.14364
MRPS15,-0.20215
MRPS16,-0.0093977
MRPS17,-0.17459
MRPS18A,-0.071615
MRPS18B,-0.05809
MRPS18C,-0.11667
MRPS2,-0.041402
MRPS21,0.056637
MRPS22,-0.14267
MRPS23,-0.076117
MRPS24,-0.1868
MRPS25,0.012883
MRPS26,-0.25138
MRPS27,-0.062544
MRPS28,-0.068723
MRPS30,-0.010291
MRPS31,-0.00060497
MRPS33,-0.083826
MRPS34,0.15328
MRPS35,0.078861
MRPS36,0.21224
MRPS5,-0.072889
MRPS6,-0.17795
MRPS7,-0.11867
MRPS9,-0.11389
MRRF,-0.085546
MRS2,0.031838
MRTO4,0.15001
MRVI1,0.012129
MS4A1,0.06865
MS4A10,-0.075161
MS4A12,0.05626
MS4A13,-0.1462
MS4A14,0.017464
MS4A15,-0.12987
MS4A2,0.023437
MS4A3,0.0090163
MS4A4A,-0.00034708
MS4A5,-0.014979
MS4A6A,-0.087137
MS4A6E,-0.1297
MS4A7,-0.055105
MS4A8,-0.11393
MSANTD1,-0.27785
MSANTD2,0.16583
MSANTD3,0.066151
MSANTD3-TMEFF1,-0.032452
MSANTD4,-0.035028
MSC,0.13836
MSGN1,-0.21168
MSH2,0.020181
MSH3,-0.011101
MSH4,-0.066167
MSH5,-0.10546
MSH6,0.026079
MSI1,0.061358
MSI2,-0.037164
MSL1,0.13802
MSL2,-0.026662
MSL3,0.067438
MSLN,-0.046939
MSMB,0.11844
MSMO1,0.0067705
MSMP,0.13175
MSN,-0.086727
MSR1,-0.10657
MSRA,-0.0040211
MSRB1,-0.17159
MSRB2,-0.1381
MSRB3,-0.04144
MSS51,0.018349
MST1,0.081134
MST1L,0.27226
MST1R,-0.25079
MSTN,-0.011298
MSTO1,0.20474
MSX1,0.11116
MSX2,0.045315
MT1A,0.12674
MT1B,0.10545
MT1E,-0.05395
MT1F,0.032747
MT1G,0.18243
MT1H,-0.0059814
MT1HL1,-0.038357
MT1M,-0.031271
MT1X,-0.12651
MT2A,-0.10234
MT3,-0.044628
MT4,0.018913
MTA1,0.14074
MTA2,0.01589
MTA3,-0.015875
MTAP,0.012557
MTBP,0.092764
MTCH1,0.12884
MTCH2,-0.010218
MTCL1,0.070991
MTCP1,-0.12784
MTDH,0.044386
MTERF1,0.039575
MTERF2,-0.096925
MTERF3,0.011622
MTERF4,0.049668
MTF1,0.11384
MTF2,-0.039378
MTFMT,0.056134
MTFP1,-0.1069
MTFR1,0.014097
MTFR1L,-0.045418
MTFR2,-0.095188
MTG1,0.0012199
MTG2,0.073067
MTHFD1,0.20538
MTHFD1L,0.18346
MTHFD2,0.14016
MTHFD2L,-0.090123
MTHFR,-0.049638
MTHFS,0.046179
MTHFSD,-0.0041489
MTIF2,-0.099967
MTIF3,-0.015841
MTL5,-0.15622
MTM1,0.037537
MTMR1,-0.10874
MTMR10,0.14681
MTMR11,0.079943
MTMR12,-0.051213
MTMR14,-0.0057293
MTMR2,-0.059561
MTMR3,-0.085938
MTMR4,-0.0073857
MTMR6,-0.11302
MTMR7,-0.018542
MTMR8,0.086884
MTMR9,0.0145
MTNR1A,-0.12658
MTNR1B,-0.19805
MTO1,0.024607
MTOR,0.26065
MTPAP,-0.057837
MTPN,-0.08842
MTR,-0.077661
MTRF1,-0.11857
MTRF1L,-0.065603
MTRNR2L1,-0.17956
MTRNR2L10,-0.2012
MTRNR2L2,0.028368
MTRNR2L3,0.010481
MTRNR2L4,-0.10869
MTRNR2L5,0.09862
MTRNR2L6,0.10637
MTRNR2L7,-0.031927
MTRNR2L8,0.02192
MTRNR2L9,-0.050673
MTRR,0.18355
MTSS1,0.029774
MTSS1L,0.084399
MTTP,0.016433
MTURN,-0.024036
MTUS1,0.0036901
MTUS2,-0.10672
MTX1,-0.048959
MTX2,0.1267
MTX3,-0.065557
MUC1,-0.12648
MUC12,-0.0095856
MUC13,-0.13781
MUC15,-0.077201
MUC16,-0.056492
MUC17,0.10753
MUC20,-0.075643
MUC21,-0.0089103
MUC22,-0.027966
MUC3A,-0.016974
MUC4,0.097331
MUC5AC,0.058931
MUC5B,0.049471
MUC6,-0.012604
MUC7,0.087119
MUCL1,-0.029541
MUL1,-0.077467
MUM1,-0.01168
MUM1L1,0.13767
MURC,0.04898
MUS81,0.084245
MUSK,-0.068613
MUSTN1,-0.10169
MUT,-0.089339
MUTYH,0.17726
MVB12A,-0.086896
MVB12B,0.013518
MVD,0.23393
MVK,0.26521
MVP,-0.093247
MX1,-0.02019
MX2,-0.020151
MXD1,-0.10371
MXD3,-0.022071
MXD4,-0.21786
MXI1,0.038909
MXRA5,0.076884
MXRA7,0.040422
MXRA8,-0.12904
MYADM,0.16048
MYADML2,-0.11584
MYB,0.051055
MYBBP1A,0.28944
MYBL1,-0.075175
MYBL2,-0.13621
MYBPC1,0.062156
MYBPC2,0.10469
MYBPC3,-0.051508
MYBPH,0.078879
MYBPHL,0.0029834
MYC,0.95594
MYCBP,0.065385
MYCBP2,-0.28494
MYCBPAP,0.00028551
MYCL,0.093362
MYCN,-0.10362
MYCT1,-0.10909
MYD88,0.049528
MYDGF,0.074003
MYEF2,0.049882
MYEOV,-0.14243
MYEOV2,0.10238
MYF5,-0.13071
MYF6,-0.13875
MYH1,0.098373
MYH10,0.0051593
MYH11,-0.17227
MYH13,0.14519
MYH14,-0.023711
MYH15,0.012174
MYH2,0.053563
MYH3,-0.18437
MYH4,0.10859
MYH6,-0.1884
MYH7,0.15102
MYH7B,-0.099854
MYH8,0.11744
MYH9,-0.014746
MYL1,-0.19301
MYL10,0.11461
MYL12A,0.066404
MYL12B,-0.018172
MYL2,-0.052566
MYL3,-0.055722
MYL4,-0.049217
MYL5,-0.052344
MYL6,-0.093761
MYL6B,0.06152
MYL7,0.00058898
MYL9,0.0093009
MYLIP,0.037881
MYLK,-0.15631
MYLK2,-0.056895
MYLK3,0.024699
MYLK4,0.046543
MYLPF,0.043188
MYNN,0.00052446
MYO10,0.0020877
MYO15A,0.091187
MYO16,-0.014391
MYO18A,0.032147
MYO18B,-0.14948
MYO19,-0.021777
MYO1A,0.03417
MYO1B,0.11835
MYO1C,0.017983
MYO1D,-0.0095298
MYO1E,-0.11521
MYO1F,-0.036441
MYO1G,0.030637
MYO1H,-0.22545
MYO3A,0.036466
MYO3B,0.018215
MYO5A,-0.11928
MYO5B,0.093338
MYO5C,-0.076979
MYO6,0.033889
MYO7A,-0.065215
MYO7B,0.057905
MYO9A,-0.11514
MYO9B,0.12224
MYOC,0.01357
MYOCD,-0.059901
MYOD1,-0.019853
MYOF,-0.066364
MYOG,-0.14216
MYOM1,-0.0743
MYOM2,-0.086692
MYOM3,-0.10087
MYOT,-0.14757
MYOZ1,0.051509
MYOZ2,-0.028289
MYOZ3,-0.012883
MYPN,0.046652
MYPOP,-0.027998
MYRF,0.23813
MYRIP,-0.091884
MYSM1,-0.019236
MYT1,-0.064089
MYT1L,0.18982
MYZAP,-0.065321
MZB1,0.018989
MZF1,0.041997
MZT1,0.032582
MZT2A,-0.022394
MZT2B,0.17154
N4BP1,0.12772
N4BP2,0.1467
N4BP2L1,0.011052
N4BP2L2,0.034835
N4BP3,-0.025233
N6AMT1,0.12964
N6AMT2,0.06965
NAA10,0.67531
NAA11,-0.070927
NAA15,0.15001
NAA16,-0.042718
NAA20,0.035378
NAA25,0.3482
NAA30,0.11531
NAA35,0.033716
NAA38,0.055034
NAA40,0.070587
NAA50,0.30783
NAA60,0.15965
NAAA,-0.17675
NAALAD2,-0.023749
NAALADL1,-0.22416
NAALADL2,0.014517
NAB1,0.024246
NAB2,-0.04094
NABP1,0.071283
NABP2,-0.19669
NACA,0.059737
NACA2,-0.22967
NACAD,0.10826
NACC1,-0.095436
NACC2,-0.23601
NADK,0.091951
NADK2,0.049155
NADSYN1,-0.027129
NAE1,0.003164
NAF1,0.33998
NAGA,0.057151
NAGK,0.091992
NAGLU,-0.049207
NAGPA,0.097328
NAGS,0.064742
NAIF1,-0.060636
NAIP,-0.09367
NALCN,-0.14694
NAMPT,0.2164
NANOG,0.11581
NANOGNB,-0.044397
NANOS1,-0.059198
NANOS2,-0.099382
NANOS3,-0.0004716
NANP,-0.090348
NANS,0.060438
NAP1L1,0.092896
NAP1L2,0.057181
NAP1L3,0.03544
NAP1L4,-0.054115
NAP1L5,0.22603
NAPA,0.043897
NAPB,0.11544
NAPEPLD,-0.068027
NAPG,0.038842
NAPRT,0.067581
NAPSA,-0.030805
NARF,0.18343
NARFL,0.17205
NARR,0.013989
NARS,0.19779
NARS2,-0.097141
NASP,-0.018197
NAT1,-0.26985
NAT10,0.3359
NAT14,-0.049144
NAT16,0.025754
NAT2,0.089407
NAT6,-0.020764
NAT8,0.044159
NAT8B,-0.023145
NAT8L,-0.081274
NATD1,0.10586
NAV1,0.14077
NAV2,0.052795
NAV3,-0.016944
NBAS,-0.091954
NBEA,-0.07839
NBEAL1,-0.090658
NBEAL2,0.12661
NBL1,-0.041356
NBN,0.094892
NBPF10,-0.049617
NBPF11,-0.018929
NBPF12,-0.046055
NBPF14,0.00093958
NBPF15,-0.090512
NBPF20,0.045191
NBPF3,0.18461
NBPF4,-0.096526
NBPF6,0.064379
NBPF7,0.22761
NBPF8,0.22638
NBPF9,0.11848
NBR1,-0.0086872
NCALD,-0.14247
NCAM1,-0.13962
NCAM2,-0.024421
NCAN,0.033656
NCAPD2,0.22512
NCAPD3,0.020145
NCAPG,0.088851
NCAPG2,0.15652
NCAPH,-0.088525
NCAPH2,0.11339
NCBP1,0.10227
NCBP2,-0.12585
NCCRP1,0.061391
NCDN,0.17944
NCEH1,-0.035104
NCF1,-0.051514
NCF2,-0.08676
NCF4,-0.027963
NCK1,0.070836
NCK2,-0.047807
NCKAP1,-0.071365
NCKAP1L,-0.18813
NCKAP5,-0.045172
NCKAP5L,-0.25017
NCKIPSD,-0.22371
NCL,0.091776
NCLN,0.11024
NCMAP,-0.004318
NCOA1,-0.21802
NCOA2,0.13331
NCOA3,-0.0015299
NCOA4,0.10261
NCOA5,0.039188
NCOA6,0.040576
NCOA7,0.12123
NCOR1,-0.093289
NCOR2,0.16202
NCR1,-0.082323
NCR2,0.035463
NCR3,-0.14742
NCR3LG1,0.1702
NCS1,0.12837
NCSTN,0.13279
NDC1,0.20377
NDC80,0.1673
NDE1,-0.044135
NDEL1,0.0083484
NDFIP1,-0.097801
NDFIP2,-0.095585
NDN,-0.11523
NDNF,0.031432
NDNL2,-0.022711
NDOR1,0.013161
NDP,-0.091706
NDRG1,-0.097278
NDRG2,-0.00082159
NDRG3,0.061893
NDRG4,0.052302
NDST1,0.020798
NDST2,0.010117
NDST3,-0.14884
NDST4,0.16748
NDUFA1,-0.15742
NDUFA10,-0.13682
NDUFA11,-0.038896
NDUFA12,0.10153
NDUFA13,-0.051833
NDUFA2,-0.29647
NDUFA3,0.042468
NDUFA4,-0.035459
NDUFA4L2,-0.16551
NDUFA5,0.052851
NDUFA6,-0.10946
NDUFA7,0.099335
NDUFA8,-0.10741
NDUFA9,0.020202
NDUFAB1,0.055633
NDUFAF1,0.00050707
NDUFAF2,-0.042219
NDUFAF3,-0.22353
NDUFAF4,-0.064141
NDUFAF5,-0.08879
NDUFAF6,-0.0078417
NDUFAF7,-0.02846
NDUFB1,-0.057834
NDUFB10,-0.33605
NDUFB11,-0.34748
NDUFB2,-0.24096
NDUFB3,0.034892
NDUFB4,-0.23464
NDUFB5,-0.10063
NDUFB6,-0.17443
NDUFB7,-0.18759
NDUFB8,-0.099513
NDUFB9,0.14259
NDUFC1,-0.28851
NDUFC2,-0.13387
NDUFC2-KCTD14,-0.2007
NDUFS1,-0.1029
NDUFS2,-0.24065
NDUFS3,-0.081793
NDUFS4,0.16627
NDUFS5,-0.11197
NDUFS6,-0.024483
NDUFS7,-0.17868
NDUFS8,-0.24182
NDUFV1,-0.11796
NDUFV2,-0.14162
NDUFV3,-0.15812
NEB,-0.23545
NEBL,0.053139
NECAB1,-0.10103
NECAB2,-0.1673
NECAB3,0.16406
NECAP1,0.019293
NECAP2,-0.26044
NEDD1,0.19278
NEDD4,0.12494
NEDD4L,-0.050465
NEDD8,0.1882
NEDD8-MDP1,-0.10492
NEDD9,-0.011092
NEFH,-0.092898
NEFL,-0.06948
NEFM,0.10756
NEGR1,-0.02729
NEIL1,-0.12568
NEIL2,-0.042282
NEIL3,0.0018071
NEK1,0.014716
NEK10,-0.14691
NEK11,-0.041378
NEK2,-0.055085
NEK3,-0.023203
NEK4,0.1081
NEK5,-0.016549
NEK6,-0.05281
NEK7,-0.025199
NEK8,-0.081818
NEK9,-0.040897
NELFA,0.24004
NELFB,0.26583
NELFCD,0.59559
NELFE,0.040276
NELL1,-0.10333
NELL2,-0.026669
NEMF,0.09294
NENF,-0.035757
NEO1,0.064217
NES,0.16251
NET1,-0.0042852
NETO1,-0.081387
NETO2,0.089474
NEU1,-0.15208
NEU2,-0.14814
NEU3,-0.032012
NEU4,-0.060255
NEURL1,-0.090589
NEURL1B,-0.019974
NEURL2,0.065609
NEURL3,-0.10342
NEURL4,0.11746
NEUROD1,-0.14945
NEUROD2,-0.053302
NEUROD4,-0.087151
NEUROD6,-0.032632
NEUROG1,-0.13117
NEUROG2,-0.019051
NEUROG3,-0.26314
NEXN,-0.06909
NF1,-0.0058024
NF2,-0.026297
NFAM1,-0.11956
NFASC,-0.042056
NFAT5,0.054383
NFATC1,-0.20826
NFATC2,0.032473
NFATC2IP,0.1372
NFATC3,-0.17031
NFATC4,-0.02989
NFE2,-0.047356
NFE2L1,-0.10014
NFE2L2,-0.093337
NFE2L3,0.095808
NFE4,-0.1054
NFIA,0.011466
NFIB,0.093182
NFIC,0.038104
NFIL3,-0.10499
NFIX,-0.074064
NFKB1,0.12855
NFKB2,0.1589
NFKBIA,-0.016253
NFKBIB,0.057569
NFKBID,0.03612
NFKBIE,-0.128
NFKBIL1,0.038333
NFKBIZ,-0.0014103
NFRKB,-0.042182
NFS1,0.55804
NFU1,0.076123
NFX1,0.12416
NFXL1,0.083892
NFYA,-0.0969
NFYB,0.00080908
NFYC,0.076386
NGB,0.050563
NGDN,0.23332
NGEF,-0.094481
NGF,-0.0028029
NGFR,-0.056834
NGFRAP1,-0.051219
NGLY1,-0.030015
NGRN,0.057829
NHEJ1,0.039947
NHLH1,-0.049528
NHLH2,-0.20727
NHLRC1,-0.032024
NHLRC2,0.059137
NHLRC3,0.057609
NHLRC4,-0.0049353
NHP2,0.47179
NHP2L1,0.013738
NHS,-0.01486
NHSL1,0.14942
NHSL2,0.0020204
NICN1,-0.15953
NID1,0.059453
NID2,-0.010917
NIF3L1,-0.033133
NIFK,0.31122
NIM1K,0.16188
NIN,-0.084455
NINJ1,0.030938
NINJ2,0.021897
NINL,-0.003606
NIP7,0.070044
NIPA1,0.069822
NIPA2,-0.043845
NIPAL1,0.080224
NIPAL2,-0.024695
NIPAL3,-0.23552
NIPAL4,-0.030333
NIPBL,0.22874
NIPSNAP1,-0.027469
NIPSNAP3A,-0.12828
NIPSNAP3B,0.033323
NISCH,0.23497
NIT1,0.0075236
NIT2,0.21829
NKAIN1,0.048835
NKAIN2,0.08203
NKAIN3,0.053148
NKAIN4,-0.099884
NKAP,0.26016
NKAPL,0.055827
NKD1,0.029016
NKD2,-0.050335
NKG7,-0.10977
NKIRAS1,0.019722
NKIRAS2,-0.024581
NKPD1,-0.002983
NKRF,-0.0021979
NKTR,0.068695
NKX1-1,-0.0096606
NKX1-2,0.17002
NKX2-1,-0.11234
NKX2-2,0.015181
NKX2-3,-0.081022
NKX2-4,0.19909
NKX2-5,-0.1499
NKX2-6,0.055025
NKX2-8,0.00037956
NKX3-1,-0.098201
NKX3-2,-0.11569
NKX6-1,-0.047218
NKX6-2,-0.027763
NKX6-3,0.0031334
NLE1,0.18193
NLGN1,0.038619
NLGN2,-0.026175
NLGN3,0.041298
NLGN4X,0.088622
NLGN4Y,0.045294
NLK,0.0084595
NLN,-0.022152
NLRC3,0.22056
NLRC4,0.10497
NLRC5,0.14665
NLRP1,-0.081986
NLRP10,-0.059362
NLRP11,-0.010631
NLRP12,-0.072561
NLRP13,-0.16114
NLRP14,0.07101
NLRP2,0.061305
NLRP3,-0.11339
NLRP4,0.06623
NLRP5,0.02133
NLRP6,0.057782
NLRP7,0.081659
NLRP8,-0.062017
NLRP9,-0.055824
NLRX1,0.06557
NMB,0.018128
NMBR,0.096279
NMD3,0.36065
NME1,-0.063576
NME1-NME2,-0.031032
NME2,0.050082
NME3,-0.1014
NME4,-0.019962
NME5,0.0057187
NME6,0.046384
NME7,0.13444
NME8,-0.0012292
NME9,0.085018
NMI,0.1706
NMNAT1,0.40249
NMNAT2,-0.06053
NMNAT3,0.12077
NMRK1,-0.042794
NMRK2,0.0093499
NMS,-0.055597
NMT1,-0.27982
NMT2,-0.37192
NMU,0.12012
NMUR1,-0.17879
NMUR2,0.036801
NNAT,0.070123
NNMT,0.10458
NNT,-0.027421
NOA1,-0.095468
NOB1,0.47979
NOBOX,-0.017533
NOC2L,0.27543
NOC3L,0.26379
NOC4L,0.080889
NOD1,-0.041142
NOD2,-0.11184
NODAL,0.041155
NOG,0.02401
NOL10,0.63124
NOL11,-0.026367
NOL12,0.23742
NOL3,-0.063071
NOL4,-0.10181
NOL4L,-0.04271
NOL6,0.31974
NOL7,0.46452
NOL8,0.20593
NOL9,-0.033029
NOLC1,0.097838
NOM1,0.46474
NOMO1,-0.13572
NOMO2,0.045731
NOMO3,-0.024471
NONO,-0.13279
NOP10,0.20772
NOP14,0.83218
NOP16,0.43713
NOP2,0.61125
NOP56,0.67977
NOP58,0.13317
NOP9,0.22836
NOS1,0.018065
NOS1AP,0.1041
NOS2,-0.0021666
NOS3,0.017927
NOSIP,0.05983
NOSTRIN,-0.12081
NOTCH1,-0.016857
NOTCH2,-0.073955
NOTCH2NL,0.15285
NOTCH3,0.17894
NOTCH4,0.22331
NOTO,-0.029466
NOTUM,-0.09825
NOV,-0.10642
NOVA1,0.058362
NOVA2,-0.085714
NOX1,-0.04262
NOX3,0.017506
NOX4,0.10642
NOX5,-0.094956
NOXA1,0.017605
NOXO1,-0.034757
NOXRED1,-0.10099
NPAP1,-0.13763
NPAS1,-0.034196
NPAS2,0.0018654
NPAS3,-0.02553
NPAS4,0.20305
NPAT,-0.046635
NPB,0.014685
NPBWR1,0.071835
NPBWR2,-0.11489
NPC1,0.26522
NPC1L1,0.20705
NPC2,0.011916
NPDC1,0.031034
NPEPL1,-0.053706
NPEPPS,-0.040176
NPFF,0.04063
NPFFR1,0.066355
NPFFR2,-0.014974
NPHP1,0.022215
NPHP3,0.042596
NPHP4,-0.039847
NPHS1,-0.074045
NPHS2,-0.15284
NPIPA1,-0.049929
NPIPA2,-0.017845
NPIPA3,-0.27405
NPIPA5,0.19477
NPIPA7,0.038796
NPIPA8,0.21308
NPIPB3,0.033813
NPIPB5,0.023621
NPIPB6,0.26348
NPIPB9,0.44208
NPL,-0.1262
NPLOC4,0.071109
NPM1,0.17411
NPM2,0.07362
NPM3,0.058741
NPNT,-0.1261
NPPA,0.021535
NPPB,0.049446
NPPC,-0.024168
NPR1,-0.074298
NPR2,-0.0074377
NPR3,-0.12378
NPRL2,-0.064744
NPRL3,-0.045335
NPS,0.033251
NPSR1,-0.062186
NPTN,0.078738
NPTX1,0.14134
NPTX2,0.019115
NPTXR,-0.10115
NPVF,-0.038262
NPW,-0.14055
NPY,-0.1027
NPY1R,0.161
NPY2R,0.11859
NPY4R,0.039919
NPY5R,0.054708
NQO1,0.0020735
NQO2,0.071697
NR0B1,0.039024
NR0B2,0.069735
NR1D1,-0.035985
NR1D2,0.073629
NR1H2,-0.17367
NR1H3,-0.044593
NR1H4,0.10933
NR1I2,-0.045533
NR1I3,0.13687
NR2C1,0.070988
NR2C2,-0.035828
NR2C2AP,-0.053131
NR2E1,-0.025853
NR2E3,0.12869
NR2F1,-0.16167
NR2F2,-0.029467
NR2F6,-0.063514
NR3C1,0.068432
NR3C2,-0.10774
NR4A1,-0.017617
NR4A2,-0.092234
NR4A3,-0.10067
NR5A1,-0.12971
NR5A2,0.08676
NR6A1,-0.00053901
NRAP,-0.16549
NRARP,-0.087298
NRAS,0.0038121
NRBF2,-0.071791
NRBP1,-0.1064
NRBP2,-0.16142
NRCAM,-0.080383
NRD1,0.12245
NRDE2,0.068655
NREP,-0.055456
NRF1,0.14259
NRG1,-0.079125
NRG2,0.026812
NRG3,0.031715
NRG4,-0.11788
NRGN,-0.084474
NRIP1,0.067749
NRIP2,-0.090745
NRIP3,0.018869
NRK,0.010912
NRL,0.068029
NRM,0.15308
NRN1,-0.032373
NRN1L,-0.19902
NRP1,-0.13032
NRP2,-0.14626
NRROS,0.061286
NRSN1,-0.017873
NRSN2,-0.072019
NRTN,0.010045
NRXN1,-0.15336
NRXN2,-0.1035
NRXN3,-0.0040149
NSA2,0.30971
NSD1,-0.012363
NSDHL,0.020558
NSF,0.077081
NSFL1C,-0.031157
NSG1,-0.074359
NSL1,0.052397
NSMAF,0.035007
NSMCE1,0.10363
NSMCE2,-0.15998
NSMCE4A,0.28503
NSMF,-0.0055004
NSRP1,0.0093359
NSUN2,0.18132
NSUN3,-0.11527
NSUN4,0.12851
NSUN5,0.11121
NSUN6,0.1024
NSUN7,0.084801
NT5C,0.04576
NT5C1A,-0.076433
NT5C1B,0.0081178
NT5C1B-RDH14,0.087348
NT5C2,0.02984
NT5C3A,-0.14234
NT5C3B,0.043907
NT5DC1,-0.026596
NT5DC2,0.070843
NT5DC3,0.035005
NT5E,-0.045277
NT5M,-0.040232
NTAN1,-0.067337
NTF3,0.046318
NTF4,0.033916
NTHL1,0.034978
NTM,-0.055212
NTMT1,0.019084
NTN1,-0.16983
NTN3,-0.10294
NTN4,0.009534
NTN5,-0.05088
NTNG1,-0.022801
NTNG2,-0.047129
NTPCR,0.016496
NTRK1,-0.10444
NTRK2,-0.024193
NTRK3,-0.16907
NTS,0.0068135
NTSR1,0.0046401
NTSR2,0.12592
NUAK1,-0.023401
NUAK2,0.00046856
NUB1,0.08947
NUBP1,0.20136
NUBP2,0.024335
NUBPL,0.079329
NUCB1,-0.091762
NUCB2,0.057172
NUCKS1,-0.0096962
NUDC,0.065111
NUDCD1,0.0033442
NUDCD2,-0.065269
NUDCD3,0.20102
NUDT1,-0.019867
NUDT10,-0.16807
NUDT11,-0.15265
NUDT12,0.12543
NUDT13,0.035798
NUDT14,-0.043151
NUDT15,-0.045062
NUDT16,-0.08547
NUDT16L1,-0.011736
NUDT17,0.04753
NUDT18,0.11716
NUDT19,-0.0037571
NUDT2,0.023562
NUDT21,-0.055444
NUDT22,-0.058825
NUDT3,-0.12592
NUDT4,-0.11827
NUDT5,-0.013814
NUDT6,-0.10636
NUDT7,0.069393
NUDT8,-0.021439
NUDT9,-0.19619
NUF2,0.0018143
NUFIP1,0.17803
NUFIP2,0.026141
NUGGC,-0.071819
NUMA1,-0.076126
NUMB,0.11504
NUMBL,0.23135
NUP107,-0.0087615
NUP133,-0.12162
NUP153,0.039546
NUP155,0.1076
NUP160,0.087616
NUP188,0.29556
NUP205,-0.028123
NUP210,0.10184
NUP210L,0.023686
NUP214,0.10529
NUP35,0.12949
NUP37,0.032052
NUP43,0.3493
NUP50,0.11013
NUP54,-0.0086218
NUP62,-0.16001
NUP62CL,-0.017146
NUP85,0.095902
NUP88,0.13256
NUP93,0.10357
NUP98,0.023356
NUPL1,-0.052307
NUPL2,-0.042621
NUPR1,-0.2561
NUPR1L,-0.1035
NUS1,0.2733
NUSAP1,0.10566
NUTF2,-0.13703
NUTM1,0.0084379
NUTM2A,0.23553
NUTM2B,0.10734
NUTM2F,0.021005
NUTM2G,0.018223
NVL,0.080941
NWD1,-0.14353
NWD2,-0.14409
NXF1,-0.099721
NXF2,0.128
NXF2B,-0.026657
NXF3,0.078408
NXF5,-0.066529
NXN,-0.022635
NXNL1,0.14895
NXNL2,-0.034598
NXPE1,0.18039
NXPE2,0.0092819
NXPE3,-0.055342
NXPE4,-0.026849
NXPH1,-0.0079979
NXPH2,0.025505
NXPH3,-0.041598
NXPH4,0.092581
NXT1,-0.035782
NXT2,-0.10812
NYAP1,-0.34307
NYAP2,-0.010447
NYNRIN,-0.039382
NYX,-0.046503
OAF,-0.0025179
OARD1,-0.03403
OAS1,-0.15557
OAS2,-0.032206
OAS3,-0.076038
OASL,-0.023566
OAT,-0.12331
OAZ1,-0.12094
OAZ2,-0.017311
OAZ3,-0.047442
OBFC1,0.098745
OBP2A,-0.012214
OBP2B,-0.03577
OBSCN,-0.024717
OBSL1,-0.010864
OC90,-0.088501
OCA2,-0.041776
OCEL1,-0.1116
OCIAD1,0.15001
OCIAD2,0.0803
OCLM,0.031317
OCLN,-0.16885
OCM,0.052165
OCM2,0.088312
OCRL,0.0872
OCSTAMP,-0.05308
ODAM,-0.076167
ODC1,0.10842
ODF1,-0.093897
ODF2,0.023231
ODF2L,-0.052995
ODF3,0.038257
ODF3B,-0.1314
ODF3L1,-0.081439
ODF3L2,0.19093
ODF4,0.060352
OFD1,-0.10352
OGDH,0.089217
OGDHL,-0.023694
OGFOD1,-0.0050281
OGFOD2,0.018804
OGFOD3,0.14671
OGFR,0.0035599
OGFRL1,-0.12127
OGG1,0.074924
OGN,-0.066273
OGT,0.46821
OIP5,0.031913
OIT3,0.061654
OLA1,0.01986
OLAH,-0.0037947
OLFM1,-0.04829
OLFM2,0.039626
OLFM3,-0.018947
OLFM4,-0.025857
OLFML1,0.062295
OLFML2A,-0.12679
OLFML2B,0.11818
OLFML3,-0.028195
OLIG1,-0.025936
OLIG2,-0.05354
OLIG3,0.0203
OLR1,0.058098
OMA1,-0.064262
OMD,-0.000985
OMG,-0.078639
OMP,-0.1372
ONECUT1,-0.066873
ONECUT2,0.017842
ONECUT3,0.0059655
OOEP,0.070801
OOSP2,0.017158
OPA1,0.012932
OPA3,-0.024532
OPALIN,0.076674
OPCML,0.0027226
OPHN1,0.16311
OPLAH,-0.15162
OPN1LW,-0.087743
OPN1MW,0.058801
OPN1MW2,-0.12531
OPN1SW,-0.12739
OPN3,-0.26685
OPN4,0.0099501
OPN5,-0.1614
OPRD1,-0.092738
OPRK1,-0.021909
OPRL1,0.095232
OPRM1,-0.12562
OPTC,0.063152
OPTN,0.0028685
OR10A2,0.091069
OR10A3,0.020444
OR10A4,0.022677
OR10A5,-0.079028
OR10A6,0.0017524
OR10A7,0.16162
OR10AD1,0.11273
OR10AG1,0.034746
OR10C1,0.089865
OR10G2,-0.1095
OR10G3,-0.11758
OR10G4,0.0060087
OR10G7,0.021981
OR10G8,-0.077124
OR10G9,-0.0083022
OR10H1,0.047982
OR10H2,-0.12125
OR10H3,-0.0039851
OR10H4,-0.059841
OR10H5,-0.048996
OR10J1,0.13775
OR10J3,-0.072179
OR10J5,0.0018538
OR10K1,-0.19037
OR10K2,-0.090948
OR10P1,0.13061
OR10Q1,0.14315
OR10R2,-0.062619
OR10S1,0.069339
OR10T2,-0.026558
OR10V1,-0.0052183
OR10W1,0.055232
OR10X1,0.19461
OR10Z1,-0.055738
OR11A1,0.10852
OR11G2,-0.0085024
OR11H1,-0.1168
OR11H12,0.065201
OR11H2,0.0033676
OR11H4,0.16717
OR11H6,-0.0083036
OR11L1,-0.099102
OR12D2,0.061947
OR12D3,0.0068242
OR13A1,0.15346
OR13C2,-0.10869
OR13C3,-0.0079965
OR13C4,0.047408
OR13C5,0.056524
OR13C8,0.10934
OR13C9,0.057515
OR13D1,-0.11915
OR13F1,-0.091461
OR13G1,0.049963
OR13H1,0.092205
OR13J1,-0.10719
OR14A16,0.029762
OR14C36,-0.06993
OR14I1,-0.081354
OR14J1,-0.11125
OR1A1,-0.022454
OR1A2,-0.0086819
OR1B1,-0.030434
OR1C1,0.060625
OR1D2,-0.18001
OR1D5,0.055083
OR1E1,0.040912
OR1E2,-0.055333
OR1F1,-0.10996
OR1G1,-0.0020058
OR1I1,0.063256
OR1J1,0.0018061
OR1J2,0.016983
OR1J4,-0.065201
OR1K1,-0.032882
OR1L1,-0.057426
OR1L3,0.12651
OR1L4,0.0070093
OR1L6,-0.096861
OR1L8,-0.026805
OR1M1,-0.080616
OR1N1,0.01701
OR1N2,0.027149
OR1Q1,0.11133
OR1S1,0.074037
OR1S2,-0.034382
OR2A1,0.097293
OR2A12,0.00032959
OR2A14,0.046086
OR2A2,-0.0074519
OR2A25,-0.045232
OR2A4,0.089848
OR2A42,0.0079735
OR2A5,-0.027727
OR2A7,-0.16601
OR2AE1,-0.030033
OR2AG1,0.0096976
OR2AG2,-0.095863
OR2AK2,0.0059987
OR2AP1,0.041487
OR2AT4,0.18861
OR2B11,-0.058951
OR2B2,0.018096
OR2B3,-0.10602
OR2B6,-0.0077912
OR2C1,-0.08804
OR2C3,-0.091905
OR2D2,0.025726
OR2D3,0.14957
OR2F1,-0.11554
OR2F2,0.13546
OR2G2,-0.0039127
OR2G3,-0.13136
OR2G6,-0.011372
OR2H1,-0.15427
OR2H2,-0.13619
OR2J2,-0.12574
OR2J3,0.066721
OR2K2,-0.1077
OR2L13,-0.10417
OR2L2,-0.062846
OR2L3,0.14964
OR2L5,0.043148
OR2L8,0.015565
OR2M2,-0.073923
OR2M3,0.027952
OR2M4,0.006546
OR2M5,-0.28378
OR2M7,-0.00010609
OR2S2,-0.066966
OR2T1,0.045251
OR2T10,-0.039526
OR2T11,0.051253
OR2T12,-0.12049
OR2T2,-0.08329
OR2T27,-0.058663
OR2T29,-0.11507
OR2T3,-0.038342
OR2T33,0.024091
OR2T34,-0.034996
OR2T35,-0.11037
OR2T4,0.053347
OR2T5,0.044376
OR2T6,0.1319
OR2T8,-0.063565
OR2V1,0.076633
OR2V2,0.08411
OR2W1,-0.040817
OR2W3,-0.095133
OR2W5,-0.14388
OR2Y1,0.027528
OR2Z1,0.025073
OR3A1,-0.12846
OR3A2,-0.014957
OR3A3,0.048911
OR4A15,0.058553
OR4A16,-0.038411
OR4A47,-0.048311
OR4A5,0.056345
OR4B1,0.048212
OR4C11,0.032281
OR4C12,-0.085941
OR4C13,-0.076931
OR4C15,-0.038237
OR4C16,0.046692
OR4C3,-0.2129
OR4C45,-0.052168
OR4C46,-0.15135
OR4C6,-0.12525
OR4D1,-0.063125
OR4D10,-0.070444
OR4D11,-0.011067
OR4D2,0.10116
OR4D5,-0.012807
OR4D6,-0.11676
OR4D9,-0.17145
OR4E2,0.025546
OR4F15,0.039082
OR4F16,-0.048906
OR4F17,0.097107
OR4F21,-0.054987
OR4F29,0.15362
OR4F3,0.018341
OR4F4,0.0052705
OR4F5,-0.033972
OR4F6,-0.052266
OR4K1,0.19737
OR4K13,-0.058393
OR4K14,0.028137
OR4K15,-0.14718
OR4K17,-0.026922
OR4K2,-0.081123
OR4K5,-0.0012265
OR4L1,-0.050459
OR4M1,-0.11107
OR4M2,-0.031957
OR4N2,-0.10304
OR4N4,0.13056
OR4N5,0.12485
OR4P4,-0.036078
OR4Q3,-0.054905
OR4S1,-0.037105
OR4S2,0.17514
OR4X1,0.065922
OR4X2,0.097316
OR51A2,-0.0088209
OR51A4,0.02775
OR51A7,-0.13943
OR51B2,0.16296
OR51B4,-0.069362
OR51B6,-0.03359
OR51D1,0.13827
OR51E1,-0.02413
OR51E2,0.013054
OR51F1,-0.096883
OR51F2,0.0013081
OR51G1,-0.095834
OR51G2,-0.12179
OR51I1,0.081825
OR51I2,-0.038396
OR51L1,-0.047163
OR51M1,-0.0015964
OR51Q1,-0.087926
OR51S1,0.0073727
OR51T1,-0.057159
OR51V1,0.036588
OR52A1,-0.1343
OR52A5,-0.0089735
OR52B2,-0.044988
OR52B4,-0.01744
OR52B6,0.015957
OR52D1,-0.097409
OR52E2,0.058914
OR52E4,0.070671
OR52E6,-0.096848
OR52E8,-0.15282
OR52H1,0.043638
OR52I1,-0.20194
OR52I2,-0.083516
OR52J3,-0.034913
OR52K1,0.0059971
OR52K2,-0.012506
OR52L1,-0.26961
OR52M1,0.04294
OR52N1,-0.041347
OR52N2,-0.11244
OR52N4,0.052102
OR52N5,-0.18512
OR52R1,-0.051057
OR52W1,-0.077537
OR56A1,-0.15724
OR56A3,0.091628
OR56A4,0.00063627
OR56A5,0.1608
OR56B1,-0.045434
OR56B4,-0.041704
OR5A1,0.0018061
OR5A2,-0.038326
OR5AC2,0.035434
OR5AK2,0.050113
OR5AN1,0.023448
OR5AP2,0.02535
OR5AR1,0.050558
OR5AS1,0.10637
OR5AU1,0.017596
OR5B12,-0.13179
OR5B17,0.025398
OR5B2,-0.1398
OR5B21,-0.0053925
OR5B3,0.11897
OR5C1,0.09901
OR5D13,0.093964
OR5D14,0.029745
OR5D18,-0.021938
OR5F1,0.12766
OR5H1,0.095677
OR5H14,0.094762
OR5H15,0.030129
OR5H2,-0.084326
OR5H6,-0.076716
OR5I1,0.12607
OR5J2,-0.040086
OR5K1,-0.14836
OR5K2,-0.010141
OR5K3,-0.20537
OR5K4,0.26639
OR5L1,0.11556
OR5L2,-0.010815
OR5M1,-0.044525
OR5M10,0.072521
OR5M11,0.080868
OR5M3,-0.064557
OR5M8,-0.019673
OR5M9,-0.069237
OR5P2,-0.11477
OR5P3,0.052726
OR5R1,0.10887
OR5T1,0.026766
OR5T2,0.12846
OR5T3,-0.018243
OR5V1,-0.098329
OR5W2,-0.12583
OR6A2,-0.12446
OR6B1,-0.1273
OR6B2,0.15021
OR6B3,0.038574
OR6C1,-0.072262
OR6C2,-0.23083
OR6C3,-0.095705
OR6C4,0.10331
OR6C6,0.03871
OR6C65,-0.040482
OR6C68,0.051464
OR6C70,-0.073489
OR6C74,0.048226
OR6C75,0.054361
OR6C76,0.017832
OR6F1,0.065316
OR6K2,-0.013677
OR6K3,0.042103
OR6K6,-0.091345
OR6M1,0.02229
OR6N1,-0.067095
OR6N2,-0.078001
OR6P1,0.086502
OR6Q1,-0.19407
OR6S1,0.22342
OR6T1,0.017487
OR6V1,0.0082478
OR6X1,-0.039756
OR6Y1,0.063561
OR7A10,0.023094
OR7A17,0.16511
OR7A5,0.072106
OR7C1,-0.037571
OR7C2,0.18934
OR7D2,0.081127
OR7D4,0.10499
OR7E24,0.058512
OR7G1,-0.014589
OR7G2,-0.040883
OR7G3,-0.038385
OR8A1,-0.071518
OR8B12,0.015585
OR8B2,-0.19761
OR8B3,0.072735
OR8B4,-0.058843
OR8B8,-0.095218
OR8D1,-0.0058338
OR8D2,-0.095682
OR8D4,-0.0078217
OR8G1,0.049453
OR8G2,0.085874
OR8G5,0.046244
OR8H1,0.1335
OR8H2,-0.14176
OR8H3,-0.096703
OR8I2,-0.004197
OR8J1,0.0089135
OR8J3,0.08436
OR8K1,-0.042401
OR8K3,0.055079
OR8K5,0.035096
OR8S1,0.10709
OR8U1,0.011259
OR9A2,0.051495
OR9A4,-0.0035881
OR9G1,-0.11268
OR9G4,0.10628
OR9I1,0.019885
OR9K2,0.051068
OR9Q1,0.079417
OR9Q2,-0.10332
ORAI1,0.26233
ORAI2,-0.05066
ORAI3,-0.074889
ORAOV1,0.78873
ORC1,0.054162
ORC2,-0.018927
ORC3,0.45213
ORC4,0.16954
ORC5,0.16366
ORC6,-0.10929
ORM1,0.070194
ORM2,-0.1554
ORMDL1,-0.13399
ORMDL2,-0.11756
ORMDL3,0.027913
OS9,-0.10699
OSBP,0.053349
OSBP2,-0.078295
OSBPL10,-0.07552
OSBPL11,-0.14464
OSBPL1A,-0.031724
OSBPL2,-0.087207
OSBPL3,-0.093477
OSBPL5,-0.054728
OSBPL6,-0.056609
OSBPL7,0.00087945
OSBPL8,0.15321
OSBPL9,-0.17672
OSCAR,0.00059484
OSCP1,0.10375
OSER1,0.099992
OSGEP,0.12628
OSGEPL1,0.032405
OSGIN1,0.23432
OSGIN2,0.32961
OSM,-0.10983
OSMR,-0.027918
OSR1,-0.20103
OSR2,-0.15225
OST4,0.091448
OSTC,-0.018615
OSTF1,0.048135
OSTM1,0.083494
OSTN,0.04059
OTC,-0.025903
OTOA,-0.028003
OTOF,0.22866
OTOG,-0.072078
OTOGL,-0.067172
OTOL1,-0.039346
OTOP1,-0.021043
OTOP2,0.045505
OTOP3,-0.017056
OTOR,0.011056
OTOS,-0.10868
OTP,0.010588
OTUB1,0.020635
OTUB2,0.23296
OTUD1,0.1867
OTUD3,-0.019518
OTUD4,0.17035
OTUD5,-0.15956
OTUD6A,0.054758
OTUD6B,-0.10913
OTUD7A,-0.28493
OTUD7B,0.062398
OTULIN,0.0088543
OTX1,-0.10846
OTX2,0.034739
OVCA2,-0.090645
OVCH1,-0.077898
OVCH2,-0.068686
OVGP1,-0.0010527
OVOL1,-0.1276
OVOL2,-0.13827
OVOL3,0.021904
OXA1L,0.25234
OXCT1,0.038147
OXCT2,0.14679
OXER1,-0.15325
OXGR1,-0.077382
OXLD1,0.090189
OXNAD1,-0.10816
OXR1,0.092516
OXSM,-0.088024
OXSR1,-0.041394
OXT,0.0024882
OXTR,-0.073189
P2RX1,0.016719
P2RX2,0.11303
P2RX3,-0.14012
P2RX4,-0.010823
P2RX5,0.23751
P2RX6,0.13533
P2RX7,0.035834
P2RY1,0.015104
P2RY10,0.14752
P2RY11,-0.073109
P2RY12,0.053485
P2RY13,-0.12484
P2RY14,-0.19485
P2RY2,0.12081
P2RY4,-0.00062434
P2RY6,-0.10623
P2RY8,-0.063995
P3H1,-0.029231
P3H2,-0.16233
P3H3,0.0029026
P3H4,-0.053957
P4HA1,-0.044402
P4HA2,-0.033123
P4HA3,-0.040846
P4HB,-0.083378
P4HTM,0.01073
PA2G4,0.18401
PAAF1,-0.062296
PABPC1,0.029279
PABPC1L,0.014884
PABPC1L2A,-0.022796
PABPC1L2B,-0.038412
PABPC3,0.14721
PABPC4,0.094257
PABPC4L,-0.015018
PABPC5,-0.11816
PABPN1,-0.21966
PABPN1L,0.042564
PACRG,-0.11965
PACRGL,-0.024217
PACS1,0.091046
PACS2,0.026404
PACSIN1,-0.14223
PACSIN2,0.10028
PACSIN3,-0.078444
PADI1,0.06757
PADI2,-0.13385
PADI3,0.10535
PADI4,-0.10308
PADI6,0.082073
PAEP,-0.090071
PAF1,-0.29879
PAFAH1B1,0.011771
PAFAH1B2,-0.082252
PAFAH1B3,0.015197
PAFAH2,-0.073389
PAG1,0.09071
PAGE1,0.027678
PAGE2,0.046398
PAGE2B,0.085657
PAGE3,0.032571
PAGE4,-0.051859
PAGE5,0.0027362
PAGR1,0.29156
PAH,0.013258
PAICS,0.27292
PAIP1,0.048158
PAIP2,0.011471
PAIP2B,-0.1039
PAK1IP1,0.17107
PAK2,0.08145
PAK3,0.12113
PAK4,0.010141
PAK6,-0.17038
PAK7,-0.023036
PALB2,0.012713
PALD1,0.11824
PALLD,0.016989
PALM,0.027733
PALM2,0.024674
PALM2-AKAP2,0.0079996
PALM3,-0.13521
PALMD,0.079575
PAM,-0.12538
PAM16,-0.0072065
PAMR1,0.049943
PAN2,0.044063
PAN3,-0.074676
PANK1,-0.033411
PANK2,-0.037017
PANK3,0.099615
PANK4,-0.096457
PANO1,0.1644
PANX1,0.042853
PANX2,0.11259
PANX3,0.025266
PAOX,-0.14696
PAPD4,-0.066372
PAPD5,0.20412
PAPD7,-0.05647
PAPL,0.06705
PAPLN,0.01804
PAPOLA,0.067022
PAPOLB,-0.048014
PAPOLG,-0.041433
PAPPA,0.093511
PAPPA2,-0.056585
PAPSS1,-0.067611
PAPSS2,0.047602
PAQR3,-0.0065591
PAQR4,-0.019123
PAQR5,0.065353
PAQR6,0.0073927
PAQR7,-0.090671
PAQR8,0.16494
PAQR9,-0.14159
PARD3,-0.012494
PARD3B,-0.056317
PARD6A,-0.032757
PARD6B,-0.16531
PARD6G,-0.097409
PARG,0.066229
PARK2,0.0025842
PARK7,0.03425
PARL,-0.053942
PARM1,-0.021299
PARN,0.22472
PARP1,-0.085625
PARP10,-0.062468
PARP11,-0.012693
PARP12,0.0093501
PARP14,-0.1893
PARP15,-0.087089
PARP16,-0.025698
PARP2,-0.054047
PARP3,0.085043
PARP4,0.10199
PARP6,0.081269
PARP8,-0.10166
PARP9,-0.050879
PARPBP,0.014679
PARS2,-0.068284
PARVA,0.11473
PARVB,0.045017
PARVG,-0.16425
PASD1,-0.034957
PASK,-0.021341
PATE1,-0.085956
PATE2,0.063349
PATE3,0.09636
PATE4,-0.23991
PATL1,-0.19777
PATL2,0.060063
PATZ1,0.012917
PAWR,-0.034651
PAX1,-0.021913
PAX2,-0.027121
PAX3,-0.087402
PAX4,0.067663
PAX5,0.032256
PAX6,-0.0084952
PAX7,0.038994
PAX8,0.14761
PAX9,0.09277
PAXBP1,0.12837
PAXIP1,-0.11344
PBDC1,-0.028253
PBK,-0.020275
PBLD,-0.18308
PBOV1,0.017856
PBRM1,-0.008535
PBX1,-0.15489
PBX2,0.044805
PBX3,-0.099748
PBX4,-0.13462
PBXIP1,0.083364
PC,0.21012
PCBD1,-0.047873
PCBD2,0.020922
PCBP1,0.25758
PCBP2,-0.36875
PCBP3,-0.17053
PCBP4,-0.11803
PCCA,-0.062564
PCCB,0.047727
PCDH1,-0.022588
PCDH10,-0.26824
PCDH11X,-0.007443
PCDH11Y,-0.021039
PCDH12,0.11233
PCDH15,-0.025169
PCDH17,-0.085234
PCDH18,-0.1278
PCDH19,-0.086208
PCDH20,0.031793
PCDH7,0.19415
PCDH8,0.19868
PCDH9,0.02429
PCDHA1,-0.12213
PCDHA10,-0.12035
PCDHA11,-0.057915
PCDHA12,-0.019951
PCDHA13,-0.098664
PCDHA2,0.035647
PCDHA3,-0.097092
PCDHA4,0.019979
PCDHA5,-0.023194
PCDHA6,-0.079266
PCDHA7,0.05825
PCDHA8,-0.11337
PCDHA9,-0.030996
PCDHAC1,0.074798
PCDHAC2,-0.084231
PCDHB1,0.014829
PCDHB10,-0.034954
PCDHB11,-0.060698
PCDHB12,-0.080759
PCDHB13,0.046137
PCDHB14,-0.22186
PCDHB15,-0.069518
PCDHB16,-0.30333
PCDHB2,-0.15808
PCDHB3,0.095875
PCDHB4,-0.12091
PCDHB5,0.019528
PCDHB6,0.012373
PCDHB7,0.024562
PCDHB8,0.063978
PCDHB9,-0.062984
PCDHGA1,0.037788
PCDHGA10,0.20517
PCDHGA11,-0.00039478
PCDHGA12,-0.11043
PCDHGA2,-0.0080491
PCDHGA3,0.054807
PCDHGA4,-0.098579
PCDHGA5,-0.055751
PCDHGA6,0.047749
PCDHGA7,-0.15462
PCDHGA8,0.0045237
PCDHGA9,-0.0031389
PCDHGB1,0.077742
PCDHGB2,-0.094721
PCDHGB3,0.025864
PCDHGB4,0.035074
PCDHGB5,0.094068
PCDHGB6,-0.056196
PCDHGB7,0.031154
PCDHGC3,0.14246
PCDHGC4,0.095775
PCDHGC5,-0.068151
PCED1A,-0.10797
PCED1B,0.014081
PCF11,-0.26767
PCGF1,-0.27922
PCGF2,0.06441
PCGF3,-0.22703
PCGF5,-0.081909
PCGF6,-0.010262
PCID2,0.054638
PCIF1,0.11999
PCK1,-0.076464
PCK2,0.024182
PCLO,0.0030209
PCM1,-0.047903
PCMT1,-0.045125
PCMTD1,0.022366
PCMTD2,-0.0050325
PCNA,-0.053055
PCNP,-0.087489
PCNT,0.067266
PCNX,0.0004348
PCNXL2,0.032079
PCNXL3,-0.09109
PCNXL4,0.19648
PCOLCE,-0.01037
PCOLCE2,-0.12071
PCP2,-0.0032584
PCP4,-0.040464
PCP4L1,0.0021694
PCSK1,-0.081087
PCSK1N,-0.023559
PCSK2,-0.029772
PCSK4,-0.01317
PCSK5,-0.023047
PCSK6,-0.027128
PCSK7,-0.03661
PCSK9,0.0031437
PCTP,0.072769
PCYOX1,-0.053776
PCYOX1L,-0.0074787
PCYT1A,-0.044903
PCYT1B,0.030811
PCYT2,0.24175
PDAP1,0.10229
PDC,0.15067
PDCD1,0.0067134
PDCD10,0.13757
PDCD11,0.30454
PDCD1LG2,0.0087694
PDCD2,0.38329
PDCD2L,0.040995
PDCD4,0.043726
PDCD5,0.13261
PDCD6,0.076252
PDCD6IP,-0.031823
PDCD7,-0.048176
PDCL,-0.35416
PDCL2,-0.02051
PDCL3,-0.059628
PDDC1,0.024911
PDE10A,-0.05067
PDE11A,0.123
PDE12,-0.10264
PDE1A,-0.082267
PDE1B,-0.056877
PDE1C,-0.040345
PDE2A,-0.040235
PDE3A,-0.18838
PDE3B,-0.063756
PDE4A,-0.10626
PDE4B,0.042389
PDE4C,0.020935
PDE4D,-0.013363
PDE4DIP,0.1316
PDE5A,-0.019706
PDE6A,-0.085918
PDE6B,-0.084901
PDE6C,0.054714
PDE6D,-0.089087
PDE6G,0.052132
PDE6H,0.043894
PDE7A,0.10338
PDE7B,-0.073604
PDE8A,0.18465
PDE8B,-0.1072
PDE9A,0.021362
PDF,0.044037
PDGFA,-0.017582
PDGFB,-0.029699
PDGFC,0.052526
PDGFD,0.14212
PDGFRA,-0.0068422
PDGFRB,0.068034
PDGFRL,-0.046783
PDHA1,-0.018805
PDHA2,-0.13017
PDHB,0.045594
PDHX,-0.019411
PDIA2,0.087891
PDIA3,0.29132
PDIA4,0.14865
PDIA5,0.0015682
PDIA6,-0.0018258
PDIK1L,-0.17847
PDILT,-0.021546
PDK1,0.12179
PDK2,0.075031
PDK3,0.29287
PDK4,-0.09741
PDLIM1,-0.030958
PDLIM2,-0.11133
PDLIM3,-0.05489
PDLIM4,0.14971
PDLIM5,0.00056038
PDLIM7,0.18742
PDP1,0.03596
PDP2,-0.069752
PDPK1,0.34222
PDPN,0.014479
PDPR,0.068258
PDRG1,0.17804
PDS5A,0.12
PDS5B,0.10106
PDSS1,-0.051238
PDSS2,-0.0045328
PDX1,-0.010909
PDXDC1,0.077049
PDXK,-0.052521
PDXP,-0.023802
PDYN,0.0060718
PDZD11,0.20446
PDZD2,0.023214
PDZD3,-0.032069
PDZD4,-0.084407
PDZD7,-0.089235
PDZD8,-0.0059952
PDZD9,0.13327
PDZK1,-0.081984
PDZK1IP1,0.080716
PDZRN3,0.032437
PDZRN4,-0.087725
PEA15,-0.030961
PEAK1,-0.067662
PEAR1,-0.071076
PEBP1,-0.092548
PEBP4,-0.10756
PECAM1,0.0028058
PECR,0.099994
PEF1,-0.067754
PEG10,-0.10864
PEG3,-0.10153
PELI1,0.16567
PELI2,-0.013374
PELI3,0.17616
PELO,-0.005231
PELP1,0.19499
PEMT,-0.089925
PENK,0.087386
PEPD,-0.003914
PER1,-0.0034264
PER2,0.022506
PER3,-0.14996
PERM1,-0.16834
PERP,0.0078388
PES1,0.19166
PET100,0.024698
PET117,0.083561
PEX1,0.31273
PEX10,0.10236
PEX11A,0.023459
PEX11B,-0.10627
PEX11G,-0.0028022
PEX12,0.025268
PEX13,0.1118
PEX14,0.052048
PEX16,0.045773
PEX19,-0.009566
PEX2,0.11479
PEX26,-0.081529
PEX3,0.061844
PEX5,0.10895
PEX5L,-0.079895
PEX6,0.20423
PEX7,-0.046594
PF4,-0.12301
PF4V1,-0.080193
PFAS,0.25328
PFDN1,0.18949
PFDN2,0.25522
PFDN4,0.14285
PFDN5,-0.018773
PFDN6,0.42304
PFKFB1,-0.036647
PFKFB2,0.039519
PFKFB3,0.20125
PFKFB4,-0.10058
PFKL,0.011143
PFKM,0.094932
PFKP,0.024015
PFN1,-0.031094
PFN2,0.077395
PFN3,0.087825
PFN4,-0.024746
PGA3,-0.059132
PGA4,0.023388
PGA5,-0.0018966
PGAM1,0.22734
PGAM2,-0.062828
PGAM4,-0.032548
PGAM5,-0.042353
PGAP1,0.12633
PGAP2,-0.052978
PGAP3,-0.058612
PGBD1,0.17158
PGBD2,-0.18419
PGBD3,-0.025599
PGBD4,0.040011
PGBD5,-0.12137
PGC,-0.064722
PGD,0.21019
PGF,0.038881
PGGT1B,0.22271
PGK1,0.36961
PGK2,-0.033178
PGLS,-0.089826
PGLYRP1,-0.078853
PGLYRP2,0.091134
PGLYRP3,0.017198
PGLYRP4,0.11389
PGM1,-0.13689
PGM2,-0.090461
PGM2L1,0.10775
PGM3,0.20675
PGM5,-0.056823
PGP,-0.083456
PGPEP1,-0.19911
PGPEP1L,-0.024337
PGR,0.073292
PGRMC1,0.0094794
PGRMC2,0.0032384
PGS1,0.029013
PHACTR1,-0.091186
PHACTR3,0.038264
PHACTR4,-0.05564
PHAX,0.46681
PHB,0.3863
PHB2,0.58017
PHC1,-0.11314
PHC2,-0.00077877
PHC3,0.076942
PHEX,-0.093678
PHF1,-0.056868
PHF10,-0.030123
PHF11,-0.022821
PHF12,0.0081078
PHF13,-0.03292
PHF14,-0.1453
PHF19,0.0074675
PHF2,-0.04122
PHF20,0.049065
PHF20L1,-0.069249
PHF21A,-0.25124
PHF21B,0.044091
PHF23,-0.013355
PHF3,-0.17274
PHF5A,0.2258
PHF6,0.021643
PHF7,-0.024074
PHF8,0.011443
PHGDH,0.0096044
PHGR1,-0.087195
PHIP,0.0020222
PHKA1,0.014949
PHKA2,-0.11805
PHKB,0.0080687
PHKG1,-0.035871
PHKG2,-0.14012
PHLDA1,-0.051093
PHLDA2,-0.20645
PHLDA3,0.0027948
PHLDB1,0.042578
PHLDB2,-0.011243
PHLDB3,-0.046309
PHLPP1,-0.12085
PHLPP2,0.062695
PHOSPHO1,0.23475
PHOSPHO2,0.081003
PHOSPHO2-KLHL23,-0.11374
PHOX2A,0.0018059
PHOX2B,-0.15818
PHPT1,-0.0364
PHRF1,0.001868
PHTF1,-0.031857
PHTF2,-0.017034
PHYH,-0.13876
PHYHD1,0.057947
PHYHIP,0.012186
PHYHIPL,-0.0008364
PHYKPL,-0.06888
PI15,0.060559
PI16,-0.25158
PI3,-0.047289
PI4K2A,0.057829
PI4K2B,-0.083361
PI4KA,0.038056
PI4KB,0.11781
PIANP,-0.11235
PIAS2,-0.034425
PIAS3,-0.068016
PIAS4,-0.037079
PIBF1,0.058801
PICALM,-0.078445
PICK1,-0.22783
PID1,-0.0048807
PIDD1,-0.022714
PIEZO1,0.060111
PIEZO2,-0.036945
PIF1,0.088404
PIFO,0.13874
PIGA,-0.073467
PIGB,-0.088002
PIGC,-0.029101
PIGF,0.21155
PIGG,0.016646
PIGH,-0.17083
PIGK,0.09222
PIGL,0.16474
PIGM,-0.14779
PIGN,0.0048459
PIGO,-0.095277
PIGP,-0.23019
PIGQ,0.20812
PIGR,-0.038009
PIGS,0.075021
PIGT,0.11067
PIGU,0.14054
PIGV,-0.036807
PIGW,-0.093147
PIGX,-0.048145
PIGY,-0.1668
PIGZ,-0.16492
PIH1D1,0.099105
PIH1D2,0.00030619
PIH1D3,-0.083804
PIK3AP1,-0.28727
PIK3C2A,-0.00037734
PIK3C2B,-0.024057
PIK3C2G,0.0093579
PIK3C3,-0.045296
PIK3CA,0.063174
PIK3CB,-0.1076
PIK3CD,0.32432
PIK3CG,0.11009
PIK3IP1,-0.051506
PIK3R1,0.043328
PIK3R2,-0.11758
PIK3R3,0.007819
PIK3R4,-0.20496
PIK3R5,0.030119
PIK3R6,-0.012949
PIKFYVE,-0.15565
PILRA,0.0053613
PILRB,-0.083181
PIM1,-0.22327
PIM2,0.16905
PIM3,-0.092092
PIN1,0.087157
PIN4,-0.088435
PINK1,0.073298
PINLYP,-0.004079
PINX1,0.16464
PIP,-0.014056
PIP4K2A,0.19261
PIP4K2B,-0.016131
PIP4K2C,-0.14004
PIP5K1A,-0.12527
PIP5K1B,0.061484
PIP5K1C,0.0075966
PIP5KL1,0.075593
PIPOX,-0.11862
PIR,-0.087921
PIRT,-0.074096
PISD,0.20871
PITHD1,-0.029476
PITPNA,0.013853
PITPNB,0.10152
PITPNC1,-0.11943
PITPNM1,0.05639
PITPNM2,0.071296
PITPNM3,-0.041901
PITRM1,-0.083389
PITX1,-0.053268
PITX2,0.0065344
PITX3,0.11902
PIWIL1,-0.071232
PIWIL2,-0.10994
PIWIL3,0.058087
PIWIL4,0.15499
PJA1,0.020939
PJA2,-0.085937
PKD1,-0.054619
PKD1L1,-0.072086
PKD1L2,0.028989
PKD1L3,0.19684
PKD2,0.018653
PKD2L1,-0.059935
PKD2L2,-0.061472
PKDCC,0.03177
PKDREJ,-0.020992
PKHD1,-0.089489
PKHD1L1,0.048667
PKIA,-0.090395
PKIB,-0.16242
PKIG,-0.099425
PKLR,-0.021897
PKM,0.15375
PKMYT1,0.039613
PKN1,0.1066
PKN2,-0.20554
PKN3,-0.020801
PKNOX1,-0.084432
PKNOX2,-0.016006
PKP1,-0.14976
PKP2,-0.025389
PKP3,0.073299
PKP4,0.052464
PLA1A,-0.060642
PLA2G10,-0.18017
PLA2G12A,-0.13834
PLA2G12B,-0.21166
PLA2G15,0.098859
PLA2G16,0.052759
PLA2G1B,0.020287
PLA2G2A,0.068722
PLA2G2C,-0.055581
PLA2G2D,0.0060007
PLA2G2E,-0.013033
PLA2G2F,-0.061586
PLA2G3,0.11828
PLA2G4A,-0.11855
PLA2G4B,0.039426
PLA2G4C,0.019217
PLA2G4D,-0.069158
PLA2G4E,0.017864
PLA2G4F,0.21006
PLA2G5,-0.20503
PLA2G6,-0.018707
PLA2G7,0.1022
PLAC1,0.0087748
PLAC4,0.11521
PLAC8,0.059691
PLAC8L1,-0.012491
PLAC9,-0.025604
PLAG1,-0.18963
PLAGL1,0.10703
PLAGL2,0.10088
PLAT,0.062188
PLAU,0.021047
PLAUR,-0.048653
PLB1,0.10929
PLBD1,0.063589
PLBD2,0.097317
PLCB1,0.08559
PLCB2,-0.05119
PLCB3,-0.1125
PLCB4,0.088425
PLCD1,-0.061336
PLCD3,-0.0091947
PLCD4,-0.04659
PLCE1,0.17015
PLCG1,0.34824
PLCG2,0.001345
PLCH1,-0.13486
PLCH2,0.070391
PLCL1,0.0075027
PLCL2,-0.0039244
PLCXD1,-0.11816
PLCXD2,-0.037896
PLCXD3,-0.12333
PLCZ1,-0.13095
PLD1,0.0076342
PLD2,0.030251
PLD3,0.057103
PLD4,-0.010382
PLD5,0.065158
PLD6,-0.033131
PLEC,-0.0098386
PLEK,0.029578
PLEK2,-0.12676
PLEKHA1,-0.10934
PLEKHA2,-0.10139
PLEKHA3,0.13412
PLEKHA4,-0.02947
PLEKHA5,-0.087231
PLEKHA6,-0.034405
PLEKHA7,0.069382
PLEKHA8,-0.098278
PLEKHB1,-0.14966
PLEKHB2,0.07143
PLEKHD1,-0.045103
PLEKHF1,-0.025829
PLEKHF2,-0.12226
PLEKHG1,0.050837
PLEKHG2,0.040012
PLEKHG3,-0.024535
PLEKHG4,-0.038878
PLEKHG4B,-0.064804
PLEKHG5,-0.041166
PLEKHG6,-0.12188
PLEKHG7,0.016696
PLEKHH1,-0.049597
PLEKHH2,0.079914
PLEKHH3,0.092555
PLEKHJ1,-0.011532
PLEKHM1,-0.0046923
PLEKHM2,-0.093477
PLEKHM3,-0.020733
PLEKHN1,-0.032697
PLEKHO1,0.12019
PLEKHO2,-0.064778
PLEKHS1,-0.042089
PLET1,0.11118
PLG,-0.05348
PLGLB1,-0.11066
PLGLB2,0.067706
PLGRKT,0.0032342
PLIN1,-0.037572
PLIN2,0.011224
PLIN3,0.098899
PLIN4,-0.0024233
PLIN5,-0.10947
PLK1,0.11936
PLK2,0.10226
PLK3,-0.26159
PLK4,-0.026722
PLK5,-0.1579
PLLP,-0.025309
PLN,0.0027275
PLOD1,0.12188
PLOD2,0.10991
PLOD3,0.021164
PLP1,-0.12339
PLP2,0.043526
PLRG1,-0.097988
PLS1,-0.18051
PLS3,-0.056581
PLSCR1,-0.075784
PLSCR2,-0.088458
PLSCR3,0.013703
PLSCR4,0.072383
PLSCR5,0.0085134
PLTP,-0.060419
PLVAP,-0.0021639
PLXDC1,0.14512
PLXDC2,-0.029573
PLXNA1,0.07024
PLXNA2,-0.025669
PLXNA3,0.0045243
PLXNA4,-0.016476
PLXNB1,0.23209
PLXNB2,0.18104
PLXNB3,0.10108
PLXNC1,-0.076586
PLXND1,-0.018516
PM20D1,-0.023843
PM20D2,-0.046508
PMAIP1,0.20564
PMCH,-0.04598
PMEL,0.087921
PMEPA1,-0.14974
PMF1,0.30387
PMF1-BGLAP,0.39632
PMFBP1,-0.0078447
PML,-0.054153
PMM1,-0.014485
PMM2,0.082875
PMP2,-0.024177
PMP22,-0.1814
PMPCA,0.62794
PMPCB,0.21612
PMS1,0.23998
PMS2,0.0039087
PMVK,-0.014594
PNCK,-0.068263
PNISR,0.017955
PNKD,-0.038967
PNKP,0.080239
PNLDC1,-0.069605
PNLIP,-0.16641
PNLIPRP1,-0.18898
PNLIPRP2,-0.10212
PNLIPRP3,-0.14912
PNMA1,0.057664
PNMA2,0.037487
PNMA3,-0.035245
PNMA5,0.016666
PNMA6A,0.028063
PNMAL1,-0.012177
PNMAL2,0.05752
PNMT,-0.066753
PNN,-0.019088
PNO1,0.30671
PNOC,-0.047378
PNP,-0.17105
PNPLA1,-0.042601
PNPLA2,-0.043208
PNPLA3,-0.13545
PNPLA4,-0.015712
PNPLA5,0.040572
PNPLA6,-0.02126
PNPLA7,-0.3593
PNPLA8,-0.038374
PNPO,-0.054724
PNPT1,0.1841
PNRC1,-0.17875
PNRC2,0.092741
POC1A,0.10028
POC1B,-0.004718
POC1B-GALNT4,0.068181
POC5,0.094726
PODN,0.058071
PODNL1,-0.010378
PODXL,-0.11012
PODXL2,0.044468
POF1B,0.046712
POFUT1,0.072463
POFUT2,-0.039705
POGK,-0.047326
POGLUT1,0.049042
POGZ,-0.0043831
POLA1,-0.15627
POLA2,-0.059638
POLB,0.021612
POLD1,0.044494
POLD2,0.36313
POLD3,0.15415
POLD4,-0.073256
POLDIP2,-0.14289
POLDIP3,-0.12131
POLE,-0.12656
POLE2,0.1293
POLE3,0.01867
POLE4,-0.019913
POLG,-0.076434
POLG2,-0.090222
POLH,0.13999
POLI,0.14227
POLK,0.04959
POLL,0.024641
POLM,-0.054825
POLN,0.067407
POLQ,0.15979
POLR1A,0.012541
POLR1B,0.12268
POLR1C,0.35931
POLR1D,0.022988
POLR1E,0.33035
POLR2A,-0.046422
POLR2B,0.2534
POLR2C,0.19712
POLR2D,0.22737
POLR2E,0.58677
POLR2F,0.10798
POLR2G,0.19512
POLR2H,-0.092469
POLR2I,0.0043631
POLR2J,0.23702
POLR2J2,0.12413
POLR2J3,0.14243
POLR2K,0.24664
POLR2L,0.99268
POLR2M,0.056801
POLR3A,0.3002
POLR3B,0.31524
POLR3C,0.43392
POLR3D,0.39418
POLR3E,0.39002
POLR3F,0.011796
POLR3G,-0.0041037
POLR3GL,-0.038522
POLR3H,0.63767
POLR3K,0.3009
POLRMT,-0.15283
POM121,-0.042694
POM121C,0.10066
POM121L12,-0.077916
POM121L2,0.10788
POMC,-0.1005
POMGNT1,-0.022908
POMGNT2,0.046915
POMK,0.025927
POMP,-0.12865
POMT1,-0.12865
POMT2,0.069849
POMZP3,-0.057525
PON1,-0.096097
PON2,-0.077228
PON3,-0.12458
POP1,0.074134
POP4,-0.026039
POP5,-0.079658
POP7,0.58635
POPDC2,-0.014848
POPDC3,0.022626
POR,-0.15171
PORCN,0.13336
POSTN,-0.047768
POT1,0.2086
POTEA,0.02341
POTEB,-0.046814
POTEB2,-0.1146
POTEB3,-0.032898
POTEC,0.055743
POTED,-0.21275
POTEE,0.027128
POTEF,-0.015382
POTEG,0.042221
POTEH,0.018639
POTEI,0.072482
POTEJ,-0.191
POTEM,0.13435
POU1F1,0.04001
POU2AF1,-0.071654
POU2F1,0.1271
POU2F2,0.11451
POU2F3,0.10045
POU3F1,-0.06816
POU3F2,-0.064428
POU3F4,-0.071411
POU4F1,0.043018
POU4F2,0.087043
POU4F3,-0.023974
POU5F1,-0.080601
POU5F1B,-0.055902
POU5F2,-0.16554
POU6F1,0.0095692
POU6F2,-0.065739
PP2D1,-0.060445
PPA1,-0.097957
PPA2,-0.045488
PPAN,0.27339
PPAN-P2RY11,0.26597
PPAP2A,0.075134
PPAP2B,-0.11468
PPAP2C,0.092217
PPAPDC1A,-0.027559
PPAPDC1B,0.041179
PPAPDC2,-0.18788
PPAPDC3,0.018583
PPARA,-0.071978
PPARD,-0.042018
PPARG,-0.09082
PPARGC1A,-0.063975
PPARGC1B,-0.059792
PPAT,0.024766
PPBP,-0.069947
PPCDC,0.15767
PPCS,0.078611
PPDPF,0.018147
PPEF1,-0.07476
PPEF2,-0.088694
PPFIA1,0.090747
PPFIA2,-0.010109
PPFIA3,0.17276
PPFIA4,-0.05222
PPFIBP1,0.15608
PPFIBP2,-0.1213
PPHLN1,-0.078363
PPIA,0.079211
PPIAL4A,-0.062921
PPIAL4C,-0.027892
PPIAL4D,-0.12296
PPIAL4E,0.10143
PPIAL4F,-0.21549
PPIAL4G,-0.17572
PPIB,-0.12581
PPIC,0.074293
PPID,0.066818
PPIE,-0.020565
PPIF,-0.0016943
PPIG,-0.18633
PPIH,-0.09525
PPIL1,-0.024059
PPIL2,0.3042
PPIL3,-0.0014809
PPIL4,-0.057254
PPIL6,-0.2113
PPIP5K1,0.14772
PPIP5K2,-0.045407
PPL,0.068871
PPM1A,-0.20093
PPM1B,0.10969
PPM1D,0.062258
PPM1E,0.051242
PPM1F,-0.045295
PPM1G,-0.18758
PPM1H,-0.18061
PPM1J,0.10619
PPM1K,0.030321
PPM1L,-0.041029
PPM1M,0.086009
PPM1N,-0.028634
PPME1,-0.11717
PPOX,-0.028792
PPP1CA,0.10397
PPP1CB,0.0024738
PPP1CC,-0.15006
PPP1R10,0.13992
PPP1R11,0.10912
PPP1R12A,0.026061
PPP1R12B,0.051992
PPP1R12C,-0.048271
PPP1R13B,-0.03185
PPP1R13L,-0.044026
PPP1R14A,0.1211
PPP1R14B,0.031908
PPP1R14C,-0.048907
PPP1R14D,-0.061782
PPP1R15A,-0.0517
PPP1R15B,0.24324
PPP1R16A,0.028499
PPP1R16B,0.089251
PPP1R17,-0.0029218
PPP1R18,0.025758
PPP1R1A,-0.21115
PPP1R1B,0.082612
PPP1R1C,-0.082134
PPP1R2,0.12949
PPP1R21,0.076946
PPP1R26,-0.013498
PPP1R27,-0.031402
PPP1R32,-0.021082
PPP1R35,0.015577
PPP1R36,0.048662
PPP1R37,0.0039154
PPP1R3A,-0.13964
PPP1R3B,-0.095477
PPP1R3C,0.16449
PPP1R3D,0.063842
PPP1R3E,0.16112
PPP1R3F,-0.21223
PPP1R3G,-0.028489
PPP1R42,-0.074538
PPP1R7,0.19358
PPP1R8,0.095277
PPP1R9A,0.0056131
PPP1R9B,0.041733
PPP2CA,-0.12547
PPP2CB,0.11795
PPP2R1A,0.30708
PPP2R1B,-0.080321
PPP2R2A,0.064967
PPP2R2B,-0.060008
PPP2R2C,-0.070159
PPP2R2D,-0.11754
PPP2R3A,0.083758
PPP2R3B,0.087468
PPP2R4,0.020715
PPP2R5A,0.19434
PPP2R5B,-0.043282
PPP2R5C,-0.16124
PPP2R5D,-0.04266
PPP2R5E,0.087523
PPP3CA,0.051521
PPP3CB,-0.0010602
PPP3CC,0.073406
PPP3R1,-0.0087364
PPP3R2,0.02716
PPP4C,0.070167
PPP4R1,0.029578
PPP4R2,0.055214
PPP4R4,-0.21964
PPP5C,0.1594
PPP5D1,-0.048931
PPP6C,-0.3435
PPP6R1,0.0022342
PPP6R2,0.0035644
PPP6R3,0.11823
PPRC1,0.20448
PPT1,0.1232
PPT2,-0.073207
PPTC7,-0.17861
PPWD1,0.090203
PPY,0.022753
PQBP1,-0.041401
PQLC1,0.043973
PQLC2,-0.13294
PQLC2L,-0.06105
PQLC3,-0.15611
PRAC1,0.16026
PRAC2,-0.29595
PRADC1,0.015894
PRAF2,0.023007
PRAM1,-0.01018
PRAME,-0.054298
PRAMEF1,0.024857
PRAMEF10,-0.041527
PRAMEF11,0.028739
PRAMEF12,0.023447
PRAMEF14,-0.029124
PRAMEF15,0.067401
PRAMEF17,-0.077822
PRAMEF19,-0.13284
PRAMEF2,0.034051
PRAMEF20,0.12532
PRAMEF4,0.058234
PRAMEF5,0.064333
PRAMEF6,-0.061582
PRAMEF7,0.032554
PRAMEF8,0.092581
PRAMEF9,0.067417
PRAP1,0.11663
PRB1,-0.0057861
PRB2,0.013352
PRB3,0.096676
PRB4,0.060371
PRC1,-0.08895
PRCC,0.088111
PRCD,0.00047185
PRCP,-0.052403
PRDM1,-0.13431
PRDM10,0.14628
PRDM11,-0.011206
PRDM12,-0.014777
PRDM13,-0.064461
PRDM14,0.1152
PRDM15,0.022973
PRDM16,-0.15491
PRDM2,0.14192
PRDM4,-0.052575
PRDM5,-0.049512
PRDM6,-0.14741
PRDM7,0.083876
PRDM8,-0.053278
PRDM9,-0.072895
PRDX1,0.017584
PRDX2,0.02858
PRDX3,-0.086834
PRDX4,-0.083639
PRDX5,-0.059021
PRDX6,0.12248
PREB,0.17498
PRELID1,0.46154
PRELID2,-0.029108
PRELP,-0.086451
PREP,-0.017175
PREPL,0.01139
PREX1,-0.089427
PREX2,0.074207
PRF1,-0.0040385
PRG2,-0.027259
PRG3,-0.15375
PRG4,0.16403
PRH1,-0.0064969
PRH2,-0.024303
PRICKLE1,-0.19871
PRICKLE2,-0.024572
PRICKLE3,-0.02291
PRICKLE4,-0.026288
PRIM1,0.081328
PRIM2,0.11409
PRIMA1,-0.018205
PRIMPOL,-0.10897
PRKAA1,0.0011961
PRKAA2,-0.038197
PRKAB1,-0.029622
PRKAB2,0.16064
PRKACA,-0.0015597
PRKACB,-0.001198
PRKACG,0.037068
PRKAG1,0.090493
PRKAG2,-0.15384
PRKAG3,-0.011703
PRKAR1A,0.017609
PRKAR1B,0.13772
PRKAR2A,0.096946
PRKAR2B,0.045559
PRKCA,-0.011037
PRKCB,0.19019
PRKCD,0.0031927
PRKCDBP,0.022716
PRKCE,-0.06439
PRKCG,0.043444
PRKCH,0.023939
PRKCI,-0.0786
PRKCQ,0.35013
PRKCSH,0.18867
PRKCZ,0.064142
PRKD1,0.064905
PRKD2,0.11785
PRKD3,-0.0010696
PRKDC,-0.041793
PRKG1,-0.2389
PRKG2,0.068015
PRKRA,0.02914
PRKRIP1,0.053927
PRKRIR,0.05527
PRKX,-0.034527
PRL,-0.12969
PRLH,-0.049461
PRLHR,0.093152
PRLR,-0.0046866
PRM1,-0.080686
PRM2,-0.010497
PRM3,-0.07636
PRMT1,0.29757
PRMT2,0.014447
PRMT3,0.1437
PRMT5,0.36749
PRMT6,-0.036068
PRMT7,0.043803
PRMT8,0.21297
PRMT9,-0.070089
PRND,-0.012624
PRNP,0.077813
PROB1,-0.099822
PROC,0.04762
PROCA1,-0.02448
PROCR,0.030489
PRODH,0.099544
PRODH2,0.058519
PROK1,-0.13125
PROK2,-0.1577
PROKR1,-0.039794
PROKR2,-0.13462
PROL1,0.014071
PROM1,-0.11134
PROM2,0.10402
PROP1,-0.031119
PRORY,-0.046694
PROS1,-0.053968
PROSC,-0.046326
PROSER1,0.03216
PROSER2,0.06355
PROSER3,0.078293
PROX1,-0.032951
PROX2,-0.017345
PROZ,-0.096738
PRPF18,0.080926
PRPF19,0.019875
PRPF3,0.058288
PRPF31,0.15953
PRPF38A,0.26488
PRPF38B,0.3449
PRPF39,0.039559
PRPF4,0.13987
PRPF40A,0.21907
PRPF40B,-0.030647
PRPF4B,0.18773
PRPF6,0.09633
PRPF8,0.80358
PRPH,-0.033058
PRPH2,-0.017527
PRPS1,-0.0070943
PRPS1L1,-0.10203
PRPS2,-0.11882
PRPSAP1,-0.13378
PRPSAP2,0.070882
PRR11,-0.050777
PRR12,0.0049168
PRR13,0.036153
PRR14,-0.018252
PRR14L,0.13903
PRR15,0.030688
PRR15L,0.023856
PRR16,-0.032607
PRR18,0.021963
PRR19,-0.028272
PRR20A,0.015846
PRR20B,-0.065237
PRR20C,-0.067814
PRR20D,-0.1151
PRR20E,0.1212
PRR21,0.13741
PRR22,0.009854
PRR23A,-0.058108
PRR23B,-0.086129
PRR23C,0.033056
PRR23D1,0.033269
PRR23D2,0.008292
PRR25,0.11055
PRR27,0.16667
PRR29,0.012877
PRR3,0.011233
PRR30,0.030155
PRR32,0.027687
PRR34,-0.052628
PRR35,0.10195
PRR36,-0.056845
PRR4,-0.085982
PRR5,0.036139
PRR5-ARHGAP8,0.022097
PRR5L,0.097136
PRR7,0.005455
PRR9,0.13486
PRRC1,0.041937
PRRC2A,0.071285
PRRC2B,-0.0051979
PRRC2C,-0.066508
PRRG1,-0.046261
PRRG2,-0.036231
PRRG3,-0.077161
PRRG4,-0.045246
PRRT1,-0.12401
PRRT2,0.11559
PRRT3,0.0053482
PRRT4,-0.16875
PRRX1,-0.024732
PRRX2,0.19811
PRSS1,0.15667
PRSS12,-0.013612
PRSS16,-0.06529
PRSS2,0.17549
PRSS21,0.10572
PRSS22,-0.030826
PRSS23,-0.0069586
PRSS27,-0.14458
PRSS3,0.10097
PRSS33,0.011477
PRSS35,0.0040667
PRSS36,-0.06125
PRSS37,-0.022701
PRSS38,-0.14836
PRSS41,-0.085558
PRSS42,0.010388
PRSS45,-0.023371
PRSS46,0.15745
PRSS48,0.092668
PRSS50,-0.12245
PRSS53,-0.068079
PRSS54,-0.018481
PRSS55,-0.046434
PRSS56,-0.050124
PRSS57,-0.095322
PRSS58,-0.039016
PRSS8,0.13162
PRTFDC1,-0.0682
PRTG,-0.057519
PRTN3,-0.020474
PRUNE,0.10195
PRUNE2,0.050612
PRX,-0.010874
PRY,-0.16742
PRY2,-0.033113
PSAP,0.049029
PSAPL1,-0.0095864
PSAT1,-0.12923
PSCA,-0.023656
PSD,0.031182
PSD2,-0.18465
PSD3,-0.069717
PSD4,-0.081616
PSEN1,0.14792
PSEN2,-0.048336
PSENEN,0.58028
PSG1,-0.022743
PSG11,-0.07072
PSG2,0.00027233
PSG3,0.0053064
PSG4,-0.14428
PSG5,0.063263
PSG6,-0.044256
PSG7,0.094132
PSG8,0.11128
PSG9,0.11226
PSIP1,0.06727
PSKH1,-0.024237
PSKH2,-0.0617
PSMA1,-0.038647
PSMA2,0.10523
PSMA3,0.27201
PSMA4,-0.025279
PSMA5,-0.030754
PSMA6,0.24362
PSMA7,0.0051328
PSMA8,-0.17315
PSMB1,-0.071349
PSMB10,0.031449
PSMB11,-0.0017869
PSMB2,0.29747
PSMB3,0.11086
PSMB4,0.25177
PSMB5,0.0584
PSMB6,-0.038777
PSMB7,-0.052753
PSMB8,0.21448
PSMB9,0.30293
PSMC1,0.0064082
PSMC2,-0.00085628
PSMC3,0.099367
PSMC3IP,-0.14974
PSMC4,0.28639
PSMC5,0.38948
PSMC6,0.41783
PSMD1,0.12651
PSMD10,-0.061062
PSMD11,0.036192
PSMD12,0.29773
PSMD13,0.1384
PSMD14,0.010699
PSMD2,0.07596
PSMD3,0.20156
PSMD4,0.25657
PSMD5,-0.032163
PSMD6,0.020555
PSMD7,-0.064043
PSMD8,0.022074
PSMD9,0.029174
PSME1,0.11211
PSME2,0.10011
PSME3,0.025951
PSME4,-0.12818
PSMF1,-0.016872
PSMG1,0.17888
PSMG2,0.40834
PSMG3,0.49527
PSMG4,0.26807
PSORS1C1,-0.032449
PSORS1C2,0.10361
PSPC1,-0.023431
PSPH,0.061135
PSPN,-0.069582
PSRC1,-0.13564
PSTK,0.14669
PSTPIP1,0.04229
PSTPIP2,0.035902
PTAFR,-0.043709
PTAR1,0.061492
PTBP1,0.19686
PTBP2,0.025425
PTBP3,-0.052755
PTCD1,0.29764
PTCD2,-0.067037
PTCD3,0.087988
PTCH1,0.050126
PTCH2,0.037534
PTCHD1,-0.015889
PTCHD2,0.23957
PTCHD3,-0.053455
PTCHD4,-0.029944
PTCRA,-0.018816
PTDSS1,0.017316
PTDSS2,0.14962
PTEN,0.053085
PTER,-0.054341
PTF1A,0.13489
PTGDR,0.077842
PTGDR2,-0.088282
PTGDS,0.13178
PTGER1,-0.022567
PTGER2,0.0083879
PTGER3,0.12757
PTGER4,-0.054981
PTGES,0.043982
PTGES2,0.017501
PTGES3,-0.048385
PTGES3L,0.10452
PTGES3L-AARSD1,-0.034946
PTGFR,-0.16784
PTGFRN,-0.07885
PTGIR,-0.030769
PTGIS,-0.055448
PTGR1,0.12269
PTGR2,0.16741
PTGS1,-0.25253
PTGS2,-0.022131
PTH,-0.020181
PTH1R,-0.15851
PTH2,0.11208
PTH2R,-0.065373
PTHLH,-0.11964
PTK2,0.10626
PTK2B,0.091558
PTK6,0.016014
PTK7,-0.079769
PTMA,-0.02704
PTMS,-0.19108
PTN,-0.0042761
PTP4A1,0.041371
PTP4A2,0.44836
PTP4A3,0.18798
PTPDC1,0.15801
PTPMT1,0.084036
PTPN1,-0.07452
PTPN11,0.10541
PTPN12,-0.032908
PTPN13,-0.039049
PTPN14,0.0044877
PTPN18,-0.017551
PTPN2,-0.28054
PTPN20,0.16167
PTPN21,-0.15139
PTPN22,-0.064518
PTPN23,-0.060659
PTPN3,-0.14962
PTPN4,-0.16263
PTPN5,0.016061
PTPN6,-0.19664
PTPN7,-0.16077
PTPN9,-0.054689
PTPRA,0.20383
PTPRB,0.061477
PTPRC,0.030621
PTPRCAP,-0.014316
PTPRD,-0.035339
PTPRE,-0.11581
PTPRF,-0.20366
PTPRG,-0.035208
PTPRH,0.081167
PTPRJ,0.14162
PTPRK,0.053142
PTPRM,-0.0050884
PTPRN,0.14299
PTPRN2,-0.0047902
PTPRO,-0.084364
PTPRQ,0.0006014
PTPRR,-0.0023417
PTPRS,-0.091696
PTPRT,0.040637
PTPRU,-0.015231
PTPRZ1,-0.010372
PTRF,0.085496
PTRH1,0.0079437
PTRHD1,-0.029299
PTS,0.041182
PTTG1,-0.011157
PTTG1IP,-0.0032454
PTTG2,0.029299
PTX3,-0.087676
PTX4,0.027891
PUF60,0.26856
PUM1,-0.25654
PUM2,0.15859
PURA,0.20183
PURB,0.095325
PURG,0.022414
PUS1,-0.059286
PUS10,0.10268
PUS3,-0.046136
PUS7,0.086254
PUS7L,0.018516
PUSL1,0.014383
PVALB,-0.025211
PVR,0.099099
PVRIG,-0.13655
PVRL1,0.12492
PVRL2,-0.11067
PVRL3,-0.0082213
PVRL4,0.096582
PWP1,0.32649
PWP2,0.30769
PWWP2A,0.063314
PWWP2B,-0.10313
PXDC1,0.035872
PXDN,-0.064684
PXDNL,-0.038967
PXK,0.037752
PXMP2,0.024454
PXMP4,0.19515
PXN,-0.012406
PXT1,0.0056099
PXYLP1,0.0092572
PYCARD,0.11251
PYCR1,0.053828
PYCR2,0.060849
PYCRL,0.037809
PYDC1,0.041459
PYDC2,-0.028692
PYGB,0.11588
PYGL,0.0043011
PYGM,-0.091122
PYGO1,0.059278
PYGO2,-0.11986
PYHIN1,-0.21676
PYROXD1,0.18417
PYROXD2,-0.016916
PYURF,-0.048159
PYY,-0.20005
PZP,-0.25769
QARS,0.93371
QDPR,-0.13367
QKI,0.088955
QPCT,-0.2004
QPCTL,0.12317
QPRT,-0.015758
QRFP,0.028827
QRFPR,-0.0062315
QRICH1,0.13164
QRICH2,-0.018094
QRSL1,-0.011369
QSER1,-0.11977
QSOX1,0.02853
QSOX2,-0.066376
QTRT1,0.055292
QTRTD1,0.068955
R3HCC1,-0.069775
R3HCC1L,0.0034674
R3HDM1,0.037708
R3HDM2,0.18204
R3HDM4,0.03416
R3HDML,0.10117
RAB10,0.04141
RAB11A,-0.038498
RAB11B,-0.01198
RAB11FIP1,-0.046462
RAB11FIP2,0.18349
RAB11FIP3,-0.1041
RAB11FIP4,0.057232
RAB11FIP5,-0.22285
RAB12,-0.068663
RAB13,0.0074427
RAB14,0.017758
RAB15,0.11614
RAB17,-0.048354
RAB18,-0.11686
RAB19,0.015325
RAB1A,-0.039839
RAB1B,0.028157
RAB20,0.05482
RAB21,0.16566
RAB22A,-0.023044
RAB23,-0.19517
RAB24,0.063352
RAB25,0.011398
RAB26,0.0036919
RAB27A,-0.11749
RAB27B,0.060536
RAB28,0.15508
RAB29,0.26877
RAB2A,0.039162
RAB2B,-0.022303
RAB30,-0.094337
RAB31,-0.048365
RAB32,-0.1667
RAB33A,-0.025091
RAB33B,0.090032
RAB34,0.030637
RAB35,0.13643
RAB36,0.17682
RAB37,-0.084455
RAB38,-0.034796
RAB39A,-0.046042
RAB39B,-0.015179
RAB3A,0.16397
RAB3B,-0.038358
RAB3C,-0.059473
RAB3D,0.069306
RAB3GAP1,-0.033229
RAB3GAP2,-0.027413
RAB3IL1,-0.058328
RAB3IP,0.1457
RAB40A,0.046578
RAB40AL,0.010331
RAB40B,-0.073852
RAB40C,0.055806
RAB41,0.047588
RAB42,-0.11939
RAB43,0.013464
RAB44,0.036128
RAB4A,0.064002
RAB4B,-0.15885
RAB5A,0.10962
RAB5B,-0.060239
RAB5C,0.0092991
RAB6A,0.15156
RAB6B,-0.091293
RAB6C,0.050886
RAB7A,0.25698
RAB7B,-0.0016577
RAB8A,0.042534
RAB8B,-0.054287
RAB9A,0.20247
RAB9B,0.008118
RABAC1,-0.054053
RABEP1,-0.097427
RABEP2,-0.12911
RABEPK,0.057851
RABGAP1,0.12571
RABGAP1L,-0.14109
RABGEF1,0.21481
RABGGTA,0.2036
RABGGTB,0.10899
RABIF,0.30129
RABL2A,-0.0116
RABL2B,0.0080776
RABL3,-0.033641
RABL6,-0.046818
RAC1,0.012712
RAC2,0.56591
RAC3,0.050134
RACGAP1,0.0067766
RAD1,0.21072
RAD17,-0.005271
RAD18,-0.042765
RAD21,0.17161
RAD21L1,-0.18278
RAD23A,0.046368
RAD23B,0.021723
RAD50,-0.032129
RAD51,0.15402
RAD51AP1,-0.0057569
RAD51AP2,-0.13441
RAD51B,-0.079193
RAD51C,0.16699
RAD51D,0.28698
RAD52,-0.067983
RAD54B,0.16326
RAD54L,0.10039
RAD54L2,-0.037979
RAD9A,0.059854
RAD9B,-0.07664
RADIL,0.092268
RAE1,0.15078
RAET1E,0.028399
RAET1G,-0.095976
RAET1L,-0.029525
RAF1,0.087658
RAG1,0.042481
RAG2,-0.045924
RAI1,-0.021795
RAI14,-0.033058
RAI2,-0.1116
RALA,0.10161
RALB,-0.13956
RALBP1,-0.013129
RALGAPA1,-0.0032944
RALGAPA2,0.16925
RALGAPB,0.043067
RALGDS,-0.091499
RALGPS1,-0.058423
RALGPS2,0.08185
RALY,0.12335
RALYL,-0.069435
RAMP1,-0.096655
RAMP2,0.0057037
RAMP3,-0.10832
RAN,0.013222
RANBP1,0.10066
RANBP10,-0.040767
RANBP17,0.12189
RANBP2,0.33521
RANBP3,-0.0021897
RANBP3L,-0.013976
RANBP6,0.10158
RANBP9,0.003967
RANGAP1,0.41242
RANGRF,0.039724
RAP1A,-0.019833
RAP1B,0.064809
RAP1GAP,-0.035322
RAP1GAP2,-0.12506
RAP1GDS1,-0.024786
RAP2A,-0.10243
RAP2B,0.13328
RAP2C,0.16883
RAPGEF1,0.056309
RAPGEF2,0.065104
RAPGEF3,-0.015211
RAPGEF4,-0.16294
RAPGEF5,0.24116
RAPGEF6,0.0053668
RAPGEFL1,0.015411
RAPH1,0.10054
RAPSN,-0.045197
RARA,-0.0033589
RARB,-0.090859
RARG,-0.01457
RARRES1,-0.061066
RARRES2,-0.038207
RARRES3,0.060164
RARS,0.23642
RARS2,-0.0062709
RASA1,0.022537
RASA2,-0.56958
RASA3,-0.025464
RASA4,-0.021436
RASA4B,-0.072091
RASAL1,-0.14214
RASAL2,-0.10299
RASAL3,-0.19339
RASD1,0.013932
RASD2,0.068088
RASEF,-0.059336
RASGEF1A,0.24432
RASGEF1B,0.052363
RASGEF1C,-0.20457
RASGRF1,-0.009972
RASGRF2,0.14579
RASGRP1,0.51002
RASGRP2,0.025683
RASGRP3,0.033884
RASGRP4,-0.089595
RASIP1,0.011811
RASL10A,-0.10322
RASL10B,0.0076397
RASL11A,-0.0024283
RASL11B,0.029087
RASL12,-0.19032
RASSF1,0.051474
RASSF10,0.097138
RASSF2,0.047277
RASSF3,-0.033697
RASSF4,0.023589
RASSF5,-0.054238
RASSF6,-0.028515
RASSF7,0.13083
RASSF8,-0.13369
RASSF9,-0.051964
RAVER1,-0.085521
RAVER2,0.068354
RAX,0.039979
RAX2,-0.0042929
RB1,-0.038973
RB1CC1,0.047995
RBAK,-0.078015
RBAK-RBAKDN,0.082099
RBBP4,0.039121
RBBP5,0.042161
RBBP6,0.18905
RBBP7,0.23151
RBBP8,-0.041725
RBBP8NL,-0.047146
RBBP9,-0.13269
RBCK1,0.13451
RBFA,-0.14466
RBFOX1,-0.20443
RBFOX2,-0.029459
RBFOX3,-0.049089
RBKS,0.008686
RBL1,0.0056331
RBL2,0.010675
RBM10,-0.20361
RBM11,0.017793
RBM12,0.12129
RBM12B,0.045634
RBM14,-0.080331
RBM14-RBM4,-0.10898
RBM15,0.069924
RBM15B,-0.0057135
RBM17,0.22079
RBM18,-0.057589
RBM19,0.15885
RBM20,-0.13941
RBM22,0.13009
RBM23,0.14262
RBM24,0.17092
RBM25,0.13321
RBM26,0.14023
RBM27,0.031445
RBM28,0.08226
RBM3,-0.15287
RBM33,0.19524
RBM34,0.021437
RBM38,0.041015
RBM39,0.066532
RBM4,-0.021129
RBM41,0.02534
RBM42,0.15617
RBM43,0.0046745
RBM44,-0.04568
RBM46,0.0071534
RBM47,0.02823
RBM48,0.10412
RBM4B,-0.07817
RBM5,-0.16085
RBM6,0.055372
RBM7,0.30558
RBM8A,-0.028443
RBMS1,-0.20248
RBMS2,-0.093553
RBMS3,0.011384
RBMX,0.32457
RBMX2,0.021927
RBMXL1,-0.019071
RBMXL2,-0.22453
RBMXL3,0.024648
RBMY1A1,0.038679
RBMY1B,0.13478
RBMY1D,0.04575
RBMY1E,0.22975
RBMY1F,-0.11301
RBMY1J,0.042162
RBP1,-0.26843
RBP2,-0.059043
RBP3,0.14681
RBP4,0.030716
RBP5,-0.048958
RBP7,0.31374
RBPJ,-0.082814
RBPJL,-0.017933
RBPMS,0.033027
RBPMS2,-0.064366
RBSN,0.2138
RBX1,0.0028755
RC3H1,-0.13043
RC3H2,0.087952
RCAN1,0.069404
RCAN2,-0.042895
RCAN3,-0.057456
RCBTB1,-0.046679
RCBTB2,-0.005066
RCC1,0.020466
RCC2,0.0030562
RCCD1,-0.16393
RCE1,-0.0197
RCHY1,0.036832
RCL1,0.031451
RCN1,0.044587
RCN2,-0.15061
RCN3,0.037251
RCOR1,-0.19081
RCOR2,0.018716
RCOR3,0.045402
RCSD1,0.0059804
RCVRN,0.17853
RD3,-0.099263
RD3L,0.0097733
RDH10,-0.052698
RDH11,0.028534
RDH12,-0.067249
RDH13,0.077939
RDH14,-0.15293
RDH16,0.06718
RDH5,-0.062925
RDH8,-0.045747
RDM1,-0.099886
RDX,-0.076117
REC114,0.10204
REC8,-0.11343
RECK,-0.019397
RECQL,0.039285
RECQL4,0.058067
RECQL5,-0.06206
REEP1,0.064493
REEP2,-0.059757
REEP3,0.12183
REEP4,0.26841
REEP5,-0.017759
REEP6,-0.1432
REG1A,-0.21683
REG1B,-0.04886
REG3A,0.03573
REG3G,0.11364
REG4,-0.0060214
REL,0.23621
RELA,0.67629
RELB,-0.16972
RELL1,0.054376
RELL2,-0.058686
RELN,-0.00059609
RELT,0.060149
REM1,0.026555
REM2,0.15372
REN,0.0008392
RENBP,-0.11833
REP15,0.13814
REPIN1,-0.29968
REPS1,0.068439
REPS2,-0.087877
RER1,-0.12342
RERE,0.18635
RERG,0.046898
RERGL,0.089449
RESP18,0.053587
REST,0.10694
RET,-0.082852
RETN,0.036324
RETNLB,-0.0063046
RETSAT,0.040987
REV1,0.12618
REV3L,0.22007
REXO1,0.069641
REXO2,0.086102
REXO4,0.073291
RFC1,-0.31028
RFC2,0.04435
RFC3,-0.0057019
RFC4,0.17434
RFC5,0.17413
RFESD,-0.12084
RFFL,0.10733
RFK,-0.063969
RFNG,0.0041021
RFPL1,0.026611
RFPL2,-0.14463
RFPL3,-0.068481
RFPL4A,0.028035
RFPL4AL1,-0.0502
RFPL4B,-0.17033
RFT1,0.18672
RFTN1,-0.11968
RFTN2,0.22806
RFWD2,-0.027477
RFWD3,0.067031
RFX1,0.054074
RFX2,-0.026872
RFX3,-0.0083058
RFX4,0.090828
RFX5,-0.10773
RFX6,0.1019
RFX7,-0.05735
RFX8,-0.052111
RFXANK,-0.021465
RFXAP,-0.0047236
RGAG1,-0.16347
RGAG4,-0.073843
RGCC,-0.037441
RGL1,0.010472
RGL2,0.17088
RGL3,-0.091086
RGL4,-0.0057259
RGMA,-0.013124
RGMB,0.18966
RGN,0.033763
RGP1,0.3701
RGPD1,-0.051151
RGPD2,0.0068471
RGPD3,0.017916
RGPD4,-0.073365
RGPD5,0.10249
RGPD6,-0.049618
RGPD8,0.14025
RGR,-0.079124
RGS1,0.071784
RGS10,0.062655
RGS11,0.029286
RGS12,-0.059371
RGS13,0.10082
RGS14,-0.16084
RGS16,-0.26612
RGS17,-0.061354
RGS18,0.088037
RGS19,0.070996
RGS2,0.0040377
RGS20,0.020416
RGS21,0.0083466
RGS22,0.054147
RGS3,-0.028505
RGS4,0.048134
RGS6,-0.15111
RGS7,-0.087954
RGS7BP,-0.04069
RGS8,-0.1025
RGS9,0.017529
RGS9BP,-0.038343
RGSL1,0.0085737
RHAG,-0.015393
RHBDD1,-0.15521
RHBDD2,-0.020304
RHBDD3,0.16271
RHBDF1,0.098371
RHBDF2,-0.070162
RHBDL1,-0.090646
RHBDL2,-0.13296
RHBDL3,0.1502
RHBG,0.047879
RHCE,-0.075418
RHCG,-0.12872
RHD,-0.10658
RHEB,-0.011549
RHEBL1,-0.032868
RHNO1,0.049802
RHO,0.14855
RHOA,0.049315
RHOB,0.11189
RHOBTB1,-0.070565
RHOBTB2,-0.048347
RHOBTB3,0.012809
RHOC,0.049354
RHOD,0.055488
RHOF,0.083357
RHOG,0.14549
RHOH,0.75255
RHOJ,0.02021
RHOQ,0.22588
RHOT1,0.0089504
RHOT2,0.3145
RHOU,0.031842
RHOV,0.12541
RHOXF1,0.013092
RHOXF2,-0.1572
RHOXF2B,-0.25878
RHPN1,-0.14435
RHPN2,-0.10855
RIBC1,-0.05841
RIBC2,-0.15434
RIC1,0.05456
RIC3,0.010952
RIC8A,-0.22608
RIC8B,-0.060085
RICTOR,-0.068721
RIF1,0.033145
RIIAD1,0.030307
RILP,0.022756
RILPL1,0.022997
RILPL2,0.062779
RIMBP2,-0.026616
RIMBP3,0.036653
RIMBP3B,0.11242
RIMBP3C,-0.023901
RIMKLA,-0.007765
RIMKLB,-0.069321
RIMS1,-0.031055
RIMS2,0.12576
RIMS4,-0.058654
RIN1,0.090012
RIN2,0.14858
RIN3,0.18233
RING1,-0.0025187
RINL,-0.074556
RINT1,0.060848
RIOK1,0.13188
RIOK2,0.17116
RIOK3,-0.11734
RIPK1,-0.065853
RIPK2,0.059108
RIPK3,-0.14077
RIPK4,-0.011523
RIPPLY1,0.021024
RIPPLY2,-0.12237
RIPPLY3,-0.12574
RIT1,-0.038929
RIT2,-0.19389
RITA1,-0.020658
RLBP1,-0.063704
RLF,0.078504
RLIM,-0.089008
RLN1,0.022593
RLN2,-0.035313
RLN3,-0.1136
RLTPR,0.15123
RMDN1,-0.086864
RMDN2,0.15521
RMDN3,-0.060847
RMI1,0.05148
RMI2,-0.16708
RMND1,0.098042
RMND5A,-0.03205
RMND5B,0.084262
RNASE1,0.083087
RNASE10,-0.04998
RNASE11,-0.020876
RNASE12,0.032901
RNASE13,0.0057313
RNASE2,0.11961
RNASE3,-0.19665
RNASE4,-0.084167
RNASE6,-0.070635
RNASE7,-0.0099115
RNASE8,-0.12159
RNASE9,-0.079921
RNASEH1,0.058877
RNASEH2A,0.0044627
RNASEH2B,-0.088602
RNASEH2C,0.080556
RNASEK,0.022086
RNASEL,0.002322
RNASET2,0.074044
RND1,-0.087479
RND2,-0.076627
RND3,-0.11747
RNF10,-0.024667
RNF103,0.022969
RNF103-CHMP3,0.095382
RNF11,-0.096863
RNF111,-0.10569
RNF112,-0.16423
RNF113A,0.28595
RNF113B,-0.058864
RNF114,0.0046397
RNF115,-0.15667
RNF121,-0.055361
RNF122,-0.16652
RNF123,0.051891
RNF125,0.11645
RNF126,-0.071025
RNF128,-0.15749
RNF13,-0.026649
RNF130,0.11034
RNF133,-0.13146
RNF135,0.047953
RNF138,-0.0074746
RNF139,0.012941
RNF14,-0.044532
RNF141,0.10459
RNF144A,-0.13899
RNF144B,0.030217
RNF145,-0.0053277
RNF146,-0.022995
RNF148,-0.085789
RNF149,0.059741
RNF150,0.12974
RNF151,-0.20016
RNF152,-0.0005104
RNF157,0.17484
RNF165,-0.19901
RNF166,-0.12971
RNF167,0.034459
RNF168,-0.076596
RNF169,-0.019723
RNF17,-0.18128
RNF170,-0.059561
RNF175,0.015896
RNF180,-0.15324
RNF181,0.071454
RNF182,-0.11451
RNF183,0.083399
RNF185,-0.081673
RNF186,-0.23918
RNF187,-0.070957
RNF19A,0.068817
RNF19B,0.089662
RNF2,-0.095925
RNF20,0.092143
RNF207,-0.14762
RNF208,-0.11638
RNF212,-0.20314
RNF212B,0.076882
RNF213,-0.042573
RNF214,0.099699
RNF215,-0.18215
RNF216,-0.0082203
RNF217,-0.10953
RNF219,-0.047224
RNF220,0.087486
RNF222,-0.048687
RNF223,0.0088528
RNF224,-0.0043721
RNF225,0.18321
RNF24,0.049573
RNF25,-0.037643
RNF26,0.074069
RNF31,0.22064
RNF32,0.021742
RNF34,0.083618
RNF38,0.096487
RNF39,-0.14723
RNF4,0.0086219
RNF40,0.047428
RNF41,-0.12598
RNF44,0.010708
RNF5,-0.19319
RNF6,0.092834
RNF7,-0.40807
RNF8,0.073801
RNFT1,-0.13924
RNFT2,0.048135
RNGTT,0.090295
RNH1,-0.088578
RNLS,0.09482
RNMT,0.1651
RNMTL1,0.036427
RNPC3,0.093057
RNPEP,-0.0041573
RNPEPL1,-0.0083082
RNPS1,0.085022
ROBO1,-0.06083
ROBO2,0.17352
ROBO3,-0.11341
ROBO4,0.11165
ROCK1,0.020321
ROCK2,-0.038847
ROGDI,-0.1169
ROM1,-0.068837
ROMO1,0.53261
ROPN1,0.21285
ROPN1B,-0.12176
ROPN1L,0.087676
ROR1,-0.10512
ROR2,-0.13601
RORA,0.081175
RORB,0.10448
RORC,-0.073662
ROS1,-0.024067
RP1,-0.04627
RP1L1,0.0085189
RP2,-0.024277
RP9,-0.029909
RPA1,-0.032199
RPA2,0.026776
RPA3,0.089344
RPA4,0.10382
RPAIN,0.16431
RPAP1,0.024123
RPAP2,0.071215
RPAP3,0.17751
RPE,0.20841
RPE65,0.013375
RPEL1,-0.0021966
RPF1,0.17057
RPF2,0.29208
RPGR,0.029984
RPGRIP1,-0.018538
RPGRIP1L,-0.25973
RPH3A,0.047841
RPH3AL,-0.084639
RPIA,0.063733
RPL10,0.33366
RPL10A,0.27144
RPL10L,0.021646
RPL11,0.70764
RPL12,0.12038
RPL13,0.29296
RPL13A,0.14542
RPL14,0.084506
RPL15,0.14027
RPL17,0.28102
RPL17-C18orf32,0.24759
RPL18,0.33898
RPL18A,0.13385
RPL19,0.082793
RPL21,0.29444
RPL22,0.12516
RPL22L1,-0.018678
RPL23,0.35206
RPL23A,0.19699
RPL24,0.32794
RPL26,0.18323
RPL26L1,0.2874
RPL27,0.4271
RPL27A,0.12022
RPL28,0.62061
RPL29,-0.088015
RPL3,0.33198
RPL30,0.029102
RPL31,0.44539
RPL32,0.36007
RPL34,0.068182
RPL35,0.23262
RPL35A,-0.073801
RPL36,0.54561
RPL36A,-0.0084568
RPL36A-HNRNPH2,0.10873
RPL36AL,0.11485
RPL37,0.71942
RPL37A,0.23176
RPL38,0.54246
RPL39,-0.074081
RPL39L,0.10264
RPL3L,-0.030854
RPL4,-0.037728
RPL41,-0.013901
RPL5,0.53504
RPL6,0.52071
RPL7,-0.008216
RPL7A,0.20501
RPL7L1,0.080025
RPL8,0.69927
RPL9,0.6097
RPLP0,0.3073
RPLP1,-0.097448
RPLP2,0.12973
RPN1,0.32249
RPN2,0.54382
RPP14,0.039394
RPP21,1.0315
RPP25,0.24654
RPP25L,-0.056748
RPP30,0.18902
RPP38,0.024672
RPP40,-0.0084834
RPRD1A,-0.083995
RPRD1B,-0.41493
RPRD2,-3.8369e-05
RPRM,-0.076993
RPRML,0.12816
RPS10,0.39287
RPS10-NUDT3,0.26877
RPS11,0.34372
RPS12,0.1764
RPS13,0.55704
RPS14,0.23311
RPS15,0.1266
RPS15A,0.095221
RPS16,0.28428
RPS17,0.01014
RPS18,0.35059
RPS19,0.16471
RPS19BP1,0.3309
RPS2,0.16372
RPS20,0.39115
RPS21,-0.029405
RPS23,0.24604
RPS24,0.38119
RPS25,0.45596
RPS26,0.49348
RPS27,0.13233
RPS27A,-0.032427
RPS27L,0.10217
RPS28,0.33963
RPS29,-0.014889
RPS3,0.078932
RPS3A,0.19012
RPS4X,0.28399
RPS4Y1,0.1583
RPS4Y2,-0.1753
RPS5,0.34107
RPS6,0.2376
RPS6KA1,-0.043395
RPS6KA2,-0.027348
RPS6KA3,0.13418
RPS6KA4,-0.019742
RPS6KA5,0.03395
RPS6KA6,0.14406
RPS6KB1,0.12798
RPS6KB2,-0.081083
RPS6KC1,-0.010766
RPS6KL1,-0.085945
RPS7,0.009919
RPS8,0.55424
RPS9,0.26417
RPSA,0.1566
RPTN,0.17536
RPTOR,0.44705
RPUSD1,0.01287
RPUSD2,-0.013604
RPUSD3,-0.082741
RPUSD4,0.098443
RQCD1,0.19108
RRAD,0.074649
RRAGA,0.16994
RRAGB,0.16046
RRAGC,-0.024606
RRAGD,0.051549
RRAS,0.068467
RRAS2,0.1483
RRBP1,0.018703
RREB1,-0.033279
RRH,-0.010146
RRM1,0.19685
RRM2,0.19677
RRM2B,-0.16312
RRN3,0.081772
RRNAD1,-0.18806
RRP1,0.00013362
RRP12,0.56834
RRP15,0.17491
RRP1B,-0.020915
RRP36,0.55216
RRP7A,0.074551
RRP8,0.046449
RRP9,0.21946
RRS1,0.41527
RS1,-0.03051
RSAD1,-0.13223
RSAD2,-0.11886
RSBN1,-0.077166
RSBN1L,0.072946
RSC1A1,-0.043352
RSF1,0.05083
RSG1,-0.10507
RSL1D1,0.16627
RSL24D1,0.068316
RSPH1,0.11737
RSPH10B,-0.012597
RSPH10B2,0.16036
RSPH14,0.1775
RSPH3,0.025124
RSPH4A,0.0089414
RSPH6A,-0.11033
RSPH9,0.080122
RSPO1,-0.086982
RSPO2,-0.032864
RSPO3,0.073386
RSPO4,-0.033261
RSRC1,-0.013766
RSRC2,0.16907
RSRP1,-0.047332
RSU1,0.0045386
RTBDN,0.051065
RTCA,0.045268
RTCB,0.19223
RTEL1,0.119
RTF1,0.064676
RTFDC1,0.49219
RTKN,0.042134
RTKN2,0.0091115
RTL1,-0.03206
RTN1,0.023307
RTN2,0.054756
RTN3,0.0044034
RTN4,0.077336
RTN4IP1,0.12686
RTN4R,-0.031282
RTN4RL1,0.19641
RTN4RL2,0.062901
RTP1,0.086141
RTP2,-0.24485
RTP3,0.014975
RTP4,-0.096636
RTP5,0.046722
RTTN,0.1167
RUFY1,0.024429
RUFY2,0.097732
RUFY3,-0.05015
RUFY4,-0.058246
RUNDC1,0.0092075
RUNDC3A,0.069271
RUNDC3B,0.050664
RUNX1,-0.023052
RUNX1T1,-0.016073
RUNX2,-0.089858
RUNX3,-0.19996
RUSC1,-0.011795
RUSC1-AS1,0.035847
RUSC2,0.0031109
RUVBL1,0.088146
RUVBL2,0.19316
RWDD1,-0.074304
RWDD2A,0.04251
RWDD2B,-0.16997
RWDD3,-0.086113
RWDD4,0.18218
RXFP1,0.080033
RXFP2,-0.037384
RXFP3,-0.050115
RXFP4,-0.0012891
RXRA,0.094151
RXRB,0.19947
RXRG,-0.16322
RYK,-0.1443
RYR1,0.089963
RYR2,-0.11479
RYR3,0.011077
S100A1,-0.084525
S100A10,-0.10471
S100A11,0.054558
S100A12,-0.055718
S100A13,-0.020031
S100A14,0.08633
S100A16,0.022862
S100A2,-0.0018844
S100A3,0.0050273
S100A4,0.011809
S100A5,-0.18089
S100A6,-0.09786
S100A7,0.037395
S100A7A,-0.076781
S100A7L2,0.14143
S100A8,-0.10071
S100A9,0.083271
S100B,-0.074586
S100G,-0.13189
S100P,-0.027906
S100PBP,0.11225
S100Z,-0.042163
S1PR1,-0.11959
S1PR2,-0.05281
S1PR3,0.081443
S1PR4,-0.24497
S1PR5,-0.0021222
SAA1,-0.071949
SAA2,0.066139
SAA2-SAA4,-0.045976
SAA4,0.014291
SAAL1,0.075289
SAC3D1,-0.088439
SACM1L,0.25289
SACS,-0.038297
SAE1,0.13918
SAFB,0.054714
SAFB2,0.043682
SAG,0.20597
SAGE1,0.051792
SALL1,0.14406
SALL2,-0.095966
SALL3,-0.047211
SALL4,0.083431
SAMD10,0.14253
SAMD11,-0.10889
SAMD12,0.021354
SAMD13,-0.063823
SAMD14,-0.097514
SAMD15,0.018637
SAMD3,0.0093758
SAMD4A,0.016279
SAMD4B,-0.099779
SAMD5,-0.14944
SAMD7,0.098172
SAMD8,0.037451
SAMD9,-0.081755
SAMD9L,0.063488
SAMHD1,-0.12202
SAMM50,0.25594
SAMSN1,0.048215
SAP130,-0.082808
SAP18,-0.040331
SAP25,0.079901
SAP30,-0.17895
SAP30BP,-0.063076
SAP30L,-0.078732
SAPCD1,0.0034557
SAPCD2,-0.16458
SAR1A,0.017868
SAR1B,0.097598
SARAF,-0.0075225
SARDH,0.042343
SARM1,-0.062545
SARNP,0.12178
SARS,0.34427
SARS2,-0.13645
SART1,0.1125
SART3,0.2486
SASH1,-0.059286
SASH3,0.13389
SASS6,0.048524
SAT1,0.044943
SAT2,-0.03652
SATB1,0.075018
SATB2,-0.074519
SATL1,-0.01372
SAV1,-0.050248
SAXO1,0.0086235
SAXO2,-0.1483
SAYSD1,-0.079797
SBDS,0.20368
SBF1,-0.0077897
SBF2,0.17835
SBK1,0.068047
SBK2,-0.12077
SBK3,-0.13943
SBNO1,-0.062265
SBNO2,-0.17162
SBSN,0.076995
SBSPON,-0.053148
SC5D,-0.10658
SCAF1,0.012289
SCAF11,-0.031984
SCAF4,-0.0063278
SCAF8,0.014605
SCAI,0.021418
SCAMP1,-0.048651
SCAMP2,0.099675
SCAMP3,0.089183
SCAMP4,-0.15683
SCAMP5,-0.11382
SCAND1,-0.007641
SCAP,0.20455
SCAPER,-0.095074
SCARA3,-0.12749
SCARA5,-0.054587
SCARB1,0.04659
SCARB2,0.12146
SCARF1,-0.11681
SCARF2,-0.24128
SCCPDH,-0.02108
SCD,0.0050724
SCD5,-0.075866
SCEL,-0.053222
SCFD1,0.01308
SCFD2,-0.0093332
SCG2,0.05211
SCG3,-0.036116
SCG5,0.057093
SCGB1A1,0.023931
SCGB1C1,0.089088
SCGB1C2,-0.043407
SCGB1D1,-0.067841
SCGB1D2,-0.049591
SCGB1D4,-0.14716
SCGB2A1,-0.085804
SCGB2A2,-0.033949
SCGB2B2,0.0064815
SCGB3A1,0.089163
SCGB3A2,-0.074776
SCGN,-0.11441
SCHIP1,0.017036
SCIMP,0.019316
SCIN,0.0038863
SCLT1,-0.075778
SCLY,0.067595
SCMH1,0.021337
SCML1,-0.0067258
SCML2,0.03014
SCML4,0.023261
SCN10A,0.00035528
SCN11A,-0.011897
SCN1A,0.094641
SCN1B,-0.031581
SCN2A,-0.0042624
SCN2B,-0.14212
SCN3A,-0.11701
SCN3B,-0.033032
SCN4A,-0.11157
SCN4B,-0.090271
SCN5A,-0.22898
SCN7A,-0.050836
SCN8A,-0.0085622
SCN9A,0.0094255
SCNM1,-0.067701
SCNN1A,-0.12059
SCNN1B,-0.0098506
SCNN1D,0.054547
SCNN1G,-0.14494
SCO1,0.06027
SCO2,-0.22306
SCOC,0.081546
SCP2,0.10761
SCP2D1,0.09224
SCPEP1,0.055707
SCRG1,-0.051088
SCRIB,0.084067
SCRN1,0.022493
SCRN2,0.083416
SCRN3,0.07296
SCRT1,0.044767
SCRT2,-0.13445
SCT,-0.094675
SCTR,-0.15454
SCUBE1,0.093878
SCUBE2,0.038986
SCUBE3,-0.14877
SCX,-0.022806
SCYL1,-0.10072
SCYL2,-0.06168
SCYL3,-0.078123
SDAD1,0.19746
SDC1,-0.15738
SDC2,-0.15272
SDC3,-0.092695
SDC4,-0.0083443
SDCBP,0.081361
SDCBP2,-0.0088748
SDCCAG3,-0.064909
SDCCAG8,0.11068
SDE2,0.32743
SDF2,0.03095
SDF2L1,-0.013705
SDF4,-0.01587
SDHA,0.18587
SDHAF1,-0.11859
SDHAF2,0.10671
SDHAF3,-0.0061251
SDHB,0.40492
SDHC,0.30169
SDHD,-0.049614
SDK2,-0.0048977
SDPR,0.075833
SDR16C5,0.013732
SDR39U1,0.24776
SDR42E1,-0.05068
SDR9C7,0.022167
SDS,0.1864
SDSL,-0.013996
SEBOX,-0.015352
SEC11A,-0.00070742
SEC11C,-0.01049
SEC13,0.11336
SEC14L1,0.059684
SEC14L2,0.0056878
SEC14L3,-0.2261
SEC14L4,0.051353
SEC14L5,-0.063952
SEC14L6,0.019064
SEC16A,0.20214
SEC16B,-0.065083
SEC22A,0.053838
SEC22B,0.029373
SEC22C,0.032166
SEC23A,0.039045
SEC23B,0.042436
SEC23IP,-0.045949
SEC24A,0.0092523
SEC24B,-0.025623
SEC24C,0.029507
SEC24D,0.028908
SEC31A,0.28441
SEC31B,0.031666
SEC61A1,-0.056375
SEC61A2,-0.044995
SEC61B,0.4931
SEC61G,-0.0015742
SEC62,0.36285
SEC63,0.30849
SECISBP2,0.0043965
SECISBP2L,0.017925
SECTM1,-0.016281
SEH1L,0.53482
SEL1L,0.1798
SEL1L2,-0.039322
SEL1L3,0.023573
SELE,0.21456
SELENBP1,0.029051
SELK,-0.074118
SELL,0.018197
SELM,-0.0068546
SELO,-0.10633
SELP,0.083299
SELPLG,-0.0041652
SELT,0.032713
SELV,-0.035734
SEMA3A,-0.12429
SEMA3B,-0.12023
SEMA3C,0.13658
SEMA3D,-0.17713
SEMA3E,-0.18688
SEMA3F,-0.089906
SEMA3G,-0.18839
SEMA4A,-0.038599
SEMA4B,-0.04721
SEMA4C,0.014017
SEMA4D,0.0019883
SEMA4F,-0.042904
SEMA4G,-0.059695
SEMA5A,-0.08918
SEMA5B,-0.014775
SEMA6A,0.045388
SEMA6B,-0.089561
SEMA6C,-0.10717
SEMA6D,0.097067
SEMA7A,-0.0048271
SEMG1,0.00904
SEMG2,0.0035532
SENP1,0.2654
SENP2,0.08773
SENP3,0.0173
SENP5,-0.082666
SENP6,-0.14435
SENP7,-0.12906
SENP8,0.04634
SEP15,0.069187
SEPHS1,0.16327
SEPHS2,0.065618
SEPN1,-0.12045
SEPP1,-0.15934
SEPSECS,-0.06749
SEPT10,0.019799
SEPT11,-0.18016
SEPT12,0.094439
SEPT3,-0.049661
SEPT4,-0.067735
SEPT5,-0.073193
SEPT6,0.10356
SEPT8,-0.034769
SEPW1,-0.19707
SERAC1,-0.10685
SERBP1,0.063097
SERF1A,0.16502
SERF2,-0.021936
SERGEF,0.0099902
SERHL2,-0.0064902
SERINC1,-0.12218
SERINC2,-0.02039
SERINC3,-0.04527
SERINC4,0.043227
SERINC5,0.063476
SERP1,0.0078422
SERP2,-0.078627
SERPINA1,-0.10599
SERPINA10,0.040954
SERPINA11,-0.24793
SERPINA12,0.18491
SERPINA3,-0.038956
SERPINA4,-0.14385
SERPINA5,0.0038487
SERPINA6,-0.020164
SERPINA7,0.012387
SERPINA9,0.10501
SERPINB1,0.052731
SERPINB10,-0.027376
SERPINB11,0.0010152
SERPINB12,0.015161
SERPINB13,-0.09442
SERPINB2,0.015977
SERPINB3,-0.11771
SERPINB4,0.02432
SERPINB5,-0.040202
SERPINB6,0.10224
SERPINB7,0.1454
SERPINB8,0.011469
SERPINB9,0.050763
SERPINC1,0.002019
SERPIND1,-0.08794
SERPINE1,-0.048172
SERPINE2,-0.0016617
SERPINE3,-0.080054
SERPINF1,-0.038081
SERPINF2,0.038432
SERPING1,-0.037714
SERPINH1,-0.032511
SERPINI1,-0.015411
SERPINI2,0.060534
SERTAD1,0.031594
SERTAD2,0.11301
SERTAD3,-0.18033
SERTAD4,0.14108
SERTM1,-0.09502
SESN1,-0.15335
SESN2,-0.08302
SESN3,-0.10688
SESTD1,-0.13396
SET,0.031505
SETBP1,0.010871
SETD1A,0.087825
SETD1B,-0.065516
SETD2,0.16305
SETD3,-0.090735
SETD4,-0.11055
SETD5,-0.074014
SETD6,-0.057089
SETD7,-0.022199
SETD8,0.079049
SETD9,-0.0023564
SETDB1,-0.12138
SETDB2,0.094726
SETMAR,-0.018124
SETSIP,0.026698
SETX,-0.074161
SEZ6,0.0052503
SEZ6L,0.12862
SEZ6L2,-0.049664
SF1,0.033929
SF3A1,0.0038794
SF3A2,-0.143
SF3A3,0.10561
SF3B1,0.11221
SF3B2,-0.073866
SF3B3,0.15753
SF3B4,-0.1285
SF3B5,-0.12685
SF3B6,0.06253
SFI1,0.12973
SFMBT1,-0.035848
SFMBT2,-0.073585
SFN,0.049524
SFPQ,0.24462
SFR1,0.073703
SFRP1,-0.27435
SFRP2,-0.026996
SFRP4,-0.010829
SFRP5,0.016216
SFSWAP,-0.0013144
SFT2D1,-0.10628
SFT2D2,0.057382
SFT2D3,-0.023494
SFTA2,0.027394
SFTA3,-0.062296
SFTPA1,-0.054813
SFTPA2,-0.01589
SFTPB,-0.026277
SFTPC,-0.054355
SFTPD,-0.033879
SFXN1,-0.056209
SFXN2,0.091599
SFXN3,0.055493
SFXN4,-0.018763
SFXN5,-0.12708
SGCA,-0.021628
SGCB,-0.085455
SGCD,0.0096566
SGCE,0.04022
SGCG,0.050353
SGCZ,0.12996
SGIP1,0.10995
SGK1,0.099105
SGK2,-0.072601
SGK223,-0.11615
SGK3,-0.031846
SGK494,-0.027219
SGMS1,0.029597
SGMS2,-0.19206
SGOL2,0.0091516
SGPL1,-0.034948
SGPP1,0.056557
SGPP2,-0.27158
SGSH,-0.02628
SGSM1,-0.055673
SGSM2,-0.051373
SGSM3,-0.13628
SGTA,-0.053595
SGTB,0.014474
SH2B1,0.018836
SH2B2,0.10549
SH2B3,-0.17313
SH2D1A,0.594
SH2D1B,0.034995
SH2D2A,-0.16581
SH2D3A,-0.07465
SH2D3C,0.0429
SH2D4A,-0.060683
SH2D4B,-0.10575
SH2D5,-0.082444
SH2D6,-0.025174
SH2D7,-0.021617
SH3BGR,-0.044427
SH3BGRL,-0.21136
SH3BGRL2,-0.078491
SH3BGRL3,-0.14157
SH3BP1,0.049194
SH3BP2,0.10013
SH3BP4,-0.014163
SH3BP5,-0.0047315
SH3BP5L,0.17517
SH3D19,0.056948
SH3D21,-0.15451
SH3GL1,0.23967
SH3GL2,-0.1651
SH3GL3,0.10027
SH3GLB1,0.11966
SH3GLB2,-0.077419
SH3KBP1,0.052005
SH3PXD2A,-0.0672
SH3PXD2B,0.050107
SH3RF1,-0.070068
SH3RF2,-0.12538
SH3RF3,-0.031725
SH3TC1,-0.091433
SH3TC2,-0.17688
SH3YL1,-0.04795
SHANK1,-0.012677
SHANK2,-0.018335
SHANK3,0.072849
SHARPIN,0.15477
SHB,-0.028226
SHBG,0.033903
SHC1,-0.036634
SHC2,-0.12146
SHC3,0.0094305
SHC4,0.010675
SHCBP1,0.010221
SHCBP1L,0.03377
SHD,0.099571
SHE,-0.10942
SHF,-0.057658
SHFM1,0.12604
SHH,0.0059528
SHISA2,-0.023653
SHISA3,-0.081664
SHISA4,-0.078688
SHISA5,-0.19304
SHISA6,0.02578
SHISA7,0.046923
SHISA8,-0.10831
SHISA9,0.08181
SHKBP1,0.026687
SHMT1,0.0092511
SHMT2,0.1258
SHOC2,0.23096
SHOX,-0.081738
SHOX2,-0.033626
SHPK,-0.061967
SHPRH,0.0091535
SHQ1,0.2665
SHROOM1,0.015958
SHROOM2,-0.039945
SHROOM3,-0.056823
SHROOM4,0.018794
SI,0.11327
SIAE,-0.016553
SIAH1,0.037095
SIAH2,0.067099
SIAH3,-0.031089
SIDT1,-0.057136
SIDT2,0.010072
SIGIRR,0.054188
SIGLEC1,0.13431
SIGLEC10,0.11724
SIGLEC11,0.11585
SIGLEC12,-0.1725
SIGLEC14,-0.052205
SIGLEC15,-0.25477
SIGLEC5,0.16874
SIGLEC6,-0.032745
SIGLEC7,0.033103
SIGLEC8,0.11793
SIGLEC9,-0.01532
SIGLECL1,-0.072033
SIGMAR1,-0.040302
SIK1,0.12374
SIK2,-0.017479
SIK3,0.050569
SIKE1,0.081023
SIL1,0.048277
SIM1,0.15611
SIM2,-0.1277
SIMC1,-0.083048
SIN3A,0.23814
SIN3B,-0.026669
SIPA1,-0.19513
SIPA1L1,-0.021657
SIPA1L2,-0.081127
SIPA1L3,-0.019464
SIRPA,-0.032672
SIRPB1,-0.018999
SIRPB2,0.028082
SIRPD,-0.024567
SIRPG,-0.054038
SIRT1,0.057089
SIRT2,0.10341
SIRT3,-0.17363
SIRT4,0.059601
SIRT5,-0.015748
SIRT6,-0.12175
SIRT7,-0.092936
SIT1,-0.16343
SIVA1,0.11708
SIX1,0.0544
SIX2,-0.053297
SIX3,0.043611
SIX4,0.019087
SIX5,0.10379
SIX6,-0.0026771
SKA1,0.012534
SKA2,0.10174
SKA3,0.059629
SKAP1,-0.030912
SKAP2,-0.088468
SKI,-0.043573
SKIDA1,0.081457
SKIL,0.0078333
SKIV2L,0.08719
SKIV2L2,-0.020251
SKOR1,-0.023577
SKOR2,-0.069658
SKP1,-0.026852
SKP2,0.1693
SLA,-0.15108
SLA2,-0.22945
SLAIN1,-0.043399
SLAIN2,-0.0985
SLAMF1,-0.041591
SLAMF6,-0.011634
SLAMF7,-0.072059
SLAMF8,0.1111
SLAMF9,-0.024036
SLBP,0.026243
SLC10A1,0.082717
SLC10A2,-0.084552
SLC10A3,0.23054
SLC10A4,-0.083568
SLC10A5,0.062481
SLC10A6,-0.14683
SLC10A7,-0.063124
SLC11A1,0.16524
SLC11A2,-0.036407
SLC12A1,0.048016
SLC12A2,0.03627
SLC12A3,0.064088
SLC12A4,-0.022827
SLC12A5,-0.075291
SLC12A6,-0.10327
SLC12A7,-0.010008
SLC12A8,-0.0017182
SLC12A9,-0.028886
SLC13A1,0.06777
SLC13A2,0.046042
SLC13A3,-0.063222
SLC13A4,0.077491
SLC13A5,-0.12028
SLC14A1,-0.047234
SLC14A2,0.061316
SLC15A1,-0.047357
SLC15A2,-0.071111
SLC15A3,-0.014353
SLC15A4,0.21221
SLC15A5,0.18023
SLC16A1,0.041599
SLC16A10,-0.11791
SLC16A11,-0.051439
SLC16A12,-0.15074
SLC16A13,-0.007685
SLC16A14,-0.028649
SLC16A2,-0.030427
SLC16A3,0.03446
SLC16A4,-0.0030011
SLC16A5,0.036751
SLC16A6,-0.049162
SLC16A7,-0.049357
SLC16A8,-0.026364
SLC16A9,0.010778
SLC17A1,0.12139
SLC17A2,-0.18855
SLC17A3,-0.093479
SLC17A4,-0.057379
SLC17A5,0.15189
SLC17A6,-0.12178
SLC17A7,-0.08706
SLC17A8,-0.089243
SLC17A9,-0.012036
SLC18A1,-0.066794
SLC18A2,-0.068529
SLC18A3,-0.091737
SLC18B1,-0.06759
SLC19A1,0.013768
SLC19A2,-0.061983
SLC19A3,-0.13614
SLC1A1,-0.0090879
SLC1A2,0.0069712
SLC1A3,0.070578
SLC1A4,0.060029
SLC1A5,0.057597
SLC1A6,-0.01065
SLC1A7,0.094795
SLC20A1,0.047728
SLC20A2,0.17718
SLC22A1,0.014056
SLC22A10,0.04626
SLC22A11,-0.03382
SLC22A12,-0.032291
SLC22A13,-0.04955
SLC22A14,-0.15971
SLC22A15,-0.11048
SLC22A16,-0.084964
SLC22A17,-0.0059013
SLC22A18,-0.0061525
SLC22A18AS,-0.057881
SLC22A2,-0.18739
SLC22A20,-0.15052
SLC22A23,-0.1127
SLC22A24,-0.0081365
SLC22A25,-0.061766
SLC22A3,-0.062541
SLC22A31,-0.058078
SLC22A4,-0.020928
SLC22A5,-0.12157
SLC22A6,0.088694
SLC22A7,0.056309
SLC22A8,-0.094945
SLC22A9,-0.2196
SLC23A1,-0.069697
SLC23A2,0.013708
SLC23A3,-0.039688
SLC24A1,-0.053712
SLC24A2,-0.036525
SLC24A3,0.080746
SLC24A4,-0.063257
SLC24A5,0.011268
SLC25A1,-0.10115
SLC25A10,0.0012261
SLC25A11,0.089024
SLC25A12,-0.085087
SLC25A13,0.034297
SLC25A14,0.017037
SLC25A15,-0.11364
SLC25A16,-0.12577
SLC25A17,0.077728
SLC25A18,-0.094384
SLC25A19,0.078506
SLC25A2,0.0048875
SLC25A20,0.053772
SLC25A21,-0.060396
SLC25A22,0.033671
SLC25A23,-0.076959
SLC25A24,0.047486
SLC25A25,0.11193
SLC25A26,0.0073793
SLC25A27,0.010167
SLC25A28,0.154
SLC25A29,-0.041746
SLC25A3,0.35857
SLC25A30,-0.038455
SLC25A31,-0.067905
SLC25A32,-0.077143
SLC25A33,-0.074672
SLC25A34,-0.046295
SLC25A35,0.012462
SLC25A36,-0.0092797
SLC25A37,-0.039498
SLC25A38,-0.14701
SLC25A39,0.040083
SLC25A4,0.051417
SLC25A40,0.20877
SLC25A41,0.052129
SLC25A42,0.024938
SLC25A43,0.00039307
SLC25A44,-0.015395
SLC25A45,-0.11471
SLC25A46,-0.032576
SLC25A47,-0.0058105
SLC25A48,-0.0065432
SLC25A5,0.16719
SLC25A51,-0.0041745
SLC25A52,0.050674
SLC25A53,-0.073059
SLC25A6,-0.036174
SLC26A1,0.03857
SLC26A10,0.063686
SLC26A11,0.016693
SLC26A2,0.020491
SLC26A3,-0.083223
SLC26A4,-0.042556
SLC26A5,0.21416
SLC26A6,0.055368
SLC26A7,-0.061458
SLC26A8,0.026286
SLC26A9,-0.089828
SLC27A1,-0.019704
SLC27A2,0.044091
SLC27A3,-0.017077
SLC27A4,-0.068277
SLC27A5,0.043934
SLC27A6,-0.1142
SLC28A1,-0.0084863
SLC28A2,-0.0015141
SLC28A3,0.015384
SLC29A1,-0.063093
SLC29A2,-0.018274
SLC29A3,-0.085911
SLC29A4,-0.12316
SLC2A1,0.012202
SLC2A10,-0.12757
SLC2A11,-0.14277
SLC2A12,0.1087
SLC2A13,0.23447
SLC2A14,-0.046154
SLC2A2,0.041719
SLC2A3,0.1135
SLC2A4,0.1036
SLC2A4RG,0.1398
SLC2A5,0.019309
SLC2A6,-0.035329
SLC2A7,0.0049781
SLC2A8,-0.16008
SLC2A9,-0.045532
SLC30A1,-0.1608
SLC30A10,-0.12763
SLC30A2,-0.013995
SLC30A3,-0.14716
SLC30A4,0.044637
SLC30A5,0.17605
SLC30A6,0.0071612
SLC30A7,-0.032277
SLC30A8,-0.054083
SLC30A9,0.076998
SLC31A1,-0.081202
SLC31A2,0.06201
SLC32A1,-0.0095235
SLC33A1,0.14668
SLC34A1,0.10876
SLC34A2,-0.096363
SLC34A3,0.0053704
SLC35A1,0.11437
SLC35A2,-0.013445
SLC35A3,-0.014034
SLC35A4,-0.006874
SLC35A5,0.00912
SLC35B1,0.67016
SLC35B2,0.036028
SLC35B3,-0.12528
SLC35B4,0.0038828
SLC35C1,0.099825
SLC35C2,0.01978
SLC35D1,0.17614
SLC35D2,-0.020476
SLC35D3,-0.15418
SLC35E1,0.030216
SLC35E2,0.044208
SLC35E2B,-0.049111
SLC35E3,0.067269
SLC35E4,-0.051178
SLC35F1,-0.042333
SLC35F2,0.012271
SLC35F3,-0.041363
SLC35F4,0.078949
SLC35F5,0.054939
SLC35F6,0.032316
SLC35G1,-0.00050495
SLC35G2,-0.082497
SLC35G3,0.10381
SLC35G4,-0.10878
SLC35G5,0.0436
SLC35G6,0.081019
SLC36A1,0.057109
SLC36A2,0.028955
SLC36A3,-0.035493
SLC36A4,-0.046178
SLC37A1,-0.045044
SLC37A2,0.025009
SLC37A3,0.044394
SLC37A4,-0.029775
SLC38A1,-0.022001
SLC38A10,0.081552
SLC38A11,0.0021244
SLC38A2,0.0026942
SLC38A3,-0.2902
SLC38A4,0.093199
SLC38A5,-0.045039
SLC38A6,-0.092104
SLC38A7,-0.049658
SLC38A8,0.030726
SLC38A9,0.014758
SLC39A1,-0.077338
SLC39A10,0.10239
SLC39A11,-0.017594
SLC39A12,0.037615
SLC39A13,0.079033
SLC39A14,0.016706
SLC39A2,0.071535
SLC39A3,-0.0042841
SLC39A4,-0.055557
SLC39A5,-0.051052
SLC39A6,-0.0045039
SLC39A7,-0.025445
SLC39A8,-0.075084
SLC39A9,0.1478
SLC3A1,0.037785
SLC3A2,0.057639
SLC40A1,-0.25656
SLC41A1,0.012164
SLC41A2,-0.13899
SLC41A3,0.067047
SLC43A1,0.039886
SLC43A2,0.049769
SLC43A3,0.011306
SLC44A1,-0.17687
SLC44A2,-0.13589
SLC44A3,0.0048711
SLC44A4,0.0085964
SLC44A5,-0.033976
SLC45A1,0.0054432
SLC45A2,-0.065962
SLC45A3,-0.1451
SLC45A4,0.091021
SLC46A1,-0.047618
SLC46A2,0.045833
SLC46A3,0.087071
SLC47A1,-0.099777
SLC47A2,-0.037473
SLC48A1,-0.16786
SLC4A1,0.11105
SLC4A10,-0.17409
SLC4A11,-0.12839
SLC4A1AP,0.043917
SLC4A2,0.092104
SLC4A3,-0.067458
SLC4A4,-0.03839
SLC4A5,0.10059
SLC4A7,0.066805
SLC4A8,-0.047117
SLC4A9,0.069593
SLC50A1,-0.060914
SLC51A,-0.049847
SLC51B,-0.067447
SLC52A1,-0.028194
SLC52A2,-0.0839
SLC52A3,0.015661
SLC5A1,0.033087
SLC5A10,-0.0070613
SLC5A11,0.02474
SLC5A12,-0.035035
SLC5A2,0.075742
SLC5A3,0.083626
SLC5A4,-0.17426
SLC5A5,-0.029134
SLC5A6,-0.077854
SLC5A7,0.075559
SLC5A8,0.01828
SLC5A9,-0.11434
SLC6A1,-0.10039
SLC6A11,-0.10924
SLC6A12,0.12645
SLC6A13,-0.17935
SLC6A14,-0.26987
SLC6A15,-0.057716
SLC6A16,0.070014
SLC6A17,-0.053444
SLC6A18,0.14703
SLC6A19,0.00068883
SLC6A2,0.015941
SLC6A20,-0.28054
SLC6A3,-0.01954
SLC6A4,-0.020786
SLC6A5,-0.1421
SLC6A6,-0.093016
SLC6A7,-0.045116
SLC6A8,-0.11912
SLC6A9,-0.11836
SLC7A1,0.13776
SLC7A10,0.14324
SLC7A11,-0.057615
SLC7A13,0.086986
SLC7A14,0.040842
SLC7A2,0.15954
SLC7A3,-0.054897
SLC7A4,-0.094315
SLC7A5,-0.071174
SLC7A6,-0.038559
SLC7A6OS,0.46536
SLC7A7,0.04033
SLC7A8,-0.023307
SLC7A9,-0.16675
SLC8A1,-0.094906
SLC8A2,0.084817
SLC8A3,0.006419
SLC8B1,0.27536
SLC9A1,-0.20213
SLC9A2,-0.076732
SLC9A3,-0.21617
SLC9A3R1,-0.082834
SLC9A3R2,-0.098859
SLC9A4,-0.032478
SLC9A5,0.041058
SLC9A6,-0.10003
SLC9A7,-0.079943
SLC9A8,-0.02035
SLC9A9,-0.044152
SLC9B1,-0.048476
SLC9B2,-0.02223
SLC9C1,-0.060807
SLC9C2,0.023569
SLCO1A2,0.08096
SLCO1B1,-0.041115
SLCO1B3,-0.045043
SLCO1B7,0.11365
SLCO1C1,0.042539
SLCO2A1,0.042501
SLCO2B1,0.028743
SLCO3A1,-0.1057
SLCO4A1,0.014648
SLCO4C1,-0.20969
SLCO5A1,-0.11755
SLCO6A1,-0.11001
SLFN11,-0.16344
SLFN12,0.022656
SLFN12L,-0.017338
SLFN13,0.10543
SLFN14,0.056511
SLFN5,-0.16961
SLFNL1,0.062047
SLIRP,-0.0045529
SLIT1,0.036547
SLIT2,-0.17672
SLIT3,0.017711
SLITRK1,-0.098133
SLITRK2,-0.013372
SLITRK3,0.087793
SLITRK4,-0.036547
SLITRK5,-0.066662
SLITRK6,-0.030627
SLK,-0.037297
SLMAP,0.045238
SLMO1,-0.013612
SLMO2,0.035311
SLN,-0.029024
SLPI,-0.15103
SLTM,-0.073146
SLU7,0.15446
SLURP1,-0.048845
SLX1A,-0.059248
SLX1B,-0.018523
SLX4,0.22532
SLX4IP,-0.093461
SMAD1,-0.15889
SMAD2,-0.10135
SMAD3,0.0070889
SMAD4,0.024877
SMAD5,0.019885
SMAD6,-0.30074
SMAD7,-0.064681
SMAD9,-0.036558
SMAGP,0.0074739
SMAP1,-0.096355
SMAP2,-0.098032
SMARCA1,0.052972
SMARCA2,-0.093053
SMARCA4,-0.074795
SMARCA5,-0.0228
SMARCAD1,0.039908
SMARCAL1,-0.21902
SMARCB1,-0.3322
SMARCC1,-0.19181
SMARCC2,-0.038571
SMARCD1,-0.0006715
SMARCD2,-0.046855
SMARCD3,-0.033822
SMARCE1,-0.064647
SMC1A,0.18337
SMC1B,-0.00094036
SMC2,0.15792
SMC3,0.22623
SMC4,0.072505
SMC5,0.13179
SMC6,0.032212
SMCHD1,0.060133
SMCO1,-0.019259
SMCO2,0.04873
SMCO3,-0.03709
SMCO4,-0.13755
SMCP,-0.068948
SMCR8,-0.13523
SMDT1,0.12296
SMEK1,0.081661
SMEK2,-0.010837
SMG1,0.40977
SMG5,0.23233
SMG6,0.18041
SMG7,0.25109
SMG8,0.036261
SMG9,0.071986
SMIM1,-0.039292
SMIM10,-0.16304
SMIM10L1,-0.083467
SMIM11,0.063587
SMIM12,0.096844
SMIM13,0.13353
SMIM14,0.064105
SMIM15,-0.034839
SMIM17,-0.052639
SMIM18,0.15055
SMIM19,0.01296
SMIM2,-0.14727
SMIM20,-0.047068
SMIM21,0.13246
SMIM22,0.15944
SMIM23,0.046876
SMIM24,0.10565
SMIM3,-0.18446
SMIM4,0.015413
SMIM5,-0.013091
SMIM6,0.016657
SMIM7,-0.058039
SMIM8,0.090387
SMIM9,-0.055836
SMKR1,-0.333
SMLR1,0.056062
SMN1,-0.051537
SMN2,0.40777
SMNDC1,0.28409
SMO,-0.099015
SMOC1,-0.079049
SMOC2,-0.021419
SMOX,0.035554
SMPD1,-0.0018649
SMPD2,-0.062334
SMPD3,-0.072791
SMPD4,-0.13167
SMPDL3A,0.022385
SMPDL3B,0.074252
SMPX,0.10534
SMR3A,0.062393
SMR3B,-0.15324
SMS,0.011458
SMTN,0.032832
SMTNL1,0.024457
SMTNL2,0.15694
SMU1,0.34362
SMUG1,-0.087485
SMURF1,0.06156
SMURF2,-0.18647
SMYD1,0.072836
SMYD2,-0.044543
SMYD3,-0.051975
SMYD4,0.071158
SMYD5,-0.14037
SNAI1,-0.069598
SNAI2,-0.074164
SNAI3,0.16347
SNAP23,-0.026317
SNAP25,-0.06468
SNAP29,0.12393
SNAP47,-0.032252
SNAP91,0.009755
SNAPC1,0.057763
SNAPC2,-0.10176
SNAPC3,0.079747
SNAPC4,0.29272
SNAPC5,0.17884
SNAPIN,0.18468
SNCA,-0.1055
SNCAIP,-0.12102
SNCB,-0.047269
SNCG,0.19501
SND1,0.10434
SNED1,-0.048087
SNF8,0.006981
SNIP1,0.071279
SNN,-0.21325
SNPH,-0.016994
SNRK,-0.071474
SNRNP200,0.18622
SNRNP25,0.33547
SNRNP27,0.16225
SNRNP35,0.076699
SNRNP40,0.33308
SNRNP48,0.09439
SNRNP70,0.15049
SNRPA,-0.14103
SNRPA1,0.19492
SNRPB,0.014231
SNRPB2,0.036827
SNRPC,-0.16732
SNRPD1,0.081278
SNRPD2,0.024208
SNRPD3,0.44485
SNRPE,0.075744
SNRPF,0.17334
SNRPG,0.043403
SNRPN,-0.073264
SNTA1,0.0046399
SNTB1,-0.093611
SNTB2,0.015297
SNTG1,-0.003628
SNTG2,-0.01694
SNTN,-0.01104
SNUPN,-0.0043804
SNURF,0.051566
SNW1,-0.0071173
SNX1,0.15772
SNX10,-0.010352
SNX11,0.060563
SNX12,0.11234
SNX13,-0.04245
SNX14,-0.1345
SNX15,0.0079031
SNX16,0.029484
SNX17,0.048115
SNX18,0.058634
SNX19,-0.10547
SNX2,0.004875
SNX20,-0.14647
SNX21,-0.078794
SNX22,0.048039
SNX24,0.10057
SNX25,-0.090049
SNX27,0.049772
SNX29,0.0092316
SNX3,0.2255
SNX30,0.02581
SNX31,-0.22027
SNX32,-0.023571
SNX33,0.005687
SNX4,-0.053846
SNX5,0.012325
SNX6,0.10921
SNX7,0.027053
SNX8,0.17448
SNX9,-0.062172
SOAT1,-0.0080908
SOAT2,-0.14662
SOBP,-0.097589
SOCS1,-0.69647
SOCS2,-0.17092
SOCS3,-0.15834
SOCS4,0.094161
SOCS5,-0.051785
SOCS6,-0.038286
SOCS7,0.049092
SOD1,-0.092298
SOD2,0.058308
SOD3,-0.081887
SOGA1,-0.010211
SOGA3,-0.1323
SOHLH1,-0.052111
SOHLH2,0.024863
SON,0.068562
SORBS1,0.10903
SORBS2,0.062789
SORBS3,0.067759
SORCS1,0.061135
SORCS2,-0.081326
SORCS3,0.13372
SORD,-0.17785
SORL1,-0.06058
SORT1,-0.0027904
SOS1,-0.11119
SOS2,0.019234
SOST,0.0070996
SOSTDC1,0.07734
SOWAHA,-0.13872
SOWAHB,-0.060146
SOWAHC,0.20562
SOWAHD,0.066706
SOX1,-0.12349
SOX10,0.04063
SOX11,-0.052349
SOX12,-0.035632
SOX13,0.0065001
SOX14,0.10813
SOX15,0.13058
SOX17,0.0426
SOX18,-0.16357
SOX2,-0.053179
SOX21,-0.027878
SOX3,-0.02122
SOX30,-0.11908
SOX4,-0.18332
SOX5,0.12332
SOX6,0.11615
SOX7,0.17693
SOX8,0.0025405
SOX9,-0.053335
SP1,-0.090065
SP100,-0.061758
SP110,0.03204
SP140,-0.15011
SP140L,-0.01337
SP2,0.19998
SP3,0.10829
SP4,0.058977
SP5,-0.028518
SP6,0.0032231
SP7,-0.028912
SP8,0.1356
SP9,0.0033027
SPA17,0.1102
SPACA1,-0.075039
SPACA3,-0.048046
SPACA4,0.017719
SPACA5,0.00022467
SPACA5B,0.058787
SPACA7,0.10521
SPAG1,0.031888
SPAG11A,-0.17524
SPAG11B,0.079987
SPAG16,0.08061
SPAG17,0.015567
SPAG4,-0.061463
SPAG5,-0.038756
SPAG6,-0.06478
SPAG7,-0.043736
SPAG8,-0.034738
SPAG9,0.057631
SPAM1,-0.14631
SPANXA1,-0.090576
SPANXA2,0.08591
SPANXB1,0.059051
SPANXC,-0.043369
SPANXD,-0.1462
SPANXN1,0.11075
SPANXN2,-0.04175
SPANXN3,-0.077664
SPANXN4,0.03089
SPANXN5,0.0030065
SPARC,0.11612
SPARCL1,0.0096449
SPAST,-0.011347
SPATA12,-0.047498
SPATA13,0.13154
SPATA16,0.046789
SPATA17,-0.13035
SPATA18,-0.20432
SPATA19,0.092543
SPATA2,0.02721
SPATA20,0.10811
SPATA21,0.0012617
SPATA22,0.05088
SPATA24,0.059906
SPATA25,-0.11478
SPATA2L,-0.093974
SPATA3,-0.14019
SPATA31A1,-0.009497
SPATA31A3,0.087821
SPATA31A5,-0.092633
SPATA31A6,0.056698
SPATA31A7,0.039493
SPATA31C1,-0.0093895
SPATA31C2,-0.076431
SPATA31D1,-0.033131
SPATA31D3,0.24122
SPATA31D4,0.087488
SPATA31E1,-0.009425
SPATA32,-0.097695
SPATA33,0.15525
SPATA4,-0.18284
SPATA45,0.0066244
SPATA5,0.21258
SPATA5L1,0.47865
SPATA6,-0.045656
SPATA6L,-0.06264
SPATA7,0.018302
SPATA8,0.044188
SPATA9,-0.037016
SPATC1,0.011067
SPATC1L,-0.0401
SPATS1,0.089927
SPATS2,-0.067876
SPATS2L,0.0043567
SPC24,-0.056632
SPC25,0.10289
SPCS1,0.10305
SPCS2,0.072373
SPCS3,0.10918
SPDEF,-0.028622
SPDL1,0.046226
SPDYA,-0.12587
SPDYC,0.12658
SPDYE1,0.047689
SPDYE2,0.3624
SPDYE2B,0.21355
SPDYE3,0.19346
SPDYE4,0.0066619
SPDYE5,0.075142
SPDYE6,0.13629
SPECC1,0.053148
SPECC1L,0.043206
SPEF1,-0.051442
SPEF2,-0.072601
SPEG,-0.089891
SPEM1,0.032801
SPEN,0.094728
SPERT,-0.11124
SPESP1,0.012668
SPG11,0.076503
SPG20,-0.065706
SPG21,-0.0048374
SPG7,0.032962
SPHAR,0.12249
SPHK1,-0.06613
SPHK2,-0.035751
SPHKAP,-0.053882
SPI1,-0.020503
SPIB,-0.075571
SPIC,0.037104
SPICE1,-0.041219
SPIDR,0.0040463
SPIN1,-0.051414
SPIN2A,0.071826
SPIN2B,0.0077897
SPIN3,0.0015987
SPIN4,-0.28927
SPINK1,-0.039407
SPINK13,0.099502
SPINK14,0.24503
SPINK2,-0.033952
SPINK4,0.21091
SPINK5,-0.021485
SPINK6,-0.008668
SPINK7,-0.075518
SPINK8,-0.0058257
SPINK9,0.075747
SPINT1,-0.11254
SPINT2,0.089013
SPINT3,0.13008
SPINT4,0.049471
SPIRE1,0.049677
SPIRE2,0.010942
SPN,-0.051659
SPNS1,0.011619
SPNS2,-0.083092
SPNS3,0.026644
SPO11,-0.060222
SPOCD1,-0.032044
SPOCK1,-0.15504
SPOCK2,-0.027393
SPOCK3,-0.058328
SPON1,-0.17765
SPON2,-0.0087293
SPOP,-0.18304
SPOPL,-0.12874
SPP1,-0.0044896
SPP2,-0.096857
SPPL2A,0.029973
SPPL2B,-0.088033
SPPL2C,0.077987
SPPL3,0.059741
SPR,-0.11549
SPRED1,-0.057663
SPRED2,-0.073524
SPRED3,-0.10597
SPRN,-0.14173
SPRR1A,-0.15485
SPRR1B,-0.029031
SPRR2A,-0.016903
SPRR2B,0.0293
SPRR2D,0.047334
SPRR2E,-0.017429
SPRR2F,-0.015068
SPRR2G,0.014055
SPRR3,-0.12275
SPRR4,-0.041246
SPRY1,-0.054995
SPRY2,-0.027328
SPRY3,-0.0046074
SPRY4,-0.036278
SPRYD3,0.1441
SPRYD4,0.0027751
SPRYD7,-0.021876
SPSB1,0.054293
SPSB2,-0.075088
SPSB3,-0.052549
SPSB4,-0.071092
SPTA1,0.046645
SPTAN1,-0.053624
SPTB,0.013708
SPTBN1,-0.057565
SPTBN2,0.030063
SPTBN4,-0.13933
SPTBN5,-0.18097
SPTLC1,0.10769
SPTLC2,-0.056139
SPTLC3,0.015038
SPTSSA,0.28229
SPTSSB,0.10739
SPTY2D1,0.12737
SPX,0.061899
SPZ1,0.045521
SQLE,0.072949
SQRDL,0.006217
SQSTM1,-0.075987
SRA1,0.063141
SRBD1,-0.10045
SRC,0.084033
SRCAP,0.01545
SRCIN1,-0.089028
SRD5A1,-0.015721
SRD5A2,0.016752
SRD5A3,-0.045751
SREBF1,-0.056215
SREBF2,0.0679
SREK1,-0.023766
SREK1IP1,-0.15279
SRF,0.20298
SRFBP1,0.15015
SRGAP1,-0.1682
SRGAP2,-0.14762
SRGAP2B,-0.061492
SRGAP2C,-0.097298
SRGAP3,-0.12902
SRGN,0.090086
SRI,-0.14332
SRL,0.16957
SRM,-0.032228
SRMS,-0.18461
SRP14,0.56922
SRP19,0.14543
SRP54,0.11164
SRP68,0.25286
SRP72,0.13198
SRP9,0.31096
SRPK1,0.0043927
SRPK2,0.0064565
SRPK3,-0.027172
SRPR,0.25841
SRPRB,-0.097798
SRPX,0.092218
SRPX2,-0.077153
SRR,0.031197
SRRD,-0.033483
SRRM1,0.036014
SRRM2,-0.008655
SRRM3,0.0075045
SRRM4,-0.021973
SRRM5,-0.10709
SRRT,0.0025497
SRSF1,0.39141
SRSF10,0.19827
SRSF11,0.28098
SRSF12,0.0088755
SRSF2,0.4155
SRSF3,0.16394
SRSF4,-0.10902
SRSF5,0.024441
SRSF6,0.016979
SRSF7,0.15423
SRSF9,0.018514
SRXN1,-0.18054
SRY,0.021851
SS18,-0.22157
SS18L1,-0.15461
SS18L2,0.27925
SSB,0.0099286
SSBP1,0.083137
SSBP2,-0.048379
SSBP3,0.0019588
SSBP4,0.097093
SSC4D,-0.18336
SSC5D,0.02383
SSFA2,0.10892
SSH1,-0.043848
SSH2,-0.21316
SSH3,-0.021181
SSMEM1,0.022794
SSNA1,0.036565
SSPN,0.13458
SSPO,0.053592
SSR1,0.063486
SSR2,0.028415
SSR3,0.13228
SSR4,0.049324
SSRP1,0.14438
SSSCA1,-0.13222
SST,0.066171
SSTR1,0.061938
SSTR2,-0.094412
SSTR3,0.025701
SSTR4,0.0057854
SSTR5,-0.030246
SSU72,0.11704
SSUH2,-0.034186
SSX1,-0.019498
SSX2,0.020945
SSX2B,-0.039949
SSX2IP,-0.018913
SSX3,0.071097
SSX4,-0.031993
SSX4B,-0.12057
SSX5,0.084069
SSX7,0.14333
ST13,0.12413
ST14,-0.009309
ST18,0.0093051
ST20,0.007946
ST20-MTHFS,-0.23319
ST3GAL1,-0.094389
ST3GAL2,0.10939
ST3GAL3,0.10332
ST3GAL4,-0.12056
ST3GAL5,-0.099667
ST3GAL6,0.12264
ST5,0.11383
ST6GAL1,0.099417
ST6GAL2,0.12571
ST6GALNAC1,0.15441
ST6GALNAC2,-0.076622
ST6GALNAC3,0.037192
ST6GALNAC4,0.017646
ST6GALNAC5,0.035366
ST6GALNAC6,-0.073266
ST7,0.14363
ST7L,0.12213
ST8SIA1,-0.16069
ST8SIA2,-0.017381
ST8SIA3,0.047138
ST8SIA4,-0.030625
ST8SIA5,-0.10746
ST8SIA6,0.03803
STAB1,0.073373
STAB2,-0.054326
STAC,-0.11765
STAC2,0.077794
STAC3,0.091885
STAG1,0.080227
STAG2,0.26261
STAG3,-0.02738
STAM,0.09901
STAM2,-0.033281
STAMBP,-0.13953
STAMBPL1,-0.073451
STAP1,0.060095
STAP2,-0.11844
STAR,-0.24231
STARD10,-0.084624
STARD13,-0.11198
STARD3,0.010939
STARD3NL,-0.05421
STARD4,-0.0771
STARD5,0.13267
STARD6,0.15667
STARD7,-0.14376
STARD8,-0.10436
STARD9,-0.060649
STAT1,0.17293
STAT2,-0.098013
STAT3,0.3386
STAT4,-0.14279
STAT5A,0.27998
STAT5B,0.1238
STAT6,-0.34878
STATH,-0.058467
STAU1,0.034679
STAU2,0.044005
STBD1,0.024318
STC1,-0.047883
STC2,0.10396
STEAP1,-0.10058
STEAP1B,-0.09428
STEAP2,-0.1125
STEAP3,-0.13668
STEAP4,0.11029
STH,0.0060223
STIL,0.050415
STIM1,0.20529
STIM2,-0.028072
STIP1,-0.17087
STK10,-0.13855
STK11,0.29343
STK16,-0.027269
STK17A,0.14365
STK17B,-0.10895
STK19,-0.0016931
STK24,-0.033727
STK25,-0.045695
STK26,0.11265
STK3,0.094844
STK31,0.001445
STK32A,0.19197
STK32B,-0.19982
STK32C,-0.01578
STK33,-0.044177
STK35,-0.12038
STK36,-0.088703
STK38L,0.052349
STK39,-0.12474
STK4,0.002127
STK40,-0.026913
STKLD1,0.13314
STMN1,0.042661
STMN2,0.054804
STMN3,-0.0018864
STMN4,0.0030248
STMND1,-0.049666
STOM,0.062679
STOML1,-0.014438
STOML2,0.071625
STOML3,-0.11069
STON1,-0.084026
STON1-GTF2A1L,0.2045
STON2,0.03437
STOX1,-0.008946
STOX2,0.2041
STPG1,-0.1366
STPG2,0.084274
STRA13,-0.074061
STRA6,-0.25147
STRA8,-0.12588
STRADA,-0.037472
STRADB,-0.078098
STRAP,0.31409
STRBP,0.088318
STRC,0.32143
STRIP1,0.10262
STRIP2,-0.03528
STRN,0.0018887
STRN3,0.081388
STRN4,-0.041291
STS,-0.068319
STT3A,-0.088752
STT3B,0.58776
STUB1,-0.15111
STX10,-0.12513
STX11,-0.051735
STX12,0.015666
STX16,-0.14047
STX17,0.13655
STX18,0.012747
STX19,-0.046234
STX1A,0.090857
STX1B,-0.14091
STX2,0.01538
STX3,0.022879
STX4,-0.062172
STX5,-0.045001
STX6,-0.071514
STX7,0.034375
STX8,0.0039398
STXBP1,0.033391
STXBP2,0.020138
STXBP3,0.086428
STXBP4,0.0738
STXBP5,-0.13746
STXBP5L,-0.22635
STXBP6,0.11869
STYK1,-0.058097
STYX,0.27971
STYXL1,0.02141
SUB1,-0.093767
SUCLA2,-0.018432
SUCLG1,0.073829
SUCLG2,-0.0033734
SUCNR1,-0.024029
SUCO,-0.015282
SUDS3,-0.12484
SUFU,0.089253
SUGCT,-0.066179
SUGP1,0.089722
SUGP2,-0.091725
SUGT1,0.19382
SULF1,0.013666
SULF2,0.067195
SULT1A1,-0.1072
SULT1A2,0.017717
SULT1A3,0.15361
SULT1A4,0.25857
SULT1B1,-0.021894
SULT1C2,-0.15813
SULT1C3,-0.020819
SULT1C4,-0.22225
SULT1E1,-0.038597
SULT2A1,-0.022654
SULT2B1,0.0014426
SULT4A1,0.079551
SULT6B1,0.029895
SUMF1,-0.0018749
SUMF2,-0.041947
SUMO1,-0.0038486
SUMO2,0.19603
SUMO3,0.028928
SUMO4,0.064974
SUN1,-0.053617
SUN2,0.033789
SUN3,0.31795
SUN5,-0.063499
SUOX,-0.059655
SUPT16H,0.077103
SUPT20H,0.046764
SUPT20HL1,0.055004
SUPT20HL2,-0.17885
SUPT3H,0.081291
SUPT4H1,0.88275
SUPT5H,0.25476
SUPT6H,0.23236
SUPT7L,-0.080225
SUPV3L1,0.01356
SURF1,0.089369
SURF2,-0.046439
SURF4,0.094827
SURF6,0.31145
SUSD1,-0.04057
SUSD2,-0.03633
SUSD3,-0.054553
SUSD4,-0.043725
SUSD5,0.066856
SUSD6,0.14533
SUV39H1,-0.087482
SUV39H2,0.18913
SUV420H1,0.012928
SUV420H2,0.082891
SUZ12,0.17693
SV2A,-0.035294
SV2B,-0.064654
SV2C,0.001
SVEP1,-0.084413
SVIL,0.018212
SVIP,0.0032501
SVOP,-0.0081789
SVOPL,-0.10847
SWAP70,-0.022135
SWI5,-0.0093295
SWSAP1,0.041564
SWT1,-0.061909
SYAP1,-0.013552
SYBU,0.035443
SYCE1,-0.14167
SYCE1L,-0.032996
SYCE2,-0.03218
SYCE3,0.01526
SYCN,0.11259
SYCP1,-0.2018
SYCP2,-0.084707
SYCP2L,0.037463
SYCP3,0.15063
SYDE1,-0.19864
SYDE2,-0.033664
SYF2,0.071337
SYK,0.093267
SYMPK,0.24346
SYN1,-0.076449
SYN2,-0.11204
SYN3,-0.0015193
SYNC,0.1801
SYNCRIP,-0.083669
SYNDIG1,0.052611
SYNDIG1L,-0.02823
SYNE1,-0.00024681
SYNE2,0.095463
SYNE3,-0.066689
SYNE4,-0.052012
SYNGAP1,-0.065933
SYNGR1,-0.085859
SYNGR2,-0.026304
SYNGR3,0.086166
SYNGR4,0.0097322
SYNJ1,-0.039119
SYNJ2,0.012337
SYNJ2BP,0.053027
SYNJ2BP-COX16,-0.036058
SYNM,0.26433
SYNPO,-0.16973
SYNPO2,0.0012177
SYNPO2L,0.16024
SYNPR,-0.026458
SYNRG,0.15872
SYP,-0.011236
SYPL1,-0.032638
SYPL2,0.17681
SYS1,0.32639
SYT1,-0.13697
SYT10,0.058588
SYT11,-0.018924
SYT12,-0.018062
SYT13,0.0024331
SYT14,-0.078691
SYT15,0.087954
SYT16,-0.058569
SYT17,-0.069426
SYT2,-0.0011096
SYT3,-0.018775
SYT4,0.057078
SYT5,0.14098
SYT6,-0.050084
SYT7,0.039389
SYT8,0.11946
SYT9,-0.12681
SYTL1,-0.0017279
SYTL2,0.070296
SYTL3,-0.22278
SYTL4,0.22905
SYTL5,-0.11458
SYVN1,0.02407
SZRD1,-0.15698
SZT2,-0.14235
T,-0.015923
TAAR1,0.27551
TAAR2,0.15152
TAAR5,-0.0073489
TAAR6,-0.045119
TAAR8,0.10349
TAAR9,0.10984
TAB1,0.012098
TAB3,-0.054667
TAC1,0.0733
TAC3,0.090881
TAC4,-0.13296
TACC1,-0.10604
TACC2,0.073117
TACC3,0.019709
TACO1,0.045383
TACR1,-0.14128
TACR2,0.044019
TACR3,0.064813
TACSTD2,-0.0067667
TADA1,-0.062525
TADA2A,0.057335
TADA2B,0.034294
TADA3,0.052326
TAF1,0.25082
TAF10,0.33031
TAF11,0.13978
TAF12,0.28633
TAF13,0.12581
TAF15,0.089704
TAF1A,0.17626
TAF1B,0.0018581
TAF1C,0.58082
TAF1D,0.43385
TAF1L,-0.041783
TAF2,0.55185
TAF3,0.19187
TAF4,0.36175
TAF4B,0.066279
TAF5,0.20796
TAF5L,-0.033443
TAF6,1.3359
TAF6L,-0.058762
TAF7,0.072846
TAF7L,-0.24382
TAF8,0.38146
TAF9,-0.095668
TAF9B,-0.17434
TAGAP,-0.06928
TAGLN,0.095318
TAGLN2,-0.094779
TAGLN3,-0.21481
TAL1,-0.037531
TAL2,-0.14458
TALDO1,-0.10717
TAMM41,0.10384
TANC1,0.030833
TANC2,-0.10167
TANGO2,0.077286
TANGO6,0.38931
TANK,-0.1838
TAOK1,-0.081804
TAOK2,0.080057
TAOK3,0.023038
TAP1,0.078646
TAP2,0.045756
TAPBP,0.0055359
TAPBPL,-0.27134
TAPT1,0.0051223
TARBP1,0.15686
TARBP2,-0.019327
TARDBP,0.036737
TARM1,-0.04632
TARP,-0.173
TARS,0.47323
TARS2,0.031454
TARSL2,0.0023814
TAS1R1,-0.15411
TAS1R2,0.0053996
TAS1R3,0.10421
TAS2R1,-0.086467
TAS2R10,0.031749
TAS2R13,-0.096754
TAS2R14,0.0012972
TAS2R16,-0.038674
TAS2R19,-0.19297
TAS2R20,-0.053027
TAS2R3,-0.046821
TAS2R30,0.076791
TAS2R31,0.1409
TAS2R38,-0.051541
TAS2R39,-0.04168
TAS2R4,0.011605
TAS2R40,-0.12193
TAS2R41,-0.048342
TAS2R42,0.017719
TAS2R43,0.16629
TAS2R46,-0.0040582
TAS2R5,0.067516
TAS2R50,-0.10489
TAS2R60,0.24822
TAS2R7,0.0084754
TAS2R8,0.15098
TAS2R9,0.0041953
TASP1,0.077123
TAT,-0.080449
TATDN1,0.07529
TATDN2,-0.17587
TATDN3,-0.051515
TAX1BP1,-0.064131
TAX1BP3,-0.019399
TAZ,-0.032694
TBATA,0.033583
TBC1D1,-0.066511
TBC1D10A,0.0038226
TBC1D10B,-0.26921
TBC1D10C,-0.042758
TBC1D12,-0.10061
TBC1D13,0.025329
TBC1D14,-0.17363
TBC1D15,-0.026251
TBC1D16,0.0057216
TBC1D17,0.10315
TBC1D19,0.075082
TBC1D2,-0.012493
TBC1D20,0.05467
TBC1D21,-0.044119
TBC1D22A,-0.077098
TBC1D22B,0.19104
TBC1D23,0.067156
TBC1D24,0.044766
TBC1D25,-0.01798
TBC1D26,0.016371
TBC1D28,0.015359
TBC1D29,-0.036441
TBC1D2B,-0.030316
TBC1D3,-0.018927
TBC1D30,0.0012547
TBC1D31,0.031087
TBC1D32,-0.12557
TBC1D3B,0.081661
TBC1D3C,0.15043
TBC1D3F,0.014302
TBC1D3H,0.068727
TBC1D3K,-0.0030544
TBC1D3L,0.086563
TBC1D4,-0.031595
TBC1D5,-0.12388
TBC1D7,0.050102
TBC1D8,0.10195
TBC1D8B,0.021932
TBC1D9,-0.068366
TBCA,-0.16214
TBCB,0.15204
TBCC,0.051805
TBCCD1,0.097474
TBCD,0.078296
TBCE,0.2718
TBCEL,-0.079366
TBCK,0.17168
TBK1,0.072573
TBKBP1,-0.023908
TBL1X,0.097814
TBL1XR1,-0.30026
TBL1Y,-0.18857
TBL2,0.02131
TBL3,0.35066
TBP,0.15604
TBPL1,-0.21576
TBPL2,-0.047275
TBR1,0.011166
TBRG1,-0.059577
TBRG4,0.062896
TBX1,-0.091133
TBX10,0.13947
TBX15,0.10522
TBX18,-0.079805
TBX19,-0.0061393
TBX2,-0.086713
TBX20,0.029825
TBX21,0.17377
TBX22,-0.12557
TBX3,0.20035
TBX4,0.097614
TBX5,0.18514
TBX6,-0.13518
TBXA2R,-0.064264
TBXAS1,-0.023263
TC2N,0.044603
TCAF1,-0.078838
TCAF2,0.15006
TCAIM,-0.12861
TCAP,0.019037
TCEA1,0.0031407
TCEA2,-0.047101
TCEA3,0.08436
TCEAL1,0.14239
TCEAL2,-0.032244
TCEAL3,-0.036544
TCEAL4,-0.041848
TCEAL5,-0.073778
TCEAL6,-0.034122
TCEAL7,0.020857
TCEAL8,0.093972
TCEANC,0.082721
TCEANC2,-0.15457
TCEB1,0.060421
TCEB2,-0.53673
TCEB3,-0.042366
TCEB3B,0.088454
TCEB3C,-0.043404
TCEB3CL2,-0.095262
TCERG1,0.032861
TCERG1L,0.0067292
TCF12,-0.075938
TCF15,-0.12549
TCF19,-0.016988
TCF20,-0.068036
TCF21,0.031609
TCF23,0.026952
TCF24,-0.12967
TCF25,0.1417
TCF3,-0.099201
TCF4,0.37325
TCF7,0.096536
TCF7L1,0.046284
TCF7L2,0.02089
TCFL5,-0.18809
TCHH,0.06473
TCHHL1,0.17318
TCHP,-0.098505
TCIRG1,0.070779
TCL1A,0.040825
TCL1B,-0.0062612
TCN1,-0.066755
TCN2,-0.10196
TCOF1,0.18867
TCP1,0.26212
TCP10,-0.1002
TCP10L,-0.018913
TCP10L2,-0.09749
TCP11,-0.073022
TCP11L1,-0.029053
TCP11L2,0.0058711
TCP11X2,-0.062837
TCTA,-0.19246
TCTE1,0.037244
TCTE3,0.10978
TCTEX1D1,-0.17666
TCTEX1D2,0.037029
TCTEX1D4,-0.068784
TCTN1,-0.030792
TCTN2,-0.021399
TCTN3,-0.25529
TDG,0.071531
TDGF1,-0.093302
TDO2,0.10135
TDP1,-0.018949
TDP2,0.079081
TDRD1,0.050121
TDRD10,-0.010147
TDRD12,-0.21365
TDRD3,0.05129
TDRD5,-0.15169
TDRD6,-0.019418
TDRD7,0.038524
TDRD9,0.099398
TDRKH,0.065143
TDRP,-0.029534
TEAD1,0.0055611
TEAD2,-0.077452
TEAD3,0.023228
TEAD4,0.23537
TEC,0.099988
TECPR1,-0.081724
TECPR2,0.058475
TECR,0.088814
TECRL,0.082903
TECTA,-0.13508
TECTB,-0.11011
TEDDM1,-0.16073
TEF,0.061753
TEFM,-0.061531
TEK,-0.023517
TEKT1,-0.069692
TEKT2,-0.067308
TEKT3,-0.022351
TEKT4,-0.011455
TEKT5,0.048573
TELO2,0.47448
TEN1,-0.20695
TENM1,0.00018522
TENM2,-0.033531
TENM3,-0.18165
TENM4,0.012719
TEP1,-0.0993
TEPP,-0.142
TERF1,-0.076073
TERF2,0.042296
TERF2IP,0.01245
TERT,-0.024738
TES,0.1643
TESC,0.084389
TESK1,-0.078291
TESK2,0.024676
TESPA1,-0.14327
TET1,-0.10096
TET2,-0.15085
TET3,-0.063405
TEX10,0.70182
TEX101,-0.017041
TEX11,-0.0057088
TEX12,-0.1261
TEX13A,-0.047143
TEX13B,0.095256
TEX14,-0.084218
TEX15,-0.045036
TEX19,0.015392
TEX2,-0.011519
TEX22,-0.11016
TEX26,-0.084907
TEX261,-0.025698
TEX264,0.078265
TEX28,-0.093075
TEX29,0.085599
TEX30,-0.071972
TEX33,-0.021026
TEX35,0.011351
TEX36,-0.068313
TEX37,-0.0078333
TEX38,0.039427
TEX40,0.067628
TEX43,0.001798
TEX9,-0.084483
TF,-0.021231
TFAM,-0.065778
TFAP2A,0.021586
TFAP2B,-0.055295
TFAP2C,0.081047
TFAP2D,0.027419
TFAP2E,0.029624
TFAP4,-0.054807
TFB1M,-0.091771
TFB2M,-0.0088256
TFCP2,0.078822
TFCP2L1,-0.045703
TFDP1,0.24891
TFDP2,0.24592
TFDP3,0.13293
TFE3,0.025963
TFEB,-0.13686
TFEC,-0.21011
TFF1,-0.029509
TFF2,0.02021
TFF3,0.0049363
TFG,-0.057169
TFIP11,0.036945
TFPI,-0.10559
TFPI2,-0.14081
TFPT,0.065155
TFR2,0.031689
TFRC,0.19569
TG,-0.12371
TGDS,-0.0662
TGFA,-0.12919
TGFB1,0.046225
TGFB1I1,0.072608
TGFB2,-0.22683
TGFB3,0.011757
TGFBI,-0.095911
TGFBR1,-0.17051
TGFBR2,-0.0024942
TGFBR3,-0.039939
TGFBR3L,-0.047553
TGFBRAP1,-0.017221
TGIF1,-0.1407
TGIF2,-0.034855
TGIF2-C20orf24,-0.010164
TGIF2LX,-0.058791
TGIF2LY,-0.094934
TGM1,0.096398
TGM2,-0.084035
TGM3,0.054455
TGM4,0.093011
TGM5,0.063826
TGM6,0.030166
TGM7,0.0022728
TGOLN2,-0.0081008
TGS1,0.10573
TH,0.028883
THADA,0.10018
THAP1,-0.010537
THAP10,0.013173
THAP11,0.45821
THAP2,0.06672
THAP3,-0.078011
THAP4,-0.11764
THAP5,0.13854
THAP6,0.028089
THAP7,0.021261
THAP8,0.021696
THAP9,0.077706
THBD,0.19946
THBS2,-0.11489
THBS3,-0.21872
THBS4,0.064846
THEG,-0.0025381
THEG5,0.28221
THEGL,-0.027141
THEM4,-0.028432
THEM5,0.014336
THEM6,-0.094728
THEMIS,0.17758
THEMIS2,-0.15984
THG1L,-0.026604
THNSL1,-0.1543
THNSL2,-0.0097364
THOC1,-0.0038416
THOC2,0.0030012
THOC3,0.31371
THOC5,-0.086844
THOC6,0.055119
THOC7,-0.017442
THOP1,0.075305
THPO,-0.11703
THRA,-0.011024
THRAP3,0.022811
THRB,0.041695
THRSP,-0.11166
THSD1,-0.06272
THSD4,0.091478
THSD7A,-0.033505
THSD7B,0.12561
THTPA,0.082815
THUMPD1,-0.047736
THUMPD2,-0.010638
THUMPD3,-0.0032318
THY1,-0.13407
THYN1,0.020251
TIA1,0.030405
TIAF1,0.059854
TIAL1,-0.18622
TIAM1,-0.042794
TIAM2,-0.1533
TICAM1,-0.10192
TICAM2,-0.047891
TICRR,-0.010711
TIE1,0.015174
TIFA,-0.15162
TIFAB,-0.020993
TIGAR,-0.12
TIGD1,0.037879
TIGD2,-0.092432
TIGD3,0.021981
TIGD4,-0.093271
TIGD5,0.077371
TIGD6,1.422e-05
TIGD7,-0.0035663
TIGIT,0.18831
TIMD4,-0.025297
TIMELESS,0.011706
TIMM10,0.089114
TIMM10B,-0.093027
TIMM13,0.20614
TIMM17A,-0.077589
TIMM17B,-0.10871
TIMM21,-0.010888
TIMM22,0.12208
TIMM23,0.21726
TIMM23B,-0.069578
TIMM44,0.060474
TIMM50,0.13281
TIMM8A,-0.00099758
TIMM8B,-0.054612
TIMM9,0.06554
TIMMDC1,-0.11874
TIMP1,-0.1131
TIMP2,0.15742
TIMP3,-0.0091095
TIMP4,0.023048
TINAG,-0.097637
TINAGL1,-0.27843
TINF2,0.20135
TIPARP,-0.15052
TIPIN,0.013036
TIPRL,0.006823
TIRAP,-0.059796
TJAP1,-0.057752
TJP1,0.12206
TJP2,0.092479
TJP3,0.013394
TK1,-0.054439
TK2,-0.071637
TKFC,0.011964
TKT,0.13667
TKTL1,-0.057465
TKTL2,0.11091
TLCD1,-0.022558
TLCD2,0.014392
TLDC1,0.014971
TLDC2,0.025717
TLE1,-0.14372
TLE2,-0.05076
TLE3,-0.035037
TLE4,0.1179
TLE6,-0.1532
TLK1,-0.047947
TLK2,0.033885
TLL1,-0.044835
TLL2,-0.067266
TLN1,0.17803
TLN2,-0.031341
TLR1,-0.01034
TLR10,-0.054598
TLR2,0.0006277
TLR3,0.13214
TLR4,-0.06799
TLR5,0.17437
TLR6,0.090005
TLR7,0.0094935
TLR8,-0.18297
TLR9,-0.015201
TLX1,0.11506
TLX2,-0.15356
TLX3,0.060445
TM2D1,0.10648
TM2D2,0.14445
TM2D3,0.15069
TM4SF1,0.072305
TM4SF18,-0.0050777
TM4SF19,-0.032819
TM4SF20,0.13945
TM4SF4,-0.12265
TM4SF5,0.023613
TM6SF1,-0.010995
TM6SF2,0.031084
TM7SF2,0.0055086
TM7SF3,0.010829
TM9SF1,-0.062108
TM9SF2,0.016181
TM9SF3,0.038999
TM9SF4,0.25026
TMA16,0.12578
TMA7,0.062432
TMBIM1,0.035505
TMBIM4,0.016492
TMBIM6,-0.084959
TMC1,-0.048841
TMC2,-0.011878
TMC3,0.068336
TMC4,0.13451
TMC5,0.15816
TMC6,-0.10183
TMC7,0.077865
TMC8,-0.12576
TMCC1,0.043929
TMCC2,0.076824
TMCC3,0.06166
TMCO1,0.041354
TMCO2,0.026426
TMCO3,0.081189
TMCO4,0.074442
TMCO5A,-0.062921
TMCO6,0.023784
TMED1,-0.11657
TMED10,0.13481
TMED2,0.23116
TMED3,-0.035711
TMED4,-0.081603
TMED5,0.1307
TMED6,-0.0077858
TMED7,-0.038398
TMED7-TICAM2,-0.047244
TMED8,0.024356
TMED9,-0.090621
TMEFF1,0.14788
TMEM100,-0.00026385
TMEM101,0.026458
TMEM102,-0.0031942
TMEM104,-0.14119
TMEM105,0.020103
TMEM106A,-0.050354
TMEM106B,-0.10606
TMEM106C,-0.0038241
TMEM107,-0.013147
TMEM108,-0.00095664
TMEM109,-0.11341
TMEM11,0.042956
TMEM110,-0.15414
TMEM110-MUSTN1,0.044851
TMEM114,-0.078464
TMEM115,0.091267
TMEM116,-0.056746
TMEM117,-0.081584
TMEM119,0.086144
TMEM120A,-0.28805
TMEM120B,-0.035672
TMEM121,0.072193
TMEM123,-0.068819
TMEM125,0.01214
TMEM126A,-0.14715
TMEM126B,0.048244
TMEM127,0.23773
TMEM128,0.0090128
TMEM129,0.12477
TMEM130,-0.00356
TMEM131,0.07725
TMEM132A,-0.0056125
TMEM132B,0.079546
TMEM132C,0.01644
TMEM132D,0.10952
TMEM132E,-0.014196
TMEM133,0.14247
TMEM134,-0.025655
TMEM135,-0.017404
TMEM136,0.099765
TMEM138,0.090147
TMEM139,-0.22913
TMEM140,-0.050297
TMEM141,-0.1237
TMEM143,0.040668
TMEM144,0.049693
TMEM145,0.0026769
TMEM147,-0.060557
TMEM14A,0.14792
TMEM14B,-0.037965
TMEM14E,0.10668
TMEM150A,0.10399
TMEM150B,0.027026
TMEM150C,0.011088
TMEM151A,-0.11467
TMEM151B,-0.1107
TMEM154,-0.13471
TMEM155,-0.20601
TMEM156,-0.11889
TMEM158,0.10565
TMEM159,0.096703
TMEM160,-0.053033
TMEM161A,-0.17567
TMEM161B,-0.050009
TMEM163,-0.06503
TMEM164,0.080448
TMEM165,-0.19224
TMEM167A,0.044197
TMEM167B,-0.072215
TMEM168,-0.1003
TMEM169,-0.19208
TMEM17,0.060205
TMEM170A,-0.019437
TMEM170B,0.059558
TMEM171,-0.015319
TMEM173,-0.048118
TMEM174,-0.14444
TMEM175,0.08877
TMEM176A,0.054041
TMEM176B,-0.048585
TMEM177,-0.011899
TMEM178A,0.022517
TMEM178B,0.11486
TMEM179,0.0024824
TMEM179B,0.17984
TMEM18,0.21508
TMEM180,0.020575
TMEM181,-0.034449
TMEM182,0.075851
TMEM183A,-0.1322
TMEM183B,0.0053783
TMEM184A,-0.085233
TMEM184B,-0.14394
TMEM184C,0.1004
TMEM185A,0.078493
TMEM185B,-0.037122
TMEM186,-0.094544
TMEM187,-0.0072571
TMEM189,-0.03975
TMEM189-UBE2V1,-0.042588
TMEM19,0.027008
TMEM190,-0.0012606
TMEM191B,0.052408
TMEM191C,0.0074351
TMEM192,-0.011536
TMEM194A,-0.113
TMEM194B,0.010336
TMEM196,0.0089579
TMEM198,-0.033154
TMEM199,0.15016
TMEM2,-0.12895
TMEM200A,0.041106
TMEM200B,0.0013254
TMEM200C,-0.03071
TMEM201,-0.0049024
TMEM202,0.058485
TMEM203,0.004176
TMEM204,-0.013883
TMEM205,0.065467
TMEM206,-0.079968
TMEM207,-0.017531
TMEM208,0.21226
TMEM209,0.13912
TMEM210,-0.039457
TMEM211,0.042527
TMEM212,-0.18299
TMEM213,0.023628
TMEM214,0.015278
TMEM215,-0.016606
TMEM216,-0.070423
TMEM217,0.00050519
TMEM218,0.034572
TMEM219,-0.040226
TMEM220,-0.014126
TMEM221,-0.15143
TMEM222,-0.95942
TMEM223,-0.081916
TMEM225,-0.072686
TMEM229A,0.015256
TMEM229B,0.087825
TMEM230,0.033667
TMEM231,-0.16974
TMEM232,0.084522
TMEM233,-0.1846
TMEM234,0.049909
TMEM235,-0.13408
TMEM236,-0.11425
TMEM237,-0.11767
TMEM238,0.066933
TMEM239,0.024871
TMEM240,0.14629
TMEM241,0.051332
TMEM242,-0.11332
TMEM243,-0.0088001
TMEM244,0.11407
TMEM245,-0.093751
TMEM246,-0.071804
TMEM247,0.055206
TMEM248,-0.124
TMEM249,0.056398
TMEM25,-0.0036109
TMEM251,0.05493
TMEM252,0.21376
TMEM253,0.038689
TMEM254,0.010606
TMEM255A,-0.035123
TMEM255B,0.0083652
TMEM256,0.011245
TMEM257,-0.081099
TMEM258,0.3244
TMEM259,0.03715
TMEM26,-0.12062
TMEM260,-0.13527
TMEM261,-0.072489
TMEM262,0.058266
TMEM263,0.079588
TMEM265,0.018432
TMEM27,-0.0013899
TMEM30A,0.15262
TMEM30B,-0.011724
TMEM31,-0.027837
TMEM33,0.021027
TMEM35,0.0043076
TMEM37,-0.11814
TMEM38A,0.068881
TMEM38B,0.10214
TMEM39A,-0.069493
TMEM39B,-0.045528
TMEM40,0.053436
TMEM41A,-0.023957
TMEM41B,0.25243
TMEM42,0.17257
TMEM43,-0.028013
TMEM44,0.084252
TMEM45A,0.057724
TMEM45B,-0.22463
TMEM47,-0.0182
TMEM5,0.025622
TMEM50A,-0.011402
TMEM50B,0.031469
TMEM51,0.033472
TMEM52,0.00057652
TMEM52B,-0.025
TMEM53,-0.091677
TMEM54,-0.088078
TMEM55A,-0.067627
TMEM55B,-0.10766
TMEM56,0.049364
TMEM56-RWDD3,-0.070393
TMEM57,-0.029985
TMEM59L,-0.026027
TMEM60,0.13597
TMEM61,-0.078378
TMEM62,-0.014782
TMEM63A,-0.041393
TMEM63B,0.0046521
TMEM63C,0.0090787
TMEM64,0.027536
TMEM65,0.21878
TMEM67,0.060918
TMEM68,-0.0047511
TMEM69,0.043031
TMEM70,-0.0019364
TMEM71,0.022121
TMEM72,-0.098793
TMEM74,-0.01165
TMEM74B,-0.080545
TMEM79,-0.04303
TMEM80,-0.01939
TMEM81,0.0018366
TMEM82,0.023062
TMEM86A,0.15373
TMEM86B,-0.0094676
TMEM87A,-0.11151
TMEM87B,-0.25442
TMEM88,-0.02836
TMEM88B,-0.12943
TMEM89,-0.10013
TMEM8A,0.15386
TMEM8B,-0.015992
TMEM8C,-0.058059
TMEM9,-0.025727
TMEM91,0.11676
TMEM92,-0.017746
TMEM95,-0.050736
TMEM97,0.14248
TMEM98,0.066123
TMEM99,0.017592
TMEM9B,-0.035399
TMF1,0.041417
TMIE,0.0043641
TMIGD1,0.032118
TMIGD2,0.06601
TMIGD3,0.049984
TMLHE,0.057979
TMOD1,-0.054048
TMOD2,0.1468
TMOD3,0.022494
TMOD4,0.032765
TMPO,0.1926
TMPPE,-0.15919
TMPRSS11A,-0.21805
TMPRSS11B,-0.076716
TMPRSS11D,-0.032231
TMPRSS11E,-0.056246
TMPRSS11F,0.010519
TMPRSS12,-0.17677
TMPRSS13,0.053882
TMPRSS15,-0.047677
TMPRSS2,-0.077926
TMPRSS3,-0.10558
TMPRSS4,0.060005
TMPRSS5,-0.048886
TMPRSS6,-0.043647
TMPRSS7,-0.001528
TMPRSS9,-0.021907
TMSB10,0.05189
TMSB15A,-0.02359
TMSB15B,-0.16608
TMSB4X,-0.012009
TMSB4Y,0.022244
TMTC1,-0.085322
TMTC2,-0.10021
TMTC3,0.093356
TMTC4,-0.17875
TMUB1,-0.14558
TMUB2,-0.017814
TMX1,0.49683
TMX2,0.24554
TMX3,0.097201
TMX4,-0.10595
TNC,-0.12981
TNF,-0.046653
TNFAIP1,0.093015
TNFAIP2,-0.23663
TNFAIP3,-0.45373
TNFAIP6,0.05215
TNFAIP8,0.14372
TNFAIP8L1,-0.025848
TNFAIP8L2,0.019003
TNFAIP8L2-SCNM1,-0.024757
TNFAIP8L3,-0.04308
TNFRSF10A,0.015003
TNFRSF10B,-0.0068888
TNFRSF10C,0.033478
TNFRSF10D,0.082773
TNFRSF11A,-0.0023178
TNFRSF11B,-0.13402
TNFRSF12A,-0.017523
TNFRSF13B,-0.036301
TNFRSF13C,0.14402
TNFRSF14,0.075432
TNFRSF17,0.019224
TNFRSF18,-0.024271
TNFRSF19,-0.076881
TNFRSF1A,0.040825
TNFRSF1B,0.13345
TNFRSF21,-0.010133
TNFRSF25,-0.11737
TNFRSF4,0.1297
TNFRSF6B,-0.13484
TNFRSF8,0.070087
TNFRSF9,0.0083147
TNFSF10,-0.085645
TNFSF11,-0.077242
TNFSF12,0.0077617
TNFSF12-TNFSF13,-0.077679
TNFSF13,-0.1224
TNFSF13B,-0.18616
TNFSF14,-0.075779
TNFSF15,-0.095028
TNFSF18,-0.054934
TNFSF4,0.072578
TNFSF8,0.13894
TNFSF9,-0.052886
TNIK,-0.019845
TNIP1,-0.45263
TNIP2,-0.1974
TNIP3,-0.09656
TNK1,-0.20591
TNK2,0.027169
TNKS,-0.18823
TNKS1BP1,-0.020537
TNKS2,-0.16105
TNMD,-0.075859
TNN,-0.098959
TNNC1,-0.030046
TNNC2,-0.04889
TNNI1,-0.0098408
TNNI2,0.062244
TNNI3,0.18798
TNNI3K,0.025399
TNNT1,0.015566
TNNT2,0.0014343
TNNT3,-0.055708
TNP1,0.12614
TNP2,0.08441
TNPO1,-0.01624
TNPO2,-0.14457
TNPO3,0.12688
TNR,-0.061816
TNRC18,0.11589
TNRC6A,-0.0054378
TNRC6B,-0.14395
TNRC6C,0.059005
TNS1,0.22589
TNS2,-0.15623
TNS3,-0.17422
TNS4,-0.068933
TNXB,-0.067768
TOB1,0.14917
TOB2,0.15309
TOE1,-0.046857
TOLLIP,-0.040026
TOM1,0.0467
TOM1L1,0.081314
TOM1L2,-0.035037
TOMM20,0.087566
TOMM20L,0.05076
TOMM22,0.25586
TOMM34,0.00037292
TOMM40,0.22717
TOMM40L,-0.11992
TOMM5,-0.15146
TOMM6,0.06749
TOMM7,-0.044987
TOMM70A,-0.20641
TONSL,-0.0040889
TOP1,0.088113
TOP1MT,0.0077156
TOP2A,0.10191
TOP2B,-0.19424
TOP3A,-0.06159
TOP3B,-0.024039
TOPAZ1,-0.043404
TOPBP1,0.085801
TOPORS,-0.020546
TOR1A,0.0084105
TOR1AIP1,0.0039768
TOR1AIP2,-0.039012
TOR1B,0.11187
TOR2A,0.22325
TOR3A,0.018779
TOR4A,0.012466
TOX,-0.00014089
TOX2,-0.067536
TOX3,-0.056221
TOX4,-0.041167
TP53,0.14503
TP53AIP1,-0.23938
TP53BP1,-0.037551
TP53BP2,0.050871
TP53I11,-0.051842
TP53I13,-0.03264
TP53I3,-0.019724
TP53INP1,0.17892
TP53INP2,0.019326
TP53RK,0.60585
TP53TG3,-0.052521
TP53TG3B,-0.052286
TP53TG3C,-0.11125
TP53TG3D,0.18348
TP53TG5,0.078604
TP63,-0.072216
TP73,-0.066688
TPBG,-0.008297
TPBGL,-0.076773
TPCN1,0.052668
TPCN2,-0.035301
TPD52,-0.098192
TPD52L1,-0.054269
TPD52L2,-0.043135
TPD52L3,0.0034111
TPGS1,0.048253
TPGS2,-0.06542
TPH1,0.1737
TPH2,0.02522
TPI1,0.029725
TPK1,0.097974
TPM1,0.121
TPM2,-0.18096
TPM3,0.074516
TPM4,0.063265
TPMT,0.037194
TPO,-0.12389
TPP1,-0.015985
TPP2,-0.14894
TPPP,-0.071549
TPPP2,-0.012256
TPPP3,-0.13247
TPR,0.16508
TPRA1,-0.0054031
TPRG1,0.066833
TPRG1L,-0.087057
TPRKB,0.10579
TPRN,0.067074
TPRX1,0.026937
TPSAB1,0.047288
TPSB2,0.013311
TPSD1,-0.037449
TPSG1,-0.10536
TPST1,0.13283
TPST2,-0.04335
TPT1,0.22589
TPTE,-0.079854
TPTE2,0.075687
TPX2,0.032357
TRA2A,-0.080144
TRA2B,-0.059733
TRABD,-0.10402
TRABD2A,-0.073876
TRABD2B,0.10133
TRADD,0.011297
TRAF1,0.13654
TRAF2,0.26525
TRAF3,0.081997
TRAF3IP1,-0.059283
TRAF3IP2,-0.10219
TRAF3IP3,0.10718
TRAF4,0.12009
TRAF5,0.11115
TRAF6,0.21556
TRAF7,-0.037972
TRAFD1,-0.037056
TRAIP,-0.051003
TRAK1,-0.13574
TRAK2,-0.095964
TRAM1,0.014444
TRAM1L1,0.13384
TRAM2,0.13
TRANK1,0.10194
TRAP1,-0.17175
TRAPPC1,0.22745
TRAPPC10,0.043673
TRAPPC11,0.18324
TRAPPC12,-0.0036243
TRAPPC13,-0.093949
TRAPPC2,0.028596
TRAPPC2L,-0.0094011
TRAPPC3,0.011961
TRAPPC3L,0.21498
TRAPPC4,0.21594
TRAPPC5,0.26513
TRAPPC6A,0.042732
TRAPPC6B,0.013891
TRAPPC8,-0.021076
TRAPPC9,0.03147
TRAT1,-0.032328
TRDMT1,0.075173
TRDN,0.04846
TREH,0.17701
TREM1,-0.10864
TREM2,-0.05579
TREML1,-0.046493
TREML2,-0.063664
TREML4,-0.12886
TRERF1,0.25664
TREX1,0.027346
TREX2,-0.07082
TRH,0.039222
TRHDE,0.019499
TRHR,0.20002
TRIAP1,0.090809
TRIB1,0.042768
TRIB2,-0.099895
TRIB3,-0.13274
TRIL,0.082911
TRIM10,-0.016233
TRIM11,-0.27953
TRIM13,-0.22572
TRIM14,-0.088917
TRIM15,0.0019238
TRIM16,0.093301
TRIM16L,0.036891
TRIM17,0.00016806
TRIM2,0.038469
TRIM21,0.0080466
TRIM22,-0.061776
TRIM23,0.054202
TRIM24,-0.048681
TRIM25,-0.098193
TRIM26,0.050522
TRIM27,0.16136
TRIM28,0.17045
TRIM29,0.14198
TRIM3,0.095252
TRIM31,-0.12254
TRIM32,0.041347
TRIM33,-0.10827
TRIM34,0.074406
TRIM35,-0.019885
TRIM36,-0.15161
TRIM37,-0.20446
TRIM38,-0.069842
TRIM39,-0.2255
TRIM39-RPP21,-0.070699
TRIM4,-0.028838
TRIM40,-0.083569
TRIM41,-0.080355
TRIM42,0.1872
TRIM43,0.20556
TRIM43B,0.10545
TRIM44,0.27833
TRIM45,0.025692
TRIM46,-0.0032338
TRIM47,-0.11235
TRIM48,0.15751
TRIM49,-0.077633
TRIM49B,0.070711
TRIM49C,0.14001
TRIM49D1,-0.051866
TRIM49D2,-0.010869
TRIM5,-0.10801
TRIM50,-0.092176
TRIM51,-0.077004
TRIM52,-0.045856
TRIM54,-0.046976
TRIM55,0.04971
TRIM56,-0.074335
TRIM58,0.036594
TRIM59,-0.087454
TRIM6,-0.1102
TRIM6-TRIM34,-0.032694
TRIM60,0.057009
TRIM61,-0.00099207
TRIM62,0.13657
TRIM63,0.0042869
TRIM64,-0.044921
TRIM64B,0.001905
TRIM64C,0.020355
TRIM65,-0.038218
TRIM66,-0.0025474
TRIM67,0.11862
TRIM68,-0.13268
TRIM69,0.050922
TRIM7,0.058665
TRIM71,0.0455
TRIM72,-0.20059
TRIM73,-0.0063821
TRIM74,-0.11704
TRIM77,0.089754
TRIM8,-0.10293
TRIM9,-0.0088607
TRIML1,-0.086721
TRIML2,-0.060929
TRIO,-0.080468
TRIOBP,0.011092
TRIP10,0.041208
TRIP11,0.015379
TRIP12,-0.10939
TRIP13,-0.026704
TRIP4,0.019882
TRIP6,0.15538
TRIQK,-0.045574
TRIT1,-0.16414
TRMT1,0.17085
TRMT10A,-0.055546
TRMT10B,0.038242
TRMT10C,-0.10311
TRMT11,0.071496
TRMT112,1.1678
TRMT12,-0.10706
TRMT13,-0.072709
TRMT1L,0.13677
TRMT2A,-0.058153
TRMT2B,0.13953
TRMT44,0.057435
TRMT5,0.10669
TRMT6,0.049402
TRMT61A,-0.044216
TRMT61B,0.17298
TRMU,-0.045759
TRNAU1AP,-0.066329
TRNP1,-0.044831
TRNT1,0.16849
TRO,0.023469
TROAP,-0.048424
TROVE2,-0.048711
TRPA1,-0.031762
TRPC1,0.049405
TRPC3,0.12429
TRPC4,0.13424
TRPC4AP,0.19464
TRPC5,-0.19608
TRPC5OS,-0.027688
TRPC6,0.014008
TRPC7,-0.19856
TRPM1,0.0033229
TRPM2,0.1595
TRPM3,-0.010246
TRPM4,0.051834
TRPM5,-0.13865
TRPM6,-0.061457
TRPM7,0.18575
TRPM8,-0.045939
TRPS1,0.067855
TRPT1,0.007546
TRPV1,-0.085129
TRPV2,0.03078
TRPV3,-0.038786
TRPV4,-0.090913
TRPV5,-0.16173
TRPV6,0.095597
TRRAP,0.075883
TRUB1,0.00098437
TRUB2,-0.020997
TSACC,0.14008
TSC1,-0.25347
TSC2,-0.32014
TSC22D1,0.016732
TSC22D2,0.14805
TSC22D3,-0.032164
TSC22D4,-0.14166
TSEN15,-0.031725
TSEN2,0.15253
TSEN34,0.32451
TSEN54,0.049442
TSFM,0.13273
TSG101,-0.11608
TSGA10,0.083038
TSGA10IP,-0.18431
TSGA13,-0.013399
TSHB,-0.13128
TSHR,-0.078271
TSHZ1,-0.048079
TSHZ2,0.019089
TSHZ3,0.082823
TSKS,-0.12482
TSKU,-0.16529
TSLP,0.016754
TSN,-0.071774
TSNARE1,0.03023
TSNAX,0.19199
TSNAXIP1,0.12924
TSPAN1,0.027721
TSPAN10,-0.040224
TSPAN11,-0.021981
TSPAN12,0.10204
TSPAN13,-0.13459
TSPAN14,-0.15987
TSPAN15,-0.19426
TSPAN16,0.10299
TSPAN17,-0.19795
TSPAN18,-0.03248
TSPAN19,0.031362
TSPAN2,-0.07599
TSPAN3,0.048425
TSPAN31,0.06617
TSPAN32,0.055665
TSPAN33,-0.020112
TSPAN4,-0.03244
TSPAN5,-0.089751
TSPAN6,-0.21601
TSPAN7,-0.076447
TSPAN8,-0.12875
TSPAN9,-0.10742
TSPEAR,0.062701
TSPO,0.067267
TSPO2,-1.4953e-05
TSPY1,0.016675
TSPY10,0.10164
TSPY2,-0.021608
TSPY3,0.074412
TSPY4,0.062058
TSPY8,0.051075
TSPYL1,-0.057593
TSPYL2,0.10819
TSPYL4,0.10344
TSPYL5,-0.040549
TSPYL6,-0.12138
TSR1,0.19824
TSR2,0.64118
TSR3,-0.16063
TSSC1,0.057834
TSSC4,-0.093589
TSSK1B,0.0050962
TSSK2,0.035709
TSSK3,-0.043952
TSSK4,-0.11075
TSSK6,0.10997
TST,-0.024602
TSTA3,0.10754
TSTD1,0.022546
TSTD2,-0.027978
TSTD3,0.05839
TTBK1,-0.22518
TTBK2,-0.050439
TTC1,0.0817
TTC12,-0.037625
TTC13,-0.09755
TTC14,-0.044168
TTC16,0.0025646
TTC17,0.079233
TTC19,-0.059584
TTC21A,0.047451
TTC21B,0.065282
TTC22,-0.08023
TTC23,-0.047748
TTC23L,0.1391
TTC24,-0.048232
TTC25,-0.083129
TTC26,0.0056333
TTC27,0.59604
TTC28,-0.005183
TTC29,-0.13064
TTC3,0.092083
TTC30A,0.11258
TTC30B,0.03696
TTC31,0.01093
TTC32,-0.031823
TTC33,-0.15214
TTC34,-0.015571
TTC36,0.048089
TTC37,0.13683
TTC38,0.18374
TTC39A,-0.084039
TTC39B,0.069135
TTC39C,0.012223
TTC4,0.031532
TTC5,-0.02229
TTC7A,-0.024066
TTC7B,-0.070888
TTC8,-0.17179
TTC9,0.082128
TTC9B,0.037597
TTC9C,-0.11044
TTF1,0.12389
TTF2,-0.011356
TTI1,0.1308
TTI2,0.49595
TTK,-0.075406
TTL,-0.11198
TTLL1,-0.14103
TTLL10,0.02788
TTLL11,0.051718
TTLL12,-0.056947
TTLL2,-0.1223
TTLL3,0.021326
TTLL4,0.016414
TTLL5,-0.048251
TTLL6,0.080329
TTLL7,0.031794
TTLL9,-0.0017671
TTN,-0.10184
TTPA,0.027392
TTPAL,-0.071102
TTR,0.0044702
TTYH1,-0.1299
TTYH2,0.069612
TTYH3,-0.12426
TUB,-0.054596
TUBA1A,0.22363
TUBA1B,0.20315
TUBA1C,0.10546
TUBA3C,-0.073858
TUBA3D,0.087024
TUBA3E,-0.03094
TUBA4A,-0.097371
TUBA8,-0.32
TUBAL3,0.10452
TUBB,0.14395
TUBB1,0.14377
TUBB2A,-0.14018
TUBB2B,-0.096268
TUBB3,-0.062724
TUBB4A,-0.080243
TUBB4B,0.057976
TUBB6,-0.045371
TUBB8,0.24381
TUBD1,0.043534
TUBE1,-0.087313
TUBG1,0.0241
TUBG2,-0.12739
TUBGCP2,0.21511
TUBGCP3,0.052547
TUBGCP4,0.049902
TUBGCP5,0.1946
TUBGCP6,-0.049254
TUFM,0.080409
TUFT1,-0.10853
TULP1,-0.063081
TULP2,-0.071071
TULP3,0.0019675
TULP4,0.094795
TUSC1,-0.065707
TUSC2,-0.22258
TUSC3,-0.068442
TUSC5,-0.01343
TUT1,0.037404
TVP23A,0.33602
TVP23B,-0.064951
TVP23C,-0.11884
TVP23C-CDRT4,-0.0703
TWF1,0.026521
TWF2,0.043315
TWIST1,-0.16934
TWISTNB,0.19615
TWSG1,0.00042314
TXK,0.071206
TXLNA,-0.021343
TXLNB,-0.029379
TXLNG,-0.072887
TXN,0.40262
TXN2,-0.18381
TXNDC11,0.082923
TXNDC12,-0.037617
TXNDC15,-0.084552
TXNDC16,-0.017487
TXNDC17,0.0192
TXNDC2,-0.040315
TXNDC5,-0.094992
TXNDC8,0.057059
TXNDC9,-0.022669
TXNIP,0.25117
TXNL1,0.11475
TXNL4B,0.25779
TXNRD1,0.19719
TXNRD2,-0.069818
TXNRD3,0.047501
TXNRD3NB,0.001334
TYK2,-0.017591
TYMP,-0.092692
TYMS,0.14936
TYMSOS,-0.057885
TYR,-0.093974
TYRO3,-0.005885
TYROBP,0.045611
TYRP1,-0.083996
TYSND1,-0.068692
TYW1,-0.05128
TYW1B,-0.043323
TYW3,0.14337
TYW5,0.096214
U2AF1,0.28505
U2AF1L4,0.078858
U2AF2,0.038951
U2SURP,0.077368
UACA,-0.16285
UAP1,0.051673
UAP1L1,-0.080808
UBA1,0.34107
UBA2,0.11893
UBA3,0.060533
UBA5,-0.15338
UBA52,0.19455
UBA6,-0.35457
UBA7,0.0055242
UBAC1,-0.073164
UBAC2,-0.044752
UBALD1,0.16493
UBALD2,0.12019
UBAP1,-0.0036597
UBAP1L,0.077087
UBAP2,-0.13308
UBAP2L,-0.10706
UBASH3A,-0.53987
UBASH3B,-0.042805
UBB,-0.036379
UBC,0.11112
UBD,-0.01172
UBE2A,-0.22001
UBE2B,0.0094451
UBE2C,-0.11155
UBE2D1,-0.0031033
UBE2D2,0.045853
UBE2D3,-0.024123
UBE2D4,-0.13006
UBE2E1,-0.26164
UBE2E2,0.014536
UBE2E3,0.13558
UBE2F,-0.24306
UBE2G1,0.037411
UBE2G2,-0.013757
UBE2H,0.13817
UBE2I,0.22451
UBE2J1,0.023467
UBE2J2,-0.22474
UBE2K,0.19277
UBE2L3,-0.11172
UBE2L6,0.069395
UBE2M,0.27254
UBE2N,-0.053982
UBE2O,0.075021
UBE2Q1,-0.0023724
UBE2Q2,-0.012273
UBE2Q2L,0.17116
UBE2QL1,-0.16886
UBE2R2,0.083177
UBE2S,-0.044358
UBE2T,0.071976
UBE2U,-0.074201
UBE2V1,-0.20076
UBE2W,0.11166
UBE2Z,-0.2352
UBE3A,-0.020227
UBE3B,0.066975
UBE3C,0.093537
UBE3D,-0.11909
UBE4A,-0.069685
UBE4B,0.028275
UBFD1,0.082806
UBIAD1,0.1216
UBL3,0.16067
UBL4A,-0.03248
UBL4B,-0.0076996
UBL5,0.16676
UBL7,0.055272
UBLCP1,-0.06008
UBN1,0.089929
UBN2,-0.10752
UBOX5,-0.16373
UBP1,-0.08273
UBQLN1,-0.26268
UBQLN2,-0.013827
UBQLN3,0.019432
UBQLN4,0.1006
UBQLNL,0.042375
UBR1,-0.042458
UBR2,-0.05738
UBR3,-0.17108
UBR4,-0.081088
UBR5,-0.20959
UBR7,-0.077459
UBTD1,-0.13584
UBTD2,-0.13186
UBTF,0.079119
UBTFL1,-0.11967
UBXN1,0.083231
UBXN10,-0.029654
UBXN11,-0.10984
UBXN2A,-0.024893
UBXN2B,-0.011848
UBXN4,-0.055429
UBXN6,0.072337
UBXN7,-0.065934
UBXN8,0.092196
UCHL1,0.04508
UCHL3,-0.029556
UCHL5,-0.23649
UCK1,-0.025998
UCK2,0.11307
UCKL1,-0.035498
UCMA,0.026789
UCN,0.053756
UCN2,0.038568
UCN3,-0.001358
UCP1,0.02625
UCP2,-0.063019
UCP3,0.0043067
UEVLD,0.045944
UFC1,-0.097468
UFD1L,0.17485
UFL1,0.016079
UFM1,-0.05
UFSP1,0.044767
UFSP2,0.056016
UGCG,-0.086213
UGDH,-0.12441
UGGT1,0.07336
UGGT2,-0.19908
UGP2,-0.16228
UGT1A1,0.054587
UGT1A10,0.02308
UGT1A3,-0.084705
UGT1A4,0.10991
UGT1A5,-0.04781
UGT1A6,0.077103
UGT1A7,0.042599
UGT1A8,0.015107
UGT1A9,-0.034789
UGT2A1,0.0095299
UGT2A2,-0.028817
UGT2A3,0.016918
UGT2B10,0.093907
UGT2B11,-0.082324
UGT2B15,0.09885
UGT2B17,0.088848
UGT2B28,-0.13732
UGT2B4,0.037438
UGT2B7,0.0080641
UGT3A1,-0.032796
UGT3A2,-0.0098303
UGT8,-0.10243
UHMK1,0.0031732
UHRF1,0.18093
UHRF1BP1,-0.026621
UHRF1BP1L,0.077039
UHRF2,0.076397
UIMC1,-0.089541
ULBP1,0.066434
ULBP2,-0.028967
ULBP3,-0.07312
ULK1,0.17979
ULK2,0.057436
ULK3,0.030811
ULK4,0.026527
UMAD1,-0.05874
UMOD,-0.11603
UMODL1,-0.063242
UMPS,0.050481
UNC119,-0.056486
UNC119B,-0.10541
UNC13A,-0.051045
UNC13B,0.0034545
UNC13C,-0.09541
UNC13D,-0.13702
UNC45A,0.058509
UNC45B,-0.053856
UNC50,-0.057801
UNC5A,0.11704
UNC5B,0.034793
UNC5C,0.057961
UNC5CL,-0.027083
UNC5D,-0.10026
UNC79,0.060356
UNC80,0.27049
UNC93A,-0.051286
UNC93B1,0.24754
UNCX,-0.11734
UNG,0.17877
UNK,0.0014266
UNKL,0.091173
UPB1,0.021286
UPF1,0.1755
UPF2,-0.088831
UPF3A,-0.16389
UPF3B,-0.092386
UPK1A,-0.090757
UPK1B,-0.054688
UPK2,-0.079148
UPK3A,-0.094278
UPK3BL,0.0017907
UPP1,0.058729
UPP2,-0.072968
UPRT,-0.12694
UQCC1,-0.051581
UQCC2,-0.020158
UQCC3,-0.08512
UQCR10,-0.079035
UQCR11,-0.049381
UQCRB,0.086037
UQCRC1,-0.10709
UQCRC2,-0.074292
UQCRFS1,-0.030923
UQCRH,-0.14243
UQCRHL,0.086406
UQCRQ,0.032488
URAD,-0.0020036
URB1,0.11734
URB2,0.083587
URGCP,0.082946
URGCP-MRPS24,-0.16938
URI1,0.41722
URM1,0.23358
UROC1,-0.050538
UROD,-0.028337
UROS,0.031284
USB1,0.011516
USE1,0.0099493
USF1,-0.042971
USF2,0.25398
USH1C,-0.02185
USH1G,0.071817
USH2A,0.043175
USHBP1,0.081409
USMG5,-0.072022
USO1,0.12944
USP1,0.079479
USP10,0.10266
USP11,0.054938
USP12,0.11989
USP13,-0.08351
USP14,-0.054641
USP15,-0.098119
USP16,-0.027262
USP17L1,-0.028763
USP17L10,-0.1572
USP17L11,0.027949
USP17L12,0.053481
USP17L13,0.068091
USP17L15,-0.049396
USP17L17,0.059083
USP17L18,0.035494
USP17L19,0.114
USP17L2,-0.082366
USP17L20,0.1141
USP17L21,-0.11015
USP17L22,-0.075526
USP17L24,-0.001141
USP17L25,-0.063218
USP17L26,0.071465
USP17L27,-0.038897
USP17L28,-0.15558
USP17L29,-0.091325
USP17L3,-0.011294
USP17L30,-0.18481
USP17L4,0.053039
USP17L5,0.15555
USP17L7,-0.10601
USP17L8,-0.034441
USP18,-0.10322
USP19,-0.023394
USP2,0.041504
USP20,-0.020897
USP21,0.13368
USP22,-0.051351
USP24,0.31584
USP25,-0.11456
USP26,-0.061311
USP27X,0.044519
USP28,-0.045636
USP29,0.067573
USP3,-0.17547
USP30,0.0030246
USP31,-0.0083481
USP32,-0.001628
USP33,-0.056194
USP34,-0.030846
USP35,-0.034945
USP36,0.43624
USP37,0.16188
USP38,0.066255
USP39,0.18558
USP4,-0.28337
USP40,0.13615
USP42,-0.093473
USP43,-0.01157
USP44,0.052936
USP45,-0.00050289
USP46,0.0099336
USP47,0.056561
USP48,-0.17108
USP49,0.11536
USP5,0.10363
USP50,0.0016445
USP51,-0.014749
USP53,-0.059229
USP54,0.031857
USP6,0.021896
USP6NL,-0.056062
USP7,-0.14905
USP8,0.13165
USP9X,0.023133
USP9Y,0.020214
USPL1,0.074186
UST,0.050572
UTF1,-0.1099
UTP11L,0.24177
UTP14A,0.23939
UTP14C,0.010828
UTP15,0.23941
UTP18,0.24167
UTP20,0.30993
UTP23,0.25557
UTP3,0.55712
UTP6,0.50552
UTRN,-0.23489
UTS2B,-0.023192
UTS2R,-0.071232
UTY,-0.012047
UVRAG,-0.088976
UVSSA,-0.098056
UXS1,-0.22197
UXT,0.21788
VAC14,-0.063768
VAMP1,0.040843
VAMP2,-0.0083118
VAMP3,0.047955
VAMP4,0.14981
VAMP5,0.040183
VAMP7,0.018197
VAMP8,-0.031194
VANGL1,-0.0079968
VANGL2,0.075371
VAPA,0.028312
VAPB,0.17316
VARS,1.05
VARS2,0.097384
VASH1,-0.013858
VASH2,-0.15163
VASN,-0.044464
VASP,0.22288
VAT1,-0.030347
VAT1L,0.087778
VAV1,1.6458
VAV2,-0.052282
VAV3,-0.042585
VAX1,-0.043003
VBP1,0.057755
VCAM1,0.12529
VCAN,-0.11488
VCL,-0.025504
VCP,0.081344
VCPIP1,0.025078
VCPKMT,-0.26345
VCX,-0.012273
VCX2,0.0029901
VCX3A,-0.032431
VCX3B,-0.11435
VCY,-0.068112
VCY1B,-0.077485
VDAC1,-0.013009
VDAC2,0.061695
VDAC3,0.12045
VDR,-0.045258
VEGFA,-0.13595
VEGFB,0.062512
VEGFC,-0.054538
VENTX,0.025819
VEPH1,-0.10226
VEZF1,-0.20636
VEZT,0.13962
VGF,-0.015053
VGLL1,0.10094
VGLL2,-0.014251
VGLL3,-0.065943
VGLL4,0.10821
VHL,0.69381
VHLL,-0.11586
VIL1,0.045508
VILL,-0.090392
VIM,0.048432
VIMP,-0.1047
VIP,-0.00052631
VIPAS39,0.028656
VIPR1,-0.046952
VIPR2,-0.071346
VIT,0.010493
VKORC1,-0.014199
VKORC1L1,-0.19753
VLDLR,0.057858
VMA21,0.22303
VMAC,0.018664
VMO1,-0.066769
VMP1,0.0027899
VN1R1,-0.098901
VN1R2,0.034045
VN1R4,-0.011361
VN1R5,0.0066637
VNN1,-0.095401
VNN2,-0.038438
VNN3,-0.11816
VOPP1,0.04983
VPRBP,0.37202
VPREB1,-0.001626
VPREB3,0.07642
VPS11,0.20597
VPS13A,0.19463
VPS13B,-0.02204
VPS13C,-0.11519
VPS13D,0.18569
VPS16,0.34254
VPS18,0.087422
VPS25,0.27515
VPS26A,0.013896
VPS26B,-0.072875
VPS28,0.074287
VPS29,0.10225
VPS33A,0.079053
VPS33B,0.10243
VPS35,0.37188
VPS36,-0.040333
VPS37A,0.1715
VPS37B,-0.197
VPS37C,0.085767
VPS37D,-0.22948
VPS39,0.15045
VPS41,0.0089085
VPS45,-0.066936
VPS4A,-0.077997
VPS4B,0.03992
VPS51,0.27921
VPS52,0.25734
VPS53,0.10688
VPS54,-0.017862
VPS72,0.045853
VPS8,0.070583
VPS9D1,0.25621
VRK1,0.01436
VRK2,0.084713
VRK3,0.13214
VRTN,0.11861
VSIG1,0.0013037
VSIG10,-0.027566
VSIG10L,0.01287
VSIG2,-0.038672
VSIG4,-0.13291
VSIG8,-0.059256
VSNL1,0.0099159
VSTM1,-0.049622
VSTM2A,-0.032241
VSTM2B,-0.076579
VSTM2L,-0.063875
VSTM4,0.01307
VSTM5,-0.027901
VSX1,-0.10494
VSX2,-0.10001
VTA1,0.012699
VTCN1,-0.060294
VTI1A,-0.061635
VTI1B,0.11304
VTN,-0.1765
VWA1,0.00852
VWA2,0.16272
VWA3A,0.060646
VWA3B,-0.0071326
VWA5A,0.096208
VWA5B1,-0.070192
VWA5B2,-0.028354
VWA7,-0.13226
VWA8,0.022485
VWA9,0.13809
VWC2,-0.075977
VWC2L,-0.052841
VWCE,-0.02741
VWDE,0.073871
VWF,0.13886
WAC,0.06616
WAPAL,0.17963
WARS,0.16159
WARS2,-0.010542
WAS,0.31977
WASF1,-0.14536
WASF2,-0.13948
WASF3,0.10699
WASH1,0.62323
WASL,-0.0064092
WBP1,0.041525
WBP11,-0.066557
WBP1L,-0.013697
WBP2,0.047477
WBP2NL,0.12873
WBP4,0.14817
WBP5,0.037336
WBSCR16,-0.13031
WBSCR17,0.13636
WBSCR22,0.088581
WBSCR27,-0.18906
WBSCR28,-0.057321
WDFY1,0.18443
WDFY2,0.052711
WDFY3,-0.024678
WDFY4,-0.11632
WDHD1,0.26406
WDPCP,-0.0368
WDR1,-0.028901
WDR11,0.13564
WDR12,0.11063
WDR13,-0.088421
WDR17,-0.13408
WDR18,0.45896
WDR19,0.01695
WDR20,0.33116
WDR24,0.2073
WDR25,0.21082
WDR26,0.23408
WDR27,0.049487
WDR3,0.25868
WDR31,0.001959
WDR33,0.16976
WDR34,0.046666
WDR35,-0.055755
WDR36,0.068437
WDR37,0.058012
WDR38,0.10997
WDR4,0.069083
WDR41,-0.0021609
WDR43,0.31715
WDR44,-0.069904
WDR45B,0.099203
WDR46,0.43097
WDR47,-0.13866
WDR48,-0.050133
WDR49,0.11775
WDR5,-0.017137
WDR53,0.11493
WDR54,-0.13481
WDR55,0.088552
WDR59,0.075904
WDR5B,0.083014
WDR6,0.16533
WDR60,0.025479
WDR61,0.029759
WDR62,0.1541
WDR63,-0.24772
WDR64,0.016176
WDR66,0.10073
WDR7,0.13258
WDR70,0.093023
WDR72,0.11581
WDR73,0.07732
WDR74,0.17499
WDR75,0.020106
WDR76,-0.061489
WDR77,0.43736
WDR78,0.019458
WDR81,-0.077569
WDR82,-0.029508
WDR83,0.088408
WDR83OS,-0.029189
WDR86,-0.041233
WDR87,0.11944
WDR88,0.051463
WDR89,-0.071894
WDR90,-0.020598
WDR91,-0.18628
WDR92,0.10312
WDR93,0.056829
WDSUB1,0.018988
WDTC1,0.13777
WDYHV1,-0.062384
WEE1,0.10728
WEE2,0.0082033
WFDC1,0.072428
WFDC10A,0.068707
WFDC10B,-0.082462
WFDC11,0.12532
WFDC12,-0.074046
WFDC13,0.078891
WFDC2,-0.026643
WFDC3,-0.18474
WFDC5,-0.11583
WFDC6,-0.22416
WFDC8,-0.099978
WFDC9,-0.0090988
WFIKKN1,-0.064439
WFIKKN2,-0.00087044
WFS1,-0.084789
WHAMM,-0.14895
WHSC1,-0.11198
WHSC1L1,-0.026823
WI2-2373I1.2,-0.09032
WIBG,-0.014654
WIF1,-0.096802
WIPF1,0.078775
WIPF2,-0.048994
WIPF3,-0.16241
WIPI1,0.012997
WIPI2,-0.01123
WISP1,-0.078292
WISP2,-0.091273
WISP3,0.0059905
WIZ,0.077603
WLS,-0.016855
WNK1,0.3354
WNK2,-0.024324
WNK3,-0.042405
WNK4,-0.12965
WNT1,-0.11307
WNT10A,-0.081116
WNT10B,-0.07184
WNT11,0.06395
WNT16,-0.093732
WNT2,-0.21664
WNT2B,-0.20532
WNT3,-0.18682
WNT3A,-0.084381
WNT4,-0.0028477
WNT5A,-0.36279
WNT5B,-0.10431
WNT6,-0.039833
WNT7A,0.14156
WNT7B,-0.050306
WNT8A,-0.12132
WNT8B,0.009818
WNT9A,0.016909
WNT9B,-0.034006
WRAP53,-0.10935
WRAP73,-0.024606
WRB,-0.15761
WRN,-0.041152
WRNIP1,0.24264
WSB1,0.078662
WSB2,-0.038551
WSCD1,-0.014528
WSCD2,-0.23166
WT1,-0.12624
WTAP,-0.016422
WTH3DI,0.060768
WTIP,-0.11193
WWC1,-0.12267
WWC2,0.082786
WWC3,-0.11368
WWOX,-0.13187
WWP1,-0.002541
WWP2,-0.027823
WWTR1,-0.036159
XAB2,0.11688
XAF1,-0.12902
XAGE1B,0.015843
XAGE1E,0.040329
XAGE2,-0.07067
XAGE3,0.0081972
XAGE5,-0.079858
XBP1,0.048164
XCL1,0.031692
XCL2,0.15248
XCR1,0.073633
XDH,-0.064532
XG,0.0096997
XIAP,0.16232
XIRP1,-0.042262
XIRP2,-0.080027
XK,0.061762
XKR3,0.15341
XKR4,-0.021625
XKR5,-0.10881
XKR6,0.066934
XKR7,-0.12601
XKR8,-0.090028
XKR9,-0.13873
XKRX,-0.046392
XKRY,-0.087958
XKRY2,-0.05699
XPA,-0.082063
XPC,-0.042007
XPNPEP1,-0.0081546
XPNPEP2,0.0081541
XPNPEP3,0.12376
XPO1,0.39248
XPO4,-0.19208
XPO5,0.097224
XPO6,0.08467
XPO7,-0.026443
XPOT,-0.021518
XPR1,0.31664
XRCC1,-0.12188
XRCC2,-0.0717
XRCC3,0.22131
XRCC4,0.018095
XRCC5,0.32851
XRCC6,0.34085
XRCC6BP1,-0.053927
XRN1,-0.1535
XRN2,0.19369
XRRA1,-0.006068
XXYLT1,-0.1775
XYLB,0.010164
XYLT1,-0.0045991
XYLT2,-0.13086
YAE1D1,0.46045
YAF2,-0.068553
YAP1,0.056549
YARS,0.36462
YARS2,-0.30496
YBEY,-0.032067
YBX1,0.2282
YBX2,-0.19591
YBX3,0.010811
YDJC,-0.018876
YEATS2,0.069015
YEATS4,0.040932
YES1,0.072139
YIF1A,-0.012101
YIF1B,-0.096878
YIPF1,-0.056183
YIPF2,0.060161
YIPF3,0.068062
YIPF4,-0.078938
YIPF5,0.056527
YIPF6,0.096963
YIPF7,0.027116
YJEFN3,-0.14481
YKT6,0.18317
YLPM1,0.041637
YME1L1,-0.084488
YOD1,-0.010862
YPEL1,0.048817
YPEL2,0.20015
YPEL3,-0.054314
YPEL4,0.10022
YPEL5,0.21587
YRDC,0.3089
YTHDC1,-0.088354
YTHDC2,0.058151
YTHDF1,-0.1803
YTHDF2,-0.067682
YTHDF3,-0.038142
YWHAB,0.1034
YWHAE,0.031664
YWHAG,0.06388
YWHAH,0.17491
YWHAQ,0.026779
YWHAZ,0.46954
YY1,0.22044
YY1AP1,0.053918
YY2,0.03679
ZACN,0.049559
ZADH2,-0.01363
ZAK,0.032608
ZAN,0.12788
ZAP70,0.23389
ZAR1,0.020463
ZAR1L,-0.0028086
ZASP,0.11452
ZBBX,0.049843
ZBED1,0.0084769
ZBED2,0.031813
ZBED3,-0.066977
ZBED4,-0.1135
ZBED5,0.093838
ZBED6,-0.034957
ZBED6CL,-0.00046463
ZBED8,-0.109
ZBED9,-0.068562
ZBP1,-0.21141
ZBTB1,0.1237
ZBTB10,0.040435
ZBTB11,0.11687
ZBTB12,-0.11946
ZBTB14,-0.038972
ZBTB16,-0.041898
ZBTB17,0.11397
ZBTB18,0.071612
ZBTB2,0.087477
ZBTB20,-0.041254
ZBTB21,0.051057
ZBTB22,-0.080081
ZBTB24,0.098021
ZBTB25,-0.10286
ZBTB26,-0.075654
ZBTB3,-0.068164
ZBTB32,-0.062936
ZBTB33,0.15016
ZBTB34,-0.01423
ZBTB37,-0.067334
ZBTB38,-0.010745
ZBTB39,-0.050152
ZBTB4,-0.00010416
ZBTB40,0.16936
ZBTB41,-0.077207
ZBTB43,0.04382
ZBTB44,0.13083
ZBTB45,0.045151
ZBTB46,-0.11543
ZBTB47,-0.19037
ZBTB48,-0.084181
ZBTB49,-0.14397
ZBTB5,-0.025028
ZBTB6,0.18341
ZBTB7A,-0.14797
ZBTB7B,0.048066
ZBTB7C,-0.033937
ZBTB8A,-0.11067
ZBTB8B,0.073984
ZBTB8OS,0.69052
ZBTB9,0.087167
ZC2HC1A,0.033241
ZC2HC1B,-0.026025
ZC2HC1C,-0.054853
ZC3H10,-0.14257
ZC3H11A,0.1908
ZC3H12A,-0.38951
ZC3H12B,0.037258
ZC3H12C,0.011223
ZC3H12D,-0.010667
ZC3H13,0.14725
ZC3H14,-0.077165
ZC3H15,0.051602
ZC3H18,0.0090493
ZC3H3,-0.020247
ZC3H4,-0.038464
ZC3H6,0.099347
ZC3H7A,0.30313
ZC3H7B,0.052791
ZC3H8,0.11467
ZC3HAV1,-0.058408
ZC3HAV1L,-0.00038976
ZC3HC1,0.030837
ZC4H2,0.04937
ZCCHC10,-0.0096119
ZCCHC11,0.033307
ZCCHC12,-0.0070714
ZCCHC13,-0.10104
ZCCHC14,-0.019807
ZCCHC16,0.028746
ZCCHC17,-0.060725
ZCCHC18,-0.073331
ZCCHC2,0.0055742
ZCCHC24,0.035987
ZCCHC3,-0.20141
ZCCHC4,0.038159
ZCCHC5,0.093721
ZCCHC6,0.077826
ZCCHC7,-0.090316
ZCCHC8,0.35295
ZCCHC9,0.16223
ZCRB1,0.33293
ZCWPW1,-0.10314
ZCWPW2,0.045547
ZDBF2,-0.1564
ZDHHC1,-0.13656
ZDHHC11,0.10164
ZDHHC12,-0.062605
ZDHHC13,-0.061621
ZDHHC14,-0.044185
ZDHHC15,-0.027566
ZDHHC16,-0.035713
ZDHHC17,0.06636
ZDHHC18,0.032169
ZDHHC19,-0.098169
ZDHHC2,0.11588
ZDHHC20,-0.060834
ZDHHC21,-0.041848
ZDHHC22,0.041389
ZDHHC23,-0.21351
ZDHHC24,-0.018076
ZDHHC3,-0.071478
ZDHHC4,-0.0033008
ZDHHC5,0.082046
ZDHHC6,0.23316
ZDHHC7,-0.16083
ZDHHC8,0.0034422
ZDHHC9,-0.027237
ZEB1,-0.094815
ZEB2,0.045902
ZER1,0.005662
ZFAND1,0.14156
ZFAND2A,0.0029637
ZFAND2B,-0.018183
ZFAND3,-0.045903
ZFAND4,0.0060993
ZFAND5,0.066169
ZFAND6,0.077825
ZFAT,0.10878
ZFC3H1,0.20222
ZFHX2,-0.039337
ZFHX3,0.11762
ZFHX4,-0.062403
ZFP1,0.014137
ZFP14,-0.080161
ZFP2,0.058076
ZFP28,-0.074831
ZFP3,-0.074178
ZFP30,0.0048068
ZFP36,0.19165
ZFP36L1,-0.34595
ZFP36L2,-0.075135
ZFP37,-0.091812
ZFP41,-0.00027435
ZFP42,0.04608
ZFP57,-0.057591
ZFP62,-0.026111
ZFP64,-0.02174
ZFP69,-0.063308
ZFP69B,-0.033104
ZFP82,-0.00975
ZFP91,0.037165
ZFP92,-0.052208
ZFPL1,-0.066093
ZFPM1,-0.17347
ZFPM2,-0.083449
ZFR,-0.078083
ZFR2,-0.12278
ZFX,0.054139
ZFY,0.048914
ZFYVE1,0.10171
ZFYVE16,-0.053279
ZFYVE19,-0.092604
ZFYVE21,0.036698
ZFYVE26,-0.068676
ZFYVE27,0.23792
ZFYVE28,-0.16344
ZFYVE9,0.0014463
ZG16,0.055469
ZG16B,0.12185
ZGLP1,-0.09051
ZGPAT,0.015378
ZGRF1,0.13634
ZHX1,0.02646
ZHX1-C8orf76,-0.068396
ZHX2,0.026796
ZHX3,-0.093345
ZIC1,-0.042922
ZIC2,-0.18128
ZIC3,-0.025833
ZIC4,-0.049761
ZIC5,-0.0063563
ZIK1,0.068292
ZIM2,-0.026026
ZIM3,-0.082903
ZKSCAN1,0.09739
ZKSCAN2,0.039627
ZKSCAN3,0.032867
ZKSCAN4,-0.061022
ZKSCAN5,0.088569
ZKSCAN7,-0.027888
ZKSCAN8,-0.11679
ZMAT1,-0.0075291
ZMAT2,0.12567
ZMAT3,-0.0666
ZMAT4,-0.017439
ZMAT5,0.14654
ZMIZ1,0.034171
ZMIZ2,-0.10526
ZMPSTE24,0.0012083
ZMYM1,0.025275
ZMYM2,-0.039976
ZMYM3,0.087799
ZMYM4,-0.17815
ZMYM5,-0.0081852
ZMYM6,-0.15534
ZMYM6NB,-0.11841
ZMYND10,-0.072361
ZMYND11,0.1022
ZMYND12,-0.062017
ZMYND15,0.068382
ZMYND19,0.17331
ZMYND8,-0.069347
ZNF10,-0.11887
ZNF100,0.10053
ZNF101,0.022211
ZNF106,-0.037392
ZNF107,0.0026341
ZNF112,0.065421
ZNF114,0.43938
ZNF117,0.08781
ZNF12,0.067143
ZNF121,-0.034778
ZNF124,-0.082922
ZNF131,0.39394
ZNF132,-0.00052946
ZNF133,0.070327
ZNF134,-0.14824
ZNF135,-0.043893
ZNF136,-0.10305
ZNF138,-0.043
ZNF14,0.066371
ZNF140,-0.10434
ZNF141,0.13143
ZNF142,0.060615
ZNF143,-0.016279
ZNF146,-0.0046651
ZNF148,-0.069863
ZNF154,0.051364
ZNF155,0.058162
ZNF157,-0.029745
ZNF16,0.051409
ZNF160,-0.093315
ZNF165,0.093953
ZNF169,-0.097715
ZNF17,-0.011504
ZNF174,0.031336
ZNF175,-0.056006
ZNF177,-0.056048
ZNF18,-0.22424
ZNF180,-0.1123
ZNF181,0.057551
ZNF182,0.043063
ZNF184,-0.072462
ZNF185,-0.056317
ZNF189,-0.034226
ZNF19,0.0015558
ZNF195,-0.083722
ZNF197,-0.14008
ZNF2,0.0084321
ZNF20,-0.15233
ZNF200,0.13102
ZNF202,-0.10473
ZNF205,0.042488
ZNF207,-0.091198
ZNF208,0.052618
ZNF211,0.12783
ZNF212,0.025672
ZNF213,-0.13984
ZNF214,-0.12041
ZNF215,0.031284
ZNF217,-0.14206
ZNF219,0.16379
ZNF22,-0.066963
ZNF221,0.096239
ZNF222,0.010015
ZNF223,0.022904
ZNF224,-0.043685
ZNF225,-0.019974
ZNF226,0.065344
ZNF227,0.036592
ZNF229,0.064184
ZNF23,-0.16482
ZNF230,-0.11004
ZNF232,-0.054616
ZNF233,0.090563
ZNF234,0.02665
ZNF235,0.13415
ZNF236,0.17321
ZNF239,0.039161
ZNF24,-0.093427
ZNF248,0.069728
ZNF25,0.066631
ZNF250,0.015175
ZNF251,0.14433
ZNF253,-0.21139
ZNF254,0.037631
ZNF256,0.053637
ZNF257,-0.13164
ZNF26,-0.024717
ZNF260,0.12008
ZNF263,-0.093886
ZNF264,0.085475
ZNF266,0.064515
ZNF267,-0.067654
ZNF268,-0.0014257
ZNF273,0.15945
ZNF274,-0.031341
ZNF275,-0.20493
ZNF276,0.00010896
ZNF277,-0.031512
ZNF28,-0.0045383
ZNF280A,-0.11086
ZNF280B,-0.091452
ZNF280C,0.055227
ZNF280D,0.13261
ZNF281,0.14673
ZNF282,0.13481
ZNF283,-0.088646
ZNF284,0.10795
ZNF285,0.089555
ZNF286A,0.06797
ZNF286B,-0.026072
ZNF287,0.11874
ZNF292,0.12949
ZNF296,0.083176
ZNF3,-0.052804
ZNF30,0.038905
ZNF300,0.011408
ZNF302,-0.048272
ZNF304,-0.095822
ZNF311,0.020418
ZNF316,0.051964
ZNF317,-0.12676
ZNF318,-0.10977
ZNF319,-0.16344
ZNF32,-0.0018451
ZNF320,-0.1464
ZNF322,0.093397
ZNF324,0.054624
ZNF324B,0.21959
ZNF326,-0.089228
ZNF329,-0.12731
ZNF330,-0.016394
ZNF331,-0.024323
ZNF333,0.067628
ZNF334,-0.10379
ZNF335,0.032794
ZNF337,-0.020367
ZNF33A,-0.098617
ZNF34,-0.019628
ZNF341,0.1034
ZNF343,-0.028535
ZNF345,-0.11303
ZNF346,0.0046258
ZNF347,0.055903
ZNF35,-0.024276
ZNF350,0.15186
ZNF354A,-0.19754
ZNF354B,0.19643
ZNF354C,0.047888
ZNF358,-0.11566
ZNF362,0.030058
ZNF365,0.024082
ZNF366,0.083354
ZNF367,0.13517
ZNF37A,-0.11991
ZNF382,0.044263
ZNF383,0.053909
ZNF384,0.083186
ZNF385A,0.0093157
ZNF385B,0.071433
ZNF385C,0.049961
ZNF385D,-0.14993
ZNF391,-0.086235
ZNF394,-0.011933
ZNF395,-0.09752
ZNF396,0.079845
ZNF397,0.028464
ZNF398,0.12974
ZNF404,-0.037617
ZNF407,0.083557
ZNF408,0.01784
ZNF41,0.012505
ZNF410,0.075804
ZNF414,-0.01259
ZNF415,-0.018725
ZNF416,0.058673
ZNF417,-0.079476
ZNF418,-0.12665
ZNF419,-0.11011
ZNF420,0.074186
ZNF423,-0.12585
ZNF425,0.20914
ZNF426,-0.0042493
ZNF428,0.030892
ZNF429,0.12647
ZNF43,0.095195
ZNF430,-0.022061
ZNF431,0.021519
ZNF432,-0.00078274
ZNF433,-0.038015
ZNF436,-0.0093667
ZNF438,0.057674
ZNF439,0.05637
ZNF44,-0.15888
ZNF440,0.075983
ZNF441,0.0098814
ZNF442,0.019483
ZNF443,0.011197
ZNF444,0.10756
ZNF445,0.024806
ZNF446,0.032901
ZNF449,0.0056144
ZNF45,0.20354
ZNF451,-0.0072872
ZNF454,-0.0047952
ZNF460,-0.043702
ZNF461,0.069381
ZNF462,0.060262
ZNF467,-0.081536
ZNF468,0.080249
ZNF469,0.0017671
ZNF470,-0.092105
ZNF471,-0.18856
ZNF473,-0.02403
ZNF474,0.068763
ZNF479,0.077415
ZNF48,-0.0051731
ZNF480,0.011645
ZNF483,-0.036524
ZNF484,0.001078
ZNF485,-0.15706
ZNF486,-0.019105
ZNF488,0.10859
ZNF490,-0.11407
ZNF491,0.026966
ZNF492,0.25501
ZNF493,-0.13912
ZNF496,-0.16783
ZNF497,0.19663
ZNF500,-0.09663
ZNF501,-0.22895
ZNF502,-0.21889
ZNF503,0.032825
ZNF506,0.092958
ZNF507,-0.0021014
ZNF510,0.19466
ZNF511,0.041082
ZNF512,-0.020681
ZNF512B,-0.065573
ZNF513,-0.11909
ZNF514,-0.10022
ZNF516,-0.063851
ZNF517,-0.026347
ZNF518A,0.025222
ZNF518B,-0.039145
ZNF519,0.09095
ZNF521,0.017524
ZNF524,-0.017246
ZNF526,-0.065386
ZNF527,-0.081914
ZNF528,0.074906
ZNF529,0.046468
ZNF530,0.010359
ZNF532,-0.09712
ZNF534,-0.083053
ZNF536,-0.11281
ZNF540,-0.013048
ZNF541,-0.042062
ZNF543,-0.0071655
ZNF544,-0.12463
ZNF546,-0.089148
ZNF547,0.1124
ZNF548,-0.055514
ZNF549,-0.01905
ZNF550,-0.035903
ZNF551,0.026912
ZNF552,-0.062973
ZNF554,0.029959
ZNF555,0.17014
ZNF556,-0.0083547
ZNF557,-0.2375
ZNF558,-0.011152
ZNF559,-0.037323
ZNF559-ZNF177,-0.063958
ZNF560,-0.073051
ZNF561,-0.061945
ZNF562,-0.071379
ZNF563,0.040781
ZNF564,-0.0077383
ZNF565,0.060837
ZNF566,0.15502
ZNF567,-0.059475
ZNF568,-0.11932
ZNF569,-0.014072
ZNF57,-0.073244
ZNF570,0.066034
ZNF571,-0.096506
ZNF572,-0.13842
ZNF573,-0.048495
ZNF574,0.14663
ZNF575,0.017223
ZNF576,-0.0044424
ZNF577,-0.13458
ZNF578,0.026152
ZNF579,-0.07871
ZNF580,0.051482
ZNF581,0.15401
ZNF582,-0.11481
ZNF583,-0.021964
ZNF584,0.089875
ZNF585A,0.0035841
ZNF585B,-0.036919
ZNF586,-0.0060725
ZNF587,-0.046864
ZNF587B,-0.08307
ZNF589,0.051937
ZNF592,-0.17415
ZNF593,0.049282
ZNF594,0.06502
ZNF595,-0.042278
ZNF596,0.077608
ZNF597,0.1085
ZNF598,-0.046218
ZNF599,-0.20631
ZNF600,-0.020794
ZNF605,-0.076387
ZNF606,-0.050355
ZNF607,0.11375
ZNF608,-0.15274
ZNF609,0.017002
ZNF610,-0.044717
ZNF611,-0.053831
ZNF613,0.054863
ZNF614,-0.15146
ZNF615,0.035384
ZNF616,0.086536
ZNF618,0.13326
ZNF619,0.17752
ZNF620,0.014898
ZNF621,0.02403
ZNF622,0.23211
ZNF623,-0.1553
ZNF624,-0.043567
ZNF625,-0.064151
ZNF626,0.37451
ZNF627,-0.018159
ZNF628,-0.20342
ZNF629,-0.19105
ZNF630,0.064969
ZNF638,-0.02343
ZNF639,0.081799
ZNF641,0.15636
ZNF644,0.16955
ZNF645,0.067589
ZNF646,-0.027861
ZNF648,0.096413
ZNF649,-0.075192
ZNF652,0.0033906
ZNF653,0.10342
ZNF654,0.10425
ZNF655,-0.18153
ZNF658,0.044906
ZNF660,-0.0024334
ZNF662,-0.023214
ZNF664,-0.10537
ZNF664-FAM101A,-0.10008
ZNF665,-0.037353
ZNF667,-0.014185
ZNF668,0.052761
ZNF669,0.11509
ZNF670,0.0095218
ZNF671,0.21677
ZNF672,-0.038177
ZNF674,0.16672
ZNF675,0.41022
ZNF676,-0.15588
ZNF677,-0.11262
ZNF678,0.024848
ZNF679,-0.00812
ZNF680,0.031234
ZNF681,-0.012697
ZNF682,-0.095294
ZNF683,0.10259
ZNF684,-0.18412
ZNF687,0.11463
ZNF688,-0.0091412
ZNF689,0.047723
ZNF69,-0.091021
ZNF691,-0.0090255
ZNF692,-0.095894
ZNF695,0.02467
ZNF696,-0.1451
ZNF697,-0.071574
ZNF699,-0.044487
ZNF7,0.015282
ZNF70,0.039996
ZNF700,-0.092166
ZNF701,0.042275
ZNF703,0.084162
ZNF704,-0.056044
ZNF705A,0.077862
ZNF705B,-0.017817
ZNF705D,-0.15879
ZNF705E,0.025794
ZNF705G,0.016314
ZNF706,-0.0027266
ZNF707,0.12183
ZNF708,-0.13305
ZNF709,0.039786
ZNF71,-0.06407
ZNF710,-0.055591
ZNF711,-0.13287
ZNF713,-0.057632
ZNF714,-0.11124
ZNF716,-0.024388
ZNF717,-0.099944
ZNF718,-0.060536
ZNF720,-0.089677
ZNF721,-0.036401
ZNF726,-0.081739
ZNF727,0.018466
ZNF728,-0.12918
ZNF729,0.11515
ZNF730,-0.071233
ZNF732,-0.034729
ZNF735,0.10478
ZNF736,-0.069121
ZNF737,-0.068264
ZNF74,0.12734
ZNF740,-0.0066361
ZNF746,0.019786
ZNF747,-0.0202
ZNF749,0.043058
ZNF750,0.035211
ZNF75A,-0.16514
ZNF75D,-0.053497
ZNF76,-0.016632
ZNF761,0.080134
ZNF763,0.025801
ZNF764,-0.096851
ZNF765,0.055037
ZNF766,-0.091514
ZNF768,-0.082378
ZNF77,-0.0089541
ZNF770,-0.025992
ZNF771,-0.12608
ZNF772,0.074585
ZNF773,-0.16551
ZNF774,-0.14143
ZNF775,0.12423
ZNF776,-0.17693
ZNF777,-0.059439
ZNF778,0.13888
ZNF780A,0.044223
ZNF780B,0.054833
ZNF781,0.042748
ZNF782,0.030043
ZNF783,-0.02717
ZNF784,0.0094774
ZNF785,0.31022
ZNF786,-0.12282
ZNF787,-0.079645
ZNF789,0.13052
ZNF79,0.15989
ZNF790,0.18492
ZNF791,-0.03023
ZNF792,0.059739
ZNF793,-0.05688
ZNF799,-0.13547
ZNF8,0.10194
ZNF80,-0.13486
ZNF800,0.027114
ZNF804A,0.16391
ZNF804B,0.088484
ZNF805,-0.012956
ZNF806,-0.036938
ZNF808,-0.1915
ZNF81,0.051194
ZNF812,-0.016967
ZNF813,-0.021369
ZNF814,0.023124
ZNF816,-0.010233
ZNF816-ZNF321P,0.089672
ZNF821,0.054475
ZNF823,0.018979
ZNF827,0.056475
ZNF829,0.049027
ZNF83,0.016842
ZNF830,0.16699
ZNF831,-0.10804
ZNF835,0.17891
ZNF836,-0.085034
ZNF837,-0.29969
ZNF84,0.0084618
ZNF841,0.010237
ZNF843,0.22269
ZNF844,0.039594
ZNF845,0.048851
ZNF846,-0.010455
ZNF85,0.055512
ZNF850,0.044989
ZNF852,0.11261
ZNF853,-0.06665
ZNF860,-0.0040926
ZNF862,0.051554
ZNF865,-0.077079
ZNF878,-0.033256
ZNF879,-0.071569
ZNF880,0.081654
ZNF883,0.13073
ZNF891,0.060629
ZNF90,0.18238
ZNF91,-0.021725
ZNF92,-0.024226
ZNF93,0.1186
ZNF98,0.085837
ZNF99,-0.02921
ZNFX1,0.053965
ZNHIT1,-0.0042967
ZNHIT2,0.45894
ZNHIT3,0.30043
ZNHIT6,0.42685
ZNRD1,0.3237
ZNRF2,-0.11785
ZNRF3,0.10168
ZNRF4,0.012339
ZP1,0.24198
ZP2,-0.045405
ZP3,-0.067636
ZP4,0.032292
ZPBP,0.052582
ZPBP2,0.052434
ZPLD1,-0.033925
ZPR1,0.39442
ZRANB1,0.1187
ZRANB2,-0.089389
ZRANB3,-0.051946
ZRSR2,0.3217
ZSCAN1,0.038302
ZSCAN10,-0.08667
ZSCAN12,0.021274
ZSCAN16,-0.0044212
ZSCAN18,0.091201
ZSCAN2,-0.16787
ZSCAN20,-0.050784
ZSCAN21,-0.019623
ZSCAN22,0.03367
ZSCAN23,0.19409
ZSCAN25,0.056878
ZSCAN26,-0.07628
ZSCAN29,-0.023494
ZSCAN30,-0.015829
ZSCAN31,-0.042918
ZSCAN32,-0.039014
ZSCAN4,-0.072546
ZSCAN5A,-0.13758
ZSCAN5B,0.049266
ZSCAN9,-0.040058
ZSWIM1,0.062436
ZSWIM2,0.093044
ZSWIM3,-0.011944
ZSWIM4,0.00055784
ZSWIM5,0.005638
ZSWIM6,0.020743
ZSWIM7,0.0831
ZSWIM8,-0.143
ZUFSP,0.13371
ZW10,-0.10388
ZWILCH,-0.11727
ZWINT,-0.051105
ZXDA,-0.24317
ZXDB,-0.030301
ZXDC,-0.10124
ZYG11A,-0.088961
ZYG11B,-0.038227
ZYX,-0.099517
ZZEF1,-0.016693
ZZZ3,0.034901
